<?xml version="1.0" encoding="utf-8"?>
<COLLADA xmlns="http://www.collada.org/2005/11/COLLADASchema" version="1.4.1">
  <asset>
    <created>2017-08-25T11:20:12Z</created>
    <modified>2017-08-25T11:20:13Z</modified>
  </asset>
  <library_images>
    <image id="Image">
      <init_from>chr208a01.png</init_from>
    </image>
  </library_images>
  <library_materials>
    <material id="VisualMaterial" name="chr208a01">
      <instance_effect url="#Effect"/>
      <extra>
        <technique profile="FCOLLADA">
          <user_properties>chr208a01</user_properties>
        </technique>
      </extra>
    </material>
  </library_materials>
  <library_effects>
    <effect id="Effect" name="Texture2D_chr208a01_png">
      <profile_COMMON>
        <newparam sid="Image-surface">
          <surface type="2D">
            <init_from>Image</init_from>
            <format>A8R8G8B8</format>
          </surface>
        </newparam>
        <newparam sid="Image-sampler">
          <sampler2D>
            <source>Image-surface</source>
            <wrap_s>WRAP</wrap_s>
            <wrap_t>WRAP</wrap_t>
            <minfilter>NONE</minfilter>
            <magfilter>NONE</magfilter>
            <mipfilter>NONE</mipfilter>
          </sampler2D>
        </newparam>
        <technique sid="common">
          <phong>
            <emission>
              <color>0 0 0 1</color>
            </emission>
            <ambient>
              <color>0 0 0 1</color>
            </ambient>
            <diffuse>
              <texture texture="Image-sampler" texcoord=""/>
            </diffuse>
            <specular>
              <color>1 1 1 1</color>
            </specular>
            <shininess>
              <float>0</float>
            </shininess>
            <transparent opaque="A_ONE">
              <color>0 0 0 1</color>
            </transparent>
            <transparency>
              <float>1</float>
            </transparency>
            <index_of_refraction>
              <float>1.55</float>
            </index_of_refraction>
          </phong>
          <extra>
            <technique profile="FCOLLADA">
              <spec_level>
                <float>0</float>
              </spec_level>
            </technique>
          </extra>
        </technique>
      </profile_COMMON>
      <extra>
        <technique profile="FCOLLADA">
          <user_properties>Texture2D%5Cchr208a01.png</user_properties>
        </technique>
      </extra>
    </effect>
  </library_effects>
  <library_geometries>
    <geometry id="Geometry" name="chr208">
      <mesh>
        <source id="GeometrySource" name="chr208Pos">
          <float_array id="GeometrySource-array" count="13296">0.027641 0.687596 0.186072 0.031886 0.691509 0.183831 0.029769 0.687487 0.18428 0.027666 0.691499 0.186695 0.028721 0.684917 0.184595 0.027483 0.684879 0.185664 0.02791 0.683201 0.185633 0.030376 0.687103 0.1873 0.029037 0.684716 0.186371 0.0281 0.686731 0.18871 0.0323 0.690302 0.188634 0.028514 0.689817 0.191187 0.027676 0.684473 0.187207 0.027483 0.684879 0.185664 0.027641 0.687596 0.186072 0.027666 0.691499 0.186695 0.040752 0.685157 0.167471 0.050573 0.69567 0.162574 0.045725 0.684629 0.164023 0.040573 0.696025 0.167763 0.043753 0.678875 0.165587 0.04124 0.678944 0.16732 0.042588 0.675291 0.167688 0.046411 0.684571 0.170957 0.050548 0.694182 0.173622 0.041178 0.683936 0.173556 0.044037 0.678876 0.169014 0.041586 0.693439 0.178369 0.040573 0.696025 0.167763 0.040752 0.685157 0.167471 0.04124 0.678944 0.16732 0.041415 0.678508 0.170326 0.052832 0.69166 0.147345 0.057116 0.695287 0.144493 0.055038 0.691312 0.145659 0.052802 0.695592 0.14715 0.054011 0.688814 0.146476 0.052724 0.688919 0.147507 0.053184 0.68726 0.147844 0.054301 0.689001 0.148295 0.055607 0.691597 0.148759 0.053264 0.69137 0.150144 0.057464 0.695103 0.149456 0.053597 0.694908 0.151925 0.052896 0.688842 0.149125 0.052802 0.695592 0.14715 0.052832 0.69166 0.147345 0.052724 0.688919 0.147507 0.059823 0.692238 0.134265 0.064167 0.695866 0.13142 0.062051 0.691878 0.132555 0.057182 0.69617 0.134077 0.060995 0.689389 0.133388 0.059694 0.689496 0.13443 0.060141 0.68781 0.134771 0.061292 0.68958 0.135228 0.062638 0.692175 0.135699 0.060256 0.691937 0.137098 0.061845 0.695682 0.136384 0.057973 0.695487 0.138852 0.057182 0.69617 0.134077 0.059823 0.692238 0.134265 0.059694 0.689496 0.13443 0.059866 0.689417 0.136066 0.058516 0.689315 0.11303 0.064524 0.703102 0.103228 0.061548 0.689077 0.106692 0.058163 0.702645 0.113685 0.06038 0.683348 0.109037 0.058697 0.683221 0.11275 0.058993 0.679438 0.112408 0.065425 0.689662 0.112442 0.069633 0.702356 0.112528 0.062087 0.688461 0.11812 0.064224 0.700906 0.121952 0.058163 0.702645 0.113685 0.058516 0.689315 0.11303 0.058697 0.683221 0.11275 0.060562 0.682952 0.115022 0.062544 0.683686 0.112411 0.05923 0.667714 0.084201 0.061579 0.653735 0.088471 0.060544 0.663998 0.090016 0.059035 0.656068 0.078796 0.060501 0.670423 0.090656 0.059719 0.672485 0.087806 0.060939 0.674911 0.090371 0.064928 0.664807 0.085906 0.067741 0.656947 0.082192 0.063058 0.669518 0.081208 0.065009 0.66434 0.074068 0.062806 0.670664 0.088609 0.061623 0.673166 0.08633 0.043911 0.645516 0.11022 0.041444 0.63272 0.114991 0.043014 0.642555 0.11585 0.042571 0.639201 0.104449 0.044411 0.648503 0.116672 0.04491 0.649981 0.114106 0.045874 0.652045 0.116657 0.048076 0.641466 0.114121 0.049906 0.632715 0.111885 0.048701 0.645587 0.109058 0.051094 0.639302 0.103049 0.042571 0.639201 0.104449 0.043911 0.645516 0.11022 0.04491 0.649981 0.114106 0.047018 0.649992 0.113357 0.04674 0.648003 0.115756 0.038754 0.632584 0.13021 0.039411 0.627005 0.133492 0.039147 0.631617 0.132985 0.038275 0.629119 0.128416 0.039174 0.634443 0.13288 0.038987 0.635068 0.131335 0.039562 0.636354 0.132216 0.040427 0.634485 0.131987 0.041392 0.631705 0.131462 0.04077 0.633139 0.128979 0.04285 0.627923 0.13079 0.041904 0.630247 0.126408 0.040062 0.63535 0.130533 0.038987 0.635068 0.131335 0.038754 0.632584 0.13021 0.038275 0.629119 0.128416 0.030811 0.62771 0.141502 0.030898 0.621935 0.144479 0.030815 0.626572 0.144321 0.030477 0.624348 0.139422 0.030943 0.629374 0.144442 0.030975 0.630128 0.142822 0.031528 0.631346 0.143935 0.032383 0.629427 0.143719 0.03332 0.626657 0.143168 0.033056 0.628279 0.140671 0.034717 0.622892 0.142472 0.032223 0.630422 0.142231 0.030975 0.630128 0.142822 0.030811 0.62771 0.141502 0.030477 0.624348 0.139422 0.0344 0.625471 0.138151 0.022382 0.624708 0.150691 0.02236 0.618933 0.15367 0.022363 0.623567 0.153519 0.021983 0.621345 0.148614 0.022547 0.626371 0.153638 0.022595 0.627127 0.152012 0.023177 0.628349 0.153128 0.024002 0.626423 0.152912 0.024893 0.623653 0.152361 0.024658 0.625284 0.14986 0.026224 0.619889 0.151663 0.025955 0.622467 0.147342 0.021983 0.621345 0.148614 0.022382 0.624708 0.150691 0.022595 0.627127 0.152012 0.02386 0.627421 0.151419 0.014802 0.62332 0.156763 0.013518 0.617328 0.158675 0.013657 0.621942 0.159116 0.015219 0.620187 0.154296 0.013822 0.624703 0.159667 0.014511 0.625592 0.158347 0.014615 0.626675 0.159794 0.016379 0.62199 0.159416 0.015407 0.624738 0.159791 0.017174 0.62384 0.157284 0.01779 0.618245 0.159008 0.019288 0.621197 0.155368 0.015219 0.620187 0.154296 0.014802 0.62332 0.156763 0.014511 0.625592 0.158347 0.015877 0.625865 0.158521 0.004982 0.622372 0.159885 0.002828 0.616724 0.161597 0.003299 0.621305 0.161888 0.00552 0.619067 0.157695 0.003631 0.62406 0.162366 0.00464 0.624762 0.161258 0.004581 0.625892 0.162621 0.005816 0.621091 0.162892 0.006842 0.617194 0.163025 0.007688 0.622652 0.160997 0.009375 0.619698 0.159791 0.00552 0.619067 0.157695 0.004982 0.622372 0.159885 0.00464 0.624762 0.161258 0.005939 0.624887 0.161781 0.005116 0.623936 0.162902 -0.027691 0.687596 0.186072 -0.031934 0.691509 0.183831 -0.027714 0.691499 0.186695 -0.029819 0.687487 0.18428 -0.028773 0.684917 0.184595 -0.027534 0.684879 0.185664 -0.027963 0.683201 0.185633 -0.030427 0.687103 0.1873 -0.029088 0.684716 0.186371 -0.028151 0.686731 0.18871 -0.032349 0.690302 0.188634 -0.028563 0.689817 0.191187 -0.027727 0.684473 0.187207 -0.027534 0.684879 0.185664 -0.027691 0.687596 0.186072 -0.027714 0.691499 0.186695 -0.040803 0.685157 0.167471 -0.05062 0.69567 0.162574 -0.040619 0.696025 0.167763 -0.045776 0.684629 0.164023 -0.043802 0.678875 0.165587 -0.04129 0.678944 0.16732 -0.042635 0.675291 0.167688 -0.046463 0.684571 0.170957 -0.050595 0.694182 0.173622 -0.04123 0.683936 0.173556 -0.044086 0.678876 0.169014 -0.041634 0.693439 0.178369 -0.040619 0.696025 0.167763 -0.040803 0.685157 0.167471 -0.04129 0.678944 0.16732 -0.041464 0.678508 0.170326 -0.05288 0.69166 0.147345 -0.057162 0.695287 0.144493 -0.052848 0.695592 0.14715 -0.055086 0.691312 0.145659 -0.054061 0.688814 0.146476 -0.052773 0.688919 0.147507 -0.053234 0.68726 0.147844 -0.054351 0.689001 0.148295 -0.055655 0.691597 0.148759 -0.053312 0.69137 0.150144 -0.05751 0.695103 0.149456 -0.053643 0.694908 0.151925 -0.052946 0.688842 0.149125 -0.052848 0.695592 0.14715 -0.05288 0.69166 0.147345 -0.052773 0.688919 0.147507 -0.059871 0.692238 0.134265 -0.064213 0.695866 0.13142 -0.057227 0.69617 0.134077 -0.062098 0.691878 0.132555 -0.061044 0.689389 0.133388 -0.059743 0.689496 0.13443 -0.060191 0.68781 0.134771 -0.061341 0.68958 0.135228 -0.062686 0.692175 0.135699 -0.060303 0.691937 0.137098 -0.061891 0.695682 0.136384 -0.058018 0.695487 0.138852 -0.057227 0.69617 0.134077 -0.059871 0.692238 0.134265 -0.059743 0.689496 0.13443 -0.059915 0.689417 0.136066 -0.058566 0.689315 0.11303 -0.064567 0.703102 0.103228 -0.058208 0.702645 0.113685 -0.061597 0.689077 0.106692 -0.060432 0.683348 0.109037 -0.05875 0.683221 0.11275 -0.059043 0.679438 0.112408 -0.065474 0.689662 0.112442 -0.069677 0.702356 0.112528 -0.062137 0.688461 0.11812 -0.06427 0.700906 0.121952 -0.058208 0.702645 0.113685 -0.058566 0.689315 0.11303 -0.05875 0.683221 0.11275 -0.060614 0.682952 0.115022 -0.062596 0.683686 0.112411 -0.059309 0.667714 0.084201 -0.06165 0.653735 0.088471 -0.059703 0.651386 0.078796 -0.060622 0.663998 0.090016 -0.060584 0.670423 0.090656 -0.059802 0.672485 0.087806 -0.061024 0.674911 0.090371 -0.062888 0.670664 0.088609 -0.065006 0.664807 0.085906 -0.067813 0.656947 0.082192 -0.063138 0.669518 0.081208 -0.065085 0.66434 0.074068 -0.061706 0.673166 0.08633 -0.044001 0.645516 0.11022 -0.041525 0.63272 0.114991 -0.042656 0.639201 0.104449 -0.043102 0.642555 0.11585 -0.044503 0.648503 0.116672 -0.045003 0.649981 0.114106 -0.045968 0.652045 0.116657 -0.048163 0.641466 0.114121 -0.049987 0.632715 0.111885 -0.048791 0.645587 0.109058 -0.051179 0.639302 0.103049 -0.042656 0.639201 0.104449 -0.044001 0.645516 0.11022 -0.045003 0.649981 0.114106 -0.047111 0.649992 0.113357 -0.046832 0.648003 0.115756 -0.038811 0.632584 0.13021 -0.039464 0.627005 0.133492 -0.038329 0.629119 0.128416 -0.039204 0.631617 0.132985 -0.039233 0.634443 0.13288 -0.039046 0.635068 0.131335 -0.039622 0.636354 0.132216 -0.040486 0.634485 0.131987 -0.041449 0.631705 0.131462 -0.040827 0.633139 0.128979 -0.042904 0.627923 0.13079 -0.041959 0.630247 0.126408 -0.040121 0.63535 0.130533 -0.039046 0.635068 0.131335 -0.038811 0.632584 0.13021 -0.038329 0.629119 0.128416 -0.030864 0.62771 0.141502 -0.030947 0.621935 0.144479 -0.030528 0.624348 0.139422 -0.030868 0.626572 0.144321 -0.030998 0.629374 0.144442 -0.031031 0.630128 0.142822 -0.031584 0.631346 0.143935 -0.032438 0.629427 0.143719 -0.033373 0.626657 0.143168 -0.03311 0.628279 0.140671 -0.034768 0.622892 0.142472 -0.032278 0.630422 0.142231 -0.031031 0.630128 0.142822 -0.030864 0.62771 0.141502 -0.030528 0.624348 0.139422 -0.034452 0.625471 0.138151 -0.022433 0.624708 0.150691 -0.022407 0.618933 0.15367 -0.022032 0.621345 0.148614 -0.022413 0.623567 0.153519 -0.022599 0.626371 0.153638 -0.022648 0.627127 0.152012 -0.023231 0.628349 0.153128 -0.024055 0.626423 0.152912 -0.024944 0.623653 0.152361 -0.024709 0.625284 0.14986 -0.026272 0.619889 0.151663 -0.026004 0.622467 0.147342 -0.022032 0.621345 0.148614 -0.022433 0.624708 0.150691 -0.022648 0.627127 0.152012 -0.023913 0.627421 0.151419 -0.014853 0.62332 0.156763 -0.013564 0.617328 0.158675 -0.015267 0.620187 0.154296 -0.013707 0.621942 0.159116 -0.013873 0.624703 0.159667 -0.014563 0.625592 0.158347 -0.014668 0.626675 0.159794 -0.016428 0.62199 0.159416 -0.015459 0.624738 0.159791 -0.017225 0.62384 0.157284 -0.017837 0.618245 0.159008 -0.019337 0.621197 0.155368 -0.015267 0.620187 0.154296 -0.014853 0.62332 0.156763 -0.014563 0.625592 0.158347 -0.015929 0.625865 0.158521 -0.005032 0.622372 0.159885 -0.002873 0.616724 0.161597 -0.005568 0.619067 0.157695 -0.003348 0.621305 0.161888 -0.003682 0.62406 0.162366 -0.004692 0.624762 0.161258 -0.004633 0.625892 0.162621 -0.005864 0.621091 0.162892 -0.006888 0.617194 0.163025 -0.007738 0.622652 0.160997 -0.009423 0.619698 0.159791 -0.005568 0.619067 0.157695 -0.005032 0.622372 0.159885 -0.004692 0.624762 0.161258 -0.005991 0.624887 0.161781 -0.005167 0.623936 0.162902 0.038593 0.757758 -0.322053 0.041055 0.729348 -0.27448 0.037253 0.712113 -0.290704 0.037751 0.670009 -0.268247 0.040328 0.669928 -0.174152 0.038456 0.655984 -0.268479 0.038588 0.637073 -0.279381 0.039637 0.61092 -0.300697 0.040504 0.6598 -0.173557 0.040503 0.639235 -0.184769 0.041164 0.620446 -0.189507 0.041453 0.599224 -0.185731 0.039115 0.590106 -0.252525 0.039115 0.57782 -0.238088 0.040502 0.565298 -0.089969 0.038924 0.537858 -0.148105 0.039603 0.571198 -0.149987 0.039084 0.59771 -0.144979 0.046466 0.596046 -0.148789 0.047602 0.608025 -0.159238 0.039107 0.608913 -0.155496 0.047905 0.621654 -0.161336 0.039112 0.62163 -0.157607 0.047878 0.635692 -0.15785 0.039113 0.634522 -0.153585 0.048831 0.648609 -0.148582 0.038987 0.645144 -0.142254 0.048085 0.658757 -0.163802 0.049977 0.639677 -0.171244 0.040504 0.6598 -0.173557 0.040503 0.639235 -0.184769 0.041164 0.620446 -0.189507 0.050187 0.621398 -0.175371 0.050347 0.604057 -0.171277 0.041453 0.599224 -0.185731 0.040596 0.581806 -0.172541 0.050074 0.588771 -0.159944 0.039603 0.571198 -0.149987 0.049047 0.577438 -0.141914 0.045391 0.671713 -0.168125 0.050985 0.674748 -0.157074 0.050253 0.690025 -0.177045 0.045663 0.7095 -0.228591 0.050099 0.716693 -0.227942 0.046032 0.684697 -0.180106 0.040319 0.767438 -0.327735 0.046856 0.739471 -0.273942 0.044369 0.734017 -0.274173 0.043911 0.746188 -0.274116 0.038829 0.748412 -0.274585 0.037848 0.767642 -0.326729 0.038015 0.766558 -0.329372 0.040286 0.766214 -0.328151 0.039723 0.764673 -0.329061 0.037865 0.763062 -0.329562 0.038593 0.757758 -0.322053 0.038593 0.757758 -0.322053 0.037253 0.712113 -0.290704 0.035675 0.72923 -0.274489 0.037909 0.676755 -0.270292 0.036578 0.669607 -0.174923 0.036903 0.677916 -0.181651 0.037751 0.670009 -0.268247 0.038456 0.655984 -0.268479 0.038588 0.637073 -0.279381 0.039306 0.610712 -0.300647 0.036811 0.659926 -0.174231 0.036616 0.639417 -0.185244 0.036331 0.62016 -0.190247 0.03597 0.59832 -0.186498 0.039115 0.590106 -0.252525 0.039115 0.57782 -0.238088 0.036109 0.564589 -0.090318 0.037133 0.571044 -0.149649 0.038924 0.537858 -0.148105 0.039084 0.59771 -0.144979 0.029006 0.607836 -0.158257 0.029176 0.596642 -0.146195 0.039107 0.608913 -0.155496 0.029053 0.621501 -0.16112 0.039112 0.62163 -0.157607 0.028773 0.635376 -0.15783 0.039113 0.634522 -0.153585 0.027857 0.647695 -0.148474 0.038987 0.645144 -0.142254 0.027829 0.658862 -0.16705 0.025102 0.640018 -0.173166 0.036811 0.659926 -0.174231 0.036616 0.639417 -0.185244 0.036331 0.62016 -0.190247 0.024064 0.621203 -0.175579 0.023616 0.603125 -0.170537 0.03597 0.59832 -0.186498 0.036765 0.581073 -0.172789 0.023421 0.58827 -0.156977 0.037133 0.571044 -0.149649 0.023225 0.580171 -0.133583 0.025989 0.584751 -0.077875 0.028092 0.590126 -0.125865 0.024079 0.574524 -0.085436 0.036578 0.669607 -0.174923 0.02991 0.670419 -0.171312 0.025172 0.672422 -0.159893 0.025234 0.688807 -0.178088 0.027938 0.698919 -0.173461 0.029495 0.725284 -0.228261 0.026216 0.716273 -0.227586 0.030011 0.708408 -0.229136 0.029403 0.681903 -0.181909 0.036148 0.767429 -0.327017 0.031237 0.737246 -0.274073 0.032595 0.747063 -0.274779 0.038829 0.748412 -0.274585 0.037848 0.767642 -0.326729 0.038015 0.766558 -0.329372 0.035256 0.765518 -0.328238 0.035677 0.764184 -0.328709 0.037865 0.763062 -0.329562 0.038593 0.757758 -0.322053 0.036903 0.677916 -0.181651 -0.038593 0.757759 -0.322053 -0.037253 0.712114 -0.290704 -0.041055 0.729348 -0.27448 -0.039637 0.61092 -0.300697 -0.040328 0.669928 -0.174152 -0.038588 0.637074 -0.279381 -0.040504 0.6598 -0.173557 -0.040503 0.639235 -0.184769 -0.041164 0.620446 -0.189507 -0.041453 0.599224 -0.185731 -0.039115 0.590106 -0.252525 -0.039115 0.57782 -0.238088 -0.040502 0.565298 -0.089969 -0.039603 0.571198 -0.149987 -0.038924 0.537858 -0.148105 -0.039084 0.59771 -0.144979 -0.047602 0.608025 -0.159238 -0.046466 0.596046 -0.148789 -0.039107 0.608913 -0.155496 -0.047905 0.621654 -0.161336 -0.039112 0.62163 -0.157607 -0.047878 0.635692 -0.15785 -0.039113 0.634522 -0.153585 -0.048831 0.648609 -0.148582 -0.038987 0.645144 -0.142254 -0.048085 0.658757 -0.163802 -0.049977 0.639677 -0.171244 -0.040504 0.6598 -0.173557 -0.040503 0.639235 -0.184769 -0.041164 0.620446 -0.189507 -0.050187 0.621398 -0.175371 -0.050347 0.604057 -0.171277 -0.041453 0.599224 -0.185731 -0.040596 0.581806 -0.172541 -0.050074 0.588771 -0.159944 -0.039603 0.571198 -0.149987 -0.049047 0.577438 -0.141914 -0.050985 0.674748 -0.157074 -0.045391 0.671713 -0.168125 -0.050253 0.690025 -0.177045 -0.050099 0.716693 -0.227942 -0.045663 0.7095 -0.228591 -0.046032 0.684697 -0.180106 -0.040319 0.767438 -0.327735 -0.043911 0.746188 -0.274115 -0.038829 0.748412 -0.274585 -0.046856 0.739471 -0.273942 -0.045148 0.734017 -0.274173 -0.037848 0.767642 -0.326729 -0.038015 0.766558 -0.329372 -0.040286 0.766214 -0.328151 -0.039723 0.764673 -0.329061 -0.037865 0.763062 -0.329562 -0.038593 0.757759 -0.322053 -0.038593 0.757759 -0.322053 -0.035675 0.72923 -0.274489 -0.037253 0.712114 -0.290704 -0.037909 0.676755 -0.270292 -0.036903 0.677916 -0.181651 -0.036578 0.669607 -0.174923 -0.037751 0.670009 -0.268247 -0.038456 0.655984 -0.268479 -0.038588 0.637074 -0.279381 -0.039306 0.610712 -0.300647 -0.036811 0.659926 -0.174231 -0.036616 0.639417 -0.185244 -0.036331 0.62016 -0.190247 -0.03597 0.59832 -0.186498 -0.039115 0.590106 -0.252525 -0.039115 0.57782 -0.238088 -0.036109 0.564589 -0.090318 -0.038924 0.537858 -0.148105 -0.037133 0.571044 -0.149649 -0.039084 0.59771 -0.144979 -0.029176 0.596642 -0.146195 -0.029006 0.607836 -0.158257 -0.039107 0.608913 -0.155496 -0.029053 0.621501 -0.16112 -0.039112 0.62163 -0.157607 -0.028773 0.635376 -0.15783 -0.039113 0.634522 -0.153585 -0.027857 0.647695 -0.148474 -0.038987 0.645144 -0.142254 -0.027829 0.658862 -0.16705 -0.025102 0.640018 -0.173166 -0.036811 0.659926 -0.174231 -0.036616 0.639417 -0.185244 -0.036331 0.62016 -0.190247 -0.024064 0.621203 -0.175579 -0.023616 0.603125 -0.170537 -0.03597 0.59832 -0.186498 -0.036765 0.581073 -0.172789 -0.023421 0.58827 -0.156977 -0.037133 0.571044 -0.149649 -0.023225 0.580171 -0.133583 -0.025989 0.584751 -0.077875 -0.028092 0.590126 -0.125865 -0.024079 0.574524 -0.085436 -0.036578 0.669607 -0.174923 -0.02991 0.670419 -0.171312 -0.025172 0.672422 -0.159893 -0.025234 0.688807 -0.178088 -0.027938 0.698919 -0.173461 -0.026216 0.716273 -0.227586 -0.029495 0.725284 -0.228261 -0.028968 0.708408 -0.228825 -0.029403 0.681903 -0.181909 -0.036148 0.767429 -0.327017 -0.032595 0.747063 -0.274779 -0.028846 0.737246 -0.274073 -0.038829 0.748412 -0.274585 -0.037848 0.767642 -0.326729 -0.038015 0.766558 -0.329372 -0.035256 0.765518 -0.328238 -0.035677 0.764184 -0.328709 -0.037865 0.763062 -0.329562 -0.038593 0.757759 -0.322053 -0.036903 0.677916 -0.181651 0.105903 0.927205 -0.140248 0.123953 0.955125 -0.156638 0.115699 0.958275 -0.148855 0.113277 0.921332 -0.148451 0.096246 0.929615 -0.136348 0.105457 0.960803 -0.145015 0.128298 0.952786 -0.166709 0.117747 0.925294 -0.162504 0.127753 0.951636 -0.176607 0.116175 0.927694 -0.172589 0.111551 0.914854 -0.175142 0.112802 0.910215 -0.163199 0.112078 0.906282 -0.190991 0.108144 0.919778 -0.183442 0.108916 0.915809 -0.201162 0.110734 0.900648 -0.167309 0.119602 0.905734 -0.238214 0.116011 0.8938 -0.238214 0.111114 0.894042 -0.193658 0.115751 0.917184 -0.238214 0.107815 0.891551 -0.16999 0.10438 0.885344 -0.194748 0.106788 0.885862 -0.238214 0.093785 0.881952 -0.19588 0.095379 0.883637 -0.238214 0.082905 0.884126 -0.19653 0.085017 0.887002 -0.238214 0.092117 0.881684 -0.174177 0.082115 0.88293 -0.175442 0.090152 0.879993 -0.161573 0.101252 0.884809 -0.172217 0.097971 0.881832 -0.158645 0.095157 0.871979 -0.142287 0.08717 0.870448 -0.146309 0.079228 0.872014 -0.148617 0.081023 0.848495 -0.120829 0.07186 0.850443 -0.123725 0.081816 0.88124 -0.163734 0.104372 0.886822 -0.155503 0.10855 0.89458 -0.152256 0.105073 0.883643 -0.132453 0.101815 0.876457 -0.137383 0.104077 0.892917 -0.128751 0.110652 0.904602 -0.149295 0.100183 0.904896 -0.129219 0.093078 0.8762 -0.086429 0.083903 0.881157 -0.084551 0.090449 0.907798 -0.122819 0.098695 0.869535 -0.090797 0.100989 0.862036 -0.097461 0.098646 0.855066 -0.105952 0.091131 0.850102 -0.114588 0.073671 0.883581 -0.085939 0.080541 0.909939 -0.122003 0.064558 0.883194 -0.090515 0.071275 0.909031 -0.124881 0.063336 0.903139 -0.129469 0.057277 0.879553 -0.097481 0.05297 0.873756 -0.106772 0.059737 0.895281 -0.136115 0.053484 0.866385 -0.115441 0.061211 0.887583 -0.142456 0.057852 0.85959 -0.120859 0.065892 0.880944 -0.146592 0.067943 0.891596 -0.161835 0.072002 0.875645 -0.148685 0.07403 0.885389 -0.163695 0.073484 0.888362 -0.175339 0.081816 0.88124 -0.163734 0.082115 0.88293 -0.175442 0.082905 0.884126 -0.19653 0.07462 0.890919 -0.196383 0.077729 0.894104 -0.238214 0.085017 0.887002 -0.238214 0.069902 0.899974 -0.195351 0.06788 0.896434 -0.173913 0.065739 0.90537 -0.171035 0.064146 0.899019 -0.158431 0.063054 0.907322 -0.15364 0.079228 0.872014 -0.148617 0.07186 0.850443 -0.123725 0.064087 0.854358 -0.123668 0.065341 0.916964 -0.148997 0.072996 0.931285 -0.146338 0.066177 0.913811 -0.166312 0.068023 0.922258 -0.162381 0.072078 0.935491 -0.16112 0.070147 0.917777 -0.176699 0.072407 0.924638 -0.172385 0.075776 0.935443 -0.171122 0.081002 0.961786 -0.164124 0.082101 0.95996 -0.174356 0.078399 0.926304 -0.180332 0.081961 0.935281 -0.178526 0.087307 0.957635 -0.183209 0.089689 0.935018 -0.183346 0.095828 0.95545 -0.189483 0.106121 0.953756 -0.191805 0.098153 0.934138 -0.185322 0.086497 0.927025 -0.185901 0.075794 0.920336 -0.191391 0.069621 0.910849 -0.191042 0.075965 0.913086 -0.238214 0.074392 0.903353 -0.238214 0.083455 0.922276 -0.238214 0.085263 0.924709 -0.200553 0.094635 0.925253 -0.204379 0.095692 0.926897 -0.238214 0.094656 0.925365 -0.187808 0.108604 0.970102 -0.172407 0.098228 0.975297 -0.152098 0.108219 0.974237 -0.150149 0.118248 0.972072 -0.153381 0.125862 0.968828 -0.160737 0.12979 0.965966 -0.169834 0.128298 0.952786 -0.166709 0.129506 0.964374 -0.17857 0.127753 0.951636 -0.176607 0.123953 0.955125 -0.156638 0.115699 0.958275 -0.148855 0.090488 0.974965 -0.158372 0.086977 0.973224 -0.166924 0.087836 0.970725 -0.175719 0.092115 0.968185 -0.183783 0.125655 0.964214 -0.186002 0.118332 0.964128 -0.190816 0.123163 0.951801 -0.184533 0.115724 0.952552 -0.18981 0.106121 0.953756 -0.191805 0.109142 0.96482 -0.19248 0.099619 0.966057 -0.18987 0.084955 0.9626 -0.153911 0.094336 0.962287 -0.146463 0.105457 0.960803 -0.145015 0.087307 0.957635 -0.183209 0.082101 0.95996 -0.174356 0.081002 0.961786 -0.164124 0.095828 0.95545 -0.189483 0.096676 0.904956 -0.250776 0.076172 0.904194 -0.247991 0.0789 0.913414 -0.247669 0.078839 0.895175 -0.247993 0.08577 0.888342 -0.248157 0.095622 0.885459 -0.248543 0.106213 0.887777 -0.249039 0.114578 0.895 -0.249168 0.118151 0.905358 -0.249314 0.077729 0.894104 -0.238214 0.074392 0.903353 -0.238214 0.075965 0.913086 -0.238214 0.086082 0.921022 -0.24772 0.083455 0.922276 -0.238214 0.085017 0.887002 -0.238214 0.095379 0.883637 -0.238214 0.106788 0.885862 -0.238214 0.116011 0.8938 -0.238214 0.119602 0.905734 -0.238214 0.115751 0.917184 -0.238214 0.11551 0.916069 -0.249509 0.107298 0.923746 -0.24952 0.096256 0.925144 -0.248424 0.107009 0.924718 -0.238214 0.095692 0.926897 -0.238214 0.106121 0.953756 -0.191805 0.105922 0.932618 -0.184054 0.098153 0.934138 -0.185322 0.115724 0.952552 -0.18981 0.112022 0.930368 -0.179867 0.123163 0.951801 -0.184533 0.101985 0.92318 -0.187133 0.094656 0.925365 -0.187808 0.094635 0.925253 -0.204379 0.102923 0.921927 -0.204154 0.107009 0.924718 -0.238214 0.095692 0.926897 -0.238214 0.085719 0.931318 -0.137146 0.094336 0.962287 -0.146463 0.084955 0.9626 -0.153911 0.405157 0.532022 0.010096 0.420428 0.53103 0.000583 0.40581 0.538262 0.000088 0.419032 0.525801 0.009096 0.429307 0.523672 0.000742 0.428302 0.519824 0.006647 0.433746 0.515144 0.004261 0.435152 0.516002 0.000644 0.440359 0.50757 0.00047 0.436189 0.508834 0.003929 0.42743 0.512134 0.006684 0.415629 0.5154 0.009396 0.405037 0.520862 0.011976 0.407039 0.534286 -0.009864 0.41859 0.526649 -0.009464 0.428802 0.520606 -0.005767 0.43392 0.515629 -0.003124 0.407872 0.526043 -0.012953 0.427947 0.512481 -0.006411 0.418067 0.515283 -0.009381 0.436252 0.509212 -0.002959 0.415251 0.509839 -0.000827 0.406047 0.512938 -0.006234 0.407281 0.517958 -0.01151 0.42723 0.507641 0.000147 0.436962 0.505293 0.000214 0.42723 0.507641 0.000147 0.415251 0.509839 -0.000827 0.405439 0.511481 0.000429 0.405591 0.514206 0.007693 0.405439 0.511481 0.000429 0.409032 0.537882 -0.035554 0.42375 0.539721 -0.044793 0.409399 0.546143 -0.045198 0.419601 0.531751 -0.035446 0.432774 0.529739 -0.046118 0.430304 0.525085 -0.039329 0.435521 0.519478 -0.042587 0.437244 0.520166 -0.046897 0.440685 0.511265 -0.04684 0.436573 0.512811 -0.043539 0.427161 0.517254 -0.040726 0.41761 0.520787 -0.038766 0.409357 0.522294 -0.03927 0.408368 0.52838 -0.034859 0.408746 0.54048 -0.057473 0.420842 0.534563 -0.057411 0.430776 0.526252 -0.053351 0.435458 0.519968 -0.050767 0.409311 0.53201 -0.059582 0.42798 0.518537 -0.053477 0.418388 0.52218 -0.056221 0.437097 0.513332 -0.050157 0.416857 0.517406 -0.047603 0.408938 0.51978 -0.047282 0.40725 0.523975 -0.055732 0.426348 0.514445 -0.047514 0.437279 0.509546 -0.046968 0.416857 0.517406 -0.047603 0.426348 0.514445 -0.047514 0.408938 0.51978 -0.047282 0.406455 0.5353 -0.081926 0.419471 0.531515 -0.091612 0.405573 0.541956 -0.091349 0.41635 0.526663 -0.083197 0.426936 0.522437 -0.091928 0.425999 0.519105 -0.086737 0.430314 0.513737 -0.08897 0.431073 0.514449 -0.091935 0.43447 0.507621 -0.091442 0.432045 0.508048 -0.088951 0.425137 0.512046 -0.08653 0.415241 0.516318 -0.084078 0.403916 0.519718 -0.083227 0.406024 0.527007 -0.079958 0.405781 0.537549 -0.103359 0.416437 0.527295 -0.101207 0.425626 0.519556 -0.097191 0.429893 0.514184 -0.094907 0.404727 0.527167 -0.104345 0.424664 0.512505 -0.097353 0.414737 0.516777 -0.099328 0.431905 0.508143 -0.094459 0.414172 0.512522 -0.091727 0.402374 0.516629 -0.09114 0.402993 0.519739 -0.099575 0.424997 0.507707 -0.091683 0.414172 0.512522 -0.091727 0.402374 0.516629 -0.09114 0.43322 0.504622 -0.091053 0.035584 0.749888 0.215152 0.030816 0.73168 0.215753 0.036381 0.739112 0.206537 0.027052 0.749919 0.219218 0.037275 0.756043 0.202391 0.02681 0.760253 0.202963 0.043201 0.74781 0.201914 0.04872 0.747849 0.18589 0.049485 0.725293 0.193222 0.038725 0.711245 0.205588 0.058034 0.702042 0.178593 0.038155 0.693933 0.201172 0.059445 0.722604 0.166957 0.069661 0.718529 0.142514 0.068509 0.744839 0.134212 0.075294 0.74245 0.117326 0.059521 0.765742 0.109417 0.052793 0.773187 0.117077 0.058866 0.750127 0.156544 0.047245 0.783667 0.126814 0.049005 0.768722 0.158019 0.070661 0.756832 0.099526 0.082047 0.739758 0.102927 0.087864 0.737335 0.089479 0.081124 0.74982 0.089046 0.0767 0.716796 0.120604 0.083194 0.717283 0.102562 0.077093 0.69714 0.119943 0.082197 0.697908 0.098772 0.088556 0.720618 0.086982 0.087275 0.705251 0.080275 0.094073 0.725807 0.071819 0.092944 0.713356 0.064677 0.099278 0.723066 0.052095 0.103806 0.736625 0.040958 0.098103 0.731209 0.056958 0.103927 0.729313 0.037309 0.100746 0.717294 0.050696 0.108195 0.741763 0.024407 0.108705 0.731644 0.020267 0.106139 0.72567 0.036479 0.101894 0.74946 0.026679 0.106904 0.75839 0.012408 0.111413 0.743652 0.008487 0.100287 0.741927 0.042139 0.117042 0.740497 -0.007344 0.114785 0.750817 -0.006927 0.119089 0.743146 -0.025276 0.121769 0.753426 -0.030274 0.118087 0.743096 -0.043999 0.123395 0.754365 -0.04772 0.114603 0.734957 -0.032583 0.113527 0.762113 -0.010135 0.123245 0.735733 -0.022283 0.124939 0.732614 -0.031477 0.11036 0.726709 -0.036854 0.126195 0.725283 -0.033496 0.095047 0.756357 0.032094 0.093554 0.74912 0.045449 0.091841 0.745535 0.059829 0.096564 0.766419 0.021984 0.100924 0.771664 0.004801 0.097589 0.777658 0.013318 0.102132 0.782951 -0.001157 0.097085 0.785907 0.00958 0.102588 0.801292 0.011052 0.105713 0.794394 -0.00646 0.107283 0.787648 -0.021188 0.111079 0.774823 -0.014982 0.117955 0.782762 -0.037181 0.120866 0.768768 -0.031967 0.120186 0.778725 -0.054728 0.124351 0.766428 -0.049736 0.129966 0.77574 -0.074492 0.117248 0.784549 -0.082611 0.115012 0.791431 -0.062203 0.105947 0.80502 -0.070242 0.095612 0.796834 -0.083686 0.084253 0.788656 -0.093551 0.101515 0.779597 -0.095579 0.141443 0.771896 -0.095663 0.13283 0.775345 -0.100448 0.12297 0.774103 -0.106743 0.136426 0.766429 -0.070071 0.138197 0.756785 -0.068141 0.13571 0.747558 -0.068657 0.147547 0.766564 -0.092936 0.169448 0.76785 -0.131716 0.150755 0.760421 -0.091674 0.150956 0.754008 -0.091971 0.130462 0.738891 -0.072646 0.148341 0.74798 -0.094214 0.143119 0.74307 -0.098464 0.114314 0.768482 -0.111364 0.109015 0.760643 -0.114749 0.110275 0.75012 -0.115832 0.121214 0.740794 -0.111801 0.086671 0.727475 -0.097896 0.076752 0.744032 -0.102835 0.053819 0.746696 -0.0942 0.05368 0.729594 -0.090746 0.086602 0.710243 -0.087492 0.054238 0.713535 -0.083595 0.065439 0.695438 -0.07683 0.090619 0.694547 -0.088653 0.104979 0.704271 -0.093963 0.134691 0.740009 -0.104504 0.113526 0.72658 -0.092274 0.121828 0.7301 -0.079596 0.112538 0.717017 -0.088172 0.116504 0.718638 -0.076423 0.117667 0.708706 -0.090987 0.079554 0.758569 -0.102125 0.088487 0.770293 -0.100428 0.068843 0.777589 -0.097341 0.058528 0.763221 -0.095892 0.059496 0.798269 -0.107866 0.077132 0.807333 -0.103839 0.04365 0.771861 -0.099691 0.023592 0.782399 -0.100959 0.041988 0.810016 -0.111244 0.032812 0.822869 -0.106519 0.016537 0.804986 -0.098123 -0.000193 0.800241 -0.095941 -0.000193 0.779239 -0.097572 -0.000193 0.755822 -0.099841 0.0189 0.754798 -0.099357 0.036733 0.751029 -0.096348 0.088426 0.814762 -0.094145 0.082681 0.841675 -0.122809 0.094453 0.844963 -0.114104 0.096825 0.822728 -0.081907 0.110244 0.812908 -0.054706 0.114514 0.797135 -0.044752 0.107381 0.821808 -0.036846 0.109819 0.802207 -0.02861 0.107146 0.80765 -0.012939 0.103275 0.823072 -0.016807 0.088743 0.836943 -0.0137 0.0916 0.836596 -0.028544 0.090085 0.853054 -0.045175 0.10078 0.841387 -0.056895 0.101214 0.831313 -0.069416 0.106129 0.858951 -0.092912 0.10472 0.867755 -0.083471 0.102808 0.850957 -0.103478 0.096515 0.876422 -0.075187 0.093078 0.8762 -0.086429 0.098695 0.869535 -0.090797 0.062295 0.854842 -0.037249 0.08097 0.882675 -0.072319 0.047737 0.858714 -0.049668 0.027773 0.848876 -0.014913 0.024275 0.848403 -0.031559 -0.000174 0.847882 -0.025377 -0.000174 0.848584 -0.008155 0.06019 0.841834 -0.015082 0.034374 0.844034 0.00671 0.019605 0.845872 -0.046415 -0.000174 0.844651 -0.04178 -0.000175 0.839261 -0.058326 0.015769 0.841091 -0.061435 0.013895 0.833008 -0.076272 0.03306 0.852764 -0.072989 0.029638 0.845121 -0.085586 0.029052 0.835069 -0.097515 0.013727 0.821033 -0.089179 -0.000176 0.817791 -0.087832 -0.000175 0.830644 -0.074291 0.039162 0.857269 -0.060911 0.06722 0.884115 -0.076911 0.046754 0.862147 -0.114311 0.050338 0.854389 -0.122722 0.058058 0.847164 -0.128257 0.064087 0.854358 -0.123668 0.057852 0.85959 -0.120859 0.069738 0.841981 -0.127902 0.07186 0.850443 -0.123725 0.081023 0.848495 -0.120829 0.091131 0.850102 -0.114588 0.098646 0.855066 -0.105952 0.100989 0.862036 -0.097461 0.053484 0.866385 -0.115441 0.05297 0.873756 -0.106772 0.046489 0.870234 -0.104309 0.049859 0.877535 -0.093912 0.056794 0.882606 -0.084377 0.064558 0.883194 -0.090515 0.073671 0.883581 -0.085939 0.083903 0.881157 -0.084551 0.057277 0.879553 -0.097481 0.015854 0.637351 0.132922 0.009105 0.646897 0.119415 0.0087 0.636785 0.13372 0.018468 0.644892 0.122892 -0.000193 0.635906 0.133806 -0.000193 0.646589 0.11775 0.011206 0.662235 0.098461 -0.000193 0.660599 0.094603 0.014641 0.680813 0.066138 -0.000193 0.678368 0.060147 0.023126 0.731466 0.018783 -0.000193 0.700599 0.019671 0.022993 0.698205 0.02473 -0.000193 0.734935 0.013275 -0.000193 0.749787 0.035408 0.02368 0.658165 0.103236 0.033928 0.651552 0.10684 0.027821 0.638921 0.126333 0.032099 0.631852 0.127703 0.040265 0.644594 0.108256 0.021225 0.62413 0.138351 0.018847 0.631035 0.136473 0.011117 0.620922 0.143203 0.009872 0.627337 0.140242 -0.000193 0.622785 0.142246 0.041196 0.669361 0.079185 0.028894 0.677417 0.074335 0.055924 0.689363 0.048411 0.048857 0.660524 0.080504 0.041753 0.695186 0.037739 0.069071 0.671724 0.065836 0.066381 0.674096 0.058855 0.054908 0.651009 0.080438 0.06105 0.678528 0.050808 0.059617 0.653536 0.088916 0.048736 0.634286 0.110985 0.043914 0.63781 0.108026 0.039004 0.62551 0.134626 0.035146 0.626486 0.129645 0.026649 0.621921 0.150126 0.023818 0.621544 0.143689 0.013836 0.619948 0.158553 0.0123 0.619193 0.150582 -0.000193 0.618484 0.16146 -0.000193 0.618338 0.152351 0.070071 0.708682 0.062939 0.069538 0.709617 0.053606 0.085787 0.707317 0.056416 0.042497 0.728972 0.044639 0.047441 0.721699 0.027345 0.043767 0.733584 0.062444 -0.000193 0.751694 0.061272 0.044285 0.733256 0.080574 -0.000193 0.74902 0.082414 -0.000193 0.745815 0.101466 0.044779 0.7312 0.099029 0.044937 0.731259 0.119461 -0.000193 0.743408 0.120864 -0.000193 0.73441 0.141488 0.039936 0.726887 0.14262 0.030771 0.718179 0.162804 0.041645 0.696944 0.16276 0.022349 0.709087 0.178094 0.028449 0.692367 0.182336 -0.000193 0.707608 0.183851 0.012635 0.687565 0.190247 -0.000193 0.685883 0.192436 0.052288 0.700626 0.139357 -0.000193 0.722539 0.161267 0.057404 0.701908 0.115498 0.058936 0.7009 0.094451 0.064408 0.704865 0.076637 -0.000193 0.679833 0.204867 0.016911 0.680903 0.202385 0.034011 0.685117 0.190429 0.05179 0.687658 0.173561 0.063297 0.690107 0.140184 0.067457 0.690922 0.116069 0.07299 0.691045 0.094546 0.080214 0.700792 0.077422 0.085796 0.706445 0.064473 0.021387 0.597785 0.132952 0.037534 0.601743 0.126668 0.026392 0.597935 0.1422 0.027085 0.600676 0.119161 0.014121 0.595827 0.149628 0.012218 0.596633 0.13429 0.014274 0.600186 0.115634 -0.000193 0.596056 0.134954 -0.000193 0.595119 0.151903 -0.000193 0.599941 0.114808 -0.000193 0.598716 0.160471 0.017619 0.599205 0.157361 -0.000193 0.603517 0.16712 0.019705 0.6041 0.163617 -0.000193 0.609502 0.170371 0.019837 0.609814 0.167048 0.031545 0.601486 0.146714 0.035421 0.605971 0.151753 0.04381 0.605979 0.136152 0.048533 0.610158 0.139401 0.03612 0.611051 0.155471 0.04955 0.614217 0.142921 0.059857 0.619397 0.111569 0.059822 0.625315 0.114973 0.033469 0.619477 0.157397 0.046624 0.62206 0.143505 0.05702 0.629764 0.116859 0.043328 0.625992 0.139718 0.052861 0.633473 0.114809 0.069711 0.64878 0.095939 0.063378 0.655639 0.095552 0.048736 0.634286 0.110985 0.039004 0.62551 0.134626 0.059617 0.653536 0.088916 0.026649 0.621921 0.150126 0.030264 0.623237 0.156593 0.016205 0.621382 0.164319 0.013836 0.619948 0.158553 -0.000193 0.618484 0.16146 -0.000193 0.620388 0.167702 0.018747 0.618163 0.167003 -0.000188 0.617189 0.170649 0.077901 0.664963 0.069896 0.072937 0.669887 0.070055 0.069071 0.671724 0.065836 0.100044 0.68519 0.055044 0.095879 0.692882 0.060822 0.087718 0.69961 0.059195 0.088585 0.655631 0.064352 0.07259 0.637624 0.089549 0.088143 0.641227 0.049689 0.106587 0.664529 0.030159 0.106291 0.675711 0.045789 0.072974 0.629656 0.081814 0.083513 0.62752 0.045078 0.069027 0.624367 0.074947 0.116156 0.684397 0.002516 0.115187 0.674 -0.013678 0.112841 0.685245 -0.013496 0.118971 0.674412 -0.027554 0.117745 0.679204 -0.028756 0.116605 0.690833 -0.023114 0.124966 0.702426 -0.014491 0.120343 0.699392 0.000267 0.120975 0.710039 0.009448 0.126882 0.712211 -0.004567 0.131634 0.71761 -0.019141 0.126688 0.710835 -0.021589 0.125404 0.706909 -0.029227 0.126794 0.700807 -0.027829 0.120317 0.695828 -0.031184 0.116554 0.681613 -0.032229 0.110112 0.692674 -0.035355 0.110753 0.685416 -0.031397 0.135797 0.721972 -0.029597 0.14591 0.729553 -0.035713 0.132766 0.722113 -0.014685 0.141996 0.728973 -0.038534 0.129215 0.718868 -0.029378 0.126195 0.725283 -0.033496 0.100216 0.68383 -0.035725 0.107305 0.68088 -0.036368 0.09587 0.674805 -0.034492 0.105164 0.674495 -0.0368 0.150776 0.736178 -0.044483 0.145473 0.731907 -0.032874 0.144438 0.734753 -0.0343 0.141866 0.736678 -0.034504 0.127917 0.730401 -0.012089 0.131152 0.726739 -0.013321 0.126102 0.719795 0.000665 0.123963 0.725711 0.003432 0.119945 0.718359 0.015307 0.119515 0.724601 0.018546 0.114691 0.720858 0.034261 0.115654 0.71463 0.030792 0.119218 0.695936 0.015273 0.117953 0.706423 0.024797 0.110632 0.699061 0.040088 0.112719 0.688949 0.030301 0.116098 0.729627 0.020325 0.120998 0.730757 0.004823 0.124786 0.734487 -0.014095 0.123245 0.735733 -0.022283 0.142267 0.737412 -0.038978 0.120327 0.736462 -0.010366 0.1147 0.735398 0.005955 0.108705 0.731644 0.020267 0.109412 0.725103 0.035705 0.103015 0.713511 0.049317 0.100746 0.717294 0.050696 0.106139 0.72567 0.036479 0.139236 0.735015 -0.039646 0.124939 0.732614 -0.031477 0.143159 0.73308 -0.042381 0.116722 0.714654 -0.034481 0.122084 0.711447 -0.031855 0.127765 0.70922 -0.042234 0.122275 0.708577 -0.0444 0.13268 0.70811 -0.050556 0.131262 0.707596 -0.053309 0.120111 0.701469 -0.044771 0.134708 0.706397 -0.05106 0.134954 0.706194 -0.055029 0.129144 0.704568 -0.052434 0.132593 0.703491 -0.052356 0.134177 0.70414 -0.049741 0.130553 0.706341 -0.040695 0.130636 0.702342 -0.040424 0.126493 0.699692 -0.04265 0.085362 0.76998 0.066576 0.088967 0.778508 0.057445 0.08457 0.775867 0.069729 0.088063 0.769584 0.058012 0.088028 0.761161 0.060131 0.084508 0.762901 0.070638 0.07985 0.767401 0.079333 0.089777 0.760356 0.050871 0.090479 0.766284 0.046137 0.087275 0.748133 0.059286 0.088964 0.750223 0.045046 0.091303 0.756565 0.032462 0.095047 0.756357 0.032094 0.093554 0.74912 0.045449 0.092793 0.766153 0.02226 0.096564 0.766419 0.021984 0.09262 0.777131 0.014404 0.097589 0.777658 0.013318 0.091668 0.775866 0.041721 0.087511 0.791599 0.059561 0.082298 0.787297 0.074144 0.076738 0.805004 0.077904 0.075432 0.777856 0.086452 0.069186 0.79506 0.090302 0.081949 0.808919 0.063857 0.084909 0.809075 0.048041 0.091657 0.791812 0.0398 0.088182 0.803992 0.03063 0.093278 0.787709 0.00961 0.05903 0.775984 0.103304 0.065149 0.762803 0.09658 0.077153 0.752385 0.086406 0.070661 0.756832 0.099526 0.059521 0.765742 0.109417 0.081124 0.74982 0.089046 0.08855 0.744663 0.074528 0.084191 0.748647 0.073118 0.091841 0.745535 0.059829 0.052793 0.773187 0.117077 0.097085 0.785907 0.00958 0.035271 0.607284 0.093169 0.018857 0.606992 0.088551 0.047766 0.608879 0.100251 0.047992 0.6131 0.060601 0.056067 0.614957 0.108175 0.061522 0.615598 0.067611 0.076625 0.618135 0.038085 0.063998 0.614586 0.032266 0.072188 0.62495 0.002695 0.086318 0.623311 0.007781 0.052638 0.613771 0.023416 -0.000193 0.606436 0.08766 0.169959 0.07579 -0.024685 0.200565 0.059682 -0.002243 0.189575 0.062757 -0.035913 0.124379 0.081608 -0.038323 0.147964 0.075747 -0.018195 0.142154 0.079785 -0.040647 0.10667 0.089073 -0.058372 0.088944 0.085738 -0.072108 0.086434 0.076542 -0.051261 0.123375 0.09008 -0.051511 0.10563 0.078701 -0.042788 0.103619 0.076107 -0.017857 0.126194 0.079856 -0.015685 0.153114 0.069809 0.008302 0.178345 0.074208 0.005274 0.103354 0.070647 0.010291 0.128777 0.077711 0.011942 0.200799 0.045051 0.051984 0.211381 0.030348 0.024736 0.203527 0.053457 0.028101 0.205885 0.027007 0.051516 0.096242 0.047368 0.05405 0.104055 0.057637 0.037303 0.077174 0.067723 0.037966 0.113715 0.043931 0.052283 0.10806 0.027745 0.060891 0.100516 0.027721 0.062782 0.110962 0.010653 0.056879 0.094041 0.012327 0.057943 0.167645 0.043609 0.050178 0.182206 0.066741 0.032348 0.156974 0.056203 0.034052 0.184611 0.058946 0.049493 0.162679 0.011988 0.055341 0.161079 0.026745 0.05978 0.153507 0.02645 0.058872 0.150558 0.013723 0.055525 0.076619 0.061675 0.052268 0.085544 0.48528 -0.012326 0.079234 0.459221 0.011512 0.090264 0.457383 -0.015804 0.075313 0.482821 0.005005 0.037085 0.553417 -0.116383 0.037689 0.578618 -0.096485 0.061604 0.55108 -0.095468 0.108589 0.424286 -0.106988 0.071529 0.446142 -0.139443 0.068926 0.47681 -0.117643 0.068292 0.418699 -0.17029 0.099909 0.387494 -0.15162 0.091908 0.463683 -0.086545 0.078473 0.351075 -0.19052 0.064693 0.398674 -0.212041 0.027896 0.225653 -0.048606 0.053403 0.253654 -0.077655 0.047431 0.231207 -0.043037 -0.000193 0.222295 -0.050634 0.028403 0.251954 -0.091591 -0.000193 0.22685 0.040776 0.027957 0.215089 -0.002822 0.028681 0.228035 0.038107 -0.000193 0.213287 -0.001927 0.030837 0.259953 0.067241 0.051268 0.230488 0.031792 -0.000193 0.260938 0.070968 -0.000193 0.3033 0.094005 0.03503 0.300791 0.088182 -0.000193 0.35129 0.09946 0.038035 0.347831 0.092319 -0.000193 0.395273 0.092002 0.038825 0.392596 0.084403 0.069965 0.340955 0.076112 0.071388 0.386502 0.064637 0.100514 0.378009 0.035742 0.100953 0.42432 -0.013257 0.087138 0.423849 0.021205 0.093384 0.331543 0.058723 0.106895 0.317799 0.047818 0.123513 0.349818 0.036645 0.12031 0.391507 -0.006542 0.145867 0.38039 -0.093897 0.109767 0.425062 -0.05363 0.095417 0.457567 -0.049386 0.13847 0.393085 -0.048989 0.064024 0.295995 0.074694 0.084178 0.290186 0.060885 0.056473 0.258252 0.058057 0.074465 0.256181 0.047591 0.150558 0.013723 0.055525 0.150162 0.001261 0.036359 0.162679 0.011988 0.055341 0.110962 0.010653 0.056879 0.115753 -0.000583 0.033734 0.084961 0.000571 0.037845 0.094041 0.012327 0.057943 0.134747 0.006763 0.055436 0.07669 0.006553 0.057847 0.060135 0.010994 0.057519 0.059359 0.010864 0.034667 0.075628 0.84568 0.00704 0.053363 0.844995 0.016331 0.06791 0.848696 0.022872 0.069124 0.84349 -0.002302 0.084235 0.842942 0.026984 0.09045 0.840455 0.005171 0.025603 0.83765 0.030991 0.043987 0.842017 0.037442 0.038552 0.837642 0.055241 0.021941 0.831328 0.048603 -0.000175 0.838282 0.029196 -0.000175 0.831051 0.046392 -0.000174 0.845307 0.010427 -0.000175 0.823053 0.065531 0.02001 0.823318 0.066531 0.021019 0.811986 0.089071 -0.000176 0.811715 0.090077 0.035059 0.830831 0.071916 0.03504 0.822534 0.090896 0.048858 0.837351 0.077938 0.053764 0.844187 0.06247 0.059812 0.848235 0.044164 0.070157 0.839877 0.067124 0.076638 0.843178 0.048926 0.087011 0.832646 0.051194 0.080571 0.830351 0.068833 0.084759 0.822413 0.068925 0.090184 0.823632 0.051713 0.097267 0.821043 0.031429 0.089387 0.815761 0.051184 0.09473 0.811729 0.031801 0.105825 0.815256 0.009674 0.102957 0.828319 0.006651 0.094795 0.831482 0.029819 0.088182 0.803992 0.03063 0.084909 0.809075 0.048041 0.085085 0.814795 0.067509 0.081949 0.808919 0.063857 0.076738 0.805004 0.077904 0.079166 0.810341 0.081704 0.072199 0.80186 0.094775 0.078508 0.817452 0.083891 0.071649 0.809208 0.098659 0.060364 0.797582 0.113564 0.06697 0.817364 0.100494 0.055989 0.806306 0.116316 0.04022 0.790403 0.126619 0.027997 0.798504 0.117151 0.022106 0.785599 0.153967 0.037815 0.778575 0.156827 0.043936 0.815802 0.110132 0.056254 0.826711 0.098277 0.045587 0.83035 0.09014 0.064044 0.834138 0.082877 0.074245 0.825024 0.084342 0.030137 0.76995 0.181644 0.041917 0.762414 0.182849 0.014052 0.761173 0.203537 0.015974 0.77337 0.180855 -0.000193 0.774055 0.181079 -0.000193 0.787124 0.154337 -0.000193 0.761122 0.203859 0.014287 0.748111 0.221425 -0.000193 0.746642 0.221663 0.016556 0.726793 0.221184 -0.000193 0.724849 0.222106 0.018886 0.708894 0.214895 -0.000193 0.70648 0.218337 0.018865 0.690435 0.209209 -0.000193 0.688728 0.212084 0.016911 0.680903 0.202385 0.034011 0.685117 0.190429 0.05179 0.687658 0.173561 0.06914 0.698413 0.1445 0.063297 0.690107 0.140184 -0.000193 0.679833 0.204867 0.067457 0.690922 0.116069 0.07299 0.691045 0.094546 0.080214 0.700792 0.077422 0.085796 0.706445 0.064473 0.094585 0.708261 0.057899 0.085787 0.707317 0.056416 0.397852 0.509805 -0.010942 0.396981 0.506674 0.000046 0.385392 0.508912 -0.000636 0.386813 0.511512 -0.012262 0.406047 0.512938 -0.006234 0.398992 0.517638 -0.017601 0.407281 0.517958 -0.01151 0.39998 0.528025 -0.017694 0.407872 0.526043 -0.012953 0.405439 0.511481 0.000429 0.39673 0.511708 0.01074 0.405591 0.514206 0.007693 0.405037 0.520862 0.011976 0.397525 0.52295 0.014706 0.400445 0.541308 -0.000059 0.389738 0.53844 -0.012214 0.389502 0.543225 -0.001329 0.400401 0.536874 -0.011274 0.407039 0.534286 -0.009864 0.40581 0.538262 0.000088 0.39998 0.528025 -0.017694 0.38933 0.529663 -0.01831 0.403694 0.545272 -0.057438 0.391679 0.538208 -0.064831 0.393735 0.547694 -0.057532 0.403156 0.535477 -0.063508 0.408746 0.54048 -0.057473 0.40405 0.548585 -0.044245 0.409399 0.546143 -0.045198 0.402187 0.540801 -0.032743 0.394301 0.550963 -0.044149 0.391936 0.543051 -0.032571 0.409032 0.537882 -0.035554 0.399162 0.529546 -0.030807 0.408368 0.52838 -0.034859 0.166946 0.554192 -0.055061 0.148128 0.548308 -0.03574 0.16748 0.548573 -0.037917 0.14738 0.553531 -0.052726 0.147257 0.549251 -0.066976 0.089994 0.47902 -0.043421 0.082626 0.48809 -0.07125 0.093033 0.496472 -0.064813 0.099052 0.488235 -0.039794 0.150243 0.538044 -0.018274 0.129909 0.540613 -0.015129 0.13107 0.520302 -0.004345 0.128182 0.553751 -0.032664 0.151921 0.520028 -0.008004 0.171024 0.504877 -0.020152 0.151764 0.501457 -0.015344 0.150801 0.496664 -0.035003 0.169662 0.499858 -0.03636 0.072538 0.66232 -0.035714 0.095377 0.662758 -0.02617 0.089106 0.640617 -0.011837 0.073891 0.642726 -0.018896 0.057684 0.641222 -0.01902 0.050998 0.655905 -0.036783 0.079631 0.677779 -0.060623 0.084458 0.674661 -0.042371 0.054623 0.675798 -0.054553 0.092728 0.684273 -0.042857 0.097474 0.683114 -0.056522 0.096575 0.683886 -0.080415 0.107098 0.685176 -0.075731 0.033048 0.667516 -0.060516 0.021683 0.688691 -0.077599 0.041433 0.692973 -0.072653 -0.000193 0.68789 -0.083872 -0.000193 0.66989 -0.078791 0.035918 0.711938 -0.0878 0.018132 0.710514 -0.091982 0.034902 0.731284 -0.094434 0.017517 0.732348 -0.098231 0.11698 0.693676 -0.100131 0.117125 0.689464 -0.097335 0.122736 0.698607 -0.101545 0.13189 0.696631 -0.105178 0.12622 0.692838 -0.103408 0.126413 0.701523 -0.098672 0.129204 0.691549 -0.101704 0.121706 0.688834 -0.094937 0.114413 0.690864 -0.074777 0.126504 0.691026 -0.094363 0.118366 0.698179 -0.076211 0.130588 0.69509 -0.095598 0.118973 0.706607 -0.07945 0.130784 0.699286 -0.097701 0.134752 0.69375 -0.103111 0.105005 0.692438 -0.055339 0.101321 0.693219 -0.042551 0.100216 0.68383 -0.035725 0.09587 0.674805 -0.034492 0.110112 0.692674 -0.035355 0.120111 0.701469 -0.044771 0.10895 0.701041 -0.045535 0.109848 0.70113 -0.055924 0.112027 0.709617 -0.056994 0.110786 0.709081 -0.045186 0.108785 0.717734 -0.041471 0.116722 0.714654 -0.034481 0.122275 0.708577 -0.0444 0.115325 0.7219 -0.059308 0.112202 0.73195 -0.05265 0.404579 0.519431 -0.036757 0.399162 0.529546 -0.030807 0.39617 0.520149 -0.035491 0.408368 0.52838 -0.034859 0.394704 0.514619 -0.045634 0.403493 0.51584 -0.046334 0.409357 0.522294 -0.03927 0.408938 0.51978 -0.047282 0.402767 0.517366 -0.054718 0.40725 0.523975 -0.055732 0.399104 0.524135 -0.063304 0.395449 0.516498 -0.056755 0.403156 0.535477 -0.063508 0.388242 0.527483 -0.063911 0.391679 0.538208 -0.064831 0.380022 0.540672 -0.0646 0.377876 0.531405 -0.061452 0.385714 0.520398 -0.056474 0.399597 0.528084 -0.075206 0.396419 0.517601 -0.07955 0.403916 0.519718 -0.083227 0.406024 0.527007 -0.079958 0.398006 0.527406 -0.107064 0.385922 0.519873 -0.101815 0.388522 0.528911 -0.108018 0.395538 0.51824 -0.101737 0.402993 0.519739 -0.099575 0.394599 0.514296 -0.090828 0.386553 0.519837 -0.078154 0.384732 0.515869 -0.090242 0.402374 0.516629 -0.09114 0.404727 0.527167 -0.104345 0.092473 0.192539 -0.088212 0.097584 0.203694 -0.080097 0.124504 0.207051 -0.092642 0.121259 0.193118 -0.094253 0.117284 0.182256 -0.107615 0.14991 0.192572 -0.089999 0.085946 0.18076 -0.103 0.14786 0.179803 -0.104931 0.174048 0.184118 -0.075756 0.169085 0.167445 -0.088879 0.068707 0.164264 -0.080439 0.071808 0.180812 -0.067275 0.180516 0.158705 -0.018119 0.191925 0.177658 0.006088 0.162725 0.154906 0.028303 0.172371 0.145149 -0.035915 0.154894 0.14117 -0.002151 0.149423 0.132313 -0.02289 0.165755 0.134326 -0.047885 0.146124 0.124036 -0.034781 0.123539 0.141775 -0.000177 0.123277 0.132865 -0.02158 0.122758 0.124476 -0.03353 0.099589 0.144678 -0.030956 0.100796 0.134124 -0.043101 0.079788 0.16043 -0.045745 0.080582 0.146608 -0.05781 0.071808 0.180812 -0.067275 0.082442 0.132559 -0.066677 0.101638 0.123151 -0.051104 0.068707 0.164264 -0.080439 0.123187 0.676753 -0.037824 0.122247 0.678765 -0.041438 0.12527 0.675382 -0.048 0.124517 0.672452 -0.0402 0.120591 0.670965 -0.04113 0.119345 0.672899 -0.044245 0.117008 0.669306 -0.034476 0.111568 0.66671 -0.024911 0.119373 0.679332 -0.042471 0.119048 0.676908 -0.04468 0.117594 0.674846 -0.043938 0.113515 0.678526 -0.040539 0.113834 0.670943 -0.039022 0.106589 0.667986 -0.03267 0.112673 0.674636 -0.040767 0.115407 0.681599 -0.037413 0.401969 0.543224 -0.100246 0.405781 0.537549 -0.103359 0.400157 0.537118 -0.106074 0.402137 0.538722 -0.079865 0.393634 0.548395 -0.088978 0.392525 0.541847 -0.079275 0.390108 0.531171 -0.074531 0.403322 0.544774 -0.089789 0.392576 0.546558 -0.099922 0.405573 0.541956 -0.091349 0.406455 0.5353 -0.081926 0.399597 0.528084 -0.075206 0.406024 0.527007 -0.079958 0.404727 0.527167 -0.104345 0.398006 0.527406 -0.107064 0.390823 0.539252 -0.107001 0.388522 0.528911 -0.108018 0.378264 0.541821 -0.107744 0.376774 0.531029 -0.107322 0.008736 0.348134 -0.674364 -0.000193 0.345833 -0.674362 -0.000193 0.355224 -0.704724 0.004876 0.357003 -0.704724 -0.000193 0.36475 -0.732847 0.005839 0.368752 -0.732847 0.010146 0.361805 -0.704724 0.016503 0.354836 -0.674347 0.011641 0.336388 -0.635898 0.012455 0.367629 -0.704724 0.019976 0.36362 -0.674325 0.027262 0.357962 -0.635898 0.022123 0.345086 -0.635898 -0.000193 0.385305 -0.674279 -0.000193 0.388934 -0.635898 0.015117 0.38373 -0.635898 0.011641 0.381286 -0.67429 0.024912 0.371888 -0.635898 0.007528 0.380516 -0.704724 -0.000193 0.383343 -0.704724 -0.000193 0.382199 -0.732847 0.004509 0.380742 -0.732847 -0.000193 0.376636 -0.748319 0.007558 0.377107 -0.732847 0.011751 0.374671 -0.704724 0.062179 0.388284 -0.262711 0.070584 0.347146 -0.257206 0.008027 0.372967 -0.732847 0.018555 0.372741 -0.674307 -0.004896 0.380742 -0.732847 -0.007945 0.377107 -0.732847 -0.007915 0.380516 -0.704724 -0.012138 0.374671 -0.704724 -0.012028 0.381286 -0.67429 -0.015504 0.38373 -0.635898 -0.0253 0.371888 -0.635898 -0.108976 0.424286 -0.106988 -0.071917 0.446142 -0.139443 -0.068679 0.418699 -0.17029 -0.100296 0.387494 -0.15162 -0.069313 0.47681 -0.117643 -0.092295 0.463683 -0.086545 -0.07886 0.351075 -0.19052 -0.06508 0.398674 -0.212041 -0.029675 0.225653 -0.048606 -0.051181 0.231207 -0.043037 -0.056165 0.253654 -0.077655 -0.029536 0.215089 -0.002822 -0.0295 0.251954 -0.091591 -0.02951 0.228035 0.038107 -0.031225 0.259953 0.067241 -0.05306 0.230488 0.031792 -0.035417 0.300791 0.088182 -0.038422 0.347831 0.092319 -0.039212 0.392596 0.084403 -0.070352 0.340955 0.076112 -0.071775 0.386502 0.064637 -0.100901 0.378009 0.035742 -0.093771 0.331543 0.058723 -0.107282 0.317799 0.047818 -0.1239 0.349818 0.036645 -0.10134 0.42432 -0.013257 -0.120697 0.391507 -0.006542 -0.146255 0.38039 -0.093897 -0.110154 0.425062 -0.05363 -0.095804 0.457567 -0.049386 -0.087525 0.423849 0.021205 -0.085931 0.48528 -0.012326 -0.090652 0.457383 -0.015804 -0.079621 0.459221 0.011512 -0.075701 0.482821 0.005005 -0.037472 0.553417 -0.116383 -0.061991 0.55108 -0.095468 -0.038076 0.578618 -0.096485 -0.138857 0.393085 -0.048989 0.037085 0.432515 0.069815 0.035124 0.470536 0.053421 -0.000193 0.47031 0.059764 0.062612 0.466281 0.034721 0.066686 0.428235 0.049359 -0.000193 0.433577 0.077422 0.097412 0.738127 0.058457 0.092598 0.736589 0.073833 0.08855 0.744663 0.074528 0.062894 0.789424 0.107775 0.05903 0.775984 0.103304 0.069186 0.79506 0.090302 0.10667 0.089073 -0.058372 0.08931 0.105611 -0.075679 0.088944 0.085738 -0.072108 0.104464 0.102215 -0.059796 0.181321 0.302765 0.039598 0.20548 0.29161 0.007331 0.191383 0.325458 -0.016666 0.169172 0.335739 0.02068 -0.000193 0.246707 -0.096344 0.149724 0.503565 -0.056176 0.148445 0.518832 -0.071011 0.167018 0.518748 -0.071606 0.147481 0.536592 -0.074551 0.166133 0.536051 -0.076514 0.166631 0.548387 -0.068766 0.168394 0.504674 -0.056352 0.150801 0.496664 -0.035003 0.169662 0.499858 -0.03636 0.187317 0.504742 -0.058266 0.186035 0.518682 -0.073698 0.398949 0.535 0.01109 0.387972 0.537856 0.009701 0.405157 0.532022 0.010096 0.397525 0.52295 0.014706 0.405037 0.520862 0.011976 0.409311 0.53201 -0.059582 0.093278 0.787709 0.00961 -0.000193 0.73276 -0.09967 -0.000193 0.710248 -0.094081 0.409311 0.53201 -0.059582 0.407872 0.526043 -0.012953 -0.000193 0.801347 0.119727 0.199827 0.011827 0.051239 0.200527 0.01086 0.024582 0.079486 0.014042 0.156762 0.088049 0.020434 0.133825 0.078809 0.027826 0.136265 0.08471 0.009609 0.154314 0.077567 0.040081 0.110482 0.090888 0.031378 0.108775 0.076652 0.051216 0.084092 0.093737 0.04103 0.083238 0.100451 0.023438 0.081319 0.097704 0.017567 0.106661 0.092656 0.010638 0.132428 0.086316 0.004082 0.15318 0.095254 0.006139 0.078283 0.093939 0.002509 0.10435 0.09039 -0.000162 0.131594 0.084047 -0.000405 0.153047 0.076692 -0.001261 0.104055 0.076034 0.000838 0.078226 0.077808 -0.002284 0.131421 0.078407 -0.001658 0.153148 0.07908 -0.000553 0.168622 0.096242 0.047368 0.05405 0.100516 0.027721 0.062782 0.094041 0.012327 0.057943 0.07669 0.006553 0.057847 0.076619 0.061675 0.052268 0.061832 0.04597 0.056573 0.062024 0.040103 0.081969 0.054941 0.023749 0.080991 0.057681 0.018505 0.1068 0.064879 0.031785 0.108332 0.062864 0.011523 0.133567 0.068409 0.021729 0.134735 0.070166 0.00437 0.154784 0.072945 0.010396 0.155822 0.05791 0.00627 0.079495 0.059735 0.003006 0.105235 0.065279 0.000248 0.13225 0.072467 -0.000811 0.153509 0.076034 0.000838 0.078226 0.076692 -0.001261 0.104055 0.077808 -0.002284 0.131421 0.078407 -0.001658 0.153148 0.07669 0.006553 0.057847 0.060135 0.010994 0.057519 0.054173 0.027972 0.05801 0.189865 0.015567 0.156807 0.199626 0.020609 0.132347 0.18908 0.030083 0.135812 0.196973 0.010339 0.15437 0.187811 0.041392 0.10883 0.201121 0.030387 0.105885 0.186597 0.050549 0.080982 0.201903 0.038574 0.079137 0.20743 0.022194 0.077189 0.206429 0.016491 0.103393 0.203544 0.009756 0.129979 0.198929 0.003476 0.152322 0.20274 0.006382 0.075161 0.202425 0.002693 0.101404 0.199608 -0.000277 0.128657 0.194821 -0.000885 0.151283 0.186899 -0.000982 0.101071 0.184932 0.000908 0.074976 0.188366 -0.0016 0.128688 0.189397 -0.001107 0.1513 0.189992 -0.000881 0.168672 0.200799 0.045051 0.051984 0.205885 0.027007 0.051516 0.199827 0.011827 0.051239 0.182549 0.005913 0.052547 0.184611 0.058946 0.049493 0.167645 0.043609 0.050178 0.169703 0.039516 0.07966 0.161522 0.02229 0.07862 0.165552 0.016295 0.103989 0.172875 0.031287 0.106513 0.172227 0.009989 0.130747 0.177569 0.021226 0.132859 0.181405 0.003984 0.152187 0.183909 0.009829 0.153698 0.165568 0.005141 0.076125 0.17034 0.001795 0.101955 0.176968 0.000276 0.129223 0.184162 -0.000086 0.151293 0.184932 0.000908 0.074976 0.186899 -0.000982 0.101071 0.188366 -0.0016 0.128688 0.189397 -0.001107 0.1513 0.182549 0.005913 0.052547 0.162679 0.011988 0.055341 0.161079 0.026745 0.05978 0.136919 0.015859 0.157644 0.146833 0.019924 0.133102 0.136467 0.030202 0.136377 0.143515 0.009388 0.15505 0.13549 0.041888 0.109555 0.148788 0.029964 0.106326 0.134449 0.051929 0.081777 0.150061 0.038296 0.079291 0.154371 0.021794 0.07773 0.153398 0.015848 0.103822 0.150336 0.00896 0.131157 0.145017 0.002784 0.153553 0.151085 0.007561 0.076015 0.150295 0.00346 0.102206 0.147534 -0.000152 0.130032 0.142177 -0.001113 0.152605 0.134557 -0.001031 0.101921 0.133092 0.001323 0.075813 0.13592 -0.002288 0.129836 0.136504 -0.001805 0.152356 0.136795 -0.000815 0.168575 0.149591 0.04352 0.050999 0.153507 0.02645 0.058872 0.150558 0.013723 0.055525 0.134747 0.006763 0.055436 0.13365 0.062957 0.049772 0.113715 0.043931 0.052283 0.116497 0.040602 0.080891 0.108659 0.02341 0.079373 0.112348 0.017345 0.105019 0.119805 0.0325 0.107518 0.118555 0.010191 0.132056 0.124088 0.021992 0.13388 0.127454 0.003298 0.153409 0.129915 0.010075 0.154716 0.112436 0.005547 0.076923 0.116807 0.001832 0.102905 0.123566 -0.000339 0.130443 0.130924 -0.000959 0.15237 0.133092 0.001323 0.075813 0.134557 -0.001031 0.101921 0.13592 -0.002288 0.129836 0.136504 -0.001805 0.152356 0.134747 0.006763 0.055436 0.110962 0.010653 0.056879 0.10806 0.027745 0.060891 0.120327 0.736462 -0.010366 0.1147 0.735398 0.005955 -0.10629 0.927205 -0.140248 -0.12434 0.955125 -0.156638 -0.113664 0.921332 -0.148451 -0.116086 0.958275 -0.148855 -0.096633 0.929615 -0.136348 -0.105844 0.960803 -0.145015 -0.128685 0.952786 -0.166709 -0.118134 0.925294 -0.162504 -0.12814 0.951636 -0.176607 -0.116562 0.927694 -0.172589 -0.111938 0.914854 -0.175142 -0.113189 0.910215 -0.163199 -0.112465 0.906282 -0.190991 -0.108531 0.919778 -0.183442 -0.109303 0.915809 -0.201162 -0.111121 0.900648 -0.167309 -0.11999 0.905734 -0.238214 -0.116399 0.8938 -0.238214 -0.111502 0.894042 -0.193658 -0.116138 0.917184 -0.238214 -0.108203 0.891551 -0.16999 -0.104767 0.885344 -0.194748 -0.107175 0.885862 -0.238214 -0.094172 0.881952 -0.19588 -0.095766 0.883637 -0.238214 -0.083292 0.884126 -0.19653 -0.085404 0.887002 -0.238214 -0.092504 0.881684 -0.174177 -0.082503 0.88293 -0.175442 -0.090539 0.879993 -0.161573 -0.101639 0.884809 -0.172217 -0.098358 0.881832 -0.158645 -0.095544 0.871979 -0.142287 -0.087557 0.870448 -0.146309 -0.079615 0.872014 -0.148617 -0.08141 0.848495 -0.120829 -0.072247 0.850443 -0.123725 -0.082203 0.88124 -0.163734 -0.104759 0.886822 -0.155503 -0.108937 0.89458 -0.152256 -0.10546 0.883643 -0.132453 -0.102202 0.876457 -0.137383 -0.104464 0.892917 -0.128751 -0.111039 0.904602 -0.149295 -0.10057 0.904896 -0.129219 -0.093465 0.8762 -0.086429 -0.08429 0.881157 -0.084551 -0.090836 0.907798 -0.122819 -0.099082 0.869535 -0.090797 -0.101376 0.862036 -0.097461 -0.099033 0.855066 -0.105952 -0.091519 0.850102 -0.114588 -0.074058 0.883581 -0.085939 -0.080928 0.909939 -0.122003 -0.064945 0.883194 -0.090515 -0.071662 0.909031 -0.124881 -0.063723 0.903139 -0.129469 -0.057664 0.879553 -0.097481 -0.053357 0.873756 -0.106772 -0.060124 0.895281 -0.136115 -0.053871 0.866385 -0.115441 -0.061598 0.887583 -0.142456 -0.058239 0.85959 -0.120859 -0.066279 0.880944 -0.146592 -0.06833 0.891596 -0.161835 -0.072389 0.875645 -0.148685 -0.074417 0.885389 -0.163695 -0.073871 0.888362 -0.175339 -0.082203 0.88124 -0.163734 -0.082503 0.88293 -0.175442 -0.083292 0.884126 -0.19653 -0.075008 0.890919 -0.196383 -0.078116 0.894104 -0.238214 -0.085404 0.887002 -0.238214 -0.070289 0.899974 -0.195351 -0.068267 0.896434 -0.173913 -0.066126 0.90537 -0.171035 -0.064533 0.899019 -0.158431 -0.063441 0.907322 -0.15364 -0.079615 0.872014 -0.148617 -0.072247 0.850443 -0.123725 -0.064474 0.854358 -0.123668 -0.065728 0.916964 -0.148997 -0.073383 0.931285 -0.146338 -0.066564 0.913811 -0.166312 -0.068411 0.922258 -0.162381 -0.072465 0.935491 -0.16112 -0.070534 0.917777 -0.176699 -0.072795 0.924638 -0.172385 -0.076163 0.935443 -0.171122 -0.081389 0.961786 -0.164124 -0.082488 0.95996 -0.174356 -0.078786 0.926304 -0.180332 -0.082348 0.935281 -0.178526 -0.087694 0.957635 -0.183209 -0.090077 0.935018 -0.183346 -0.096215 0.95545 -0.189483 -0.106509 0.953756 -0.191805 -0.09854 0.934138 -0.185322 -0.086884 0.927025 -0.185901 -0.076181 0.920336 -0.191391 -0.070008 0.910849 -0.191042 -0.076352 0.913086 -0.238214 -0.074779 0.903353 -0.238214 -0.083842 0.922276 -0.238214 -0.08565 0.924709 -0.200553 -0.095022 0.925253 -0.204379 -0.096079 0.926897 -0.238214 -0.095043 0.925365 -0.187808 -0.108991 0.970102 -0.172407 -0.108606 0.974237 -0.150149 -0.098615 0.975297 -0.152098 -0.118635 0.972072 -0.153381 -0.126249 0.968828 -0.160737 -0.130177 0.965966 -0.169834 -0.128685 0.952786 -0.166709 -0.129893 0.964374 -0.17857 -0.12814 0.951636 -0.176607 -0.12434 0.955125 -0.156638 -0.116086 0.958275 -0.148855 -0.090875 0.974965 -0.158372 -0.087364 0.973224 -0.166924 -0.088223 0.970725 -0.175719 -0.092502 0.968185 -0.183783 -0.126042 0.964214 -0.186002 -0.118719 0.964128 -0.190816 -0.10953 0.96482 -0.19248 -0.100007 0.966057 -0.18987 -0.106509 0.953756 -0.191805 -0.116111 0.952552 -0.18981 -0.12355 0.951801 -0.184533 -0.085342 0.9626 -0.153911 -0.094723 0.962287 -0.146463 -0.105844 0.960803 -0.145015 -0.087694 0.957635 -0.183209 -0.082488 0.95996 -0.174356 -0.081389 0.961786 -0.164124 -0.096215 0.95545 -0.189483 -0.097063 0.904956 -0.250776 -0.079287 0.913414 -0.247669 -0.076559 0.904194 -0.247991 -0.079226 0.895175 -0.247993 -0.086157 0.888342 -0.248157 -0.096009 0.885459 -0.248543 -0.1066 0.887777 -0.249039 -0.114965 0.895 -0.249168 -0.118538 0.905358 -0.249314 -0.078116 0.894104 -0.238214 -0.074779 0.903353 -0.238214 -0.076352 0.913086 -0.238214 -0.086469 0.921022 -0.24772 -0.083842 0.922276 -0.238214 -0.085404 0.887002 -0.238214 -0.095766 0.883637 -0.238214 -0.107175 0.885862 -0.238214 -0.116399 0.8938 -0.238214 -0.11999 0.905734 -0.238214 -0.116138 0.917184 -0.238214 -0.115897 0.916069 -0.249509 -0.107685 0.923746 -0.24952 -0.096643 0.925144 -0.248424 -0.107396 0.924718 -0.238214 -0.096079 0.926897 -0.238214 -0.106509 0.953756 -0.191805 -0.10631 0.932618 -0.184054 -0.116111 0.952552 -0.18981 -0.09854 0.934138 -0.185322 -0.112409 0.930368 -0.179867 -0.12355 0.951801 -0.184533 -0.102372 0.92318 -0.187133 -0.095043 0.925365 -0.187808 -0.095022 0.925253 -0.204379 -0.10331 0.921927 -0.204154 -0.107396 0.924718 -0.238214 -0.096079 0.926897 -0.238214 -0.086106 0.931318 -0.137146 -0.094723 0.962287 -0.146463 -0.085342 0.9626 -0.153911 -0.405545 0.532023 0.010096 -0.420815 0.531031 0.000583 -0.419419 0.525801 0.009096 -0.406197 0.538262 0.000088 -0.429694 0.523672 0.000742 -0.428689 0.519824 0.006647 -0.434133 0.515144 0.004261 -0.435539 0.516002 0.000644 -0.440746 0.50757 0.00047 -0.436576 0.508834 0.003929 -0.427817 0.512134 0.006684 -0.416016 0.5154 0.009396 -0.405424 0.520863 0.011976 -0.407426 0.534286 -0.009864 -0.418977 0.526649 -0.009464 -0.429189 0.520606 -0.005767 -0.434307 0.515629 -0.003124 -0.408259 0.526043 -0.012953 -0.428334 0.512482 -0.006411 -0.418454 0.515283 -0.009381 -0.436639 0.509212 -0.002959 -0.415638 0.509839 -0.000827 -0.406434 0.512938 -0.006234 -0.407668 0.517958 -0.01151 -0.427617 0.507641 0.000147 -0.437349 0.505293 0.000214 -0.427617 0.507641 0.000147 -0.405826 0.511481 0.000429 -0.415638 0.509839 -0.000827 -0.405978 0.514206 0.007693 -0.405826 0.511481 0.000429 -0.40942 0.537882 -0.035554 -0.424137 0.539721 -0.044793 -0.419988 0.531751 -0.035446 -0.409786 0.546143 -0.045198 -0.433161 0.529739 -0.046118 -0.430691 0.525085 -0.039329 -0.435908 0.519478 -0.042587 -0.437631 0.520166 -0.046897 -0.441072 0.511265 -0.04684 -0.436961 0.512811 -0.043539 -0.427548 0.517254 -0.040726 -0.417997 0.520787 -0.038766 -0.409744 0.522294 -0.03927 -0.408755 0.52838 -0.034859 -0.409133 0.54048 -0.057473 -0.421229 0.534563 -0.057411 -0.431163 0.526252 -0.053351 -0.435845 0.519968 -0.050767 -0.409698 0.53201 -0.059582 -0.428367 0.518537 -0.053477 -0.418775 0.52218 -0.056221 -0.437484 0.513332 -0.050157 -0.417244 0.517406 -0.047603 -0.409325 0.51978 -0.047282 -0.407637 0.523975 -0.055732 -0.426735 0.514445 -0.047514 -0.437666 0.509546 -0.046968 -0.417244 0.517406 -0.047603 -0.409325 0.51978 -0.047282 -0.426735 0.514445 -0.047514 -0.406842 0.5353 -0.081926 -0.419858 0.531515 -0.091612 -0.416737 0.526663 -0.083197 -0.40596 0.541956 -0.091349 -0.427323 0.522437 -0.091928 -0.426386 0.519105 -0.086737 -0.430701 0.513737 -0.08897 -0.43146 0.514449 -0.091935 -0.434857 0.507621 -0.091442 -0.432432 0.508048 -0.088951 -0.425524 0.512046 -0.08653 -0.415629 0.516318 -0.084078 -0.404303 0.519718 -0.083227 -0.406411 0.527007 -0.079958 -0.406168 0.537549 -0.103359 -0.416824 0.527295 -0.101207 -0.426013 0.519556 -0.097191 -0.43028 0.514184 -0.094907 -0.405114 0.527167 -0.104345 -0.425051 0.512505 -0.097353 -0.415124 0.516777 -0.099328 -0.432292 0.508143 -0.094459 -0.414559 0.512522 -0.091727 -0.402761 0.516629 -0.09114 -0.40338 0.519739 -0.099575 -0.425384 0.507707 -0.091683 -0.414559 0.512522 -0.091727 -0.402761 0.516629 -0.09114 -0.433607 0.504622 -0.091053 -0.035971 0.749888 0.215152 -0.031203 0.73168 0.215753 -0.027439 0.749919 0.219218 -0.036768 0.739112 0.206537 -0.037662 0.756043 0.202391 -0.027197 0.760253 0.202963 -0.043588 0.74781 0.201914 -0.049107 0.747849 0.18589 -0.049872 0.725293 0.193222 -0.039112 0.711245 0.205588 -0.058421 0.702042 0.178593 -0.038542 0.693933 0.201172 -0.059833 0.722604 0.166957 -0.070048 0.718529 0.142514 -0.068896 0.744839 0.134212 -0.075681 0.74245 0.117326 -0.062898 0.762716 0.110093 -0.052718 0.773187 0.120117 -0.059253 0.750127 0.156544 -0.049388 0.783667 0.126814 -0.049392 0.768722 0.158019 -0.071438 0.755459 0.099834 -0.082434 0.739758 0.102927 -0.088251 0.737335 0.089479 -0.082116 0.748475 0.08853 -0.077087 0.716796 0.120604 -0.083581 0.717283 0.102562 -0.07748 0.69714 0.119943 -0.082584 0.697908 0.098772 -0.088943 0.720618 0.086982 -0.087662 0.705251 0.080275 -0.09446 0.725807 0.071819 -0.093331 0.713356 0.064677 -0.099665 0.723066 0.052095 -0.09849 0.731209 0.056958 -0.104193 0.736625 0.040958 -0.104314 0.729313 0.037309 -0.101133 0.717294 0.050696 -0.108582 0.741763 0.024407 -0.109092 0.731644 0.020267 -0.106526 0.72567 0.036479 -0.102281 0.74946 0.026679 -0.107291 0.75839 0.012408 -0.1118 0.743652 0.008487 -0.100675 0.741927 0.042139 -0.117429 0.740497 -0.007344 -0.115172 0.750817 -0.006927 -0.119476 0.743146 -0.025276 -0.122156 0.753426 -0.030274 -0.118474 0.743096 -0.043999 -0.123782 0.754365 -0.04772 -0.11499 0.734957 -0.032583 -0.113914 0.762113 -0.010135 -0.123632 0.735733 -0.022283 -0.125327 0.732614 -0.031477 -0.110748 0.726709 -0.036854 -0.126582 0.725283 -0.033496 -0.096298 0.754889 0.03056 -0.094615 0.747532 0.044636 -0.09252 0.74443 0.059915 -0.097799 0.738127 0.058457 -0.111466 0.774823 -0.014982 -0.102519 0.782951 -0.001157 -0.10767 0.787648 -0.021188 -0.1061 0.794394 -0.00646 -0.102975 0.801292 0.011052 -0.099093 0.786763 0.005548 -0.098289 0.775554 0.010174 -0.101311 0.771664 0.004801 -0.097671 0.764529 0.019037 -0.118342 0.782762 -0.037181 -0.121253 0.768768 -0.031967 -0.120574 0.778725 -0.054728 -0.124738 0.766428 -0.049736 -0.130353 0.77574 -0.074492 -0.117635 0.784549 -0.082611 -0.115399 0.791431 -0.062203 -0.106334 0.80502 -0.070242 -0.095999 0.796834 -0.083686 -0.08464 0.788656 -0.093551 -0.101902 0.779597 -0.095579 -0.14183 0.771896 -0.095663 -0.133217 0.775345 -0.100448 -0.123357 0.774103 -0.106743 -0.136814 0.766429 -0.070071 -0.138584 0.756785 -0.068141 -0.136097 0.747558 -0.068657 -0.147934 0.766564 -0.092936 -0.169835 0.76785 -0.131716 -0.151142 0.760421 -0.091674 -0.151343 0.754008 -0.091971 -0.130849 0.738891 -0.072646 -0.148728 0.74798 -0.094214 -0.143506 0.74307 -0.098464 -0.114701 0.768482 -0.111364 -0.109403 0.760643 -0.114749 -0.110662 0.75012 -0.115832 -0.121601 0.740794 -0.111801 -0.087058 0.727475 -0.097896 -0.077139 0.744032 -0.102835 -0.054206 0.746696 -0.0942 -0.054067 0.729594 -0.090746 -0.086989 0.710243 -0.087492 -0.054625 0.713535 -0.083595 -0.065826 0.695438 -0.07683 -0.091007 0.694547 -0.088653 -0.105366 0.704271 -0.093963 -0.135078 0.740009 -0.104504 -0.113913 0.72658 -0.092274 -0.122216 0.7301 -0.079596 -0.112925 0.717017 -0.088172 -0.116891 0.718638 -0.076423 -0.118054 0.708706 -0.090987 -0.079941 0.758569 -0.102125 -0.088874 0.770293 -0.100428 -0.06923 0.777589 -0.097341 -0.058915 0.763221 -0.095892 -0.059883 0.798269 -0.107866 -0.077519 0.807333 -0.103839 -0.044037 0.771861 -0.099691 -0.023979 0.782399 -0.100959 -0.042375 0.810016 -0.111244 -0.033199 0.822869 -0.106519 -0.016924 0.804986 -0.098123 -0.019287 0.754798 -0.099357 -0.03712 0.751029 -0.096348 -0.088813 0.814762 -0.094145 -0.083068 0.841675 -0.122809 -0.09484 0.844963 -0.114104 -0.097212 0.822728 -0.081907 -0.110631 0.812908 -0.054706 -0.114901 0.797135 -0.044752 -0.107769 0.821808 -0.036846 -0.110206 0.802207 -0.02861 -0.107533 0.80765 -0.012939 -0.103662 0.823072 -0.016807 -0.08913 0.836943 -0.0137 -0.091987 0.836596 -0.028544 -0.090472 0.853054 -0.045175 -0.101167 0.841387 -0.056895 -0.101601 0.831313 -0.069416 -0.106516 0.858951 -0.092912 -0.105107 0.867755 -0.083471 -0.103195 0.850957 -0.103478 -0.096902 0.876422 -0.075187 -0.093465 0.8762 -0.086429 -0.099082 0.869535 -0.090797 -0.062682 0.854842 -0.037249 -0.081358 0.882675 -0.072319 -0.048124 0.858714 -0.049668 -0.02816 0.848876 -0.014913 -0.024662 0.848403 -0.031559 -0.060577 0.841834 -0.015082 -0.034762 0.844034 0.00671 -0.019992 0.845872 -0.046415 -0.016156 0.841091 -0.061435 -0.014282 0.833008 -0.076272 -0.033447 0.852764 -0.072989 -0.030026 0.845121 -0.085586 -0.029439 0.835069 -0.097515 -0.014114 0.821033 -0.089179 -0.039549 0.857269 -0.060911 -0.067607 0.884115 -0.076911 -0.047142 0.862147 -0.114311 -0.050726 0.854389 -0.122722 -0.058445 0.847164 -0.128257 -0.064474 0.854358 -0.123668 -0.058239 0.85959 -0.120859 -0.070125 0.841981 -0.127902 -0.072247 0.850443 -0.123725 -0.08141 0.848495 -0.120829 -0.091519 0.850102 -0.114588 -0.099033 0.855066 -0.105952 -0.101376 0.862036 -0.097461 -0.053871 0.866385 -0.115441 -0.053357 0.873756 -0.106772 -0.046876 0.870234 -0.104309 -0.050246 0.877535 -0.093912 -0.057181 0.882606 -0.084377 -0.064945 0.883194 -0.090515 -0.074058 0.883581 -0.085939 -0.08429 0.881157 -0.084551 -0.057664 0.879553 -0.097481 -0.009492 0.646897 0.119415 -0.016242 0.637351 0.132922 -0.018855 0.644892 0.122892 -0.009087 0.636785 0.13372 -0.011593 0.662235 0.098461 -0.015028 0.680813 0.066138 -0.023513 0.731466 0.018783 -0.02338 0.698205 0.02473 -0.024067 0.658165 0.103236 -0.034315 0.651552 0.10684 -0.028208 0.638921 0.126333 -0.032486 0.631852 0.127703 -0.040653 0.644594 0.108256 -0.021612 0.62413 0.138351 -0.019234 0.631035 0.136473 -0.011504 0.620922 0.143203 -0.010259 0.627337 0.140242 -0.041583 0.669361 0.079185 -0.029281 0.677417 0.074335 -0.056311 0.689363 0.048411 -0.049244 0.660524 0.080504 -0.04214 0.695186 0.037739 -0.055296 0.651009 0.080438 -0.061437 0.678528 0.050808 -0.066768 0.674096 0.058855 -0.069458 0.671724 0.065836 -0.060004 0.653536 0.088916 -0.049123 0.634286 0.110985 -0.044301 0.63781 0.108026 -0.039392 0.62551 0.134626 -0.035533 0.626486 0.129645 -0.027036 0.621921 0.150126 -0.024206 0.621544 0.143689 -0.014223 0.619948 0.158553 -0.012687 0.619193 0.150582 -0.070458 0.708682 0.062939 -0.086174 0.707317 0.056416 -0.069925 0.709617 0.053606 -0.042884 0.728972 0.044639 -0.047828 0.721699 0.027345 -0.044154 0.733584 0.062444 -0.044672 0.733256 0.080574 -0.045166 0.7312 0.099029 -0.045324 0.731259 0.119461 -0.040323 0.726887 0.14262 -0.031158 0.718179 0.162804 -0.042032 0.696944 0.16276 -0.022737 0.709087 0.178094 -0.028836 0.692367 0.182336 -0.013022 0.687565 0.190247 -0.052675 0.700626 0.139357 -0.057791 0.701908 0.115498 -0.059323 0.7009 0.094451 -0.064795 0.704865 0.076637 -0.017298 0.680903 0.202385 -0.034398 0.685117 0.190429 -0.052178 0.687658 0.173561 -0.063684 0.690107 0.140184 -0.067844 0.690922 0.116069 -0.073377 0.691045 0.094546 -0.080602 0.700792 0.077422 -0.086183 0.706445 0.064473 -0.021775 0.597785 0.132952 -0.037921 0.601743 0.126668 -0.027472 0.600676 0.119161 -0.026779 0.597935 0.1422 -0.014508 0.595827 0.149628 -0.012606 0.596633 0.13429 -0.014661 0.600186 0.115634 -0.018006 0.599205 0.157361 -0.020092 0.6041 0.163617 -0.020224 0.609814 0.167048 -0.031932 0.601486 0.146714 -0.035808 0.605971 0.151753 -0.044198 0.605979 0.136152 -0.04892 0.610158 0.139401 -0.036507 0.611051 0.155471 -0.049937 0.614217 0.142921 -0.060244 0.619397 0.111569 -0.060209 0.625315 0.114973 -0.033856 0.619477 0.157397 -0.047012 0.62206 0.143505 -0.057407 0.629764 0.116859 -0.043716 0.625992 0.139718 -0.053248 0.633473 0.114809 -0.070098 0.64878 0.095939 -0.063765 0.655639 0.095552 -0.049123 0.634286 0.110985 -0.039392 0.62551 0.134626 -0.060004 0.653536 0.088916 -0.027036 0.621921 0.150126 -0.030652 0.623237 0.156593 -0.016592 0.621382 0.164319 -0.014223 0.619948 0.158553 -0.019135 0.618163 0.167003 -0.078288 0.664963 0.069896 -0.073324 0.669887 0.070055 -0.069458 0.671724 0.065836 -0.100431 0.68519 0.055044 -0.096267 0.692882 0.060822 -0.088105 0.69961 0.059195 -0.088972 0.655631 0.064352 -0.072977 0.637624 0.089549 -0.08853 0.641227 0.049689 -0.106974 0.664529 0.030159 -0.106678 0.675711 0.045789 -0.073361 0.629656 0.081814 -0.0839 0.62752 0.045078 -0.069415 0.624367 0.074947 -0.116543 0.684397 0.002516 -0.113228 0.685245 -0.013496 -0.115574 0.674 -0.013678 -0.119358 0.674412 -0.027554 -0.118132 0.679204 -0.028756 -0.116992 0.690833 -0.023114 -0.125354 0.702426 -0.014491 -0.12073 0.699392 0.000267 -0.121362 0.710039 0.009448 -0.127269 0.712211 -0.004567 -0.132021 0.71761 -0.019141 -0.127075 0.710835 -0.021589 -0.125791 0.706909 -0.029227 -0.127181 0.700807 -0.027829 -0.120704 0.695828 -0.031184 -0.116941 0.681613 -0.032229 -0.110499 0.692674 -0.035355 -0.11114 0.685416 -0.031397 -0.136184 0.721972 -0.029597 -0.146297 0.729553 -0.035713 -0.133153 0.722113 -0.014685 -0.142383 0.728973 -0.038534 -0.129603 0.718868 -0.029378 -0.126582 0.725283 -0.033496 -0.100603 0.68383 -0.035725 -0.107692 0.68088 -0.036368 -0.096258 0.674805 -0.034492 -0.105551 0.674495 -0.0368 -0.151163 0.736178 -0.044483 -0.14586 0.731907 -0.032874 -0.144825 0.734753 -0.0343 -0.142253 0.736678 -0.034504 -0.128304 0.730401 -0.012089 -0.131539 0.726739 -0.013321 -0.126489 0.719795 0.000665 -0.12435 0.725711 0.003432 -0.120332 0.718359 0.015307 -0.119903 0.724601 0.018546 -0.115078 0.720858 0.034261 -0.116042 0.71463 0.030792 -0.119605 0.695936 0.015273 -0.111019 0.699061 0.040088 -0.11834 0.706423 0.024797 -0.113106 0.688949 0.030301 -0.116485 0.729627 0.020325 -0.121385 0.730757 0.004823 -0.125173 0.734487 -0.014095 -0.123632 0.735733 -0.022283 -0.142654 0.737412 -0.038978 -0.120714 0.736462 -0.010366 -0.115087 0.735398 0.005955 -0.109092 0.731644 0.020267 -0.109799 0.725103 0.035705 -0.103403 0.713511 0.049317 -0.101133 0.717294 0.050696 -0.106526 0.72567 0.036479 -0.139623 0.735015 -0.039646 -0.125327 0.732614 -0.031477 -0.143546 0.73308 -0.042381 -0.117109 0.714654 -0.034481 -0.122471 0.711447 -0.031855 -0.128153 0.70922 -0.042234 -0.122662 0.708577 -0.0444 -0.133067 0.70811 -0.050556 -0.131649 0.707596 -0.053309 -0.120498 0.701469 -0.044771 -0.135095 0.706397 -0.05106 -0.135341 0.706194 -0.055029 -0.129531 0.704568 -0.052434 -0.13298 0.703491 -0.052356 -0.134564 0.70414 -0.049741 -0.13094 0.706341 -0.040695 -0.131023 0.702342 -0.040424 -0.12688 0.699692 -0.04265 -0.085749 0.76998 0.066576 -0.089354 0.778508 0.057445 -0.08845 0.769584 0.058012 -0.084957 0.775867 0.069729 -0.088415 0.761161 0.060131 -0.084895 0.762901 0.070638 -0.080237 0.767401 0.079333 -0.090164 0.760356 0.050871 -0.090866 0.766284 0.046137 -0.087662 0.748133 0.059286 -0.089351 0.750223 0.045046 -0.09169 0.756565 0.032462 -0.096298 0.754889 0.03056 -0.094615 0.747532 0.044636 -0.09318 0.766153 0.02226 -0.097671 0.764529 0.019037 -0.093007 0.777131 0.014404 -0.098289 0.775554 0.010174 -0.087898 0.791599 0.059561 -0.092055 0.775866 0.041721 -0.092044 0.791812 0.0398 -0.088569 0.803992 0.03063 -0.093665 0.787709 0.00961 -0.085296 0.809075 0.048041 -0.082336 0.808919 0.063857 -0.077125 0.805004 0.077904 -0.082685 0.787297 0.074144 -0.075819 0.777856 0.086452 -0.069573 0.79506 0.090302 -0.061648 0.775984 0.103304 -0.065536 0.762803 0.09658 -0.07754 0.752385 0.086406 -0.071438 0.755459 0.099834 -0.062898 0.762716 0.110093 -0.082116 0.748475 0.08853 -0.088937 0.744663 0.074528 -0.084578 0.748647 0.073118 -0.09252 0.74443 0.059915 -0.052718 0.773187 0.120117 -0.035658 0.607284 0.093169 -0.019244 0.606992 0.088551 -0.048153 0.608879 0.100251 -0.048379 0.6131 0.060601 -0.056454 0.614957 0.108175 -0.061909 0.615598 0.067611 -0.077012 0.618135 0.038085 -0.064385 0.614586 0.032266 -0.072575 0.62495 0.002695 -0.086705 0.623311 0.007781 -0.053025 0.613771 0.023416 -0.170346 0.07579 -0.024685 -0.189962 0.062757 -0.035913 -0.200952 0.059682 -0.002242 -0.124766 0.081608 -0.038323 -0.142542 0.079785 -0.040647 -0.148351 0.075747 -0.018195 -0.107057 0.089073 -0.058372 -0.086821 0.076542 -0.051261 -0.089331 0.085738 -0.072108 -0.123762 0.09008 -0.051511 -0.106017 0.078701 -0.042788 -0.104006 0.076107 -0.017857 -0.126581 0.079856 -0.015685 -0.153501 0.069809 0.008303 -0.178732 0.074208 0.005274 -0.129164 0.077711 0.011942 -0.103741 0.070647 0.010291 -0.201186 0.045051 0.051984 -0.203915 0.053457 0.028101 -0.211768 0.030348 0.024736 -0.206272 0.027007 0.051516 -0.114102 0.043931 0.052283 -0.096629 0.047368 0.05405 -0.104443 0.057637 0.037303 -0.077561 0.067722 0.037966 -0.108447 0.027745 0.060891 -0.100903 0.027721 0.062782 -0.111349 0.010653 0.056879 -0.094428 0.012327 0.057943 -0.168033 0.043609 0.050178 -0.182593 0.066741 0.032349 -0.184998 0.058946 0.049493 -0.157361 0.056203 0.034052 -0.163066 0.011988 0.055341 -0.153894 0.02645 0.058872 -0.161466 0.026745 0.05978 -0.150945 0.013723 0.055525 -0.077006 0.061675 0.052268 -0.150945 0.013723 0.055525 -0.163066 0.011988 0.055341 -0.150549 0.001261 0.036359 -0.111349 0.010653 0.056879 -0.116141 -0.000583 0.033734 -0.085349 0.000571 0.037845 -0.094428 0.012327 0.057943 -0.135134 0.006763 0.055436 -0.077077 0.006553 0.057847 -0.060522 0.010994 0.057519 -0.059746 0.010864 0.034667 -0.076015 0.84568 0.00704 -0.05375 0.844995 0.016331 -0.069511 0.84349 -0.002302 -0.068297 0.848696 0.022872 -0.084622 0.842942 0.026984 -0.090837 0.840455 0.005171 -0.02599 0.83765 0.030991 -0.044374 0.842017 0.037442 -0.038939 0.837642 0.055241 -0.022328 0.831328 0.048603 -0.020397 0.823318 0.066531 -0.021406 0.811986 0.089071 -0.035446 0.830831 0.071916 -0.035427 0.822534 0.090896 -0.049245 0.837351 0.077938 -0.054151 0.844187 0.06247 -0.060199 0.848235 0.044164 -0.070544 0.839877 0.067124 -0.077026 0.843178 0.048926 -0.087398 0.832646 0.051194 -0.080958 0.830351 0.068833 -0.085146 0.822413 0.068925 -0.090571 0.823632 0.051713 -0.097654 0.821043 0.031429 -0.089775 0.815761 0.051184 -0.095117 0.811729 0.031801 -0.106212 0.815256 0.009674 -0.103344 0.828319 0.006651 -0.095182 0.831482 0.029819 -0.088569 0.803992 0.03063 -0.085296 0.809075 0.048041 -0.085472 0.814795 0.067509 -0.082336 0.808919 0.063857 -0.077125 0.805004 0.077904 -0.079553 0.810341 0.081704 -0.072586 0.80186 0.094775 -0.078895 0.817452 0.083891 -0.072036 0.809208 0.098659 -0.060751 0.797582 0.113564 -0.067357 0.817364 0.100494 -0.056376 0.806306 0.116316 -0.042078 0.790403 0.126619 -0.028384 0.798504 0.117151 -0.022494 0.785599 0.153967 -0.038202 0.778575 0.156827 -0.044323 0.815802 0.110132 -0.056642 0.826711 0.098277 -0.045974 0.83035 0.09014 -0.064431 0.834138 0.082877 -0.074632 0.825024 0.084342 -0.030524 0.76995 0.181644 -0.042304 0.762414 0.182849 -0.014439 0.761173 0.203537 -0.016361 0.77337 0.180855 -0.014674 0.748111 0.221425 -0.016943 0.726793 0.221184 -0.019273 0.708894 0.214895 -0.019252 0.690435 0.209209 -0.017298 0.680903 0.202385 -0.034398 0.685117 0.190429 -0.052178 0.687658 0.173561 -0.069527 0.698413 0.1445 -0.063684 0.690107 0.140184 -0.067844 0.690922 0.116069 -0.073377 0.691045 0.094546 -0.080602 0.700792 0.077422 -0.086183 0.706445 0.064473 -0.094972 0.708261 0.057899 -0.086174 0.707317 0.056416 -0.398239 0.509805 -0.010942 -0.385779 0.508912 -0.000636 -0.397368 0.506674 0.000046 -0.3872 0.511512 -0.012262 -0.406434 0.512938 -0.006234 -0.399379 0.517638 -0.017601 -0.407668 0.517958 -0.01151 -0.400367 0.528025 -0.017694 -0.408259 0.526043 -0.012953 -0.405826 0.511481 0.000429 -0.397117 0.511708 0.01074 -0.405978 0.514206 0.007693 -0.405424 0.520863 0.011976 -0.397912 0.52295 0.014706 -0.400832 0.541309 -0.000059 -0.390125 0.53844 -0.012214 -0.400788 0.536874 -0.011274 -0.389889 0.543225 -0.001329 -0.407426 0.534286 -0.009864 -0.406197 0.538262 0.000088 -0.400367 0.528025 -0.017694 -0.389717 0.529663 -0.01831 -0.404081 0.545272 -0.057438 -0.394122 0.547694 -0.057532 -0.392066 0.538208 -0.064831 -0.403543 0.535477 -0.063508 -0.409133 0.54048 -0.057473 -0.404437 0.548585 -0.044245 -0.409786 0.546143 -0.045198 -0.402574 0.5408 -0.032743 -0.394688 0.550962 -0.044149 -0.392323 0.543051 -0.032571 -0.40942 0.537882 -0.035554 -0.399549 0.529546 -0.030807 -0.408755 0.52838 -0.034859 -0.167333 0.554192 -0.055061 -0.167868 0.548573 -0.037917 -0.148515 0.548308 -0.03574 -0.147767 0.553531 -0.052726 -0.147644 0.54925 -0.066976 -0.090382 0.47902 -0.043421 -0.09342 0.496472 -0.064813 -0.083013 0.48809 -0.07125 -0.099439 0.488235 -0.039794 -0.150111 0.503565 -0.056176 -0.167406 0.518748 -0.071606 -0.148832 0.518832 -0.071011 -0.147868 0.536592 -0.074551 -0.16652 0.536051 -0.076514 -0.167018 0.548387 -0.068767 -0.15063 0.538044 -0.018274 -0.128569 0.553751 -0.032664 -0.130296 0.540613 -0.015129 -0.131457 0.520302 -0.004345 -0.152308 0.520028 -0.008004 -0.171411 0.504877 -0.020152 -0.151188 0.496664 -0.035003 -0.152151 0.501457 -0.015344 -0.170049 0.499858 -0.03636 -0.168781 0.504674 -0.056352 -0.187704 0.504742 -0.058266 -0.151188 0.496664 -0.035003 -0.170049 0.499858 -0.03636 -0.186422 0.518682 -0.073698 -0.072118 0.66232 -0.035714 -0.089493 0.640617 -0.011837 -0.095764 0.662758 -0.02617 -0.074278 0.642726 -0.018896 -0.058072 0.641222 -0.01902 -0.050817 0.655905 -0.036783 -0.081708 0.677912 -0.060665 -0.084845 0.674661 -0.042371 -0.05501 0.675798 -0.054553 -0.093115 0.684273 -0.042857 -0.033435 0.667516 -0.060516 -0.02207 0.688691 -0.077599 -0.04182 0.692973 -0.072653 -0.036305 0.711938 -0.0878 -0.018519 0.710514 -0.091982 -0.035289 0.731284 -0.094434 -0.017904 0.732348 -0.098231 -0.096962 0.683886 -0.080415 -0.099869 0.683262 -0.056569 -0.107485 0.685176 -0.075731 -0.117367 0.693676 -0.100131 -0.117512 0.689464 -0.097335 -0.123123 0.698607 -0.101545 -0.132277 0.696631 -0.105178 -0.126607 0.692838 -0.103408 -0.1268 0.701523 -0.098672 -0.129591 0.691549 -0.101704 -0.1148 0.690864 -0.074777 -0.122093 0.688834 -0.094937 -0.126891 0.691026 -0.094363 -0.118753 0.698179 -0.076211 -0.130975 0.69509 -0.095598 -0.11936 0.706607 -0.07945 -0.131171 0.699286 -0.097701 -0.13514 0.69375 -0.103111 -0.112523 0.701283 -0.055975 -0.107577 0.692588 -0.055388 -0.109337 0.701041 -0.045535 -0.101708 0.693219 -0.042551 -0.100603 0.68383 -0.035725 -0.096258 0.674805 -0.034492 -0.110499 0.692674 -0.035355 -0.120498 0.701469 -0.044771 -0.114762 0.709771 -0.057048 -0.111173 0.709081 -0.045186 -0.109172 0.717734 -0.041471 -0.117109 0.714654 -0.034481 -0.118156 0.722057 -0.059365 -0.112589 0.73195 -0.05265 -0.122662 0.708577 -0.0444 -0.404966 0.519431 -0.036757 -0.399549 0.529546 -0.030807 -0.408755 0.52838 -0.034859 -0.396557 0.520149 -0.035491 -0.395091 0.514619 -0.045634 -0.40388 0.51584 -0.046334 -0.409744 0.522294 -0.03927 -0.409325 0.51978 -0.047282 -0.403154 0.517365 -0.054718 -0.407637 0.523975 -0.055732 -0.399491 0.524135 -0.063304 -0.395837 0.516498 -0.056755 -0.403543 0.535477 -0.063508 -0.388629 0.527483 -0.063911 -0.392066 0.538208 -0.064831 -0.380409 0.540672 -0.0646 -0.378263 0.531405 -0.061452 -0.386101 0.520398 -0.056474 -0.399984 0.528084 -0.075206 -0.404303 0.519718 -0.083227 -0.396806 0.517601 -0.07955 -0.406411 0.527007 -0.079958 -0.398393 0.527406 -0.107064 -0.388909 0.528911 -0.108018 -0.386309 0.519873 -0.101815 -0.395925 0.51824 -0.101737 -0.40338 0.519739 -0.099575 -0.394986 0.514296 -0.090828 -0.38694 0.519837 -0.078154 -0.385119 0.515869 -0.090242 -0.402761 0.516629 -0.09114 -0.405114 0.527167 -0.104345 -0.096401 0.192539 -0.088212 -0.122344 0.193118 -0.094253 -0.124891 0.207051 -0.092642 -0.101848 0.203694 -0.080097 -0.118289 0.182256 -0.107615 -0.150297 0.192572 -0.089999 -0.08867 0.18076 -0.103 -0.148247 0.179803 -0.104932 -0.174435 0.184118 -0.075756 -0.169472 0.167445 -0.088879 -0.071643 0.164264 -0.080439 -0.076376 0.180812 -0.067275 -0.176799 0.145149 -0.035915 -0.158195 0.14117 -0.002151 -0.186247 0.158705 -0.018119 -0.152211 0.132313 -0.02289 -0.125074 0.141775 -0.000177 -0.124578 0.132865 -0.02158 -0.147945 0.124036 -0.034781 -0.123699 0.124476 -0.03353 -0.102546 0.144678 -0.030956 -0.102881 0.134124 -0.043101 -0.083937 0.16043 -0.045745 -0.083458 0.146608 -0.05781 -0.076376 0.180812 -0.067275 -0.084144 0.132559 -0.066677 -0.102893 0.123151 -0.051104 -0.071643 0.164264 -0.080439 -0.107057 0.089073 -0.058372 -0.089753 0.105611 -0.075679 -0.104881 0.102215 -0.059796 -0.089331 0.085738 -0.072108 -0.123574 0.676753 -0.037824 -0.122634 0.678765 -0.041438 -0.125657 0.675382 -0.048 -0.124904 0.672452 -0.0402 -0.120978 0.670965 -0.04113 -0.119732 0.672899 -0.044245 -0.117395 0.669306 -0.034476 -0.111955 0.66671 -0.024911 -0.11976 0.679332 -0.042471 -0.119435 0.676908 -0.04468 -0.117981 0.674846 -0.043938 -0.113902 0.678526 -0.040539 -0.114221 0.670943 -0.039022 -0.106976 0.667986 -0.03267 -0.11306 0.674636 -0.040767 -0.115794 0.681599 -0.037413 -0.402356 0.543224 -0.100246 -0.400544 0.537118 -0.106074 -0.406168 0.537549 -0.103359 -0.402524 0.538722 -0.079865 -0.390495 0.531171 -0.074531 -0.392912 0.541847 -0.079275 -0.394021 0.548395 -0.088978 -0.403709 0.544774 -0.089789 -0.392963 0.546558 -0.099922 -0.40596 0.541956 -0.091349 -0.406842 0.5353 -0.081926 -0.399984 0.528084 -0.075206 -0.406411 0.527007 -0.079958 -0.405114 0.527167 -0.104345 -0.398393 0.527406 -0.107064 -0.39121 0.539252 -0.107001 -0.388909 0.528911 -0.108018 -0.378651 0.541821 -0.107744 -0.377161 0.531029 -0.107322 -0.009123 0.348134 -0.674364 -0.005263 0.357003 -0.704724 -0.006226 0.368752 -0.732847 -0.010533 0.361805 -0.704724 -0.01689 0.354836 -0.674347 -0.012028 0.336388 -0.635898 -0.012842 0.367629 -0.704724 -0.020363 0.36362 -0.674325 -0.027649 0.357962 -0.635898 -0.02251 0.345086 -0.635898 -0.018942 0.372741 -0.674307 -0.008414 0.372967 -0.732847 -0.062566 0.388284 -0.262711 -0.070971 0.347146 -0.257206 -0.037472 0.432515 0.069815 -0.035511 0.470536 0.053421 -0.062999 0.466281 0.034721 -0.067073 0.428235 0.049359 -0.092985 0.736589 0.073833 -0.088937 0.744663 0.074528 -0.063282 0.789424 0.107775 -0.061648 0.775984 0.103304 -0.069573 0.79506 0.090302 -0.064411 0.295995 0.074694 -0.084565 0.290186 0.060885 -0.057051 0.258252 0.058057 -0.075542 0.256181 0.047591 -0.181708 0.302765 0.039598 -0.19177 0.325458 -0.016666 -0.205868 0.29161 0.007331 -0.169559 0.335739 0.02068 -0.399337 0.535 0.01109 -0.388359 0.537856 0.009701 -0.405545 0.532023 0.010096 -0.397912 0.52295 0.014706 -0.405424 0.520863 0.011976 -0.409698 0.53201 -0.059582 -0.093665 0.787709 0.00961 -0.409698 0.53201 -0.059582 -0.408259 0.526043 -0.012953 -0.200214 0.011827 0.051239 -0.200914 0.01086 0.024582 -0.079873 0.014042 0.156762 -0.088436 0.020434 0.133825 -0.085097 0.009609 0.154314 -0.079196 0.027826 0.136265 -0.077954 0.040081 0.110482 -0.091275 0.031378 0.108775 -0.077039 0.051216 0.084092 -0.094124 0.04103 0.083238 -0.100838 0.023438 0.081319 -0.098091 0.017567 0.106661 -0.093043 0.010638 0.132428 -0.086703 0.004082 0.15318 -0.095641 0.006139 0.078283 -0.094326 0.002509 0.10435 -0.090777 -0.000162 0.131594 -0.084434 -0.000405 0.153047 -0.07708 -0.001261 0.104055 -0.076422 0.000838 0.078226 -0.078196 -0.002284 0.131421 -0.078794 -0.001658 0.153148 -0.079467 -0.000553 0.168622 -0.096629 0.047368 0.05405 -0.100903 0.027721 0.062782 -0.094428 0.012327 0.057943 -0.077077 0.006553 0.057847 -0.077006 0.061675 0.052268 -0.062219 0.04597 0.056573 -0.062411 0.040103 0.081969 -0.055328 0.023749 0.080992 -0.058068 0.018505 0.1068 -0.065266 0.031785 0.108332 -0.063251 0.011523 0.133567 -0.068796 0.021729 0.134735 -0.070553 0.00437 0.154784 -0.073332 0.010396 0.155822 -0.058297 0.00627 0.079495 -0.060122 0.003006 0.105235 -0.065666 0.000248 0.13225 -0.072855 -0.000811 0.153509 -0.076422 0.000838 0.078226 -0.07708 -0.001261 0.104055 -0.078196 -0.002284 0.131421 -0.078794 -0.001658 0.153148 -0.077077 0.006553 0.057847 -0.060522 0.010994 0.057519 -0.05456 0.027972 0.05801 -0.190252 0.015567 0.156807 -0.200014 0.020609 0.132347 -0.19736 0.010339 0.154371 -0.189467 0.030083 0.135812 -0.188198 0.041392 0.10883 -0.201508 0.030387 0.105885 -0.186984 0.050549 0.080982 -0.20229 0.038574 0.079137 -0.207818 0.022194 0.077189 -0.206816 0.016491 0.103393 -0.203931 0.009756 0.129979 -0.199316 0.003476 0.152322 -0.203127 0.006382 0.075161 -0.202812 0.002693 0.101404 -0.199995 -0.000277 0.128657 -0.195208 -0.000885 0.151283 -0.187287 -0.000982 0.101071 -0.185319 0.000908 0.074976 -0.188753 -0.0016 0.128688 -0.189784 -0.001107 0.1513 -0.190379 -0.000881 0.168672 -0.201186 0.045051 0.051984 -0.206272 0.027007 0.051516 -0.200214 0.011827 0.051239 -0.182936 0.005913 0.052547 -0.184998 0.058946 0.049493 -0.168033 0.043609 0.050178 -0.17009 0.039516 0.07966 -0.16191 0.02229 0.07862 -0.165939 0.016295 0.103989 -0.173262 0.031287 0.106513 -0.172614 0.009989 0.130747 -0.177956 0.021226 0.132859 -0.181792 0.003984 0.152187 -0.184296 0.009829 0.153698 -0.165955 0.005141 0.076125 -0.170727 0.001795 0.101955 -0.177355 0.000276 0.129223 -0.184549 -0.000086 0.151293 -0.185319 0.000908 0.074976 -0.187287 -0.000982 0.101071 -0.188753 -0.0016 0.128688 -0.189784 -0.001107 0.1513 -0.182936 0.005913 0.052547 -0.163066 0.011988 0.055341 -0.161466 0.026745 0.05978 -0.137306 0.015859 0.157644 -0.14722 0.019924 0.133102 -0.143903 0.009388 0.15505 -0.136854 0.030202 0.136377 -0.135877 0.041888 0.109555 -0.149175 0.029964 0.106326 -0.134836 0.051929 0.081777 -0.150448 0.038296 0.079291 -0.154758 0.021794 0.07773 -0.153786 0.015848 0.103822 -0.150723 0.00896 0.131157 -0.145404 0.002784 0.153553 -0.151472 0.00756 0.076015 -0.150682 0.00346 0.102206 -0.147921 -0.000152 0.130032 -0.142564 -0.001113 0.152605 -0.134944 -0.001031 0.101921 -0.133479 0.001323 0.075813 -0.136307 -0.002288 0.129836 -0.136891 -0.001806 0.152356 -0.137182 -0.000815 0.168575 -0.149978 0.04352 0.050999 -0.153894 0.02645 0.058872 -0.150945 0.013723 0.055525 -0.135134 0.006763 0.055436 -0.134037 0.062957 0.049772 -0.114102 0.043931 0.052283 -0.116884 0.040602 0.080891 -0.109046 0.02341 0.079373 -0.112735 0.017345 0.105019 -0.120192 0.0325 0.107519 -0.118942 0.010191 0.132056 -0.124475 0.021992 0.133881 -0.127841 0.003298 0.153409 -0.130303 0.010075 0.154716 -0.112823 0.005547 0.076923 -0.117194 0.001832 0.102905 -0.123953 -0.000339 0.130443 -0.131311 -0.000959 0.15237 -0.133479 0.001323 0.075813 -0.134944 -0.001031 0.101921 -0.136307 -0.002288 0.129836 -0.136891 -0.001806 0.152356 -0.135134 0.006763 0.055436 -0.111349 0.010653 0.056879 -0.108447 0.027745 0.060891 -0.099093 0.786763 0.005548 -0.120714 0.736462 -0.010366 -0.115087 0.735398 0.005955 0.059719 0.672485 0.087806 0.05923 0.667714 0.084201 0.059035 0.656068 0.078796 -0.059802 0.672485 0.087806 -0.059309 0.667714 0.084201 -0.059703 0.651386 0.078796 0.037896 0.68918 -0.275669 0.040523 0.705242 -0.228131 0.039904 0.678438 -0.181209 0.037909 0.676755 -0.270292 0.039115 0.562982 -0.231382 0.040596 0.581806 -0.172541 0.037497 0.548241 -0.229931 0.039115 0.521044 -0.232115 0.039125 0.547941 -0.09792 0.039182 0.586676 -0.075806 0.046415 0.588034 -0.129805 0.039019 0.591555 -0.125134 0.045844 0.581227 -0.078169 0.039061 0.650634 -0.12067 0.050786 0.65873 -0.136776 0.039421 0.657871 -0.112928 0.047188 0.668772 -0.123875 0.039365 0.665391 -0.114125 0.039304 0.673347 -0.122183 0.040502 0.565298 -0.089969 0.046406 0.569273 -0.084138 0.040328 0.669928 -0.174152 0.050497 0.685247 -0.149308 0.050015 0.699011 -0.17302 0.038818 0.690763 -0.145032 0.039194 0.704214 -0.170523 0.048702 0.725364 -0.228061 0.039096 0.729256 -0.226779 0.041055 0.729348 -0.27448 0.040523 0.705242 -0.228131 0.039904 0.678438 -0.181209 0.037896 0.68918 -0.275669 0.036564 0.704642 -0.228583 0.039115 0.562982 -0.231382 0.036765 0.581073 -0.172789 0.037497 0.548241 -0.229931 0.039115 0.521044 -0.232115 0.039125 0.547941 -0.09792 0.039182 0.586676 -0.075806 0.039019 0.591555 -0.125134 0.039061 0.650634 -0.12067 0.027012 0.658525 -0.136628 0.039421 0.657871 -0.112928 0.032007 0.668431 -0.124746 0.039365 0.665391 -0.114125 0.039304 0.673347 -0.122183 0.036109 0.564589 -0.090318 0.028064 0.68517 -0.149536 0.038818 0.690763 -0.145032 0.039194 0.704214 -0.170523 0.039096 0.729256 -0.226779 0.035675 0.72923 -0.274489 0.036564 0.704642 -0.228583 -0.037896 0.68918 -0.275669 -0.040523 0.705242 -0.228131 -0.039904 0.678438 -0.181209 -0.037909 0.676755 -0.270292 -0.037751 0.670009 -0.268247 -0.038456 0.655984 -0.268479 -0.039115 0.562982 -0.231382 -0.040596 0.581806 -0.172541 -0.037497 0.548241 -0.229931 -0.039115 0.521044 -0.232115 -0.039182 0.586676 -0.075806 -0.046415 0.588034 -0.129805 -0.045844 0.581227 -0.078169 -0.039019 0.591555 -0.125134 -0.039061 0.650634 -0.12067 -0.050786 0.65873 -0.136776 -0.039421 0.657871 -0.112928 -0.047188 0.668772 -0.123875 -0.039365 0.665391 -0.114125 -0.039304 0.673347 -0.122183 -0.040502 0.565298 -0.089969 -0.046406 0.569273 -0.084138 -0.040328 0.669928 -0.174152 -0.050497 0.685247 -0.149308 -0.050015 0.699011 -0.17302 -0.038818 0.690763 -0.145032 -0.039194 0.704214 -0.170523 -0.048702 0.725364 -0.228061 -0.039096 0.729256 -0.226779 -0.041055 0.729348 -0.27448 -0.040523 0.705242 -0.228131 -0.039904 0.678438 -0.181209 -0.037896 0.68918 -0.275669 -0.036564 0.704643 -0.228583 -0.039115 0.562982 -0.231382 -0.036765 0.581073 -0.172789 -0.037497 0.548241 -0.229931 -0.039115 0.521044 -0.232115 -0.039125 0.547941 -0.09792 -0.039182 0.586676 -0.075806 -0.039019 0.591555 -0.125134 -0.039061 0.650634 -0.12067 -0.027012 0.658525 -0.136628 -0.039421 0.657871 -0.112928 -0.032007 0.668431 -0.124746 -0.039365 0.665391 -0.114125 -0.039304 0.673347 -0.122183 -0.036109 0.564589 -0.090318 -0.028064 0.68517 -0.149536 -0.038818 0.690763 -0.145032 -0.039194 0.704214 -0.170523 -0.039096 0.729256 -0.226779 -0.035675 0.72923 -0.274489 -0.036564 0.704643 -0.228583 0.06234 0.711342 0.03706 0.074915 0.701999 0.042995 0.082105 0.697287 0.052232 0.087718 0.69961 0.059195 0.106634 0.706715 0.045709 0.094585 0.708261 0.057899 0.093995 0.632299 0.015243 0.100062 0.644263 0.022973 0.097827 0.647097 -0.003384 0.103807 0.654679 0.009996 0.089106 0.640617 -0.011837 0.107587 0.666368 -0.002046 0.100356 0.661184 -0.014868 0.095377 0.662758 -0.02617 0.111807 0.677299 0.015562 0.027897 0.611275 0.053114 0.028114 0.600905 0.032683 -0.000193 0.597575 0.04008 -0.000193 0.607706 0.05824 0.094585 0.708261 0.057899 0.054063 0.055253 0.03726 0.054173 0.027972 0.05801 0.061832 0.04597 0.056573 0.047018 0.030968 0.035685 0.076512 0.074768 0.01002 0.051721 0.060741 0.006985 0.079777 0.075786 -0.022698 0.057382 0.06384 -0.030196 0.069775 0.071036 -0.070737 0.078504 0.087733 -0.095015 0.071196 0.066203 -0.10429 0.04835 0.036923 -0.034468 0.056562 0.039957 -0.073702 0.069073 0.014371 -0.073214 0.061525 0.012194 -0.034679 0.081664 0.016034 -0.108014 0.069595 0.039999 -0.107184 0.089431 0.065275 -0.128719 0.087397 0.040247 -0.133004 0.112785 0.066153 -0.144309 0.091103 0.092691 -0.122307 0.113092 0.094661 -0.132422 0.138435 0.065377 -0.132545 0.134491 0.09371 -0.123485 0.162327 0.066809 -0.110391 0.141085 0.039314 -0.136619 0.16446 0.039543 -0.111366 0.186097 0.039563 -0.079755 0.171062 0.067292 -0.071587 0.153759 0.092884 -0.106775 0.158838 0.090861 -0.081917 0.112715 0.039616 -0.149181 0.19927 0.036868 -0.04291 0.15112 0.090256 -0.063144 0.158657 0.078239 -0.049653 0.207179 0.033662 -0.007352 0.138924 0.090501 -0.052275 0.131176 0.067344 0.036412 0.13365 0.062957 0.049772 0.149591 0.04352 0.050999 0.082745 0.51513 0.005544 0.063373 0.504915 0.017763 0.076005 0.546716 -0.002915 0.054626 0.548235 0.001739 0.072288 0.562743 -0.028822 0.057558 0.568052 -0.027318 0.028872 0.541717 0.021955 0.033389 0.508653 0.036647 0.040134 0.573159 0.000033 0.047493 0.583563 -0.022491 0.069645 0.56873 -0.053179 0.057007 0.578353 -0.050701 0.051276 0.581209 -0.072193 0.06619 0.566232 -0.074113 0.048248 0.594145 -0.044146 0.041305 0.601815 -0.064358 0.025652 0.607469 -0.082445 -0.000193 0.585768 -0.110394 -0.000193 0.612757 -0.095372 0.023035 0.632048 -0.070272 -0.000193 0.637721 -0.082954 -0.000193 0.55847 -0.127287 -0.000193 0.528305 -0.142996 0.039741 0.52291 -0.130782 0.037621 0.490452 -0.142441 0.068751 0.510931 -0.098133 -0.000193 0.499099 -0.157539 0.037779 0.464805 -0.161065 -0.000193 0.477624 -0.174706 0.138686 0.351424 -0.13313 0.064795 0.305999 -0.18557 0.118599 0.31552 -0.157622 0.08892 0.290013 -0.14387 0.147081 0.276455 -0.135922 0.108668 0.255976 -0.127352 0.047544 0.221355 -0.004495 0.06674 0.274002 -0.11462 0.147829 0.364993 0.004495 0.095242 0.283628 0.050804 0.083649 0.253495 0.041234 0.065509 0.233915 0.024269 0.071901 0.22982 0.023831 0.059559 0.223228 -0.005606 0.064499 0.21527 -0.004656 0.116931 -0.001658 0.001626 0.085921 -0.001002 0.003399 0.058228 0.010311 0.003324 0.061525 0.012194 -0.034679 0.087971 -0.002746 -0.034102 0.069073 0.014371 -0.073214 0.092328 -0.001705 -0.071312 0.097733 0.001045 -0.101737 0.115934 -0.001934 -0.101041 0.116517 -0.004003 -0.07151 0.133803 -0.001436 -0.102052 0.139437 -0.002945 -0.073714 0.081664 0.016034 -0.108014 0.09696 0.009494 -0.12073 0.114249 0.001064 -0.127517 0.133848 0.00169 -0.121489 0.113046 0.01671 -0.14601 0.139975 0.017889 -0.133837 0.148414 0.002363 -0.103771 0.160155 0.018103 -0.109212 0.090784 0.019537 -0.131129 0.159635 0.0009 -0.075195 0.17759 0.015486 -0.07845 0.187844 0.01467 -0.042343 0.168005 0.000855 -0.03999 0.144533 -0.003022 -0.037995 0.116836 -0.004236 -0.035517 0.195423 0.012951 -0.007173 0.174528 0.000428 -0.004178 0.148048 -0.001034 -0.000964 0.200527 0.01086 0.024582 0.179511 -0.001025 0.027806 0.199827 0.011827 0.051239 0.182549 0.005913 0.052547 0.385218 0.514872 0.009886 0.37237 0.518615 0.008289 0.372495 0.529569 0.014315 0.357362 0.517666 0.008614 0.356344 0.530694 0.013525 0.340419 0.514602 0.005893 0.349101 0.508704 -0.008739 0.336275 0.506631 -0.022779 0.32096 0.511688 -0.005337 0.311679 0.507774 -0.033723 0.33391 0.505546 -0.046272 0.300237 0.5152 -0.014436 0.304059 0.509163 -0.066507 0.330274 0.511196 -0.073747 0.351607 0.520551 -0.064231 0.351582 0.521674 -0.077509 0.356908 0.529822 -0.07208 0.357813 0.531329 -0.065531 0.36692 0.532602 -0.061457 0.365156 0.524711 -0.056574 0.364197 0.520156 -0.043496 0.351834 0.512509 -0.047517 0.35422 0.515406 -0.032304 0.360439 0.524988 -0.032995 0.359169 0.525024 -0.024409 0.356818 0.515843 -0.020587 0.367759 0.526744 -0.03689 0.341707 0.517428 -0.088953 0.364578 0.51663 -0.01473 0.361144 0.512374 -0.003496 0.373703 0.513734 -0.00177 0.375402 0.515225 -0.012554 0.376909 0.522048 -0.019114 0.366379 0.524189 -0.019572 0.377885 0.531232 -0.019429 0.36714 0.531593 -0.02008 0.359623 0.532091 -0.023767 0.388316 0.519661 -0.018646 0.38933 0.529663 -0.01831 0.386294 0.526139 0.014061 0.377861 0.540737 -0.014063 0.377885 0.531232 -0.019429 0.36714 0.531593 -0.02008 0.366194 0.539966 -0.015952 0.357629 0.540386 -0.020672 0.359623 0.532091 -0.023767 0.356056 0.545844 -0.02932 0.360099 0.533844 -0.030306 0.368724 0.546408 -0.031873 0.369249 0.557807 -0.04379 0.35404 0.558674 -0.043859 0.337185 0.554216 -0.02317 0.334855 0.563427 -0.04228 0.311898 0.557065 -0.03019 0.321914 0.550255 -0.006095 0.30049 0.544675 -0.013925 0.354156 0.552218 -0.063343 0.332211 0.559056 -0.066372 0.369017 0.553022 -0.059851 0.344716 0.551186 -0.077853 0.352125 0.544806 -0.072105 0.337316 0.554346 -0.091081 0.320415 0.556821 -0.085461 0.303058 0.560225 -0.058464 0.297504 0.552377 -0.077084 0.295291 0.53855 -0.087033 0.315013 0.541733 -0.09696 0.332505 0.542649 -0.101667 0.348188 0.543064 -0.104433 0.350906 0.551889 -0.095232 0.365113 0.55226 -0.09866 0.363468 0.543349 -0.107481 0.366938 0.552487 -0.086275 0.354719 0.550416 -0.083406 0.368477 0.545277 -0.078344 0.358382 0.544098 -0.0766 0.369106 0.536573 -0.075425 0.360907 0.537189 -0.07418 0.356434 0.538038 -0.070895 0.35909 0.540273 -0.066061 0.368589 0.541462 -0.064629 0.382053 0.55125 -0.058405 0.380022 0.540672 -0.0646 0.38291 0.555858 -0.04367 0.380672 0.545553 -0.032138 0.378511 0.533754 -0.032909 0.388886 0.531629 -0.031514 0.368229 0.534603 -0.033096 0.285932 0.545267 -0.016704 0.311898 0.557065 -0.03019 0.287817 0.557644 -0.032903 0.30049 0.544675 -0.013925 0.303058 0.560225 -0.058464 0.286428 0.558362 -0.05731 0.285382 0.551258 -0.07488 0.297504 0.552377 -0.077084 0.295291 0.53855 -0.087033 0.284984 0.537585 -0.084877 0.297691 0.521015 -0.085362 0.285587 0.520195 -0.082508 0.287076 0.506975 -0.065587 0.304059 0.509163 -0.066507 0.311679 0.507774 -0.033723 0.288384 0.506873 -0.038008 0.285464 0.529006 -0.010392 0.29747 0.529371 -0.00612 0.286342 0.514794 -0.019076 0.300237 0.5152 -0.014436 0.288384 0.506873 -0.038008 0.311679 0.507774 -0.033723 0.271997 0.528735 -0.013571 0.272301 0.545708 -0.018771 0.24015 0.545402 -0.019592 0.239889 0.557826 -0.036449 0.208584 0.543256 -0.020498 0.208157 0.556092 -0.037497 0.18713 0.537348 -0.024657 0.185807 0.551232 -0.039003 0.209288 0.556013 -0.057415 0.18621 0.55371 -0.057261 0.126678 0.556992 -0.051927 0.126417 0.552248 -0.067954 0.126684 0.53772 -0.076747 0.105571 0.558875 -0.072124 0.105396 0.540394 -0.082095 0.084825 0.561853 -0.073559 0.083473 0.542509 -0.084889 0.06619 0.566232 -0.074113 0.061604 0.55108 -0.095468 0.085897 0.516559 -0.081682 0.068751 0.510931 -0.098133 0.106169 0.564085 -0.052546 0.086263 0.566429 -0.053212 0.069645 0.56873 -0.053179 0.088833 0.562973 -0.028746 0.108543 0.561324 -0.029578 0.072288 0.562743 -0.028822 0.110308 0.49864 -0.061896 0.10697 0.516754 -0.079327 0.128096 0.51712 -0.075594 0.112142 0.54694 -0.007097 0.093254 0.547933 -0.004596 0.076005 0.546716 -0.002915 0.097138 0.519139 -0.000431 0.112693 0.520491 -0.003332 0.082745 0.51513 0.005544 0.099494 0.495191 -0.014124 0.113456 0.497777 -0.013591 0.085544 0.48528 -0.012326 0.089994 0.47902 -0.043421 0.099052 0.488235 -0.039794 0.112928 0.491548 -0.037619 0.169269 0.536223 -0.022595 0.13101 0.498828 -0.013209 0.130633 0.493459 -0.035863 0.171347 0.519944 -0.01419 0.189002 0.520541 -0.019239 0.189531 0.505045 -0.022549 0.188425 0.49821 -0.03877 0.211088 0.522996 -0.017539 0.241868 0.526289 -0.015058 0.212671 0.505081 -0.022167 0.21246 0.496701 -0.040593 0.245126 0.49984 -0.04182 0.244357 0.508899 -0.022796 0.27737 0.506203 -0.041196 0.274733 0.514492 -0.022529 0.043024 0.64167 -0.043817 0.050877 0.630721 -0.024712 0.02769 0.650804 -0.063267 0.059631 0.625332 -0.001211 0.050613 0.616142 -0.005759 0.072188 0.62495 0.002695 0.052638 0.613771 0.023416 0.044082 0.605604 0.014456 0.376398 0.52551 -0.054937 0.385175 0.518231 -0.046006 0.376188 0.523166 -0.046317 0.386681 0.523092 -0.036517 0.377228 0.52645 -0.038148 0.388886 0.531629 -0.031514 0.378511 0.533754 -0.032909 0.368229 0.534603 -0.033096 0.360099 0.533844 -0.030306 0.368589 0.541462 -0.064629 0.35909 0.540273 -0.066061 0.356434 0.538038 -0.070895 0.360907 0.537189 -0.07418 0.3609 0.528337 -0.075719 0.367931 0.5273 -0.078433 0.369106 0.536573 -0.075425 0.365655 0.522877 -0.088226 0.356977 0.522263 -0.084454 0.363938 0.524632 -0.09885 0.351899 0.523051 -0.095602 0.363043 0.531529 -0.106933 0.348478 0.530475 -0.104099 0.333508 0.526183 -0.101278 0.317582 0.522093 -0.094259 0.297691 0.521015 -0.085362 0.379433 0.534577 -0.075097 0.376982 0.524488 -0.078877 0.390108 0.531171 -0.074531 0.375814 0.521889 -0.089639 0.375985 0.524582 -0.099675 0.376774 0.531029 -0.107322 0.075395 0.198021 -0.048412 0.07706 0.174466 -0.02705 0.068936 0.193828 -0.001433 0.090287 0.245573 0.049346 0.071901 0.22982 0.023831 0.077534 0.216869 0.033179 0.083649 0.253495 0.041234 0.095242 0.283628 0.050804 0.103194 0.276504 0.055671 0.117548 0.306011 0.056773 0.106895 0.317799 0.047818 0.141464 0.328558 0.048302 0.123513 0.349818 0.036645 0.119818 0.269418 0.068615 0.128564 0.293945 0.064044 0.105604 0.233716 0.069432 0.148794 0.267074 0.071598 0.138736 0.224872 0.078797 0.093143 0.196209 0.053852 0.128108 0.181724 0.065244 0.169594 0.181873 0.056108 0.175891 0.22198 0.066357 0.199102 0.224193 0.04588 0.200402 0.201106 0.03062 0.214649 0.233197 0.003491 0.202532 0.207125 -0.020753 0.191364 0.183874 -0.040399 0.201501 0.236007 -0.048197 0.178792 0.211061 -0.062146 0.158888 0.239046 -0.108764 0.121581 0.225508 -0.10922 0.108668 0.255976 -0.127352 0.147081 0.276455 -0.135922 0.187303 0.256117 -0.082187 0.15904 0.215521 -0.086466 0.184684 0.165556 -0.055996 0.075395 0.198021 -0.048412 0.077946 0.21698 -0.06428 0.094618 0.221435 -0.089895 0.069089 0.214075 -0.038758 0.114472 0.164285 -0.119306 0.141907 0.160227 -0.113422 0.159942 0.149999 -0.096659 0.1759 0.150731 -0.068081 0.167215 0.137004 -0.076593 0.084394 0.160139 -0.115474 0.089941 0.137674 -0.117107 0.113855 0.142218 -0.122881 0.11354 0.119903 -0.1244 0.09299 0.116876 -0.117666 0.136572 0.139643 -0.116006 0.133625 0.118523 -0.117689 0.152506 0.132779 -0.100569 0.149482 0.114512 -0.103181 0.160828 0.123381 -0.081819 0.157372 0.108941 -0.083888 0.155253 0.114232 -0.062011 0.152297 0.103739 -0.064716 0.159853 0.124155 -0.056344 0.123768 0.154014 0.033064 0.090935 0.169813 0.021916 0.096167 0.155254 -0.009976 0.143531 0.115704 -0.04259 0.141406 0.107748 -0.047953 0.139808 0.100205 -0.051437 0.122213 0.11597 -0.041366 0.071813 0.145505 -0.090573 0.102658 0.112626 -0.056643 0.121817 0.107834 -0.047016 0.085876 0.119433 -0.072947 0.078206 0.128126 -0.095849 0.081985 0.110839 -0.097231 0.078504 0.087733 -0.095015 0.122171 0.100046 -0.050898 0.138924 0.090501 -0.052275 0.15112 0.090256 -0.063144 0.158838 0.090861 -0.081917 0.153759 0.092884 -0.106775 0.134491 0.09371 -0.123485 0.113092 0.094661 -0.132422 0.091103 0.092691 -0.122307 0.078504 0.087733 -0.095015 0.081985 0.110839 -0.097231 0.078206 0.128126 -0.095849 0.071813 0.145505 -0.090573 0.379915 0.550908 -0.100266 0.363043 0.531529 -0.106933 0.348478 0.530475 -0.104099 0.333508 0.526183 -0.101278 0.317582 0.522093 -0.094259 0.297691 0.521015 -0.085362 0.380899 0.552183 -0.087938 0.38063 0.544652 -0.078893 0.379433 0.534577 -0.075097 0.03327 0.275596 -0.243918 0.058366 0.306752 -0.251107 0.037427 0.274101 -0.156653 -0.000193 0.263823 -0.241309 -0.000193 0.260499 -0.159127 -0.000193 0.272374 -0.32129 0.028193 0.281527 -0.321631 -0.000193 0.28103 -0.393758 0.022929 0.28802 -0.393758 -0.000193 0.295099 -0.463712 0.01896 0.29999 -0.463456 -0.000193 0.307227 -0.530404 0.016358 0.311204 -0.530404 -0.000193 0.32102 -0.582 0.014443 0.324479 -0.582 -0.000193 0.333612 -0.635898 0.027413 0.336328 -0.582 0.031678 0.325414 -0.530404 0.036983 0.31734 -0.462702 0.043952 0.31042 -0.393758 0.052595 0.308451 -0.322556 0.033506 0.353736 -0.582 0.038977 0.351091 -0.530404 0.046009 0.348882 -0.462614 0.054373 0.346016 -0.393758 0.064402 0.344829 -0.323604 0.030284 0.372016 -0.582 0.018198 0.387086 -0.582 -0.000193 0.393853 -0.582 -0.000193 0.399851 -0.530404 0.022135 0.390451 -0.530404 -0.000193 0.407755 -0.463206 0.026345 0.396116 -0.463203 -0.000193 0.416617 -0.393758 0.031146 0.403869 -0.393758 -0.000193 0.424288 -0.32442 0.033374 0.409929 -0.324517 -0.000193 0.435698 -0.265324 0.034922 0.418187 -0.264716 -0.000193 0.449054 -0.223577 0.03613 0.429642 -0.219623 -0.000193 0.462656 -0.193753 0.037272 0.445309 -0.184973 0.035865 0.372171 -0.530404 0.051137 0.377742 -0.393758 0.043056 0.37453 -0.463135 0.058146 0.38212 -0.324394 -0.018586 0.387086 -0.582 -0.022522 0.390451 -0.530404 -0.026732 0.396116 -0.463203 -0.031533 0.403869 -0.393758 -0.033761 0.409929 -0.324517 -0.035309 0.418187 -0.264716 -0.036518 0.429642 -0.219623 -0.03766 0.445309 -0.184973 -0.038166 0.464805 -0.161065 -0.036252 0.372171 -0.530404 -0.030671 0.372016 -0.582 -0.058533 0.38212 -0.324394 -0.051524 0.377742 -0.393758 -0.043443 0.37453 -0.463135 -0.139073 0.351424 -0.13313 -0.065182 0.305999 -0.18557 -0.118986 0.31552 -0.157622 -0.089307 0.290013 -0.14387 -0.147468 0.276455 -0.135922 -0.109055 0.255976 -0.127352 -0.085592 0.244922 -0.102546 -0.067227 0.274002 -0.11462 -0.050822 0.221355 -0.004495 -0.083132 0.51513 0.005544 -0.06376 0.504915 0.017763 -0.076392 0.546716 -0.002915 -0.055013 0.548235 0.001739 -0.072675 0.562743 -0.028822 -0.057945 0.568052 -0.027318 -0.029259 0.541717 0.021955 -0.033776 0.508653 0.036647 -0.040522 0.573159 0.000033 -0.04788 0.583563 -0.022491 -0.070032 0.56873 -0.053179 -0.057394 0.578353 -0.050701 -0.051663 0.581209 -0.072193 -0.066577 0.566232 -0.074113 -0.048635 0.594145 -0.044146 -0.041692 0.601815 -0.064358 -0.026039 0.607469 -0.082445 -0.023422 0.632048 -0.070272 -0.040128 0.52291 -0.130782 -0.038008 0.490452 -0.142441 -0.069138 0.510931 -0.098133 -0.083013 0.48809 -0.07125 -0.090382 0.47902 -0.043421 -0.148217 0.364993 0.004495 -0.170612 0.360968 -0.037122 -0.178164 0.340308 -0.077479 -0.172022 0.309534 -0.111941 0.04665 0.614475 -0.033899 0.048302 0.603502 -0.013537 0.038889 0.624073 -0.053181 0.050877 0.630721 -0.024712 0.043024 0.64167 -0.043817 0.02769 0.650804 -0.063267 0.050613 0.616142 -0.005759 0.040511 0.59382 0.006589 0.022672 0.58963 0.019869 0.028114 0.600905 0.032683 0.044082 0.605604 0.014456 -0.000193 0.597575 0.04008 -0.000193 0.588878 0.024361 -0.000193 0.565572 0.021223 0.022495 0.567048 0.015296 -0.000193 0.540909 0.030102 -0.000193 0.508494 0.043162 0.123375 0.09008 -0.051511 0.045336 0.033692 0.004123 0.058228 0.010311 0.003324 0.059359 0.010864 0.034667 0.060135 0.010994 0.057519 0.150601 0.30124 0.059935 0.182484 0.26441 0.056508 0.207555 0.254952 0.030603 0.147829 0.364993 0.004495 0.212134 0.267483 -0.024847 0.177777 0.340308 -0.077479 0.198969 0.300963 -0.052907 0.171635 0.309534 -0.111941 0.170225 0.360968 -0.037122 0.082626 0.48809 -0.07125 0.089994 0.47902 -0.043421 0.177777 0.340308 -0.077479 0.171635 0.309534 -0.111941 0.170225 0.360968 -0.037122 0.112928 0.491548 -0.037619 0.130633 0.493459 -0.035863 0.129483 0.500907 -0.058723 0.18506 0.536083 -0.081507 0.198786 0.536154 -0.082485 0.199432 0.518032 -0.07586 0.200058 0.548263 -0.071669 0.186169 0.547864 -0.071063 0.188425 0.49821 -0.03877 0.21246 0.496701 -0.040593 0.211262 0.503304 -0.061376 0.245126 0.49984 -0.04182 0.243782 0.501617 -0.064682 0.241712 0.516739 -0.0811 0.209886 0.517525 -0.077546 0.209384 0.536209 -0.083239 0.240559 0.536147 -0.0832 0.209874 0.548439 -0.072116 0.240406 0.549503 -0.072603 0.240178 0.557687 -0.056738 0.272504 0.519585 -0.080384 0.275893 0.505347 -0.064902 0.270993 0.536867 -0.083273 0.271524 0.550425 -0.07324 0.273103 0.556976 -0.056452 0.274106 0.558075 -0.034923 0.27737 0.506203 -0.041196 0.376615 0.547255 -0.00285 0.363024 0.546475 -0.005957 0.350292 0.548924 -0.011271 0.358881 0.543403 0.006374 0.341855 0.546535 0.003515 0.338071 0.530676 0.011051 0.356344 0.530694 0.013525 0.318535 0.530216 0.004353 0.29747 0.529371 -0.00612 0.374281 0.542588 0.009235 0.372495 0.529569 0.014315 0.386294 0.526139 0.014061 0.29747 0.529371 -0.00612 0.318535 0.530216 0.004353 0.338071 0.530676 0.011051 -0.000193 0.657329 -0.07897 0.090784 0.019537 -0.131129 0.113046 0.01671 -0.14601 0.139975 0.017889 -0.133837 0.160155 0.018103 -0.109212 0.17759 0.015486 -0.07845 0.187844 0.01467 -0.042343 0.195423 0.012951 -0.007173 0.052638 0.613771 0.023416 -0.000193 0.657329 -0.07897 -0.062727 0.711342 0.03706 -0.075302 0.701999 0.042995 -0.082492 0.697287 0.052232 -0.088105 0.69961 0.059195 -0.107021 0.706715 0.045709 -0.094972 0.708261 0.057899 -0.094382 0.632299 0.015243 -0.10045 0.644263 0.022973 -0.098214 0.647097 -0.003384 -0.104195 0.654679 0.009996 -0.089493 0.640617 -0.011837 -0.107974 0.666368 -0.002046 -0.100743 0.661184 -0.014868 -0.095764 0.662758 -0.02617 -0.112194 0.677299 0.015562 -0.028284 0.611275 0.053114 -0.028501 0.600905 0.032683 -0.094972 0.708261 0.057899 -0.05445 0.055253 0.03726 -0.05456 0.027972 0.05801 -0.047405 0.030968 0.035685 -0.062219 0.04597 0.056573 -0.0769 0.074768 0.01002 -0.052108 0.060741 0.006985 -0.080164 0.075786 -0.022698 -0.057769 0.06384 -0.030196 -0.070162 0.071036 -0.070736 -0.078891 0.087733 -0.095015 -0.071583 0.066203 -0.10429 -0.048737 0.036923 -0.034468 -0.056949 0.039957 -0.073702 -0.06946 0.014371 -0.073214 -0.061912 0.012194 -0.034679 -0.082051 0.016034 -0.108014 -0.069982 0.039999 -0.107184 -0.089819 0.065275 -0.128719 -0.087784 0.040247 -0.133004 -0.113172 0.066153 -0.144309 -0.09149 0.092691 -0.122307 -0.11348 0.094661 -0.132422 -0.138822 0.065377 -0.132545 -0.134879 0.09371 -0.123485 -0.162714 0.066809 -0.110391 -0.141472 0.039314 -0.136619 -0.164848 0.039543 -0.111366 -0.186484 0.039563 -0.079755 -0.171449 0.067292 -0.071587 -0.154146 0.092884 -0.106775 -0.159225 0.090861 -0.081917 -0.113102 0.039616 -0.149181 -0.199657 0.036868 -0.04291 -0.151508 0.090256 -0.063144 -0.159045 0.078239 -0.049653 -0.207566 0.033662 -0.007352 -0.139311 0.090501 -0.052275 -0.131563 0.067344 0.036412 -0.134037 0.062957 0.049772 -0.149978 0.04352 0.050999 -0.117318 -0.001658 0.001626 -0.086308 -0.001002 0.003399 -0.058615 0.010311 0.003324 -0.061912 0.012194 -0.034679 -0.088358 -0.002746 -0.034102 -0.06946 0.014371 -0.073214 -0.092716 -0.001705 -0.071312 -0.09812 0.001045 -0.101737 -0.116321 -0.001934 -0.101041 -0.116904 -0.004003 -0.07151 -0.13419 -0.001436 -0.102052 -0.139824 -0.002945 -0.073714 -0.082051 0.016034 -0.108014 -0.097347 0.009494 -0.12073 -0.114636 0.001064 -0.127517 -0.134235 0.00169 -0.121489 -0.113433 0.01671 -0.14601 -0.140362 0.017889 -0.133837 -0.148801 0.002363 -0.103771 -0.160542 0.018103 -0.109212 -0.091171 0.019537 -0.131128 -0.160022 0.0009 -0.075195 -0.177977 0.015486 -0.07845 -0.188231 0.01467 -0.042343 -0.168392 0.000855 -0.03999 -0.14492 -0.003022 -0.037995 -0.117223 -0.004236 -0.035517 -0.195811 0.012951 -0.007173 -0.174915 0.000428 -0.004178 -0.148435 -0.001034 -0.000964 -0.200914 0.01086 0.024582 -0.179898 -0.001025 0.027806 -0.200214 0.011827 0.051239 -0.182936 0.005913 0.052547 -0.385605 0.514872 0.009886 -0.372757 0.518615 0.008289 -0.372882 0.529569 0.014315 -0.357749 0.517666 0.008614 -0.356731 0.530694 0.013525 -0.340806 0.514602 0.005893 -0.349488 0.508704 -0.008739 -0.336663 0.506631 -0.022779 -0.321348 0.511688 -0.005337 -0.312066 0.507774 -0.033723 -0.334297 0.505546 -0.046272 -0.300624 0.5152 -0.014436 -0.304446 0.509163 -0.066507 -0.330661 0.511196 -0.073747 -0.351994 0.520551 -0.064231 -0.35197 0.521674 -0.077509 -0.357295 0.529822 -0.07208 -0.3582 0.531329 -0.065531 -0.367308 0.532602 -0.061457 -0.365543 0.524711 -0.056574 -0.364584 0.520156 -0.043496 -0.352221 0.512509 -0.047517 -0.354607 0.515406 -0.032304 -0.360826 0.524988 -0.032995 -0.359556 0.525024 -0.024409 -0.357205 0.515843 -0.020587 -0.368146 0.526744 -0.03689 -0.342094 0.517428 -0.088953 -0.364965 0.51663 -0.01473 -0.361531 0.512374 -0.003496 -0.374091 0.513734 -0.00177 -0.375789 0.515225 -0.012554 -0.377296 0.522048 -0.019114 -0.366766 0.524189 -0.019572 -0.378272 0.531232 -0.019429 -0.367527 0.531593 -0.02008 -0.360011 0.532091 -0.023767 -0.388703 0.519661 -0.018646 -0.389717 0.529663 -0.01831 -0.386681 0.526139 0.014061 -0.378248 0.540737 -0.014063 -0.378272 0.531232 -0.019429 -0.367527 0.531593 -0.02008 -0.366581 0.539966 -0.015952 -0.358016 0.540386 -0.020672 -0.360011 0.532091 -0.023767 -0.356443 0.545844 -0.02932 -0.360486 0.533844 -0.030306 -0.369111 0.546408 -0.031873 -0.369636 0.557807 -0.04379 -0.354427 0.558674 -0.043859 -0.337572 0.554216 -0.02317 -0.335242 0.563427 -0.04228 -0.312285 0.557065 -0.03019 -0.322301 0.550254 -0.006095 -0.300877 0.544675 -0.013925 -0.354543 0.552218 -0.063343 -0.332598 0.559056 -0.066372 -0.369405 0.553022 -0.059851 -0.345103 0.551186 -0.077853 -0.352513 0.544806 -0.072105 -0.337703 0.554346 -0.091081 -0.320802 0.556821 -0.085461 -0.303445 0.560225 -0.058464 -0.297891 0.552377 -0.077084 -0.295678 0.53855 -0.087033 -0.315401 0.541733 -0.09696 -0.332892 0.542649 -0.101667 -0.348575 0.543063 -0.104433 -0.351293 0.551889 -0.095232 -0.3655 0.55226 -0.09866 -0.363855 0.543349 -0.107481 -0.367325 0.552487 -0.086275 -0.355106 0.550416 -0.083406 -0.368864 0.545277 -0.078344 -0.358769 0.544098 -0.0766 -0.369493 0.536573 -0.075425 -0.361294 0.537189 -0.07418 -0.356821 0.538038 -0.070895 -0.359477 0.540273 -0.066061 -0.368976 0.541462 -0.064629 -0.38244 0.55125 -0.058405 -0.380409 0.540672 -0.0646 -0.383297 0.555858 -0.04367 -0.381059 0.545552 -0.032138 -0.378898 0.533754 -0.032909 -0.389274 0.531629 -0.031514 -0.368616 0.534603 -0.033096 -0.272688 0.545708 -0.018771 -0.287817 0.557644 -0.032903 -0.285652 0.545233 -0.016543 -0.274494 0.558075 -0.034922 -0.240276 0.557826 -0.036449 -0.240565 0.557687 -0.056738 -0.208544 0.556092 -0.037497 -0.209675 0.556013 -0.057415 -0.186194 0.551232 -0.039003 -0.186597 0.55371 -0.057261 -0.127065 0.556992 -0.051927 -0.126804 0.552248 -0.067954 -0.127071 0.53772 -0.076747 -0.105958 0.558875 -0.072124 -0.105783 0.540394 -0.082095 -0.085212 0.561852 -0.073559 -0.08386 0.542509 -0.084889 -0.066577 0.566232 -0.074113 -0.061991 0.55108 -0.095468 -0.086284 0.516559 -0.081682 -0.069138 0.510931 -0.098133 -0.106556 0.564085 -0.052546 -0.08665 0.566429 -0.053212 -0.070032 0.56873 -0.053179 -0.08922 0.562973 -0.028746 -0.10893 0.561324 -0.029578 -0.072675 0.562743 -0.028822 -0.110695 0.49864 -0.061896 -0.107357 0.516754 -0.079327 -0.128483 0.51712 -0.075594 -0.112529 0.54694 -0.007097 -0.113316 0.491548 -0.037619 -0.13102 0.493459 -0.035863 -0.12987 0.500907 -0.058723 -0.169656 0.536223 -0.022595 -0.131398 0.498828 -0.013209 -0.113843 0.497777 -0.013591 -0.11308 0.520491 -0.003332 -0.099881 0.495191 -0.014124 -0.097525 0.519139 -0.000431 -0.093641 0.547933 -0.004596 -0.076392 0.546716 -0.002915 -0.083132 0.51513 0.005544 -0.085931 0.48528 -0.012326 -0.090382 0.47902 -0.043421 -0.099439 0.488235 -0.039794 -0.113316 0.491548 -0.037619 -0.13102 0.493459 -0.035863 -0.171734 0.519944 -0.01419 -0.187517 0.537348 -0.024657 -0.208971 0.543256 -0.020498 -0.189389 0.520541 -0.019239 -0.189919 0.505045 -0.022549 -0.188812 0.49821 -0.03877 -0.240537 0.545402 -0.019592 -0.242255 0.526289 -0.015058 -0.211475 0.522996 -0.017539 -0.213058 0.505081 -0.022167 -0.212847 0.496701 -0.040593 -0.245513 0.49984 -0.04182 -0.244744 0.508899 -0.022796 -0.272384 0.528735 -0.013571 -0.277757 0.506203 -0.041196 -0.275121 0.514492 -0.022529 -0.286849 0.514817 -0.018807 -0.288384 0.506873 -0.038008 -0.285464 0.529006 -0.010392 -0.300877 0.544675 -0.013925 -0.312285 0.557065 -0.03019 -0.303445 0.560225 -0.058464 -0.286428 0.558362 -0.05731 -0.27349 0.556976 -0.056452 -0.240793 0.549503 -0.072603 -0.210261 0.548439 -0.072116 -0.200058 0.548263 -0.071669 -0.209772 0.536209 -0.083239 -0.198786 0.536154 -0.082485 -0.210273 0.517525 -0.077546 -0.199432 0.518032 -0.07586 -0.211649 0.503304 -0.061376 -0.242099 0.516739 -0.0811 -0.244169 0.501617 -0.064682 -0.240946 0.536147 -0.0832 -0.245513 0.49984 -0.04182 -0.212847 0.496701 -0.040593 -0.188812 0.49821 -0.03877 -0.185448 0.536083 -0.081507 -0.186556 0.547863 -0.071063 -0.277757 0.506203 -0.041196 -0.276281 0.505347 -0.064902 -0.288384 0.506873 -0.038008 -0.287076 0.506975 -0.065587 -0.272891 0.519585 -0.080384 -0.27138 0.536867 -0.083273 -0.271911 0.550425 -0.07324 -0.285587 0.520195 -0.082508 -0.284984 0.537585 -0.084877 -0.285382 0.551258 -0.07488 -0.304446 0.509163 -0.066507 -0.312066 0.507774 -0.033723 -0.298078 0.521015 -0.085362 -0.295678 0.53855 -0.087033 -0.297891 0.552377 -0.077084 -0.043411 0.64167 -0.043817 -0.051264 0.630721 -0.024712 -0.028077 0.650804 -0.063267 -0.060019 0.625332 -0.001211 -0.051 0.616142 -0.005759 -0.072575 0.62495 0.002695 -0.053025 0.613771 0.023416 -0.044469 0.605604 0.014456 -0.376785 0.525509 -0.054937 -0.385562 0.518231 -0.046006 -0.376575 0.523166 -0.046317 -0.387068 0.523092 -0.036517 -0.377615 0.52645 -0.038148 -0.389274 0.531629 -0.031514 -0.378898 0.533754 -0.032909 -0.368616 0.534603 -0.033096 -0.360486 0.533844 -0.030306 -0.368976 0.541462 -0.064629 -0.359477 0.540273 -0.066061 -0.356821 0.538038 -0.070895 -0.361294 0.537189 -0.07418 -0.361287 0.528337 -0.075719 -0.368318 0.5273 -0.078433 -0.369493 0.536573 -0.075425 -0.366043 0.522877 -0.088226 -0.357365 0.522263 -0.084454 -0.364325 0.524632 -0.09885 -0.352286 0.523051 -0.095602 -0.36343 0.531529 -0.106932 -0.348865 0.530475 -0.104099 -0.333895 0.526183 -0.101278 -0.317969 0.522093 -0.094259 -0.298078 0.521015 -0.085362 -0.37982 0.534577 -0.075097 -0.377369 0.524488 -0.078877 -0.390495 0.531171 -0.074531 -0.376201 0.521889 -0.089639 -0.376372 0.524582 -0.099675 -0.377161 0.531029 -0.107322 -0.081471 0.198021 -0.048412 -0.08206 0.174466 -0.02705 -0.073426 0.193828 -0.001433 -0.091497 0.245573 0.049346 -0.080203 0.216869 0.033179 -0.074981 0.22982 0.023831 -0.08516 0.253495 0.041234 -0.095689 0.283628 0.050804 -0.103581 0.276504 0.055671 -0.117935 0.306011 0.056773 -0.107282 0.317799 0.047818 -0.141851 0.328558 0.048302 -0.1239 0.349818 0.036645 -0.120205 0.269418 0.068615 -0.128951 0.293945 0.064044 -0.105991 0.233716 0.069432 -0.149181 0.267074 0.071598 -0.139123 0.224872 0.078797 -0.169981 0.181873 0.056108 -0.128495 0.181724 0.065244 -0.176278 0.22198 0.066357 -0.199489 0.224193 0.04588 -0.200789 0.201106 0.03062 -0.195367 0.177658 0.006088 -0.215036 0.233197 0.003491 -0.206022 0.207125 -0.020753 -0.195245 0.183874 -0.040399 -0.201888 0.236007 -0.048197 -0.179179 0.211061 -0.062146 -0.159275 0.239046 -0.108764 -0.109055 0.255976 -0.127352 -0.121968 0.225508 -0.10922 -0.085592 0.244922 -0.102546 -0.097769 0.221435 -0.089895 -0.147468 0.276455 -0.135922 -0.18769 0.256118 -0.082187 -0.159428 0.215521 -0.086466 -0.187936 0.165556 -0.055996 -0.081471 0.198021 -0.048412 -0.08356 0.21698 -0.06428 -0.075059 0.214075 -0.038758 -0.115261 0.164285 -0.119306 -0.142294 0.160227 -0.113422 -0.160544 0.149999 -0.096659 -0.178291 0.150731 -0.068081 -0.168816 0.137004 -0.076593 -0.08563 0.160139 -0.115474 -0.090494 0.137674 -0.117107 -0.114275 0.142218 -0.122881 -0.113927 0.119903 -0.1244 -0.093378 0.116876 -0.117666 -0.136959 0.139643 -0.116006 -0.134012 0.118523 -0.117689 -0.153008 0.132779 -0.100569 -0.149869 0.114512 -0.103181 -0.161704 0.123381 -0.081819 -0.157759 0.108941 -0.083888 -0.156142 0.114232 -0.062011 -0.152735 0.103739 -0.064716 -0.161679 0.124155 -0.056344 -0.078984 0.128126 -0.095849 -0.073418 0.145505 -0.090573 -0.082395 0.110839 -0.097231 -0.134879 0.09371 -0.123485 -0.11348 0.094661 -0.132422 -0.09149 0.092691 -0.122307 -0.159225 0.090861 -0.081917 -0.154146 0.092884 -0.106775 -0.078891 0.087733 -0.095015 -0.151508 0.090256 -0.063144 -0.140195 0.100205 -0.051437 -0.14195 0.107749 -0.047953 -0.144544 0.115704 -0.04259 -0.168755 0.134326 -0.047885 -0.164906 0.154906 0.028303 -0.124784 0.154014 0.033064 -0.093494 0.169813 0.021916 -0.094325 0.196209 0.053852 -0.09954 0.155254 -0.009976 -0.122818 0.11597 -0.041366 -0.073418 0.145505 -0.090573 -0.103343 0.112626 -0.056643 -0.122238 0.107834 -0.047016 -0.086762 0.119433 -0.072947 -0.078984 0.128126 -0.095849 -0.082395 0.110839 -0.097231 -0.078891 0.087733 -0.095015 -0.122559 0.100046 -0.050898 -0.139311 0.090501 -0.052275 -0.123762 0.09008 -0.051511 -0.380303 0.550908 -0.100266 -0.36343 0.531529 -0.106932 -0.348865 0.530475 -0.104099 -0.333895 0.526183 -0.101278 -0.317969 0.522093 -0.094259 -0.298078 0.521015 -0.085362 -0.381286 0.552183 -0.087938 -0.381017 0.544652 -0.078893 -0.37982 0.534577 -0.075097 -0.033657 0.275596 -0.243918 -0.037814 0.274101 -0.156653 -0.058753 0.306752 -0.251107 -0.02858 0.281527 -0.321631 -0.023316 0.28802 -0.393758 -0.019347 0.29999 -0.463456 -0.016745 0.311204 -0.530404 -0.01483 0.324479 -0.582 -0.0278 0.336328 -0.582 -0.032065 0.325414 -0.530404 -0.03737 0.31734 -0.462702 -0.044339 0.31042 -0.393758 -0.052982 0.308451 -0.322556 -0.033893 0.353736 -0.582 -0.039364 0.351091 -0.530404 -0.046396 0.348882 -0.462614 -0.054761 0.346016 -0.393758 -0.06479 0.344829 -0.323604 -0.047037 0.614475 -0.033899 -0.048689 0.603502 -0.013537 -0.039276 0.624073 -0.053181 -0.051264 0.630721 -0.024712 -0.043411 0.64167 -0.043817 -0.028077 0.650804 -0.063267 -0.051 0.616142 -0.005759 -0.040898 0.59382 0.006589 -0.02306 0.58963 0.019869 -0.028501 0.600905 0.032683 -0.044469 0.605604 0.014456 -0.022882 0.567048 0.015296 -0.08516 0.253495 0.041234 -0.095689 0.283628 0.050804 -0.068244 0.233915 0.024269 -0.074981 0.22982 0.023831 -0.063842 0.223228 -0.005606 -0.069169 0.21527 -0.004656 -0.045723 0.033692 0.004123 -0.058615 0.010311 0.003324 -0.059746 0.010864 0.034667 -0.060522 0.010994 0.057519 -0.150988 0.30124 0.059935 -0.182871 0.26441 0.056508 -0.207942 0.254952 0.030603 -0.148217 0.364993 0.004495 -0.212521 0.267483 -0.024847 -0.178164 0.340308 -0.077479 -0.199356 0.300964 -0.052906 -0.172022 0.309534 -0.111941 -0.170612 0.360968 -0.037122 -0.377002 0.547255 -0.00285 -0.363411 0.546474 -0.005957 -0.350679 0.548924 -0.011271 -0.359268 0.543403 0.006374 -0.342242 0.546535 0.003515 -0.338459 0.530676 0.011051 -0.356731 0.530694 0.013525 -0.318922 0.530216 0.004353 -0.297857 0.529371 -0.00612 -0.374669 0.542588 0.009235 -0.372882 0.529569 0.014315 -0.386681 0.526139 0.014061 -0.297857 0.529371 -0.00612 -0.318922 0.530216 0.004353 -0.338459 0.530676 0.011051 -0.091171 0.019537 -0.131128 -0.113433 0.01671 -0.14601 -0.140362 0.017889 -0.133837 -0.160542 0.018103 -0.109212 -0.177977 0.015486 -0.07845 -0.188231 0.01467 -0.042343 -0.195811 0.012951 -0.007173 -0.053025 0.613771 0.023416 -0.297857 0.529371 -0.00612 -0.300624 0.5152 -0.014436 -0.312066 0.507774 -0.033723 -0.039125 0.547941 -0.114459 0.083663 0.244922 -0.102546 0.06831 0.23412 -0.072456 0.060513 0.224953 -0.040349 0.069089 0.214075 -0.038758 0.064499 0.21527 -0.004656 0.083663 0.244922 -0.102546 0.060513 0.224953 -0.040349 0.06831 0.23412 -0.072456 -0.072737 0.23412 -0.072456 -0.06565 0.224953 -0.040349 0.060513 0.224953 -0.040349 0.059559 0.223228 -0.005606 -0.075059 0.214075 -0.038758 -0.069169 0.21527 -0.004656 -0.06565 0.224953 -0.040349 -0.072737 0.23412 -0.072456 -0.06565 0.224953 -0.040349 -0.063842 0.223228 -0.005606</float_array>
          <technique_common>
            <accessor source="#GeometrySource-array" count="4432" stride="3">
              <param name="X" type="float"/>
              <param name="Y" type="float"/>
              <param name="Z" type="float"/>
            </accessor>
          </technique_common>
        </source>
        <source id="GeometrySource1" name="chr208Nrm">
          <float_array id="GeometrySource1-array" count="13296">-0.920213 0.103762 -0.377415 0.394606 -0.31907 -0.861673 0.248331 -0.249216 -0.936068 -0.905254 0.102632 -0.412288 0.265096 -0.287754 -0.920283 -0.937042 0.063982 -0.343304 -0.010781 -0.981557 -0.190866 0.794792 -0.569736 0.209063 0.80367 -0.551902 0.222531 -0.492834 -0.487973 0.720415 0.798419 -0.574361 0.180658 -0.383362 -0.546305 0.744704 -0.520115 -0.461782 0.718496 -0.937042 0.063982 -0.343304 -0.920213 0.103762 -0.377415 -0.905254 0.102632 -0.412288 -0.884871 0.01232 -0.465672 0.501672 -0.344781 -0.793379 0.370783 -0.312521 -0.874557 -0.859036 0.033221 -0.510836 0.390999 -0.390599 -0.833398 -0.894414 -0.10169 -0.435526 0.085676 -0.99131 -0.099815 0.80498 -0.461998 0.372244 0.821544 -0.460878 0.335645 -0.573271 -0.372258 0.729921 0.81448 -0.456337 0.358299 -0.481871 -0.384045 0.787598 -0.859036 0.033221 -0.510836 -0.884871 0.01232 -0.465672 -0.894414 -0.10169 -0.435526 -0.558658 -0.468199 0.68461 -0.913094 0.010133 -0.407622 0.462946 -0.47744 -0.746815 0.292269 -0.423465 -0.857471 -0.892266 0.00346 -0.451496 0.305239 -0.464625 -0.831235 -0.930589 -0.028244 -0.364974 0.042326 -0.998969 0.01639 0.808035 -0.478971 0.343024 0.801947 -0.496483 0.332243 -0.504195 -0.333116 0.796757 0.809982 -0.505424 0.297449 -0.36269 -0.390661 0.846073 -0.535947 -0.312803 0.784165 -0.892266 0.00346 -0.451496 -0.913094 0.010133 -0.407622 -0.930589 -0.028244 -0.364974 -0.767485 -0.321519 -0.55461 0.39516 -0.355741 -0.846934 0.287227 -0.371373 -0.88294 -0.766934 -0.452605 -0.454931 0.30205 -0.471685 -0.828419 -0.931003 -0.021793 -0.36436 0.041709 -0.998973 0.017712 0.802792 -0.488662 0.341665 0.860783 -0.217446 0.460184 -0.312696 -0.517002 0.796825 0.793272 -0.115848 0.597744 -0.585852 -0.62038 0.521447 -0.766934 -0.452605 -0.454931 -0.767485 -0.321519 -0.55461 -0.931003 -0.021793 -0.36436 -0.538225 -0.312307 0.782802 -0.999936 -0.0092 0.00653 -0.001575 -0.255114 -0.96691 -0.184005 -0.242887 -0.952443 -0.999537 -0.00021 -0.030434 -0.148726 -0.408912 -0.900373 -0.997779 -0.047111 0.047094 -0.004198 -0.983536 -0.180663 0.939424 -0.340144 -0.042244 0.943735 -0.3205 -0.081506 0.023696 -0.333572 0.942427 0.135381 -0.318601 0.938171 -0.999537 -0.00021 -0.030434 -0.999936 -0.0092 0.00653 -0.997779 -0.047111 0.047094 -0.000731 -0.476048 0.879419 0.88017 -0.472077 -0.049444 -0.972872 0.147017 -0.178621 -0.540499 -0.162866 0.825431 -0.579946 -0.155277 0.79972 -0.991861 0.07499 -0.102895 -0.489137 -0.087874 0.867769 -0.964311 0.246059 -0.097774 0.22139 0.758702 0.612664 0.913815 0.173404 0.36725 0.905895 0.15747 0.393138 0.140732 0.766003 -0.627243 0.070439 0.752166 -0.655198 0.911356 0.186359 0.367017 0.393129 0.793748 -0.464127 -0.801869 0.468589 -0.370716 -0.539525 0.017462 0.841789 -0.758219 0.078567 0.647248 -0.774475 0.488444 -0.402009 -0.731776 0.115803 0.671635 -0.77722 0.512692 -0.364796 0.246799 0.763926 0.596244 0.762809 0.002586 0.646619 0.752749 0.00065 0.658308 0.740548 0.597048 -0.308421 0.820638 0.531001 -0.211166 -0.774475 0.488444 -0.402009 -0.801869 0.468589 -0.370716 -0.77722 0.512692 -0.364796 0.721902 0.617472 -0.312389 0.770094 -0.004528 0.637914 -0.946673 0.211444 -0.24311 -0.284856 0.097544 0.953594 -0.527821 0.069597 0.846499 -0.94695 0.219282 -0.234947 -0.509096 0.09006 0.855985 -0.930513 0.249099 -0.268506 0.156638 0.894179 0.419415 0.872964 0.233778 0.428115 0.859994 0.257584 0.440522 0.42323 0.675454 -0.603853 0.841549 0.256838 0.475215 0.53186 0.66957 -0.518461 0.395534 0.657996 -0.640777 -0.930513 0.249099 -0.268506 -0.946673 0.211444 -0.24311 -0.94695 0.219282 -0.234947 -0.895764 0.264577 -0.357221 -0.448947 0.034009 0.892911 -0.650264 0.024994 0.759297 -0.899268 0.267989 -0.345686 -0.627632 0.05653 0.776455 -0.872768 0.313617 -0.374059 0.096255 0.864971 0.492503 0.810136 0.17381 0.559884 0.796498 0.193424 0.572868 0.531527 0.680266 -0.504695 0.77117 0.189908 0.607644 0.50859 0.67334 -0.536609 -0.872768 0.313617 -0.374059 -0.895764 0.264577 -0.357221 -0.899268 0.267989 -0.345686 0.609224 0.670902 -0.422774 -0.889567 0.282243 -0.35918 -0.455047 0.041448 0.889502 -0.645155 0.036859 0.763162 -0.895284 0.283042 -0.344026 -0.620666 0.068847 0.781046 -0.865786 0.330979 -0.375323 0.101287 0.864348 0.492589 0.810531 0.160144 0.563377 0.79752 0.178882 0.576163 0.534769 0.674852 -0.508525 0.770749 0.174871 0.612671 0.606866 0.66672 -0.432664 -0.895284 0.283042 -0.344026 -0.889567 0.282243 -0.35918 -0.865786 0.330979 -0.375323 0.512499 0.669247 -0.538009 -0.626138 0.397214 -0.670949 -0.821705 -0.01985 0.569568 -0.913687 -0.002105 0.406413 -0.660763 0.381784 -0.646245 -0.898027 0.023894 0.439292 -0.590486 0.446078 -0.672563 -0.14066 0.811437 0.567261 0.440652 0.074065 0.894617 0.461915 0.055752 0.88517 0.723618 0.669646 -0.167187 0.37967 0.061257 0.923092 0.743532 0.662066 -0.093966 -0.660763 0.381784 -0.646245 -0.626138 0.397214 -0.670949 -0.590486 0.446078 -0.672563 0.715518 0.669917 -0.198104 -0.381192 0.421185 -0.82298 -0.922882 0.087432 0.375027 -0.974351 0.104966 0.199054 -0.437323 0.403261 -0.803822 -0.96289 0.136014 0.233116 -0.318244 0.479888 -0.817574 -0.177632 0.857934 0.482074 0.194339 0.067671 0.978598 0.130572 0.057065 0.989795 0.818732 0.573519 -0.027461 0.832669 0.553696 0.009091 -0.437323 0.403261 -0.803822 -0.381192 0.421185 -0.82298 -0.318244 0.479888 -0.817574 0.772351 0.631408 -0.069261 0.209838 0.082747 0.974228 0.920247 0.103292 -0.37746 -0.394447 -0.31881 -0.861842 0.905328 0.102153 -0.412245 -0.248401 -0.249125 -0.936073 -0.265211 -0.287672 -0.920276 0.937057 0.063515 -0.34335 0.010659 -0.98155 -0.190909 -0.794986 -0.569451 0.2091 -0.803866 -0.551607 0.222553 0.492708 -0.488195 0.72035 -0.798583 -0.574094 0.180777 0.383524 -0.546373 0.744571 0.519943 -0.462035 0.718459 0.937057 0.063515 -0.34335 0.920247 0.103292 -0.37746 0.905328 0.102153 -0.412245 0.884854 0.012076 -0.465712 -0.501549 -0.34455 -0.793558 0.859086 0.032855 -0.510776 -0.37091 -0.312476 -0.87452 -0.390936 -0.39071 -0.833376 0.894451 -0.101397 -0.435519 -0.085417 -0.991343 -0.099712 -0.80509 -0.461812 0.372236 -0.821647 -0.460613 0.335757 0.573092 -0.372459 0.729959 -0.814372 -0.456573 0.358246 0.481988 -0.384171 0.787464 0.859086 0.032855 -0.510776 0.884854 0.012076 -0.465712 0.894451 -0.101397 -0.435519 0.558756 -0.468029 0.684647 0.913085 0.009658 -0.407655 -0.462795 -0.477203 -0.74706 0.8923 0.002996 -0.451432 -0.292348 -0.423361 -0.857496 -0.305363 -0.464527 -0.831245 0.930561 -0.028716 -0.365008 -0.042453 -0.998965 0.016341 -0.80821 -0.478655 0.343053 -0.802122 -0.496168 0.332292 0.504069 -0.333379 0.796727 -0.81013 -0.50511 0.297579 0.362878 -0.390768 0.845943 0.535782 -0.313095 0.784161 0.8923 0.002996 -0.451432 0.913085 0.009658 -0.407655 0.930561 -0.028716 -0.365008 0.767376 -0.321885 -0.554548 -0.395002 -0.355554 -0.847086 0.766828 -0.452955 -0.45476 -0.287324 -0.371255 -0.882958 -0.302183 -0.471603 -0.828418 0.930982 -0.022264 -0.364386 -0.041825 -0.998969 0.017662 -0.802962 -0.488346 0.341715 -0.860877 -0.217042 0.460201 0.31262 -0.517089 0.796799 -0.79327 -0.115432 0.597828 0.585876 -0.620582 0.521179 0.766828 -0.452955 -0.45476 0.767376 -0.321885 -0.554548 0.930982 -0.022264 -0.364386 0.538063 -0.312591 0.7828 0.999932 -0.00958 0.006602 0.001786 -0.255081 -0.966918 0.999539 -0.000557 -0.030366 0.183922 -0.242969 -0.952438 0.148486 -0.409076 -0.900338 0.997758 -0.047471 0.047171 0.004278 -0.983529 -0.180699 -0.93953 -0.339842 -0.042315 -0.943828 -0.320211 -0.081576 -0.023775 -0.333567 0.942427 -0.135209 -0.318544 0.938216 0.999539 -0.000557 -0.030366 0.999932 -0.00958 0.006602 0.997758 -0.047471 0.047171 0.00051 -0.476144 0.879367 -0.88032 -0.47179 -0.049501 0.968344 0.116651 -0.220687 0.74584 -0.154786 0.647891 0.990994 0.040217 -0.127725 0.634259 -0.156235 0.757169 0.488929 -0.08754 0.86792 0.964155 0.246711 -0.097667 -0.221631 0.758637 0.612657 -0.911511 0.185763 0.366931 -0.913961 0.172802 0.367172 -0.90602 0.156851 0.393098 0.126004 0.681579 -0.720814 0.333147 0.590405 -0.735143 -0.393371 0.793584 -0.464202 0.801622 0.469065 -0.370649 0.53973 0.017898 0.841648 0.774379 0.488786 -0.401777 0.758103 0.079072 0.647323 0.731642 0.116253 0.671703 0.776955 0.51312 -0.364759 -0.247075 0.763848 0.59623 -0.762849 0.002073 0.646573 -0.752677 0.000092 0.65839 -0.740823 0.596673 -0.308484 -0.820748 0.530717 -0.211453 0.774379 0.488786 -0.401777 0.801622 0.469065 -0.370649 0.776955 0.51312 -0.364759 -0.722208 0.617108 -0.3124 -0.770135 -0.005035 0.637861 0.946518 0.212133 -0.24311 0.285247 0.097729 0.953459 0.946836 0.219904 -0.234827 0.527688 0.070002 0.846549 0.508907 0.090428 0.856058 0.930335 0.249751 -0.268517 -0.156832 0.894152 0.419399 -0.873107 0.233186 0.428145 -0.860143 0.256994 0.440577 -0.423416 0.67527 -0.603928 -0.841659 0.256243 0.475341 -0.531728 0.669421 -0.518787 -0.395778 0.657821 -0.640805 0.930335 0.249751 -0.268517 0.946518 0.212133 -0.24311 0.946836 0.219904 -0.234827 0.895584 0.265218 -0.357197 0.449281 0.034339 0.89273 0.899163 0.268543 -0.345528 0.650157 0.02548 0.759373 0.627473 0.056966 0.776552 0.872559 0.314218 -0.374043 -0.096474 0.864972 0.49246 -0.810246 0.173256 0.559897 -0.796609 0.192864 0.572903 -0.531752 0.680034 -0.504771 -0.771213 0.189332 0.60777 -0.508851 0.673127 -0.536629 0.872559 0.314218 -0.374043 0.895584 0.265218 -0.357197 0.899163 0.268543 -0.345528 -0.609188 0.670725 -0.423104 0.889379 0.282875 -0.359147 0.455381 0.041789 0.889315 0.895177 0.28359 -0.343854 0.645043 0.037339 0.763233 0.620498 0.069275 0.781143 0.865566 0.331567 -0.375311 -0.101509 0.864334 0.492567 -0.810631 0.159586 0.563391 -0.797621 0.178319 0.576197 -0.534996 0.674621 -0.508593 -0.770779 0.174293 0.612798 -0.606826 0.666551 -0.432981 0.895177 0.28359 -0.343854 0.889379 0.282875 -0.359147 0.865566 0.331567 -0.375311 -0.512761 0.669021 -0.53804 0.62597 0.397638 -0.670854 0.821851 -0.019215 0.569379 0.66077 0.382113 -0.646044 0.913658 -0.001436 0.406482 0.897972 0.024513 0.439369 0.590281 0.446464 -0.672486 0.140406 0.81152 0.567205 -0.44071 0.073757 0.894614 -0.462004 0.055454 0.885143 -0.723914 0.669329 -0.167176 -0.379542 0.060924 0.923166 -0.74372 0.661826 -0.094169 0.66077 0.382113 -0.646044 0.62597 0.397638 -0.670854 0.590281 0.446464 -0.672486 -0.715828 0.669598 -0.198062 0.381066 0.421453 -0.822901 0.922872 0.088124 0.374887 0.437465 0.403456 -0.803646 0.974267 0.105674 0.199087 0.962786 0.136674 0.23316 0.318074 0.480107 -0.817512 0.177334 0.858032 0.482011 -0.194415 0.067537 0.978592 -0.130366 0.056929 0.98983 -0.819024 0.573104 -0.027415 -0.832926 0.553312 0.008965 0.437465 0.403456 -0.803646 0.381066 0.421453 -0.822901 0.318074 0.480107 -0.817512 -0.772645 0.631057 -0.069186 -0.209938 0.082626 0.974217 0.869011 -0.402286 -0.288073 0.96931 -0.202766 -0.139009 0.993447 -0.085451 -0.075908 0.999375 0.023929 -0.026017 0.990399 -0.037181 -0.133145 0.999242 0.030407 -0.024326 0.997433 0.06198 -0.035851 0.999722 0.005979 -0.022817 0.981371 0.07153 -0.178309 0.990343 0.056894 -0.126423 0.995642 -0.001385 -0.093244 0.994181 -0.061263 -0.088601 0.999386 -0.029119 -0.019483 0.999005 -0.037694 -0.023844 0.832867 -0.55017 -0.060382 0.999755 -0.022124 -0.000988 0.985554 -0.160941 -0.052747 0.124287 0.864604 0.48684 0.880038 0.371771 0.2955 0.883908 0.184689 0.429647 0.063652 0.470891 0.879892 0.890243 -0.021931 0.454958 0.021531 -0.059681 0.997985 0.921798 -0.166804 0.349951 0.024696 -0.518611 0.854653 0.935845 -0.317867 0.152165 0.022391 -0.851655 0.523624 0.966325 0.036276 -0.254754 0.947575 0.136436 -0.288939 0.981371 0.07153 -0.178309 0.990343 0.056894 -0.126423 0.995642 -0.001385 -0.093244 0.949573 0.018803 -0.312983 0.955241 -0.13772 -0.261817 0.994181 -0.061263 -0.088601 0.993717 -0.078927 -0.079352 0.944668 -0.279676 -0.171416 0.985554 -0.160941 -0.052747 0.896115 -0.439892 -0.058932 0.836544 -0.270115 -0.476689 0.998641 -0.035051 -0.038556 0.979255 -0.164942 -0.117702 0.764229 -0.566206 -0.308812 0.983854 -0.142912 -0.107742 0.764452 -0.548775 -0.338317 0.903778 0.42628 0.038343 0.99444 -0.019888 -0.103413 0.814476 -0.490615 -0.309718 0.667191 0.702673 0.2472 0.020529 0.929458 0.368356 0.067838 0.937686 0.340798 -0.10354 0.518801 -0.848602 0.918925 -0.294068 -0.26287 0.870752 -0.36889 -0.325133 0.034103 -0.70392 -0.70946 0.869011 -0.402286 -0.288073 -0.8438 -0.444858 -0.300171 -0.998399 -0.045628 -0.033438 -0.968747 -0.210047 -0.131942 -0.999787 -0.01563 -0.01345 -0.985947 -0.075828 -0.148859 -0.969281 -0.195198 -0.149638 -0.999887 -0.008499 -0.012392 -0.999745 -0.013524 -0.018103 -0.999809 -0.011791 -0.015564 -0.999528 -0.015438 -0.026575 -0.973329 0.060778 -0.221215 -0.981779 0.071031 -0.17625 -0.991172 -0.007487 -0.132372 -0.988825 -0.077022 -0.127641 -0.999084 -0.027641 -0.032657 -0.998224 -0.047082 -0.036507 -0.80615 -0.58835 -0.062974 -0.966496 -0.250753 -0.054842 -0.99834 -0.057591 -0.00066 0.124287 0.864604 0.48684 -0.787539 0.314027 0.530254 -0.715916 0.618228 0.324437 0.063652 0.470891 0.879892 -0.822929 0.009128 0.568071 0.021531 -0.059681 0.997985 -0.891171 -0.170403 0.420449 0.024696 -0.518611 0.854653 -0.920434 -0.325434 0.21655 0.022391 -0.851655 0.523624 -0.963087 0.047646 -0.264941 -0.936251 0.148746 -0.318292 -0.973329 0.060778 -0.221215 -0.981779 0.071031 -0.17625 -0.991172 -0.007487 -0.132372 -0.93797 0.016376 -0.346329 -0.938985 -0.159355 -0.304816 -0.988825 -0.077022 -0.127641 -0.98695 -0.139925 -0.079692 -0.919053 -0.344093 -0.192203 -0.966496 -0.250753 -0.054842 -0.873459 -0.481259 -0.073882 -0.519443 0.850434 0.083314 -0.6749 0.729705 0.109724 -0.95274 -0.300956 -0.041388 -0.985947 -0.075828 -0.148859 -0.78376 -0.317668 -0.533674 -0.998512 0.024322 0.048799 -0.99929 -0.01761 -0.0333 -0.759861 0.583947 0.285687 -0.732277 0.631475 0.254972 -0.999082 0.021784 -0.036878 -0.747042 -0.571585 -0.339439 -0.717832 -0.583117 -0.380383 -0.487668 0.824741 0.286327 -0.960036 -0.202962 -0.192709 -0.729011 0.646994 0.223476 0.020529 0.929458 0.368356 0.067838 0.937686 0.340798 -0.10354 0.518801 -0.848602 -0.986114 0.163625 -0.028392 -0.818877 -0.463257 -0.338872 0.034103 -0.70392 -0.70946 -0.8438 -0.444858 -0.300171 -0.969281 -0.195198 -0.149638 -0.83663 -0.447305 -0.316177 -0.993447 -0.085451 -0.075908 -0.965151 -0.216874 -0.146457 -0.999722 0.005979 -0.022817 -0.994123 -0.018824 -0.106612 -0.997656 0.05895 -0.034759 -0.981371 0.07153 -0.178309 -0.990343 0.056894 -0.126423 -0.995642 -0.001385 -0.093244 -0.994181 -0.061263 -0.088601 -0.999386 -0.029119 -0.019483 -0.999005 -0.037694 -0.023844 -0.791306 -0.607448 -0.069574 -0.985554 -0.160941 -0.052747 -0.999776 -0.021153 -0.001139 -0.124287 0.864604 0.48684 -0.883908 0.184689 0.429647 -0.880038 0.371771 0.295499 -0.063652 0.470891 0.879892 -0.890243 -0.021931 0.454958 -0.021531 -0.059681 0.997985 -0.921798 -0.166804 0.349951 -0.024697 -0.518612 0.854653 -0.935845 -0.317867 0.152165 -0.022391 -0.851655 0.523624 -0.966325 0.036276 -0.254753 -0.947575 0.136437 -0.28894 -0.981371 0.07153 -0.178309 -0.990343 0.056894 -0.126423 -0.995642 -0.001385 -0.093244 -0.949573 0.018803 -0.312983 -0.955241 -0.13772 -0.261816 -0.994181 -0.061263 -0.088601 -0.993717 -0.078927 -0.079352 -0.944668 -0.279676 -0.171416 -0.985554 -0.160941 -0.052747 -0.896115 -0.439892 -0.058932 -0.998641 -0.035052 -0.038556 -0.836544 -0.270114 -0.476689 -0.979255 -0.164942 -0.117702 -0.9865 -0.130175 -0.09936 -0.761527 -0.570188 -0.308159 -0.764452 -0.548775 -0.338317 -0.873837 0.481002 0.071035 -0.66719 0.702673 0.2472 -0.020528 0.929458 0.368357 -0.996413 0.019252 -0.082399 -0.81351 -0.492452 -0.309343 -0.067838 0.937686 0.340798 0.103541 0.518803 -0.848601 -0.947641 -0.21913 -0.232288 -0.85009 -0.39627 -0.346869 -0.034104 -0.703919 -0.709461 -0.83663 -0.447305 -0.316177 0.766895 -0.533792 -0.356284 0.951941 -0.260731 -0.160711 0.998399 -0.045628 -0.033438 0.999787 -0.01563 -0.01345 0.96642 -0.205292 -0.154558 0.985947 -0.075828 -0.148859 0.999887 -0.008499 -0.012392 0.999745 -0.013524 -0.018103 0.999809 -0.011791 -0.015564 0.999528 -0.015438 -0.026575 0.973329 0.060778 -0.221215 0.981779 0.071031 -0.17625 0.991172 -0.007487 -0.132372 0.988825 -0.077021 -0.127641 0.999084 -0.027641 -0.032657 0.998224 -0.047082 -0.036507 0.80615 -0.58835 -0.062974 0.99834 -0.057591 -0.00066 0.966496 -0.250753 -0.054842 -0.124287 0.864604 0.48684 0.715916 0.618228 0.324437 0.787539 0.314027 0.530253 -0.063652 0.470891 0.879892 0.822929 0.009128 0.568071 -0.021531 -0.059681 0.997985 0.891171 -0.170403 0.42045 -0.024697 -0.518612 0.854653 0.920434 -0.325434 0.21655 -0.022391 -0.851655 0.523624 0.963087 0.047646 -0.26494 0.936251 0.148746 -0.318291 0.973329 0.060778 -0.221215 0.981779 0.071031 -0.17625 0.991172 -0.007487 -0.132372 0.93797 0.016376 -0.346329 0.938985 -0.159354 -0.304816 0.988825 -0.077021 -0.127641 0.98695 -0.139925 -0.079692 0.919053 -0.344093 -0.192203 0.966496 -0.250753 -0.054842 0.873459 -0.481259 -0.073882 0.519443 0.850434 0.083314 0.6749 0.729705 0.109725 0.95274 -0.300956 -0.041388 0.985947 -0.075828 -0.148859 0.783759 -0.317667 -0.533675 0.998512 0.024322 0.048799 0.999764 -0.001706 -0.021658 0.759861 0.583947 0.285687 0.997096 0.07609 0.002985 0.709746 0.649902 0.271824 0.724227 -0.597893 -0.343541 0.715516 -0.587454 -0.378067 0.479217 0.831897 0.279818 0.672931 0.695139 0.252872 0.955079 -0.216596 -0.202262 -0.020528 0.929458 0.368357 -0.067838 0.937686 0.340798 0.103541 0.518803 -0.848601 0.981678 0.180452 -0.061196 0.748711 -0.535255 -0.391068 -0.034104 -0.703919 -0.709461 0.766895 -0.533792 -0.356284 0.96642 -0.205292 -0.154558 0.58874 0.108723 0.800977 0.837476 -0.097828 0.537646 0.573821 0.077776 0.815279 0.874389 -0.106872 0.473309 0.236933 0.317966 0.91802 0.172174 0.249558 0.952931 0.954116 -0.252787 0.160504 0.948167 -0.295991 0.115624 0.890588 -0.358471 -0.279916 0.879742 -0.372779 -0.295109 0.985182 -0.074138 -0.154664 0.978894 -0.203115 0.02261 0.996725 0.013183 0.079784 0.905223 0.289911 -0.310683 0.845864 0.522534 0.107108 0.979201 -0.2003 0.032324 0.993688 0.053569 0.098561 0.884315 -0.463801 0.053625 0.897908 -0.430378 0.092386 0.83317 0.543607 0.101583 0.884173 -0.465305 0.041572 0.528897 -0.848154 0.030044 0.502173 -0.864648 -0.014358 0.034873 -0.998935 -0.030216 0.001811 -0.997954 -0.063915 -0.436229 -0.896414 -0.078402 -0.469572 -0.877678 -0.09583 0.100584 -0.993617 -0.051061 -0.354798 -0.929551 -0.100269 0.163709 -0.925354 -0.341934 0.552676 -0.833393 0.002113 0.538188 -0.805938 -0.246613 0.574938 -0.702057 -0.420193 0.23235 -0.793125 -0.562997 -0.163726 -0.76078 -0.628019 0.351908 -0.569913 -0.742536 -0.020362 -0.5035 -0.863755 -0.253329 -0.890726 -0.377401 0.82653 -0.55284 -0.105912 0.961184 -0.269009 0.061321 0.987401 -0.147427 0.057492 0.848813 -0.484688 -0.211176 0.936184 0.165354 0.310189 0.955595 -0.09638 0.278478 0.742012 0.350229 0.571627 0.684695 0.645668 0.338092 0.3628 0.826285 0.430847 0.358903 0.649623 0.670208 0.916997 0.362091 0.167351 0.997912 0.048464 -0.042684 0.905987 -0.29605 -0.30256 0.662243 -0.514854 -0.544389 0.001162 0.895391 0.445279 -0.106862 0.740382 0.663638 -0.413652 0.838817 0.353947 -0.550383 0.670764 0.497145 -0.836166 0.49302 0.240327 -0.735886 0.659804 0.152089 -0.912581 0.394307 -0.108252 -0.975339 0.215915 -0.04577 -0.902826 0.088891 -0.420718 -0.943892 -0.110849 -0.311096 -0.709976 -0.149384 -0.688199 -0.776463 -0.391386 -0.493886 -0.840044 -0.438737 -0.319116 -0.518252 -0.610566 -0.598852 -0.607859 -0.704777 -0.365783 -0.714676 -0.68568 -0.138137 -0.253329 -0.890726 -0.377401 -0.354798 -0.929551 -0.100269 -0.436229 -0.896414 -0.078402 -0.785165 -0.609287 -0.110835 -0.811466 -0.572631 -0.116694 -0.469572 -0.877678 -0.09583 -0.976716 -0.173311 -0.12645 -0.932562 -0.322889 -0.161463 -0.98595 0.020101 -0.165829 -0.963493 -0.132149 -0.232849 -0.983935 0.161099 -0.076933 -0.163726 -0.76078 -0.628019 -0.020362 -0.5035 -0.863755 -0.399112 -0.343231 -0.850237 -0.900752 0.397984 0.173938 -0.733124 0.471857 0.489776 -0.959486 0.232018 -0.159857 -0.93455 0.343818 -0.091679 -0.938124 0.345859 0.017442 -0.890005 0.401455 -0.21616 -0.845231 0.410022 -0.342734 -0.883649 0.2402 -0.401831 -0.927972 0.370035 0.044063 -0.88389 0.250868 -0.394719 -0.66644 0.609813 -0.428935 -0.709791 0.143521 -0.689636 -0.701897 0.106896 -0.704211 -0.428794 0.01799 -0.903223 -0.412333 -0.051761 -0.909562 -0.044406 -0.200421 -0.978703 -0.063137 -0.126839 -0.989912 -0.328428 0.828126 -0.454248 -0.722341 0.678586 -0.13321 -0.944857 0.30142 -0.128026 -0.911673 0.390627 -0.127526 -0.983783 -0.122826 -0.130711 -0.585951 0.804941 -0.093439 -0.281921 0.957888 -0.054501 0.024377 0.999632 0.011885 -0.023247 0.999656 -0.012143 0.140813 0.890647 -0.432342 0.134096 0.966881 -0.217161 -0.19644 0.808232 0.555132 0.190036 0.730417 0.656031 0.544163 0.621555 0.563521 0.777166 0.518258 0.356961 0.897571 0.435209 0.07042 0.954116 -0.252787 0.160504 0.879962 0.382735 -0.281391 0.890588 -0.358471 -0.279916 0.837476 -0.097828 0.537646 0.573821 0.077776 0.815279 -0.482642 0.825493 0.292608 -0.605574 0.792769 -0.069269 -0.564954 0.731536 -0.381683 -0.447982 0.654072 -0.609509 0.677678 0.401203 -0.61627 0.367179 0.428081 -0.825788 0.663828 -0.372015 -0.648797 0.334385 -0.311729 -0.889389 -0.044406 -0.200421 -0.978703 0.039687 0.490377 -0.870606 -0.254082 0.566317 -0.784046 -0.734258 0.420931 0.532618 -0.339596 0.381115 0.859899 0.172174 0.249558 0.952931 -0.701897 0.106896 -0.704211 -0.88389 0.250868 -0.394719 -0.927972 0.370035 0.044063 -0.412333 -0.051761 -0.909562 -0.040892 0.001259 -0.999163 -0.73146 -0.013707 -0.681747 -0.635056 0.365882 -0.680319 -0.637346 -0.389697 -0.664776 -0.393413 -0.647115 -0.653046 -0.045041 -0.761598 -0.646483 0.333515 -0.685031 -0.647688 0.64217 -0.427072 -0.636575 0.776918 -0.023093 -0.629179 -0.811466 -0.572631 -0.116694 -0.983783 -0.122826 -0.130711 -0.911673 0.390627 -0.127526 -0.425885 0.619313 -0.659602 -0.585951 0.804941 -0.093439 -0.469572 -0.877678 -0.09583 0.001811 -0.997954 -0.063915 0.502173 -0.864648 -0.014358 0.884315 -0.463801 0.053625 0.993688 0.053569 0.098561 0.83317 0.543607 0.101583 0.665492 0.401031 -0.62952 0.322935 0.695797 -0.641545 -0.115157 0.759327 -0.640439 0.474145 0.878179 0.063157 -0.023247 0.999656 -0.012143 -0.044406 -0.200421 -0.978703 0.329881 -0.254237 -0.909144 -0.063137 -0.126839 -0.989912 0.334385 -0.311729 -0.889389 0.676122 -0.34761 -0.649635 0.663828 -0.372015 -0.648797 0.553292 0.717342 -0.423424 0.140813 0.890647 -0.432342 0.024377 0.999632 0.011885 0.493751 0.866179 0.077098 0.474145 0.878179 0.063157 -0.023247 0.999656 -0.012143 -0.288935 0.476467 0.830359 -0.339596 0.381115 0.859899 -0.734258 0.420931 0.532618 0.355641 0.520041 0.77658 0.526939 0.845551 0.085897 0.469824 0.875889 0.109925 0.357156 0.438828 0.824542 0.675012 0.736484 0.044155 0.454547 0.303659 0.837364 0.589495 0.287089 0.755033 0.835954 0.545898 0.056362 0.979469 0.197395 0.040929 0.27704 -0.413927 0.867129 0.044188 -0.533151 0.844865 0.075012 -0.434203 0.897686 0.237814 -0.078938 0.968098 0.467969 0.719445 -0.513229 0.47167 0.495974 -0.729066 0.54335 0.385853 -0.745579 0.660305 0.331813 -0.673719 0.405516 0.085667 -0.910065 0.150947 -0.46228 -0.873792 0.145747 -0.45171 -0.880179 0.343912 -0.35075 -0.871033 -0.095864 -0.995034 -0.026769 0.282627 -0.836467 -0.469516 0.356972 -0.425831 -0.831408 -0.152171 -0.988353 0.00171 -0.068026 -0.997175 -0.03184 -0.152171 -0.988353 0.00171 -0.095864 -0.995034 -0.026769 0.254486 -0.948016 0.191057 0.201569 -0.77027 0.605024 0.254486 -0.948016 0.191057 0.375781 0.50349 0.778002 0.566751 0.815408 0.117917 0.480205 0.871537 0.09913 0.357131 0.322035 0.876784 0.781557 0.618325 0.082722 0.48913 0.166337 0.856203 0.606858 0.094344 0.789191 0.925263 0.377089 0.041149 0.996622 0.04652 0.067679 0.156546 -0.546321 0.822816 -0.032457 -0.593387 0.804263 -0.04119 -0.618073 0.785041 0.176411 -0.744436 0.643967 0.219452 -0.226847 0.948884 0.427699 0.739635 -0.519628 0.445273 0.501165 -0.742002 0.577447 0.299043 -0.75969 0.643288 0.178076 -0.744627 0.310287 -0.189603 -0.931543 0.069071 -0.464216 -0.883025 0.030373 -0.490743 -0.870775 0.215019 -0.438957 -0.872401 -0.248438 -0.962019 -0.113128 0.165098 -0.978453 -0.123985 0.282829 -0.569164 -0.772049 -0.293572 -0.949094 -0.114175 -0.253655 -0.961626 -0.104566 -0.248438 -0.962019 -0.113128 -0.293572 -0.949094 -0.114175 0.165098 -0.978453 -0.123985 0.597716 0.518588 0.611394 0.69359 0.719629 0.032671 0.69899 0.714825 0.020951 0.488593 0.344842 0.801474 0.79035 0.612359 0.01907 0.533439 0.253144 0.807069 0.660327 0.250002 0.708143 0.897316 0.440747 -0.023787 0.976348 0.21364 -0.033202 0.190129 -0.396157 0.898282 0.01036 -0.481994 0.876113 -0.020567 -0.543528 0.839139 0.184541 -0.70381 0.686 0.382022 -0.158422 0.910473 0.590427 0.559038 -0.582128 0.536075 0.359256 -0.76391 0.543014 0.240927 -0.804419 0.661351 0.222384 -0.716352 0.251602 -0.255493 -0.933499 -0.002987 -0.510902 -0.859634 -0.045494 -0.576123 -0.816096 0.203605 -0.481262 -0.852603 -0.313408 -0.949445 -0.018169 0.002564 -0.999861 -0.016479 0.089549 -0.724977 -0.682927 -0.325702 -0.945104 -0.026398 -0.313408 -0.949445 -0.018169 0.002564 -0.999861 -0.016479 -0.177134 -0.984075 -0.014823 0.678998 0.342323 0.649444 0.556643 -0.106466 0.823902 0.803126 0.011929 0.595689 0.319842 0.43099 0.843771 0.615244 0.659297 0.432206 0.210352 0.852378 0.478753 0.864412 0.193732 0.463961 0.895684 0.253996 0.365015 0.878046 0.069014 0.473573 0.630056 -0.151687 0.761591 0.878218 -0.248149 0.408845 0.589323 -0.443844 0.675057 0.931946 0.121038 0.341799 0.937631 0.093239 0.334895 0.898372 0.325586 0.294826 0.890387 0.338723 0.304103 0.798381 0.55187 0.240889 0.891732 0.362602 0.270804 0.905523 0.304175 0.295813 0.822886 0.428967 0.372619 0.793953 0.547161 0.265054 0.760357 0.598046 0.253374 0.891828 0.284702 0.35155 0.917951 0.214663 0.333596 0.769727 0.588972 0.246236 0.946249 0.042398 0.320649 0.948378 -0.022655 0.316333 0.898425 -0.353224 0.260894 0.877332 -0.450609 0.165047 0.95193 -0.08408 0.294551 0.895695 -0.430686 0.110633 0.954537 -0.090921 0.283889 0.908395 -0.333923 0.251625 0.939503 -0.058106 0.337576 0.940087 0.142716 0.309627 0.95638 -0.014918 0.291745 0.952939 0.019674 0.302523 0.833058 0.080838 0.547247 0.920639 0.216629 0.3248 0.847358 0.398626 0.350831 0.647085 0.615046 0.450554 0.811979 0.420048 0.405277 0.863513 0.353716 0.359488 0.923598 0.21863 0.314908 0.816051 0.478048 0.324854 0.919758 0.308683 0.242404 0.92869 0.234125 0.287612 0.984463 0.144685 0.099492 0.972487 0.023832 0.231736 0.833382 -0.484728 0.265542 0.909268 -0.091065 0.406127 0.886451 -0.117431 -0.447676 0.900923 0.241992 0.360245 0.496036 0.86692 -0.048973 -0.083438 0.60286 -0.793472 0.909515 -0.142777 -0.390382 0.07712 -0.027608 -0.996639 0.664966 0.558374 0.496023 0.661124 0.675636 0.326236 0.719877 0.651368 0.239786 0.700156 0.474351 0.533642 0.869408 0.319091 0.377239 0.784188 0.370434 0.497824 0.923926 0.056971 0.378307 0.851783 -0.054869 0.521013 0.86997 -0.306674 0.38614 0.971091 -0.075538 0.226443 0.934191 0.17911 0.308556 0.885261 0.254012 0.389603 0.924336 0.302759 0.232249 0.934019 0.228016 0.274984 0.874264 0.466484 0.134367 0.914419 0.25892 0.311124 0.674215 0.716721 0.178171 0.48274 0.818609 -0.311193 0.846913 0.504711 -0.167349 0.849356 0.304261 -0.431301 0.663024 0.304751 -0.683759 0.397637 0.089529 -0.913164 0.073203 0.702244 -0.708163 0.50209 0.846678 0.17619 0.226408 0.963747 -0.141177 -0.066237 0.876707 -0.476443 0.788476 0.445252 0.42433 0.850825 0.014277 0.525256 0.781005 -0.43115 0.451819 0.707674 0.598528 0.37545 0.448277 0.012901 -0.893802 0.867583 0.171279 0.466865 0.859499 -0.327658 0.392303 0.70865 -0.632396 0.312874 0.722101 -0.659772 0.208017 0.56361 -0.825536 -0.02888 -0.261769 0.628579 -0.73237 -0.343582 0.263001 -0.901544 -0.251346 -0.264059 -0.931181 0.009229 -0.678573 -0.734475 -0.121632 -0.493395 -0.861259 -0.29406 -0.217109 -0.930802 -0.09914 -0.167975 -0.980793 -0.077253 -0.35074 -0.933281 -0.145219 -0.34329 -0.927935 -0.029647 -0.451995 -0.891528 -0.145997 -0.642023 -0.752656 -0.383177 -0.536338 -0.752009 -0.22733 0.308891 -0.92353 0.328874 -0.867882 -0.372321 0.294305 -0.771394 -0.564213 0.710789 -0.701205 0.055583 0.399616 -0.145375 -0.905082 0.992921 -0.118673 0.005006 0.330003 0.722286 -0.607784 -0.309294 0.147024 -0.939532 -0.176388 0.414915 -0.892599 0.131367 -0.127799 -0.983061 -0.029109 -0.117545 -0.992641 0.118467 -0.360855 -0.925067 0.509713 -0.39161 -0.766051 0.051972 -0.236485 -0.970244 -0.115737 -0.096696 -0.988562 -0.267828 -0.232677 -0.934949 -0.636387 0.066133 -0.76853 -0.382354 0.139828 -0.913375 0.000045 0.197608 -0.980281 0 0.043782 -0.999041 0 -0.0013 -0.999999 0.041892 -0.049142 -0.997913 0.119203 -0.125601 -0.984894 0.770157 -0.307234 -0.558987 0.524747 -0.402765 -0.749947 0.766672 -0.375528 -0.520762 0.914272 -0.177219 -0.364281 0.954726 0.264039 -0.137044 0.96183 0.265381 0.06675 0.907355 0.399174 0.131781 0.96384 0.17797 0.198341 0.990782 0.085574 0.105012 0.870512 0.491547 0.024276 0.451757 0.885087 -0.111965 0.551147 0.755912 0.353318 0.513267 0.64164 0.56996 0.921717 0.306512 0.237672 0.993759 0.02937 -0.107614 0.995016 -0.078888 -0.060989 0.941586 0.25021 0.22541 0.912255 -0.283442 -0.295723 0.578887 0.630761 0.516749 0.684695 0.645668 0.338092 0.916997 0.362091 0.167351 0.116728 0.849027 0.515294 0.128263 0.809859 0.572431 -0.285636 0.890015 0.355367 0.05669 0.975278 0.213585 -0.151977 0.986819 0.0556 0.000002 0.996535 -0.083178 0.000003 0.993279 0.115742 0.187682 0.945647 0.26557 0.02806 0.980025 0.196885 -0.315905 0.943791 -0.097277 0.000000 0.976108 -0.217288 0.000000 0.930059 -0.367411 -0.434433 0.861964 -0.261317 -0.513591 0.721237 -0.464803 -0.736854 0.674402 -0.047206 -0.807489 0.526174 -0.266651 -0.793549 0.338631 -0.505578 -0.511096 0.488668 -0.707096 -0.000071 0.571477 -0.820618 -0.000004 0.816532 -0.577301 -0.570254 0.804034 0.168343 -0.270613 0.855338 0.441776 -0.814537 0.337446 -0.471869 -0.669475 0.110205 -0.734614 -0.302891 -0.190295 -0.933833 -0.399112 -0.343231 -0.850237 -0.709976 -0.149384 -0.688199 0.135768 -0.369218 -0.919372 -0.020362 -0.5035 -0.863755 0.351908 -0.569913 -0.742536 0.662243 -0.514854 -0.544389 0.905987 -0.29605 -0.30256 0.997912 0.048464 -0.042684 -0.902826 0.088891 -0.420718 -0.912581 0.394307 -0.108252 -0.83365 0.500975 -0.232492 -0.760224 0.649609 -0.008198 -0.573489 0.786815 0.228106 -0.413652 0.838817 0.353947 0.001162 0.895391 0.445279 0.3628 0.826285 0.430847 -0.735886 0.659804 0.152089 0.136306 0.708764 0.692152 -0.086824 0.82111 0.564128 -0.044625 0.717864 0.694752 0.146649 0.786409 0.600046 0 0.712111 0.702067 0 0.833462 0.552576 -0.135249 0.846944 0.514192 0 0.871774 0.489908 -0.128874 0.892749 0.431729 0 0.899448 0.437028 -0.441219 -0.383492 0.811332 0 0.580322 0.814387 -0.21936 0.623727 0.750231 0 -0.131025 0.991379 0 -0.970337 0.241757 0.145341 0.810619 0.567251 0.427451 0.699247 0.57301 0.433368 0.63415 0.640348 0.568611 0.525385 0.632971 0.663044 0.51953 0.538944 0.264128 0.668166 0.69555 0.323108 0.503144 0.801528 0.056365 0.844324 0.53286 0.056117 0.500471 0.863932 0 0.773692 0.633562 0.378627 0.724434 0.576053 0.055055 0.865298 0.498226 0.09223 0.650725 0.753691 0.568643 0.572715 0.59046 -0.177189 0.703565 0.688186 -0.54782 0.637865 0.541314 -0.309621 0.698494 0.645167 0.109613 0.791233 0.601611 0.17133 0.599513 0.781812 -0.528505 0.770144 0.357155 -0.32809 0.862221 0.385918 0.345461 0.756597 0.555174 -0.156593 0.967313 0.199458 0.219374 0.849796 0.479294 -0.205141 0.978731 -0.001616 -0.079874 0.968266 0.236816 -0.153413 0.9818 -0.111949 -0.081004 0.989414 0.120411 -0.000001 0.988881 -0.148711 0 0.992332 0.123599 -0.566873 -0.813882 -0.12748 -0.593635 -0.781465 0.192122 -0.328927 -0.807753 0.489226 -0.488858 -0.851874 0.187959 -0.55662 -0.257361 0.789898 -0.50718 -0.861727 0.013975 0 -0.998588 0.053127 -0.549243 -0.82323 -0.143613 -0.000000 -0.994758 -0.102258 0.000000 -0.995492 -0.094851 -0.603772 -0.790414 -0.103468 -0.592542 -0.785289 -0.179486 0 -0.981708 -0.190394 0 -0.92244 -0.386141 -0.527289 -0.74889 -0.40141 -0.4369 -0.708968 -0.55361 -0.67148 -0.580545 -0.460525 -0.342019 -0.630107 -0.697129 -0.394409 -0.628574 -0.670326 0.000000 -0.678563 -0.734542 -0.149226 -0.643744 -0.75055 0 -0.7461 -0.665834 -0.791058 -0.526658 -0.31122 0 -0.861459 -0.507827 -0.849298 -0.512164 -0.127991 -0.793048 -0.584807 -0.170516 -0.672444 -0.682268 -0.28693 0.000000 -0.965779 0.259369 0.210541 -0.957219 0.198506 0.301274 -0.949921 0.082976 0.332321 -0.940319 0.073228 0.04258 -0.998937 -0.017667 -0.184981 -0.982543 -0.019763 -0.08665 -0.974608 -0.20647 0.102205 -0.93075 -0.351083 0.18876 -0.965953 -0.176932 0.140238 -0.982772 -0.120382 0.404535 -0.912891 -0.054595 0.29325 -0.953688 0.066956 0.152774 -0.971053 -0.183622 0.137881 -0.981615 0.131985 0.062527 -0.990086 -0.125775 0.058661 -0.974831 -0.215087 0 -0.992049 -0.125851 0 -0.990117 0.14024 0 -0.975813 -0.218605 0 -0.867533 0.49738 0.256533 -0.861783 0.437632 0 -0.669731 0.742603 0.329645 -0.670542 0.664611 -0.000039 -0.234471 0.972123 0.377233 -0.221611 0.899213 0.445858 -0.854506 0.266515 0.547155 -0.684957 0.481098 0.576707 -0.811288 0.096021 0.776837 -0.578935 0.247709 0.648097 -0.182726 0.739312 0.85645 -0.054018 0.513395 0.844689 -0.498414 0.195151 0.913965 -0.049376 0.402779 0.582073 0.312948 0.750503 0.70398 0.439532 0.557875 0.735054 0.391083 0.55385 0.166806 0.934459 0.314582 0.04058 0.824946 0.563752 0.72181 0.332336 0.607077 0.044872 0.777728 0.626997 -0.32809 0.862221 0.385918 -0.156593 0.967313 0.199458 -0.528505 0.770144 0.357155 -0.205141 0.978731 -0.001616 0.094616 0.948267 0.303047 0.010643 0.95774 0.287438 -0.153413 0.9818 -0.111949 -0.000001 0.988881 -0.148711 -0.000039 0.957934 0.28699 0.351458 0.226258 0.908452 0.000077 0.220566 0.975372 0.6963 0.184167 0.693721 0.140206 0.520627 0.842193 -0.54782 0.637865 0.541314 0.716325 -0.025413 0.697304 0.431845 0.177499 0.88431 -0.178107 0.443886 0.878204 0.848089 -0.190158 0.494555 0.898583 -0.08327 0.430831 0.855786 -0.424461 0.295742 0.910516 -0.35122 0.218185 0.86682 -0.229548 0.442641 0.858626 -0.438975 0.264692 0.761014 -0.604453 0.235572 0.717938 -0.671824 0.182257 0.933809 -0.353782 0.053276 0.863806 -0.486012 0.132784 0.95712 -0.288422 0.02709 0.882849 -0.374972 0.282795 0.952028 0.18234 0.245752 0.869537 -0.49382 0.006967 0.8719 -0.479401 0.099831 0.936813 -0.342053 0.073356 0.96279 -0.134632 0.234327 0.918669 -0.31134 0.243136 0.86242 -0.500646 0.074743 0.936674 -0.341278 -0.078559 0.99229 0.117873 0.038286 0.861006 -0.49715 0.107282 0.564368 -0.808343 -0.167542 0.819329 0.56787 -0.078892 0.421064 -0.672695 -0.60843 0.56981 0.102209 -0.815396 0.508129 -0.818535 -0.267965 0.824615 -0.55685 0.099638 0.902793 -0.172734 0.393863 0.249129 -0.811688 -0.528297 0.548887 -0.542197 -0.636196 0.07712 -0.027608 -0.996639 0.425853 -0.371776 -0.824883 -0.06208 0.2293 -0.971374 0.272859 -0.550372 -0.789075 -0.288056 -0.322092 -0.901821 0.789941 0.026056 -0.61263 0.802753 0.172992 0.570667 0.663962 0.542181 0.51497 0.175915 0.955514 0.236743 0.706478 0.555155 0.438966 0.823045 0.262351 0.503754 0.930103 -0.059098 0.362514 0.896182 0.270454 0.351728 0.955942 -0.017136 0.293055 0.910055 0.246317 0.333358 0.83746 0.214832 0.502502 0.911705 -0.007374 0.41078 0.960508 -0.234092 0.150416 0.948929 -0.070384 0.307537 0.882578 -0.051951 0.467288 0.938591 -0.202888 0.279074 0.587461 0.724157 0.361229 0.700832 0.64401 0.306734 0.428993 0.851125 0.302574 0.496036 0.86692 -0.048973 -0.117169 0.97325 -0.197624 0.751367 0.610872 0.249567 0.803525 0.502725 0.318771 0.847358 0.398626 0.350831 0.541073 0.663384 0.516877 0.673652 0.171631 0.718843 0.833058 0.080838 0.547247 0.647085 0.615046 0.450554 -0.490381 0.524339 -0.696128 -0.083438 0.60286 -0.793472 -0.192172 -0.24093 -0.951327 0.446486 0.340625 -0.82742 0.777987 0.319955 -0.540708 0.418482 0.908111 0.014381 0.049236 0.700758 -0.711698 0.284336 0.958713 0.00471 -0.377847 0.655097 -0.654278 0.065099 -0.628192 -0.775331 0.90509 0.384934 0.18066 0.465518 0.037737 -0.884233 -0.531461 -0.344963 -0.77366 0.165847 -0.892728 -0.418965 0.811179 -0.56266 0.15938 0.837311 0.441946 0.32186 0.83242 -0.517874 0.197189 0.309671 -0.922904 -0.228806 0.939489 0.00858 0.342472 0.969526 0.018471 0.24429 0.915001 0.020611 0.402924 0.970823 -0.016339 0.239238 0.97391 -0.019406 0.226104 0.92814 0.027904 0.371184 0.834804 0.041923 0.548949 0.988144 -0.07003 0.136631 0.989435 -0.061899 0.131101 0.922462 0.311038 0.228732 0.922232 0.300256 0.243588 0.948682 0.175931 0.262773 0.664966 0.558374 0.496023 0.661124 0.675636 0.326236 0.97255 0.121364 0.198539 0.700156 0.474351 0.533642 0.974742 0.157812 0.158028 0.784188 0.370434 0.497824 0.994606 -0.000421 0.10372 0.948395 0.167154 0.269457 0.874308 0.123391 0.469425 0.915705 -0.05852 0.397568 0.772198 0.065226 0.632025 0.868542 -0.109945 0.483267 0.961193 -0.019193 0.275208 0.966225 -0.093426 0.240167 0.985732 0.135172 0.10031 0.912446 -0.252519 0.321987 0.941148 -0.079347 0.328548 0.841105 -0.018202 0.540566 0.796493 0.210976 0.566646 0.831677 0.33445 0.443234 0.760357 0.598046 0.253374 0.798381 0.55187 0.240889 0.769727 0.588972 0.246236 0.79149 0.570649 0.218866 0.894266 0.331938 0.300175 0.719877 0.651368 0.239786 0.891732 0.362602 0.270804 0.851783 -0.054869 0.521013 0.146668 -0.978655 -0.143953 0.078299 -0.986927 -0.140868 0.423824 -0.904456 -0.048298 0.140207 -0.988891 -0.04936 0.653107 -0.755474 0.052063 0.431643 -0.899664 0.065487 0.458599 -0.886887 0.05584 0.154806 -0.985583 -0.068275 0.148092 -0.881958 -0.447459 0.513199 -0.831653 -0.212086 0.355147 -0.934537 -0.022603 0 -0.990944 -0.134279 0.319566 0.947329 -0.021094 0.795366 0.600819 -0.080056 0.748778 0.626175 -0.217338 -0.048935 0.963351 0.263743 0.104742 0.987414 0.118503 0.168892 0.951943 0.255499 -0.487212 0.549986 0.678336 -0.71643 0.491237 0.495393 -0.345094 0.931698 0.11335 -0.176112 0.558711 0.810448 -0.193 0.956329 0.219512 -0.086896 0.991024 0.101586 -0.001915 0.993308 0.115483 0.084825 0.958125 0.273499 0.244241 0.959064 0.143326 -0.041697 0.964103 0.262235 0.023829 0.959302 0.281376 0.809236 0.556976 0.186855 0.997173 -0.074406 -0.010503 0.815824 0.565282 0.122011 0.997522 -0.032346 0.062476 0.538737 0.731063 0.418699 -0.002502 0.88104 0.473036 -0.09859 0.923449 0.37084 -0.502846 0.736559 0.452356 -0.785663 0.231442 0.573732 0.89077 0.103655 0.442476 -0.247875 -0.916712 0.313365 0.355307 -0.891353 0.281507 -0.527262 0.729957 0.434922 0.15771 0.91591 0.369102 0.052405 0.873813 0.483431 0.041251 0.919834 0.390132 -0.371654 -0.89008 0.263878 -0.85281 0.271674 0.445991 0.886473 0.171436 0.429854 0.546776 -0.811605 0.205752 -0.023752 0.903784 0.42733 0.868694 -0.143897 0.473987 0.853828 0.269443 0.445396 0.92618 0.275366 0.257611 0.840488 0.09296 0.533795 0.488508 0.421042 -0.764254 0.507776 0.540478 -0.670856 0.646716 0.360864 -0.671964 0.78476 0.518385 -0.339749 0.713114 0.481138 -0.509878 0.75636 0.403444 -0.51493 0.766625 0.447906 -0.460072 0.744954 0.363013 -0.559702 0.873691 0.419001 -0.247189 0.896962 -0.008242 -0.44203 0.875734 0.403295 -0.265411 0.219492 -0.904306 -0.366133 -0.012333 -0.874202 -0.485405 0.067005 -0.917857 -0.391214 -0.000022 -0.93259 -0.360938 0.29099 -0.892779 -0.343905 -0.000006 -0.832075 0.554663 0.160435 -0.986531 0.031886 0.146881 -0.828822 0.53989 -0.000022 -0.999035 0.043925 0.172789 -0.557459 0.812025 0.279101 -0.822154 0.496151 0 -0.560848 0.827919 0 -0.269412 0.963025 0.248944 -0.265007 0.931557 0 0.038624 0.999254 0.325076 0.040779 0.944808 0 0.25915 0.965837 0.369214 0.253412 0.894127 0.557102 0.066815 0.827752 0.634134 0.262918 0.727151 0.682811 0.399785 0.611507 0.83536 0.45111 0.314123 0.800399 0.36442 0.475983 0.599619 0.100369 0.793967 0.245506 0.220004 0.9441 0.439085 0.534605 0.722081 0.694153 0.610532 0.381318 0.773665 0.549012 -0.316272 0.838468 0.540488 0.0696 0.936787 0.3468 0.046464 0.740426 0.66831 0.071634 0.43087 -0.24826 0.867593 0.521023 -0.237265 0.819903 0.323294 -0.55246 0.76829 0.378483 -0.549519 0.744835 0.546776 -0.811605 0.205752 0.000988 -0.985743 0.168254 -0.371654 -0.89008 0.263878 -0.247875 -0.916712 0.313365 -0.004056 -0.986121 0.165978 -0.171296 -0.975927 0.134996 0.355307 -0.891353 0.281507 0.039855 -0.993455 0.107045 -0.098267 -0.992527 -0.072349 -0.695506 -0.718193 -0.021663 -0.638506 -0.767658 0.054866 0.159449 0.975299 -0.152867 -0.145806 0.988668 -0.035726 0.045137 0.998686 -0.024271 0.066115 0.986512 -0.149744 0.513859 0.849742 0.117847 0.547253 0.834117 -0.069018 -0.097745 0.961651 0.256266 -0.299325 0.949821 0.090796 -0.428223 0.88251 0.194425 -0.200493 0.925926 0.320098 0.000000 0.945366 0.326012 0.000000 0.926469 0.376372 -0.000000 0.967651 0.252294 -0.000000 0.909272 0.416203 -0.237162 0.888857 0.39203 -0.202182 0.878636 0.432575 0.000016 0.917391 0.397988 -0.513484 0.801627 0.306151 -0.516802 0.735066 0.438855 -0.241308 0.899476 0.364299 -0.158224 0.955375 0.249446 -0.057947 0.9931 0.101955 0.355287 0.859685 0.367033 0.437522 0.870725 0.224529 0.757514 0.584337 0.291071 0.687918 0.604106 0.402274 0.90009 0.220292 0.375912 0.937653 0.145032 0.315866 0.937568 0.070992 0.340479 0.890463 -0.354957 0.284747 0.815903 -0.384777 0.431566 0.978277 0.059538 0.198566 0.853674 0.519571 0.035877 0.804685 0.548546 0.227112 0.912446 -0.252519 0.321987 0.966225 -0.093426 0.240167 0.923396 -0.278501 0.264152 0.961193 -0.019193 0.275208 0.915705 -0.05852 0.397568 0.917248 -0.268349 0.294356 0.900714 -0.279033 0.332949 0.860502 0.201474 0.467915 0.82367 0.096197 0.558851 0.725557 0.027007 0.687631 0.531776 0.524767 0.664706 0.260105 0.480902 0.837305 0.325164 0.753618 0.571252 -0.011203 0.876532 0.481214 0.169422 0.906558 0.386587 0.430962 0.82019 0.376246 -0.25523 0.69624 0.6709 0.123308 0.773674 0.621469 -0.305744 0.835221 0.457085 0.296014 0.821885 0.486704 0.628168 0.580718 0.517852 0.332758 0.843932 0.420775 0.69316 0.618303 0.370446 0.041333 0.849406 0.526119 0.114793 0.887829 0.445625 0 0.89118 0.453649 0 0.92152 0.388332 0 0.839105 0.54397 0.087935 0.419017 0.90371 0.000000 0.409509 0.912306 0.235602 -0.154725 0.959454 0 -0.136404 0.990653 0.312906 -0.269969 0.910608 0 -0.288133 0.95759 0.330716 -0.440937 0.834387 0.000000 -0.430833 0.902432 0.210541 -0.957219 0.198506 0.301274 -0.949921 0.082976 0.332321 -0.940319 0.073228 0.92026 -0.240355 0.308789 0.04258 -0.998937 -0.017667 0.000000 -0.965779 0.259369 -0.184981 -0.982543 -0.019763 -0.08665 -0.974608 -0.20647 0.102205 -0.93075 -0.351083 0.18876 -0.965953 -0.176932 0.705471 -0.352715 0.614739 -0.328927 -0.807753 0.489226 0.145274 -0.857228 -0.494019 0.047561 -0.992979 0.108311 -0.278475 -0.953503 0.115257 -0.176143 -0.844254 -0.506171 0.282627 -0.836467 -0.469516 0.253761 -0.377848 -0.890414 0.356972 -0.425831 -0.831408 0.290923 0.242895 -0.9254 0.405516 0.085667 -0.910065 0.254486 -0.948016 0.191057 0.007969 -0.694121 0.719814 0.201569 -0.77027 0.605024 0.237814 -0.078938 0.968098 0.066277 -0.047558 0.996667 0.278038 0.955555 0.098027 0.214664 0.757436 -0.616612 0.242431 0.96904 0.046782 0.28528 0.74947 -0.59742 0.467969 0.719445 -0.513229 0.469824 0.875889 0.109925 0.290923 0.242895 -0.9254 0.129239 0.298911 -0.945489 0.313488 0.788653 -0.528915 0.075785 0.240061 -0.967795 0.250676 0.792109 -0.55653 0.287581 0.117993 -0.95046 0.427699 0.739635 -0.519628 0.35156 0.914952 0.198162 0.480205 0.871537 0.09913 0.259133 0.481373 0.837335 0.29138 0.93635 0.195823 0.13408 0.503155 0.853732 0.375781 0.50349 0.778002 0.096157 -0.155195 0.983193 0.219452 -0.226847 0.948884 -0.020302 0.999476 -0.025225 0.165034 0.896345 0.411497 0.02405 0.890649 0.454055 0.105274 0.994439 0.002938 0.054763 0.786151 -0.615603 0.999929 -0.006827 -0.009793 0.921273 0.152697 -0.357686 0.495308 -0.625037 -0.603323 0.479866 -0.875836 -0.051382 0.204937 0.664913 0.718256 0.303111 0.621952 0.722011 0.173315 0.009719 0.984818 0.330572 0.88026 0.340389 0.22986 0.070505 0.970666 0.202096 -0.716187 0.668007 0.210449 -0.732104 0.64787 0.157217 -0.987028 -0.032531 0.064784 -0.997877 -0.006733 0.256447 -0.699338 -0.667204 0.36682 -0.660764 -0.654854 0.513108 -0.626072 -0.587157 0.213226 -0.673704 -0.707572 0.472072 -0.601354 -0.644609 0.51058 -0.511932 -0.690821 0.013281 -0.864631 -0.502233 0.328361 -0.800239 -0.501794 0.186544 -0.700673 -0.688664 0.627468 -0.744 -0.22967 0.480322 -0.873329 0.081161 -0.147971 -0.887065 -0.437288 0.373976 -0.924588 0.07266 0.486014 -0.349583 -0.800989 0.312815 -0.452917 -0.834873 0.17428 -0.570564 -0.802548 -0.000000 -0.437717 -0.899113 -0.000000 -0.24624 -0.969209 0.195658 -0.430309 -0.881222 0.196944 -0.396659 -0.896591 0.183131 -0.215443 -0.959191 0.130211 -0.161416 -0.978259 -0.394005 -0.233368 -0.888988 -0.166838 -0.848081 -0.502915 -0.215216 0.446069 -0.868737 0.41897 0.38658 -0.821596 -0.204127 -0.415785 -0.886259 0.305432 0.870923 -0.384974 0.33405 -0.914286 -0.22911 0.300435 -0.953683 0.015088 0.702949 -0.605797 0.372656 0.668114 -0.62497 0.403777 0.874125 -0.195194 0.444752 0.861909 -0.122662 0.492003 0.958252 0.173884 0.226977 0.803097 0.554758 0.217436 0.942006 -0.330337 -0.059179 0.743228 -0.594503 0.306885 0.669445 -0.708721 -0.222617 0.425853 -0.371776 -0.824883 0.272859 -0.550372 -0.789075 0.421064 -0.672695 -0.60843 0.065099 -0.628192 -0.775331 0.666352 -0.624053 -0.408083 0.90179 -0.306907 0.304275 0.966242 -0.079963 0.244912 0.937101 0.158701 -0.310894 0.969806 0.123783 -0.210127 0.446486 0.340625 -0.82742 0.049236 0.700758 -0.711698 0.93492 -0.23767 0.263511 0.849476 -0.449228 0.276738 0.285715 -0.719071 0.633486 0.096157 -0.155195 0.983193 -0.077717 -0.689778 0.719837 0.219452 -0.226847 0.948884 -0.165954 -0.973298 0.158591 0.329538 -0.940995 0.077023 0.176411 -0.744436 0.643967 0.165098 -0.978453 -0.123985 0.417609 -0.79859 -0.433424 0.282829 -0.569164 -0.772049 0.168945 -0.404468 -0.898812 -0.074465 -0.859688 -0.505362 0.287581 0.117993 -0.95046 -0.170754 -0.361563 -0.916578 0.075785 0.240061 -0.967795 0.034632 0.199689 -0.979247 -0.154045 -0.431704 -0.888764 -0.377113 -0.784299 -0.492607 0.267621 -0.075503 0.960561 0.109016 -0.754325 0.647387 0.184541 -0.70381 0.686 0.382022 -0.158422 0.910473 0.170965 -0.271021 -0.947269 -0.269039 -0.769432 -0.579303 -0.058625 -0.271022 -0.960786 0.048547 -0.79273 -0.607637 0.089549 -0.724977 -0.682927 0.010678 -0.999825 -0.015388 -0.22642 -0.677332 0.699968 -0.348749 -0.937204 0.004878 0.002564 -0.999861 -0.016479 0.251602 -0.255493 -0.933499 -0.554438 0.653988 -0.514684 -0.685167 -0.025239 -0.727949 0.008396 -0.378253 -0.925664 -0.033139 0.584291 -0.810867 -0.007185 0.634051 -0.773258 0.456151 0.324451 -0.828648 -0.564733 0.562773 -0.603625 0.425117 0.450424 -0.785108 0.812819 0.107008 -0.572603 0.793576 0.08526 -0.602469 -0.987157 0.125726 -0.098557 -0.959031 0.264675 -0.101034 0.794891 -0.599612 0.092815 0.826511 -0.543973 0.144824 0.40905 -0.791388 0.454295 0.774969 -0.618395 0.130426 0.367164 -0.877807 0.307647 0.346587 -0.862263 0.369296 0.775392 -0.612215 0.15479 0.371168 -0.773978 0.513023 -0.254189 -0.89965 0.35499 -0.284521 -0.852759 0.438008 -0.290656 -0.718738 0.631612 -0.647646 -0.665665 0.370734 -0.631565 -0.552608 0.543829 -0.90099 -0.343032 0.265604 -0.85984 -0.344265 0.377036 -0.959031 0.264675 -0.101034 -0.847549 -0.379372 0.37113 -0.621229 -0.471748 0.625722 -0.987157 0.125726 -0.098557 0.862731 0.405195 0.30251 0.661835 0.749061 -0.029687 0.807222 -0.036673 -0.589107 0.879386 -0.443193 0.173955 0.294281 -0.950567 -0.099099 -0.139348 -0.755514 -0.640141 0.425908 -0.904711 0.010008 0.530451 -0.847529 -0.017765 0.027877 0.898865 -0.437339 -0.313095 0.489083 -0.814107 -0.528908 -0.160201 -0.833422 -0.377521 0.497967 -0.780709 -0.201377 -0.816108 -0.541679 -0.006219 -0.837557 -0.546314 -0.495802 -0.203936 -0.844151 0.093198 0.864593 -0.493754 0.417172 0.80668 -0.418611 0.590427 0.559038 -0.582128 0.250158 0.297674 -0.921309 0.402576 0.541288 0.7382 0.313989 0.924065 0.21798 0.214719 0.603217 0.768131 0.027449 0.02964 0.999184 0.486547 0.851784 0.194258 0.277825 0.843602 -0.45951 0.69899 0.714825 0.020951 0.597716 0.518588 0.611394 0.267621 -0.075503 0.960561 0.382022 -0.158422 0.910473 0.251602 -0.255493 -0.933499 0.170965 -0.271021 -0.947269 0.139394 0.366625 -0.919867 -0.058625 -0.271022 -0.960786 0.051324 0.369723 -0.927723 -0.086122 -0.33701 -0.937554 0.460106 -0.837602 -0.294492 0.000000 -0.952349 -0.30501 -0.000000 -0.951405 -0.307942 0.494121 -0.816006 -0.299964 0.000000 -0.909717 -0.415229 0.717089 -0.614168 -0.329516 0.760777 -0.583912 -0.283311 0.785592 -0.558228 -0.266881 0.457825 -0.856346 -0.238888 0.965197 -0.129479 -0.227222 0.971356 -0.100873 -0.215158 0.984256 -0.094757 -0.149201 0.804912 -0.558854 -0.199498 0 0.996387 -0.084934 0 0.996009 -0.089251 0.566983 0.818655 -0.091294 0.561517 0.821079 -0.102609 0.901146 0.419691 -0.108601 0.56498 0.821031 -0.081887 0.000000 0.998422 -0.056156 0.000000 0.996196 -0.087136 0.556552 0.823799 -0.107728 0 -0.125096 -0.992145 0.905659 0.391837 -0.162009 0.90802 0.39114 -0.150031 0.90358 0.410308 -0.123249 0.992953 -0.066925 -0.097804 0.960093 -0.141663 -0.241149 0.898092 0.412598 -0.152296 -0.556552 0.823799 -0.107729 -0.905659 0.391836 -0.162008 -0.56498 0.821031 -0.081887 -0.90802 0.39114 -0.150032 -0.561517 0.821079 -0.102608 -0.566983 0.818655 -0.091294 -0.901147 0.419691 -0.108601 -0.78476 0.518385 -0.339749 -0.713114 0.481138 -0.509877 -0.766625 0.447906 -0.460072 -0.744954 0.363012 -0.559702 -0.75636 0.403444 -0.51493 -0.873691 0.419001 -0.247189 -0.896962 -0.008242 -0.44203 -0.875734 0.403295 -0.265411 -0.208655 -0.906139 -0.367933 -0.059924 -0.920021 -0.387261 0.015452 -0.877383 -0.479541 -0.153272 -0.987719 0.030302 -0.284943 -0.891727 -0.351611 -0.143258 -0.830209 0.53873 -0.171561 -0.55725 0.812428 -0.269755 -0.822962 0.499965 -0.248826 -0.264981 0.931596 -0.325076 0.040779 0.944808 -0.369214 0.253412 0.894127 -0.557102 0.066815 0.827752 -0.634134 0.262918 0.72715 -0.682811 0.399785 0.611507 -0.599559 0.100416 0.794006 -0.245649 0.22003 0.944057 -0.439085 0.534605 0.722082 -0.835361 0.45111 0.314122 -0.694153 0.610532 0.381318 -0.773665 0.549012 -0.316272 -0.838468 0.540488 0.0696 -0.936787 0.3468 0.046464 -0.800399 0.36442 0.475983 -0.868694 -0.143897 0.473988 -0.92618 0.275366 0.257611 -0.853828 0.269443 0.445396 -0.840488 0.09296 0.533796 -0.488508 0.421042 -0.764254 -0.646716 0.360864 -0.671964 -0.507776 0.540478 -0.670856 -0.740426 0.66831 0.071634 0.377703 0.36478 0.851044 0.368211 0.384656 0.84644 0 0.411718 0.911312 0.675232 0.321332 0.663933 0.67053 0.337138 0.660854 0 0.383976 0.923343 0.89252 0.347905 0.287002 0.928153 0.225519 0.296098 0.79149 0.570649 0.218866 0.864946 -0.253945 0.432875 0.841105 -0.018202 0.540566 0.868542 -0.109945 0.483267 -0.487212 0.549986 0.678336 -0.871553 -0.051268 0.487614 -0.71643 0.491237 0.495393 -0.622641 -0.127206 0.772099 0.671185 0.44417 0.593484 0.904611 0.357319 0.232384 0.858413 0.500893 0.110606 0.645155 0.609069 0.461313 0.000123 -0.938305 -0.345807 0.124853 -0.853683 -0.505605 0.091814 -0.482746 -0.870934 -0.077547 -0.547217 -0.833391 0.052114 0.155009 -0.986538 -0.127936 0.105629 -0.986141 -0.067086 0.782907 -0.618511 -0.008778 -0.871736 -0.489897 0.157217 -0.987028 -0.032531 0.064784 -0.997877 -0.006733 -0.088134 -0.887751 -0.451809 -0.124142 -0.551259 -0.825047 0.184474 0.588753 0.786981 0.136052 0.640934 0.755442 0.355641 0.520041 0.77658 0.066277 -0.047558 0.996667 0.237814 -0.078938 0.968098 0.310287 -0.189603 -0.931543 0.941148 -0.079347 0.328548 0 -0.141081 -0.989998 0 -0.377332 -0.926078 0.310287 -0.189603 -0.931543 0.405516 0.085667 -0.910065 -0.000011 0.930059 0.367411 0.701695 -0.711741 -0.032384 0.701877 -0.710488 -0.050748 0.091904 0.793037 0.6022 0.760106 0.550643 0.345009 0.053858 0.875887 0.479501 0.781322 0.462676 0.418888 -0.000418 0.91204 0.410101 0.741636 0.598849 0.302251 -0.01444 0.944666 0.327715 0.732128 0.635888 0.244204 0.996159 0.04459 0.07536 0.985101 0.063877 0.159676 0.971573 0.051493 0.23107 0.949165 -0.023464 0.313903 0.672115 -0.729088 -0.129197 0.671511 -0.74083 -0.015623 0.641667 -0.764461 0.062155 0.57559 -0.80513 0.14305 -0.014372 -0.996984 -0.076266 -0.006651 -0.984355 -0.176072 -0.009978 -0.999634 -0.025158 0.005575 -0.999355 0.035478 0.016314 -0.137744 0.990333 0.538737 0.731063 0.418699 0.89077 0.103655 0.442476 0.355307 -0.891353 0.281507 -0.098267 -0.992527 -0.072349 -0.023752 0.903784 0.42733 -0.766563 0.567087 0.301319 -0.771184 0.600024 0.212711 -0.990039 0.117185 0.078047 -0.973902 0.137866 0.180299 -0.734084 0.60994 0.298486 -0.956565 0.106591 0.271332 -0.700375 0.603814 0.380636 -0.924379 0.021222 0.380884 -0.668705 0.548206 0.502298 -0.73386 -0.672644 -0.09487 -0.723863 -0.689575 0.022564 -0.672423 -0.734018 0.09521 -0.598567 -0.783068 0.168882 -0.006651 -0.984355 -0.176072 -0.014372 -0.996984 -0.076266 -0.009978 -0.999634 -0.025158 0.005575 -0.999355 0.035478 -0.098267 -0.992527 -0.072349 -0.695506 -0.718193 -0.021663 -0.986483 0.014091 0.163256 0.008807 0.779314 0.626572 0.809293 0.518745 0.275586 0.029524 0.882613 0.469172 0.797983 0.453062 0.397439 0.034376 0.931693 0.361618 0.804815 0.555761 0.208333 0.004732 0.962478 0.271319 0.806176 0.575046 0.139293 0.999665 0.024609 -0.008004 0.996518 0.023651 0.079953 0.989184 -0.029292 0.143723 0.961901 -0.137175 0.236494 0.685275 -0.712761 -0.149564 0.668655 -0.741906 -0.04976 0.604114 -0.796813 0.011638 0.502979 -0.861319 0.071704 0.021566 -0.997402 -0.068734 0.021208 -0.985822 -0.166448 -0.007587 -0.999798 -0.018611 -0.044164 -0.998849 0.018716 0.045209 -0.054803 0.997473 0.809236 0.556976 0.186855 0.997522 -0.032346 0.062476 0.701695 -0.711741 -0.032384 0.108909 -0.992247 0.059865 0.041251 0.919834 0.390132 -0.527262 0.729957 0.434922 -0.733506 0.643122 0.219917 -0.982264 0.122952 0.141564 -0.974396 0.055268 0.21794 -0.73833 0.602628 0.302834 -0.954755 -0.005219 0.297348 -0.748519 0.54085 0.383668 -0.918248 -0.079502 0.387943 -0.754482 0.445284 0.482161 -0.656053 -0.752376 -0.059375 -0.626393 -0.778143 0.046102 -0.577292 -0.809902 0.103887 -0.522489 -0.840813 0.141562 0.021208 -0.985822 -0.166448 0.021566 -0.997402 -0.068734 -0.007587 -0.999798 -0.018611 -0.044164 -0.998849 0.018716 0.108909 -0.992247 0.059865 -0.371654 -0.89008 0.263878 -0.85281 0.271674 0.445991 0.079793 0.774487 0.627538 0.831264 0.481826 0.277206 0.092818 0.87654 0.472296 0.823537 0.410391 0.39162 0.092951 0.923302 0.372658 0.827318 0.519983 0.212513 0.061891 0.954184 0.292749 0.827812 0.539604 0.153476 0.998673 0.047379 0.020201 0.995577 0.035982 0.086789 0.987635 -0.003004 0.156744 0.960196 -0.093073 0.263364 0.688725 -0.711604 -0.138845 0.670963 -0.73932 -0.056692 0.619059 -0.785295 0.008749 0.532825 -0.840946 0.094381 0.041386 -0.99539 -0.086519 0.040577 -0.983195 -0.177993 0.024067 -0.999101 -0.034908 0.00219 -0.999713 0.023852 -0.026458 -0.042995 0.998725 0.632262 0.676718 0.377224 0.886473 0.171436 0.429854 0.546776 -0.811605 0.205752 0.039855 -0.993455 0.107045 0.066731 0.888377 0.45424 -0.502846 0.736559 0.452356 -0.721229 0.651991 0.233958 -0.985332 0.108992 0.131306 -0.976126 0.062327 0.208069 -0.718775 0.621935 0.310739 -0.957861 -0.006589 0.287157 -0.725894 0.565706 0.391222 -0.916198 -0.11393 0.384189 -0.729986 0.465909 0.500049 -0.651388 -0.75463 -0.07892 -0.633801 -0.772986 0.028077 -0.576677 -0.812578 0.084624 -0.499559 -0.85578 0.134468 0.040577 -0.983195 -0.177993 0.041386 -0.99539 -0.086519 0.024067 -0.999101 -0.034908 0.00219 -0.999713 0.023852 0.039855 -0.993455 0.107045 -0.247875 -0.916712 0.313365 -0.785663 0.231442 0.573732 0.751367 0.610872 0.249567 0.803525 0.502725 0.318771 -0.588741 0.108723 0.800976 -0.837476 -0.097828 0.537647 -0.874389 -0.106872 0.47331 -0.573821 0.077776 0.815279 -0.236933 0.317966 0.91802 -0.172174 0.249558 0.952931 -0.954116 -0.252786 0.160506 -0.948167 -0.295991 0.115626 -0.890587 -0.35847 -0.279917 -0.879742 -0.372779 -0.29511 -0.985181 -0.074138 -0.154664 -0.978894 -0.203114 0.02261 -0.996725 0.013183 0.079784 -0.905222 0.289911 -0.310683 -0.845864 0.522534 0.107107 -0.979201 -0.200301 0.032323 -0.993688 0.053569 0.098561 -0.884315 -0.463801 0.053625 -0.897908 -0.430378 0.092386 -0.83317 0.543607 0.101582 -0.884173 -0.465305 0.041571 -0.528897 -0.848154 0.030044 -0.502172 -0.864648 -0.014359 -0.034873 -0.998935 -0.030217 -0.001811 -0.997954 -0.063916 0.436229 -0.896413 -0.078404 0.469572 -0.877678 -0.095832 -0.100584 -0.993617 -0.051062 0.354798 -0.929551 -0.100268 -0.163709 -0.925353 -0.341937 -0.552676 -0.833393 0.002112 -0.538188 -0.805937 -0.246615 -0.574939 -0.702057 -0.420193 -0.232351 -0.793125 -0.562998 0.163726 -0.76078 -0.62802 -0.351908 -0.569914 -0.742536 0.020362 -0.503501 -0.863754 0.253329 -0.890726 -0.377402 -0.826529 -0.55284 -0.105912 -0.961184 -0.269009 0.06132 -0.987401 -0.147428 0.057491 -0.848813 -0.484688 -0.211175 -0.936184 0.165355 0.310189 -0.955595 -0.096379 0.278478 -0.742012 0.350229 0.571627 -0.684694 0.645668 0.338092 -0.3628 0.826285 0.430847 -0.358903 0.649624 0.670207 -0.916997 0.362091 0.16735 -0.997913 0.048464 -0.042684 -0.905987 -0.29605 -0.302559 -0.662243 -0.514855 -0.544388 -0.001162 0.895392 0.445278 0.106862 0.740382 0.663637 0.413652 0.838817 0.353947 0.550383 0.670764 0.497146 0.836167 0.49302 0.240327 0.735886 0.659803 0.152089 0.912581 0.394307 -0.108252 0.975339 0.215915 -0.04577 0.902826 0.088891 -0.420717 0.943892 -0.110848 -0.311096 0.709977 -0.149384 -0.688198 0.776463 -0.391385 -0.493885 0.840044 -0.438737 -0.319116 0.518252 -0.610566 -0.598852 0.607859 -0.704777 -0.365782 0.714676 -0.68568 -0.138135 0.253329 -0.890726 -0.377402 0.354798 -0.929551 -0.100268 0.436229 -0.896413 -0.078404 0.785165 -0.609287 -0.110835 0.811465 -0.572631 -0.116694 0.469572 -0.877678 -0.095832 0.976716 -0.173311 -0.126449 0.932562 -0.322889 -0.161463 0.985949 0.020101 -0.16583 0.963493 -0.132149 -0.232849 0.983935 0.161099 -0.076933 0.163726 -0.76078 -0.62802 0.020362 -0.503501 -0.863754 0.399112 -0.343232 -0.850236 0.900752 0.397984 0.173939 0.733124 0.471857 0.489776 0.959486 0.232018 -0.159856 0.93455 0.343819 -0.091679 0.938124 0.345859 0.01744 0.890005 0.401455 -0.21616 0.845231 0.410022 -0.342733 0.883649 0.2402 -0.401831 0.927973 0.370034 0.044061 0.88389 0.250867 -0.39472 0.666441 0.609813 -0.428935 0.709791 0.143521 -0.689637 0.701897 0.106896 -0.704212 0.428794 0.017991 -0.903223 0.412333 -0.051761 -0.909562 0.044406 -0.200421 -0.978703 0.063138 -0.126839 -0.989912 0.328429 0.828127 -0.454247 0.722341 0.678586 -0.13321 0.944857 0.30142 -0.128026 0.911673 0.390627 -0.127525 0.983783 -0.122826 -0.13071 0.585951 0.804941 -0.093438 0.281921 0.957888 -0.0545 -0.024377 0.999632 0.011887 0.023247 0.999656 -0.012142 -0.140812 0.890648 -0.432341 -0.134097 0.966882 -0.217159 -0.190035 0.730417 0.656032 0.19644 0.808232 0.555132 -0.544163 0.621553 0.563523 -0.777165 0.518257 0.356964 -0.897571 0.43521 0.070422 -0.954116 -0.252786 0.160506 -0.879961 0.382736 -0.281393 -0.890587 -0.35847 -0.279917 -0.837476 -0.097828 0.537647 -0.573821 0.077776 0.815279 0.482642 0.825492 0.292609 0.605574 0.792769 -0.069267 0.564955 0.731537 -0.38168 0.447982 0.654073 -0.609508 -0.677678 0.401201 -0.616271 -0.367181 0.42808 -0.825788 -0.039688 0.490377 -0.870606 0.254082 0.566316 -0.784046 0.044406 -0.200421 -0.978703 -0.334385 -0.311728 -0.889389 -0.663827 -0.372014 -0.648799 0.734259 0.420931 0.532617 0.339597 0.381115 0.859898 -0.172174 0.249558 0.952931 0.701897 0.106896 -0.704212 0.88389 0.250867 -0.39472 0.927973 0.370034 0.044061 0.412333 -0.051761 -0.909562 0.040892 0.001259 -0.999163 0.635057 0.365882 -0.680318 0.731458 -0.013706 -0.681749 0.637346 -0.389697 -0.664776 0.393413 -0.647116 -0.653045 0.045041 -0.761598 -0.646483 -0.333515 -0.685033 -0.647687 -0.642171 -0.427074 -0.636572 -0.776917 -0.023093 -0.62918 0.811465 -0.572631 -0.116694 0.983783 -0.122826 -0.13071 0.911673 0.390627 -0.127525 0.425885 0.619312 -0.659602 0.585951 0.804941 -0.093438 0.469572 -0.877678 -0.095832 -0.001811 -0.997954 -0.063916 -0.502172 -0.864648 -0.014359 -0.884315 -0.463801 0.053625 -0.993688 0.053569 0.098561 -0.83317 0.543607 0.101582 -0.66549 0.40103 -0.629522 -0.322935 0.695798 -0.641544 0.115157 0.759326 -0.640439 -0.474145 0.878179 0.063158 0.023247 0.999656 -0.012142 0.044406 -0.200421 -0.978703 -0.329881 -0.254237 -0.909144 -0.334385 -0.311728 -0.889389 0.063138 -0.126839 -0.989912 -0.676122 -0.347609 -0.649636 -0.663827 -0.372014 -0.648799 -0.553293 0.717343 -0.423423 -0.140812 0.890648 -0.432341 -0.024377 0.999632 0.011887 -0.493751 0.866179 0.077098 -0.474145 0.878179 0.063158 0.023247 0.999656 -0.012142 0.288935 0.476467 0.830359 0.339597 0.381115 0.859898 0.734259 0.420931 0.532617 -0.355642 0.520041 0.77658 -0.526938 0.845552 0.085897 -0.357157 0.438827 0.824542 -0.469825 0.875889 0.109926 -0.675011 0.736485 0.044155 -0.454547 0.303658 0.837364 -0.589494 0.287087 0.755035 -0.835955 0.545896 0.05636 -0.97947 0.197393 0.040928 -0.277037 -0.413932 0.867128 -0.044189 -0.53315 0.844866 -0.075012 -0.434202 0.897687 -0.237813 -0.078939 0.968098 -0.467971 0.719445 -0.513227 -0.471671 0.495976 -0.729065 -0.54335 0.385853 -0.74558 -0.660307 0.331808 -0.67372 -0.405516 0.085665 -0.910065 -0.150947 -0.462282 -0.873791 -0.145747 -0.45171 -0.880179 -0.34391 -0.350755 -0.871032 0.095864 -0.995034 -0.026769 -0.282626 -0.836467 -0.469516 -0.356973 -0.425833 -0.831407 0.152172 -0.988353 0.001709 0.068025 -0.997175 -0.031839 0.152172 -0.988353 0.001709 -0.254486 -0.948016 0.191059 0.095864 -0.995034 -0.026769 -0.201569 -0.770269 0.605025 -0.254486 -0.948016 0.191059 -0.37578 0.503491 0.778002 -0.56675 0.815408 0.117915 -0.357131 0.322036 0.876784 -0.480204 0.871538 0.099127 -0.781557 0.618325 0.08272 -0.48913 0.166337 0.856203 -0.60686 0.094342 0.78919 -0.925264 0.377087 0.041146 -0.996622 0.046522 0.067675 -0.156544 -0.546319 0.822819 0.032457 -0.593388 0.804262 0.04119 -0.618073 0.78504 -0.176411 -0.744436 0.643968 -0.219452 -0.226847 0.948884 -0.427698 0.739635 -0.519629 -0.445272 0.501164 -0.742003 -0.577446 0.299043 -0.75969 -0.643288 0.178076 -0.744627 -0.310287 -0.189605 -0.931543 -0.069071 -0.464216 -0.883025 -0.030374 -0.490742 -0.870775 -0.215018 -0.438957 -0.872401 0.248438 -0.962019 -0.113128 -0.1651 -0.978453 -0.123985 -0.28283 -0.569164 -0.772049 0.293572 -0.949094 -0.114174 0.253655 -0.961627 -0.104564 0.248438 -0.962019 -0.113128 -0.1651 -0.978453 -0.123985 0.293572 -0.949094 -0.114174 -0.597716 0.518588 0.611394 -0.69359 0.719628 0.032673 -0.488595 0.344844 0.801472 -0.69899 0.714825 0.020952 -0.790349 0.61236 0.019072 -0.533438 0.253146 0.807069 -0.660328 0.25 0.708143 -0.897317 0.440745 -0.023786 -0.976347 0.213646 -0.033196 -0.19013 -0.396155 0.898283 -0.01036 -0.481993 0.876114 0.020567 -0.543531 0.839137 -0.184541 -0.703812 0.685999 -0.382023 -0.158422 0.910473 -0.590429 0.559035 -0.582128 -0.536076 0.359255 -0.76391 -0.543014 0.240928 -0.804419 -0.661353 0.222382 -0.716351 -0.251603 -0.255493 -0.933499 0.002988 -0.510902 -0.859634 0.045495 -0.576121 -0.816097 -0.203608 -0.481258 -0.852604 0.313408 -0.949445 -0.018168 -0.002564 -0.999861 -0.016479 -0.08955 -0.724976 -0.682928 0.325703 -0.945104 -0.026398 0.313408 -0.949445 -0.018168 -0.002564 -0.999861 -0.016479 0.177134 -0.984075 -0.014829 -0.678998 0.342323 0.649444 -0.556642 -0.106466 0.823903 -0.319842 0.43099 0.843771 -0.803126 0.011929 0.595689 -0.615244 0.659297 0.432206 -0.210352 0.852378 0.478752 -0.864412 0.193732 0.463961 -0.895684 0.253996 0.365015 -0.878046 0.069014 0.473574 -0.630055 -0.151687 0.761591 -0.878218 -0.248149 0.408846 -0.589322 -0.443844 0.675057 -0.931946 0.121038 0.341801 -0.937631 0.093237 0.334896 -0.897654 0.32311 0.299694 -0.894099 0.329987 0.302814 -0.810695 0.531252 0.24606 -0.896062 0.355984 0.265233 -0.908164 0.292649 0.299324 -0.824476 0.410561 0.38946 -0.79567 0.538865 0.276648 -0.78005 0.581365 0.23138 -0.898206 0.274489 0.34334 -0.918118 0.214806 0.333043 -0.766621 0.591306 0.250299 -0.946249 0.042396 0.320648 -0.948377 -0.022657 0.316333 -0.898425 -0.353224 0.260893 -0.877332 -0.450609 0.165047 -0.95193 -0.084082 0.29455 -0.895695 -0.430686 0.110633 -0.954536 -0.090925 0.283889 -0.908394 -0.333923 0.251626 -0.939503 -0.058106 0.337576 -0.95638 -0.014923 0.291743 -0.940089 0.14271 0.309625 -0.952939 0.019675 0.302522 -0.833056 0.08084 0.54725 -0.920641 0.216625 0.324798 -0.847358 0.398626 0.350831 -0.647086 0.615045 0.450555 -0.788715 0.458581 0.40943 -0.848796 0.375527 0.372188 -0.923599 0.218627 0.314908 -0.801092 0.498574 0.331173 -0.919758 0.308682 0.242404 -0.92869 0.234124 0.287611 -0.984463 0.144684 0.099491 -0.972487 0.023831 0.231735 -0.833382 -0.484728 0.265542 -0.909268 -0.091065 0.406127 -0.886452 -0.11743 -0.447676 -0.900924 0.241993 0.360244 -0.496036 0.86692 -0.048974 0.083437 0.60286 -0.793472 -0.923858 -0.118896 -0.363799 -0.077119 -0.027607 -0.99664 -0.657449 0.578908 0.482314 -0.65613 0.682082 0.32289 -0.720078 0.656173 0.225667 -0.889315 0.355944 0.287094 -0.885261 0.254012 0.389604 -0.916648 0.084379 0.390687 -0.934191 0.17911 0.308556 -0.972628 -0.068319 0.222098 -0.865784 -0.312789 0.390616 -0.858295 -0.12422 0.497895 -0.773561 0.342279 0.533336 -0.849327 0.332098 0.41031 -0.696683 0.487956 0.525863 -0.924336 0.302759 0.232249 -0.934019 0.228016 0.274985 -0.874264 0.466484 0.134367 -0.914419 0.258919 0.311127 -0.674215 0.716721 0.17817 -0.48274 0.818609 -0.311194 -0.846912 0.504712 -0.167349 -0.849356 0.304261 -0.431301 -0.663024 0.304751 -0.683759 -0.397637 0.089529 -0.913164 -0.073204 0.702244 -0.708163 -0.502089 0.846678 0.17619 -0.226408 0.963747 -0.141177 0.066237 0.876706 -0.476444 -0.788476 0.445251 0.424331 -0.850824 0.014277 0.525257 -0.781006 -0.43115 0.451819 -0.707674 0.598526 0.375453 -0.448277 0.012903 -0.893802 -0.867582 0.171279 0.466866 -0.859499 -0.327657 0.392305 -0.718559 -0.619631 0.315801 -0.722101 -0.659772 0.208015 -0.56361 -0.825536 -0.028882 0.261768 0.628579 -0.73237 0.343582 0.263001 -0.901544 0.251345 -0.26406 -0.931181 -0.009229 -0.678573 -0.734475 0.121631 -0.493394 -0.86126 0.29406 -0.217108 -0.930802 0.09914 -0.167975 -0.980793 0.077253 -0.35074 -0.933281 0.145219 -0.34329 -0.927935 0.029647 -0.451995 -0.891528 0.140803 -0.647047 -0.749336 0.385592 -0.542664 -0.746214 0.227331 0.308891 -0.92353 -0.328875 -0.867881 -0.372322 -0.294305 -0.771394 -0.564212 -0.722745 -0.689795 0.042696 -0.399615 -0.145376 -0.905082 -0.989626 -0.122795 -0.074578 -0.330003 0.722286 -0.607784 0.309294 0.147024 -0.939532 0.176388 0.414915 -0.892599 -0.131367 -0.127799 -0.983062 0.02911 -0.117545 -0.992641 -0.118467 -0.360855 -0.925067 -0.509713 -0.39161 -0.766051 -0.051972 -0.236485 -0.970244 0.115737 -0.096696 -0.988562 0.267828 -0.232678 -0.934949 0.636386 0.066133 -0.76853 0.382276 0.139869 -0.913401 -0.041892 -0.049142 -0.997913 -0.119203 -0.125601 -0.984894 -0.770157 -0.307234 -0.558987 -0.524747 -0.402765 -0.749947 -0.766672 -0.375528 -0.520762 -0.914272 -0.177219 -0.364281 -0.954726 0.264039 -0.137044 -0.96183 0.265381 0.06675 -0.907355 0.399175 0.131781 -0.96384 0.177971 0.198341 -0.990782 0.085574 0.105012 -0.870512 0.491548 0.024276 -0.451757 0.885087 -0.111964 -0.551147 0.755912 0.353319 -0.513267 0.64164 0.56996 -0.921717 0.306512 0.237671 -0.993759 0.02937 -0.107614 -0.995016 -0.078888 -0.060989 -0.941587 0.25021 0.22541 -0.912255 -0.283442 -0.295723 -0.578887 0.630761 0.516749 -0.684694 0.645668 0.338092 -0.916997 0.362091 0.16735 -0.116728 0.849027 0.515294 -0.128263 0.809858 0.572432 0.285636 0.890015 0.355367 -0.05666 0.975294 0.213523 0.151879 0.986839 0.055504 -0.187682 0.945647 0.265569 -0.028046 0.98002 0.19691 0.315651 0.943863 -0.097401 0.434048 0.862112 -0.261467 0.513132 0.721439 -0.464997 0.736854 0.674402 -0.047206 0.807489 0.526174 -0.266652 0.793549 0.338631 -0.505578 0.510738 0.488797 -0.707265 0.570254 0.804034 0.168343 0.270613 0.855337 0.441777 0.814537 0.337446 -0.471868 0.669475 0.110205 -0.734614 0.302892 -0.190295 -0.933833 0.399112 -0.343232 -0.850236 0.709977 -0.149384 -0.688198 -0.135768 -0.369218 -0.919372 0.020362 -0.503501 -0.863754 -0.351908 -0.569914 -0.742536 -0.662243 -0.514855 -0.544388 -0.905987 -0.29605 -0.302559 -0.997913 0.048464 -0.042684 0.902826 0.088891 -0.420717 0.912581 0.394307 -0.108252 0.83365 0.500975 -0.232492 0.760224 0.649609 -0.008198 0.573489 0.786815 0.228106 0.413652 0.838817 0.353947 -0.001162 0.895392 0.445278 -0.3628 0.826285 0.430847 0.735886 0.659803 0.152089 0.086824 0.821109 0.564129 -0.136306 0.708765 0.692151 -0.146648 0.786408 0.600047 0.044625 0.717864 0.694752 0.135249 0.846944 0.514192 0.128874 0.892749 0.431729 0.441219 -0.383492 0.811332 0.21936 0.623727 0.750231 -0.145341 0.810618 0.567252 -0.427451 0.699246 0.573011 -0.433368 0.63415 0.640348 -0.568612 0.525385 0.63297 -0.663045 0.51953 0.538944 -0.264128 0.668166 0.69555 -0.323108 0.503144 0.801528 -0.056365 0.844324 0.53286 -0.056117 0.500471 0.863933 -0.378627 0.724434 0.576053 -0.055055 0.865297 0.498226 -0.092231 0.650726 0.753691 -0.568643 0.572715 0.59046 0.177189 0.703565 0.688186 -0.109613 0.791233 0.601611 -0.17133 0.599513 0.781812 0.309621 0.698494 0.645168 0.54782 0.637865 0.541315 0.528505 0.770145 0.357155 0.32809 0.86222 0.385919 -0.345461 0.756597 0.555174 0.156593 0.967314 0.199457 -0.219373 0.849795 0.479294 0.205141 0.978731 -0.001619 0.079874 0.968267 0.23681 0.153413 0.9818 -0.111949 0.081004 0.989414 0.120406 0.566873 -0.813882 -0.127483 0.328927 -0.807751 0.489229 0.593635 -0.781464 0.192123 0.488858 -0.851874 0.187958 0.55662 -0.257361 0.789899 0.50718 -0.861727 0.013973 0.549243 -0.82323 -0.143612 0.603773 -0.790413 -0.103467 0.592543 -0.785289 -0.179486 0.52729 -0.74889 -0.401408 0.4369 -0.708967 -0.55361 0.671479 -0.580545 -0.460525 0.342019 -0.630107 -0.697128 0.39441 -0.628573 -0.670326 0.149226 -0.643743 -0.750551 0.791058 -0.526658 -0.31122 0.849298 -0.512164 -0.127991 0.793048 -0.584807 -0.170515 0.672444 -0.682268 -0.286931 -0.210541 -0.957219 0.198505 -0.301274 -0.94992 0.082977 -0.332321 -0.940319 0.073229 -0.042581 -0.998937 -0.017668 0.18498 -0.982543 -0.019763 0.08665 -0.974609 -0.20647 -0.102205 -0.930749 -0.351084 -0.18876 -0.965953 -0.176931 -0.140238 -0.982772 -0.120382 -0.404535 -0.912891 -0.054595 -0.152774 -0.971053 -0.183622 -0.29325 -0.953689 0.066954 -0.137881 -0.981615 0.131985 -0.062527 -0.990086 -0.125774 -0.058661 -0.974831 -0.215089 -0.256532 -0.861782 0.437634 -0.329644 -0.670541 0.664612 -0.377212 -0.221571 0.899232 -0.445858 -0.854506 0.266515 -0.547154 -0.684956 0.481101 -0.576708 -0.811288 0.096019 -0.776836 -0.578935 0.247709 -0.648097 -0.182726 0.739312 -0.856451 -0.054017 0.513394 -0.844689 -0.498414 0.195151 -0.913965 -0.049375 0.402777 -0.582075 0.312949 0.750501 -0.703982 0.439532 0.557872 -0.735054 0.391084 0.553849 -0.166806 0.93446 0.31458 -0.04058 0.824947 0.563752 -0.72181 0.332335 0.607078 -0.044872 0.777728 0.626998 0.32809 0.86222 0.385919 0.156593 0.967314 0.199457 0.528505 0.770145 0.357155 0.205141 0.978731 -0.001619 -0.094616 0.948268 0.303046 -0.010643 0.957729 0.287474 0.153413 0.9818 -0.111949 -0.35142 0.226257 0.908467 -0.6963 0.184166 0.693721 -0.140206 0.520628 0.842193 0.54782 0.637865 0.541315 -0.716325 -0.025413 0.697304 -0.431846 0.177499 0.88431 0.178106 0.443886 0.878205 -0.848089 -0.190158 0.494555 -0.898583 -0.08327 0.43083 -0.855786 -0.424461 0.295742 -0.910516 -0.35122 0.218185 -0.86682 -0.229548 0.442641 -0.858626 -0.438975 0.264693 -0.761014 -0.604453 0.235572 -0.717938 -0.671824 0.182258 -0.93381 -0.353782 0.053276 -0.95712 -0.288422 0.02709 -0.863806 -0.486013 0.132784 -0.882849 -0.374973 0.282796 -0.952029 0.182342 0.24575 -0.869537 -0.49382 0.006967 -0.8719 -0.479401 0.099831 -0.936813 -0.342053 0.073356 -0.96279 -0.134632 0.234328 -0.918669 -0.31134 0.243136 -0.86242 -0.500645 0.074739 -0.936674 -0.341277 -0.078562 -0.99229 0.117874 0.038284 -0.861006 -0.497152 0.107281 -0.564367 -0.808343 -0.167542 -0.819328 0.567872 -0.078892 -0.421064 -0.672693 -0.608431 -0.569811 0.10221 -0.815395 -0.508128 -0.818535 -0.267967 -0.824616 -0.55685 0.099636 -0.902793 -0.172734 0.393863 -0.249127 -0.811685 -0.528302 -0.548886 -0.542196 -0.636198 -0.077119 -0.027607 -0.99664 -0.425853 -0.371776 -0.824883 0.062078 0.229298 -0.971375 -0.269176 -0.554869 -0.787188 0.288055 -0.322092 -0.901821 -0.789929 0.026065 -0.612644 -0.80275 0.172989 0.570672 -0.663961 0.542181 0.514971 -0.175916 0.955514 0.23674 -0.70648 0.555156 0.438963 -0.823044 0.26235 0.503756 -0.930103 -0.059097 0.362514 -0.896182 0.270455 0.351727 -0.955942 -0.017136 0.293054 -0.910056 0.246316 0.333357 -0.837461 0.214832 0.5025 -0.911705 -0.007375 0.410779 -0.960508 -0.234091 0.150416 -0.882578 -0.051951 0.467288 -0.94893 -0.070385 0.307537 -0.938591 -0.202889 0.279074 -0.587461 0.724157 0.361229 -0.700832 0.644009 0.306734 -0.428993 0.851127 0.302567 -0.496036 0.86692 -0.048974 0.117169 0.973249 -0.197631 -0.751369 0.610869 0.249567 -0.803525 0.502725 0.318772 -0.847358 0.398626 0.350831 -0.541073 0.663384 0.516877 -0.673653 0.171631 0.718842 -0.833056 0.08084 0.54725 -0.647086 0.615045 0.450555 0.490382 0.524339 -0.696128 0.083437 0.60286 -0.793472 0.192172 -0.240925 -0.951328 -0.446486 0.340627 -0.82742 -0.777988 0.319957 -0.540706 -0.418481 0.908112 0.014381 -0.049235 0.700758 -0.711698 -0.284334 0.958714 0.004705 0.377847 0.655097 -0.654278 -0.065099 -0.628191 -0.775331 -0.90509 0.384937 0.180652 -0.465521 0.037742 -0.884232 0.531464 -0.34496 -0.773659 -0.165847 -0.892729 -0.418962 -0.811179 -0.562662 0.159376 -0.837311 0.441947 0.321859 -0.832419 -0.517876 0.197188 -0.309671 -0.922904 -0.228804 -0.939489 0.008579 0.342473 -0.969526 0.018471 0.24429 -0.970824 -0.016339 0.239238 -0.915001 0.020612 0.402924 -0.97391 -0.019406 0.226104 -0.92814 0.027904 0.371185 -0.834804 0.041924 0.548949 -0.988144 -0.07003 0.136631 -0.989435 -0.061898 0.1311 -0.923935 0.314291 0.218093 -0.919399 0.312634 0.238674 -0.944798 0.194274 0.263845 -0.657449 0.578908 0.482314 -0.65613 0.682082 0.32289 -0.972059 0.127055 0.197379 -0.696683 0.487956 0.525863 -0.973925 0.149487 0.170659 -0.773561 0.342279 0.533336 -0.948395 0.167154 0.269456 -0.994606 -0.000421 0.10372 -0.985731 0.135171 0.10031 -0.912446 -0.252519 0.321987 -0.936338 -0.078959 0.342106 -0.966225 -0.093426 0.240167 -0.961193 -0.019193 0.275208 -0.915704 -0.05852 0.397569 -0.874308 0.123391 0.469425 -0.791411 0.059193 0.608412 -0.87859 -0.090352 0.468953 -0.861573 0.006582 0.50759 -0.835845 0.203395 0.509895 -0.828463 0.332552 0.45062 -0.78005 0.581365 0.23138 -0.810695 0.531252 0.24606 -0.766621 0.591306 0.250299 -0.785298 0.580229 0.215965 -0.895431 0.326856 0.302273 -0.720078 0.656173 0.225667 -0.896062 0.355984 0.265233 -0.146668 -0.978655 -0.143953 -0.078299 -0.986927 -0.140868 -0.423824 -0.904456 -0.048297 -0.140207 -0.988891 -0.04936 -0.653107 -0.755474 0.052064 -0.431643 -0.899664 0.065487 -0.458599 -0.886887 0.05584 -0.154806 -0.985583 -0.068274 -0.148092 -0.881958 -0.447459 -0.513199 -0.831653 -0.212087 -0.355147 -0.934537 -0.022603 -0.319566 0.947329 -0.021094 -0.748778 0.626175 -0.217338 -0.795366 0.60082 -0.080056 0.048935 0.963351 0.263743 -0.168891 0.951943 0.255499 -0.104742 0.987414 0.118503 0.487236 0.550475 0.677922 0.345095 0.931698 0.11335 0.71609 0.491986 0.495141 0.176126 0.558873 0.810333 0.193 0.956329 0.219512 0.086896 0.991024 0.101585 0.001915 0.993308 0.115483 -0.084825 0.958125 0.273499 -0.24424 0.959064 0.143325 -0.023829 0.959302 0.281376 0.041697 0.964103 0.262235 -0.809236 0.556976 0.186855 -0.815824 0.565282 0.122011 -0.997173 -0.074406 -0.010503 -0.997522 -0.032346 0.062476 0.502846 0.73656 0.452356 -0.538737 0.731063 0.418699 0.002502 0.88104 0.473035 0.09859 0.923449 0.370839 0.785663 0.231441 0.573733 -0.89077 0.103655 0.442476 0.247875 -0.916712 0.313364 -0.355307 -0.891353 0.281507 0.527262 0.729957 0.434922 -0.15771 0.91591 0.369102 -0.041251 0.919834 0.390132 -0.052405 0.873813 0.483431 0.371654 -0.89008 0.263878 -0.886473 0.171436 0.429854 0.85281 0.271674 0.445991 -0.546776 -0.811605 0.205752 0.023752 0.903784 0.42733 -0.546776 -0.811605 0.205752 0.371654 -0.89008 0.263878 -0.000988 -0.985743 0.168254 0.247875 -0.916712 0.313364 0.004056 -0.986121 0.165978 0.171296 -0.975927 0.134996 -0.355307 -0.891353 0.281507 -0.039855 -0.993455 0.107045 0.098266 -0.992527 -0.072349 0.695506 -0.718193 -0.021663 0.638506 -0.767658 0.054865 -0.159449 0.975299 -0.152867 0.145806 0.988668 -0.035725 -0.066115 0.986512 -0.149744 -0.045137 0.998686 -0.024271 -0.513859 0.849742 0.117847 -0.547253 0.834117 -0.069019 0.097666 0.961645 0.256321 0.299325 0.949821 0.090798 0.428223 0.88251 0.194425 0.200313 0.925944 0.320159 0.23693 0.888902 0.392068 0.202042 0.878679 0.432553 0.513484 0.801626 0.306153 0.516802 0.735065 0.438855 0.241308 0.899475 0.364301 0.158224 0.955375 0.249446 0.057947 0.9931 0.101955 -0.355287 0.859685 0.367033 -0.437522 0.870725 0.224528 -0.757514 0.584337 0.291071 -0.687918 0.604106 0.402274 -0.90009 0.220291 0.375912 -0.937653 0.145032 0.315867 -0.937568 0.070992 0.340479 -0.890463 -0.354957 0.284748 -0.815903 -0.384777 0.431566 -0.978277 0.059538 0.198566 -0.853674 0.519571 0.035876 -0.804685 0.548546 0.227112 -0.912446 -0.252519 0.321987 -0.966225 -0.093426 0.240167 -0.923396 -0.278501 0.264153 -0.961193 -0.019193 0.275208 -0.915704 -0.05852 0.397569 -0.917247 -0.26835 0.294356 -0.904089 -0.256507 0.341801 -0.860502 0.201474 0.467915 -0.82367 0.096197 0.558851 -0.737885 0.050092 0.673065 -0.531777 0.524768 0.664705 -0.254768 0.48725 0.835272 -0.316611 0.755062 0.574143 0.008121 0.877398 0.479694 -0.16714 0.906581 0.387525 -0.419881 0.821676 0.38542 0.254506 0.694672 0.672799 -0.123308 0.773673 0.62147 0.305744 0.835219 0.457089 -0.296014 0.821885 0.486704 -0.628168 0.580718 0.517852 -0.332758 0.843931 0.420775 -0.69316 0.618303 0.370447 -0.041333 0.849406 0.526119 -0.114793 0.887829 0.445626 -0.087935 0.419016 0.903711 -0.235601 -0.154725 0.959454 -0.312905 -0.269969 0.910608 -0.330716 -0.440937 0.834387 -0.210541 -0.957219 0.198505 -0.301274 -0.94992 0.082977 -0.332321 -0.940319 0.073229 -0.92026 -0.240356 0.308789 -0.042581 -0.998937 -0.017668 0.18498 -0.982543 -0.019763 0.08665 -0.974609 -0.20647 -0.102205 -0.930749 -0.351084 -0.18876 -0.965953 -0.176931 -0.705468 -0.352712 0.614743 0.328927 -0.807751 0.489229 -0.145275 -0.857229 -0.494018 0.278475 -0.953503 0.115255 -0.04756 -0.992979 0.10831 0.176142 -0.844254 -0.506171 -0.282626 -0.836467 -0.469516 -0.25376 -0.377848 -0.890414 -0.356973 -0.425833 -0.831407 -0.290922 0.242895 -0.925401 -0.405516 0.085665 -0.910065 -0.254486 -0.948016 0.191059 -0.007968 -0.694122 0.719813 -0.201569 -0.770269 0.605025 -0.237813 -0.078939 0.968098 -0.066277 -0.047558 0.996667 -0.278038 0.955555 0.098029 -0.214664 0.757437 -0.616611 -0.285281 0.749471 -0.597418 -0.242431 0.96904 0.046782 -0.467971 0.719445 -0.513227 -0.469825 0.875889 0.109926 -0.290922 0.242895 -0.925401 -0.129239 0.298911 -0.945489 -0.313487 0.788655 -0.528914 -0.250676 0.792109 -0.55653 -0.075785 0.240061 -0.967795 -0.287582 0.117992 -0.95046 -0.427698 0.739635 -0.519629 -0.35156 0.914953 0.19816 -0.480204 0.871538 0.099127 -0.259132 0.481372 0.837336 -0.29138 0.93635 0.195821 -0.13408 0.503156 0.853731 -0.37578 0.503491 0.778002 -0.096157 -0.155194 0.983193 -0.219452 -0.226847 0.948884 0.020302 0.999476 -0.025226 -0.02405 0.890649 0.454054 -0.165034 0.896344 0.411498 -0.105274 0.994439 0.002938 -0.054763 0.786151 -0.615604 -0.999929 -0.006827 -0.009792 -0.495308 -0.625036 -0.603324 -0.921273 0.152697 -0.357686 -0.479866 -0.875836 -0.051382 -0.124853 -0.853684 -0.505605 0.077547 -0.547217 -0.833391 -0.091814 -0.482747 -0.870934 -0.052114 0.155009 -0.986538 0.127936 0.105629 -0.986142 0.067086 0.782907 -0.618511 -0.204937 0.664913 0.718256 -0.330572 0.88026 0.340389 -0.303111 0.621952 0.722011 -0.173315 0.009719 0.984819 -0.22986 0.070505 0.970666 -0.202096 -0.716187 0.668007 -0.157217 -0.987028 -0.032531 -0.210448 -0.732104 0.64787 -0.064784 -0.997877 -0.006734 0.008778 -0.871736 -0.489898 0.088219 -0.887889 -0.45152 -0.157217 -0.987028 -0.032531 -0.064784 -0.997877 -0.006734 0.125403 -0.551619 -0.824616 -0.253486 -0.702836 -0.664655 -0.510589 -0.625183 -0.590293 -0.362618 -0.660509 -0.657446 -0.212916 -0.670475 -0.710725 -0.471734 -0.597815 -0.648139 -0.517794 -0.506966 -0.689112 -0.01815 -0.873432 -0.486608 -0.318965 -0.809033 -0.493687 -0.18386 -0.70567 -0.68427 -0.62208 -0.760861 -0.184683 -0.487799 -0.350068 -0.79969 -0.312815 -0.452917 -0.834873 -0.173158 -0.572466 -0.801435 -0.195658 -0.430308 -0.881222 -0.196944 -0.39666 -0.896591 -0.183131 -0.215443 -0.959191 -0.130211 -0.161416 -0.978259 0.153788 -0.886194 -0.437046 -0.486966 -0.867331 0.102958 -0.36977 -0.928086 0.043893 0.394007 -0.233367 -0.888987 0.166837 -0.848081 -0.502915 0.215217 0.446069 -0.868737 -0.418969 0.386576 -0.821599 0.204128 -0.415784 -0.886259 -0.305431 0.870922 -0.384976 -0.33405 -0.914286 -0.229111 -0.710631 -0.621695 0.329393 -0.300435 -0.953683 0.015088 -0.668113 -0.624971 0.403779 -0.891473 -0.214664 0.398992 -0.861908 -0.122664 0.492004 -0.97054 0.168397 0.172324 -0.803098 0.554757 0.217436 -0.942005 -0.330339 -0.059179 -0.901914 -0.30826 0.302534 -0.743581 -0.590133 0.314373 -0.70055 -0.644096 -0.307196 -0.677224 -0.720492 -0.149193 -0.425853 -0.371776 -0.824883 -0.269176 -0.554869 -0.787188 -0.421064 -0.672693 -0.608431 -0.065099 -0.628191 -0.775331 -0.965849 -0.090714 0.242705 -0.973129 0.152275 -0.17272 -0.97968 0.156466 -0.12548 -0.446486 0.340627 -0.82742 -0.946252 -0.193918 0.25885 -0.860623 -0.411879 0.299472 -0.049235 0.700758 -0.711698 -0.285715 -0.71907 0.633486 -0.096157 -0.155194 0.983193 -0.219452 -0.226847 0.948884 0.077717 -0.689777 0.719839 0.165954 -0.973297 0.158594 -0.329539 -0.940995 0.077025 -0.176411 -0.744436 0.643968 -0.1651 -0.978453 -0.123985 -0.417609 -0.798591 -0.433421 -0.28283 -0.569164 -0.772049 -0.168944 -0.404467 -0.898813 0.074465 -0.859689 -0.505361 -0.287582 0.117992 -0.95046 0.170754 -0.361563 -0.916578 -0.075785 0.240061 -0.967795 -0.034632 0.199688 -0.979247 0.154045 -0.431705 -0.888764 0.377112 -0.784299 -0.492607 -0.267622 -0.075504 0.960561 -0.184541 -0.703812 0.685999 -0.109016 -0.754325 0.647387 -0.382023 -0.158422 0.910473 -0.170966 -0.271021 -0.947269 0.058625 -0.271022 -0.960786 0.26904 -0.769434 -0.579301 -0.048547 -0.792731 -0.607636 -0.08955 -0.724976 -0.682928 -0.010677 -0.999825 -0.015389 0.22642 -0.677332 0.699968 0.348749 -0.937204 0.004878 -0.002564 -0.999861 -0.016479 -0.251603 -0.255493 -0.933499 0.56853 0.669883 -0.477525 0.031537 0.583382 -0.811585 -0.003175 -0.386896 -0.922118 0.726131 -0.013115 -0.687431 0.006997 0.634018 -0.773287 -0.458743 0.323094 -0.827747 0.574277 0.583145 -0.574585 -0.428685 0.448334 -0.784363 -0.788655 0.126338 -0.601716 -0.776838 0.095815 -0.622368 0.983072 0.174174 -0.056853 0.950169 0.305512 -0.061974 -0.7591 -0.64327 0.099855 -0.356018 -0.877493 0.321336 -0.795824 -0.596828 0.102275 -0.326962 -0.873004 0.361883 0.253258 -0.900695 0.353 0.286023 -0.849948 0.44247 -0.35122 -0.792016 0.499355 0.293118 -0.710692 0.63953 0.674894 -0.634988 0.375909 0.650819 -0.514903 0.557951 0.913598 -0.290078 0.284945 0.866704 -0.289875 0.405953 0.950169 0.305512 -0.061974 0.855711 -0.334718 0.394618 0.633476 -0.438885 0.63725 0.983072 0.174174 -0.056853 0.487236 0.550475 0.677922 0.871072 -0.040203 0.489506 0.624229 -0.119264 0.772084 0.71609 0.491986 0.495141 -0.862731 0.405196 0.302509 -0.661834 0.749062 -0.02969 -0.80722 -0.036677 -0.58911 -0.879385 -0.443195 0.173956 -0.294281 -0.950567 -0.099096 0.139349 -0.755515 -0.64014 -0.425908 -0.904711 0.01001 -0.530451 -0.847529 -0.017765 -0.027877 0.898864 -0.43734 0.313094 0.48908 -0.814109 0.528908 -0.160204 -0.833421 0.377521 0.497964 -0.780711 0.201379 -0.816107 -0.541679 0.006219 -0.837557 -0.546315 0.495801 -0.203938 -0.84415 -0.093198 0.864593 -0.493754 -0.417169 0.806682 -0.41861 -0.250159 0.297674 -0.921309 -0.590429 0.559035 -0.582128 -0.402577 0.541287 0.738201 -0.027449 0.02964 0.999184 -0.21472 0.603216 0.768131 -0.313989 0.924065 0.21798 -0.486546 0.851784 0.194259 -0.277824 0.843602 -0.459511 -0.69899 0.714825 0.020952 -0.597716 0.518588 0.611394 -0.267622 -0.075504 0.960561 -0.382023 -0.158422 0.910473 -0.251603 -0.255493 -0.933499 -0.170966 -0.271021 -0.947269 -0.139394 0.366626 -0.919867 0.058625 -0.271022 -0.960786 -0.051324 0.369722 -0.927724 0.086122 -0.337009 -0.937554 -0.460105 -0.837602 -0.294492 -0.494122 -0.816006 -0.299964 -0.717089 -0.614168 -0.329516 -0.760777 -0.583913 -0.283311 -0.785593 -0.558228 -0.266881 -0.457825 -0.856346 -0.238889 -0.965197 -0.129479 -0.227222 -0.971356 -0.100873 -0.215158 -0.984256 -0.094756 -0.149201 -0.804912 -0.558854 -0.199498 -0.898091 0.412599 -0.152296 -0.960093 -0.141662 -0.241149 -0.90358 0.410308 -0.123249 -0.992953 -0.066925 -0.097804 -0.377703 0.36478 0.851044 -0.368211 0.384656 0.846439 -0.675232 0.321332 0.663933 -0.67053 0.337138 0.660854 -0.928763 0.223027 0.296073 -0.785298 0.580229 0.215965 -0.87892 -0.20554 0.43041 -0.861573 0.006582 0.50759 -0.87859 -0.090352 0.468953 -0.430064 -0.247791 0.868127 -0.519508 -0.235352 0.821414 -0.31921 -0.550264 0.771567 -0.374673 -0.544607 0.750349 -0.671185 0.44417 0.593484 -0.858413 0.500893 0.110606 -0.904611 0.357318 0.232384 -0.645155 0.609069 0.461313 -0.184474 0.588753 0.786981 -0.136052 0.640935 0.755442 -0.355642 0.520041 0.77658 -0.066277 -0.047558 0.996667 -0.237813 -0.078939 0.968098 -0.310287 -0.189605 -0.931543 -0.936338 -0.078959 0.342106 -0.310287 -0.189605 -0.931543 -0.405516 0.085665 -0.910065 -0.701695 -0.711741 -0.032384 -0.701877 -0.710488 -0.050748 -0.091905 0.793037 0.6022 -0.760107 0.550643 0.345009 -0.781322 0.462676 0.418888 -0.053858 0.875887 0.479501 0.000418 0.91204 0.410101 -0.741636 0.598849 0.302251 0.014441 0.944666 0.327715 -0.732128 0.635888 0.244204 -0.996159 0.04459 0.07536 -0.985101 0.063878 0.159676 -0.971573 0.051493 0.23107 -0.949165 -0.023464 0.313903 -0.672115 -0.729088 -0.129197 -0.671511 -0.74083 -0.015623 -0.641667 -0.76446 0.062155 -0.575589 -0.80513 0.14305 0.014372 -0.996984 -0.076266 0.006651 -0.984355 -0.176072 0.009978 -0.999634 -0.025158 -0.005575 -0.999355 0.035478 -0.016313 -0.137744 0.990333 -0.538737 0.731063 0.418699 -0.89077 0.103655 0.442476 -0.355307 -0.891353 0.281507 0.098266 -0.992527 -0.072349 0.023752 0.903784 0.42733 0.766563 0.567087 0.301319 0.771184 0.600024 0.212711 0.990039 0.117185 0.078047 0.973902 0.137865 0.180299 0.734084 0.60994 0.298486 0.956565 0.106591 0.271332 0.700375 0.603814 0.380636 0.924379 0.021223 0.380884 0.668705 0.548206 0.502298 0.73386 -0.672644 -0.09487 0.723863 -0.689575 0.022564 0.672423 -0.734018 0.09521 0.598567 -0.783068 0.168882 0.006651 -0.984355 -0.176072 0.014372 -0.996984 -0.076266 0.009978 -0.999634 -0.025158 -0.005575 -0.999355 0.035478 0.098266 -0.992527 -0.072349 0.695506 -0.718193 -0.021663 0.986483 0.014091 0.163257 -0.008807 0.779314 0.626571 -0.809294 0.518745 0.275586 -0.797983 0.453064 0.397439 -0.029524 0.882613 0.469171 -0.034376 0.931693 0.361618 -0.804816 0.55576 0.208333 -0.004732 0.962478 0.271319 -0.806176 0.575046 0.139293 -0.999665 0.024609 -0.008004 -0.996518 0.023652 0.079953 -0.989184 -0.029291 0.143723 -0.961901 -0.137175 0.236494 -0.685276 -0.712761 -0.149564 -0.668656 -0.741905 -0.04976 -0.604114 -0.796813 0.011638 -0.502977 -0.86132 0.071704 -0.021566 -0.997402 -0.068734 -0.021208 -0.985822 -0.166448 0.007587 -0.999798 -0.018611 0.044164 -0.998849 0.018716 -0.04521 -0.0548 0.997473 -0.809236 0.556976 0.186855 -0.997522 -0.032346 0.062476 -0.701695 -0.711741 -0.032384 -0.108909 -0.992248 0.059865 -0.041251 0.919834 0.390132 0.527262 0.729957 0.434922 0.733506 0.643122 0.219917 0.982264 0.122951 0.141564 0.974396 0.055268 0.21794 0.738329 0.602629 0.302834 0.954755 -0.005219 0.297348 0.748518 0.54085 0.383668 0.918248 -0.079502 0.387943 0.754482 0.445285 0.482161 0.656052 -0.752376 -0.059375 0.626392 -0.778143 0.046102 0.577292 -0.809902 0.103887 0.522489 -0.840813 0.141562 -0.021208 -0.985822 -0.166448 -0.021566 -0.997402 -0.068734 0.007587 -0.999798 -0.018611 0.044164 -0.998849 0.018716 -0.108909 -0.992248 0.059865 0.371654 -0.89008 0.263878 0.85281 0.271674 0.445991 -0.079793 0.774487 0.627537 -0.831264 0.481826 0.277206 -0.823537 0.410391 0.39162 -0.092818 0.87654 0.472296 -0.092951 0.923302 0.372658 -0.827318 0.519984 0.212513 -0.061891 0.954184 0.292749 -0.827812 0.539604 0.153476 -0.998673 0.047379 0.020201 -0.995577 0.035982 0.086789 -0.987635 -0.003005 0.156745 -0.960196 -0.093074 0.263363 -0.688725 -0.711604 -0.138845 -0.670963 -0.739321 -0.056692 -0.619059 -0.785296 0.008749 -0.532825 -0.840946 0.094381 -0.041386 -0.99539 -0.086519 -0.040577 -0.983195 -0.177993 -0.024067 -0.999101 -0.034908 -0.00219 -0.999713 0.023852 0.026458 -0.042995 0.998725 -0.632262 0.676718 0.377224 -0.886473 0.171436 0.429854 -0.546776 -0.811605 0.205752 -0.039855 -0.993455 0.107045 -0.066731 0.888377 0.45424 0.502846 0.73656 0.452356 0.721228 0.651992 0.233958 0.985332 0.108992 0.131306 0.976126 0.062327 0.208069 0.718775 0.621935 0.31074 0.957861 -0.006589 0.287157 0.725894 0.565705 0.391222 0.916198 -0.11393 0.384189 0.729986 0.465909 0.50005 0.651388 -0.75463 -0.07892 0.633802 -0.772986 0.028077 0.576677 -0.812578 0.084624 0.499559 -0.85578 0.134468 -0.040577 -0.983195 -0.177993 -0.041386 -0.99539 -0.086519 -0.024067 -0.999101 -0.034908 -0.00219 -0.999713 0.023852 -0.039855 -0.993455 0.107045 0.247875 -0.916712 0.313364 0.785663 0.231441 0.573733 -0.858295 -0.12422 0.497895 -0.751369 0.610869 0.249567 -0.803525 0.502725 0.318772 -0.964311 0.246059 -0.097774 -0.972872 0.147017 -0.178621 -0.991861 0.07499 -0.102895 0.964155 0.246711 -0.097667 0.968344 0.116651 -0.220687 0.990994 0.040217 -0.127725 0.996999 -0.063936 -0.043649 0.977023 -0.186352 -0.103435 0.977767 -0.168225 -0.12519 0.998876 -0.03923 -0.026609 0.998137 -0.059973 -0.011194 0.993717 -0.078927 -0.079352 0.999683 -0.011072 -0.022594 0.99981 -0.003077 -0.019228 0.996294 -0.085013 0.013087 0.15649 0.98194 0.106322 0.928292 0.357493 0.102336 0.181832 0.971022 0.155092 0.871198 0.485087 0.075529 0.008376 -0.744147 0.667964 0.958758 -0.235999 0.158392 0.052122 -0.488691 0.870899 0.884646 0.2162 0.413108 -0.053819 0.377806 0.92432 -0.015137 0.783629 0.621045 0.832867 -0.55017 -0.060382 0.981484 -0.191493 0.004339 0.990399 -0.037181 -0.133145 0.846661 0.439147 0.300524 0.789398 0.554769 0.262835 -0.021863 0.837512 0.545981 -0.007471 0.899345 0.437177 0.74064 0.623514 0.250367 -0.0021 0.915756 0.401729 0.96931 -0.202766 -0.139009 0.977023 -0.186352 -0.103435 0.977767 -0.168225 -0.12519 -0.999027 -0.041184 -0.015759 -0.97268 -0.202903 -0.1128 -0.998982 -0.001507 -0.045081 -0.98695 -0.139925 -0.079692 -0.999546 -0.03011 -0.000535 -0.99874 -0.04937 0.008988 -0.979367 -0.197335 0.043577 0.15649 0.98194 0.106322 0.181832 0.971022 0.155092 0.008376 -0.744147 0.667964 -0.955463 -0.186146 0.228999 0.052122 -0.488691 0.870899 -0.87621 0.22904 0.424024 -0.053819 0.377806 0.92432 -0.015137 0.783629 0.621045 -0.80615 -0.58835 -0.062974 -0.840991 0.433198 0.324149 -0.021863 0.837512 0.545981 -0.007471 0.899345 0.437177 -0.0021 0.915756 0.401729 -0.968747 -0.210047 -0.131942 -0.97268 -0.202903 -0.1128 -0.996999 -0.063936 -0.043649 -0.976136 -0.190073 -0.105023 -0.989637 -0.106438 -0.096381 -0.999163 -0.030644 -0.027087 -0.999347 0.023973 -0.027044 -0.999423 0.023648 -0.024378 -0.998137 -0.059973 -0.011194 -0.993717 -0.078927 -0.079352 -0.999683 -0.011072 -0.022594 -0.99981 -0.003077 -0.019228 -0.15649 0.98194 0.106322 -0.928292 0.357493 0.102336 -0.871198 0.485087 0.075529 -0.181832 0.971022 0.155092 -0.008376 -0.744148 0.667962 -0.958758 -0.235999 0.158392 -0.052121 -0.488692 0.870898 -0.884646 0.2162 0.413108 0.053819 0.377804 0.92432 0.015137 0.783628 0.621045 -0.791306 -0.607448 -0.069574 -0.981484 -0.191493 0.004339 -0.994123 -0.018824 -0.106612 -0.846661 0.439146 0.300525 -0.789398 0.554769 0.262836 0.021863 0.837512 0.545981 0.007471 0.899345 0.437176 -0.740639 0.623514 0.250367 0.0021 0.915756 0.401729 -0.965151 -0.216874 -0.146457 -0.976136 -0.190073 -0.105023 -0.989637 -0.106438 -0.096381 0.999027 -0.041184 -0.015759 0.96589 -0.226669 -0.125215 0.998982 -0.001507 -0.045081 0.98695 -0.139925 -0.079692 0.999547 -0.03011 -0.000535 0.99874 -0.049371 0.008988 0.979367 -0.197335 0.043577 -0.15649 0.98194 0.106322 -0.181832 0.971022 0.155092 -0.008376 -0.744148 0.667962 0.955463 -0.186146 0.228998 -0.052121 -0.488692 0.870898 0.87621 0.22904 0.424024 0.053819 0.377804 0.92432 0.015137 0.783628 0.621045 0.80615 -0.58835 -0.062974 0.840991 0.433198 0.32415 0.021863 0.837512 0.545981 0.007471 0.899345 0.437176 0.0021 0.915756 0.401729 0.951941 -0.260731 -0.160711 0.96589 -0.226669 -0.125215 -0.582632 -0.125961 0.802916 -0.504909 -0.014654 0.863048 -0.661777 0.362956 0.655983 -0.178107 0.443886 0.878204 0.763827 0.077957 0.640695 0.705471 -0.352715 0.614739 0.828318 -0.560028 0.016052 0.891679 -0.419806 0.169326 0.836903 -0.47289 -0.275623 0.921749 -0.387692 -0.008584 0.513108 -0.626072 -0.587157 0.880284 -0.474446 0.000092 0.741864 -0.625512 -0.241602 0.36682 -0.660764 -0.654854 0.933896 -0.33899 0.11368 0.158452 -0.981589 0.106657 0.366924 -0.804852 0.466455 0 -0.866092 0.499884 0 -0.988276 0.15268 0.705471 -0.352715 0.614739 -0.778523 0.571886 0.258551 -0.986483 0.014091 0.163256 -0.766563 0.567087 0.301319 -0.983592 -0.102163 0.148691 -0.20289 0.965998 0.160259 -0.799668 0.599044 0.040951 -0.271256 0.962042 0.029919 -0.786613 0.610305 -0.093639 -0.845229 0.522193 -0.113587 -0.94432 0.288473 -0.158251 -0.889988 0.256277 -0.377153 -0.985586 -0.047333 -0.162416 -0.968149 -0.030433 -0.248517 -0.737209 -0.638237 -0.221758 -0.707022 -0.696818 -0.120682 -0.763751 -0.547193 -0.342438 -0.910979 -0.079971 -0.404627 -0.681598 0.226279 -0.695861 -0.710431 -0.016507 -0.703573 -0.056525 0.267676 -0.961849 -0.691364 0.257826 -0.674938 -0.036504 0.316168 -0.948001 0.548515 0.235223 -0.802372 0.517809 0.293364 -0.803624 0.813418 0.293385 -0.502271 0.586602 0.013835 -0.809758 0.822153 0.039416 -0.5679 0.913423 0.089526 -0.397044 0.828024 0.512677 -0.227024 0.815669 0.29418 -0.498139 0.939474 0.339645 -0.045064 -0.061005 0.034073 -0.997556 0.954664 0.038312 -0.295211 0.788893 0.464839 0.40196 0.485046 0.87173 0.069412 0.980475 -0.056843 -0.18825 0.358551 0.546008 0.757177 0.037073 0.874299 0.48397 0.066731 0.888377 0.45424 0.632262 0.676718 0.377224 0.437716 0.069787 0.896401 0.580808 0.289907 0.760668 0.217548 0.568734 0.793231 0.48429 0.461353 0.743382 0.195882 0.890346 0.410992 0.641494 0.654946 0.399414 0.395974 0.380264 0.835825 0.375892 0.388179 0.841441 0.765778 0.193953 0.613161 0.940906 0.223737 0.254241 0.375218 0.926589 0.025369 0.768142 0.639181 0.037485 0.721323 0.585943 -0.369275 0.533473 0.714284 -0.452995 0.952008 0.299729 -0.061998 0.820299 0.418021 -0.390344 0.571715 0.462784 -0.677476 0 0.556266 -0.831004 0 0.511301 -0.859402 0.630825 0.28323 -0.722385 0 0.355997 -0.934487 -0.000000 0.51137 -0.859361 0 0.417806 -0.908536 0.555536 0.334857 -0.761085 0.570887 0.409585 -0.711567 0.75801 0.224029 -0.612562 0 0.489773 -0.87185 0.574969 0.558513 -0.597891 0 0.693992 -0.719983 0.720075 0.318012 -0.616734 0.739329 -0.603529 -0.298572 0.554698 -0.095867 -0.82651 0.197032 -0.664845 -0.720528 0.499094 -0.231535 -0.835043 -0.130638 -0.541736 -0.830335 0.21326 -0.976723 0.023056 0.040463 -0.862956 -0.503657 0.605457 0.679471 0.414416 0.085623 -0.096273 0.991665 -0.360779 -0.271595 0.89223 0.143787 -0.829033 0.540398 -0.805349 -0.276311 0.524466 -0.317393 -0.943942 0.090748 -0.939099 -0.327984 0.102566 0.004872 -0.998679 0.051145 -0.223512 -0.974452 0.022026 -0.664388 -0.746876 -0.027639 -0.707022 -0.696818 -0.120682 -0.282954 -0.958678 -0.029553 -0.737209 -0.638237 -0.221758 -0.353071 -0.92886 -0.112069 -0.397752 -0.898503 -0.185704 -0.084375 -0.989573 -0.116733 -0.027541 -0.998863 -0.038912 0.101779 -0.989409 -0.103498 0.108308 -0.99301 -0.046908 -0.763751 -0.547193 -0.342438 -0.461785 -0.805318 -0.371776 -0.084033 -0.875965 -0.474998 0.356346 -0.810119 -0.465537 -0.059478 -0.415845 -0.907488 0.556585 -0.379365 -0.739118 0.49963 -0.802299 -0.326628 0.73745 -0.426629 -0.523598 -0.673876 -0.378754 -0.634379 0.427148 -0.887949 -0.170562 0.762628 -0.547984 -0.343674 0.741222 -0.636323 -0.213733 0.358693 -0.929831 -0.08218 0.085653 -0.996276 0.009866 -0.006534 -0.999664 0.025069 0.707645 -0.686366 -0.167754 0.271169 -0.960865 -0.05662 0.040342 -0.998628 0.03339 0.701877 -0.710488 -0.050748 0.197946 -0.977583 0.071763 0.701695 -0.711741 -0.032384 0.108909 -0.992247 0.059865 -0.235416 -0.644836 0.727163 -0.103488 -0.66434 0.740231 -0.034247 0.037494 0.99871 -0.005863 -0.647699 0.761874 -0.086396 0.075847 0.993369 -0.162838 -0.71081 0.684275 0.128683 -0.979217 0.156761 0.117711 -0.987452 0.105272 -0.274739 -0.769411 0.57665 -0.043674 -0.997614 0.053461 0.154236 -0.981423 -0.114104 -0.251515 -0.771749 0.584075 -0.019225 -0.970233 -0.241409 0.077624 -0.956394 -0.281577 0.493514 -0.826796 -0.269914 0.47355 -0.880761 -0.003401 0.84234 -0.496122 0.210538 0.683345 -0.414912 -0.600739 0.22207 -0.439452 -0.870383 0.39041 -0.776056 -0.495295 0.447707 -0.891227 -0.072617 0.44627 -0.877639 -0.174911 0.509606 -0.860408 -0.000059 0.823 -0.415827 0.386988 0.863777 -0.339568 -0.372268 0.49673 -0.830833 -0.250952 0.244498 -0.648203 0.721147 0.140522 -0.919765 -0.36645 0.236352 -0.853025 -0.46528 0.140539 -0.974753 0.173507 -0.153084 -0.978141 0.140736 -0.127859 -0.860325 -0.49345 -0.013457 -0.357568 -0.93379 0.253704 -0.360736 -0.897498 0.111543 0.277113 -0.954341 0.244381 0.25178 -0.936421 0.875234 0.22488 -0.428246 -0.0087 -0.344031 -0.938918 0.129239 0.298911 -0.945489 -0.050961 -0.005925 0.998683 0.161569 0.743024 -0.64947 0.111543 0.277113 -0.954341 0.244381 0.25178 -0.936421 0.213967 0.732292 -0.646503 0.60579 0.760179 -0.234831 0.875234 0.22488 -0.428246 0.414589 0.760842 0.499235 0.713451 -0.02536 0.700247 0.09933 0.504906 0.85744 0.093026 0.977006 0.191846 0.253397 0.960097 0.118338 0.210563 0.917535 0.337331 0.096964 0.992194 0.078411 -0.086368 0.972879 0.214587 -0.221079 0.757205 0.614626 -0.26567 0.656894 0.705627 0.279901 0.874452 -0.396218 0.062004 0.98729 -0.146337 0.106996 0.820141 -0.562068 0.329059 0.938659 -0.103148 0.583485 0.800759 -0.13539 0.040352 0.901902 -0.430051 -0.142687 0.890876 -0.431255 -0.093297 0.99293 -0.073387 -0.230918 0.852004 -0.469857 -0.373773 0.249526 -0.893326 -0.374862 0.282702 -0.882926 -0.229015 0.33076 -0.915505 -0.173686 0.377107 -0.909738 -0.056658 0.922658 -0.381435 -0.048873 0.91202 -0.407224 -0.103406 0.382145 -0.918299 0.018462 0.957549 0.287677 0.111675 0.953957 0.278379 0.072009 0.610149 0.789007 0.241453 0.670008 0.70199 0.070942 0.052705 0.996087 0.352333 0.122339 0.927844 0.95282 0.299616 0.048618 0.452503 0.195557 -0.870057 0.128986 0.140924 -0.981582 0.202546 0.801224 -0.563041 0.034632 0.199689 -0.979247 0.227942 0.951922 0.204663 0.100679 0.478268 0.872424 -0.070325 -0.228532 0.970993 -0.114245 -0.16832 0.97909 0.160334 -0.209856 0.964497 -0.122918 0.652217 0.748 -0.086368 0.972879 0.214587 -0.048772 0.949876 0.308799 -0.26567 0.656894 0.705627 -0.093297 0.99293 -0.073387 -0.071193 0.991097 -0.112511 -0.146665 0.808475 -0.569963 -0.230918 0.852004 -0.469857 -0.373773 0.249526 -0.893326 -0.177083 0.234315 -0.955896 -0.191845 -0.648588 -0.736565 -0.071282 -0.564485 -0.82236 0.056051 -0.961479 -0.269103 -0.019225 -0.970233 -0.241409 -0.043674 -0.997614 0.053461 0.024245 -0.989443 0.142883 -0.247252 -0.069656 0.966444 -0.400146 -0.012992 0.916359 -0.133991 -0.810137 0.570723 -0.251515 -0.771749 0.584075 0.024245 -0.989443 0.142883 -0.043674 -0.997614 0.053461 -0.06359 -0.09343 0.993593 -0.062337 0.597865 0.799169 -0.056193 0.562732 0.824727 -0.036422 0.951204 0.306405 -0.137429 0.530539 0.836446 -0.129045 0.930596 0.342548 -0.09954 0.547288 0.831004 -0.138707 0.900887 0.411295 -0.078854 0.982187 -0.170558 -0.085296 0.993507 -0.075295 0.283502 0.957893 -0.045473 0.254981 0.758735 -0.599421 0.209677 0.183155 -0.960463 0.235035 0.75762 -0.608909 0.188699 0.179503 -0.96549 0.244158 0.781628 -0.573972 0.389417 0.240443 -0.889124 0.533473 0.714284 -0.452995 0.646716 0.360864 -0.671964 0.471692 -0.20632 -0.857286 0.75801 0.224029 -0.612562 0.22518 0.972509 -0.059335 0.120736 0.992336 -0.026301 0.375218 0.926589 0.025369 0.062302 0.931701 0.357842 0.241468 0.913595 0.327167 0.195882 0.890346 0.410992 0.174424 -0.81375 -0.554425 0.164094 -0.388964 -0.906521 0.193005 -0.427916 -0.88297 0.257035 0.580764 0.772428 0.1192 0.585755 0.801675 0.217548 0.568734 0.793231 0.247744 -0.095135 0.964143 0.160994 -0.075087 0.984095 0.437716 0.069787 0.896401 0.390751 -0.681161 0.61914 0.106184 -0.751838 0.650741 0.868694 -0.143897 0.473987 0.999929 -0.006827 -0.009793 0.479866 -0.875836 -0.051382 0.157156 -0.986508 -0.045878 0.138831 0.637122 0.758156 0.107638 -0.749799 0.652851 0.135064 -0.989908 -0.042897 0.249543 0.078311 0.965192 0.019989 0.024413 0.999502 0.02922 -0.691885 0.721416 -0.050564 -0.998606 0.01514 -0.06119 -0.045092 0.997107 -0.020808 -0.079868 0.996588 0.032629 -0.68621 0.726672 0.011932 -0.997354 0.071713 0.113283 -0.983063 0.144065 0.091106 -0.715946 0.692185 0.126271 -0.975079 0.182418 0.042105 -0.754842 0.654554 0.829653 -0.066666 -0.554285 0.90744 -0.205879 -0.366287 0.643757 0.03777 -0.764297 0.501465 -0.737404 -0.452513 0.905996 -0.408755 -0.109954 0.148092 -0.881958 -0.447459 0.355147 -0.934537 -0.022603 0.754184 -0.626635 0.196301 -0.168491 -0.837832 -0.519277 -0.410248 -0.902897 0.128346 -0.128077 -0.990237 0.055014 -0.30239 -0.661603 0.68618 -0.130166 -0.711482 0.690544 -0.114245 -0.16832 0.97909 -0.070325 -0.228532 0.970993 0.160334 -0.209856 0.964497 0.713451 -0.02536 0.700247 0.128986 0.140924 -0.981582 0.452503 0.195557 -0.870057 0.95282 0.299616 0.048618 0.352333 0.122339 0.927844 0.349095 -0.639744 0.684734 0.017991 -0.694244 0.719514 0.070942 0.052705 0.996087 -0.003239 -0.997701 0.067687 0.245555 -0.965649 0.084994 -0.036867 -0.888115 -0.45814 0.087008 -0.884334 -0.458675 -0.101267 -0.378458 -0.920062 -0.108106 -0.389706 -0.914572 -0.15981 -0.528221 -0.833932 -0.226326 -0.646613 -0.72847 -0.191845 -0.648588 -0.736565 -0.020986 0.053103 0.998368 -0.259212 -0.655605 0.709218 0.027449 0.02964 0.999184 -0.331924 -0.942873 0.028581 -0.239522 -0.827542 -0.507743 -0.086122 -0.33701 -0.937554 -0.977508 -0.061317 -0.201789 -0.888462 -0.441252 0.126222 -0.904418 -0.380533 0.192935 -0.740911 0.072068 0.667726 -0.805349 -0.276311 0.524466 -0.863263 -0.171222 0.474826 -0.360779 -0.271595 0.89223 0.085623 -0.096273 0.991665 -0.567831 0.185332 0.80201 -0.240539 0.350404 0.905184 0.245506 0.220004 0.9441 0.295276 0.568842 0.767614 0.439085 0.534605 0.722081 -0.308894 0.205774 0.92857 -0.142307 0.316039 0.938013 -0.4804 -0.012689 0.876958 0.221361 0.206166 0.95315 0.035293 -0.102176 0.99414 -0.638482 -0.356811 0.681929 -0.126589 -0.525226 0.841495 0.435768 -0.546745 0.714966 0.477895 -0.118458 0.870393 0.802666 -0.109947 0.586207 0.855243 -0.400533 0.328835 0.992263 -0.122605 0.01953 0.930563 -0.301163 -0.208213 0.92211 -0.27601 -0.271167 0.908247 -0.138712 -0.394774 0.802988 -0.178262 -0.568712 0.537423 -0.396934 -0.744056 -0.028025 -0.599679 -0.79975 -0.130638 -0.541736 -0.830335 0.499094 -0.231535 -0.835043 0.859611 -0.072977 -0.505711 0.540116 -0.343588 -0.768259 0.945435 -0.22628 -0.234413 -0.977508 -0.061317 -0.201789 -0.717388 -0.498427 -0.48675 -0.510329 -0.567911 -0.645787 -0.897173 -0.397328 -0.192901 0.003105 0.33017 -0.943916 0.43754 0.164626 -0.884001 0.75796 -0.108481 -0.643217 0.910896 -0.324197 -0.255273 0.891392 -0.36026 -0.275015 -0.589422 0.223117 -0.776402 -0.566442 -0.039528 -0.823153 0.018481 0.075276 -0.996991 -0.001274 0.158826 -0.987306 -0.651319 0.085869 -0.75393 0.469612 0.014582 -0.882752 0.507075 0.136246 -0.851065 0.766516 -0.116398 -0.631589 0.808879 0.079577 -0.582566 0.930981 -0.271951 -0.243551 0.992215 -0.020117 -0.122903 0.865944 -0.42252 0.267616 0.901191 -0.143924 0.408828 0.81109 -0.55281 0.191138 -0.214142 -0.814715 0.538872 -0.683828 -0.608298 0.40293 -0.654012 -0.712035 0.255489 0.408476 -0.665534 0.624669 0.440269 -0.532444 0.722956 0.454515 -0.24982 0.854989 -0.279579 -0.588198 0.758853 -0.973049 -0.119652 -0.197128 -0.629835 -0.391391 0.670911 -0.273983 -0.475611 0.8359 -0.861129 -0.344187 0.374155 -0.943168 -0.234279 -0.235683 -0.988167 -0.005225 -0.153296 -0.94432 0.288473 -0.158251 -0.258452 -0.227449 0.938866 0.358551 0.546008 0.757177 0.788893 0.464839 0.40196 0.939474 0.339645 -0.045064 0.815669 0.29418 -0.498139 0.517809 0.293364 -0.803624 -0.036504 0.316168 -0.948001 -0.691364 0.257826 -0.674938 -0.94432 0.288473 -0.158251 -0.988167 -0.005225 -0.153296 -0.943168 -0.234279 -0.235683 -0.973049 -0.119652 -0.197128 0.141783 0.87861 -0.456008 -0.101267 -0.378458 -0.920062 -0.108106 -0.389706 -0.914572 -0.15981 -0.528221 -0.833932 -0.226326 -0.646613 -0.72847 -0.191845 -0.648588 -0.736565 0.176187 0.95416 0.241944 0.129044 0.608222 0.783207 -0.020986 0.053103 0.998368 0.561619 -0.82439 -0.070459 0.865567 -0.493735 -0.08378 0.424624 -0.88472 -0.192262 0 -0.997929 -0.064329 0 -0.991827 -0.127593 0 -0.994192 -0.107624 0.559848 -0.82208 -0.103705 0 -0.988987 -0.148 0.539811 -0.830244 -0.13892 0 -0.982792 -0.184716 0.516249 -0.84012 -0.16639 0 -0.978001 -0.208599 0.49127 -0.850135 -0.18954 0 -0.969763 -0.244049 0.47324 -0.85198 -0.223997 0.000000 -0.967059 -0.254551 0.834768 -0.523845 -0.169556 0.857382 -0.49406 -0.144227 0.866795 -0.480034 -0.135036 0.864063 -0.485798 -0.13189 0.866681 -0.487843 -0.10427 0.988681 -0.088368 -0.12125 0.989253 -0.093698 -0.112243 0.987917 -0.101378 -0.117231 0.986793 -0.099561 -0.127777 0.990258 -0.087255 -0.108511 0.906615 0.410664 -0.096982 0.582698 0.807404 -0.092529 0 0.9953 -0.096842 0 0.993872 -0.11054 0.602502 0.791287 -0.104191 0 0.992203 -0.124635 0.604159 0.788121 -0.117716 0 0.993018 -0.117966 0.597012 0.794321 -0.112384 0 0.990568 -0.137019 0.594132 0.795706 -0.117726 0 0.975068 -0.221908 0.607024 0.775994 -0.171334 0 0.937393 -0.348273 0.619395 0.733556 -0.279725 0 0.854495 -0.51946 0.604861 0.664167 -0.439346 0.914686 0.390403 -0.104567 0.914452 0.386707 -0.11931 0.917918 0.379264 -0.116558 0.905826 0.409173 -0.109805 -0.582698 0.807404 -0.092529 -0.602502 0.791287 -0.104191 -0.604159 0.788121 -0.117716 -0.597012 0.794321 -0.112384 -0.594132 0.795706 -0.117726 -0.607024 0.775994 -0.171334 -0.619395 0.733555 -0.279725 -0.604861 0.664167 -0.439346 -0.57497 0.558513 -0.59789 -0.914686 0.390403 -0.104567 -0.906615 0.410663 -0.096982 -0.905826 0.409173 -0.109805 -0.914452 0.386707 -0.11931 -0.917918 0.379264 -0.116558 -0.720075 0.318012 -0.616734 -0.739337 -0.60349 -0.298631 -0.554698 -0.095867 -0.82651 -0.197348 -0.666007 -0.719367 -0.499094 -0.231535 -0.835043 0.132137 -0.545398 -0.827696 0.522758 -0.601518 -0.60407 -0.045859 -0.866657 -0.496793 -0.198844 -0.979752 0.023373 -0.437717 0.069787 0.896401 -0.580809 0.289907 0.760668 -0.217549 0.568733 0.793231 -0.48429 0.461353 0.743382 -0.195882 0.890346 0.410993 -0.641494 0.654945 0.399415 -0.395974 0.380264 0.835825 -0.375892 0.388179 0.841441 -0.765778 0.193953 0.613161 -0.940905 0.223737 0.254241 -0.375218 0.92659 0.025369 -0.768142 0.639181 0.037485 -0.721323 0.585943 -0.369275 -0.533473 0.714284 -0.452996 -0.952008 0.299728 -0.061998 -0.820299 0.418021 -0.390344 -0.571715 0.462784 -0.677476 -0.630825 0.28323 -0.722385 -0.555536 0.334857 -0.761085 -0.570887 0.409585 -0.711567 -0.75801 0.224029 -0.612562 -0.921273 0.152697 -0.357686 -0.999929 -0.006827 -0.009792 -0.605457 0.679471 0.414416 -0.777142 0.625718 0.067284 -0.864502 0.401947 -0.301787 -0.808915 0.129456 -0.573495 0.978888 0.034856 -0.201402 0.988651 -0.127901 0.078807 0.860954 0.184151 -0.474181 0.90744 -0.205879 -0.366287 0.829653 -0.066666 -0.554285 0.643757 0.03777 -0.764297 0.905996 -0.408755 -0.109954 0.837415 -0.315059 0.446625 0.444295 -0.47974 0.756605 0.366924 -0.804852 0.466455 0.754184 -0.626635 0.196301 0 -0.866092 0.499884 0 -0.535878 0.844295 0 0.127614 0.991824 0.428615 0.145276 0.891731 0 0.375976 0.926629 0 0.403306 0.915065 -0.176112 0.558711 0.810448 -0.993574 -0.108645 -0.031735 -0.664388 -0.746876 -0.027639 -0.638506 -0.767658 0.054866 -0.695506 -0.718193 -0.021663 0.341042 0.409447 0.846194 0.59546 0.22859 0.770178 0.896694 0.14872 0.416921 0.605457 0.679471 0.414416 0.98124 0.097015 -0.166601 0.864502 0.401947 -0.301787 0.937445 0.226731 -0.264179 0.808915 0.129456 -0.573496 0.777142 0.625718 0.067284 0.921273 0.152697 -0.357686 0.999929 -0.006827 -0.009793 0.864502 0.401947 -0.301787 0.808915 0.129456 -0.573496 0.777142 0.625718 0.067284 0.157156 -0.986508 -0.045878 0.135064 -0.989908 -0.042897 0.172817 -0.836301 -0.520322 -0.147235 0.099216 -0.984113 -0.101402 0.131078 -0.986172 -0.127357 -0.532821 -0.83659 -0.060787 0.775927 -0.627887 -0.074199 0.773276 -0.629713 -0.050564 -0.998606 0.01514 0.011932 -0.997354 0.071713 -0.065368 -0.90004 -0.430877 0.113283 -0.983063 0.144065 0.04073 -0.913352 -0.405129 -0.016983 -0.508943 -0.860632 -0.09261 -0.513003 -0.853376 -0.056844 0.191659 -0.979814 -0.023569 0.219719 -0.975279 -0.031347 0.777221 -0.628446 -0.021353 0.787781 -0.615585 -0.021824 0.977509 -0.209761 0.022637 -0.499192 -0.866195 0.109039 -0.93292 -0.343178 -0.042553 0.237485 -0.970459 -0.04758 0.797128 -0.601933 -0.020411 0.981828 -0.188671 -0.023532 0.955657 0.293541 0.126271 -0.975079 0.182418 0.135088 0.990723 -0.014774 0.107036 0.993184 -0.046149 0.240591 0.961885 0.129977 -0.031104 0.745246 0.666064 -0.088207 0.759784 0.644164 -0.268295 0.070108 0.960782 -0.086396 0.075847 0.993369 -0.411521 0.036317 0.910676 -0.400146 -0.012992 0.916359 0.046031 0.711175 0.701507 -0.034247 0.037494 0.99871 -0.050961 -0.005925 0.998683 -0.400146 -0.012992 0.916359 -0.411521 0.036317 0.910676 -0.268295 0.070108 0.960782 0 0.100382 -0.994949 -0.673876 -0.378754 -0.634379 -0.059478 -0.415845 -0.907488 0.556585 -0.379365 -0.739118 0.73745 -0.426629 -0.523598 0.762628 -0.547984 -0.343674 0.741222 -0.636323 -0.213733 0.707645 -0.686366 -0.167754 0.355147 -0.934537 -0.022603 0 0.100382 -0.994949 0.58263 -0.125961 0.802917 0.504908 -0.014654 0.863049 0.661776 0.362955 0.655985 0.178106 0.443886 0.878205 -0.763829 0.077956 0.640694 -0.705468 -0.352712 0.614743 -0.828318 -0.560028 0.016051 -0.891679 -0.419806 0.169326 -0.836903 -0.47289 -0.275623 -0.921749 -0.387692 -0.008584 -0.510589 -0.625183 -0.590293 -0.880284 -0.474446 0.000092 -0.741864 -0.625513 -0.241603 -0.362618 -0.660509 -0.657446 -0.933897 -0.33899 0.11368 -0.158452 -0.981589 0.106656 -0.366924 -0.804852 0.466455 -0.705468 -0.352712 0.614743 0.778523 0.571886 0.258551 0.986483 0.014091 0.163257 0.983592 -0.102163 0.148691 0.766563 0.567087 0.301319 0.20289 0.965998 0.160259 0.799668 0.599044 0.040951 0.271256 0.962042 0.029919 0.786613 0.610305 -0.093639 0.845229 0.522193 -0.113587 0.944211 0.289043 -0.157861 0.889988 0.256277 -0.377153 0.985586 -0.047333 -0.162416 0.968149 -0.030433 -0.248517 0.737209 -0.638237 -0.221758 0.707022 -0.696818 -0.120682 0.763751 -0.547193 -0.342438 0.910979 -0.079971 -0.404626 0.681597 0.226279 -0.695861 0.710431 -0.016507 -0.703573 0.056525 0.267676 -0.961849 0.691407 0.257943 -0.67485 0.036504 0.316168 -0.948001 -0.548515 0.235223 -0.802372 -0.517809 0.293364 -0.803624 -0.813418 0.293385 -0.502271 -0.586602 0.013835 -0.809758 -0.822153 0.039416 -0.5679 -0.913423 0.089526 -0.397044 -0.828024 0.512676 -0.227024 -0.815669 0.29418 -0.498139 -0.939542 0.339425 -0.045288 0.061005 0.034073 -0.997556 -0.954664 0.038311 -0.295211 -0.789101 0.464384 0.402078 -0.485045 0.87173 0.069412 -0.980475 -0.056844 -0.18825 -0.358539 0.545663 0.757431 -0.037073 0.874299 0.48397 -0.066731 0.888377 0.45424 -0.632262 0.676718 0.377224 -0.004872 -0.998679 0.051145 0.223512 -0.974452 0.022026 0.664388 -0.746876 -0.027639 0.707022 -0.696818 -0.120682 0.282954 -0.958678 -0.029553 0.737209 -0.638237 -0.221758 0.353071 -0.92886 -0.112069 0.397752 -0.898503 -0.185704 0.084375 -0.989573 -0.116733 0.027541 -0.998863 -0.038912 -0.101779 -0.989409 -0.103498 -0.108308 -0.99301 -0.046908 0.763751 -0.547193 -0.342438 0.461786 -0.805318 -0.371776 0.084033 -0.875965 -0.474998 -0.356346 -0.810119 -0.465537 0.059478 -0.415845 -0.907488 -0.556584 -0.379366 -0.739118 -0.49963 -0.802299 -0.326628 -0.73745 -0.42663 -0.523598 0.673876 -0.378754 -0.634379 -0.427147 -0.887949 -0.170562 -0.762628 -0.547984 -0.343675 -0.741222 -0.636324 -0.213733 -0.358693 -0.929831 -0.08218 -0.085653 -0.996276 0.009866 0.006534 -0.999664 0.025069 -0.707644 -0.686366 -0.167754 -0.271169 -0.960865 -0.05662 -0.040342 -0.998628 0.03339 -0.701877 -0.710488 -0.050748 -0.197946 -0.977583 0.071763 -0.701695 -0.711741 -0.032384 -0.108909 -0.992248 0.059865 0.235417 -0.644837 0.727162 0.103488 -0.66434 0.740231 0.034247 0.037494 0.99871 0.005863 -0.647699 0.761873 0.086397 0.075847 0.993369 0.162838 -0.71081 0.684275 -0.128684 -0.979217 0.15676 -0.117711 -0.987452 0.105271 0.274739 -0.769411 0.57665 0.042982 -0.997654 0.053277 -0.154236 -0.981423 -0.114104 0.248066 -0.773092 0.583774 0.019047 -0.970277 -0.241245 -0.077624 -0.956394 -0.281577 -0.493514 -0.826796 -0.269913 -0.47355 -0.88076 -0.0034 -0.84234 -0.496121 0.21054 -0.683345 -0.414912 -0.600739 -0.22207 -0.439452 -0.870383 -0.39041 -0.776056 -0.495294 -0.447707 -0.891227 -0.072616 -0.446269 -0.877639 -0.17491 -0.509606 -0.860408 -0.000058 -0.822999 -0.415827 0.386989 -0.863776 -0.33957 -0.372268 -0.49673 -0.830832 -0.250952 -0.244499 -0.648202 0.721148 -0.140522 -0.919765 -0.36645 -0.236352 -0.853026 -0.465279 -0.140539 -0.974753 0.173508 0.153084 -0.97814 0.140735 0.127859 -0.860326 -0.493449 0.013457 -0.357568 -0.93379 -0.253704 -0.360735 -0.897499 -0.111544 0.277112 -0.954341 -0.244382 0.25178 -0.936421 -0.875235 0.224879 -0.428244 0.0087 -0.344031 -0.938918 -0.129239 0.298911 -0.945489 0.050961 -0.005925 0.998683 -0.161569 0.743024 -0.64947 -0.111544 0.277112 -0.954341 -0.244382 0.25178 -0.936421 -0.213967 0.732292 -0.646503 -0.605791 0.760179 -0.23483 -0.875235 0.224879 -0.428244 -0.414589 0.760841 0.499236 -0.713449 -0.025361 0.700248 -0.09933 0.504906 0.85744 -0.093027 0.977006 0.191846 -0.253397 0.960097 0.118339 -0.210563 0.917535 0.337332 -0.096964 0.992194 0.078411 0.085281 0.972723 0.215726 0.221079 0.757205 0.614626 0.259925 0.658355 0.706405 -0.279902 0.874453 -0.396217 -0.062004 0.98729 -0.146337 -0.106996 0.820141 -0.562068 -0.329059 0.938659 -0.103147 -0.583485 0.800759 -0.13539 -0.040352 0.901902 -0.430051 0.142687 0.890876 -0.431255 0.092516 0.992997 -0.073467 0.228744 0.85194 -0.471036 0.369915 0.249674 -0.894889 0.374862 0.282703 -0.882926 0.229015 0.33076 -0.915505 0.173686 0.377107 -0.909738 0.056658 0.922658 -0.381434 0.048873 0.912019 -0.407225 0.103406 0.382145 -0.918299 -0.018462 0.95755 0.287677 -0.111675 0.953957 0.27838 -0.072009 0.61015 0.789007 -0.241454 0.670008 0.70199 -0.070942 0.052706 0.996087 -0.352333 0.122339 0.927844 -0.95282 0.299618 0.048618 -0.452503 0.195559 -0.870056 -0.128987 0.140925 -0.981582 -0.202546 0.801223 -0.563042 -0.034632 0.199688 -0.979247 -0.227942 0.951922 0.204663 -0.100679 0.478269 0.872424 0.070325 -0.228533 0.970993 0.114245 -0.16832 0.97909 -0.160334 -0.209856 0.964497 0.064041 0.598325 0.798691 0.048595 0.949799 0.309063 0.123612 0.650777 0.749139 0.024133 0.955838 0.292901 0.036422 0.951204 0.306404 0.021824 0.977509 -0.209761 0.129045 0.930596 0.342548 0.078763 0.982216 -0.170433 0.138707 0.900887 0.411294 0.085434 0.993519 -0.074968 -0.283502 0.957893 -0.045473 -0.254981 0.758735 -0.599422 -0.209677 0.183155 -0.960463 -0.235035 0.75762 -0.60891 -0.188699 0.179503 -0.96549 -0.244158 0.781628 -0.573973 -0.389417 0.240442 -0.889124 -0.533473 0.714284 -0.452996 -0.646716 0.360864 -0.671964 -0.471692 -0.20632 -0.857286 -0.75801 0.224029 -0.612562 -0.22518 0.972509 -0.059335 -0.120736 0.992336 -0.0263 -0.375218 0.92659 0.025369 -0.062302 0.931702 0.357842 -0.241467 0.913595 0.327167 -0.195882 0.890346 0.410993 -0.174424 -0.81375 -0.554426 -0.164094 -0.388964 -0.906521 -0.193005 -0.427917 -0.88297 -0.257035 0.580765 0.772428 -0.157156 -0.986508 -0.045879 -0.135064 -0.989908 -0.042897 -0.172817 -0.836301 -0.520321 -0.138832 0.637122 0.758157 -0.107638 -0.7498 0.652851 -0.106184 -0.751838 0.650741 -0.160994 -0.075087 0.984095 -0.390751 -0.68116 0.61914 -0.247744 -0.095135 0.964143 -0.1192 0.585755 0.801675 -0.217549 0.568733 0.793231 -0.437717 0.069787 0.896401 -0.868694 -0.143897 0.473988 -0.999929 -0.006827 -0.009792 -0.479866 -0.875836 -0.051382 -0.157156 -0.986508 -0.045879 -0.135064 -0.989908 -0.042897 -0.249543 0.078311 0.965192 0.09954 0.547287 0.831004 0.137429 0.530539 0.836446 -0.019989 0.024413 0.999502 -0.02922 -0.691885 0.721417 0.050564 -0.998606 0.015139 0.056193 0.562732 0.824727 0.020808 -0.079868 0.996588 0.06119 -0.045092 0.997107 -0.032629 -0.68621 0.726671 -0.011932 -0.997354 0.071713 -0.113284 -0.983063 0.144065 -0.091106 -0.715947 0.692185 0.066111 -0.096061 0.993177 -0.126916 -0.974921 0.182813 -0.040598 -0.755422 0.65398 0.134634 -0.809342 0.571698 -0.023856 -0.98956 0.142137 0.246753 -0.070019 0.966546 0.259925 0.658355 0.706405 0.085281 0.972723 0.215726 0.092516 0.992997 -0.073467 0.071119 0.991143 -0.112147 0.020592 0.981809 -0.188749 0.021353 0.787781 -0.615585 0.031125 0.777063 -0.628653 0.060714 0.776306 -0.627425 0.056341 0.191336 -0.979906 0.101387 0.131471 -0.986122 0.091968 -0.512881 -0.853519 0.127242 -0.532801 -0.83662 0.065286 -0.900118 -0.430727 0.016983 -0.508943 -0.860633 -0.04073 -0.913352 -0.405129 0.023569 0.219719 -0.975278 -0.113284 -0.983063 0.144065 -0.011932 -0.997354 0.071713 0.050564 -0.998606 0.015139 0.148993 0.099073 -0.983863 0.07498 0.773393 -0.629478 -0.126916 -0.974921 0.182813 -0.110087 -0.932756 -0.343289 -0.023856 -0.98956 0.142137 -0.055907 -0.96153 -0.268951 -0.022843 -0.499234 -0.866166 0.042933 0.237469 -0.970446 0.048 0.797157 -0.601861 0.071465 -0.564634 -0.822241 0.176912 0.234597 -0.955859 0.146549 0.808326 -0.570204 0.019047 -0.970277 -0.241245 0.042982 -0.997654 0.053277 0.189845 -0.648241 -0.737389 0.369915 0.249674 -0.894889 0.228744 0.85194 -0.471036 -0.832364 -0.060323 -0.550936 -0.908407 -0.201031 -0.366584 -0.645445 0.040165 -0.76275 -0.501466 -0.737404 -0.452513 -0.905996 -0.408755 -0.109954 -0.148092 -0.881958 -0.447459 -0.355147 -0.934537 -0.022603 -0.754184 -0.626635 0.196302 0.168491 -0.837833 -0.519276 0.410248 -0.902897 0.128348 0.128076 -0.990237 0.055015 0.30239 -0.661602 0.68618 0.130166 -0.711481 0.690544 0.114245 -0.16832 0.97909 0.070325 -0.228533 0.970993 -0.160334 -0.209856 0.964497 -0.713449 -0.025361 0.700248 -0.128987 0.140925 -0.981582 -0.452503 0.195559 -0.870056 -0.95282 0.299618 0.048618 -0.352333 0.122339 0.927844 -0.349096 -0.639743 0.684734 -0.017992 -0.694245 0.719514 -0.070942 0.052706 0.996087 0.003239 -0.997701 0.067686 -0.245555 -0.965649 0.084994 0.036867 -0.888115 -0.458141 -0.087008 -0.884333 -0.458676 0.101267 -0.378459 -0.920062 0.108106 -0.389705 -0.914573 0.15981 -0.528222 -0.833932 0.226326 -0.646613 -0.72847 0.189845 -0.648241 -0.737389 0.020986 0.053104 0.998368 0.259212 -0.655605 0.709219 -0.027449 0.02964 0.999184 0.331923 -0.942873 0.028582 0.239522 -0.827542 -0.507743 0.086122 -0.337009 -0.937554 0.980767 -0.035686 -0.19189 0.905201 -0.410359 0.11053 0.916823 -0.369245 0.151969 0.760149 0.067351 0.646249 0.884228 -0.170324 0.434891 0.819503 -0.293857 0.491999 0.366078 -0.285982 0.885552 -0.089764 -0.097545 0.991175 0.574943 0.182289 0.797629 0.240682 0.350496 0.90511 -0.245649 0.22003 0.944057 -0.295275 0.568841 0.767614 -0.439085 0.534605 0.722082 0.310478 0.20517 0.928175 0.142307 0.316039 0.938013 0.490002 -0.014062 0.871608 -0.221361 0.206166 0.95315 -0.035416 -0.102252 0.994128 -0.428363 -0.538521 0.725604 0.12902 -0.526714 0.840194 -0.477896 -0.118458 0.870393 -0.802666 -0.109946 0.586207 -0.851969 -0.377854 0.362458 -0.83372 -0.519084 0.188316 -0.994771 -0.096041 0.034741 -0.945579 -0.254632 -0.202589 -0.919563 -0.236439 -0.313847 -0.906535 -0.114763 -0.406231 -0.78873 -0.148038 -0.596649 -0.537423 -0.396934 -0.744056 0.132137 -0.545398 -0.827696 0.02987 -0.603917 -0.796487 0.522758 -0.601518 -0.60407 0.536404 -0.578605 -0.6144 -0.499094 -0.231535 -0.835043 -0.859611 -0.072977 -0.505711 -0.540553 -0.343688 -0.767907 -0.930734 -0.201234 -0.305352 0.980767 -0.035686 -0.19189 0.726062 -0.517369 -0.45295 0.886517 -0.411425 -0.211702 -0.003721 0.330736 -0.943716 -0.439582 0.162539 -0.883373 -0.747308 -0.104778 -0.656165 -0.895721 -0.315854 -0.312922 -0.874074 -0.370366 -0.314361 0.605158 0.241636 -0.758548 0.576173 -0.02843 -0.816833 -0.017474 0.076055 -0.99695 0.001397 0.159212 -0.987243 0.653301 0.089274 -0.751816 -0.469583 0.013016 -0.882793 -0.506866 0.135753 -0.851268 -0.758807 -0.121208 -0.639938 -0.807166 0.075957 -0.585418 -0.917565 -0.294664 -0.266924 -0.990986 -0.031687 -0.130161 -0.851892 -0.459797 0.250734 -0.900022 -0.159595 0.405574 -0.789621 -0.591325 0.163813 0.953297 -0.208637 -0.218394 0.983019 -0.078493 -0.165871 0.988963 0.003655 -0.148116 -0.517809 0.293364 -0.803624 0.036504 0.316168 -0.948001 0.691407 0.257943 -0.67485 -0.939542 0.339425 -0.045288 -0.815669 0.29418 -0.498139 0.944211 0.289043 -0.157861 -0.789101 0.464384 0.402078 -0.451259 -0.257145 0.854542 -0.429371 -0.549837 0.716463 -0.391539 -0.686182 0.613067 -0.754368 -0.645244 0.120788 -0.403664 -0.782583 0.47394 0.214894 -0.817135 0.534894 0.703334 -0.602274 0.377607 0.655759 -0.3572 0.665123 0.677629 -0.695606 0.238644 0.282682 -0.578804 0.764903 0.983019 -0.078493 -0.165871 0.636863 -0.369315 0.676766 0.276567 -0.46904 0.838756 0.867076 -0.313116 0.387476 0.953297 -0.208637 -0.218394 0.988963 0.003655 -0.148116 0.944211 0.289043 -0.157861 0.259078 -0.225227 0.939229 -0.358539 0.545663 0.757431 0.176126 0.558873 0.810333 -0.141783 0.878609 -0.456009 0.101267 -0.378459 -0.920062 0.108106 -0.389705 -0.914573 0.15981 -0.528222 -0.833932 0.226326 -0.646613 -0.72847 0.189845 -0.648241 -0.737389 -0.176188 0.95416 0.241943 -0.129044 0.608223 0.783207 0.020986 0.053104 0.998368 -0.561619 -0.82439 -0.070459 -0.423627 -0.884878 -0.19373 -0.865567 -0.493736 -0.08378 -0.559848 -0.82208 -0.103705 -0.539811 -0.830244 -0.13892 -0.516249 -0.84012 -0.16639 -0.49127 -0.850135 -0.18954 -0.47324 -0.85198 -0.223997 -0.834768 -0.523845 -0.169556 -0.857382 -0.49406 -0.144227 -0.866795 -0.480034 -0.135036 -0.864063 -0.485798 -0.13189 -0.866681 -0.487843 -0.10427 -0.988681 -0.088368 -0.12125 -0.989253 -0.093698 -0.112243 -0.987917 -0.101378 -0.117231 -0.986793 -0.099561 -0.127777 -0.990258 -0.087255 -0.108511 -0.978888 0.034856 -0.201402 -0.988651 -0.127901 0.078807 -0.860954 0.184151 -0.474181 -0.908407 -0.201031 -0.366584 -0.832364 -0.060323 -0.550936 -0.645445 0.040165 -0.76275 -0.905996 -0.408755 -0.109954 -0.837415 -0.315059 0.446625 -0.444295 -0.479739 0.756606 -0.366924 -0.804852 0.466455 -0.754184 -0.626635 0.196302 -0.428615 0.145277 0.891731 0.366078 -0.285982 0.885552 -0.089764 -0.097545 0.991175 -0.139782 -0.829507 0.540721 0.819503 -0.293857 0.491999 0.29993 -0.950848 0.077003 0.938114 -0.340282 0.064432 0.993574 -0.108645 -0.031735 0.664388 -0.746876 -0.027639 0.638506 -0.767658 0.054865 0.695506 -0.718193 -0.021663 -0.341042 0.409447 0.846194 -0.59546 0.22859 0.770178 -0.896694 0.14872 0.416921 -0.605457 0.679471 0.414416 -0.980331 0.106899 -0.165904 -0.864502 0.401947 -0.301787 -0.937445 0.22673 -0.264178 -0.808915 0.129456 -0.573495 -0.777142 0.625718 0.067284 -0.135089 0.990723 -0.014774 -0.107035 0.993184 -0.046149 -0.240591 0.961884 0.129977 0.031104 0.745246 0.666064 0.088207 0.759784 0.644164 0.268295 0.070108 0.960782 0.086397 0.075847 0.993369 0.411521 0.036316 0.910677 0.395007 -0.011576 0.918605 -0.046031 0.711174 0.701507 0.034247 0.037494 0.99871 0.050961 -0.005925 0.998683 0.395007 -0.011576 0.918605 0.411521 0.036316 0.910677 0.268295 0.070108 0.960782 0.673876 -0.378754 -0.634379 0.059478 -0.415845 -0.907488 -0.556584 -0.379366 -0.739118 -0.73745 -0.42663 -0.523598 -0.762628 -0.547984 -0.343675 -0.741222 -0.636324 -0.213733 -0.707644 -0.686366 -0.167754 -0.355147 -0.934537 -0.022603 0.395007 -0.011576 0.918605 0.248066 -0.773092 0.583774 0.042982 -0.997654 0.053277 -0.99208 -0.121828 0.030578 -0.514029 -0.585528 -0.626842 -0.611265 -0.623274 -0.487734 -0.571499 -0.765539 -0.295532 -0.897173 -0.397328 -0.192901 -0.939099 -0.327984 0.102566 -0.514029 -0.585528 -0.626842 -0.571499 -0.765539 -0.295532 -0.611265 -0.623274 -0.487734 0.60401 -0.650776 -0.460069 0.541539 -0.787968 -0.292988 -0.571499 -0.765539 -0.295532 -0.317393 -0.943942 0.090748 0.886517 -0.411425 -0.211702 0.938114 -0.340282 0.064432 0.541539 -0.787968 -0.292988 0.60401 -0.650776 -0.460069 0.541539 -0.787968 -0.292988 0.29993 -0.950848 0.077003</float_array>
          <technique_common>
            <accessor source="#GeometrySource1-array" count="4432" stride="3">
              <param name="X" type="float"/>
              <param name="Y" type="float"/>
              <param name="Z" type="float"/>
            </accessor>
          </technique_common>
        </source>
        <source id="GeometrySource2" name="chr208UV">
          <float_array id="GeometrySource2-array" count="8864">0.73439 0.78407 0.73507 0.76478 0.74057 0.77631 0.72482 0.77749 0.74474 0.78225 0.7421 0.7878 0.75058 0.7882 0.7501 0.77158 0.75043 0.77983 0.75906 0.77552 0.74916 0.76092 0.76353 0.76518 0.75596 0.78218 0.75887 0.78654 0.76621 0.78186 0.7744 0.77411 0.63262 0.67903 0.63114 0.65358 0.63968 0.66831 0.61981 0.67182 0.646125 0.676948 0.643646 0.681223 0.65299 0.68401 0.65186 0.66193 0.65017 0.64788 0.66371 0.66726 0.652592 0.674013 0.66937 0.6537 0.68375 0.66534 0.67315 0.67558 0.662145 0.679808 0.659119 0.676654 0.69185 0.5968 0.69358 0.57774 0.69851 0.58948 0.68276 0.58976 0.70232 0.59564 0.69929 0.60095 0.7078 0.60188 0.70812 0.59352 0.70812 0.58534 0.71685 0.58954 0.70766 0.57468 0.72165 0.57937 0.71354 0.59609 0.73228 0.58851 0.72381 0.59606 0.71626 0.60053 0.7364 0.62452 0.73812 0.60554 0.74293 0.61711 0.7269 0.61748 0.74677 0.62306 0.74391 0.62852 0.75222 0.62935 0.7525 0.62105 0.75261 0.61301 0.76127 0.61732 0.75225 0.60242 0.76631 0.60734 0.77679 0.61673 0.76807 0.62412 0.76044 0.62821 0.75783 0.62361 0.63199 0.73551 0.63405 0.71025 0.64056 0.72576 0.62014 0.7262 0.64565 0.73387 0.64184 0.74103 0.65304 0.74203 0.65317 0.72 0.65257 0.70588 0.66468 0.7256 0.6709 0.71222 0.68465 0.72405 0.67381 0.73414 0.66407 0.74012 0.659479 0.734947 0.65323 0.73095 0.63735 0.78904 0.63753 0.76383 0.64521 0.77882 0.62498 0.78073 0.651416 0.787627 0.64725 0.79425 0.65846 0.79478 0.65728 0.77221 0.65566 0.75787 0.66891 0.77725 0.67455 0.76334 0.65797 0.7834 0.664509 0.787089 0.63164 0.61811 0.63279 0.59258 0.6398 0.60808 0.61936 0.60942 0.645796 0.617138 0.642936 0.621008 0.65228 0.62445 0.65245 0.60256 0.65192 0.58825 0.66395 0.60879 0.6703 0.596 0.68439 0.60802 0.67308 0.61768 0.661617 0.620991 0.658737 0.61774 0.652363 0.614695 0.6927 0.75698 0.69354 0.73765 0.69897 0.74925 0.68317 0.75031 0.7031 0.75524 0.70042 0.76079 0.70893 0.76124 0.70883 0.75286 0.70855 0.74458 0.71751 0.74858 0.70768 0.7339 0.72204 0.73824 0.71436 0.75524 0.71726 0.75963 0.72465 0.75497 0.73288 0.74721 0.73462 0.68132 0.73596 0.66203 0.74111 0.67375 0.72529 0.67445 0.74507 0.67971 0.74217 0.68527 0.75064 0.68608 0.75087 0.67762 0.75081 0.66933 0.75966 0.67359 0.75023 0.65863 0.75632 0.68016 0.75915 0.68471 0.7666 0.6802 0.77507 0.67272 0.76449 0.66339 0.73378 0.73461 0.73611 0.7154 0.74062 0.72739 0.72478 0.72723 0.74428 0.73368 0.74117 0.739 0.74961 0.74012 0.75017 0.73175 0.75054 0.72347 0.75916 0.72818 0.75052 0.71275 0.76451 0.71824 0.7746 0.72808 0.76576 0.73513 0.75803 0.73917 0.7555 0.73457 0.69187 0.70827 0.69371 0.68902 0.69853 0.70086 0.6827 0.70115 0.7023 0.70707 0.69931 0.71247 0.7077 0.7134 0.70838 0.69672 0.70814 0.70502 0.71707 0.70133 0.70812 0.68597 0.72241 0.69135 0.73253 0.70125 0.72367 0.70831 0.71604 0.71236 0.71348 0.70776 0.69102 0.65069 0.69268 0.63145 0.69761 0.64325 0.68179 0.64362 0.70147 0.64941 0.69855 0.65483 0.70702 0.65566 0.70737 0.63902 0.70694 0.62832 0.71613 0.64338 0.72106 0.63324 0.73154 0.64259 0.72302 0.65004 0.71544 0.6544 0.71272 0.64991 0.70729 0.64729 0.73439 0.78407 0.73507 0.76478 0.72482 0.77749 0.74057 0.77631 0.74474 0.78225 0.7421 0.7878 0.75058 0.7882 0.7501 0.77158 0.75043 0.77983 0.75906 0.77552 0.74916 0.76092 0.76353 0.76518 0.75596 0.78218 0.75887 0.78654 0.76621 0.78186 0.7744 0.77411 0.63262 0.67903 0.63114 0.65358 0.61981 0.67182 0.63968 0.66831 0.646125 0.676948 0.643646 0.681223 0.65299 0.68401 0.65186 0.66193 0.65017 0.64788 0.66371 0.66726 0.652592 0.674013 0.66937 0.6537 0.68375 0.66534 0.67315 0.67558 0.662145 0.679808 0.659119 0.676654 0.69185 0.5968 0.69358 0.57774 0.68276 0.58976 0.69851 0.58948 0.70232 0.59564 0.69929 0.60095 0.7078 0.60188 0.70812 0.59352 0.70812 0.58534 0.71685 0.58954 0.70766 0.57468 0.72165 0.57937 0.71354 0.59609 0.73228 0.58851 0.72381 0.59606 0.71626 0.60053 0.7364 0.62452 0.73812 0.60554 0.7269 0.61748 0.74293 0.61711 0.74677 0.62306 0.74391 0.62852 0.75222 0.62935 0.7525 0.62105 0.75261 0.61301 0.76127 0.61732 0.75225 0.60242 0.76631 0.60734 0.77679 0.61673 0.76807 0.62412 0.76044 0.62821 0.75783 0.62361 0.63199 0.73551 0.63405 0.71025 0.62014 0.7262 0.64056 0.72576 0.64565 0.73387 0.64184 0.74103 0.65304 0.74203 0.65317 0.72 0.65257 0.70588 0.66468 0.7256 0.6709 0.71222 0.68465 0.72405 0.67381 0.73414 0.66407 0.74012 0.659479 0.734947 0.65323 0.73095 0.63735 0.78904 0.63753 0.76383 0.62498 0.78073 0.64521 0.77882 0.651416 0.787627 0.64725 0.79425 0.65846 0.79478 0.65797 0.7834 0.65728 0.77221 0.65566 0.75787 0.66891 0.77725 0.67455 0.76334 0.664509 0.787089 0.63164 0.61811 0.63279 0.59258 0.61936 0.60942 0.6398 0.60808 0.645796 0.617138 0.642936 0.621008 0.65228 0.62445 0.65245 0.60256 0.65192 0.58825 0.66395 0.60879 0.6703 0.596 0.68439 0.60802 0.67308 0.61768 0.661617 0.620991 0.658737 0.61774 0.652363 0.614695 0.6927 0.75698 0.69354 0.73765 0.68317 0.75031 0.69897 0.74925 0.7031 0.75524 0.70042 0.76079 0.70893 0.76124 0.70883 0.75286 0.70855 0.74458 0.71751 0.74858 0.70768 0.7339 0.72204 0.73824 0.71436 0.75524 0.71726 0.75963 0.72465 0.75497 0.73288 0.74721 0.73462 0.68132 0.73596 0.66203 0.72529 0.67445 0.74111 0.67375 0.74507 0.67971 0.74217 0.68527 0.75064 0.68608 0.75087 0.67762 0.75081 0.66933 0.75966 0.67359 0.75023 0.65863 0.75632 0.68016 0.75915 0.68471 0.7666 0.6802 0.77507 0.67272 0.76449 0.66339 0.73378 0.73461 0.73611 0.7154 0.72478 0.72723 0.74062 0.72739 0.74428 0.73368 0.74117 0.739 0.74961 0.74012 0.75017 0.73175 0.75054 0.72347 0.75916 0.72818 0.75052 0.71275 0.76451 0.71824 0.7746 0.72808 0.76576 0.73513 0.75803 0.73917 0.7555 0.73457 0.69187 0.70827 0.69371 0.68902 0.6827 0.70115 0.69853 0.70086 0.7023 0.70707 0.69931 0.71247 0.7077 0.7134 0.70838 0.69672 0.70814 0.70502 0.71707 0.70133 0.70812 0.68597 0.72241 0.69135 0.73253 0.70125 0.72367 0.70831 0.71604 0.71236 0.71348 0.70776 0.69102 0.65069 0.69268 0.63145 0.68179 0.64362 0.69761 0.64325 0.70147 0.64941 0.69855 0.65483 0.70702 0.65566 0.70737 0.63902 0.70694 0.62832 0.71613 0.64338 0.72106 0.63324 0.73154 0.64259 0.72302 0.65004 0.71544 0.6544 0.71272 0.64991 0.70729 0.64729 0.99116 0.904881 0.949323 0.886815 0.96409 0.873271 0.945719 0.842931 0.86965 0.84547 0.945218 0.832048 0.952988 0.816707 0.964709 0.80065 0.86874 0.838171 0.87751 0.82182 0.8798 0.807581 0.87507 0.792031 0.931103 0.781775 0.920006 0.772693 0.81667 0.768491 0.849814 0.752157 0.84853 0.77384 0.80867 0.813851 0.81469 0.810401 0.82322 0.820661 0.81612 0.823361 0.82679 0.83174 0.81911 0.832871 0.82685 0.843961 0.8189 0.843171 0.82365 0.856651 0.81403 0.854261 0.83838 0.860551 0.83829 0.843921 0.84679 0.859611 0.85077 0.840981 0.85023 0.826131 0.83785 0.82932 0.83295 0.81658 0.84425 0.810371 0.83284 0.79763 0.82435 0.805021 0.81876 0.788251 0.81301 0.795231 0.846 0.869671 0.83837 0.872861 0.85525 0.883761 0.897245 0.894778 0.896562 0.900752 0.85735 0.878751 0.97903 0.933071 0.934495 0.915012 0.935156 0.910573 0.933511 0.919521 0.931398 0.92339 0.97861 0.934681 0.984672 0.935689 0.97948 0.931641 0.97998 0.930541 0.983522 0.930959 0.97502 0.925781 0.779433 0.70415 0.802327 0.674012 0.82132 0.685999 0.817504 0.650049 0.896289 0.647506 0.890612 0.652812 0.819193 0.645309 0.81967 0.635614 0.812596 0.621318 0.79844 0.601379 0.897146 0.640712 0.888983 0.625494 0.886842 0.612241 0.891254 0.597768 0.837048 0.583053 0.847593 0.574937 0.9456 0.575858 0.915956 0.580838 0.915889 0.557616 0.957708 0.616008 0.943158 0.622818 0.951688 0.612557 0.950257 0.625517 0.939587 0.633908 0.947277 0.635028 0.939538 0.646118 0.947478 0.645328 0.942738 0.658818 0.952348 0.656417 0.928007 0.662708 0.928087 0.646078 0.919588 0.661767 0.915608 0.643138 0.916147 0.628288 0.928527 0.631477 0.933428 0.618738 0.922127 0.612538 0.933537 0.599787 0.942028 0.607178 0.947627 0.590408 0.953367 0.597388 0.990048 0.589538 0.964908 0.602638 0.982968 0.581918 0.916597 0.668428 0.920378 0.671828 0.928018 0.675017 0.911128 0.685918 0.913355 0.693799 0.86985 0.70851 0.870321 0.702995 0.8696 0.697952 0.909028 0.680907 0.787348 0.735228 0.831894 0.715969 0.832502 0.721722 0.834947 0.725858 0.787768 0.736838 0.783917 0.735977 0.786897 0.733798 0.786398 0.732697 0.785068 0.731247 0.791376 0.727775 0.909477 0.673477 0.99116 0.904881 0.96409 0.873271 0.949323 0.886815 0.964709 0.80065 0.86965 0.84547 0.952988 0.816707 0.86874 0.838171 0.87751 0.82182 0.8798 0.807581 0.87507 0.792031 0.931103 0.781775 0.920006 0.772693 0.81667 0.768491 0.84853 0.77384 0.849814 0.752157 0.80867 0.813851 0.82322 0.820661 0.81469 0.810401 0.81612 0.823361 0.82679 0.83174 0.81911 0.832871 0.82685 0.843961 0.8189 0.843171 0.82365 0.856651 0.81403 0.854261 0.83838 0.860551 0.83829 0.843921 0.84679 0.859611 0.85077 0.840981 0.85023 0.826131 0.83785 0.82932 0.83295 0.81658 0.84425 0.810371 0.83284 0.79763 0.82435 0.805021 0.81876 0.788251 0.81301 0.795231 0.83837 0.872861 0.846 0.869671 0.85525 0.883761 0.896562 0.900752 0.897245 0.894778 0.85735 0.878751 0.97903 0.933071 0.933511 0.919521 0.931398 0.92339 0.934495 0.915012 0.935172 0.910764 0.97861 0.934681 0.984672 0.935689 0.97948 0.931641 0.97998 0.930541 0.983522 0.930959 0.97502 0.925781 0.779433 0.70415 0.82132 0.685999 0.802327 0.674012 0.817504 0.650049 0.890612 0.652812 0.896289 0.647506 0.819193 0.645309 0.81967 0.635614 0.812596 0.621318 0.79844 0.601379 0.897146 0.640712 0.888983 0.625494 0.886842 0.612241 0.891254 0.597768 0.837048 0.583053 0.847593 0.574937 0.9456 0.575858 0.915889 0.557616 0.915956 0.580838 0.957708 0.616008 0.951688 0.612557 0.943158 0.622818 0.950257 0.625517 0.939587 0.633908 0.947277 0.635028 0.939538 0.646118 0.947478 0.645328 0.942738 0.658818 0.952348 0.656417 0.928007 0.662708 0.928087 0.646078 0.919588 0.661767 0.915608 0.643138 0.916147 0.628288 0.928527 0.631477 0.933428 0.618738 0.922127 0.612538 0.933537 0.599787 0.942028 0.607178 0.947627 0.590408 0.953367 0.597388 0.990048 0.589538 0.964908 0.602638 0.982968 0.581918 0.916597 0.668428 0.920378 0.671828 0.928018 0.675017 0.911128 0.685918 0.913355 0.693799 0.870321 0.702995 0.86985 0.70851 0.870052 0.698629 0.909028 0.680907 0.787348 0.735228 0.832502 0.721722 0.83191 0.716498 0.834947 0.725858 0.787768 0.736838 0.783917 0.735977 0.786897 0.733798 0.786398 0.732697 0.785068 0.731247 0.791376 0.727775 0.909477 0.673477 0.684857 0.930945 0.690926 0.96567 0.681073 0.968105 0.698632 0.932905 0.673524 0.929328 0.672815 0.962726 0.697227 0.973886 0.710347 0.945075 0.705176 0.978442 0.717731 0.953103 0.72829 0.943612 0.718961 0.932623 0.747009 0.942872 0.734075 0.952924 0.754207 0.955414 0.727458 0.926477 0.795644 0.960468 0.800681 0.948813 0.755885 0.933741 0.790996 0.971758 0.734945 0.919603 0.762427 0.924801 0.80542 0.937882 0.769024 0.915848 0.809777 0.927852 0.774577 0.906013 0.812966 0.91974 0.749188 0.906285 0.756329 0.89869 0.739848 0.897244 0.741975 0.912927 0.732501 0.901575 0.723269 0.883759 0.73161 0.880827 0.739939 0.878815 0.732016 0.846517 0.741873 0.846963 0.747407 0.892541 0.725264 0.906618 0.717596 0.91254 0.706219 0.89181 0.714773 0.88742 0.697289 0.897509 0.708942 0.919474 0.686918 0.905897 0.681194 0.854147 0.671594 0.852623 0.674343 0.902957 0.689726 0.850123 0.699415 0.848817 0.70977 0.847767 0.721006 0.847233 0.662498 0.855483 0.66365 0.902121 0.653418 0.857105 0.653416 0.901576 0.64229 0.898458 0.643595 0.856963 0.632883 0.857828 0.631084 0.895364 0.622047 0.856767 0.620849 0.892622 0.612545 0.853996 0.612027 0.889462 0.60541 0.907559 0.604147 0.885737 0.59772 0.90285 0.590849 0.912895 0.590597 0.897318 0.583267 0.905825 0.567079 0.918183 0.574081 0.926391 0.537459 0.947354 0.532684 0.940533 0.581517 0.933766 0.59867 0.919112 0.60677 0.924711 0.61362 0.911745 0.622744 0.915648 0.59631 0.881956 0.59466 0.849449 0.603858 0.851316 0.632571 0.921082 0.644926 0.932057 0.615671 0.928979 0.62387 0.933824 0.632415 0.944037 0.608765 0.939138 0.616275 0.943145 0.624086 0.951556 0.645105 0.970177 0.636538 0.974924 0.61017 0.951767 0.617502 0.958845 0.629018 0.981293 0.612671 0.966498 0.621891 0.98885 0.613045 0.995029 0.608006 0.97426 0.605394 0.960517 0.596722 0.950094 0.591796 0.940212 0.547542 0.963489 0.542734 0.955203 0.552131 0.973601 0.589315 0.962158 0.587077 0.972393 0.555806 0.983575 0.601705 0.96812 0.893202 0.970884 0.899082 0.955643 0.905131 0.960043 0.908417 0.966892 0.908403 0.97466 0.905553 0.981363 0.911909 0.985543 0.900842 0.985287 0.904131 0.991764 0.916633 0.975344 0.916226 0.963672 0.891786 0.954592 0.885368 0.957566 0.880913 0.963067 0.878777 0.969917 0.895092 0.986515 0.889084 0.986213 0.895408 0.993908 0.886696 0.992427 0.878756 0.987291 0.883545 0.983127 0.879666 0.977172 0.890837 0.946708 0.902482 0.947882 0.91117 0.954133 0.871802 0.968495 0.874543 0.958781 0.880926 0.950992 0.873238 0.978709 0.838008 0.969777 0.846813 0.957702 0.851625 0.963739 0.839702 0.95465 0.832146 0.955401 0.82599 0.960249 0.822847 0.968111 0.823595 0.976644 0.828517 0.983302 0.83974 0.95033 0.848182 0.953152 0.854393 0.959661 0.853196 0.972027 0.857281 0.969736 0.830729 0.951563 0.822888 0.957104 0.818484 0.966408 0.819274 0.977321 0.825889 0.986501 0.836356 0.99042 0.836462 0.986321 0.844934 0.985318 0.850979 0.980223 0.846834 0.988494 0.854426 0.980956 0.727903 0.991513 0.728443 0.965715 0.734034 0.971414 0.719317 0.987896 0.723561 0.959814 0.712203 0.983263 0.737875 0.95999 0.741214 0.967136 0.7536 0.973525 0.755984 0.964413 0.786282 0.981996 0.781732 0.989887 0.662237 0.929 0.662966 0.963457 0.652516 0.963173 0.614216 0.786467 0.60632 0.77842 0.616518 0.779067 0.60475 0.78376 0.60058 0.77806 0.59949 0.78164 0.59668 0.77993 0.59679 0.77796 0.59329 0.77782 0.59379 0.78008 0.59606 0.78393 0.60052 0.78797 0.607305 0.79167 0.613141 0.7724 0.60486 0.77315 0.59947 0.77489 0.59663 0.77615 0.60913 0.76696 0.59609 0.77218 0.60008 0.76778 0.59387 0.77542 0.59376 0.76472 0.60207 0.76061 0.60488 0.76235 0.59087 0.77042 0.5909 0.77744 0.59142 0.7849 0.5946 0.79075 0.59717 0.75756 0.60265 0.79492 0.59885 0.79745 0.609124 0.693092 0.60488 0.68537 0.612749 0.685198 0.6034 0.69199 0.59783 0.68567 0.59715 0.68997 0.59453 0.68811 0.59479 0.68558 0.58811 0.68579 0.59175 0.68895 0.5949 0.69286 0.59871 0.69624 0.60201 0.70074 0.60556 0.69745 0.609746 0.678329 0.60306 0.68067 0.59762 0.68239 0.59485 0.68365 0.60635 0.67435 0.59538 0.6794 0.59909 0.67604 0.59241 0.68284 0.59456 0.67286 0.59713 0.66885 0.60288 0.6711 0.59222 0.67723 0.589517 0.68703 0.59418 0.69836 0.59149 0.69424 0.59659 0.70253 0.610188 0.612456 0.60444 0.60737 0.613375 0.607092 0.60424 0.61177 0.59976 0.60733 0.59895 0.60964 0.5967 0.60899 0.59684 0.60737 0.59469 0.60765 0.59446 0.60918 0.59641 0.61156 0.59955 0.61501 0.60411 0.6206 0.606839 0.61654 0.612588 0.600393 0.60358 0.60282 0.59895 0.60475 0.59678 0.60585 0.60684 0.596721 0.59606 0.6035 0.59902 0.59956 0.59451 0.60581 0.5942 0.59901 0.600501 0.589679 0.60331 0.59287 0.592293 0.608967 0.5947 0.6163 0.60077 0.62348 0.59281 0.608 0.660981 0.38515 0.644149 0.37996 0.656575 0.375255 0.655812 0.391912 0.671494 0.383146 0.672865 0.394246 0.667654 0.374213 0.677377 0.36343 0.658099 0.352707 0.637683 0.356891 0.65201 0.325346 0.626876 0.343646 0.675017 0.329984 0.691614 0.305592 0.714444 0.321654 0.724701 0.306085 0.743564 0.317995 0.743157 0.333516 0.702568 0.344536 0.745732 0.349624 0.713709 0.363453 0.745212 0.303582 0.732981 0.293489 0.74029 0.28257 0.74758 0.28869 0.706015 0.28804 0.719589 0.275943 0.694462 0.272972 0.71194 0.25958 0.7323 0.26692 0.72747 0.25332 0.745226 0.261185 0.742253 0.248097 0.755264 0.245765 0.769443 0.246706 0.757245 0.254486 0.768227 0.241928 0.755265 0.240912 0.783681 0.241393 0.779344 0.230477 0.766721 0.237639 0.785347 0.24625 0.799244 0.243044 0.793517 0.228467 0.772005 0.251563 0.80676 0.214336 0.812462 0.223451 0.819776 0.2062 0.827751 0.213175 0.835334 0.196822 0.84108 0.206969 0.824388 0.192802 0.81774 0.232085 0.812325 0.20064 0.815061 0.191115 0.828489 0.181922 0.813631 0.185808 0.786185 0.253366 0.77389 0.25758 0.763358 0.265781 0.798268 0.252773 0.811257 0.248972 0.809417 0.255486 0.821492 0.254723 0.819241 0.26164 0.825702 0.275177 0.831446 0.260248 0.837159 0.247572 0.827003 0.239989 0.845024 0.235798 0.835308 0.226074 0.855771 0.225945 0.846769 0.217005 0.868613 0.217381 0.882915 0.221316 0.867518 0.233157 0.87924 0.239843 0.892611 0.228862 0.908907 0.219879 0.900895 0.21444 0.878382 0.207902 0.885538 0.209588 0.893508 0.207081 0.860621 0.210822 0.856316 0.20304 0.854875 0.194687 0.873599 0.204249 0.88565 0.19629 0.870738 0.199848 0.870012 0.194769 0.857678 0.185501 0.8713 0.18941 0.875413 0.184701 0.899753 0.202404 0.901959 0.195767 0.899743 0.188001 0.891645 0.181591 0.901866 0.170546 0.915214 0.182838 0.932208 0.182113 0.92588 0.166748 0.896933 0.157375 0.9183 0.152342 0.903651 0.139203 0.889346 0.147589 0.88503 0.157048 0.882101 0.181903 0.880257 0.171726 0.865322 0.176032 0.878781 0.166029 0.864761 0.167662 0.876907 0.160817 0.917361 0.19513 0.912083 0.205473 0.923648 0.210197 0.93222 0.19743 0.939776 0.219489 0.917764 0.224529 0.948717 0.204333 0.969804 0.216896 0.959692 0.234679 0.967326 0.253124 0.977822 0.244955 0.99329 0.24116 0.991991 0.213529 0.986672 0.185063 0.968377 0.186821 0.949662 0.184266 0.900787 0.23327 0.925907 0.232786 0.909134 0.235108 0.886263 0.24449 0.868922 0.252258 0.856445 0.244197 0.862492 0.269185 0.848687 0.255992 0.842118 0.267456 0.852304 0.278136 0.861475 0.297013 0.871089 0.294625 0.878778 0.294153 0.87401 0.272551 0.878168 0.257177 0.885894 0.258852 0.883457 0.274424 0.892645 0.24823 0.88632 0.2891 0.895249 0.287681 0.891725 0.276891 0.898389 0.319831 0.899125 0.304159 0.918343 0.320622 0.90358 0.34682 0.92222 0.33996 0.93086 0.36333 0.91361 0.37579 0.8814 0.32096 0.88052 0.3515 0.93931 0.33022 0.94884 0.34748 0.96681 0.32704 0.95582 0.3162 0.96869 0.29529 0.947832 0.306567 0.959967 0.292172 0.966662 0.272933 0.97671 0.27079 0.99071 0.27118 0.98195 0.30084 0.93398 0.316035 0.913711 0.309615 0.958866 0.272553 0.957986 0.257697 0.956114 0.242213 0.943013 0.253108 0.947302 0.261369 0.940898 0.236777 0.93469 0.246108 0.925188 0.243102 0.911462 0.244983 0.899796 0.253527 0.892084 0.264122 0.949162 0.272521 0.945167 0.286004 0.953162 0.288356 0.942409 0.301003 0.929108 0.309164 0.925481 0.300309 0.912135 0.298449 0.903603 0.294507 0.934742 0.296105 0.6657 0.50234 0.67452 0.509 0.6616 0.50964 0.67756 0.49958 0.65418 0.51977 0.66924 0.51936 0.6949 0.50912 0.694 0.51879 0.71648 0.50776 0.71577 0.51899 0.77185 0.50482 0.75841 0.52961 0.75166 0.50705 0.77655 0.52629 0.788245 0.523655 0.69493 0.49566 0.69074 0.48498 0.66561 0.48896 0.65972 0.48415 0.6845 0.47642 0.65089 0.49388 0.65611 0.49636 0.64635 0.50613 0.65292 0.50734 0.6441 0.52016 0.71136 0.47908 0.71382 0.49177 0.74733 0.46724 0.70669 0.47068 0.75117 0.48635 0.72497 0.43995 0.73039 0.44868 0.70162 0.46093 0.73758 0.45731 0.69784 0.45305 0.67579 0.46418 0.67876 0.46903 0.65036 0.4762 0.65499 0.48013 0.63818 0.48551 0.64446 0.48965 0.62935 0.49815 0.63775 0.5021 0.62967 0.51829 0.63592 0.51955 0.78088 0.45515 0.77292 0.45503 0.77053 0.44664 0.77975 0.48626 0.76676 0.4847 0.79202 0.4862 0.799797 0.52205 0.80478 0.48543 0.811589 0.521313 0.822695 0.521143 0.81842 0.4847 0.83295 0.48596 0.834473 0.52171 0.84993 0.521193 0.85024 0.48981 0.87213 0.49513 0.87844 0.47224 0.88591 0.49923 0.90336 0.48654 0.893307 0.515185 0.91238 0.49654 0.91726 0.50739 0.85088 0.46086 0.874357 0.518533 0.83193 0.45685 0.81259 0.45216 0.79524 0.45331 0.9255 0.50505 0.91929 0.492 0.90898 0.48082 0.88107 0.466 0.85073 0.45444 0.83243 0.44841 0.81374 0.44499 0.79613 0.44505 0.77942 0.44595 0.26947 0.91603 0.2837 0.91981 0.27078 0.92484 0.27847 0.90924 0.25776 0.9272 0.26101 0.91348 0.27075 0.89982 0.25036 0.90949 0.24403 0.92556 0.26011 0.89218 0.24098 0.94242 0.2579 0.94179 0.2417 0.95833 0.2601 0.95539 0.24548 0.97068 0.26342 0.96593 0.27329 0.93805 0.2772 0.95063 0.28825 0.93128 0.29296 0.94308 0.28078 0.96021 0.29675 0.9522 0.32278 0.92691 0.32604 0.93417 0.28323 0.9662 0.29975 0.95881 0.32903 0.94241 0.30262 0.96512 0.33134 0.9496 0.3616 0.93788 0.36394 0.94736 0.33354 0.95605 0.30485 0.9721 0.36516 0.95427 0.28826 0.97879 0.28541 0.97117 0.2683 0.97747 0.27112 0.98362 0.25653 0.98617 0.25091 0.98012 0.26607 0.97273 0.248797 0.976446 0.38844 0.93154 0.38943 0.9397 0.39058 0.94659 0.41977 0.93008 0.42087 0.93756 0.419136 0.949764 0.38737 0.92133 0.35749 0.92883 0.38585 0.90521 0.41899 0.90563 0.41907 0.91994 0.35322 0.91892 0.37309 0.89156 0.34805 0.90745 0.4442 0.8931 0.4395 0.8681 0.45321 0.88327 0.44586 0.86196 0.45055 0.86445 0.46 0.87334 0.46579 0.88818 0.45649 0.89819 0.45849 0.91056 0.46743 0.9014 0.47565 0.89449 0.47496 0.88703 0.47669 0.87998 0.46999 0.87688 0.46574 0.8688 0.45455 0.8629 0.46524 0.85918 0.45969 0.86045 0.483592 0.88881 0.49163 0.89319 0.47723 0.90207 0.49321 0.89149 0.48528 0.88478 0.49683 0.88577 0.46038 0.84704 0.45639 0.85151 0.44768 0.84209 0.44908 0.84845 0.49386 0.89458 0.49167 0.8953 0.4926 0.89615 0.49526 0.89666 0.48328 0.91147 0.48006 0.90747 0.47 0.91052 0.47257 0.91641 0.46077 0.91984 0.46324 0.92652 0.45168 0.93594 0.45001 0.92997 0.44579 0.90712 0.44756 0.91948 0.43487 0.92809 0.43322 0.9143 0.46566 0.93176 0.47507 0.92094 0.48804 0.91579 0.499942 0.910805 0.49652 0.89525 0.490663 0.919414 0.478965 0.927241 0.46722 0.934547 0.452455 0.939187 0.43736 0.94287 0.438587 0.946216 0.453309 0.941653 0.49694 0.89433 0.505647 0.900334 0.49527 0.8926 0.49268 0.87566 0.48645 0.8782 0.48419 0.87032 0.48717 0.86468 0.48228 0.86577 0.48306 0.86429 0.4779 0.85815 0.48102 0.86602 0.48175 0.8649 0.48196 0.86284 0.48098 0.86383 0.48006 0.86507 0.47912 0.87125 0.47542 0.86923 0.47446 0.86445 0.10876 0.90818 0.12556 0.92067 0.10416 0.91777 0.12393 0.90624 0.11898 0.89325 0.09999 0.89743 0.08553 0.90495 0.13475 0.89121 0.14355 0.90074 0.117895 0.861045 0.145217 0.866969 0.16748 0.879901 0.167925 0.871614 0.150891 0.860713 0.186328 0.895119 0.185519 0.885897 0.201401 0.912384 0.205888 0.907986 0.15147 0.91559 0.12267 0.94207 0.09693 0.93654 0.088935 0.969212 0.07222 0.92315 0.063817 0.954679 0.113399 0.974164 0.139099 0.973067 0.15504 0.94218 0.168317 0.959157 0.207888 0.927163 0.030131 0.917982 0.041304 0.8978 0.065319 0.876168 0.030243 0.890635 0.019317 0.907021 0.059845 0.867314 0.089444 0.855236 0.091987 0.864973 0.117562 0.851078 0.005704 0.926287 0.216489 0.918295 0.30432 0.89445 0.29177 0.88096 0.31173 0.90711 0.33158 0.88271 0.31723 0.91693 0.34084 0.89521 0.36577 0.87992 0.35977 0.86916 0.38077 0.84957 0.38686 0.85936 0.34798 0.85226 0.27568 0.86946 0.169205 0.696762 0.198374 0.680888 0.19139 0.709664 0.128054 0.709406 0.148769 0.689849 0.145027 0.709947 0.115407 0.731415 0.100359 0.742535 0.093763 0.724635 0.128425 0.723877 0.110839 0.714842 0.107253 0.692962 0.128039 0.68927 0.151759 0.665133 0.174831 0.671089 0.104182 0.667096 0.128237 0.664782 0.209134 0.633399 0.22495 0.661005 0.20344 0.654649 0.227165 0.636574 0.08821 0.624768 0.100238 0.64056 0.07434 0.649503 0.104372 0.62312 0.098414 0.605516 0.091373 0.604939 0.103408 0.59011 0.087945 0.589477 0.164064 0.621939 0.180742 0.64735 0.155942 0.639242 0.187728 0.632662 0.159893 0.590067 0.158792 0.604167 0.155609 0.60375 0.152659 0.591869 0.068154 0.637689 0.16063 0.28084 0.13284 0.2658 0.15716 0.25907 0.1422 0.28569 0.26472 0.32326 0.25041 0.35061 0.23528 0.31201 0.235786 0.212374 0.27167 0.22531 0.25475 0.2541 0.29435 0.19488 0.268516 0.172419 0.22383 0.24613 0.296482 0.126525 0.32115 0.16405 0.142185 0.033636 0.177012 0.047365 0.138789 0.050244 0.135263 0.014106 0.181813 0.028279 0.046766 0.060713 0.085818 0.049015 0.0621 0.07352 0.076828 0.034502 0.04253 0.10849 0.0763 0.08183 0.02063 0.10225 0.00698 0.15339 0.03463 0.14934 0.01111 0.20549 0.03893 0.19201 0.02395 0.24216 0.05162 0.22857 0.06521 0.18055 0.07982 0.21657 0.10667 0.20697 0.15192 0.23638 0.12129 0.24013 0.08459 0.167975 0.09581 0.15901 0.112381 0.180604 0.148269 0.209743 0.219334 0.181318 0.189218 0.226779 0.18736 0.25117 0.186969 0.202517 0.05872 0.14463 0.07578 0.137445 0.06317 0.1111 0.077446 0.10832 0.574402 0.257622 0.588912 0.251479 0.576347 0.264826 0.558961 0.224292 0.574039 0.224944 0.56448 0.199004 0.551924 0.213607 0.57053 0.240198 0.54728 0.19704 0.538624 0.180929 0.555266 0.180864 0.85879 0.3182 0.86316 0.34006 0.85151 0.33049 0.86832 0.3195 0.83997 0.31695 0.85145 0.30384 0.86128 0.37082 0.84867 0.35649 0.83433 0.36544 0.84474 0.38075 0.87713 0.39503 0.8563 0.40379 0.89607 0.38529 0.83208 0.40985 0.8258 0.38817 0.79703 0.39145 0.799369 0.413115 0.81919 0.37221 0.79843 0.37505 0.81271 0.35836 0.82524 0.35192 0.83766 0.34345 0.81604 0.33776 0.82722 0.32941 0.81905 0.31896 0.80891 0.32739 0.80525 0.3226 0.81477 0.31362 0.82503 0.30027 0.81047 0.30909 0.81912 0.29552 0.833577 0.283419 0.841595 0.291508 0.8305 0.30578 0.814458 0.290995 0.807944 0.304385 0.80169 0.31819 0.800762 0.315142 0.791109 0.322435 0.7918 0.32472 0.78016 0.32945 0.79481 0.32924 0.78252 0.33486 0.76574 0.34085 0.78553 0.34065 0.768047 0.348875 0.750398 0.36073 0.76601 0.37715 0.728015 0.393101 0.720935 0.37723 0.77738 0.3635 0.79214 0.35187 0.80143 0.36339 0.80475 0.34438 0.79817 0.3341 0.693699 0.388756 0.688356 0.375655 0.6714 0.406323 0.6965 0.402975 0.697108 0.418672 0.729893 0.415013 0.669669 0.420069 0.649563 0.40268 0.643787 0.415514 0.631845 0.39004 0.620985 0.403342 0.619331 0.373656 0.603882 0.387976 0.609258 0.36028 0.592812 0.37414 0.601093 0.34946 0.619421 0.332649 0.64291 0.309469 0.676533 0.292572 0.667019 0.284587 0.585568 0.362293 0.684988 0.264959 0.697042 0.245478 0.719608 0.240663 0.737438 0.238387 0.745682 0.239978 0.743563 0.233558 0.17803 0.445749 0.183106 0.438183 0.192764 0.444648 0.186474 0.452851 0.171464 0.438756 0.17266 0.452441 0.166881 0.444475 0.165962 0.45865 0.161547 0.450375 0.17545 0.433158 0.188108 0.429995 0.180772 0.426895 0.18678 0.420998 0.192678 0.420775 0.050675 0.575081 0.051196 0.561974 0.057413 0.569262 0.044717 0.567823 0.040815 0.571398 0.047089 0.577751 0.038472 0.561945 0.04508 0.555913 0.031092 0.500815 0.038703 0.490793 0.039357 0.500534 0.028932 0.492107 0.025578 0.499564 0.031336 0.511437 0.025737 0.510834 0.031208 0.522351 0.039438 0.511702 0.039596 0.523211 0.025609 0.521507 0.030625 0.529402 0.023566 0.527452 0.39221 0.68561 0.40829 0.70413 0.39291 0.70386 0.40884 0.6859 0.40872 0.67503 0.4496 0.57887 0.46554 0.60064 0.45363 0.60735 0.44047 0.58224 0.40732 0.73073 0.43844 0.73116 0.43782 0.75329 0.4398 0.70665 0.40659 0.74702 0.38893 0.75697 0.40465 0.76113 0.40116 0.77609 0.38755 0.77089 0.868515 0.105012 0.847492 0.109473 0.840447 0.090552 0.855373 0.087089 0.867194 0.077714 0.885751 0.090825 0.879664 0.126205 0.861732 0.120092 0.893727 0.114072 0.85251 0.130038 0.863579 0.132999 0.879583 0.140274 0.871429 0.14119 0.914667 0.10153 0.937114 0.120139 0.918432 0.128145 0.959312 0.113588 0.952393 0.097531 0.935535 0.147078 0.952603 0.141997 0.944876 0.165339 0.962364 0.163479 0.88054 0.151503 0.878891 0.148594 0.879308 0.155071 0.876944 0.154108 0.878317 0.151607 0.876644 0.156358 0.876386 0.150907 0.876048 0.148712 0.866879 0.145896 0.874006 0.15003 0.864714 0.151981 0.873158 0.152838 0.8666 0.159378 0.874363 0.155758 0.876674 0.152233 0.854825 0.141424 0.844098 0.139386 0.843571 0.128465 0.849601 0.120435 0.834876 0.137675 0.829889 0.149809 0.838882 0.149776 0.850007 0.150301 0.848298 0.158849 0.835547 0.159286 0.832212 0.17052 0.822756 0.168787 0.827536 0.156391 0.84828 0.170803 0.841721 0.182727 0.155076 0.497788 0.160479 0.487086 0.163192 0.496287 0.150874 0.491205 0.164446 0.505942 0.155853 0.506648 0.149627 0.498905 0.148977 0.507654 0.156558 0.514076 0.149037 0.517968 0.160508 0.523278 0.163958 0.515064 0.155729 0.532014 0.171237 0.524757 0.167797 0.534657 0.178725 0.533945 0.18173 0.524173 0.173957 0.515564 0.173116 0.566529 0.182048 0.571947 0.177013 0.577947 0.169556 0.573298 0.202445 0.593791 0.202948 0.579952 0.208917 0.588277 0.196014 0.586225 0.192094 0.589245 0.189556 0.578602 0.188003 0.564255 0.196316 0.571559 0.185011 0.583276 0.199869 0.597054 0.540582 0.493612 0.531017 0.502329 0.507985 0.48311 0.52048 0.475351 0.531342 0.46925 0.50161 0.454375 0.551095 0.484321 0.515307 0.449954 0.488944 0.429301 0.505963 0.426392 0.57696 0.49825 0.56592 0.50999 0.469641 0.386696 0.444871 0.389681 0.441697 0.355837 0.487105 0.382991 0.468754 0.355002 0.486625 0.353438 0.499802 0.378435 0.498335 0.351575 0.466153 0.32964 0.48488 0.32958 0.49647 0.32987 0.48097 0.30016 0.49377 0.30192 0.47718 0.27412 0.49314 0.2772 0.47749 0.24674 0.50765 0.28087 0.5061 0.30497 0.49535 0.24892 0.45064 0.8601 0.45205 0.85874 0.4506 0.85648 0.44843 0.85837 0.44815 0.85689 0.44919 0.85527 0.44488 0.85743 0.43901 0.85893 0.45301 0.85762 0.45211 0.85521 0.45042 0.85453 0.45349 0.85389 0.44671 0.85398 0.44224 0.85092 0.44988 0.85232 0.4553 0.85814 0.043359 0.444833 0.040425 0.439261 0.04619 0.43866 0.035358 0.460413 0.046675 0.456233 0.042458 0.464554 0.037947 0.472693 0.039462 0.452236 0.050588 0.448213 0.035877 0.449683 0.030912 0.45824 0.03063 0.468325 0.02889 0.462424 0.042434 0.432069 0.048468 0.432035 0.053759 0.440596 0.056541 0.43286 0.063517 0.444 0.066505 0.435901 0.74609 0.06436 0.7483 0.0573 0.77816 0.07046 0.77912 0.07601 0.80362 0.08731 0.80299 0.09068 0.77632 0.08269 0.74342 0.07548 0.71113 0.0548 0.77547 0.08796 0.7427 0.08321 0.70261 0.07885 0.70566 0.06722 0.74177 0.11309 0.70754 0.119 0.70454 0.10408 0.74174 0.10049 0.7021 0.09043 0.77461 0.09955 0.77329 0.10756 0.80129 0.1017 0.80173 0.09932 0.81138 0.09596 0.80219 0.09575 0.77484 0.09253 0.37328 0.14064 0.35726 0.10673 0.80259 0.0936 0.74204 0.08972 0.80173 0.09932 0.80219 0.09575 0.77461 0.09955 0.77484 0.09253 0.74174 0.10049 0.70454 0.10408 0.7021 0.09043 0.235786 0.212374 0.27167 0.22531 0.29435 0.19488 0.268516 0.172419 0.25475 0.2541 0.22383 0.24613 0.296482 0.126525 0.32115 0.16405 0.142842 0.034386 0.1398 0.052617 0.177417 0.049136 0.08606 0.04959 0.182174 0.028927 0.062361 0.073125 0.042259 0.108403 0.07718 0.081746 0.03463 0.14934 0.03893 0.19201 0.05162 0.22857 0.06521 0.18055 0.07982 0.21657 0.10667 0.20697 0.08459 0.167975 0.09581 0.15901 0.112381 0.180604 0.15192 0.23638 0.148269 0.209743 0.219334 0.181318 0.189218 0.226779 0.18736 0.25117 0.12129 0.24013 0.16063 0.28084 0.15716 0.25907 0.13284 0.2658 0.1422 0.28569 0.26472 0.32326 0.23528 0.31201 0.25041 0.35061 0.18697 0.202517 0.06995 0.25959 0.08891 0.28827 0.05877 0.29935 0.11288 0.27705 0.09554 0.24881 0.03885 0.2721 0.760379 0.260438 0.75027 0.270339 0.75517 0.27628 0.76444 0.33272 0.754293 0.324327 0.778583 0.325058 0.53317 0.31509 0.53051 0.28899 0.54016 0.29895 0.52469 0.30994 0.341934 0.419674 0.363731 0.442468 0.351814 0.469001 0.322526 0.442075 0.176667 0.006161 0.40245 0.62286 0.40628 0.64375 0.39048 0.64505 0.40861 0.66306 0.39237 0.66334 0.39192 0.67575 0.38731 0.62464 0.39604 0.59679 0.38364 0.60221 0.37113 0.62561 0.37336 0.64527 0.056314 0.583309 0.063449 0.577401 0.051582 0.586331 0.06093 0.592076 0.053919 0.594196 0.149061 0.523139 0.817796 0.266649 0.979205 0.159527 0.970118 0.135929 0.022548 0.493274 0.035279 0.567572 0.76605 0.41448 0.242115 0.638108 0.244218 0.66315 0.57669 0.64267 0.56577 0.65064 0.56342 0.6429 0.57794 0.64626 0.55043 0.64297 0.55237 0.65285 0.53555 0.64247 0.5373 0.65354 0.53996 0.66285 0.55508 0.66069 0.56887 0.65602 0.57984 0.64931 0.54151 0.66767 0.5566 0.66455 0.57065 0.65858 0.5811 0.65137 0.56009 0.67355 0.54435 0.67867 0.57515 0.66456 0.58419 0.65363 0.58694 0.6424 0.522733 0.654797 0.52828 0.66377 0.5304 0.66909 0.53313 0.68096 0.517399 0.64268 0.520373 0.63307 0.53621 0.63354 0.53935 0.62314 0.55327 0.62545 0.55061 0.63546 0.56735 0.62965 0.56438 0.63659 0.57916 0.63581 0.57745 0.63887 0.54161 0.61692 0.55605 0.61961 0.57044 0.62546 0.58042 0.63241 0.54555 0.60529 0.56126 0.61017 0.57592 0.61988 0.58412 0.63147 0.533207 0.60369 0.528387 0.61704 0.52753 0.62378 0.57699 0.72978 0.56618 0.73788 0.56373 0.73017 0.57829 0.73335 0.55074 0.73041 0.55281 0.74027 0.53586 0.7301 0.53775 0.74114 0.54052 0.75043 0.55562 0.74807 0.56934 0.74323 0.58023 0.73638 0.54214 0.75523 0.55718 0.75192 0.57109 0.74586 0.58152 0.73842 0.56071 0.76093 0.54511 0.76619 0.57546 0.75184 0.58462 0.74075 0.58726 0.7293 0.52382 0.74202 0.52886 0.75149 0.53105 0.75678 0.53392 0.76862 0.517243 0.731264 0.5206 0.72114 0.53641 0.72117 0.53941 0.71072 0.55335 0.71286 0.55083 0.7229 0.56749 0.71688 0.56461 0.72385 0.57938 0.72289 0.57771 0.72597 0.5416 0.70448 0.55606 0.70699 0.57053 0.71265 0.58046 0.71954 0.54539 0.6928 0.56115 0.69748 0.57594 0.707 0.58412 0.71821 0.53401 0.69134 0.53012 0.70383 0.52742 0.71068 0.57703 0.82013 0.56643 0.82845 0.56411 0.8205 0.57825 0.82376 0.55094 0.82071 0.55306 0.83104 0.53573 0.82046 0.53779 0.83196 0.54069 0.84126 0.55579 0.83887 0.56937 0.83391 0.58009 0.82682 0.54232 0.84588 0.55727 0.84261 0.57106 0.83645 0.58134 0.82892 0.56068 0.85137 0.54542 0.85682 0.57524 0.84227 0.58435 0.83117 0.58729 0.81962 0.52273 0.83166 0.52912 0.84189 0.53133 0.84717 0.53426 0.859 0.516597 0.821129 0.5219 0.81132 0.53622 0.8113 0.53934 0.80049 0.55348 0.80256 0.55098 0.81302 0.56757 0.8069 0.56491 0.81402 0.57917 0.8132 0.57768 0.81627 0.54157 0.79435 0.55608 0.79678 0.57035 0.80259 0.5803 0.80972 0.54531 0.78294 0.56094 0.78751 0.57548 0.7967 0.58402 0.80832 0.53398 0.78172 0.53016 0.79422 0.52748 0.80109 0.803915 0.210078 0.791019 0.221572 0.684857 0.930945 0.690926 0.96567 0.698632 0.932905 0.681073 0.968105 0.673524 0.929328 0.672815 0.962726 0.697227 0.973886 0.710347 0.945075 0.705176 0.978442 0.717731 0.953103 0.72829 0.943612 0.718961 0.932623 0.747009 0.942872 0.734075 0.952924 0.754207 0.955414 0.727458 0.926477 0.795644 0.960468 0.800681 0.948813 0.755885 0.933741 0.790996 0.971758 0.734945 0.919603 0.762427 0.924801 0.80542 0.937882 0.769024 0.915848 0.809777 0.927852 0.774577 0.906013 0.812966 0.91974 0.749188 0.906285 0.756329 0.89869 0.739848 0.897244 0.741975 0.912927 0.732501 0.901575 0.723269 0.883759 0.73161 0.880827 0.739939 0.878815 0.732016 0.846517 0.741873 0.846963 0.747407 0.892541 0.725264 0.906618 0.717596 0.91254 0.706219 0.89181 0.714773 0.88742 0.697289 0.897509 0.708942 0.919474 0.686918 0.905897 0.681194 0.854147 0.671594 0.852623 0.674343 0.902957 0.689726 0.850123 0.699415 0.848817 0.70977 0.847767 0.721006 0.847233 0.662498 0.855483 0.66365 0.902121 0.653418 0.857105 0.653416 0.901576 0.64229 0.898458 0.643595 0.856963 0.632883 0.857828 0.631084 0.895364 0.622047 0.856767 0.620849 0.892622 0.612545 0.853996 0.612027 0.889462 0.60541 0.907559 0.604147 0.885737 0.59772 0.90285 0.590849 0.912895 0.590597 0.897318 0.583267 0.905825 0.567079 0.918183 0.574081 0.926391 0.537459 0.947354 0.532684 0.940533 0.581517 0.933766 0.59867 0.919112 0.60677 0.924711 0.61362 0.911745 0.622744 0.915648 0.59631 0.881956 0.59466 0.849449 0.603858 0.851316 0.632571 0.921082 0.644926 0.932057 0.615671 0.928979 0.62387 0.933824 0.632415 0.944037 0.608765 0.939138 0.616275 0.943145 0.624086 0.951556 0.645105 0.970177 0.636538 0.974924 0.61017 0.951767 0.617502 0.958845 0.629018 0.981293 0.612671 0.966498 0.621891 0.98885 0.613045 0.995029 0.608006 0.97426 0.605394 0.960517 0.596722 0.950094 0.591796 0.940212 0.547542 0.963489 0.542734 0.955203 0.552131 0.973601 0.589315 0.962158 0.587077 0.972393 0.555806 0.983575 0.601705 0.96812 0.893202 0.970884 0.905131 0.960043 0.899082 0.955643 0.908417 0.966892 0.908403 0.97466 0.905553 0.981363 0.911909 0.985543 0.900842 0.985287 0.904131 0.991764 0.916633 0.975344 0.916226 0.963672 0.891786 0.954592 0.885368 0.957566 0.880913 0.963067 0.878777 0.969917 0.895092 0.986515 0.889084 0.986213 0.883545 0.983127 0.879666 0.977172 0.878756 0.987291 0.886696 0.992427 0.895408 0.993908 0.890837 0.946708 0.902482 0.947882 0.91117 0.954133 0.871802 0.968495 0.874543 0.958781 0.880926 0.950992 0.873238 0.978709 0.838008 0.969777 0.851625 0.963739 0.846813 0.957702 0.839702 0.95465 0.832146 0.955401 0.82599 0.960249 0.822847 0.968111 0.823595 0.976644 0.828517 0.983302 0.83974 0.95033 0.848182 0.953152 0.854393 0.959661 0.853196 0.972027 0.857281 0.969736 0.830729 0.951563 0.822888 0.957104 0.818484 0.966408 0.819274 0.977321 0.825889 0.986501 0.836356 0.99042 0.836462 0.986321 0.844934 0.985318 0.850979 0.980223 0.846834 0.988494 0.854426 0.980956 0.727903 0.991513 0.728443 0.965715 0.719317 0.987896 0.734034 0.971414 0.723561 0.959814 0.712203 0.983263 0.737875 0.95999 0.741214 0.967136 0.7536 0.973525 0.755984 0.964413 0.786282 0.981996 0.781732 0.989887 0.662237 0.929 0.662966 0.963457 0.652516 0.963173 0.614216 0.786467 0.60632 0.77842 0.60475 0.78376 0.616518 0.779067 0.60058 0.77806 0.59949 0.78164 0.59668 0.77993 0.59679 0.77796 0.59329 0.77782 0.59379 0.78008 0.59606 0.78393 0.60052 0.78797 0.607305 0.79167 0.613141 0.7724 0.60486 0.77315 0.59947 0.77489 0.59663 0.77615 0.60913 0.76696 0.59609 0.77218 0.60008 0.76778 0.59387 0.77542 0.59376 0.76472 0.60207 0.76061 0.60488 0.76235 0.59087 0.77042 0.5909 0.77744 0.59142 0.7849 0.59717 0.75756 0.5946 0.79075 0.60265 0.79492 0.59885 0.79745 0.609124 0.693092 0.60488 0.68537 0.6034 0.69199 0.612749 0.685198 0.59783 0.68567 0.59715 0.68997 0.59453 0.68811 0.59479 0.68558 0.58811 0.68579 0.59175 0.68895 0.5949 0.69286 0.59871 0.69624 0.60201 0.70074 0.60556 0.69745 0.609746 0.678329 0.60306 0.68067 0.59762 0.68239 0.59485 0.68365 0.60635 0.67435 0.59538 0.6794 0.59909 0.67604 0.59241 0.68284 0.59456 0.67286 0.59713 0.66885 0.60288 0.6711 0.59222 0.67723 0.589517 0.68703 0.59418 0.69836 0.59659 0.70253 0.59149 0.69424 0.610188 0.612456 0.60444 0.60737 0.60424 0.61177 0.613375 0.607092 0.59976 0.60733 0.59895 0.60964 0.5967 0.60899 0.59684 0.60737 0.59469 0.60765 0.59446 0.60918 0.59641 0.61156 0.59955 0.61501 0.60411 0.6206 0.606839 0.61654 0.612588 0.600393 0.60358 0.60282 0.59895 0.60475 0.59678 0.60585 0.60684 0.596721 0.59606 0.6035 0.59902 0.59956 0.59451 0.60581 0.5942 0.59901 0.600501 0.589679 0.60331 0.59287 0.592293 0.608967 0.5947 0.6163 0.60077 0.62348 0.59281 0.608 0.660981 0.38515 0.644149 0.37996 0.655812 0.391912 0.656575 0.375255 0.671494 0.383146 0.672865 0.394246 0.667654 0.374213 0.677377 0.36343 0.658099 0.352707 0.637683 0.356891 0.65201 0.325346 0.626876 0.343646 0.675017 0.329984 0.691614 0.305592 0.714444 0.321654 0.724701 0.306085 0.743236 0.317618 0.743157 0.333516 0.702568 0.344536 0.745848 0.349761 0.713709 0.363453 0.745212 0.303582 0.732981 0.293489 0.74029 0.28257 0.74758 0.28869 0.706015 0.28804 0.719589 0.275943 0.694462 0.272972 0.71194 0.25958 0.7323 0.26692 0.72747 0.25332 0.745226 0.261185 0.742253 0.248097 0.755264 0.245765 0.757245 0.254486 0.769443 0.246706 0.768227 0.241928 0.755265 0.240912 0.783681 0.241393 0.779344 0.230477 0.766721 0.237639 0.785347 0.24625 0.799244 0.243044 0.793517 0.228467 0.772005 0.251563 0.80676 0.214336 0.812462 0.223451 0.819776 0.2062 0.827751 0.213175 0.835334 0.196822 0.84108 0.206969 0.824388 0.192802 0.81774 0.232085 0.812325 0.20064 0.815061 0.191115 0.828489 0.181922 0.813631 0.185808 0.786185 0.253366 0.77389 0.25758 0.763358 0.265781 0.760379 0.260438 0.827003 0.239989 0.821492 0.254723 0.837159 0.247572 0.831446 0.260248 0.825702 0.275177 0.819241 0.26164 0.809417 0.255486 0.811257 0.248972 0.798268 0.252773 0.845024 0.235798 0.835308 0.226074 0.855771 0.225945 0.846769 0.217005 0.868613 0.217381 0.882915 0.221316 0.867518 0.233157 0.87924 0.239843 0.892611 0.228862 0.908907 0.219879 0.900895 0.21444 0.878382 0.207902 0.885538 0.209588 0.893508 0.207081 0.860621 0.210822 0.856316 0.20304 0.854875 0.194687 0.873599 0.204249 0.88565 0.19629 0.870738 0.199848 0.870012 0.194769 0.857678 0.185501 0.8713 0.18941 0.875413 0.184701 0.899753 0.202404 0.901959 0.195767 0.899743 0.188001 0.891645 0.181591 0.901866 0.170546 0.915214 0.182838 0.932208 0.182113 0.92588 0.166748 0.896933 0.157375 0.9183 0.152342 0.903651 0.139203 0.889346 0.147589 0.88503 0.157048 0.882101 0.181903 0.880257 0.171726 0.865322 0.176032 0.878781 0.166029 0.864761 0.167662 0.876907 0.160817 0.917361 0.19513 0.912083 0.205473 0.923648 0.210197 0.93222 0.19743 0.939776 0.219489 0.917764 0.224529 0.948717 0.204333 0.969804 0.216896 0.959692 0.234679 0.967326 0.253124 0.977822 0.244955 0.968377 0.186821 0.949662 0.184266 0.900787 0.23327 0.925907 0.232786 0.909134 0.235108 0.886263 0.24449 0.868922 0.252258 0.856445 0.244197 0.862492 0.269185 0.848687 0.255992 0.842118 0.267456 0.852304 0.278136 0.861475 0.297013 0.871089 0.294625 0.878778 0.294153 0.87401 0.272551 0.878168 0.257177 0.885894 0.258852 0.883457 0.274424 0.892645 0.24823 0.88632 0.2891 0.895249 0.287681 0.891725 0.276891 0.898389 0.319831 0.899125 0.304159 0.918343 0.320622 0.90358 0.34682 0.92222 0.33996 0.8814 0.32096 0.88052 0.3515 0.93931 0.33022 0.95582 0.3162 0.96869 0.29529 0.947832 0.306567 0.959967 0.292172 0.966662 0.272933 0.97671 0.27079 0.93398 0.316035 0.913711 0.309615 0.958866 0.272553 0.957986 0.257697 0.956114 0.242213 0.943013 0.253108 0.947302 0.261369 0.940898 0.236777 0.93469 0.246108 0.925188 0.243102 0.911462 0.244983 0.899796 0.253527 0.892084 0.264122 0.949162 0.272521 0.945167 0.286004 0.953162 0.288356 0.942409 0.301003 0.929108 0.309164 0.925481 0.300309 0.912135 0.298449 0.903603 0.294507 0.934742 0.296105 0.67452 0.509 0.6657 0.50234 0.67756 0.49958 0.6616 0.50964 0.6949 0.50912 0.71648 0.50776 0.77185 0.50482 0.75166 0.50705 0.69493 0.49566 0.69074 0.48498 0.66561 0.48896 0.65972 0.48415 0.6845 0.47642 0.65089 0.49388 0.65611 0.49636 0.64635 0.50613 0.65292 0.50734 0.71136 0.47908 0.71382 0.49177 0.74733 0.46724 0.70669 0.47068 0.75117 0.48635 0.70162 0.46093 0.73758 0.45731 0.73039 0.44868 0.72497 0.43995 0.69784 0.45305 0.67579 0.46418 0.67876 0.46903 0.65036 0.4762 0.65499 0.48013 0.63818 0.48551 0.64446 0.48965 0.62935 0.49815 0.63775 0.5021 0.78088 0.45515 0.77053 0.44664 0.77292 0.45503 0.77975 0.48626 0.76676 0.4847 0.79202 0.4862 0.80478 0.48543 0.81842 0.4847 0.83295 0.48596 0.85024 0.48981 0.87213 0.49513 0.87844 0.47224 0.88591 0.49923 0.90336 0.48654 0.91238 0.49654 0.85088 0.46086 0.83193 0.45685 0.81259 0.45216 0.79524 0.45331 0.91929 0.492 0.90898 0.48082 0.88107 0.466 0.85073 0.45444 0.83243 0.44841 0.81374 0.44499 0.79613 0.44505 0.77942 0.44595 0.26947 0.91603 0.2837 0.91981 0.27847 0.90924 0.27078 0.92484 0.25776 0.9272 0.26101 0.91348 0.27075 0.89982 0.2579 0.94179 0.2601 0.95539 0.26342 0.96593 0.27329 0.93805 0.2772 0.95063 0.28825 0.93128 0.29296 0.94308 0.28078 0.96021 0.29675 0.9522 0.32278 0.92691 0.32604 0.93417 0.28323 0.9662 0.29975 0.95881 0.32903 0.94241 0.30262 0.96512 0.33134 0.9496 0.3616 0.93788 0.36394 0.94736 0.33354 0.95605 0.30485 0.9721 0.36516 0.95427 0.28826 0.97879 0.28541 0.97117 0.2683 0.97747 0.27112 0.98362 0.26607 0.97273 0.38844 0.93154 0.38943 0.9397 0.39058 0.94659 0.41977 0.93008 0.42087 0.93756 0.419136 0.949764 0.38737 0.92133 0.35749 0.92883 0.38585 0.90521 0.41899 0.90563 0.41907 0.91994 0.35322 0.91892 0.37302 0.891029 0.34805 0.90745 0.4442 0.8931 0.45321 0.88327 0.4395 0.8681 0.44586 0.86196 0.45055 0.86445 0.46 0.87334 0.46579 0.88818 0.45649 0.89819 0.45849 0.91056 0.46743 0.9014 0.47565 0.89449 0.47496 0.88703 0.47669 0.87998 0.46999 0.87688 0.46574 0.8688 0.45455 0.8629 0.46524 0.85918 0.45969 0.86045 0.483592 0.88881 0.49163 0.89319 0.47723 0.90207 0.49321 0.89149 0.48528 0.88478 0.49683 0.88577 0.46038 0.84704 0.45639 0.85151 0.44768 0.84209 0.44908 0.84845 0.49386 0.89458 0.49167 0.8953 0.4926 0.89615 0.49526 0.89666 0.48328 0.91147 0.48006 0.90747 0.47 0.91052 0.47257 0.91641 0.46077 0.91984 0.46324 0.92652 0.45168 0.93594 0.45001 0.92997 0.44579 0.90712 0.43487 0.92809 0.44756 0.91948 0.43322 0.9143 0.46566 0.93176 0.47507 0.92094 0.48804 0.91579 0.499942 0.910805 0.49652 0.89525 0.490663 0.919414 0.478965 0.927241 0.46722 0.934547 0.452455 0.939187 0.43736 0.94287 0.438587 0.946216 0.453309 0.941653 0.49694 0.89433 0.505647 0.900334 0.49527 0.8926 0.49268 0.87566 0.48645 0.8782 0.48419 0.87032 0.48717 0.86468 0.48228 0.86577 0.48306 0.86429 0.4779 0.85815 0.48102 0.86602 0.48175 0.8649 0.48196 0.86284 0.48098 0.86383 0.48006 0.86507 0.47912 0.87125 0.47542 0.86923 0.47446 0.86445 0.10876 0.90818 0.12556 0.92067 0.12393 0.90624 0.10416 0.91777 0.11898 0.89325 0.09999 0.89743 0.08553 0.90495 0.13475 0.89121 0.14355 0.90074 0.117895 0.861045 0.145217 0.866969 0.16748 0.879901 0.168396 0.871614 0.151362 0.860713 0.186328 0.895119 0.18599 0.885897 0.201401 0.912384 0.206359 0.907986 0.12267 0.94207 0.15147 0.91559 0.15504 0.94218 0.168317 0.959157 0.207888 0.927163 0.139099 0.973067 0.113399 0.974164 0.088935 0.969212 0.09693 0.93654 0.07222 0.92315 0.063817 0.954679 0.030131 0.917982 0.041304 0.8978 0.065319 0.876168 0.030715 0.890635 0.019788 0.907021 0.060317 0.867314 0.089915 0.855236 0.091987 0.864973 0.118033 0.851078 0.006175 0.926287 0.30432 0.89445 0.29177 0.88096 0.31173 0.90711 0.33158 0.88271 0.31723 0.91693 0.34084 0.89521 0.36577 0.87992 0.35977 0.86916 0.38077 0.84957 0.38686 0.85936 0.34798 0.85226 0.169205 0.696762 0.19139 0.709664 0.198374 0.680888 0.128054 0.709406 0.145027 0.709947 0.148769 0.689849 0.115407 0.731415 0.093763 0.724635 0.100359 0.742535 0.128425 0.723877 0.110839 0.714842 0.107253 0.692962 0.128039 0.68927 0.151759 0.665133 0.174831 0.671089 0.128237 0.664782 0.104182 0.667096 0.209134 0.633399 0.20344 0.654649 0.22495 0.661005 0.227165 0.636574 0.104372 0.62312 0.08821 0.624768 0.100238 0.64056 0.07434 0.649503 0.098414 0.605516 0.091373 0.604939 0.103408 0.59011 0.087945 0.589477 0.164064 0.621939 0.180742 0.64735 0.187728 0.632662 0.155942 0.639242 0.159893 0.590067 0.155609 0.60375 0.158792 0.604167 0.152659 0.591869 0.068154 0.637689 0.574402 0.257622 0.576347 0.264826 0.588912 0.251479 0.558961 0.224292 0.574039 0.224944 0.56448 0.199004 0.551924 0.213607 0.57053 0.240198 0.54728 0.19704 0.538624 0.180929 0.555266 0.180864 0.85879 0.3182 0.86316 0.34006 0.86832 0.3195 0.85151 0.33049 0.83997 0.31695 0.85145 0.30384 0.86128 0.37082 0.84867 0.35649 0.83433 0.36544 0.84474 0.38075 0.8258 0.38817 0.79703 0.39145 0.81919 0.37221 0.79843 0.37505 0.81271 0.35836 0.82524 0.35192 0.83766 0.34345 0.81604 0.33776 0.82722 0.32941 0.81905 0.31896 0.80891 0.32739 0.80525 0.3226 0.81477 0.31362 0.82503 0.30027 0.81047 0.30909 0.81912 0.29552 0.833577 0.283419 0.841595 0.291508 0.8305 0.30578 0.814458 0.290995 0.807944 0.304385 0.80169 0.31819 0.800762 0.315142 0.791112 0.322496 0.7918 0.32472 0.78016 0.32945 0.79481 0.32924 0.782221 0.334818 0.76574 0.34085 0.785364 0.340534 0.768047 0.348875 0.751167 0.361132 0.76601 0.37715 0.728015 0.393101 0.720935 0.37723 0.77738 0.3635 0.791714 0.351615 0.80143 0.36339 0.80475 0.34438 0.79817 0.3341 0.693699 0.388756 0.688356 0.375655 0.6714 0.406323 0.6965 0.402975 0.649563 0.40268 0.631845 0.39004 0.619331 0.373656 0.609258 0.36028 0.601093 0.34946 0.619421 0.332649 0.64291 0.309469 0.676533 0.292572 0.667019 0.284587 0.684988 0.264959 0.697042 0.245478 0.719608 0.240663 0.737438 0.238387 0.745682 0.239978 0.743563 0.233558 0.17803 0.445749 0.192764 0.444648 0.183106 0.438183 0.186474 0.452851 0.171464 0.438756 0.17266 0.452441 0.166881 0.444475 0.165962 0.45865 0.161547 0.450375 0.17545 0.433158 0.188108 0.429995 0.180772 0.426895 0.18678 0.420998 0.192678 0.420775 0.050675 0.575081 0.051196 0.561974 0.044717 0.567823 0.057413 0.569262 0.040815 0.571398 0.047089 0.577751 0.038472 0.561945 0.04508 0.555913 0.031092 0.500815 0.039357 0.500534 0.038703 0.490793 0.028932 0.492107 0.025578 0.499564 0.031336 0.511437 0.025737 0.510834 0.031208 0.522351 0.039438 0.511702 0.039596 0.523211 0.025609 0.521507 0.030625 0.529402 0.023566 0.527452 0.39221 0.68561 0.39291 0.70386 0.40829 0.70413 0.40884 0.6859 0.40872 0.67503 0.4496 0.57887 0.45363 0.60735 0.46554 0.60064 0.44047 0.58224 0.40245 0.62286 0.39048 0.64505 0.40628 0.64375 0.40861 0.66306 0.39237 0.66334 0.39192 0.67575 0.40732 0.73073 0.4398 0.70665 0.43844 0.73116 0.43782 0.75329 0.40659 0.74702 0.38893 0.75697 0.40116 0.77609 0.40465 0.76113 0.38755 0.77089 0.38731 0.62464 0.37113 0.62561 0.39604 0.59679 0.38364 0.60221 0.37336 0.64527 0.868515 0.105012 0.840447 0.090552 0.847492 0.109473 0.855373 0.087089 0.867194 0.077714 0.885751 0.090825 0.879664 0.126205 0.861732 0.120092 0.893727 0.114072 0.85251 0.130038 0.914667 0.10153 0.937114 0.120139 0.918432 0.128145 0.935535 0.147078 0.952603 0.141997 0.944876 0.165339 0.962364 0.163479 0.879583 0.140274 0.863579 0.132999 0.871429 0.14119 0.88054 0.151503 0.878891 0.148594 0.879308 0.155071 0.876944 0.154108 0.878317 0.151607 0.876644 0.156358 0.876386 0.150907 0.866879 0.145896 0.876048 0.148712 0.874006 0.15003 0.864714 0.151981 0.873158 0.152838 0.8666 0.159378 0.874363 0.155758 0.876674 0.152233 0.850007 0.150301 0.854825 0.141424 0.838882 0.149776 0.844098 0.139386 0.843571 0.128465 0.849601 0.120435 0.834876 0.137675 0.829889 0.149809 0.848298 0.158849 0.835547 0.159286 0.832212 0.17052 0.822756 0.168787 0.84828 0.170803 0.841721 0.182727 0.827536 0.156391 0.155076 0.497788 0.160479 0.487086 0.150874 0.491205 0.163192 0.496287 0.164446 0.505942 0.155853 0.506648 0.149627 0.498905 0.148977 0.507654 0.156558 0.514076 0.149037 0.517968 0.160508 0.523278 0.163958 0.515064 0.155729 0.532014 0.171237 0.524757 0.167797 0.534657 0.178725 0.533945 0.18173 0.524173 0.173957 0.515564 0.173116 0.566529 0.177013 0.577947 0.182048 0.571947 0.169556 0.573298 0.202445 0.593791 0.208917 0.588277 0.202948 0.579952 0.196014 0.586225 0.192094 0.589245 0.189556 0.578602 0.188003 0.564255 0.196316 0.571559 0.185011 0.583276 0.199869 0.597054 0.538443 0.492131 0.520019 0.474914 0.507985 0.48311 0.529476 0.499646 0.530965 0.468905 0.50161 0.454375 0.54971 0.483313 0.515307 0.449954 0.488944 0.429301 0.505963 0.426392 0.575949 0.496601 0.562606 0.508118 0.487238 0.385604 0.468834 0.357275 0.470417 0.389816 0.48671 0.35555 0.466197 0.330534 0.484541 0.329868 0.498377 0.352859 0.496716 0.329982 0.480763 0.303276 0.49438 0.304471 0.478191 0.27551 0.493585 0.277913 0.479462 0.25034 0.50782 0.281107 0.506224 0.30573 0.495658 0.249324 0.53317 0.31509 0.530611 0.289555 0.524948 0.310187 0.54016 0.29895 0.45064 0.8601 0.45205 0.85874 0.4506 0.85648 0.44843 0.85837 0.44815 0.85689 0.44919 0.85527 0.44488 0.85743 0.43901 0.85893 0.45301 0.85762 0.45211 0.85521 0.45042 0.85453 0.45349 0.85389 0.44671 0.85398 0.44224 0.85092 0.44988 0.85232 0.4553 0.85814 0.043359 0.444833 0.04619 0.43866 0.040425 0.439261 0.035358 0.460413 0.037947 0.472693 0.042458 0.464554 0.046675 0.456233 0.039462 0.452236 0.050588 0.448213 0.035877 0.449683 0.030912 0.45824 0.03063 0.468325 0.02889 0.462424 0.042434 0.432069 0.048468 0.432035 0.053759 0.440596 0.056541 0.43286 0.063517 0.444 0.066505 0.435901 0.74609 0.06436 0.77912 0.07601 0.80299 0.09068 0.77632 0.08269 0.74342 0.07548 0.71113 0.0548 0.77547 0.08796 0.7427 0.08321 0.70261 0.07885 0.70566 0.06722 0.74204 0.08972 0.80259 0.0936 0.37328 0.14064 0.35726 0.10673 0.06995 0.25959 0.08891 0.28827 0.11288 0.27705 0.09554 0.24881 0.75027 0.270339 0.75517 0.27628 0.76444 0.33272 0.754293 0.324327 0.778583 0.325058 0.05872 0.14463 0.07578 0.137445 0.062589 0.110356 0.078532 0.10871 0.341934 0.419674 0.351814 0.469001 0.363731 0.442468 0.322526 0.442075 0.056314 0.583309 0.063449 0.577401 0.051582 0.586331 0.06093 0.592076 0.053919 0.594196 0.149061 0.523139 0.817796 0.266649 0.022548 0.493274 0.035279 0.567572 0.242115 0.638108 0.244218 0.66315 0.57669 0.64267 0.56577 0.65064 0.57794 0.64626 0.56342 0.6429 0.55043 0.64297 0.55237 0.65285 0.53555 0.64247 0.5373 0.65354 0.53996 0.66285 0.55508 0.66069 0.56887 0.65602 0.57984 0.64931 0.54151 0.66767 0.5566 0.66455 0.57065 0.65858 0.5811 0.65137 0.56009 0.67355 0.54435 0.67867 0.57515 0.66456 0.58419 0.65363 0.58694 0.6424 0.522733 0.654797 0.52828 0.66377 0.5304 0.66909 0.53313 0.68096 0.517399 0.64268 0.520373 0.63307 0.53621 0.63354 0.53935 0.62314 0.55327 0.62545 0.55061 0.63546 0.56735 0.62965 0.56438 0.63659 0.57916 0.63581 0.57745 0.63887 0.54161 0.61692 0.55605 0.61961 0.57044 0.62546 0.58042 0.63241 0.54555 0.60529 0.56126 0.61017 0.57592 0.61988 0.58412 0.63147 0.533207 0.60369 0.528387 0.61704 0.52753 0.62378 0.57699 0.72978 0.56618 0.73788 0.57829 0.73335 0.56373 0.73017 0.55074 0.73041 0.55281 0.74027 0.53586 0.7301 0.53775 0.74114 0.54052 0.75043 0.55562 0.74807 0.56934 0.74323 0.58023 0.73638 0.54214 0.75523 0.55718 0.75192 0.57109 0.74586 0.58152 0.73842 0.56071 0.76093 0.54511 0.76619 0.57546 0.75184 0.58462 0.74075 0.58726 0.7293 0.52382 0.74202 0.52886 0.75149 0.53105 0.75678 0.53392 0.76862 0.517243 0.731264 0.5206 0.72114 0.53641 0.72117 0.53941 0.71072 0.55335 0.71286 0.55083 0.7229 0.56749 0.71688 0.56461 0.72385 0.57938 0.72289 0.57771 0.72597 0.5416 0.70448 0.55606 0.70699 0.57053 0.71265 0.58046 0.71954 0.54539 0.6928 0.56115 0.69748 0.57594 0.707 0.58412 0.71821 0.53401 0.69134 0.53012 0.70383 0.52742 0.71068 0.57703 0.82013 0.56643 0.82845 0.57825 0.82376 0.56411 0.8205 0.55094 0.82071 0.55306 0.83104 0.53573 0.82046 0.53779 0.83196 0.54069 0.84126 0.55579 0.83887 0.56937 0.83391 0.58009 0.82682 0.54232 0.84588 0.55727 0.84261 0.57106 0.83645 0.58134 0.82892 0.56068 0.85137 0.54542 0.85682 0.57524 0.84227 0.58435 0.83117 0.58729 0.81962 0.52273 0.83166 0.52912 0.84189 0.53133 0.84717 0.53426 0.859 0.516597 0.821129 0.5219 0.81132 0.53622 0.8113 0.53934 0.80049 0.55348 0.80256 0.55098 0.81302 0.56757 0.8069 0.56491 0.81402 0.57917 0.8132 0.57768 0.81627 0.54157 0.79435 0.55608 0.79678 0.57035 0.80259 0.5803 0.80972 0.54531 0.78294 0.56094 0.78751 0.57548 0.7967 0.58402 0.80832 0.53398 0.78172 0.53016 0.79422 0.52748 0.80109 0.216961 0.918295 0.803915 0.210078 0.791019 0.221572 0.66935 0.7921 0.67822 0.78531 0.68849 0.7753 0.66935 0.7921 0.67822 0.78531 0.68849 0.7753 0.95211 0.856471 0.912936 0.870038 0.87575 0.85117 0.94758 0.847641 0.914477 0.761676 0.8634 0.780461 0.91266 0.750476 0.915095 0.729863 0.823605 0.754361 0.77013 0.791731 0.80147 0.800481 0.79511 0.804191 0.77633 0.787371 0.80015 0.867031 0.81803 0.867661 0.79702 0.8737 0.81075 0.878521 0.79955 0.879321 0.80694 0.884371 0.78767 0.776761 0.78341 0.779751 0.84978 0.86627 0.83337 0.884581 0.852799 0.891662 0.83202 0.895531 0.848283 0.900598 0.896712 0.906262 0.89225 0.913168 0.936408 0.905628 0.897031 0.889349 0.8569 0.871311 0.813312 0.658401 0.855067 0.670233 0.852805 0.564754 0.902106 0.586999 0.854332 0.55447 0.855137 0.532523 0.940566 0.557296 0.996247 0.593888 0.971268 0.606348 0.966227 0.669198 0.948358 0.669828 0.969358 0.675857 0.955638 0.680677 0.966828 0.681477 0.959437 0.686528 0.978708 0.578918 0.933007 0.686748 0.934358 0.697688 0.91811 0.702977 0.87401 0.715652 0.831149 0.709706 0.869408 0.691697 0.95211 0.856471 0.912936 0.870038 0.87575 0.85117 0.94758 0.847641 0.945719 0.842931 0.945218 0.832048 0.914477 0.761676 0.8634 0.780461 0.91266 0.750476 0.915095 0.729863 0.77013 0.791731 0.80147 0.800481 0.77633 0.787371 0.79511 0.804191 0.80015 0.867031 0.81803 0.867661 0.79702 0.8737 0.81075 0.878521 0.79955 0.879321 0.80694 0.884371 0.78767 0.776761 0.78341 0.779751 0.84978 0.86627 0.83337 0.884581 0.852799 0.891662 0.83202 0.895531 0.848283 0.900598 0.896712 0.906262 0.89225 0.913168 0.936408 0.905628 0.897031 0.889349 0.8569 0.871311 0.813312 0.658401 0.855067 0.670233 0.852805 0.564754 0.902106 0.586999 0.854332 0.55447 0.855137 0.532523 0.940566 0.557296 0.996247 0.593888 0.971268 0.606348 0.966227 0.669198 0.948358 0.669828 0.969358 0.675857 0.955638 0.680677 0.966828 0.681477 0.959437 0.686528 0.978708 0.578918 0.933007 0.686748 0.934358 0.697688 0.91811 0.702977 0.87401 0.715652 0.831149 0.709706 0.869408 0.691697 0.7656 0.46735 0.76379 0.4536 0.76385 0.44526 0.76379 0.43508 0.43581 0.93525 0.427293 0.949316 0.3933 0.87054 0.3988 0.88181 0.41562 0.86208 0.41875 0.87613 0.41349 0.84926 0.43013 0.87452 0.4292 0.86022 0.4327 0.84599 0.43225 0.89941 0.31558 0.86352 0.32029 0.84921 0.29335 0.84348 0.28737 0.85217 0.768931 0.438605 0.051392 0.657273 0.026932 0.641836 0.045964 0.63842 0.029422 0.662648 0.080479 0.673903 0.055896 0.683328 0.085881 0.701286 0.063336 0.713721 0.077097 0.743702 0.092732 0.757658 0.080964 0.774491 0.040242 0.726612 0.051737 0.761606 0.035226 0.778045 0.017434 0.7367 0.064738 0.812287 0.0699 0.79209 0.101314 0.788515 0.095279 0.80906 0.124041 0.795557 0.111086 0.76264 0.123745 0.771318 0.146667 0.788737 0.133007 0.760045 0.168224 0.7728 0.153969 0.809644 0.181813 0.79001 0.201705 0.757923 0.178996 0.739268 0.147853 0.758505 0.157002 0.746167 0.123569 0.815574 0.213887 0.723315 0.151776 0.731835 0.161452 0.718054 0.221792 0.690425 0.14132 0.72335 0.12844 0.641154 0.130097 0.629343 0.150755 0.620328 0.15252 0.305 0.14093 0.31012 0.16415 0.32646 0.15391 0.33787 0.18534 0.33518 0.18401 0.34644 0.12649 0.34448 0.11072 0.31808 0.15726 0.35733 0.18103 0.35896 0.20645 0.33618 0.20479 0.34882 0.2243 0.34859 0.21962 0.33111 0.20276 0.36117 0.22303 0.36375 0.24473 0.36743 0.27616 0.35812 0.26411 0.377 0.23336 0.39639 0.25288 0.40034 0.2902 0.33679 0.30533 0.30886 0.27324 0.29463 0.28758 0.26721 0.23847 0.28356 0.31978 0.2813 0.30299 0.24194 0.33412 0.25965 0.243593 0.151886 0.284221 0.078915 0.253333 0.119905 0.242876 0.086542 0.219776 0.109571 0.215976 0.084069 0.097923 0.060662 0.21645 0.060983 0.143354 0.186622 0.08776 0.13261 0.087304 0.106527 0.087362 0.08543 0.09297 0.08677 0.102865 0.068901 0.10583 0.07241 0.599783 0.214659 0.587674 0.190702 0.579707 0.169016 0.61003 0.15874 0.618323 0.181246 0.642578 0.152458 0.647883 0.173269 0.673739 0.16828 0.674958 0.182791 0.656846 0.190534 0.684135 0.194676 0.667745 0.207204 0.672873 0.15163 0.686118 0.161049 0.69818 0.170905 0.699372 0.187733 0.708502 0.165758 0.711741 0.188263 0.690129 0.205054 0.700125 0.212881 0.692856 0.150913 0.672557 0.222756 0.681073 0.235535 0.656586 0.255165 0.648535 0.240478 0.640316 0.224841 0.628161 0.203034 0.633038 0.272346 0.623572 0.257789 0.61245 0.23883 0.610347 0.287452 0.600853 0.273575 0.590689 0.29487 0.584575 0.281458 0.19817 0.435279 0.208201 0.44242 0.214254 0.431798 0.219736 0.449337 0.226945 0.437573 0.232935 0.457401 0.219607 0.468765 0.22776 0.483538 0.247572 0.470598 0.250136 0.494244 0.227897 0.504661 0.267086 0.480716 0.260163 0.517976 0.235188 0.527517 0.210381 0.525117 0.214593 0.538562 0.204926 0.536916 0.201522 0.529882 0.192056 0.525239 0.195207 0.517405 0.196872 0.50384 0.210312 0.506334 0.208414 0.490678 0.199096 0.491744 0.199558 0.481961 0.207262 0.477738 0.191502 0.496829 0.228833 0.543367 0.202926 0.468607 0.210989 0.459699 0.202157 0.451861 0.195638 0.46027 0.189032 0.466244 0.196228 0.473705 0.182631 0.472064 0.190262 0.477251 0.192261 0.483071 0.180229 0.459596 0.173751 0.466012 0.203225 0.425522 0.058598 0.555134 0.052178 0.549682 0.05831 0.544032 0.065319 0.547694 0.068977 0.539827 0.061755 0.539274 0.069537 0.530131 0.061846 0.534407 0.059015 0.525187 0.060584 0.512618 0.07265 0.513138 0.086594 0.53043 0.08773 0.512853 0.106662 0.521111 0.103471 0.540342 0.121231 0.532846 0.072161 0.494727 0.089589 0.492627 0.06007 0.499672 0.079294 0.481049 0.071032 0.484181 0.08848 0.47193 0.100923 0.478793 0.113596 0.499748 0.120165 0.48462 0.125682 0.471772 0.109153 0.46539 0.095891 0.460273 0.084595 0.455382 0.079523 0.465318 0.070176 0.458539 0.074129 0.449247 0.065391 0.467182 0.073218 0.473739 0.060056 0.47373 0.066995 0.478908 0.055278 0.479458 0.061317 0.482053 0.064537 0.484779 0.0647 0.489179 0.057471 0.489655 0.049224 0.500206 0.048445 0.490453 0.049444 0.512084 0.048951 0.524054 0.047586 0.53329 0.03883 0.532661 0.055436 0.534624 0.274714 0.730691 0.26202 0.70931 0.274192 0.709574 0.26397 0.73178 0.26145 0.6904 0.274132 0.690308 0.275593 0.674811 0.26482 0.67449 0.26573 0.66083 0.275597 0.660813 0.26485 0.64551 0.274648 0.645046 0.27331 0.626052 0.26174 0.62631 0.26092 0.60257 0.272576 0.602008 0.276164 0.747723 0.2646 0.74852 0.277636 0.764117 0.26692 0.765 0.281158 0.788524 0.27066 0.79385 0.28477 0.74713 0.28271 0.72988 0.31004 0.72969 0.30877 0.71069 0.35898 0.72596 0.3586 0.70658 0.37651 0.72649 0.37719 0.70433 0.35702 0.6884 0.37491 0.685 0.44133 0.68452 0.44122 0.67401 0.44041 0.65874 0.45827 0.67319 0.45769 0.657 0.47402 0.67195 0.47262 0.6534 0.48963 0.67136 0.49051 0.64838 0.46631 0.62807 0.4879 0.61988 0.45811 0.68429 0.47332 0.68556 0.48764 0.68616 0.47235 0.70919 0.45742 0.70865 0.4857 0.70955 0.44534 0.61096 0.45418 0.63221 0.43779 0.63676 0.454067 0.731639 0.46923 0.73431 0.48279 0.73663 0.46202 0.75996 0.45108 0.75621 0.47333 0.76514 0.45497 0.78391 0.44607 0.77826 0.4631 0.79123 0.44651 0.81377 0.44226 0.80465 0.43681 0.79868 0.39173 0.72821 0.43414 0.77261 0.42734 0.79168 0.38961 0.74438 0.37401 0.7445 0.37334 0.75751 0.37367 0.7738 0.35889 0.74329 0.31109 0.7453 0.35794 0.75894 0.35836 0.77743 0.31245 0.78241 0.31096 0.7609 0.28897 0.78456 0.28561 0.76346 0.897314 0.077675 0.877107 0.066245 0.921161 0.085929 0.850009 0.061081 0.858162 0.052587 0.838282 0.069004 0.834323 0.042595 0.844451 0.035646 0.184041 0.515626 0.17438 0.506258 0.184334 0.50684 0.172788 0.496843 0.182539 0.498317 0.17106 0.487403 0.180263 0.489495 0.187742 0.488904 0.193693 0.487823 0.187383 0.533832 0.193761 0.534294 0.198243 0.535575 0.197048 0.539886 0.20464 0.542773 0.2012 0.549849 0.193323 0.545289 0.209278 0.555911 0.213651 0.547481 0.216605 0.563212 0.223428 0.553963 0.223917 0.57079 0.232021 0.5619 0.242102 0.554029 0.253741 0.544674 0.271425 0.535755 0.186699 0.551334 0.195242 0.557069 0.178818 0.558273 0.20317 0.563924 0.209591 0.571791 0.215874 0.579336 0.460063 0.247056 0.45678 0.2714 0.41094 0.27078 0.352097 0.308374 0.37706 0.27564 0.38413 0.28556 0.346805 0.300091 0.31317 0.33431 0.323206 0.338568 0.304061 0.373319 0.28903 0.3764 0.304459 0.409547 0.279769 0.42044 0.333814 0.351188 0.319055 0.371683 0.360773 0.325943 0.345819 0.372948 0.373264 0.349334 0.395368 0.309478 0.406614 0.335952 0.415412 0.359014 0.387421 0.369544 0.401452 0.386366 0.420887 0.390155 0.409312 0.42578 0.434559 0.420914 0.461919 0.415875 0.410129 0.464269 0.455121 0.446261 0.465268 0.48795 0.491365 0.502838 0.47302 0.542489 0.444214 0.533492 0.41058 0.498531 0.477049 0.464351 0.484496 0.411627 0.563061 0.523492 0.537966 0.530813 0.513845 0.517753 0.557483 0.540963 0.546072 0.45653 0.532862 0.439423 0.522759 0.419286 0.501281 0.406362 0.515807 0.400199 0.56598 0.46995 0.57803 0.45519 0.56071 0.44257 0.57533 0.4299 0.5892 0.44175 0.54835 0.42766 0.56261 0.41602 0.537148 0.410933 0.55011 0.40067 0.52845 0.392696 0.53926 0.38409 0.52125 0.36898 0.52955 0.36519 0.511177 0.373732 0.437244 0.331712 0.42766 0.30439 0.46256 0.30006 0.50817 0.34947 0.51649 0.34763 0.5232 0.34596 0.50688 0.33009 0.51336 0.25483 0.51684 0.30756 0.51542 0.32934 0.5201 0.28435 0.52757 0.26301 0.53858 0.27004 0.55416 0.2773 0.52257 0.32998 0.52992 0.34444 0.53734 0.35768 0.54898 0.37073 0.56383 0.38678 0.57868 0.40134 0.59237 0.41387 0.60589 0.428 0.62473 0.44718 0.60594 0.45625 0.59768 0.46739 0.5887 0.4826 0.060073 0.452683 0.077489 0.440533 0.088539 0.445814 0.101091 0.447794 0.115375 0.450662 0.131245 0.458482 0.055837 0.461316 0.051196 0.469159 0.046872 0.476445 0.3261 0.03353 0.34301 0.07008 0.25797 0.03762 0.31757 0.00556 0.24476 0.00719 0.39875 0.00503 0.39862 0.0254 0.4722 0.0084 0.47136 0.0245 0.54168 0.01628 0.54042 0.03092 0.61112 0.0231 0.60911 0.03543 0.67846 0.0348 0.67103 0.0459 0.71501 0.04519 0.66066 0.06117 0.60534 0.0579 0.54006 0.05654 0.47413 0.0582 0.40662 0.06091 0.6577 0.07642 0.60443 0.07634 0.54215 0.07968 0.47965 0.0846 0.41704 0.09293 0.6578 0.09134 0.66192 0.10801 0.66858 0.1252 0.61748 0.13626 0.61133 0.1133 0.55559 0.15374 0.55045 0.127 0.49617 0.17193 0.4916 0.14103 0.44041 0.18856 0.43593 0.15601 0.39372 0.20673 0.38541 0.17359 0.35615 0.2338 0.33873 0.19851 0.34126 0.25054 0.31956 0.22028 0.60674 0.09285 0.48595 0.11256 0.54579 0.10256 0.42765 0.1244 0.66192 0.10801 0.61133 0.1133 0.55045 0.127 0.4916 0.14103 0.43593 0.15601 0.38541 0.17359 0.33873 0.19851 0.31956 0.22028 0.30299 0.24194 0.60674 0.09285 0.6578 0.09134 0.42765 0.1244 0.48595 0.11256 0.54579 0.10256 0.243593 0.151886 0.284221 0.078915 0.253333 0.119905 0.242876 0.086542 0.219776 0.109571 0.215976 0.084069 0.196623 0.071269 0.21645 0.061061 0.098516 0.062133 0.15252 0.305 0.14093 0.31012 0.16415 0.32646 0.15391 0.33787 0.18534 0.33518 0.18401 0.34644 0.12649 0.34448 0.11072 0.31808 0.15726 0.35733 0.18103 0.35896 0.20645 0.33618 0.20479 0.34882 0.2243 0.34859 0.21962 0.33111 0.20276 0.36117 0.22303 0.36375 0.24473 0.36743 0.23336 0.39639 0.27324 0.29463 0.28758 0.26721 0.23847 0.28356 0.21239 0.26931 0.18492 0.26847 0.143354 0.186622 0.17909 0.17634 0.201148 0.153337 0.214818 0.132775 0.19752 0.38571 0.1787 0.3821 0.21496 0.39005 0.19407 0.39874 0.20889 0.40244 0.22618 0.40904 0.17634 0.39327 0.15972 0.38155 0.14112 0.38596 0.14365 0.39961 0.16028 0.39298 0.12024 0.40523 0.12222 0.39137 0.11555 0.36963 0.13456 0.36079 0.10413 0.35551 0.08499 0.33234 0.52916 0.3305 0.031674 0.691879 0.009511 0.696603 0.009026 0.66479 0.010388 0.643467 0.326003 0.393353 0.361854 0.395754 0.380891 0.416999 0.296393 0.464345 0.398417 0.454614 0.370799 0.522322 0.389744 0.486181 0.389293 0.54705 0.328993 0.503047 0.21239 0.26931 0.18492 0.26847 0.201148 0.153337 0.214817 0.132775 0.17909 0.17634 0.4333 0.58556 0.42251 0.58926 0.43198 0.61522 0.37525 0.66347 0.365076 0.663233 0.362817 0.645113 0.364221 0.675402 0.37473 0.675 0.36971 0.60583 0.35361 0.60474 0.35308 0.62506 0.30572 0.60282 0.30727 0.62703 0.30793 0.6434 0.35459 0.64499 0.35722 0.66305 0.3085 0.66146 0.35693 0.67511 0.30869 0.67574 0.30836 0.68844 0.28194 0.6447 0.28192 0.62586 0.28294 0.6608 0.28361 0.67505 0.28357 0.69024 0.28325 0.70977 0.28125 0.60159 0.065658 0.561978 0.073214 0.553295 0.0797 0.543728 0.080974 0.561158 0.091142 0.55229 0.100591 0.563792 0.088254 0.571049 0.114356 0.555262 0.129574 0.54413 0.072037 0.569702 0.078126 0.579114 0.068615 0.586109 0.275412 0.467714 0.258372 0.45383 0.242012 0.443945 0.25004 0.41248 0.091582 0.824734 0.123665 0.831996 0.158723 0.824215 0.191181 0.804259 0.217068 0.771977 0.233136 0.732956 0.242318 0.695815 0.144917 0.40275 0.95008 0.087009 0.7656 0.46735 0.76379 0.4536 0.76385 0.44526 0.76379 0.43508 0.43581 0.93525 0.427293 0.949316 0.3933 0.87054 0.3988 0.88181 0.41562 0.86208 0.41875 0.87613 0.41349 0.84926 0.43013 0.87452 0.4292 0.86022 0.4327 0.84599 0.43225 0.89941 0.31558 0.86352 0.32029 0.84921 0.768931 0.438605 0.051392 0.657273 0.026932 0.641836 0.029422 0.662648 0.045964 0.63842 0.080479 0.673903 0.055896 0.683328 0.085881 0.701286 0.063336 0.713721 0.077097 0.743702 0.092732 0.757658 0.080964 0.774491 0.040242 0.726612 0.051737 0.761606 0.035226 0.778045 0.017434 0.7367 0.064738 0.812287 0.0699 0.79209 0.101314 0.788515 0.095279 0.80906 0.124041 0.795557 0.111086 0.76264 0.123745 0.771318 0.146667 0.788737 0.133007 0.760045 0.168224 0.7728 0.153969 0.809644 0.181813 0.79001 0.201705 0.757923 0.178996 0.739268 0.147853 0.758505 0.157002 0.746167 0.123569 0.815574 0.213887 0.723315 0.151776 0.731835 0.161452 0.718054 0.221792 0.690425 0.14132 0.72335 0.12844 0.641154 0.130097 0.629343 0.150755 0.620328 0.599783 0.214659 0.587674 0.190702 0.579707 0.169016 0.61003 0.15874 0.618323 0.181246 0.642578 0.152458 0.647883 0.173269 0.673739 0.16828 0.674958 0.182791 0.656846 0.190534 0.684135 0.194676 0.667745 0.207204 0.672873 0.15163 0.686118 0.161049 0.69818 0.170905 0.699372 0.187733 0.708502 0.165758 0.711741 0.188263 0.690129 0.205054 0.700125 0.212881 0.692856 0.150913 0.672557 0.222756 0.681073 0.235535 0.656586 0.255165 0.648535 0.240478 0.640316 0.224841 0.628161 0.203034 0.633038 0.272346 0.623572 0.257789 0.61245 0.23883 0.610347 0.287452 0.600853 0.273575 0.590689 0.29487 0.584575 0.281458 0.19817 0.435279 0.208201 0.44242 0.214254 0.431798 0.219736 0.449337 0.226945 0.437573 0.232935 0.457401 0.219607 0.468765 0.22776 0.483538 0.247572 0.470598 0.250136 0.494244 0.227897 0.504661 0.267086 0.480716 0.260163 0.517976 0.235188 0.527517 0.210381 0.525117 0.214593 0.538562 0.204926 0.536916 0.201522 0.529882 0.192056 0.525239 0.195207 0.517405 0.196872 0.50384 0.210312 0.506334 0.208414 0.490678 0.199096 0.491744 0.199558 0.481961 0.207262 0.477738 0.191502 0.496829 0.228833 0.543367 0.202926 0.468607 0.210989 0.459699 0.202157 0.451861 0.195638 0.46027 0.189032 0.466244 0.196228 0.473705 0.182631 0.472064 0.190262 0.477251 0.192261 0.483071 0.180229 0.459596 0.173751 0.466012 0.203225 0.425522 0.058598 0.555134 0.052178 0.549682 0.05831 0.544032 0.065319 0.547694 0.068977 0.539827 0.061755 0.539274 0.069537 0.530131 0.061846 0.534407 0.059015 0.525187 0.060584 0.512618 0.07265 0.513138 0.086594 0.53043 0.08773 0.512853 0.106662 0.521111 0.103471 0.540342 0.121231 0.532846 0.072161 0.494727 0.089589 0.492627 0.06007 0.499672 0.079294 0.481049 0.071032 0.484181 0.08848 0.47193 0.100923 0.478793 0.113596 0.499748 0.120165 0.48462 0.125682 0.471772 0.109153 0.46539 0.095891 0.460273 0.084595 0.455382 0.079523 0.465318 0.070176 0.458539 0.074129 0.449247 0.065391 0.467182 0.073218 0.473739 0.060056 0.47373 0.066995 0.478908 0.055278 0.479458 0.061317 0.482053 0.064537 0.484779 0.0647 0.489179 0.057471 0.489655 0.049224 0.500206 0.048445 0.490453 0.049444 0.512084 0.048951 0.524054 0.047586 0.53329 0.03883 0.532661 0.055436 0.534624 0.28271 0.72988 0.273487 0.709558 0.274092 0.730754 0.28325 0.70977 0.30877 0.71069 0.30836 0.68844 0.3586 0.70658 0.35702 0.6884 0.37719 0.70433 0.37491 0.685 0.44133 0.68452 0.44122 0.67401 0.44041 0.65874 0.45827 0.67319 0.45769 0.657 0.47402 0.67195 0.47262 0.6534 0.48963 0.67136 0.49051 0.64838 0.46631 0.62807 0.4879 0.61988 0.45811 0.68429 0.47332 0.68556 0.48764 0.68616 0.47235 0.70919 0.45742 0.70865 0.4857 0.70955 0.44534 0.61096 0.45418 0.63221 0.43779 0.63676 0.454067 0.731639 0.4333 0.58556 0.42251 0.58926 0.43198 0.61522 0.39173 0.72821 0.43414 0.77261 0.44607 0.77826 0.45108 0.75621 0.45497 0.78391 0.46202 0.75996 0.46923 0.73431 0.48279 0.73663 0.47333 0.76514 0.4631 0.79123 0.44651 0.81377 0.44226 0.80465 0.43681 0.79868 0.42734 0.79168 0.38961 0.74438 0.37651 0.72649 0.35898 0.72596 0.37401 0.7445 0.37334 0.75751 0.37367 0.7738 0.31004 0.72969 0.31109 0.7453 0.35889 0.74329 0.35794 0.75894 0.35836 0.77743 0.31245 0.78241 0.31096 0.7609 0.28477 0.74713 0.28897 0.78456 0.28561 0.76346 0.277015 0.764168 0.280549 0.788832 0.275494 0.747769 0.26397 0.73178 0.26202 0.70931 0.26145 0.6904 0.273397 0.690314 0.28357 0.69024 0.30869 0.67574 0.35693 0.67511 0.366111 0.675053 0.35722 0.66305 0.366122 0.663257 0.35459 0.64499 0.364322 0.645135 0.35308 0.62506 0.30793 0.6434 0.30727 0.62703 0.3085 0.66146 0.30572 0.60282 0.35361 0.60474 0.36971 0.60583 0.37525 0.66347 0.37473 0.675 0.28125 0.60159 0.28192 0.62586 0.271901 0.602041 0.27264 0.626067 0.28194 0.6447 0.28294 0.6608 0.28361 0.67505 0.274081 0.645073 0.275025 0.660814 0.274969 0.674793 0.26174 0.62631 0.26092 0.60257 0.26485 0.64551 0.26573 0.66083 0.26482 0.67449 0.897314 0.077675 0.877107 0.066245 0.921161 0.085929 0.850009 0.061081 0.858162 0.052587 0.838282 0.069004 0.834323 0.042595 0.844451 0.035646 0.184041 0.515626 0.17438 0.506258 0.184334 0.50684 0.172788 0.496843 0.182539 0.498317 0.17106 0.487403 0.180263 0.489495 0.187742 0.488904 0.193693 0.487823 0.187383 0.533832 0.193761 0.534294 0.198243 0.535575 0.197048 0.539886 0.20464 0.542773 0.2012 0.549849 0.193323 0.545289 0.209278 0.555911 0.213651 0.547481 0.216605 0.563212 0.223428 0.553963 0.223917 0.57079 0.232021 0.5619 0.242102 0.554029 0.253741 0.544674 0.271425 0.535755 0.186699 0.551334 0.195242 0.557069 0.178818 0.558273 0.20317 0.563924 0.209591 0.571791 0.215874 0.579336 0.467785 0.249492 0.456391 0.274671 0.417571 0.273452 0.352504 0.309465 0.384019 0.288618 0.376872 0.279601 0.346963 0.302153 0.312544 0.334586 0.323206 0.338568 0.304061 0.373319 0.28903 0.3764 0.304459 0.409547 0.279769 0.42044 0.333814 0.351188 0.319055 0.371683 0.360773 0.325943 0.345819 0.372948 0.373264 0.349334 0.415412 0.359014 0.406614 0.335952 0.387421 0.369545 0.401452 0.386366 0.421462 0.390565 0.44567 0.391253 0.409031 0.425579 0.430777 0.419367 0.459306 0.415648 0.410884 0.463509 0.455905 0.445913 0.465451 0.487868 0.47302 0.542489 0.491365 0.502838 0.498494 0.546104 0.513077 0.516636 0.443868 0.533645 0.414386 0.496842 0.477374 0.464207 0.483677 0.412196 0.56108 0.518149 0.533537 0.524831 0.552943 0.532541 0.545836 0.456308 0.532862 0.439423 0.522681 0.4192 0.500854 0.406895 0.515572 0.40071 0.565247 0.469173 0.577645 0.45475 0.560758 0.442798 0.57533 0.4299 0.5892 0.44175 0.54835 0.42766 0.56261 0.41602 0.537103 0.410899 0.55011 0.40067 0.528373 0.392865 0.539173 0.383614 0.521177 0.369867 0.529685 0.364794 0.511136 0.374515 0.596898 0.467467 0.58778 0.481748 0.605993 0.456024 0.57868 0.40134 0.59237 0.41387 0.60589 0.428 0.54898 0.37073 0.56383 0.38678 0.62473 0.44718 0.53734 0.35768 0.523289 0.346225 0.516435 0.347928 0.508129 0.350217 0.499794 0.380048 0.44171 0.356969 0.437322 0.332146 0.42848 0.305329 0.395458 0.310088 0.460649 0.302875 0.506764 0.329839 0.513332 0.254793 0.516435 0.307385 0.515331 0.329404 0.520058 0.284366 0.527627 0.263264 0.538878 0.269931 0.55416 0.2773 0.52257 0.32998 0.52992 0.34444 0.52916 0.3305 0.060073 0.452683 0.077489 0.440533 0.088539 0.445814 0.101091 0.447794 0.115375 0.450662 0.131245 0.458482 0.055837 0.461316 0.051196 0.469159 0.046872 0.476445 0.3261 0.03353 0.25797 0.03762 0.34301 0.07008 0.39862 0.0254 0.47136 0.0245 0.54042 0.03092 0.60911 0.03543 0.67103 0.0459 0.66066 0.06117 0.60534 0.0579 0.54006 0.05654 0.47413 0.0582 0.40662 0.06091 0.6577 0.07642 0.60443 0.07634 0.54215 0.07968 0.47965 0.0846 0.41704 0.09293 0.19752 0.38571 0.1787 0.3821 0.21496 0.39005 0.19407 0.39874 0.20889 0.40244 0.22618 0.40904 0.17634 0.39327 0.15972 0.38155 0.14112 0.38596 0.14365 0.39961 0.16028 0.39298 0.13456 0.36079 0.08795 0.106685 0.087477 0.13263 0.089367 0.087271 0.094431 0.088432 0.108241 0.071707 0.109166 0.072736 0.031674 0.691879 0.009511 0.696603 0.009026 0.66479 0.010388 0.643467 0.326003 0.393353 0.361854 0.395754 0.380891 0.416999 0.296393 0.464345 0.397807 0.455473 0.369123 0.523066 0.388517 0.486726 0.391039 0.546275 0.328993 0.503047 0.065658 0.561978 0.073214 0.553295 0.0797 0.543728 0.080974 0.561158 0.091142 0.55229 0.100591 0.563792 0.088254 0.571049 0.114356 0.555262 0.129574 0.54413 0.072037 0.569702 0.078126 0.579114 0.068615 0.586109 0.275412 0.467714 0.258372 0.45383 0.242012 0.443945 0.091582 0.824734 0.123665 0.831996 0.158723 0.824215 0.191181 0.804259 0.217068 0.771977 0.233136 0.732956 0.242318 0.695815 0.144917 0.40275 0.2646 0.74852 0.26692 0.765 0.27066 0.79385 0.823605 0.754361 0.197602 0.070095 0.168508 0.06172 0.14292 0.06117 0.439889 0.238131 0.40424 0.2584 0.498474 0.546475 0.55258 0.55455 0.527518 0.550599 0.171592 0.066773 0.140335 0.066124 0.4315 0.22421 0.40265 0.25443 0.443676 0.246161 0.408341 0.260199 0.553449 0.55444 0.525251 0.549211 0.438305 0.232604 0.406687 0.259247</float_array>
          <technique_common>
            <accessor source="#GeometrySource2-array" count="4432" stride="2">
              <param name="S" type="float"/>
              <param name="T" type="float"/>
            </accessor>
          </technique_common>
        </source>
        <vertices id="Geometry-vertices">
          <input semantic="POSITION" source="#GeometrySource"/>
          <input semantic="NORMAL" source="#GeometrySource1"/>
          <input semantic="TEXCOORD" source="#GeometrySource2"/>
        </vertices>
        <triangles material="VisualMaterial0" count="7060">
          <input semantic="VERTEX" source="#Geometry-vertices" offset="0"/>
          <p>0 1 2 0 3 1 0 2 4 0 4 5 4 6 5 1 7 2 8 2 7 8 4 2 6 4 8 9 8 7 1 10 7 10 9 7 10 11 9 8 12 6 9 12 8 12 13 6 9 13 12 9 14 13 9 11 15 9 15 14 16 17 18 16 19 17 16 18 20 16 20 21 20 22 21 17 23 18 17 24 23 24 25 23 26 18 23 26 20 18 25 26 23 22 20 26 24 27 25 25 27 28 25 28 29 25 29 30 26 31 22 25 31 26 25 30 31 31 30 22 32 33 34 32 35 33 32 34 36 32 36 37 36 38 37 39 36 34 38 36 39 39 34 40 33 40 34 41 39 40 42 41 40 33 42 40 42 43 41 41 44 39 39 44 38 41 43 45 41 45 46 44 47 38 41 46 47 41 47 44 48 49 50 48 51 49 48 50 52 48 52 53 52 54 53 54 52 55 55 52 50 49 56 50 55 50 56 57 55 56 49 58 56 58 57 56 58 59 57 57 59 60 57 60 61 57 61 62 55 63 54 63 62 54 57 63 55 57 62 63 64 65 66 64 67 65 64 66 68 64 68 69 68 70 69 65 71 66 65 72 71 72 73 71 72 74 73 73 74 75 73 75 76 73 76 77 78 77 70 73 77 78 79 66 71 79 68 66 79 78 70 70 68 79 73 78 79 73 79 71 80 81 82 80 83 81 80 82 84 80 84 85 84 86 85 81 87 82 81 88 87 88 89 87 88 90 89 86 84 91 91 82 87 91 84 82 91 92 86 93 94 95 93 96 94 93 95 97 93 97 98 97 99 98 94 100 95 94 101 100 101 102 100 101 103 102 102 103 104 102 104 105 102 105 106 107 106 99 102 106 107 108 95 100 108 97 95 108 107 99 99 97 108 102 107 108 102 108 100 109 110 111 109 112 110 109 111 113 109 113 114 113 115 114 116 113 111 115 113 116 110 117 111 116 111 117 118 116 117 119 118 117 110 119 117 119 120 118 116 121 115 118 121 116 118 122 121 121 122 115 118 123 122 118 120 124 118 124 123 125 126 127 125 128 126 125 127 129 125 129 130 129 131 130 131 129 132 132 129 127 132 127 133 126 133 127 134 132 133 135 134 133 126 135 133 132 136 131 134 136 132 136 137 131 134 137 136 134 138 137 134 139 138 135 140 134 134 140 139 141 142 143 141 144 142 141 143 145 141 145 146 145 147 146 147 145 148 148 145 143 148 143 149 142 149 143 150 148 149 142 151 149 151 150 149 151 152 150 150 152 153 150 153 154 150 154 155 150 155 156 150 156 148 148 156 147 156 155 147 157 158 159 157 160 158 157 159 161 157 161 162 161 163 162 158 164 159 165 159 164 163 161 165 165 161 159 166 165 164 158 167 164 167 166 164 167 168 166 166 168 169 166 169 170 166 170 171 172 171 163 166 172 165 165 172 163 166 171 172 173 174 175 173 176 174 173 175 177 173 177 178 177 179 178 174 180 175 174 181 180 181 182 180 181 183 182 182 183 184 182 184 185 182 185 186 187 186 179 182 186 187 188 175 180 179 177 188 182 188 180 188 177 175 188 187 179 182 187 188 189 190 191 189 192 190 189 193 192 189 194 193 193 194 195 190 192 196 195 197 193 197 192 193 197 196 192 198 196 197 199 196 198 190 196 199 199 198 200 197 195 201 198 197 201 198 201 202 201 195 202 198 202 203 198 203 204 198 204 200 205 206 207 205 208 206 205 209 208 205 210 209 209 210 211 206 208 212 206 212 213 213 212 214 211 215 209 214 212 215 215 212 208 215 208 209 213 214 216 214 217 216 214 218 217 214 219 218 214 215 220 220 211 219 214 220 219 215 211 220 221 222 223 221 224 222 221 225 224 221 226 225 225 226 227 227 228 225 228 224 225 228 229 224 222 224 229 230 229 228 231 229 230 222 229 231 231 230 232 230 228 233 228 227 233 230 234 232 230 235 234 230 236 235 230 233 236 233 227 236 237 238 239 237 240 238 237 241 240 237 242 241 241 242 243 243 244 241 244 240 241 238 240 245 244 245 240 246 245 244 238 245 247 247 245 246 247 246 248 246 249 248 246 250 249 246 251 250 252 243 251 244 243 252 246 244 252 246 252 251 253 254 255 253 256 254 253 257 256 253 258 257 257 258 259 254 256 260 254 260 261 261 260 262 261 262 263 262 264 263 262 265 264 262 266 265 267 259 266 262 267 266 268 260 256 268 256 257 268 259 267 259 268 257 262 260 268 262 268 267 269 270 271 269 272 270 269 273 272 269 274 273 273 274 275 275 276 273 276 272 273 276 277 272 270 272 277 278 277 279 270 277 278 278 279 280 276 275 281 282 283 284 282 285 283 282 286 285 282 287 286 286 287 288 283 285 289 283 289 290 290 289 291 290 291 292 291 293 292 291 294 293 291 295 294 291 296 295 296 288 295 297 285 286 297 288 296 291 297 296 291 289 297 297 289 285 288 297 286 298 299 300 298 301 299 298 302 301 298 303 302 302 303 304 304 305 302 305 301 302 299 301 306 305 306 301 307 306 305 308 306 307 299 306 308 308 307 309 307 305 310 305 304 310 310 304 311 307 310 311 307 311 312 307 313 309 307 312 313 314 315 316 314 317 315 314 318 317 314 319 318 318 319 320 320 321 318 321 317 318 315 317 322 321 322 317 323 322 321 324 322 323 315 322 324 323 321 325 321 320 325 325 320 326 323 325 326 323 326 327 323 327 328 323 328 329 324 323 329 330 331 332 330 333 331 330 334 333 330 335 334 334 335 336 337 333 334 336 337 334 337 338 333 331 333 338 339 338 337 340 338 339 331 338 340 340 339 341 339 342 341 339 343 342 339 344 343 339 337 345 337 336 345 345 336 344 339 345 344 346 347 348 346 349 347 346 350 349 346 351 350 350 351 352 347 349 353 354 349 350 352 354 350 354 353 349 355 353 354 356 353 355 347 353 356 356 355 357 355 358 357 355 359 358 355 360 359 355 361 360 354 352 361 355 354 361 361 352 360 362 363 364 362 365 363 362 366 365 362 367 366 366 367 368 363 365 369 363 369 370 370 369 371 370 371 372 371 373 372 371 374 373 371 375 374 376 368 375 371 376 375 377 365 366 371 369 377 371 377 376 377 369 365 377 368 376 368 377 366 378 379 380 381 382 383 383 382 384 385 384 382 386 387 385 385 387 388 385 388 389 385 389 390 389 391 390 392 393 394 395 396 397 395 397 398 398 397 399 398 399 400 400 399 401 400 401 402 402 401 403 402 403 404 401 405 403 399 406 401 401 406 405 407 405 406 407 406 408 406 409 408 406 410 409 399 410 406 396 411 397 411 399 397 411 410 399 409 410 411 409 411 412 411 413 412 396 414 411 411 414 413 414 415 413 414 416 415 405 417 418 419 418 417 419 420 421 419 422 420 419 417 422 423 424 425 423 426 424 423 427 426 423 428 427 429 428 423 423 425 430 423 430 429 429 430 431 432 429 431 431 433 432 434 435 436 437 438 439 437 440 438 440 441 438 442 438 441 442 443 438 438 443 444 444 443 445 445 443 446 447 446 443 447 443 448 447 448 449 450 451 452 453 454 455 453 456 454 456 457 454 456 458 457 458 459 457 458 460 459 460 461 459 460 462 461 459 461 463 459 463 464 457 459 464 465 464 463 465 466 464 464 466 467 457 464 468 464 467 468 455 454 469 467 469 468 469 457 468 469 454 457 467 470 469 469 470 471 455 469 472 469 471 472 472 471 473 472 473 474 475 476 474 475 474 477 478 465 463 478 463 479 463 480 479 481 479 480 482 483 484 482 484 481 481 484 485 481 486 479 481 485 486 487 488 489 487 489 490 487 490 491 492 487 491 487 492 493 487 493 488 492 494 493 495 494 492 494 495 496 497 479 486 497 478 479 498 499 500 501 502 503 504 501 505 501 506 505 501 507 506 501 508 507 507 508 509 510 511 512 513 514 515 513 516 514 516 517 514 516 518 517 518 519 517 518 520 519 520 521 519 520 522 521 519 521 523 517 519 524 519 523 524 525 524 523 525 526 524 524 526 527 524 527 528 517 524 528 529 517 528 527 529 528 515 514 529 529 514 517 527 530 529 529 530 531 515 529 532 529 531 532 532 531 533 532 533 534 523 535 536 537 536 535 537 538 539 537 539 540 537 540 536 541 542 543 541 544 542 541 545 544 541 543 546 547 541 546 541 548 545 541 547 548 547 549 548 550 549 547 549 550 551 552 553 554 555 556 557 555 557 558 558 557 559 557 560 559 557 561 560 562 561 557 562 563 561 561 563 564 565 561 564 565 566 561 565 567 566 568 569 570 571 572 573 571 573 574 574 573 575 574 575 576 576 575 577 576 577 578 578 577 579 578 579 580 577 581 579 575 582 577 577 582 581 583 581 582 583 582 584 582 585 584 582 586 585 575 586 582 587 586 575 587 575 573 572 587 573 585 586 587 585 587 588 587 589 588 587 590 589 572 590 587 590 591 589 590 592 591 593 592 594 593 595 592 596 581 583 596 597 581 581 597 598 599 598 597 600 601 602 600 599 601 599 603 601 599 597 604 599 604 603 605 606 607 605 608 606 605 609 608 610 609 605 605 607 611 605 611 610 610 611 612 613 610 612 612 614 613 615 604 597 615 597 596 616 617 618 616 619 617 620 616 618 620 618 621 622 617 619 622 619 623 624 622 623 624 623 625 623 626 625 623 627 626 628 626 627 628 629 626 625 626 629 628 630 629 628 627 631 630 628 632 628 633 632 628 634 633 630 632 635 628 636 634 628 631 636 637 633 634 637 638 633 639 638 637 639 640 638 641 640 639 641 642 640 641 639 643 641 643 644 645 644 643 646 639 637 646 643 639 645 643 646 646 634 636 646 637 634 645 646 647 645 647 648 645 648 649 650 645 649 648 651 649 650 649 651 650 651 652 645 653 644 650 653 645 654 648 647 646 636 654 654 636 631 646 654 647 654 631 655 655 631 627 654 655 656 654 656 657 654 657 648 655 658 656 623 619 659 655 627 659 623 659 627 655 659 658 660 658 659 660 659 619 660 619 616 660 616 620 658 660 661 660 662 661 660 620 663 660 663 662 658 661 664 656 658 664 656 664 665 657 656 665 657 665 666 648 657 666 648 667 651 648 666 667 668 662 663 668 663 669 669 663 620 670 668 669 670 669 671 672 670 671 672 673 670 672 674 673 672 675 674 675 676 674 675 677 676 677 678 676 677 679 678 680 679 677 680 681 679 680 682 681 683 682 680 683 684 682 683 685 684 686 685 683 686 683 687 686 687 688 686 688 689 690 688 687 683 690 687 683 680 691 683 691 690 692 690 691 680 692 691 680 693 692 680 677 693 677 694 693 677 675 694 672 694 675 695 682 684 695 681 682 681 695 696 681 696 697 679 697 678 679 681 697 672 698 694 699 671 669 672 699 698 672 671 699 700 693 694 700 692 693 698 700 694 698 701 700 698 699 702 698 702 701 701 703 700 701 704 703 701 705 704 701 702 705 705 702 706 705 706 707 708 703 704 705 708 704 705 709 708 709 705 707 709 707 710 711 709 710 711 710 712 711 712 713 711 713 714 715 708 709 715 709 711 715 711 714 715 716 708 708 716 703 716 717 703 700 717 692 700 703 717 692 717 690 716 718 717 690 719 688 719 717 718 719 690 717 716 720 718 721 720 716 715 721 716 722 720 721 722 721 715 722 723 720 722 715 724 715 714 724 725 726 727 725 727 728 728 729 725 725 729 730 731 730 729 731 732 730 725 730 732 731 733 732 731 729 734 729 735 734 729 728 735 736 726 725 737 736 725 738 737 725 739 738 725 740 732 733 732 740 725 740 741 725 740 733 742 741 740 742 741 742 743 741 743 744 741 745 725 741 744 745 745 746 725 746 739 725 747 736 737 748 726 736 748 736 747 749 727 726 749 726 748 749 735 728 749 728 727 750 739 746 751 738 739 751 739 750 752 737 738 752 738 751 747 737 752 753 745 744 753 746 745 750 746 753 754 755 756 754 757 755 754 758 757 754 759 758 754 760 759 754 761 760 754 762 761 755 757 763 755 763 764 755 765 756 755 764 765 766 754 756 765 766 756 765 767 766 768 758 759 768 757 758 768 763 757 768 759 769 759 760 770 759 770 769 762 771 761 771 760 761 771 770 760 762 772 771 762 773 772 754 774 762 762 774 773 754 775 774 776 766 767 766 776 754 754 776 775 777 774 775 777 775 776 777 773 774 777 776 778 776 767 778 779 780 781 779 782 780 783 780 782 624 625 783 625 629 783 624 783 784 783 782 784 783 785 780 785 781 780 783 629 785 785 629 630 785 786 781 785 787 786 788 630 635 785 630 788 785 788 787 787 788 789 788 635 789 787 789 790 669 620 791 699 669 791 620 621 792 792 699 791 620 792 791 793 706 702 792 793 699 793 702 699 794 795 796 794 797 795 798 795 797 798 797 799 798 799 800 798 800 801 800 802 801 800 803 802 804 803 800 804 800 799 799 805 804 799 797 805 797 806 805 797 794 806 807 796 795 807 795 808 809 795 798 809 808 795 809 798 801 809 801 810 810 801 802 808 811 807 808 809 812 808 812 813 814 809 810 810 802 814 814 812 809 815 813 812 813 815 816 813 816 817 808 817 811 808 813 817 815 812 818 819 803 804 812 819 818 812 814 819 819 814 802 802 803 819 819 804 820 805 820 804 805 821 820 816 815 822 823 805 806 821 805 823 821 823 824 825 826 827 825 828 826 829 826 828 829 828 830 829 830 831 829 831 832 831 833 832 831 834 833 835 834 831 835 831 830 830 836 835 830 828 836 828 837 836 828 838 837 828 825 838 839 827 826 839 826 840 841 826 829 841 840 826 841 829 832 842 832 833 841 832 842 840 843 839 840 841 844 840 844 845 842 833 846 846 841 842 846 844 841 847 845 844 845 847 848 840 845 849 845 848 849 840 849 843 847 844 850 833 834 851 844 851 850 851 846 833 851 834 835 844 846 851 852 836 837 836 853 835 836 852 853 851 835 853 852 837 854 855 856 857 855 858 856 859 856 858 859 858 860 859 860 861 859 861 862 861 863 862 861 864 863 865 861 860 865 864 861 860 866 865 860 858 866 858 867 866 858 855 868 858 868 867 869 857 856 869 856 870 871 856 859 871 870 856 871 859 862 871 862 872 872 862 863 870 873 869 870 871 874 870 874 875 872 863 876 876 871 872 876 874 871 877 875 874 875 877 878 875 878 879 870 879 873 870 875 879 877 874 880 866 880 865 866 881 880 881 866 867 881 867 882 874 883 880 874 876 883 883 865 880 883 864 865 883 876 863 863 864 883 884 885 886 884 887 885 887 884 888 887 888 889 884 890 888 884 886 890 888 890 891 891 890 886 891 886 892 893 892 886 893 886 885 893 894 892 895 894 893 896 892 894 896 891 892 897 896 894 896 897 898 899 898 897 898 899 900 898 900 901 896 902 891 898 901 902 896 898 902 902 901 903 902 903 904 905 900 899 905 899 906 905 906 907 905 907 908 906 899 909 899 897 909 906 909 910 897 911 909 911 910 909 911 912 910 906 910 913 912 913 910 906 913 907 912 914 913 914 915 913 914 916 915 917 918 919 917 920 918 920 917 921 920 922 918 920 923 922 920 921 924 918 922 925 926 925 922 926 922 927 923 927 922 918 925 928 926 927 929 926 929 930 931 930 929 932 930 931 932 931 933 934 932 933 933 931 935 936 926 930 932 936 930 931 929 937 938 935 931 938 931 937 933 935 939 938 939 935 938 940 939 928 925 941 941 925 926 928 941 942 928 942 943 941 926 944 944 926 945 936 945 926 944 945 946 946 945 947 947 945 936 946 947 948 947 949 948 947 950 949 947 951 950 947 952 951 947 936 952 952 936 932 952 953 951 952 932 954 952 954 953 954 932 934 954 955 953 954 956 955 954 934 956 956 957 955 958 955 957 958 959 955 953 955 959 958 960 959 958 961 960 958 962 961 958 963 962 958 957 964 958 964 965 958 966 963 958 965 966 956 967 957 968 934 933 956 968 967 956 934 968 968 933 969 970 964 957 970 957 967 968 970 967 965 964 971 965 971 966 971 964 970 971 970 972 968 972 970 968 969 973 971 972 973 968 973 972 973 969 974 973 975 971 973 974 975 975 976 971 976 975 974 971 977 966 971 978 977 971 979 978 971 980 979 981 979 980 981 982 979 978 979 982 981 983 982 981 984 983 985 984 981 985 986 984 986 985 987 987 985 988 985 989 988 990 981 980 971 990 980 976 990 971 990 991 981 976 974 992 990 992 991 990 976 992 981 993 985 992 993 991 981 991 993 992 994 993 985 995 989 994 995 993 985 993 995 996 982 983 978 982 996 978 997 977 978 996 997 997 966 977 997 963 966 997 962 963 997 998 962 996 998 997 996 999 998 996 983 999 1000 998 999 1000 962 998 1000 1001 962 1000 999 1002 1003 1000 1002 1003 1004 1000 1003 1005 1004 1003 1006 1005 1003 1007 1006 1003 1008 1007 1003 1009 1008 1003 1010 1009 1003 1011 1010 1003 1002 1011 999 1011 1002 999 983 1011 1011 983 984 1012 962 1001 1012 961 962 1012 1001 1013 1012 1013 1014 1015 1012 1014 1015 960 961 1015 961 1012 1016 960 1015 953 959 1017 1017 959 960 1017 960 1016 1017 1016 1018 953 1019 951 953 1017 1019 1017 1018 1019 951 1019 1020 951 1020 950 1020 949 950 1018 1020 1019 1018 1021 1020 1018 1022 1021 1018 1023 1022 1018 1024 1023 1016 1025 1018 1018 1025 1024 1016 1015 1026 1016 1026 1025 1025 1026 1027 1025 1027 1028 1015 1014 1029 1026 1015 1029 1026 1029 1027 1030 1024 1025 1030 1025 1028 1028 1031 1030 1028 1032 1031 1027 1032 1028 1033 1024 1030 1033 1030 1034 1035 1033 1034 1036 1033 1035 1036 1035 1037 1036 1037 1038 1036 1038 1039 1024 1033 1040 1036 1040 1033 1024 1040 1023 1036 1041 1040 1042 1037 1035 1043 1037 1042 1043 1038 1037 1044 1043 1042 1044 1042 1045 1046 1044 1045 1042 1047 1045 1046 1045 1047 1046 1047 1048 1049 1046 1048 1049 1005 1006 1049 1050 1046 1049 1006 1050 1051 1006 1007 1046 1050 1051 1051 1050 1006 1046 1052 1044 1046 1051 1052 1042 1035 1053 1042 1053 1047 1035 1034 1054 1053 1035 1054 1055 1005 1049 1055 1049 1048 1055 1056 1005 1004 1005 1056 1004 1056 1057 1000 1004 1057 1058 1057 1056 1058 1056 1059 1058 1060 1057 1001 1000 1060 1000 1057 1060 1001 1060 1013 1058 1061 1060 1062 1013 1060 1062 1060 1061 1063 1014 1013 1063 1013 1062 1064 1029 1014 1064 1014 1063 1027 1029 1064 1027 1065 1032 1027 1064 1065 1066 1056 1055 1066 1059 1056 1067 1066 1055 1067 1055 1068 1055 1048 1068 1048 1069 1068 1069 1067 1068 1048 1047 1069 1047 1070 1069 1053 1054 1070 1047 1053 1070 1054 1071 1070 1054 1072 1071 1073 1030 1031 1073 1054 1034 1073 1034 1030 1073 1072 1054 1070 1071 1074 1070 1074 1069 1069 1074 1067 1075 1076 1077 1075 1078 1076 1079 1077 1076 1079 1076 1080 1081 1080 1076 1081 1082 1080 1083 1082 1081 1083 1084 1082 1085 1086 1087 1085 1088 1086 1089 1088 1085 1090 1081 1076 1090 1076 1078 1091 1090 1078 1092 1078 1075 1091 1078 1092 1091 1092 1093 1091 1093 1094 1092 1095 1093 1092 1075 1096 1096 1075 1077 1092 1096 1095 1096 1097 1095 1096 1098 1097 1096 1077 1098 1098 1077 1079 1098 1079 1099 1098 1099 1097 1100 1090 1091 1101 1087 1083 1101 1081 1090 1101 1083 1081 1100 1101 1090 1101 1100 1102 1103 1100 1091 1103 1091 1094 1101 1102 1104 1101 1104 1087 1105 1106 1107 1107 1106 1108 1107 1108 1103 1105 1107 1109 1110 1109 1107 1111 1103 1094 1110 1107 1111 1111 1107 1103 1112 1110 1111 1113 1094 1093 1112 1111 1113 1113 1111 1094 1114 1112 1113 1114 1113 1115 1097 1115 1095 1115 1113 1093 1115 1093 1095 1115 1116 1114 1115 1117 1116 1097 1117 1115 1117 1118 1116 1097 1119 1117 1097 1099 1119 1117 1119 1118 1120 1121 1122 1123 1085 1124 1120 1123 1121 1123 1089 1085 1120 1125 1123 1123 1125 1126 1123 1126 1089 1127 1126 1125 1127 1128 1126 1127 1129 1128 1127 1130 1129 1131 1129 1130 1131 1132 1129 1131 1133 1132 1131 1134 1133 1133 1134 1135 1136 1135 1134 1136 1137 1135 1136 1138 1137 1138 1139 1137 1138 1140 1139 1141 1139 1140 1136 1134 1142 1143 1135 1137 1143 1137 1139 1133 1135 1143 1144 1142 1134 1130 1144 1131 1144 1134 1131 1130 1145 1144 1146 1125 1120 1146 1127 1125 1130 1146 1145 1130 1127 1146 1140 1147 1141 1140 1148 1147 1140 1138 1149 1140 1149 1148 1150 1138 1136 1150 1149 1138 1151 1150 1136 1151 1136 1142 1152 1151 1142 1152 1142 1144 1145 1152 1144 1145 1153 1152 1145 1154 1153 1145 1146 1154 1120 1122 1155 1146 1155 1154 1146 1120 1155 1156 1157 1158 1156 1159 1157 1156 1158 1160 1156 1160 1161 1156 1162 1159 1156 1161 1162 1163 1162 1161 1163 1161 1160 1163 1160 1164 1163 1165 1162 1166 1164 1160 1167 1160 1158 1166 1160 1167 1168 1166 1167 1168 1167 1169 1170 1168 1169 1170 1169 1171 1167 1158 1172 1167 1172 1173 1173 1171 1169 1167 1173 1169 1174 1172 1158 1173 1172 1174 1174 1158 1157 1173 1174 1175 1173 1176 1171 1173 1175 1177 1173 1177 1176 1177 1175 1178 1177 1178 1179 1177 1180 1176 1180 1171 1176 1177 1181 1180 1181 1177 1179 1181 1179 1182 1183 1181 1182 1183 1182 1184 1184 1182 1185 1184 1185 1186 1187 1184 1186 1183 1184 1187 1183 1187 1188 1187 1186 1189 1190 1183 1188 1190 1191 1183 1191 1181 1183 1191 1180 1181 1190 1192 1191 1190 1193 1192 1194 1192 1193 1194 1195 1192 1180 1196 1171 1191 1192 1196 1196 1170 1171 1196 1192 1195 1191 1196 1180 1196 1197 1170 1196 1195 1197 1186 1185 1198 1186 1198 1199 1200 1189 1186 1200 1186 1199 1199 1198 1201 1200 1199 1202 1199 1201 1202 1200 1202 1203 1204 1201 1198 1185 1204 1198 1205 1185 1182 1185 1205 1204 1205 1182 1179 1206 1204 1205 1204 1206 1207 1204 1208 1201 1204 1207 1208 1209 1179 1178 1209 1205 1179 1206 1205 1209 1210 1206 1209 1210 1209 1211 1212 1213 1214 1213 1215 1214 1216 1214 1215 1216 1217 1214 1218 1214 1217 1218 1219 1214 1218 1220 1219 1218 1221 1220 1218 1222 1221 1218 1223 1222 1218 1224 1223 1218 1225 1224 1218 1226 1225 1218 1217 1226 1216 1227 1217 1217 1228 1226 1217 1229 1228 1230 1222 1223 1231 1222 1230 1232 1222 1231 1231 1230 1233 1230 1234 1233 1230 1223 1234 1235 1233 1234 1236 1228 1229 1237 1238 1236 1236 1229 1237 1237 1239 1238 1233 1240 1231 1241 1231 1240 1241 1240 1242 1243 1242 1240 1244 1241 1242 1245 1231 1241 1245 1232 1231 1244 1245 1241 1246 1232 1245 1246 1221 1222 1246 1222 1232 1246 1245 1247 1248 1246 1247 1248 1221 1246 1248 1220 1221 1248 1247 1249 1248 1249 1250 1248 1250 1251 1252 1220 1253 1252 1219 1220 1252 1214 1219 1252 1212 1214 1252 1253 1254 1252 1254 1255 1256 1249 1247 1256 1250 1249 1245 1257 1247 1256 1247 1257 1245 1244 1257 1244 1242 1258 1258 1242 1243 1244 1258 1257 1259 1258 1243 1259 1243 1260 1243 1240 1260 1259 1261 1258 1257 1258 1261 1262 1257 1261 1257 1263 1256 1257 1262 1263 1264 1256 1263 1256 1264 1250 1264 1265 1250 1264 1266 1265 1264 1263 1267 1268 1260 1240 1259 1260 1268 1259 1268 1269 1268 1235 1269 1268 1240 1270 1233 1270 1240 1270 1233 1235 1268 1270 1235 1271 1235 1234 1272 1234 1223 1271 1234 1272 1272 1223 1224 1271 1272 1273 1271 1273 1274 1275 1274 1273 1275 1276 1274 1277 1274 1276 1226 1228 1277 1278 1275 1273 1275 1279 1276 1275 1278 1279 1277 1276 1280 1279 1280 1276 1279 1281 1280 1277 1280 1281 1282 1279 1278 1282 1281 1279 1283 1224 1225 1282 1278 1283 1283 1272 1224 1278 1273 1283 1283 1273 1272 1282 1283 1284 1281 1282 1284 1283 1225 1284 1225 1226 1285 1225 1285 1284 1277 1281 1285 1281 1284 1285 1226 1277 1285 1286 1287 1288 1286 1289 1287 1286 1290 1289 1286 1291 1290 1286 1288 1292 1286 1292 1291 1293 1289 1290 1293 1294 1289 1293 1290 1295 1293 1295 1296 1293 1296 1297 1293 1297 1294 1298 1297 1296 1298 1296 1299 1295 1299 1296 1298 1300 1297 1298 1301 1300 1301 1302 1300 1301 1303 1302 1304 1289 1294 1304 1300 1302 1304 1297 1300 1304 1294 1297 1304 1287 1289 1305 1288 1287 1305 1287 1304 1305 1306 1288 1307 1306 1305 1307 1308 1306 1308 1288 1306 1308 1292 1288 1307 1309 1308 1307 1305 1310 1305 1311 1310 1304 1302 1312 1305 1304 1312 1305 1312 1311 1302 1313 1312 1312 1313 1311 1302 1314 1313 1308 1309 1315 1308 1315 1316 1308 1317 1292 1308 1316 1317 1318 1317 1316 1315 1318 1316 1315 1319 1318 1318 1320 1317 1321 1317 1320 1321 1322 1317 1322 1292 1317 1321 1295 1322 1322 1291 1292 1322 1290 1291 1322 1295 1290 1321 1323 1295 1295 1323 1299 1315 1324 1319 1302 1303 1325 1302 1325 1314 1326 1157 1159 1327 1326 1159 1327 1159 1162 1165 1327 1162 1326 1328 1157 1328 1326 1329 1328 1174 1157 1209 1178 1330 1330 1178 1175 1330 1175 1174 1328 1330 1174 1209 1330 1211 1330 1331 1211 1328 1329 1331 1210 1211 1331 1330 1328 1331 1210 1331 1332 1333 1331 1329 1333 1332 1331 1332 1334 1335 1332 1333 1334 1333 1336 1334 1165 1337 1327 1338 1339 1340 1341 1342 1343 1344 1345 1346 1344 1341 1347 1344 1346 1348 1344 1348 1341 1341 1348 1349 1341 1349 1350 1341 1350 1342 1338 1342 1351 1338 1352 1339 1338 1351 1352 1349 1353 1354 1342 1350 1354 1349 1354 1350 1342 1354 1351 1355 1356 1357 1355 1358 1356 1359 1360 1361 1362 1360 1359 1363 1362 1359 1363 1359 1364 1365 1363 1364 1365 1364 1366 1367 1368 1369 1367 1370 1368 1371 1372 1373 1371 1373 1374 1359 1361 1375 1376 1377 1378 1376 1379 1377 1380 1381 1382 1383 1384 1385 1383 1386 1384 1383 1387 1386 1383 1385 1388 1389 1386 1387 1389 1390 1386 1391 1392 1393 1394 1395 1391 1391 1395 1392 1396 1397 1398 1396 1399 1397 1400 1396 1398 1400 1398 1401 1400 1402 1396 1403 1402 1400 1403 1400 1404 1405 1403 1404 1405 1404 1406 1407 1405 1406 1407 1406 1408 1409 1408 1406 1409 1406 1404 1409 1410 1408 1411 1412 1413 1411 1410 1409 1411 1409 1414 1411 1414 1415 1411 1415 1416 1411 1417 1412 1418 1383 1419 1419 1412 1417 1383 1388 1420 1383 1420 1419 1419 1417 1421 1418 1419 1421 1414 1409 1422 1414 1422 1423 1409 1404 1422 1404 1400 1424 1423 1422 1424 1423 1424 1425 1404 1424 1422 1400 1401 1424 1426 1427 1428 1429 1430 1427 1429 1431 1430 1429 1432 1431 1433 1427 1426 1429 1427 1433 1434 1431 1432 1435 1436 1431 1435 1431 1434 1437 1438 1439 1440 1041 1438 1437 1440 1438 1023 1040 1440 1440 1040 1041 1437 1022 1440 1023 1440 1022 1437 1439 1441 1437 1441 1442 1437 1442 1022 1438 1041 1443 1438 1443 1444 1443 1445 1444 1443 1446 1445 1446 1443 1447 1446 1447 1448 1443 1449 1447 1036 1039 1449 1443 1041 1449 1036 1449 1041 1446 1448 1450 1446 1450 1451 1450 1452 1451 1450 1453 1452 1454 1445 1446 1454 1446 1451 1452 1454 1451 1452 1455 1454 1445 1454 1456 1456 1454 1455 1445 1456 1457 1445 1458 1444 1458 1441 1439 1445 1457 1458 1458 1438 1444 1458 1439 1438 1458 1457 1459 1458 1459 1460 1458 1460 1441 1461 1460 1459 1461 1441 1460 1461 1459 1462 1461 1462 1463 1461 1463 1464 1465 1461 1464 1465 1464 1466 1465 1466 1467 1465 1467 949 1465 949 1468 1020 1468 949 1469 1465 1468 1441 1469 1442 1469 1468 1020 1469 1021 1022 1469 1020 1021 1469 1022 1442 1465 1470 1461 1461 1470 1441 1441 1470 1469 1469 1470 1465 1471 1467 1466 1471 1466 1472 1473 1464 1463 1473 1466 1464 1472 1466 1473 1472 1473 1474 1475 1474 1473 1475 1473 1476 1477 1475 1476 1473 1463 1478 1478 1463 1462 1477 1476 1478 1473 1478 1476 1477 1478 1479 1480 1477 1479 1480 1479 1481 1478 1481 1479 1480 1481 1482 1482 903 1480 1483 904 903 1482 1483 903 1484 1452 1453 1484 1483 1482 1483 1484 1485 1483 1486 904 1483 1485 1486 1481 1487 1482 1487 1452 1484 1484 1482 1487 1487 1455 1452 1481 1488 1487 1488 1455 1487 1488 1489 1455 1456 1455 1489 1490 1457 1456 1490 1456 1489 1481 1490 1488 1490 1489 1488 1490 1459 1457 1459 1491 1462 1478 1462 1491 1478 1491 1481 1481 1491 1490 1459 1490 1491 904 1486 1492 889 1493 1492 889 888 1493 888 891 1493 904 1492 1493 902 904 1493 902 1493 891 1494 889 1492 887 889 1494 1486 1495 1492 1486 1485 1495 1494 1492 1495 1485 1496 1495 1496 1494 1495 1485 1497 1496 1496 1498 1494 1498 1499 1494 887 1494 1499 1498 1500 1499 1501 885 887 1501 887 1499 1500 1501 1499 1500 1502 1501 1503 893 885 1503 1501 1502 1503 885 1501 1503 1502 1504 1505 895 893 1505 1503 1504 1505 893 1503 1505 1504 1506 1507 895 1505 1507 1508 895 894 895 1508 894 1508 1509 897 894 1510 897 1510 911 1510 894 1509 911 1510 1511 1510 1509 1511 1512 1505 1506 1512 1507 1505 1513 912 911 911 1511 1513 1513 1514 912 1514 914 912 1515 916 914 1514 1515 914 1516 1517 916 1515 1516 916 1516 1518 1517 1519 1520 1521 1519 1521 1522 1523 1520 1519 1523 1519 1524 1523 1524 1525 1525 1524 1526 1525 1526 1527 1528 1529 1520 1523 1528 1520 1528 1530 1529 1529 1530 1531 1529 1531 1532 1533 1534 1535 1533 1536 1534 1537 1536 1533 1537 1533 1538 1539 1536 1537 1539 1534 1536 1539 1540 1534 1541 1542 1543 1541 1544 1542 1541 1545 1544 1546 1545 1541 1546 1547 1545 1548 1546 1549 1548 1549 1550 1548 1547 1546 1548 1551 1547 1552 1551 1548 1552 1553 1551 1554 1555 1556 1554 1557 1555 1558 1557 1554 1559 1560 1561 1559 1561 1562 1563 1564 1565 1563 1566 1564 1563 1555 1566 1563 1565 1567 1568 1569 1570 1568 1570 1571 1572 1573 1574 1572 1574 1575 1572 1575 1576 1572 1576 1577 1572 1578 1579 988 1578 987 987 1578 1580 1572 1580 1578 1578 1581 1579 1578 1582 1581 1582 1578 1583 988 1583 1578 1582 1583 1584 1585 1580 1572 1585 1572 1577 1586 1580 1585 987 1580 1587 1586 1587 1580 1585 1588 1586 1585 1589 1588 1590 1587 1586 1590 987 1587 1590 986 987 1590 1586 1591 1591 1586 1588 1011 984 1592 1592 1590 1591 1592 986 1590 1592 984 986 1011 1592 1593 1592 1591 1593 1011 1593 1010 1594 1583 988 1594 1595 1583 1596 1594 988 1596 988 989 1597 1594 1596 1595 1594 1598 1597 1598 1594 1599 989 995 1597 1596 1599 1599 1596 989 1600 1595 1598 1597 1600 1598 1601 1583 1595 1600 1601 1595 1601 1584 1583 1602 1582 1584 1601 1602 1584 1600 1603 1601 1601 1603 1602 1603 1604 1602 1603 1605 1604 1606 1604 1605 994 1606 995 1606 1599 995 1606 1607 1599 1597 1599 1607 1606 1605 1607 1608 1603 1600 1608 1605 1603 1597 1608 1600 1608 1607 1605 1608 1597 1607 1602 1609 1582 1609 1581 1582 1609 1610 1581 1611 1581 1610 1611 1612 1579 1611 1579 1581 1611 1610 1613 1614 1613 1610 1615 1610 1609 1614 1610 1615 1602 1616 1609 1602 1604 1616 1615 1609 1616 1604 1606 1617 1604 1617 1616 1617 1615 1616 1617 1618 1615 1618 1614 1615 1619 1618 1617 939 1620 1619 939 940 1620 1620 1618 1619 1620 1621 1618 1618 1621 1614 1619 1617 1622 939 1619 1622 1622 994 992 1606 1622 1617 1606 994 1622 1622 992 974 969 933 1623 969 1623 974 933 939 1623 939 1622 1623 1622 974 1623 1624 1625 1626 1624 1627 1625 1624 1626 1628 1624 1628 1629 1630 1624 1629 1627 1624 1630 1630 1629 1631 1632 1631 1629 1632 1633 1631 1632 1634 1633 1632 1635 1634 1636 1633 1634 1637 1634 1635 1637 1636 1634 1637 1638 1636 1637 1639 1638 1637 1640 1639 1637 1635 1641 1642 1643 1644 1642 1644 1645 1646 1647 1648 1646 1649 1647 1646 1650 1649 1651 1652 1653 1651 1643 1652 1650 1651 1649 1654 1643 1651 1654 1644 1643 1650 1654 1651 1646 1655 1650 1656 1657 1658 1656 1658 1659 1656 1659 1660 1660 1659 1661 1656 1660 1662 1660 1661 1663 1663 1661 1664 1663 1664 1665 1656 1666 1667 1656 1662 1666 1668 1669 1670 1671 1668 1672 1668 1670 1672 1671 1672 1673 1674 1671 1673 1674 1673 1675 1673 1672 1676 1673 1676 1677 1675 1673 1677 1675 1677 1678 1678 1677 1679 1680 1679 1681 1678 1679 1680 1682 1681 1683 1680 1681 1682 1680 1682 1684 1680 1684 1685 1682 1683 1686 1687 1227 1216 1687 1216 1215 1687 1688 1227 1687 1689 1688 1687 1690 1689 1687 1215 1690 1691 1689 1690 1691 1690 1215 1691 1692 1689 1691 1215 1693 1693 1215 1213 1693 1213 1694 1695 1688 1689 1695 1689 1696 1697 1696 1689 1697 1689 1692 1698 1695 1696 1698 1237 1229 1697 1698 1696 1697 1692 1699 1699 1692 1691 1699 1691 1693 1699 1694 1700 1699 1700 1239 1699 1693 1694 1701 1239 1237 1697 1699 1701 1697 1701 1698 1701 1237 1698 1699 1239 1701 1702 1227 1688 1702 1217 1227 1702 1229 1217 1702 1688 1695 1698 1702 1695 1698 1229 1702 1703 1704 1705 1706 1707 1708 1706 1708 1709 1710 1711 1707 1710 1704 1703 1710 1703 1711 1706 1710 1707 1710 1712 1704 1706 1712 1710 1706 1713 1712 1706 1709 1714 1713 1706 1714 1713 1714 1715 1716 1705 1704 1716 1717 1705 1717 1718 1705 1717 1719 1718 1719 1720 1718 1719 1721 1720 1722 1723 1724 1722 1724 1725 1725 1724 1726 1725 1726 1727 1725 1727 1728 1725 1728 1729 1729 1730 1722 1725 1729 1722 1727 1731 1728 1729 1728 1731 1729 1731 1732 1729 1732 1733 1729 1734 1730 1729 1733 1734 1735 1736 1737 1735 1737 1738 1738 1737 1739 1740 1735 1738 1740 1741 1735 1740 1742 1741 1740 1743 1742 1726 1744 1727 1744 1742 1743 1745 1743 1740 1745 1744 1743 1732 1731 1746 1738 1746 1740 1745 1740 1746 1731 1745 1746 1389 1747 1390 1389 1748 1747 1727 1744 1749 1749 1744 1745 1727 1749 1731 1731 1749 1745 1738 1739 1750 1738 1750 1746 1732 1746 1750 1744 1751 1742 1752 1751 1744 1753 1742 1751 1753 1735 1741 1752 1753 1751 1753 1741 1742 1752 1754 1753 1755 1753 1754 1753 1755 1735 1735 1755 1756 1735 1756 1736 1755 1757 1756 1758 1759 1760 1758 1760 1761 1758 1762 1759 1758 1763 1762 1764 1761 1760 1764 1760 1765 1766 1767 1768 1396 1769 1399 1766 1768 1770 1394 1766 1770 1396 1771 1769 1403 1772 1402 1772 1396 1402 1772 1773 1771 1772 1771 1396 1405 1774 1403 1403 1774 1772 1405 1775 1774 1407 1775 1405 1407 1776 1775 1777 1774 1775 1777 1775 1776 1777 1776 1778 1779 1777 1778 1779 1780 1777 1779 1781 1780 1779 1782 1781 1779 1783 1784 1785 1786 1758 1786 1784 1783 1758 1787 1763 1758 1786 1787 1779 1788 1783 1789 1790 1791 1789 1791 1792 1793 1794 1795 1786 1796 1784 1785 1796 1786 1797 1798 1799 1797 1800 1798 1797 1407 1408 1797 1408 1410 1797 1410 1801 1411 1413 1801 1797 1801 1800 1411 1801 1410 1801 1377 1800 1801 1413 1377 1797 1799 1802 1797 1802 1407 918 928 1803 928 943 1803 915 919 1803 918 1803 919 915 1803 1804 1804 1803 943 913 915 1804 913 1804 907 1804 908 907 1804 1805 908 1804 943 1805 1480 1806 1477 1806 903 901 1806 1480 903 1807 1806 901 1477 1806 1807 1477 1807 1808 1477 1808 1475 1809 1810 1811 1809 1812 1810 1813 1814 1815 1813 1815 1816 1394 1770 1817 1394 1817 1395 1818 1819 1820 1820 1819 1821 1822 1821 1558 1820 1821 1822 1822 1558 1823 1558 1554 1823 1818 1820 1824 1825 1818 1824 1825 1824 1826 1820 1827 1824 1820 1828 1827 1829 1535 1830 1829 1533 1535 1538 1533 1829 1538 1829 1831 1831 1829 1832 1831 1832 1833 1636 1834 1633 1467 1835 949 1467 1471 1835 949 1835 948 1836 1009 1010 1836 1010 1593 1591 1836 1593 1591 1588 1837 1591 1837 1836 1544 1545 1838 1539 1537 1839 1485 1484 1840 1485 1840 1497 1484 1453 1840 1841 1356 1358 1841 1842 1356 1843 1844 1845 1843 1846 1844 1844 1847 1845 1844 1848 1847 1848 1849 1847 1848 1850 1849 1851 1850 1848 1851 1848 1852 1852 1848 1844 1853 1844 1846 1852 1844 1853 1853 1846 1854 1855 1851 1852 1856 1852 1853 1855 1852 1856 1856 1853 1857 1857 1853 1854 1857 1854 1858 1855 1856 1859 1855 1859 1860 1856 1857 1861 1856 1861 1859 1857 1858 1862 1857 1862 1861 1858 1863 1862 1863 1854 1846 1863 1846 1843 1858 1854 1863 1851 1864 1850 1855 1865 1851 1851 1865 1864 1855 1866 1865 1867 1855 1860 1867 1866 1855 1850 1864 1868 1850 1868 1849 1849 1868 1869 1849 1869 1870 1847 1849 1870 1869 1871 1870 1870 1871 1872 1845 1847 1873 1847 1870 1873 1870 1872 1873 1873 1872 1874 1873 1874 1875 1843 1845 1875 1845 1873 1875 1875 1874 1876 1843 1875 1877 1875 1876 1877 1877 1863 1843 1877 1876 1863 1878 1872 1871 1879 1874 1872 1878 1879 1872 1880 1876 1874 1879 1880 1874 1863 1876 1881 1880 1881 1876 1879 1878 1882 1879 1882 1883 1880 1879 1883 1880 1883 1884 1881 1880 1884 1881 1884 1885 1863 1881 1885 1878 1886 1882 1878 1887 1886 1878 1871 1888 1869 1888 1871 1878 1888 1887 1889 1890 1891 1889 1892 1890 1890 1893 1891 1890 1894 1893 1894 1895 1893 1894 1896 1895 1897 1896 1894 1897 1894 1898 1898 1894 1890 1899 1890 1892 1898 1890 1899 1899 1892 1900 1901 1897 1898 1901 1898 1902 1902 1898 1899 1903 1899 1900 1902 1899 1903 1903 1900 1904 1901 1902 1905 1901 1905 1906 1902 1903 1907 1902 1907 1905 1903 1904 1908 1903 1908 1907 1904 1909 1908 1909 1892 1889 1909 1900 1892 1904 1900 1909 1897 1910 1896 1897 1911 1910 1901 1911 1897 1901 1912 1911 1913 1912 1901 1913 1901 1906 1896 1914 1895 1896 1910 1914 1895 1914 1915 1893 1895 1916 1895 1915 1916 1915 1917 1916 1916 1917 1918 1891 1893 1919 1916 1918 1919 1893 1916 1919 1919 1918 1920 1919 1920 1921 1889 1891 1921 1891 1919 1921 1921 1920 1922 1923 1922 1909 1921 1922 1923 1923 1909 1889 1889 1921 1923 1924 1918 1917 1924 1925 1918 1925 1920 1918 1926 1922 1920 1925 1926 1920 1926 1927 1922 1909 1922 1927 1925 1924 1928 1926 1925 1929 1925 1928 1929 1926 1929 1930 1927 1926 1930 1909 1927 1931 1927 1930 1931 1924 1932 1928 1924 1933 1932 1924 1917 1934 1915 1934 1917 1924 1934 1933 1935 1936 1937 1935 1938 1936 1936 1939 1937 1936 1940 1939 1940 1941 1939 1940 1942 1941 1943 1942 1940 1944 1940 1936 1943 1940 1944 1945 1936 1938 1944 1936 1945 1945 1938 1946 1947 1943 1944 1948 1944 1945 1947 1944 1948 1949 1945 1946 1948 1945 1949 1949 1946 1950 1947 1948 1951 1947 1951 1952 1948 1949 1953 1948 1953 1951 1949 1950 1954 1949 1954 1953 1950 1955 1954 1955 1938 1935 1950 1946 1955 1955 1946 1938 1943 1956 1942 1947 1957 1943 1943 1957 1956 1947 1958 1957 1959 1958 1947 1959 1947 1952 1942 1960 1941 1942 1956 1960 1941 1960 1961 1941 1961 1962 1939 1941 1962 1961 1963 1962 1962 1963 1964 1962 1964 1965 1939 1962 1965 1937 1939 1965 1965 1964 1966 1935 1937 1967 1937 1965 1967 1965 1966 1967 1967 1966 1968 1935 1967 1969 1969 1968 1955 1967 1968 1969 1969 1955 1935 1970 1964 1963 1970 1971 1964 1971 1966 1964 1972 1968 1966 1971 1972 1966 1972 1973 1968 1955 1968 1973 1971 1970 1974 1972 1971 1975 1971 1974 1975 1972 1975 1976 1973 1972 1976 1955 1973 1977 1973 1976 1977 1970 1978 1974 1970 1979 1978 1970 1963 1980 1970 1980 1979 1961 1980 1963 937 929 1981 1982 929 927 1982 1981 929 923 1982 927 1983 1984 1985 1983 1986 1984 1987 1986 1983 1987 1988 1986 1989 1985 1984 1989 1990 1985 1991 1990 1989 1991 1992 1990 1990 1992 1993 1990 1993 1994 1995 1994 1993 1992 1996 1993 1995 1993 1996 1995 1996 1997 1995 1998 1994 1997 1999 1995 1995 1999 2000 1995 2000 2001 1997 2002 1999 1995 2001 2003 1995 2003 1998 2004 2001 2000 2004 2000 2005 2006 2004 2005 2006 2005 2007 2008 2006 2007 2008 2007 2009 2008 2010 2006 2008 2011 2010 2012 2010 2011 2012 2013 2010 2013 2001 2004 2013 2003 2001 2013 2006 2010 2013 2004 2006 2012 2014 2013 2012 2015 2014 2012 2016 2015 2017 2016 2012 2017 2018 2016 2015 2016 2018 2017 2019 2018 2012 2011 2020 2017 2012 2020 2021 2014 2015 2021 1998 2003 2013 2021 2003 2013 2014 2021 2022 1994 1998 2021 2022 1998 2021 2023 2022 2021 2024 2023 2021 2015 2024 2022 2023 2025 1990 1994 2026 1990 2026 1985 2022 2026 1994 2022 2025 2026 2027 1983 1985 2027 1985 2026 2027 2026 2025 2027 1987 1983 2025 2028 2027 2027 2028 2029 2027 2029 2030 2027 2030 1987 2025 2031 2028 2023 2031 2025 2023 2032 2031 2024 2032 2023 2015 2033 2024 2024 2033 2032 2015 2034 2033 2015 2018 2034 2035 2030 2029 2035 2036 2030 2036 1987 2030 2037 2036 2035 2037 2038 2036 2039 2038 2037 2039 2037 2040 2039 2040 2041 2039 2041 2042 2042 2041 2043 2042 2043 2044 2044 2043 2045 2044 2045 2046 2047 2044 2046 2047 2046 2048 2047 2048 2049 2050 2047 2049 2050 2049 2051 2050 2051 2052 2053 2050 2052 2053 2054 2050 2053 2055 2054 2053 2056 2055 2050 2054 2057 2057 2054 2055 2050 2058 2047 2050 2057 2058 2047 2058 2059 2059 2058 2057 2047 2059 2060 2047 2060 2044 2044 2060 2061 2039 2042 2061 2044 2061 2042 2062 2051 2049 2062 2049 2048 2048 2063 2062 2046 2045 2064 2048 2064 2063 2046 2064 2048 2039 2061 2065 2066 2036 2038 2039 2065 2066 2039 2066 2038 2065 2061 2067 2067 2060 2059 2067 2061 2060 2065 2067 2068 2065 2069 2066 2065 2068 2069 2068 2067 2070 2068 2070 2071 2068 2072 2069 2068 2071 2072 2072 2073 2069 2072 2074 2073 2075 2071 2070 2072 2071 2075 2072 2075 2076 2076 2074 2072 2076 2077 2074 2078 2077 2076 2078 2079 2077 2078 2080 2079 2078 2081 2080 2082 2076 2075 2082 2078 2076 2082 2081 2078 2082 2075 2083 2075 2070 2083 2083 2070 2084 2067 2059 2084 2067 2084 2070 2059 2057 2084 2083 2084 2085 2086 2084 2057 2086 2085 2084 2057 2055 2086 2083 2085 2087 2082 2083 2088 2088 2083 2087 2089 2082 2088 2089 2088 2087 2089 2087 2090 2089 2091 2082 2082 2091 2081 2092 2093 2094 2092 2095 2093 2095 2092 2096 2092 2097 2096 2098 2096 2097 2098 2097 2099 2092 2099 2097 2098 2099 2100 2098 2101 2096 2096 2102 2095 2096 2101 2102 2103 2092 2094 2104 2092 2103 2105 2092 2104 2106 2092 2105 2107 2100 2099 2099 2092 2107 2107 2092 2108 2108 2092 2109 2110 2092 2106 2109 2092 2110 2108 2109 2111 2108 2111 2112 2108 2113 2107 2108 2112 2113 2107 2113 2100 2114 2104 2103 2115 2114 2103 2115 2103 2094 2116 2115 2094 2116 2095 2102 2116 2094 2093 2116 2093 2095 2117 2110 2106 2118 2117 2106 2118 2106 2105 2119 2105 2104 2119 2118 2105 2114 2119 2104 2117 2120 2110 2120 2109 2110 2120 2111 2109 2121 2122 2123 2121 2123 2124 2121 2124 2125 2121 2125 2126 2121 2126 2127 2121 2127 2128 2121 2128 2129 2123 2130 2124 2123 2131 2130 2123 2122 2132 2123 2132 2131 2132 2122 2133 2133 2122 2121 2132 2133 2134 2135 2126 2125 2135 2125 2124 2135 2124 2130 2135 2136 2126 2126 2136 2137 2126 2137 2127 2138 2127 2137 2129 2128 2138 2138 2128 2127 2129 2138 2139 2129 2139 2140 2129 2140 2141 2121 2129 2141 2121 2141 2142 2121 2142 2143 2133 2121 2143 2143 2134 2133 2144 2142 2141 2144 2143 2142 2144 2141 2140 2143 2145 2134 2144 2145 2143 2146 2147 2148 2146 2149 2147 2150 2148 2147 1991 2150 1992 1992 2150 1996 2150 2151 2148 1991 2151 2150 2152 2147 2149 2152 1997 1996 2150 2147 2152 2150 2152 1996 2152 2149 2153 2152 2153 2154 2152 2154 2155 2155 2002 1997 2152 2155 1997 2154 2156 2155 2155 2156 2002 2154 2157 2156 2066 2158 2036 2036 2158 1987 1987 2158 2159 2159 2158 2066 1987 2159 1988 2160 2069 2073 2159 2066 2160 2160 2066 2069 2161 2162 2163 2161 2164 2162 2165 2163 2162 2165 2166 2163 2165 2167 2166 2165 2168 2167 2167 2168 2169 2167 2169 2170 2171 2166 2167 2171 2167 2170 2166 2172 2163 2166 2171 2172 2163 2172 2173 2163 2173 2161 2174 2162 2164 2174 2175 2162 2176 2162 2175 2176 2165 2162 2176 2168 2165 2176 2177 2168 2177 2169 2168 2175 2174 2178 2175 2179 2176 2175 2180 2179 2177 2181 2169 2181 2177 2176 2181 2176 2179 2182 2179 2180 2180 2183 2182 2175 2184 2180 2180 2184 2183 2175 2178 2184 2182 2185 2179 2186 2169 2181 2186 2171 2170 2179 2186 2181 2169 2186 2170 2179 2185 2186 2186 2187 2171 2172 2171 2187 2183 2188 2182 2172 2187 2189 2190 2173 2172 2189 2190 2172 2189 2191 2190 2192 2193 2194 2192 2195 2193 2196 2194 2193 2196 2197 2194 2196 2198 2197 2196 2199 2198 2198 2199 2200 2198 2200 2201 2202 2198 2201 2202 2197 2198 2197 2202 2203 2197 2203 2194 2194 2203 2204 2194 2204 2205 2194 2205 2192 2206 2193 2195 2206 2207 2193 2208 2199 2196 2208 2193 2207 2208 2196 2193 2208 2209 2199 2209 2200 2199 2207 2206 2210 2207 2211 2208 2207 2212 2211 2213 2209 2208 2209 2213 2200 2213 2208 2211 2214 2211 2212 2212 2215 2214 2207 2210 2216 2207 2216 2212 2212 2216 2215 2214 2217 2211 2211 2218 2213 2218 2200 2213 2218 2202 2201 2200 2218 2201 2211 2217 2218 2219 2204 2203 2219 2220 2204 2203 2202 2221 2218 2221 2202 2203 2221 2219 2222 2223 2224 2222 2225 2223 2226 2224 2223 2226 2227 2224 2226 2228 2227 2226 2229 2228 2228 2229 2230 2228 2230 2231 2232 2227 2228 2232 2228 2231 2227 2232 2233 2227 2233 2224 2224 2233 2234 2224 2235 2222 2224 2234 2235 2236 2223 2225 2236 2237 2223 2238 2226 2223 2238 2229 2226 2238 2223 2237 2239 2230 2229 2238 2239 2229 2237 2236 2240 2237 2241 2238 2237 2242 2241 2243 2239 2238 2243 2238 2241 2239 2243 2230 2244 2241 2242 2242 2245 2244 2237 2246 2242 2237 2240 2246 2242 2246 2245 2233 2232 2247 2244 2247 2241 2248 2234 2233 2233 2247 2248 2248 2249 2234 2250 2247 2232 2250 2230 2243 2241 2247 2250 2241 2250 2243 2250 2232 2231 2230 2250 2231 2251 2252 2253 2251 2254 2252 2253 2255 2251 2253 2256 2255 2251 2257 2254 2251 2255 2257 2255 2258 2257 2258 2254 2257 2258 2259 2254 2260 2252 2254 2260 2254 2259 2260 2259 2261 2262 2260 2261 2263 2261 2259 2263 2259 2258 2264 2261 2263 2263 2265 2264 2266 2264 2265 2265 2267 2266 2265 2268 2267 2263 2269 2265 2263 2258 2269 2265 2269 2268 2269 2270 2268 2269 2271 2270 2272 2266 2267 2272 2273 2266 2272 2274 2273 2272 2275 2274 2273 2276 2266 2266 2276 2264 2273 2277 2276 2278 2276 2277 2264 2276 2278 2278 2277 2279 2273 2280 2277 2273 2274 2280 2279 2277 2280 2279 2280 2281 2281 2280 2282 2281 2282 2283 2284 2285 2286 2287 2288 2284 2284 2286 2287 2287 2286 2289 2287 2289 2290 2287 2291 2288 2286 2292 2289 2293 2289 2292 2293 2294 2289 2290 2289 2294 2286 2295 2292 2293 2296 2294 2293 2297 2296 2298 2296 2297 2299 2298 2297 2299 2300 2298 2301 2300 2299 2300 2302 2298 2303 2297 2293 2299 2297 2303 2298 2304 2296 2305 2298 2302 2305 2304 2298 2300 2306 2302 2305 2302 2306 2305 2306 2307 2295 2308 2292 2308 2293 2292 2295 2309 2308 2295 2310 2309 2282 2311 2285 2286 2285 2311 2286 2311 2295 2295 2311 2310 2312 2299 2303 2313 2312 2303 2313 2314 2312 2313 2315 2314 2313 2316 2315 2313 2317 2316 2318 2317 2313 2318 2313 2319 2313 2303 2319 2303 2293 2319 2320 2319 2293 2320 2318 2319 2308 2320 2293 2312 2314 2321 2312 2321 2322 2312 2322 2299 2322 2301 2299 2322 2321 2323 2322 2323 2324 2322 2324 2301 2324 2323 2325 2326 2325 2323 2326 2323 2327 2321 2327 2323 2326 2327 2328 2326 2328 2329 2326 2329 2330 2326 2330 2331 2326 2332 2325 2326 2333 2332 2326 2331 2334 2326 2334 2333 2324 2325 2335 2324 2335 2336 2336 2300 2301 2324 2336 2301 2336 2337 2300 2336 2335 2338 2338 2325 2332 2338 2335 2325 2339 2338 2332 2333 2334 2339 2333 2339 2332 2336 2338 2340 2339 2340 2338 2336 2340 2341 2339 2341 2340 2336 2341 2337 2341 2342 2337 2341 2339 2343 2341 2343 2342 2344 2342 2343 2343 2339 2344 2339 2334 2345 2339 2345 2346 2339 2346 2347 2339 2347 2348 2349 2348 2347 2346 2350 2347 2349 2347 2350 2349 2350 2351 2349 2351 2352 2353 2349 2352 2353 2352 2354 2354 2355 2353 2355 2356 2353 2353 2356 2357 2344 2339 2358 2358 2348 2349 2339 2348 2358 2358 2349 2359 2358 2360 2344 2344 2360 2342 2358 2359 2360 2349 2353 2361 2360 2359 2361 2349 2361 2359 2360 2361 2362 2353 2357 2363 2362 2361 2363 2353 2363 2361 2346 2364 2350 2364 2351 2350 2365 2334 2331 2365 2331 2330 2346 2365 2364 2365 2345 2334 2346 2345 2365 2364 2365 2366 2365 2330 2366 2364 2367 2351 2364 2366 2367 2368 2366 2330 2368 2367 2366 2368 2330 2369 2368 2370 2367 2371 1008 1009 2371 1007 1008 2371 2370 2368 2371 2368 2372 2371 2372 2373 2371 2373 2374 2371 2374 1007 1051 1007 2374 1836 2375 1009 2371 1009 2375 2367 2370 2376 2376 2352 2351 2367 2376 2351 2371 2376 2370 2371 2375 2376 2377 2369 2330 2377 2330 2329 2377 2378 2369 2377 2379 2378 2380 2329 2328 2380 2377 2329 2380 2379 2377 2381 2380 2328 2382 2328 2327 2321 2382 2327 2382 2381 2328 2382 2383 2381 2321 2384 2382 2321 2314 2384 2382 2384 2383 2314 2385 2384 2314 2315 2385 2383 2384 2385 2385 2315 2316 2383 2385 2386 2383 2386 2387 2383 2387 2388 2383 2388 2389 2381 2383 2390 2383 2389 2390 2381 2391 2380 2381 2390 2391 2390 2392 2391 2390 2393 2392 2391 2392 2394 2391 2394 2380 2380 2394 2379 2395 2393 2390 2395 2390 2389 2393 2395 2396 2393 2396 2397 2392 2393 2397 2398 2395 2389 2398 2399 2395 2400 2399 2398 2401 1039 1038 2401 1449 1039 2401 2400 2398 2401 1038 2402 2401 2402 2400 1043 2402 1038 2389 2388 2403 2389 2403 2398 2401 2398 2403 2401 2403 2404 2401 2404 1449 1043 2405 2402 1044 2405 1043 2405 2400 2402 1044 2406 2405 2407 1044 1052 2407 2406 1044 2407 1052 1051 2405 2406 2408 2407 2408 2406 2407 2409 2408 2410 2409 2407 2410 2374 2373 1051 2374 2411 2410 2407 2411 2407 1051 2411 2410 2411 2374 2405 2408 2412 2405 2412 2400 2412 2413 2400 2400 2413 2399 2414 2409 2410 2414 2410 2373 2414 2373 2415 2372 2415 2373 2368 2416 2372 2372 2416 2415 2417 2415 2416 2417 2418 2415 2369 2419 2368 2368 2419 2416 2417 2416 2419 2369 2378 2419 2417 2419 2420 2421 2419 2378 2421 2420 2419 2422 2378 2379 2422 2421 2378 2423 2422 2379 2423 2379 2394 2392 2423 2394 2392 2397 2424 2392 2424 2423 2425 2414 2415 2425 2415 2418 2426 2414 2425 2414 2427 2409 2426 2427 2414 2428 2427 2426 2409 2427 2428 2409 2428 2408 2408 2428 2429 2408 2429 2412 2412 2429 2413 2413 2429 2430 2413 2430 2431 2432 2396 2395 2432 2395 2399 2432 2399 2413 2432 2413 2431 2428 2426 2433 2429 2433 2430 2429 2428 2433 1079 1080 2434 2435 2434 2436 2435 2437 2434 1079 2434 2437 2438 2434 1080 2438 1080 1082 2439 1082 1084 2439 2438 1082 2440 1086 1088 2440 2441 1086 1089 2440 1088 2442 2436 2434 2442 2434 2438 2443 2436 2442 2444 2435 2436 2443 2444 2436 2443 2445 2444 2443 2446 2445 2444 2445 2447 2444 2448 2435 2448 2437 2435 2444 2447 2448 2449 1119 1099 2448 2447 2449 2448 2449 2450 2450 1079 2437 2448 2450 2437 2450 1099 1079 2450 2449 1099 2451 2443 2442 2452 2438 2439 2452 2439 2441 2451 2442 2452 2452 2442 2438 2452 2453 2451 2454 2443 2451 2454 2446 2443 2452 2441 2455 2452 2455 2453 2456 2454 2457 2456 2457 2458 2459 2456 2458 2459 2460 2456 2461 2456 2460 2462 2454 2456 2462 2446 2454 2461 2462 2456 2463 2462 2461 2464 2446 2462 2463 2464 2462 2464 2445 2446 2465 2464 2463 2466 2445 2464 2466 2447 2445 2465 2466 2464 2449 2447 2466 2466 2465 2467 2449 2466 2468 2468 2467 1118 2468 1118 1119 2466 2467 2468 2449 2468 1119 2469 2470 2471 2472 2440 1089 2472 2473 2440 2472 1089 1126 2469 2471 2472 2469 2472 2474 2472 1126 2474 2475 2474 1126 2475 1126 1128 2475 1128 1129 2475 1129 2476 2477 1132 1133 2477 2476 1129 2477 1129 1132 2477 1133 2478 1133 2479 2478 1133 1143 2479 2480 2478 2479 2480 2479 2481 1143 2481 2479 1143 1139 2481 2482 2481 1139 2480 2481 2482 1141 2483 1139 2482 1139 2483 2483 1141 1147 2480 2484 2478 2485 2477 2478 2476 2477 2485 2485 2478 2484 2476 2485 2486 2476 2486 2487 2487 2474 2475 2487 2469 2474 2476 2487 2475 2483 1147 2488 2483 2488 2489 2483 2489 2482 2490 2480 2482 2490 2482 2489 2491 2480 2490 2491 2484 2480 2486 2485 2492 2492 2485 2484 2492 2484 2491 2486 2492 2493 2486 2494 2487 2486 2493 2494 2487 2495 2469 2487 2494 2495 2469 2495 2470 2496 2497 2498 2496 2499 2497 2496 2500 2499 1163 1164 2500 1166 2500 1164 1163 2500 2501 2496 2501 2500 1163 2502 1165 2496 2502 2501 2496 2498 2502 1163 2501 2502 1168 2503 1166 1166 2503 2500 2503 2499 2500 1170 2504 1168 1168 2504 2503 1197 2505 1170 1170 2505 2504 2503 2506 2499 2507 2504 2505 2503 2507 2506 2503 2504 2507 2508 2499 2506 2508 2497 2499 2507 2508 2506 2507 2509 2508 2507 2505 2510 2507 2511 2509 2507 2510 2511 2511 2512 2509 2511 2513 2512 2514 2510 2505 2511 2510 2514 2515 2513 2511 2511 2514 2515 2515 2516 2513 2517 2516 2515 2517 2518 2516 2518 2519 2516 2518 2520 2519 2517 2521 2518 2521 2520 2518 2517 2522 2521 2521 2523 2520 2524 2522 2517 2525 2517 2515 2524 2517 2525 2525 2515 2514 2524 2525 2526 1194 2526 1195 1194 2527 2526 2524 2526 2527 2525 2528 2526 2528 1195 2526 2528 1197 1195 2525 2514 2528 2514 2505 2528 1197 2528 2505 2520 2529 2519 2520 2530 2529 2531 2530 2520 2531 2520 2523 2530 2532 2529 2530 2533 2532 2531 2533 2530 2531 2534 2533 2519 2529 2535 2535 2529 2532 2519 2535 2536 2536 2513 2516 2536 2516 2519 2537 2536 2535 2535 2538 2537 2535 2532 2539 2535 2539 2538 2540 2513 2536 2540 2512 2513 2537 2540 2536 2541 2540 2537 2541 2542 2540 2543 2544 2545 2545 2544 2546 2547 2546 2544 2547 2544 2548 2549 2548 2544 2549 2544 2550 2549 2550 2551 2549 2551 2552 2549 2552 2553 2549 2553 2554 2549 2554 2555 2549 2555 2556 2549 2557 2548 2549 2556 2557 2547 2548 2558 2548 2557 2559 2548 2559 2560 2561 2554 2553 2562 2561 2553 2563 2562 2553 2562 2564 2561 2561 2565 2554 2561 2564 2565 2566 2565 2564 2567 2560 2559 2568 2567 2569 2568 2569 2570 2567 2568 2560 2564 2562 2571 2572 2571 2562 2572 2573 2571 2574 2571 2573 2575 2573 2572 2576 2562 2563 2576 2572 2562 2575 2572 2576 2577 2576 2563 2577 2553 2552 2577 2563 2553 2577 2578 2576 2579 2578 2577 2579 2552 2551 2579 2577 2552 2579 2580 2578 2579 2581 2580 2579 2582 2581 2583 2551 2550 2583 2584 2585 2583 2585 2551 2583 2544 2543 2583 2550 2544 2583 2586 2584 2587 2580 2581 2587 2578 2580 2576 2588 2575 2576 2578 2588 2587 2588 2578 2575 2589 2573 2575 2588 2589 2589 2574 2573 2590 2574 2589 2574 2591 2571 2590 2591 2574 2590 2589 2592 2588 2592 2589 2593 2592 2588 2588 2594 2593 2588 2587 2594 2595 2581 2596 2595 2594 2587 2587 2581 2595 2595 2596 2597 2595 2598 2594 2599 2571 2591 2590 2599 2591 2599 2600 2566 2590 2600 2599 2601 2566 2564 2564 2571 2601 2599 2601 2571 2599 2566 2601 2602 2565 2566 2603 2554 2565 2603 2555 2554 2602 2603 2565 2602 2604 2603 2602 2605 2604 2606 2604 2605 2606 2605 2607 2557 2608 2559 2608 2607 2605 2609 2604 2606 2606 2610 2609 2606 2607 2610 2610 2607 2611 2608 2611 2607 2608 2612 2611 2610 2611 2612 2613 2609 2610 2613 2610 2612 2614 2556 2555 2614 2555 2603 2614 2603 2604 2609 2614 2604 2613 2614 2609 2612 2615 2613 2613 2615 2614 2614 2615 2556 2612 2616 2615 2608 2616 2612 2556 2616 2557 2556 2615 2616 2557 2616 2608 2617 2618 2619 2617 2620 2618 2617 2619 2621 2617 2621 2622 2617 2622 2623 2617 2623 2620 2624 2621 2619 2624 2619 2625 2624 2626 2621 2624 2627 2626 2624 2625 2628 2624 2628 2627 2629 2627 2628 2626 2627 2630 2629 2630 2627 2629 2628 2631 2629 2631 2632 2632 2631 2633 2632 2633 2634 2635 2618 2620 2636 2628 2625 2636 2631 2628 2636 2633 2631 2636 2625 2619 2636 2619 2618 2635 2636 2618 2635 2637 2636 2636 2637 2633 2633 2637 2638 2633 2638 2639 2635 2640 2637 2637 2640 2638 2635 2641 2640 2642 2641 2635 2635 2620 2643 2642 2635 2643 2644 2643 2620 2644 2620 2623 2642 2643 2644 2642 2644 2645 2644 2646 2645 2644 2647 2646 2644 2648 2647 2644 2623 2648 2649 2647 2648 2646 2647 2649 2646 2649 2650 2649 2648 2651 2652 2651 2648 2653 2621 2626 2653 2623 2622 2652 2653 2626 2652 2648 2653 2653 2648 2623 2653 2622 2621 2652 2626 2654 2626 2630 2654 2646 2650 2655 2656 2498 2497 2657 2498 2656 2657 2502 2498 1165 2502 2657 1165 2657 1337 2658 2659 2656 2656 2497 2658 2658 2497 2508 2540 2542 2660 2540 2660 2512 2660 2509 2512 2660 2508 2509 2658 2508 2660 2660 2542 2661 2658 2661 2659 2541 2661 2542 2660 2661 2658 2541 2662 2661 2663 2659 2661 2663 2661 2662 2662 2664 2663 2662 2665 2664 2663 2664 2666 2667 2668 2669 2670 2671 2672 2673 2674 2675 2673 2676 2670 2673 2677 2674 2673 2670 2677 2670 2678 2677 2670 2679 2678 2670 2672 2679 2667 2680 2672 2667 2669 2681 2667 2681 2680 2672 2680 2682 2678 2679 2682 2672 2682 2679 2678 2682 2683 2684 2685 2686 2684 2686 2687 2688 2689 2690 2689 2691 2690 2692 2689 2688 2692 2693 2689 2694 2693 2692 2694 2695 2693 2696 2697 2698 2696 2699 2697 2700 2701 2702 2700 2703 2701 2689 2704 2691 2705 2706 2707 2708 2709 2710 2708 2707 2709 2708 2710 2711 2708 2712 2707 2712 2705 2707 2713 2711 2710 2714 2710 2715 2714 2713 2710 2716 2717 2718 2718 2717 2404 2718 2404 2403 2388 2718 2403 2388 2387 2718 2716 2718 2387 2716 2719 2717 2716 2720 2719 2716 2721 2720 2716 2387 2721 2722 1449 2404 2722 1447 1449 2717 2722 2404 2717 2723 2722 2722 2723 2724 2722 2724 2725 2725 1447 2722 2725 1448 1447 2725 1450 1448 2725 2726 1450 1450 2727 1453 1450 2726 2727 2728 2725 2724 2728 2726 2725 2727 2726 2728 2727 2728 2729 2730 2729 2728 2724 2730 2728 2724 2731 2730 2724 2732 2731 2724 2723 2732 2732 2723 2717 2732 2717 2719 2732 2719 2720 2732 2733 2731 2732 2734 2733 2732 2720 2734 2735 2733 2734 2735 2734 2720 2735 2736 2733 2735 2737 2736 2735 2738 2737 2739 2738 2735 2739 2740 2738 2739 2316 2741 2739 2741 2740 2739 2742 2316 2385 2316 2742 2743 2386 2385 2743 2742 2739 2743 2387 2386 2743 2385 2742 2743 2721 2387 2720 2721 2743 2739 2735 2744 2720 2743 2744 2743 2739 2744 2735 2720 2744 2745 2740 2741 2745 2746 2740 2747 2737 2738 2747 2738 2740 2746 2747 2740 2746 2748 2747 2749 2747 2748 2749 2750 2747 2751 2750 2749 2752 2736 2737 2747 2750 2752 2747 2752 2737 2751 2752 2750 2751 2753 2752 2754 2753 2751 2754 2755 2753 2752 2753 2755 2754 2756 2755 2756 2754 2270 2756 2270 2757 2757 2270 2271 2758 2756 2757 2758 1453 2727 2758 1840 1453 2759 1497 1840 2757 2759 2758 2759 1496 1497 2759 1840 2758 2757 2271 2760 2757 2760 2759 2761 2727 2729 2755 2756 2761 2758 2761 2756 2761 2758 2727 2755 2761 2762 2762 2761 2729 2762 2729 2763 2730 2763 2729 2764 2762 2763 2755 2762 2764 2764 2763 2730 2764 2730 2731 2764 2731 2733 2733 2736 2765 2752 2755 2765 2752 2765 2736 2733 2765 2764 2755 2764 2765 2271 2766 2760 2256 2766 2767 2256 2767 2255 2255 2767 2258 2269 2258 2767 2269 2767 2271 2271 2767 2766 2253 2768 2256 1496 2768 1498 2768 2766 2256 2759 2769 1496 1496 2769 2768 2768 2769 2766 2760 2766 2769 2760 2769 2759 1498 2768 2770 2253 2770 2768 1498 2770 1500 2771 2770 2253 1500 2770 2771 2771 2253 2252 1500 2771 1502 2772 1504 1502 2772 2771 2252 2772 2252 2260 2772 1502 2771 2773 1504 2772 2773 2772 2260 2773 2260 2262 1512 1506 2773 2773 1506 1504 2774 2773 2262 1512 2773 2774 2261 2775 2262 2774 2262 2775 2261 2776 2775 2264 2278 2777 2264 2777 2261 2777 2776 2261 2278 2778 2777 2777 2778 2776 2779 2278 2279 2278 2779 2778 2779 2279 2780 2780 2279 2281 2780 2281 2781 2781 2281 2283 2782 2283 2783 2781 2283 2782 2782 2783 2784 2785 2786 2787 2785 2788 2786 2789 2785 2787 2789 2790 2785 2789 2791 2790 2791 2792 2790 2791 2793 2792 2789 2787 2794 2794 2787 2795 2794 2795 2796 2795 2797 2796 2795 2798 2797 2799 2800 2801 2799 2802 2800 2803 2799 2801 2803 2804 2799 2805 2803 2801 2805 2801 2800 2805 2800 2806 2807 2808 2809 2807 2809 2810 2807 2810 2811 2812 2807 2811 2812 2811 2813 2814 2815 2812 2814 2816 2815 2814 2812 2813 2814 2813 2817 2818 2814 2817 2818 2817 2819 2820 2821 2822 2820 2822 2823 2824 2820 2823 2825 2826 2827 2825 2828 2826 2829 2830 2831 2830 2832 2831 2833 2824 2832 2830 2833 2832 2824 2834 2820 2833 2834 2824 2835 2836 2822 2835 2837 2836 2835 2838 2837 2835 2839 2838 2840 2841 2842 2840 2843 2841 2829 2844 2830 2830 2844 2845 2846 2844 2829 2846 2847 2844 2830 2845 2848 2849 2850 2851 2849 2852 2850 2849 2853 2852 2849 2854 2853 2356 2355 2855 2849 2856 2855 2849 2855 2857 2355 2857 2855 2855 2856 2858 2859 1588 1589 2859 2849 2857 2859 2854 2849 2860 2859 2857 2859 2860 1588 2860 2857 2861 2355 2861 2857 2862 2860 2861 2862 2355 2354 2862 2861 2355 2863 1588 2860 2862 2863 2860 2863 1836 1837 2863 1837 1588 2376 2864 2352 2864 2354 2352 2864 2863 2862 2864 2862 2354 2376 2375 2865 2863 2865 1836 2376 2865 2864 2864 2865 2863 1836 2865 2375 2356 2855 2866 2867 2866 2855 2855 2858 2867 2867 2868 2866 2869 2356 2866 2869 2866 2870 2871 2357 2356 2871 2356 2869 2872 2871 2869 2872 2869 2873 2870 2873 2869 2874 2363 2357 2872 2874 2871 2874 2357 2871 2875 2873 2870 2872 2873 2875 2876 2868 2867 2877 2868 2876 2875 2870 2877 2877 2870 2866 2877 2866 2868 2877 2876 2878 2875 2877 2878 2878 2876 2879 2878 2879 2880 2881 2363 2874 2362 2363 2881 2881 2880 2879 2881 2874 2882 2881 2882 2880 2872 2882 2874 2883 2878 2880 2883 2880 2882 2883 2882 2872 2883 2875 2878 2872 2875 2883 2876 2884 2879 2885 2867 2858 2876 2867 2885 2876 2885 2884 2886 2884 2885 2885 2858 2887 2886 2885 2887 2888 2858 2856 2888 2856 2889 2888 2887 2858 2888 2890 2887 2891 2887 2890 2891 2886 2887 2879 2892 2881 2879 2884 2892 2892 2884 2886 2892 2886 2893 2893 2886 2891 2894 2892 2893 2306 2895 2307 2306 2894 2895 2895 2894 2893 2306 2896 2894 2896 2360 2362 2881 2896 2362 2881 2892 2896 2896 2342 2360 2894 2896 2892 2337 2342 2897 2337 2897 2300 2300 2897 2306 2306 2897 2896 2896 2897 2342 2895 2893 2898 2893 2891 2898 2899 2900 2901 2899 2902 2900 2899 2903 2902 2899 2904 2903 2901 2905 2899 2905 2904 2899 2905 2906 2904 2907 2904 2906 2907 2906 2908 2907 2908 2909 2907 2909 2910 2911 2909 2908 2912 2910 2909 2912 2909 2911 2912 2911 2913 2912 2913 2914 2912 2914 2915 2912 2916 2910 2917 2918 2919 2917 2920 2918 2921 2922 2923 2921 2923 2924 2921 2924 2925 2925 2924 2926 2926 2927 2919 2926 2928 2927 2925 2926 2929 2929 2919 2918 2929 2926 2919 2921 2925 2930 2931 2932 2933 2931 2933 2934 2931 2935 2932 2935 2936 2932 2931 2937 2935 2935 2938 2936 2938 2939 2936 2938 2940 2939 2931 2941 2937 2931 2942 2941 2943 2944 2945 2943 2946 2944 2946 2947 2944 2946 2948 2947 2949 2948 2946 2949 2950 2948 2950 2951 2948 2950 2952 2951 2952 2953 2951 2954 2955 2953 2952 2954 2953 2952 2956 2954 2952 2957 2956 2954 2958 2955 2959 2960 2961 2959 2962 2960 2963 2546 2547 2963 2547 2558 2963 2558 2964 2963 2964 2965 2963 2966 2546 2963 2965 2966 2967 2966 2965 2967 2546 2966 2967 2965 2968 2969 2970 2545 2969 2545 2546 2967 2969 2546 2971 2965 2964 2971 2972 2965 2973 2965 2972 2973 2968 2965 2974 2560 2568 2973 2972 2974 2974 2972 2971 2975 2976 2970 2975 2969 2967 2975 2967 2968 2975 2570 2976 2975 2970 2969 2973 2975 2968 2975 2977 2570 2977 2568 2570 2977 2974 2568 2973 2974 2977 2973 2977 2975 2974 2978 2560 2978 2971 2964 2978 2558 2548 2974 2971 2978 2978 2964 2558 2978 2548 2560 2979 2980 2981 2982 2983 2984 2982 2984 2985 2986 2985 2987 2986 2987 2979 2986 2979 2981 2982 2985 2986 2986 2981 2988 2982 2986 2988 2982 2988 2989 2982 2990 2983 2989 2990 2982 2989 2991 2990 2992 2981 2980 2993 2980 2994 2992 2980 2993 2993 2994 2995 2995 2996 2997 2995 2994 2996 2998 1724 1723 2998 2999 1724 2999 1726 1724 2999 3000 1726 1726 3000 1744 2999 3001 3000 2999 3002 3001 2999 2998 3002 3002 2998 3003 3002 3004 3001 3004 1754 1752 3000 3001 3004 3002 3005 3004 3005 1754 3004 3002 3006 3005 3002 3007 3006 3002 3003 3007 3005 3008 1754 1755 1754 3008 1755 3008 1757 3000 3009 1744 3004 1752 3009 3009 1752 1744 3000 3004 3009 1764 1765 3010 1764 3010 3011 3012 1776 1407 3012 1407 1802 3012 3013 3014 3012 1799 3013 3012 1802 1799 3012 1778 1776 1779 3015 1788 1779 1778 3015 3015 3014 1791 3015 1791 1788 3012 3014 3015 3012 3015 1778 2282 3016 2311 3016 2310 2311 3016 2274 2275 2280 3016 2282 2280 2274 3016 3016 3017 2310 3016 2275 3017 3018 2270 2754 2754 2751 3018 3018 2268 2270 2751 3019 3018 3019 2268 3018 2751 2749 3020 2751 3020 3019 1777 3021 1774 1780 3022 3021 1780 3021 1777 1774 3023 1772 1772 3023 1773 1774 3021 3023 3022 3023 3021 3022 3024 3023 3025 3026 3027 3025 3028 3026 2804 3029 2799 3029 2802 2799 3029 3030 2802 3031 3032 3029 2804 3031 3029 3031 3033 3032 2911 2908 3034 2316 2317 3035 2741 2316 3035 2741 3035 2745 2810 3036 2811 2805 3037 2803 3038 2687 2686 3038 2686 3039 3040 3041 3042 3040 3043 3041 3041 3043 3044 3041 3044 3045 3045 3044 3046 3045 3046 3047 3048 3045 3047 3049 3041 3045 3048 3049 3045 3050 3042 3041 3049 3050 3041 3050 3051 3042 3052 3049 3048 3052 3053 3049 3053 3050 3049 3054 3051 3050 3053 3054 3050 3054 3055 3051 3052 3056 3053 3052 3057 3056 3053 3058 3054 3053 3056 3058 3054 3058 3059 3054 3059 3055 3060 3040 3042 3060 3042 3051 3055 3060 3051 3055 3059 3060 3048 3047 3061 3052 3048 3062 3048 3061 3062 3052 3062 3063 3064 3057 3052 3064 3052 3063 3047 3046 3065 3047 3065 3061 3046 3066 3065 3046 3067 3066 3044 3067 3046 3066 3067 3068 3067 3069 3068 3044 3070 3067 3043 3070 3044 3067 3070 3069 3070 3071 3069 3070 3072 3071 3043 3072 3070 3040 3072 3043 3072 3073 3071 3072 3074 3073 3040 3074 3072 3074 3040 3060 3074 3060 3073 3075 3068 3069 3076 3069 3071 3075 3069 3076 3076 3071 3077 3077 3071 3073 3077 3073 3078 3060 3078 3073 3076 3079 3075 3076 3080 3079 3077 3080 3076 3078 3081 3077 3077 3081 3080 3078 3082 3081 3060 3082 3078 3075 3079 3083 3075 3083 3084 3066 3068 3085 3075 3085 3068 3075 3084 3085 3086 3087 3088 3086 3089 3087 3087 3089 3090 3087 3090 3091 3091 3090 3092 3091 3092 3093 3094 3091 3093 3094 3095 3091 3095 3087 3091 3095 3096 3087 3096 3088 3087 3096 3097 3088 3098 3095 3094 3098 3099 3095 3099 3096 3095 3100 3097 3096 3099 3100 3096 3100 3101 3097 3098 3102 3099 3098 3103 3102 3099 3104 3100 3099 3102 3104 3100 3105 3101 3100 3104 3105 3101 3105 3106 3106 3086 3088 3101 3106 3097 3106 3088 3097 3094 3093 3107 3094 3107 3108 3098 3094 3108 3098 3108 3109 3110 3103 3098 3110 3098 3109 3093 3111 3107 3093 3092 3111 3092 3112 3111 3090 3113 3092 3092 3113 3112 3112 3113 3114 3113 3115 3114 3090 3116 3113 3089 3116 3090 3113 3116 3115 3116 3117 3115 3086 3118 3089 3089 3118 3116 3116 3118 3117 3118 3119 3117 3086 3120 3118 3120 3106 3119 3120 3086 3106 3118 3120 3119 3121 3114 3115 3121 3115 3122 3122 3115 3117 3123 3117 3119 3122 3117 3123 3123 3119 3124 3106 3124 3119 3122 3125 3121 3123 3126 3122 3122 3126 3125 3123 3127 3126 3124 3127 3123 3106 3128 3124 3124 3128 3127 3121 3125 3129 3121 3129 3130 3121 3131 3114 3112 3114 3131 3121 3130 3131 3132 3133 3134 3132 3135 3133 3133 3135 3136 3133 3136 3137 3137 3136 3138 3137 3138 3139 3140 3137 3139 3141 3133 3137 3140 3141 3137 3141 3142 3133 3142 3134 3133 3142 3143 3134 3144 3141 3140 3145 3142 3141 3144 3145 3141 3145 3146 3142 3146 3143 3142 3146 3147 3143 3144 3148 3145 3144 3149 3148 3145 3150 3146 3145 3148 3150 3146 3151 3147 3146 3150 3151 3152 3134 3143 3152 3132 3134 3147 3151 3152 3147 3152 3143 3140 3139 3153 3140 3153 3154 3144 3140 3154 3144 3154 3155 3156 3144 3155 3156 3149 3144 3139 3157 3153 3139 3138 3157 3138 3158 3157 3136 3159 3138 3138 3159 3158 3158 3159 3160 3159 3161 3160 3159 3162 3161 3136 3162 3159 3135 3162 3136 3162 3163 3161 3162 3164 3163 3132 3164 3135 3135 3164 3162 3164 3165 3163 3166 3132 3152 3132 3166 3164 3164 3166 3165 3166 3152 3165 3167 3160 3161 3168 3161 3163 3167 3161 3168 3169 3163 3165 3168 3163 3169 3169 3165 3170 3152 3170 3165 3168 3171 3167 3169 3172 3168 3168 3172 3171 3169 3173 3172 3170 3173 3169 3170 3174 3173 3152 3174 3170 3167 3171 3175 3167 3175 3176 3167 3176 3177 3158 3160 3177 3167 3177 3160 2633 3178 2634 2633 2639 3178 2304 3179 2296 3180 2296 3179 3180 2294 2296 2290 2294 3180 89 91 87 89 92 91 92 3181 86 89 3181 92 89 3182 3181 89 90 3183 89 3183 3182 279 277 276 279 276 281 279 281 3184 281 275 3184 279 3184 3185 279 3185 3186 279 3186 280 3187 380 379 3187 379 3188 3187 3188 3189 3187 3189 3190 3189 381 3190 3189 382 381 382 386 385 3191 391 389 3191 389 3192 3191 3192 3193 3193 3192 394 3193 394 3194 394 393 3194 3195 393 392 3196 3197 3198 3196 3199 3197 3198 3197 396 3198 396 395 3200 404 403 3200 403 3201 3202 3200 3201 3202 3201 3203 3204 3202 3203 3203 3205 3204 3201 403 405 3197 414 396 3197 416 414 3199 416 3197 416 3206 415 3199 3207 416 416 3207 3206 3208 405 407 3208 417 405 3201 405 418 418 3203 3201 418 3209 3203 3209 418 419 3205 3203 3209 3209 419 3210 3205 3209 3211 3211 3209 3210 3211 3210 3212 3212 3210 3213 3212 3213 3214 3214 3213 426 3213 424 426 3210 419 421 3213 421 424 3210 421 3213 421 420 425 421 425 424 420 3215 425 3216 420 422 420 3216 3215 3214 426 427 3215 431 425 425 431 430 3215 433 431 3217 422 417 3216 422 3217 3217 417 3208 436 435 3218 436 3218 3219 3218 439 3219 3218 437 439 3220 447 449 3220 3221 447 3220 3222 3221 3222 451 3221 3222 3223 451 451 3223 452 3224 450 452 3225 476 475 3225 3226 476 3226 455 476 3226 453 455 3227 461 462 3227 3228 461 3229 3228 3227 3229 3230 3228 3231 3230 3229 3230 3231 3232 3228 463 461 476 455 472 476 472 474 474 473 3233 474 3233 477 3228 480 463 480 3228 3230 3232 3234 3230 480 3230 3234 3234 481 480 3234 482 481 3232 3235 3234 3235 482 3234 3235 3236 482 3236 483 482 3236 3237 483 483 3237 490 483 490 489 484 483 489 484 489 488 485 484 488 3238 485 488 3238 3239 485 3239 486 485 3238 488 494 488 493 494 3238 494 496 3239 497 486 3240 500 499 3240 3241 500 3240 3242 3241 3240 3243 3242 3242 3243 3244 3242 3244 3245 502 3242 3245 502 3245 503 502 501 504 3246 507 509 3246 3247 507 3246 3248 3247 3248 511 3247 3248 3249 511 511 3249 512 3250 3251 3252 3250 3253 3251 3253 515 3251 3253 513 515 3254 521 522 3254 3255 521 3256 3255 3254 3256 3257 3255 3258 3257 3256 3257 3258 3259 3255 523 521 3251 515 532 3251 532 534 3252 3251 534 534 533 3260 534 3260 3261 3252 534 3261 3262 525 523 3262 523 536 3255 535 523 535 3255 3257 3259 3263 3257 535 3257 3263 3263 537 535 3263 3264 537 3259 3265 3263 3265 3264 3263 3265 3266 3264 3266 3267 3264 3266 3268 3267 3268 542 3267 3267 542 544 3264 538 537 3264 3267 538 3267 544 538 538 544 545 538 545 539 539 545 3269 3270 540 539 539 3269 3270 3268 543 542 3269 545 549 545 548 549 3269 549 551 3271 536 540 3270 3271 540 3271 3262 536 553 3272 554 553 3273 3272 3272 3273 556 3272 556 555 3274 567 565 3274 565 3275 3274 3275 3276 3276 3275 570 3276 570 3277 570 569 3277 3278 569 568 3279 594 3280 3279 593 594 3280 594 572 3280 572 571 3281 580 579 3281 579 3282 3283 3281 3282 3283 3282 3284 3285 3283 3284 3284 3286 3285 3282 579 581 594 590 572 594 592 590 592 3287 591 592 595 3287 598 3284 3282 3282 581 598 3286 3284 3288 3288 598 599 598 3288 3284 3288 599 600 3286 3288 3289 3289 3288 600 3289 600 3290 3290 600 602 3290 602 3291 602 608 3291 602 606 608 601 606 602 603 607 601 601 607 606 3292 607 603 3293 603 604 3292 603 3293 607 612 611 3292 612 607 3292 614 612 3293 604 615 916 919 915 916 917 919 916 921 917 916 1517 921 924 923 920 1087 1084 1083 1087 1086 1084 1108 1102 1100 1108 1100 1103 1104 1085 1087 1108 3294 1102 1104 1102 3294 1104 3294 1124 1104 1124 1085 1108 3295 3294 1106 3295 1108 1106 3296 3295 3297 3296 1106 3297 1106 1105 3297 1122 3296 1121 3294 3295 3296 1121 3295 3296 1122 1121 1124 3294 1123 1121 1123 3294 1201 3298 1202 1203 1202 3298 1203 3298 1265 1203 1265 1266 1203 1266 3299 3300 1206 1210 3300 3301 1206 3301 1207 1206 3301 3300 3302 3301 3303 1207 3301 3302 3303 3300 3304 3302 3300 1335 3304 3302 3305 3303 3302 3306 3305 3302 3304 3307 3302 3307 3306 3305 3306 1694 3307 1694 3306 3307 1700 1694 3307 1239 1700 3307 1238 1239 3303 3305 3308 3303 3308 1207 3308 1208 1207 3305 1212 3308 3305 1694 1213 3305 1213 1212 1250 1265 3298 1250 3298 1251 1253 1248 1251 1253 1220 1248 1253 1251 3298 1201 1254 3298 1253 3298 1254 3308 1212 1252 1201 1255 1254 3308 1252 1255 3308 1255 1208 1201 1208 1255 1267 1266 1264 3309 1326 1327 3309 1329 1326 3300 1210 1332 3300 1332 1335 1336 1329 3309 1336 1333 1329 3310 1336 3309 3309 3311 3310 1335 1334 3304 3309 3312 3311 3309 1337 3312 3309 1327 1337 3297 3313 1122 3314 3315 3316 3314 3317 3315 1361 3314 3316 3318 3314 1361 3318 3319 3314 3320 3319 3318 3320 3321 3319 1346 3321 3320 1346 3322 3321 3322 1346 1345 3323 3322 1345 3324 3322 3323 3325 3321 3322 3325 3322 3326 3324 3326 3322 3325 3326 3327 3325 3327 3328 3326 3329 3327 3324 3330 3326 3326 3330 3329 3330 3324 3331 3330 3331 3332 3333 3332 3331 3334 3333 3331 3334 3331 3324 3334 3324 3323 3334 3335 3333 3335 3336 3333 3335 3337 3336 3337 3338 3336 3339 3333 3336 3338 3339 3336 3338 3340 3339 3341 3340 3338 3341 3338 3342 3337 3343 3338 3342 3338 3343 3342 3343 3344 3333 3345 3332 3339 3345 3333 1340 3341 3342 1340 3346 3341 3347 3342 3344 3348 1340 3342 3347 3348 3342 3346 1340 1339 3346 1339 3349 3348 1338 1340 3348 1342 1338 1343 3348 3347 3348 1343 1342 1343 3347 3350 1343 3350 1347 1343 1347 1341 1348 1346 3320 1348 3320 1349 3320 3318 1353 3320 1353 1349 1354 1353 1360 3318 1360 1353 3318 1361 1360 1354 1360 3351 1354 3351 1369 1352 1351 1369 1354 1369 1351 1339 1352 1368 1352 1369 1368 1339 1368 1357 3349 1339 1357 3349 1357 1356 1368 1355 1357 1360 3352 3351 1360 1362 3352 1368 1370 1355 1369 3353 1367 3351 3353 1369 3351 3352 3353 1372 1367 3353 1372 3353 1373 1361 3316 1375 1377 1412 1378 1377 1413 1412 3354 1379 1376 1377 1379 3355 3354 3355 1379 3356 3355 3354 3356 3357 3355 3357 3356 3358 3357 3358 3359 3355 3357 3360 3355 3360 3361 3355 3361 1798 1377 3355 1800 3355 1798 1800 3362 3357 3359 3362 3359 3363 3359 3358 3364 3363 3359 3365 3359 3364 3365 3366 3365 3364 3366 3364 3367 3363 3365 3368 3366 3368 3365 3366 3369 3368 3366 3370 3369 3366 1381 3370 3367 1381 3366 3367 1382 1381 3371 3370 1381 3371 3372 3370 3373 3369 3370 3373 3370 3372 3373 3372 3374 1381 1380 3375 1381 3375 3371 3376 3375 1380 3376 1380 3377 3378 3376 3377 3379 1380 1382 3379 3378 3377 3379 3377 1380 3379 1385 3378 3378 3380 3376 3381 3380 3378 3381 3378 1385 3381 3382 3380 3381 1385 1384 1388 1385 3379 3383 1387 1383 3383 1383 1418 3384 1389 3385 3384 3385 3386 3387 3386 3385 3387 3385 3383 3387 3388 3386 1397 1391 1393 1397 1394 1391 1397 1399 1394 1397 1393 3389 1395 3390 1392 1401 1397 3389 1401 1398 1397 1417 1411 1416 1420 1376 1378 1420 1378 1412 1420 1412 1419 1421 1417 3391 1417 1416 3391 1415 1414 1423 1415 1423 3392 3393 3392 1423 3393 1423 1425 3394 1424 1401 3394 1401 3389 3394 3393 1425 3394 1425 1424 3394 3395 3393 3394 3389 3396 3394 3397 3395 3394 3396 3397 3398 1431 3399 3398 1430 1431 3400 3399 1431 3400 1431 1436 3399 3400 3401 3399 3401 3402 3402 3401 3403 3402 3403 3404 3403 3405 3404 3406 3404 3405 3406 3407 3404 3407 3406 3408 3407 3408 3409 3403 3410 3405 3410 3411 3405 3412 3408 3406 3412 3406 3405 3412 3405 3411 3412 3413 3408 3414 3413 3412 3414 3415 3413 3409 3408 3416 3416 3413 3415 3416 3408 3413 3416 3415 3417 3410 3418 3411 3418 3412 3411 3418 3414 3412 3419 3416 3417 3409 3416 3419 3419 3417 3420 3419 3420 3421 3419 3421 3422 3423 3419 3422 3423 3409 3419 3423 3407 3409 3399 3424 3398 3399 3402 3424 3424 3402 3404 3423 3424 3407 3424 3404 3407 3422 3421 3425 3422 3425 3426 3424 3423 3427 3422 3427 3423 3422 3426 3427 3424 3427 3398 3426 3425 3428 3426 3428 3429 3426 1427 3427 3426 3429 1427 3398 3427 1427 3398 1427 1430 3429 3428 3430 3429 3430 3431 3429 3431 1428 3429 1428 1427 1521 1529 3432 1521 1520 1529 1521 3432 3433 3434 3433 3432 3434 3435 3433 3434 3436 3435 3436 3437 3435 3435 3437 3438 3437 3439 3438 3437 3440 3439 3439 3440 3441 3442 3439 3441 3441 3440 3443 3442 3441 3444 3442 3444 3445 3442 3445 3446 3445 3447 3446 3446 3447 3448 3446 3448 3449 3446 3449 3450 3446 3450 3451 3446 3451 3452 3446 3452 3453 3442 3446 3453 3454 3439 3442 3454 3442 3453 3453 3452 3454 3438 3439 3454 3454 3452 3455 3454 3455 3456 3438 3454 3457 3454 3456 3457 3458 3455 3452 3445 3459 3447 3438 3457 3460 3460 3457 3456 3435 3438 3461 3438 3460 3461 3433 3435 3461 1521 3433 3462 3460 3462 3461 3433 3461 3462 3460 3463 3462 3460 3464 3463 3460 3456 3465 3460 3465 3464 3465 3466 3464 3465 3467 3466 3465 3456 3468 3468 3456 3455 3465 3468 3467 3466 3469 3464 3466 3470 3469 1522 3464 3469 1522 3462 3463 1522 1521 3462 1522 3463 3464 1522 3469 1524 3470 1524 3469 1522 1524 1519 3470 1526 1524 3432 1529 1532 3434 3432 3471 3432 1532 3471 1540 3472 1534 1540 3473 3472 3474 3472 3473 3474 3475 3472 3474 3476 3475 3474 3477 3476 3477 3478 3476 3477 3479 3478 3479 3480 3478 3478 3480 3481 3478 3481 3482 3483 3478 3482 3483 3482 3484 3484 3485 3483 3483 3485 3486 3487 3486 3485 3488 3484 3482 3489 3485 3484 3488 3489 3484 3490 3488 3482 3490 3482 3481 3488 3491 3489 3488 3492 3491 3489 3491 3493 3489 3493 3494 3489 3495 3485 3495 3489 3494 3495 3494 3496 3497 3496 3494 3497 3494 3498 3499 3498 3494 3499 3494 3493 3500 3499 3493 3500 3493 3501 3501 3493 3491 3500 3501 3502 3500 3502 3503 3501 3504 3502 3501 3505 3504 3501 3491 3505 3505 3491 3492 3505 3506 3504 3505 3492 3507 3505 3507 3506 3507 3508 3506 3507 3509 3508 3510 3492 3488 3507 3510 3509 3507 3492 3510 3510 3488 3511 3511 3488 3490 3511 3490 3512 3512 3490 3513 3513 3490 3481 3512 3513 3514 3513 1542 3514 3513 1543 1542 3515 3481 3480 1543 3513 3515 3513 3481 3515 1543 3515 1549 3515 3480 3516 1549 3515 3516 1549 3516 1550 1550 3516 3517 1550 3517 3518 3516 3519 3517 3516 3480 3519 3479 3519 3480 1543 1549 1546 1543 1546 1541 1550 1552 1548 1550 3518 1552 3520 3521 3522 3520 3523 3521 3524 3522 3521 3524 3525 3522 3526 3525 3524 3526 3524 3527 3528 3526 3527 3528 3529 3526 3530 3529 3528 3530 3531 3529 3532 3531 3530 3532 3530 3533 3534 3532 3533 3534 3535 3532 3536 3523 3520 3536 3537 3523 3537 3536 3538 3537 3538 3539 3540 3539 3538 3540 3541 3539 3542 3536 3520 3538 3536 3542 3542 3520 3543 3543 3520 3522 3544 3542 3543 3545 3544 3543 3546 3544 3545 3546 3545 3547 3547 3548 3546 3547 3549 3548 3550 3549 3547 3550 3551 3549 3551 1556 3549 3551 1554 1556 3552 1555 1557 3553 3552 1557 3553 1557 1558 3554 3553 1558 3554 1558 1821 3554 3555 3553 3554 3556 3555 3556 3557 3555 3556 3558 3557 3558 3559 3557 3558 3560 3559 3560 3558 3561 3560 3561 3562 3553 3555 3563 3557 3563 3555 3553 3563 3552 3557 3564 3563 3557 3559 3565 3557 3565 3564 3563 3564 3566 3563 3566 3567 3552 3563 3567 3564 3565 3568 3564 3568 3566 1560 3562 3561 1560 3561 1561 3561 3569 1561 3561 3570 3569 3570 3558 3556 3570 3561 3558 3571 3556 3554 3571 3570 3556 3552 3567 1566 3552 1566 1555 1566 3567 3572 1566 3572 1564 3567 3573 3572 3567 3566 3573 3574 3573 3566 3574 3566 3568 3572 3573 3575 3572 3575 3576 1564 3572 3576 3573 3574 3577 3573 3577 3575 3576 3575 3578 3576 3578 3579 3575 3577 3580 3575 3580 3578 3578 3580 3581 3578 3581 3582 3578 3582 3583 3578 3583 3579 1564 3576 1565 1565 3576 3579 1556 1555 1563 3549 3584 3548 3549 1556 3584 1556 1563 3584 3584 1563 1567 1565 1569 1567 3585 3579 3583 1565 3579 3585 1565 3585 1569 3585 1570 1569 3585 3583 3586 3585 3586 1570 3584 1567 3587 3587 1567 1569 3548 3584 3587 3548 3587 3588 3587 1569 1568 3588 3587 1568 3589 1568 1571 3588 1568 3589 3589 1571 3590 3548 3588 3591 3591 3588 3589 3548 3591 3546 3544 3592 3542 3546 3592 3544 3546 3591 3592 3591 3589 3593 3593 3589 3590 3593 3592 3591 3593 3590 3594 3593 3594 3595 3593 3595 3596 3596 3542 3592 3593 3596 3592 3597 3540 3538 3596 3595 3597 3597 3538 3598 3596 3598 3542 3538 3542 3598 3596 3597 3598 1573 1579 1612 1573 1572 1579 3599 1577 1576 3599 1576 3600 3599 1585 1577 3599 3601 1585 3600 1576 3602 3600 3602 3603 3604 1576 1575 1574 3604 1575 3604 3602 1576 3605 3603 3602 3604 3605 3602 3605 3606 3603 1635 1629 1628 1635 1632 1629 3607 3450 1640 3607 1640 1637 3607 3451 3450 3607 1637 1641 1635 1628 3608 3608 3607 1641 1635 3608 1641 3608 3609 3607 3609 3451 3607 3609 3452 3451 3610 1626 1625 3610 3609 3608 3610 1628 1626 3610 3608 1628 3611 3452 3609 3611 3458 3452 3610 3611 3609 3611 3610 3612 3610 1625 3612 3611 3612 3613 3614 3611 3613 3614 3458 3611 3615 3458 3614 3615 3455 3458 3468 3455 3615 1640 3616 1639 1640 3450 3616 3617 3450 3449 3617 3616 3450 3618 3449 3448 3618 3617 3449 3619 3618 3448 3619 3448 3620 3620 3448 3447 3619 3620 3621 3619 3621 3622 3620 3623 3621 3620 3447 3624 3620 3624 3623 3624 3447 3459 3624 3625 3623 3624 3459 3626 3624 3626 3625 3626 3627 3625 3626 3628 3627 3626 3629 3628 3626 3459 3629 3629 3459 3445 3630 3445 3444 3629 3445 3630 3630 3444 3631 3632 3622 3621 3633 3621 3623 3632 3621 3633 1652 3632 3633 1652 3634 3632 1652 1642 3634 1652 1643 1642 3633 1653 1652 3633 3623 3635 3635 3623 3625 3633 3635 1653 3635 1647 1653 3635 3625 3636 3635 3636 1647 3636 3625 3627 3636 1648 1647 3636 3627 3637 3636 3637 1648 1647 1651 1653 1647 1649 1651 1681 3638 1683 1681 3639 3638 3639 3640 3638 3641 3642 3643 3641 3644 3642 3641 3645 3644 3641 3646 3645 3647 3645 3646 3647 3648 3645 3649 3648 3647 3649 3650 3648 3647 3646 3651 3647 3651 3652 3653 3651 3646 3653 3646 3641 3653 3654 3651 3653 3655 3654 3656 3655 3653 3656 3641 3643 3656 3653 3641 3656 3657 3655 3658 3655 3657 3658 3659 3655 3658 3660 3659 3658 3661 3660 1669 3661 3658 1669 3662 3661 1669 3663 3662 3664 3663 1669 3664 3665 3663 3664 3666 3665 3667 3668 3669 3670 3671 3667 3667 3669 3670 1661 3672 3666 1664 3666 3664 1661 3666 1664 1664 3664 3673 3674 3675 3676 3674 3677 3675 3674 3676 1657 3678 1660 1663 3678 1663 3679 3679 1663 1665 3679 1665 3680 3680 1665 3681 3680 3681 3682 1657 1656 1667 1657 1667 3674 3683 1660 3678 3683 1662 1660 3684 3683 3678 3684 3678 3685 3685 3678 3679 3684 3685 3686 3684 3686 3687 3686 3685 3688 3685 3679 3688 3688 3679 3680 3686 3688 3689 3689 3688 3690 3690 3680 3682 3688 3680 3690 3689 3690 3691 3691 3690 3692 3690 3682 3692 3691 3692 3693 3693 3692 3694 3693 3694 3695 3692 3696 3694 3692 3682 3696 3682 1674 3696 3682 3681 1674 3681 3673 1671 3681 1671 1674 3673 1668 1671 3664 1669 1668 3673 3664 1668 1669 3658 1670 3697 1670 3658 3697 3658 3657 3696 1674 1675 1676 1670 3697 1676 1672 1670 3698 3656 3643 1676 3697 3698 3698 3697 3657 3698 3643 3640 3698 3657 3656 3698 3640 3639 1676 3698 3699 3698 3639 3699 1677 1676 3699 3694 3696 3700 3696 1675 3700 3700 1675 1678 3695 3694 3701 3694 3700 3701 3695 3701 3702 3701 3700 3703 3700 1678 3703 1679 3699 3639 1679 3639 1681 1677 3699 1679 3703 1678 1680 3703 1680 1685 1684 1682 1686 1684 1686 3704 3703 1685 3705 3705 1685 1684 3701 3703 3706 3703 3705 3706 3702 3701 3706 3705 1684 3707 3707 1684 3704 1812 3705 3707 1812 3707 1810 3707 3704 3708 1810 3707 3708 1810 3708 3709 1810 3709 3710 1810 3710 1811 3711 3705 1812 3711 3706 3705 3702 3706 3711 3712 3702 3711 3713 3695 3702 3713 3702 3712 3714 3695 3713 3714 3693 3695 3715 3693 3714 3715 3691 3693 3716 3689 3691 3716 3691 3715 3717 3686 3689 3717 3689 3716 3718 3687 3686 3718 3686 3717 3719 3687 3718 3719 3720 3687 3721 3687 3720 3721 3683 3684 3721 3684 3687 3722 1662 3683 3721 3722 3683 3722 1666 1662 1711 1705 1718 1711 1703 1705 1711 1718 1720 1720 3503 3502 1720 3502 3723 1711 1720 3723 3723 3502 3504 3724 3500 3503 3724 3503 1720 3725 3499 3500 3724 3725 3500 3725 3726 3499 3726 3498 3499 3726 3727 3498 3727 3497 3498 3727 3728 3497 3724 1720 1721 3723 3504 3729 3729 3504 3506 3723 3729 1707 3723 1707 1711 3729 1708 1707 3730 3506 3508 3729 3730 1708 3729 3506 3730 3730 1709 1708 3730 3508 3731 3730 3731 1709 3384 3732 3733 1395 3734 3390 3384 3734 3732 3734 3735 3732 3734 3736 3735 3732 3735 3737 3733 3732 3738 3732 3737 3738 3738 3737 3739 3738 3739 3740 3740 3739 3741 3740 3741 3742 3742 3741 3743 3742 3743 3744 3744 3743 3745 3744 3745 3746 3746 3745 3747 3746 3747 1730 1730 3747 1723 1730 1723 1722 1734 3746 1730 3748 1734 1733 1734 3748 3746 3749 3746 3748 3749 3744 3746 3750 3744 3749 3750 3742 3744 3751 3740 3742 3751 3742 3750 3752 3738 3740 3733 3738 3752 3752 3740 3751 3748 1733 3753 3753 3749 3748 3754 3750 3749 3753 3754 3749 3754 3755 3750 3755 3751 3750 3756 3752 3751 3755 3756 3751 3756 3757 3752 3733 3752 3757 3384 3733 1748 3384 1748 1389 3733 3757 1748 3758 3754 3753 3753 1739 3758 3753 1733 1739 3758 1739 1737 3758 1737 3759 1736 3759 1737 1736 3760 3759 3759 3760 3761 3759 3761 3762 3758 3759 3762 3762 3761 3763 3762 3763 3764 3764 3763 3765 3764 3765 3766 3766 3765 3767 3766 3767 3768 3768 3767 3769 3768 3769 3770 3770 3769 3771 3772 1386 1390 3770 3772 1390 3770 3771 3772 3773 3382 3381 3772 3771 3773 3774 3381 1384 3772 3773 3774 3772 3774 1386 3774 1384 1386 3773 3381 3774 3775 3762 3764 3758 3762 3775 3775 3755 3754 3758 3775 3754 3776 3757 3756 3776 3766 3768 3777 3776 3756 3775 3777 3755 3777 3756 3755 3777 3764 3766 3775 3764 3777 3777 3766 3776 3770 1390 1747 3776 3768 3778 3778 3770 1747 1748 3757 3778 3778 3768 3770 3776 3778 3757 1748 3778 1747 1733 1732 1750 1733 1750 1739 1736 3779 3760 3779 3761 3760 1736 1756 3779 3780 3763 3761 3779 3780 3761 3781 3765 3763 3780 3781 3763 3781 3782 3765 3782 3767 3765 3782 3783 3767 3783 3769 3767 3783 3784 3769 3784 3771 3769 3784 3785 3771 3785 3773 3771 3785 3786 3773 3787 3380 3382 3773 3786 3787 3773 3787 3382 3788 3781 3780 3789 3780 3779 3789 3788 3780 3789 3779 1756 3789 1756 1757 3790 3784 3783 3791 3783 3782 3791 3790 3783 3792 3782 3781 3788 3792 3781 3792 3791 3782 3786 1759 3787 3786 1760 1759 3785 1760 3786 3787 1759 1762 3793 1758 1761 3793 1785 1758 3784 1765 3785 3785 1765 1760 3794 3795 1764 3794 3796 3795 3797 3795 3796 3797 3793 3795 3797 3796 3798 3799 3798 3796 3799 3796 3800 1769 1766 1394 1769 1767 1766 1769 1394 1399 1769 3801 1767 1770 1768 3800 1773 3801 1769 1773 1769 1771 1784 1782 1779 1787 1786 1783 1787 1783 1790 1791 1790 1783 1791 1783 1788 1787 1790 1789 3802 1789 1792 1791 3803 1792 3802 1792 3803 3804 3802 3803 3804 3803 3805 3805 3806 3804 3805 3807 3806 3803 3808 3805 3803 3809 3808 3803 3013 3809 3803 3014 3013 1791 3014 3803 3810 3807 3805 3810 3811 3807 3807 3812 3806 3807 3813 3812 3811 3813 3807 3814 3812 3813 3814 3815 3812 3814 3813 3816 3811 3816 3813 3814 3816 3817 3371 3818 3372 3814 3817 3818 3371 1795 3818 3814 3818 1795 3815 3814 1795 1795 3371 3375 3815 1795 1794 3376 1793 3375 1795 3375 1793 3819 3374 3372 3819 3818 3817 3819 3372 3818 3376 3820 1793 3821 3376 3380 3787 3821 3380 3787 1762 3821 3821 3820 3376 1763 3822 1762 3822 1794 1793 3822 3821 1762 3822 1793 3820 3822 3820 3821 1787 3823 1763 1763 3823 3822 1787 3824 3823 1787 1789 3824 1784 3825 1782 1796 3825 1784 1796 3826 3825 3827 1785 3793 3827 3826 1796 3827 1796 1785 3797 3828 3793 3827 3793 3828 3363 3368 3829 3363 3829 3830 3368 3831 3829 3373 3831 3369 3368 3369 3831 3831 3832 3829 3831 3833 3832 3831 3373 3834 3831 3834 3833 3829 3832 3835 3829 3835 3830 3363 3830 3836 3363 3836 3362 3837 3362 3836 3836 3838 3837 3839 3830 3835 3839 3836 3830 3836 3839 3838 3837 3838 3840 3837 3840 3841 3837 3841 3842 3837 3842 3843 3837 3843 3362 3843 3360 3357 3360 3843 3842 3843 3357 3362 3808 3844 3842 3360 3842 3844 3808 3845 3844 3360 3845 3361 3360 3844 3845 3808 3809 3845 3361 3845 1799 3361 1799 1798 3809 3013 1799 3809 1799 3845 3846 3711 1812 3712 3711 3846 3846 1812 1809 3321 3847 3319 3847 3317 3314 3847 3314 3319 3321 3325 3847 3325 3848 3847 3325 3328 3848 3847 3849 3317 3847 3848 3849 3317 3850 3315 3317 3849 3850 3647 3652 3851 3647 3851 3649 3851 3651 3654 3851 3652 3651 3851 3654 3852 3852 3654 3655 3852 3655 3659 3851 3852 1813 3853 3660 3661 3853 3661 3662 3853 3659 3660 3853 3852 3659 3851 1813 1816 3650 3649 1816 3851 1816 3649 3650 1816 3854 1814 3853 3662 1814 3852 3853 1814 1813 3852 1814 3662 3855 3856 3857 3671 3670 3858 3671 3856 3671 3858 1815 1814 3855 1815 3854 1816 1815 3855 3857 1815 3857 3856 1815 3856 3859 1815 3859 3854 3734 1395 1817 3734 1817 3736 1388 3379 3860 1420 1388 3860 1420 3860 3861 1420 3861 1376 3862 3383 1418 3862 1418 1421 3387 3383 3863 3862 3863 3383 3862 1421 3864 1421 3391 3864 3865 1561 3569 3865 1562 1561 3866 3865 3569 3866 3569 3867 3867 3570 3571 3867 3569 3570 3554 1819 3571 3554 1821 1819 3867 3571 1819 3867 1819 1818 3867 1818 1825 3867 1825 3866 1828 1820 1822 1828 1822 3868 3868 1822 1823 3869 1828 3868 3869 3870 1828 3870 1827 1828 3550 3871 3551 3871 3869 3868 3872 1554 3551 3872 1823 1554 3868 1823 3872 3871 3868 3872 3872 3551 3871 3873 1824 1827 3873 1826 1824 3874 3873 1827 3875 1827 3870 3874 1827 3875 3875 3876 3874 3875 3877 3876 3875 3878 3877 3875 3870 3879 3879 3870 3869 3875 3879 3878 3879 3869 3880 3880 3869 3871 3880 3878 3879 3880 3881 3878 3871 3550 3882 3882 3881 3880 3880 3871 3882 3882 3883 3881 3550 3883 3882 3547 3884 3550 3550 3884 3883 3547 3545 3884 3529 3531 3885 3877 3878 3885 3877 3885 3886 3886 3531 3532 3886 3885 3531 3878 3887 3885 3529 3885 3887 3878 3881 3887 3526 3529 3887 3881 3888 3887 3881 3883 3888 3888 3525 3526 3526 3887 3888 3883 3884 3889 3883 3889 3888 3522 3525 3889 3888 3889 3525 3543 3522 3890 3545 3543 3890 3884 3545 3890 3884 3890 3889 3522 3889 3890 3877 3891 3876 3532 3535 3891 3877 3886 3891 3532 3891 3886 3892 1535 1534 3475 3892 3472 3892 1534 3472 3475 3893 3892 3894 3483 3486 3475 3894 3893 3475 3476 3894 3894 3476 3478 3894 3478 3483 3894 3895 3893 3892 3893 3895 3894 3486 3896 3894 3896 3895 3895 3896 3897 3895 3897 3898 3896 3899 3897 3896 3486 3899 3900 3899 3486 3900 3486 3487 3892 3895 3901 3901 3895 3898 1830 3892 3901 1830 1535 3892 3901 3898 3902 1830 3901 3902 1830 3902 3903 1830 1832 1829 1830 3903 1832 3904 3443 3440 3904 3440 3905 3440 3437 3906 3440 3906 3905 3436 3906 3437 3907 3373 3374 3907 3374 3819 3907 3834 3373 3330 3908 3329 3330 3332 3908 3332 3345 3909 3332 3909 3908 3339 3909 3345 3339 3910 3909 3911 3339 3340 3911 3910 3339 3912 3911 3340 3912 3340 3341 3913 3341 3346 3913 3912 3341 3914 3346 3349 3914 3913 3346 1842 3914 3349 1842 3349 1356 3839 3915 3838 3916 1589 1585 3916 1585 3601 2283 2282 2285 2283 2285 2284 2283 2284 2288 2283 2288 2783 2291 2287 2290 2441 2439 1084 2441 1084 1086 2457 2451 2453 2457 2454 2451 2455 2441 2440 2457 2453 3917 2455 3917 2453 2455 2473 3917 2455 2440 2473 2457 3917 3918 2458 2457 3918 2458 3918 3919 3920 2458 3919 3920 2459 2458 3920 3919 2470 2471 3918 3917 3919 2471 2470 3919 3918 2471 2471 3917 2472 2473 2472 3917 2534 3921 2533 2532 2533 3921 2534 2596 3921 2534 2597 2596 2534 3922 2597 3923 2541 2537 3924 2537 2538 3923 2537 3924 3924 3925 3923 3924 3926 3925 3924 2538 3926 3923 3925 3927 3923 3927 2665 3925 3926 3928 3925 3928 3929 3925 3929 3930 3925 3930 3927 3928 2970 3929 3930 3929 2970 3930 2970 2976 3930 2976 2570 3930 2570 2569 3926 2538 3931 3926 3931 3928 3931 2538 2539 3928 3931 2543 3928 2543 2545 3928 2545 2970 2581 3921 2596 2581 2582 3921 2585 2579 2551 2585 2582 2579 2585 3921 2582 2585 2584 3921 2532 3921 2584 3931 2583 2543 3931 2586 2583 3931 2539 2586 2532 2584 2586 2532 2586 2539 2598 2595 2597 3932 3312 1337 3932 3311 3312 3932 2656 2659 3932 2657 2656 3932 1337 2657 3923 2665 2662 3923 2662 2541 2666 3932 2659 2666 2659 2663 3932 3933 3311 3933 3932 2666 2665 3927 2664 3920 2470 3934 3935 3936 3937 3935 3938 3936 2691 3938 3935 3939 2691 3935 3939 3935 3940 3941 3939 3940 3941 3940 3942 2674 3941 3942 2674 3942 3943 3943 2675 2674 3944 2675 3943 3945 3944 3943 3946 3943 3942 3946 3947 3943 3945 3943 3947 3946 3948 3947 3946 3949 3948 3947 3948 3950 3947 3950 3951 3945 3947 3951 3951 3952 3945 3951 3953 3952 3954 3952 3953 3955 3952 3954 3955 3945 3952 3955 3944 3945 3955 3954 3956 3956 3954 3957 3956 3957 3958 3958 3957 3959 3960 3957 3954 3959 3957 3960 3959 3960 3961 3962 3959 3961 3962 3963 3959 3963 3964 3959 3958 3959 3964 3963 3965 3964 3960 3954 3966 3954 3953 3966 2668 3963 3962 2668 3962 3967 3968 3965 3963 3969 3963 2668 3968 3963 3969 3967 2669 2668 3967 3970 2669 3969 2668 2667 3969 2667 2672 2671 3968 3969 3969 2672 2671 2671 3971 3968 2671 2676 3971 2671 2670 2676 2677 3941 2674 2677 2678 3941 3941 2678 2683 3941 2683 3939 2682 2690 2683 3939 2683 2690 3939 2690 2691 2682 3972 2690 2682 2699 3972 2682 2680 2699 2681 2699 2680 2681 2697 2699 2669 2697 2681 3970 2685 2669 2669 2685 2697 3970 2686 2685 2697 2685 2684 2690 3972 3973 2690 3973 2688 2697 2684 2698 3972 3974 3973 3972 2699 3974 2699 2696 3974 2702 3974 2696 2702 2701 3974 2691 2704 3938 3975 2710 2709 3975 3976 2710 3977 2710 3976 3977 2715 2710 3976 3978 3977 3976 3979 3978 3979 3980 3978 3979 3981 3980 3980 3981 3982 3983 3982 3981 3983 3981 3984 3984 3985 3983 3984 3986 3985 3980 3982 3987 3987 3982 3988 3989 3983 3985 3989 3988 3982 3989 3982 3983 3989 3985 3990 3991 3989 3990 3991 3990 3992 3993 3990 3985 3993 3992 3990 3986 3993 3985 3993 3994 3992 3995 3988 3989 3995 3989 3991 3987 3988 3995 3986 3996 3993 3996 3994 3993 3996 3997 3994 3996 3998 3997 3996 3999 3998 4000 3986 3984 4000 3996 3986 4000 3999 3996 4000 3984 4001 4001 3984 3981 3976 4001 3979 4001 3981 3979 3976 3975 4001 3999 4002 3998 3999 4003 4002 4001 3975 4004 3999 4004 4003 3999 4000 4004 4001 4004 4000 4003 4005 4002 4003 4006 4005 4003 2707 4006 3975 2709 2707 3975 2707 4004 4003 4004 2707 4006 4007 4005 4006 4008 4007 4006 2706 4008 4006 2707 2706 2786 2795 2787 2786 4009 2795 2786 4010 4009 4011 4009 4010 4011 4010 4012 4011 4012 4013 4013 4012 4014 4012 4015 4014 4014 4015 4016 4014 4016 4017 4016 4018 4017 4019 4018 4016 4018 4020 4017 4019 4021 4018 4019 4022 4021 4019 4023 4022 4022 4023 4024 4023 4025 4024 4023 4026 4025 4023 4027 4026 4023 4028 4027 4023 4029 4028 4023 4030 4029 4019 4030 4023 4015 4031 4016 4031 4019 4016 4030 4031 4029 4031 4030 4019 4031 4032 4029 4031 4033 4032 4015 4034 4031 4031 4034 4033 4035 4029 4032 4022 4024 4036 4015 4037 4034 4037 4033 4034 4015 4038 4037 4012 4038 4015 4010 4038 4012 2786 4039 4010 4010 4039 4038 4037 4038 4039 4037 4039 4040 4037 4040 4041 4037 4041 4042 4037 4042 4033 4042 4041 4043 4042 4043 4044 4042 4045 4033 4042 4044 4045 4045 4032 4033 4043 4041 4046 4043 4046 4047 2788 4041 4040 2788 4040 4039 2788 4046 4041 2788 4039 2786 2788 2790 4046 2788 2785 2790 4047 4046 2790 4047 2790 2792 4009 2798 2795 4009 4048 2798 4011 4048 4009 2806 2800 4049 2806 4049 4050 4051 4050 4049 4051 4049 4052 4051 4052 4053 4051 4053 4054 4054 4053 4055 4054 4055 4056 4056 4055 4057 4055 4058 4057 4055 4059 4058 4060 4059 4055 4060 4061 4059 4061 4060 4062 4060 4063 4062 4064 4062 4063 4065 4059 4061 4066 4061 4062 4065 4061 4066 4067 4058 4059 4067 4059 4065 4065 4066 4068 4065 4068 4069 4066 4070 4068 4066 4071 4070 4066 4062 4072 4072 4071 4066 4072 4073 4071 4074 4071 4073 4074 4075 4071 4076 4071 4075 4076 4070 4071 4077 4070 4076 4078 4068 4070 4077 4078 4070 4077 4079 4078 4077 4080 4079 4078 4079 4081 4078 4081 4082 4078 4082 4068 4082 4069 4068 4082 4081 4083 4082 4083 4084 4082 4084 4069 4084 4083 4085 4084 4085 4086 4084 4086 4087 4087 4065 4069 4084 4087 4069 4088 4067 4065 4087 4088 4065 4088 4089 4067 4089 4090 4067 4090 4058 4067 4089 4091 4090 4090 4091 2809 4090 2809 2808 4092 4057 4058 2808 4092 4090 4090 4092 4058 2808 2815 4092 2815 4093 4092 4092 4093 4057 2815 2816 4093 2816 4094 4093 2816 4095 4094 4093 4094 4096 4056 4057 4096 4093 4096 4057 2808 2812 2815 2808 2807 2812 2816 2814 2818 2816 2818 4095 4097 4098 4099 4097 4100 4098 4101 4100 4097 4102 4100 4101 4103 4102 4101 4103 4104 4102 4104 4103 4105 4104 4105 4106 4106 4105 2821 4106 2821 2820 4107 2823 2822 4108 2823 4107 4108 2824 2823 4109 2824 4108 4109 2832 2824 4109 4108 4110 4109 4110 4111 4111 4110 4112 4111 4112 4113 4113 4112 4114 4113 4114 4115 4115 4116 4113 4115 4117 4116 4112 4110 4118 4108 4118 4110 4108 4107 4118 4112 4118 4119 4112 4119 4120 4112 4120 4114 4118 4121 4119 4118 4122 4121 4107 4122 4118 4119 4123 4120 4119 4121 4123 2827 4116 4117 2827 2826 4116 4116 2826 4124 4125 4111 4113 4125 4113 4116 4116 4124 4125 4126 4111 4125 4126 4109 4111 4107 2822 2836 4107 2836 4122 2836 4127 4122 2836 2837 4127 4128 4124 2826 4128 2826 2828 4129 4124 4128 4129 4130 4124 4130 4125 4124 4130 4126 4125 4109 4126 2831 4109 2831 2832 4130 2831 4126 4130 2829 2831 2821 2835 2822 4105 4131 2821 2821 4131 2835 4131 2839 2835 2838 2839 2842 2838 2842 4132 2838 4132 4133 2838 4133 4134 2837 4134 4127 2837 2838 4134 4134 4133 4135 4134 4135 4136 4127 4134 4136 4122 4127 4137 4127 4136 4137 4122 4137 4121 4138 4123 4121 4138 4121 4137 4137 4136 4139 4137 4139 4138 4136 4140 4139 4136 4135 4140 4135 4141 4140 4135 4142 4141 4135 4133 4143 4132 4143 4133 4135 4143 4142 4132 4144 4143 4132 2842 2841 4132 2841 4144 4145 2840 2842 4145 2842 2839 4131 4145 2839 4146 4145 4131 4105 4146 4131 4103 4146 4105 4147 4103 4101 4103 4147 4146 4148 2840 4145 4146 4148 4145 4148 4149 2840 4149 2843 2840 4149 4150 2843 4101 4097 4151 4147 4101 4151 4147 4151 4152 4153 4149 4148 4146 4153 4148 4147 4152 4153 4146 4147 4153 4153 4154 4149 4154 4150 4149 4154 4153 4152 4154 4155 4150 4154 4156 4155 4154 4157 4156 4154 4152 4157 4151 4158 4152 4157 4152 4158 4158 4097 4099 4151 4097 4158 4157 4159 4156 4157 4158 4160 4157 4160 4159 4159 4160 4161 4159 4161 4162 4163 4160 4158 4163 4161 4160 4158 4099 4163 4163 4099 4164 4099 4098 4165 4099 4165 4164 4166 4165 4098 4166 4098 4167 4167 4098 4100 4102 4168 4100 4167 4100 4168 4169 4168 4102 4104 4169 4102 4104 4170 4169 4104 4171 4170 4106 4171 4104 4172 4170 4171 4172 4171 4173 4174 4172 4173 4174 4173 4175 4176 4174 4175 4176 4177 4174 4172 4174 4177 4176 4178 4177 4170 4179 4169 4172 4177 4179 4170 4172 4179 4176 4180 4178 4176 4181 4180 4176 4175 2845 4181 4176 2845 4181 2845 4182 4182 2845 2844 4130 2846 2829 4130 4129 2846 4182 2844 2847 2848 2833 2830 2845 4175 2848 2848 4183 2833 4175 4183 2848 4175 4173 4183 4183 2834 2833 4173 4184 4183 4173 4171 4184 4184 2820 2834 4184 4171 4106 4183 4184 2834 4184 4106 2820 4178 4185 4186 4178 4180 4185 4187 4186 4185 4187 4188 4186 4178 4186 4189 4178 4189 4177 4177 4189 4190 4177 4190 4179 4191 4167 4168 4179 4191 4169 4169 4191 4168 4179 4190 4191 4186 4192 4189 4192 4190 4189 4186 4188 4192 4192 4193 4190 4193 4191 4190 4193 4194 4191 4191 4194 4167 4192 4188 4195 4196 4195 4188 4196 4188 4187 4192 4195 4197 4197 4193 4192 4197 4198 4193 4198 4194 4193 4198 4199 4194 4167 4194 4199 4167 4199 4166 2851 2856 2849 2851 2889 2856 4200 2853 2854 4200 4201 2853 4200 2854 2859 3916 2859 1589 3916 4202 2859 4200 2859 4202 4201 4203 2853 4201 4204 4203 4205 2853 4203 4205 2852 2853 2850 2852 4205 4205 4203 4206 4206 4203 4204 4206 4204 4207 2910 2904 2907 2910 2903 2904 4208 4027 4028 4208 2912 2915 4208 2915 4027 4208 2916 2912 4209 2916 4208 2910 4209 2903 2910 2916 4209 4210 4208 4028 4210 4028 4029 4209 4208 4210 4211 2903 4209 4211 2902 2903 4211 4209 4210 4211 2900 2902 4212 4029 4035 4212 4210 4029 4211 4210 4212 4211 4213 2900 4212 4213 4211 4212 4214 4213 4215 4212 4035 4215 4214 4212 4216 4035 4032 4045 4216 4032 4216 4215 4035 2915 4217 4027 2915 2914 4217 4218 4026 4027 4218 4027 4217 4219 4026 4218 4219 4025 4026 4220 4025 4219 4221 4024 4025 4220 4221 4025 4220 4222 4221 4220 4223 4222 4221 4222 4224 4225 4036 4024 4221 4225 4024 4221 4224 4225 4225 4224 4226 4225 4227 4036 4225 4226 4227 4227 4226 4228 4227 4228 4229 4227 4229 4230 4227 4230 4036 4230 4022 4036 4231 4021 4022 4230 4231 4022 4231 4232 4021 4233 4222 4223 4234 4224 4222 4233 4234 4222 2927 4234 4233 2927 4233 4235 2927 4235 2917 2927 2917 2919 4234 2927 2928 4234 4236 4224 4234 2928 4236 4236 4226 4224 4236 2928 2923 4236 2923 4237 4237 4228 4226 4236 4237 4226 4237 2923 2922 4237 4238 4228 4237 2922 4238 2923 2928 2926 2923 2926 2924 2953 4239 4240 2953 2955 4239 4240 4239 4241 4242 4243 4244 4242 4244 4245 4242 4245 4246 4242 4246 4247 4248 4247 4246 4248 4246 4249 4250 4248 4249 4250 4249 4251 4248 4252 4247 4248 4253 4252 4254 4247 4252 4254 4242 4247 4254 4252 4255 4254 4255 4256 4257 4258 4256 4257 4256 4259 4257 4259 4260 4257 4260 4261 4262 4257 4261 4262 4261 4263 4262 4263 4264 4265 4262 4264 4265 4264 4266 4265 4266 4267 4268 4269 4270 4271 4270 4269 4271 4272 4270 4273 4268 4274 4268 4273 4269 2936 4267 4275 2936 2939 4267 2939 4265 4267 2939 4276 4265 4277 4272 4278 4277 4278 4279 4277 2934 4272 4280 2938 2935 4280 4281 2938 4281 2940 2938 4281 4282 2940 4282 4283 2940 4282 4284 4283 2934 2942 2931 2934 4277 2942 4285 2935 2937 4285 4280 2935 4286 4280 4285 4287 4281 4280 4286 4287 4280 4286 4288 4287 4286 4289 4288 4287 4290 4281 4290 4282 4281 4288 4290 4287 4288 4291 4290 4290 4292 4282 4291 4292 4290 4292 4284 4282 4291 4293 4292 4293 4294 4292 4292 4294 4284 4293 4295 4294 4295 4296 4294 4295 4297 4296 4294 4298 4284 4294 4296 4298 4299 4289 4286 4299 4286 4285 4300 4285 2937 4300 2937 2941 4299 4285 4300 4299 4301 4289 4302 4293 4291 4303 4302 4291 4303 4291 4288 4304 4303 4288 4304 4288 4289 4305 4297 4295 4306 4295 4293 4302 4306 4293 4306 4305 4295 4307 4304 4289 4307 4289 4301 4305 4308 4297 4308 4309 4297 4297 4309 4310 4297 4310 4296 4296 4311 4298 4296 4310 4311 4298 4311 2949 4284 4298 4312 4284 4312 4283 4298 2949 4312 4283 4312 2943 4283 2943 4276 4265 2945 4262 4276 2943 2945 4276 2945 4265 2945 4313 4262 4262 4313 4257 2945 2944 4313 4314 4258 4257 4314 4257 4313 4312 2949 2946 4312 2946 2943 2947 4313 2944 2947 4314 4313 4315 4243 4316 2947 4315 4314 4315 4316 4258 4315 4241 4243 4315 4240 4241 4315 4258 4314 4315 4317 4240 2947 4317 4315 2948 4317 2947 4311 2950 2949 4310 4318 4311 4311 4318 2950 2951 2953 4240 2951 4240 4317 2948 2951 4317 4318 2952 2950 4318 2957 2952 2956 2958 2954 2956 4319 2958 4320 2956 2957 4318 4320 2957 4310 4321 4318 4318 4321 4320 4309 4321 4310 4320 4322 2956 4322 4319 2956 2961 4322 4320 2961 2960 4322 2960 4323 4322 4322 4323 4319 2960 4324 4323 2960 4325 4324 2960 2962 4325 4326 2961 4320 4309 4326 4321 4326 4320 4321 4327 4326 4309 4308 4327 4309 4328 2961 4326 4327 4328 4326 4328 2959 2961 2987 2980 2979 2987 2994 2980 2987 2996 2994 2996 4079 4080 2987 4329 2996 4329 4081 4079 2996 4329 4079 4330 4080 4077 4330 2996 4080 4331 4077 4076 4330 4077 4331 4331 4076 4332 4332 4076 4075 4332 4075 4333 4333 4075 4074 4333 4074 4334 4330 2997 2996 4329 4335 4081 4335 4083 4081 4329 2987 2985 4329 2985 4335 4335 2985 2984 4335 2984 4336 4336 4085 4083 4335 4336 4083 4336 2984 2983 4336 4337 4085 4336 2983 4337 4338 3737 3735 4339 1817 1770 4339 3736 1817 3794 4338 4339 4339 4338 3735 4339 3735 3736 1770 3800 4339 3794 4340 4338 4340 4341 4338 4341 3739 3737 4338 4341 3737 4342 3741 3739 4341 4342 3739 4342 4343 3741 4343 3743 3741 4344 3745 3743 4343 4344 3743 4345 3747 3745 4344 4345 3745 4345 3003 3747 3003 1723 3747 3003 2998 1723 3007 3003 4345 4346 3006 3007 3007 4345 4346 4347 4345 4344 4347 4346 4345 4348 4347 4344 4348 4344 4343 4349 4348 4343 4349 4343 4342 4350 4349 4342 4350 4342 4341 4340 4350 4341 4351 3789 1757 4346 4351 3006 4351 4346 4347 4351 1757 3006 4351 4347 4352 3789 4352 3788 4352 4347 4348 3789 4351 4352 3788 4352 4353 4352 4348 4353 4353 4348 4349 3788 4353 3792 4353 4349 4354 4354 4349 4350 3792 4353 4354 3792 4354 3791 3791 4354 4355 4340 4355 4350 4354 4350 4355 3791 4355 3790 3794 1764 3011 3794 3011 4340 3011 3790 4355 4340 3011 4355 3006 3008 3005 3006 1757 3008 3011 3010 3790 3790 3010 3784 3784 3010 1765 3811 4356 3816 3811 4357 4356 3816 4356 4358 3816 4358 3817 3819 3817 4358 4358 4356 4359 4358 4359 4360 3907 3819 4361 4358 4361 3819 4358 4360 4361 4356 4357 4362 4356 4362 4359 3811 3810 4363 3811 4363 4357 4364 3841 3840 4364 3842 3841 4364 4363 3810 4363 4364 4365 4364 3840 4365 4366 4357 4363 4363 4365 4366 4366 4362 4357 4364 4367 3842 4364 3810 4367 3808 3842 4367 4367 3805 3808 4367 3810 3805 1781 3022 1780 4368 3022 4369 1781 4369 3022 4368 3024 3022 4370 3024 4368 4370 1773 3023 4370 3801 1773 4370 3023 3024 4370 4368 4371 4370 4372 3801 4370 4371 4373 4370 4373 4372 3942 3940 4374 4374 3940 3935 4374 3935 3937 3942 4374 3946 3946 4375 3949 3946 4374 4375 4374 4376 4375 4374 3937 4376 3937 4377 4376 3937 3936 4377 4378 4255 4252 4248 4378 4253 4248 4250 4378 4378 4252 4253 4379 4256 4255 4378 4379 4255 4379 4259 4256 4378 3025 4379 4380 4259 4379 4380 4260 4259 4380 4263 4261 4380 4261 4260 4251 3028 4250 4378 3028 3025 4378 4250 3028 4251 4381 3028 3027 4263 4380 3027 4380 4379 3027 4379 3025 3027 4382 4263 4383 4274 4384 4273 4274 4385 4383 4385 4274 3026 4382 3027 3026 4383 4384 3026 3028 4381 3026 4384 4382 3026 4386 4383 3026 4381 4386 4387 4049 2800 4387 2800 2802 4052 4049 4387 4052 4387 4388 4389 4055 4053 4052 4389 4053 4052 4388 4389 4389 4060 4055 4389 4063 4060 4389 4388 4390 4387 4390 4388 4389 4390 4391 4389 4391 4063 4390 4392 4391 4390 4393 4392 4391 4394 4063 4391 4392 4394 4395 4064 4063 4395 4063 4394 4387 4396 4390 4396 4393 4390 3030 4387 2802 3030 4396 4387 3030 4397 4396 4396 4397 4393 3030 4398 4397 3030 3032 4398 3030 3029 3032 4399 4017 4020 4399 4400 4017 4017 4401 4014 4013 4014 4401 4017 4400 4401 3951 4402 3953 3951 3950 4402 3953 4403 3966 3960 3966 4403 3953 4402 4403 3960 4403 4404 4405 3961 3960 4405 3960 4404 4406 3961 4405 4406 3962 3961 4407 3962 4406 4407 3967 3962 4408 3967 4407 4408 3970 3967 3039 2686 3970 3039 3970 4408 4366 4365 4409 4163 4164 4410 4410 4161 4163 4162 4161 4411 4410 4411 4161 4162 4411 4412 4413 510 512 3385 1387 3383 3385 1389 1387 4414 3386 3388 4414 3390 3386 3390 3384 3386 1392 3390 4414 1392 4414 4415 1393 1392 4415 1393 4415 4416 1393 3396 3389 1393 4416 3396 3640 4417 3638 3640 4418 4417 3643 4418 3640 3643 3642 4418 3665 3666 3671 3666 3672 3671 3671 3672 3667 3668 3667 3672 4419 3669 3668 4419 3668 3676 3668 3672 1658 3676 3668 1658 1658 3672 1661 1658 1661 1659 4420 4421 3675 4420 3675 3677 3676 1658 1657 1665 1664 3673 1665 3673 3681 3390 3734 3384 3795 3793 1761 3795 1761 1764 3800 3796 3794 1768 3799 3800 1768 4422 3799 1767 4422 1768 1767 4423 4422 4424 4417 4418 4424 4418 4425 3855 3662 3663 3855 3663 3665 3857 3855 3665 3857 3665 3671 4241 4239 4426 4241 4426 4427 4243 4241 4427 4243 4427 4244 4316 4242 4254 4316 4243 4242 4316 4254 4256 4316 4256 4258 4266 4274 4267 4267 4274 4275 4274 4268 4275 4270 4275 4268 4270 2933 4275 4272 2933 4270 2933 2936 4275 2933 2932 2936 4428 4278 4429 4428 4279 4278 4272 2934 2933 2940 4276 2939 2940 4283 4276 3800 3794 4339 1767 3801 4372 1767 4372 4423 4430 4427 4426 4430 4431 4427 4382 4264 4263 4382 4266 4264 4384 4274 4266 4384 4266 4382 4421 4419 3676 4421 3676 3675 4429 4272 4271 4429 4278 4272</p>
        </triangles>
      </mesh>
    </geometry>
  </library_geometries>
  <library_controllers>
    <controller id="Controller">
      <skin source="#Geometry">
        <bind_shape_matrix>1 0 0 0 0 1 0 0 0 0 1 0 0 0 0 1</bind_shape_matrix>
        <source id="Controller-joints">
          <Name_array id="Controller-joints-array" count="54">J_middle01_r J_wing02_l J_ring01_r J_pinky01_l J_tail02 J_hand_l J_tail01 J_elbow_r J_spine02 J_tail04 J_pinky01_r J_wing01_r J_arm_l J_wing03_l J_hand_r J_leg_r J_ring01_l J_neck J_middle02_l J_shoulder_r J_root J_middle02_r J_wing04_r J_pinky02_r J_wing02_r J_knee_l J_center J_tail06 GRP_joint J_shoulder_l J_ring02_r J_spine01 J_middle01_l J_toe_r J_tail03 J_wing04_l J_ring02_l J_elbow_l J_foot_r J_knee_r J_wing01_l J_toe_l CharacterFaceCenterTarget CharacterCenterTarget J_head J_leg_l J_jaw J_foot_l J_pinky02_l J_arm_r J_tail05 J_wing03_r chr208 _14_prefab</Name_array>
          <technique_common>
            <accessor source="#Controller-joints-array" count="54" stride="1">
              <param name="JOINT" type="Name"/>
            </accessor>
          </technique_common>
        </source>
        <source id="Controller-bind_poses">
          <float_array id="Controller-bind_poses-array" count="864">0.103093 0 0 0.036281 0 0.103093 0 -0.055077 0 0 0.103093 0.000084 0 0 0 1 0.103093 0 0 -0.003969 0 0.103093 0 -0.068046 0 0 0.103093 0.01548 0 0 0 1 0.103093 0 0 0.036113 0 0.103093 0 -0.055802 0 0 0.103093 0.004777 0 0 0 1 0.103093 0 0 -0.036281 0 0.103093 0 -0.055077 0 0 0.103093 0.009336 0 0 0 1 0.103093 0 0 0 0 0.103093 0 -0.03677 0 0 0.103093 0.026675 0 0 0 1 0.103093 0 0 -0.029929 0 0.103093 0 -0.054533 0 0 0.103093 0.005112 0 0 0 1 0.103093 0 0 0 0 0.103093 0 -0.039056 0 0 0.103093 0.015044 0 0 0 1 0.103093 0 0 0.019235 0 0.103093 0 -0.054533 0 0 0.103093 0.005368 0 0 0 1 0.103093 0 0 0 0 0.103093 0 -0.051167 0 0 0.103093 0.006102 0 0 0 1 0.103093 0 0 0 0 0.103093 0 -0.036388 0 0 0.103093 0.047093 0 0 0 1 0.103093 0 0 0.036281 0 0.103093 0 -0.055077 0 0 0.103093 0.009336 0 0 0 1 0.103093 0 0 0.003969 0 -0.103093 0 0.059172 0 0 -0.103093 -0.011685 0 0 0 1 0.103093 0 0 -0.008913 0 0.103093 0 -0.054533 0 0 0.103093 0.004977 0 0 0 1 0.103093 0 0 -0.003969 0 0.103093 0 -0.07215 0 0 0.103093 0.019744 0 0 0 1 0.103093 0 0 0.029929 0 0.103093 0 -0.054533 0 0 0.103093 0.005112 0 0 0 1 0.103093 0 0 0.012567 0 0.103093 0 -0.032269 0 0 0.103093 0.005328 0 0 0 1 0.103093 0 0 -0.036113 0 0.103093 0 -0.055802 0 0 0.103093 0.004777 0 0 0 1 0.103093 0 0 0 0 0.103093 0 -0.061762 0 0 0.103093 0.004106 0 0 0 1 0.103093 0 0 -0.040132 0 0.103093 0 -0.054743 0 0 0.103093 0.000121 0 0 0 1 0.103093 0 0 0.003744 0 0.103093 0 -0.054526 0 0 0.103093 0.004425 0 0 0 1 0.103093 0 0 0 0 0.103093 0 0 0 0 0.103093 0 0 0 0 1 0.103093 0 0 0.040132 0 0.103093 0 -0.054743 0 0 0.103093 0.000121 0 0 0 1 0.103093 0 0 0.003969 0 -0.103093 0 0.069074 0 0 -0.103093 -0.017914 0 0 0 1 0.103093 0 0 0.040132 0 0.103093 0 -0.054743 0 0 0.103093 0.009372 0 0 0 1 0.103093 0 0 0.003969 0 -0.103093 0 0.068046 0 0 -0.103093 -0.01548 0 0 0 1 0.103093 0 0 -0.012567 0 0.103093 0 -0.022945 0 0 0.103093 -0.002099 0 0 0 1 0.103093 0 0 0 0 0.103093 0 -0.038767 0 0 0.103093 0.005808 0 0 0 1 0.103093 0 0 0 0 0.103093 0 -0.037752 0 0 0.103093 0.066985 0 0 0 1 0.103093 0 0 0 0 0.103093 0 0 0 0 0.103093 0 0 0 0 1 0.103093 0 0 -0.003744 0 0.103093 0 -0.054526 0 0 0.103093 0.004425 0 0 0 1 0.103093 0 0 0.040645 0 0.103093 0 -0.055123 0 0 0.103093 0.004823 0 0 0 1 0.103093 0 0 0 0 0.103093 0 -0.038767 0 0 0.103093 0.005808 0 0 0 1 0.103093 0 0 -0.036281 0 0.103093 0 -0.055077 0 0 0.103093 0.000084 0 0 0 1 0.103093 0 0 0.012567 0 0.103093 0 -0.003359 0 0 0.103093 -0.003674 0 0 0 1 0.103093 0 0 0 0 0.103093 0 -0.036191 0 0 0.103093 0.038292 0 0 0 1 0.103093 0 0 -0.003969 0 0.103093 0 -0.069074 0 0 0.103093 0.017914 0 0 0 1 0.103093 0 0 -0.040645 0 0.103093 0 -0.055123 0 0 0.103093 0.004823 0 0 0 1 0.103093 0 0 -0.019235 0 0.103093 0 -0.054533 0 0 0.103093 0.005368 0 0 0 1 0.103093 0 0 0.012567 0 0.103093 0 -0.008658 0 0 0.103093 0.010403 0 0 0 1 0.103093 0 0 0.012567 0 0.103093 0 -0.022945 0 0 0.103093 -0.002099 0 0 0 1 0.103093 0 0 -0.003969 0 0.103093 0 -0.059172 0 0 0.103093 0.011685 0 0 0 1 0.103093 0 0 -0.012567 0 0.103093 0 -0.003359 0 0 0.103093 -0.003674 0 0 0 1 0.103093 0 0 0 0 0.103093 0 -0.067795 0 0 0.103093 -0.023521 0 0 0 1 0.103093 0 0 0 0 0.103093 0 -0.038767 0 0 0.103093 0.005808 0 0 0 1 0.103093 0 0 0 0 0.103093 0 -0.067795 0 0 0.103093 0.002678 0 0 0 1 0.103093 0 0 -0.012567 0 0.103093 0 -0.032269 0 0 0.103093 0.005328 0 0 0 1 0.103093 0 0 0 0 0.103093 0 -0.072949 0 0 0.103093 -0.000907 0 0 0 1 0.103093 0 0 -0.012567 0 0.103093 0 -0.008658 0 0 0.103093 0.010403 0 0 0 1 0.103093 0 0 -0.040132 0 0.103093 0 -0.054743 0 0 0.103093 0.009372 0 0 0 1 0.103093 0 0 0.008913 0 0.103093 0 -0.054533 0 0 0.103093 0.004977 0 0 0 1 0.103093 0 0 0 0 0.103093 0 -0.037053 0 0 0.103093 0.057676 0 0 0 1 0.103093 0 0 0.003969 0 -0.103093 0 0.07215 0 0 -0.103093 -0.019744 0 0 0 1 0.103093 0 0 0 0 0.103093 0 0 0 0 0.103093 0 0 0 0 1 1 0 0 0 0 1 0 0 0 0 1 0 0 0 0 1</float_array>
          <technique_common>
            <accessor source="#Controller-bind_poses-array" count="54" stride="16">
              <param name="TRANSFORM" type="float4x4"/>
            </accessor>
          </technique_common>
        </source>
        <source id="Controller-weights">
          <float_array id="Controller-weights-array" count="3235">1 0.962006 0.037994 0.989229 0.01077 0.961301 0.038699 0.991493 0.008507 0.7 0.3 0.5 0.5 0.1 0.9 0.8 0.2 0.6 0.4 0.8 0.2 0.8 0.2 0.8 0.2 0.9 0.1 0.9 0.1 0.5 0.5 0.5 0.5 0.9 0.1 0.7 0.3 0.7 0.3 0.7 0.3 0.7 0.3 0.5 0.5 0.7 0.3 0.8 0.2 0.6 0.4 0.8 0.2 0.8 0.2 0.8 0.2 0.8 0.2 0.1 0.1 0.8 0.9 0.1 0.5 0.5 0.5 0.5 0.5 0.5 0.7 0.3 0.7 0.3 0.7 0.3 0.5 0.5 0.7 0.3 0.1 0.9 0.8 0.2 0.6 0.4 0.8 0.2 0.8 0.2 0.8 0.2 0.9 0.1 0.9 0.1 0.5 0.5 0.5 0.5 0.9 0.1 0.7 0.3 0.7 0.3 0.7 0.3 0.7 0.3 0.7 0.3 0.5 0.5 0.8 0.2 0.6 0.4 0.8 0.2 0.8 0.2 0.8 0.2 0.8 0.2 0.1 0.1 0.8 0.9 0.1 0.5 0.5 0.5 0.5 0.5 0.5 0.7 0.3 0.7 0.3 0.7 0.3 0.001294 0.998706 0.07193 0.928069 0.001094 0.998905 0.992794 0.007206 0.011437 0.988562 0.152155 0.847845 0.086246 0.913754 0.824334 0.175666 0.424745 0.575255 0.066226 0.933774 0.075648 0.924352 0.0717 0.928299 0.519197 0.480803 0.433377 0.566623 0.039497 0.960503 0.652818 0.347182 0.71024 0.28976 0.00272 0.997279 0.004725 0.995274 0.099921 0.900078 0.10816 0.89184 0.124569 0.875431 0.294297 0.705703 0.165048 0.834952 0.114776 0.885224 0.07193 0.928069 0.001094 0.998905 0.525554 0.474446 0.536334 0.463666 0.934954 0.065045 0.2 0.8 0.1 0.9 0.7 0.3 0.6 0.4 0.7 0.3 0.6 0.4 0.7 0.3 0.1 0.9 0.1 0.9 0.2 0.8 0.1 0.9 0.3 0.7 0.3 0.7 0.3 0.7 0.3 0.7 0.4 0.6 0.3 0.7 0.3 0.7 0.4 0.6 0.4 0.6 0.3 0.7 0.3 0.7 0.1 0.9 0.2 0.8 0.3 0.7 0.5 0.5 0.59753 0.40247 0.3 0.7 0.2 0.8 0.011364 0.185419 0.803217 0.011739 0.002168 0.986093 0.20159 0.79841 0.100482 0.899518 0.097672 0.902327 0.201295 0.798705 0.492603 0.507397 0.003768 0.996231 0.3 0.7 0.001474 0.998525 0.100711 0.899289 0.3 0.7 0.3 0.7 0.3 0.7 0.3 0.7 0.072925 0.927074 0.075648 0.924352 0.6 0.4 0.6 0.4 0.5 0.5 0.5 0.5 0.5 0.5 0.5 0.5 0.5 0.5 0.5 0.5 0.5 0.5 0.2 0.8 0.5 0.5 0.5 0.5 0.5 0.5 0.9 0.1 0.9 0.1 0.9 0.1 0.021808 0.978191 0.311601 0.688399 0.838216 0.161784 0.88541 0.11459 0.8 0.2 0.8 0.2 0.8 0.2 0.5 0.5 0.2 0.8 0.2 0.8 0.5 0.5 0.8 0.2 0.8 0.2 0.8 0.2 0.991804 0.008196 0.805569 0.185289 0.009141 0.984762 0.015237 0.910102 0.089898 0.003007 0.995794 0.001198 0.803978 0.196022 0.894901 0.105099 0.997535 0.002464 0.89766 0.102339 0.998737 0.001263 0.900277 0.099723 0.900597 0.099403 0.099976 0.900023 0.1 0.9 0.5 0.5 0.5 0.5 0.8 0.2 0.5 0.5 0.5 0.5 0.2 0.8 0.2 0.8 0.3 0.7 0.3 0.7 0.3 0.7 0.3 0.7 0.3 0.7 0.3 0.7 0.5 0.5 0.5 0.5 0.3 0.7 0.3 0.7 0.5 0.5 0.59753 0.40247 0.3 0.7 0.3 0.7 0.2 0.8 0.009905 0.002148 0.987946 0.002378 0.196881 0.800741 0.100447 0.899553 0.2005 0.7995 0.096742 0.903258 0.201295 0.798705 0.492603 0.507397 0.003768 0.996231 0.3 0.7 0.3 0.7 0.3 0.7 0.2 0.8 0.1 0.9 0.001474 0.998525 0.3 0.7 0.3 0.7 0.3 0.7 0.3 0.7 0.6 0.4 0.3 0.7 0.997943 0.002056 0.7954 0.2046 0.794645 0.205355 0.2 0.8 0.1 0.9 0.5 0.5 0.5 0.5 0.5 0.5 0.3 0.7 0.4 0.6 0.4 0.6 0.4 0.6 0.001294 0.998706 0.07193 0.92807 0.001094 0.998905 0.011437 0.988563 0.152156 0.847844 0.086245 0.913754 0.424743 0.575257 0.824333 0.175666 0.075648 0.924352 0.066226 0.933774 0.0717 0.928299 0.519198 0.480802 0.433374 0.566626 0.039497 0.960503 0.652818 0.347182 0.71024 0.289759 0.00272 0.99728 0.004725 0.995274 0.099921 0.900078 0.10816 0.89184 0.294297 0.705703 0.124569 0.875431 0.165048 0.834952 0.114776 0.885224 0.07193 0.92807 0.001094 0.998905 0.525554 0.474446 0.536334 0.463666 0.934954 0.065045 0.1 0.9 0.2 0.8 0.7 0.3 0.7 0.3 0.6 0.4 0.6 0.4 0.7 0.3 0.1 0.9 0.1 0.9 0.1 0.9 0.2 0.8 0.3 0.7 0.3 0.7 0.3 0.7 0.3 0.7 0.4 0.6 0.3 0.7 0.3 0.7 0.4 0.6 0.4 0.6 0.3 0.7 0.3 0.7 0.3 0.7 0.3 0.7 0.072925 0.927074 0.075648 0.924352 0.6 0.4 0.6 0.4 0.5 0.5 0.5 0.5 0.5 0.5 0.5 0.5 0.5 0.5 0.5 0.5 0.5 0.5 0.2 0.8 0.5 0.5 0.5 0.5 0.5 0.5 0.9 0.1 0.9 0.1 0.9 0.1 0.1 0.9 0.5 0.5 0.5 0.5 0.311601 0.688399 0.021808 0.978191 0.838218 0.161782 0.874867 0.125133 0.8 0.2 0.8 0.2 0.8 0.2 0.5 0.5 0.2 0.8 0.2 0.8 0.5 0.5 0.8 0.2 0.8 0.2 0.8 0.2 0.805866 0.183569 0.010565 0.98555 0.01445 0.984762 0.015237 0.909898 0.090101 0.003093 0.995707 0.001199 0.998804 0.001195 0.991773 0.008227 0.988619 0.011381 0.894447 0.105553 0.997432 0.002567 0.904346 0.095654 0.902556 0.097443 0.998804 0.001195 0.100078 0.899922 0.099732 0.900267 0.300178 0.699822 0.300094 0.699906 0.6 0.4 0.8 0.2 0.5 0.5 0.5 0.5 0.5 0.5 0.5 0.5 0.2 0.8 0.2 0.8 0.3 0.7 0.3 0.7 0.3 0.7 0.5 0.5 0.5 0.5 0.3 0.7 0.3 0.7 0.100895 0.899105 0.795418 0.204582 0.997943 0.002056 0.794645 0.205355 0.5 0.5 0.3 0.7 0.4 0.6 0.4 0.6 0.4 0.6 0.8 0.2 0.5 0.5 0.1 0.9 0.5 0.5 0.5 0.5 0.5 0.5 0.2 0.8 0.2 0.8 0.8 0.2 0.8 0.2 0.2 0.8 0.4 0.6 0.7 0.3 0.4 0.6 0.6 0.4 0.4 0.6 0.4 0.6 0.1 0.9 0.8 0.2 0.9 0.1 0.7 0.3 0.9 0.1 0.5 0.5 0.5 0.5 0.7 0.3 0.5 0.5 0.1 0.9 0.8 0.2 0.5 0.5 0.5 0.5 0.5 0.5 0.5 0.5 0.2 0.8 0.2 0.8 0.8 0.2 0.4 0.6 0.7 0.3 0.4 0.6 0.6 0.4 0.4 0.6 0.4 0.6 0.8 0.2 0.7 0.3 0.9 0.1 0.5 0.5 0.7 0.3 0.5 0.5 0.8 0.2 0.5 0.5 0.1 0.9 0.5 0.5 0.5 0.5 0.5 0.5 0.2 0.8 0.8 0.2 0.2 0.8 0.8 0.2 0.4 0.6 0.7 0.3 0.4 0.6 0.6 0.4 0.4 0.6 0.4 0.6 0.1 0.9 0.8 0.2 0.9 0.1 0.7 0.3 0.9 0.1 0.5 0.5 0.5 0.5 0.7 0.3 0.5 0.5 0.1 0.9 0.8 0.2 0.5 0.5 0.5 0.5 0.5 0.5 0.5 0.5 0.2 0.8 0.2 0.8 0.8 0.2 0.4 0.6 0.7 0.3 0.4 0.6 0.6 0.4 0.4 0.6 0.4 0.6 0.8 0.2 0.7 0.3 0.9 0.1 0.5 0.5 0.7 0.3 0.5 0.5 0.120534 0.879466 0.240136 0.759864 0.430696 0.569304 0.039497 0.960503 0.246359 0.753641 0.072925 0.927074 0.572333 0.427667 0.580025 0.419975 0.5 0.5 0.5 0.5 0.311601 0.688399 0.069631 0.930368 0.141259 0.858741 0.021808 0.978191 0.076451 0.923548 0.994018 0.005982 0.499421 0.500579 0.500828 0.499172 0.072925 0.927074 0.3 0.7 0.3 0.7 0.2 0.8 0.2 0.8 0.1 0.9 0.9 0.1 0.7 0.3 0.6 0.4 0.7 0.3 0.1 0.9 0.8 0.2 0.9 0.1 0.1 0.9 0.8 0.2 0.7 0.3 0.7 0.3 0.7 0.3 0.7 0.3 0.6 0.4 0.6 0.4 0.7 0.3 0.6 0.4 0.7 0.3 0.7 0.3 0.7 0.3 0.8 0.2 0.7 0.3 0.6 0.4 0.6 0.4 0.6 0.4 0.1 0.9 0.6 0.4 0.7 0.3 0.2 0.8 0.6 0.4 0.3 0.7 0.4 0.6 0.6 0.4 0.3 0.7 0.6 0.4 0.3 0.7 0.7 0.3 0.7 0.3 0.5 0.5 0.3 0.7 0.3 0.7 0.3 0.7 0.4 0.6 0.2 0.8 0.4 0.6 0.3 0.7 0.3 0.7 0.3 0.7 0.1 0.9 0.3 0.7 0.6 0.4 0.6 0.4 0.9 0.1 0.9 0.1 0.3 0.7 0.4 0.6 0.3 0.7 0.2 0.8 0.2 0.8 0.016566 0.983433 0.799952 0.200048 0.005089 0.028901 0.966009 0.003902 0.202745 0.793353 0.190386 0.809614 0.201569 0.003433 0.794997 0.183281 0.816719 0.004994 0.202106 0.7929 0.304063 0.695937 0.200131 0.799869 0.2017 0.7983 0.110139 0.889861 0.196531 0.803469 0.119882 0.880118 0.011116 0.195573 0.79331 0.2 0.8 0.3 0.7 0.3 0.7 0.1 0.9 0.1 0.9 0.9 0.1 0.9 0.1 0.8 0.2 0.8 0.2 0.9 0.1 0.8 0.2 0.9 0.1 0.8 0.2 0.7 0.3 0.7 0.3 0.7 0.3 0.7 0.3 0.7 0.3 0.8 0.2 0.8 0.2 0.7 0.3 0.9 0.1 0.9 0.1 0.1 0.9 0.1 0.9 0.1 0.9 0.1 0.9 0.2 0.8 0.2 0.8 0.2 0.8 0.3 0.7 0.3 0.7 0.6 0.4 0.2 0.8 0.8 0.2 0.6 0.4 0.6 0.4 0.3 0.7 0.3 0.7 0.2 0.8 0.1 0.9 0.9 0.1 0.2 0.8 0.7 0.3 0.8 0.2 0.1 0.9 0.3 0.7 0.3 0.7 0.3 0.7 0.4 0.6 0.8 0.2 0.8 0.2 0.8 0.2 0.6 0.4 0.4 0.6 0.7 0.3 0.4 0.6 0.6 0.4 0.9 0.1 0.3 0.7 0.8 0.2 0.7 0.3 0.2 0.8 0.3 0.7 0.2 0.8 0.8 0.2 0.2 0.8 0.7 0.3 0.6 0.4 0.5 0.5 0.5 0.5 0.5 0.5 0.2 0.8 0.2 0.8 0.7 0.3 0.7 0.3 0.4 0.6 0.6 0.4 0.6 0.4 0.7 0.3 0.9 0.1 0.9 0.1 0.6 0.4 0.2 0.8 0.2 0.8 0.9 0.1 0.1 0.9 0.8 0.2 0.4 0.6 0.1 0.9 0.8 0.2 0.2 0.8 0.2 0.8 0.3 0.7 0.1 0.9 0.8 0.2 0.7 0.3 0.7 0.3 0.1 0.9 0.3 0.7 0.6 0.4 0.6 0.4 0.8 0.2 0.8 0.2 0.7 0.3 0.4 0.6 0.7 0.3 0.4 0.6 0.8 0.2 0.4 0.6 0.2 0.8 0.6 0.4 0.9 0.1 0.2 0.8 0.2 0.8 0.1 0.9 0.2 0.8 0.1 0.9 0.5 0.5 0.9 0.1 0.5 0.5 0.9 0.1 0.5 0.5 0.8 0.2 0.8 0.2 0.5 0.5 0.5 0.5 0.7 0.3 0.7 0.3 0.5 0.5 0.7 0.3 0.5 0.5 0.5 0.5 0.8 0.2 0.9 0.1 0.5 0.5 0.6 0.4 0.8 0.2 0.5 0.5 0.7 0.3 0.5 0.5 0.9 0.1 0.3 0.7 0.3 0.7 0.1 0.9 0.1 0.9 0.8 0.2 0.7 0.3 0.5 0.5 0.5 0.5 0.8 0.2 0.3 0.7 0.9 0.1 0.9 0.1 0.9 0.1 0.7 0.3 0.8 0.2 0.6 0.4 0.6 0.4 0.4 0.6 0.2 0.8 0.5 0.5 0.4 0.6 0.8 0.2 0.6 0.4 0.3 0.7 0.6 0.4 0.8 0.2 0.3 0.7 0.2 0.8 0.8 0.2 0.9 0.1 0.8 0.2 0.6 0.4 0.3 0.7 0.6 0.4 0.8 0.2 0.4 0.6 0.5 0.5 0.8 0.2 0.5 0.5 0.8 0.2 0.1 0.9 0.9 0.1 0.9 0.1 0.1 0.9 0.5 0.5 0.5 0.5 0.5 0.5 0.8 0.2 0.1 0.9 0.8 0.2 0.7 0.3 0.1 0.9 0.1 0.9 0.3 0.7 0.3 0.7 0.2 0.8 0.2 0.8 0.2 0.8 0.465394 0.38831 0.146296 0.3 0.7 0.525554 0.474446 0.934954 0.065045 0.3 0.7 0.1 0.9 0.5 0.5 0.1 0.9 0.5 0.5 0.1 0.9 0.5 0.5 0.1 0.9 0.9 0.1 0.7 0.3 0.9 0.1 0.6 0.4 0.2 0.8 0.4 0.6 0.6 0.4 0.8 0.2 0.8 0.2 0.8 0.2 0.6 0.4 0.8 0.2 0.6 0.4 0.8 0.2 0.6 0.4 0.2 0.8 0.1 0.9 0.7 0.3 0.2 0.8 0.2 0.8 0.8 0.2 0.1 0.9 0.1 0.9 0.2 0.8 0.977618 0.022381 0.603814 0.396186 0.585638 0.406221 0.008141 0.5001 0.4999 0.196531 0.803469 0.004235 0.497156 0.498608 0.2017 0.7983 0.200131 0.799869 0.499995 0.500004 0.499864 0.500136 0.201295 0.798705 0.793191 0.206809 0.492603 0.507397 0.997823 0.002177 0.995162 0.004837 0.001605 0.998394 0.004397 0.995602 0.587476 0.412524 0.499924 0.500076 0.600019 0.399981 0.693779 0.306221 0.589478 0.410522 0.432389 0.567611 0.606709 0.393291 0.416883 0.583117 0.693426 0.306574 0.892595 0.107405 0.4146 0.568471 0.016929 0.6815 0.317095 0.001405 0.397582 0.602418 0.49504 0.003571 0.501389 0.201569 0.003433 0.794997 0.190386 0.809614 0.303242 0.031452 0.665306 0.693494 0.27655 0.029955 0.996297 0.003702 0.977618 0.022381 0.573002 0.31567 0.111328 0.510104 0.011064 0.478832 0.205111 0.01668 0.778209 0.099932 0.900067 0.0999 0.9001 0.099875 0.900124 0.001586 0.998414 0.099997 0.900002 0.099981 0.900019 0.199956 0.800044 0.199993 0.800007 0.3 0.7 0.3 0.7 0.2 0.8 0.3 0.7 0.199992 0.800008 0.3 0.7 0.199891 0.800109 0.3 0.7 0.199732 0.800268 0.3 0.7 0.099529 0.90047 0.59975 0.40025 0.103892 0.896108 0.602521 0.39748 0.09979 0.90021 0.19997 0.80003 0.3 0.7 0.100002 0.899998 0.100377 0.899623 0.2 0.8 0.2 0.8 0.2 0.8 0.199989 0.800011 0.3 0.7 0.6 0.4 0.3 0.7 0.6 0.4 0.6 0.4 0.6 0.4 0.6 0.4 0.6 0.4 0.6 0.4 0.6 0.4 0.6 0.4 0.3 0.7 0.199989 0.800011 0.100377 0.899623 0.2 0.8 0.8 0.2 0.6 0.4 0.2 0.8 0.1 0.9 0.7 0.3 0.2 0.8 0.2 0.8 0.2 0.8 0.5 0.5 0.5 0.5 0.499719 0.500281 0.5 0.5 0.5 0.5 0.3 0.7 0.3 0.7 0.6 0.4 0.6 0.4 0.6 0.4 0.6 0.4 0.2 0.8 0.2 0.8 0.8 0.2 0.8 0.2 0.3 0.7 0.8 0.2 0.2 0.8 0.6 0.4 0.6 0.4 0.3 0.7 0.8 0.2 0.2 0.8 0.6 0.4 0.6 0.4 0.3 0.7 0.8 0.2 0.8 0.2 0.8 0.2 0.2 0.8 0.2 0.8 0.6 0.4 0.6 0.4 0.6 0.4 0.6 0.4 0.3 0.7 0.3 0.7 0.5 0.5 0.5 0.5 0.2 0.8 0.2 0.8 0.5 0.5 0.5 0.5 0.2 0.8 0.6 0.4 0.6 0.4 0.3 0.7 0.8 0.2 0.2 0.8 0.6 0.4 0.6 0.4 0.3 0.7 0.5 0.5 0.2 0.8 0.5 0.5 0.2 0.8 0.2 0.8 0.8 0.2 0.3 0.7 0.6 0.4 0.6 0.4 0.016566 0.983433 0.799952 0.200048 0.005089 0.0289 0.96601 0.003899 0.202777 0.793324 0.190387 0.809614 0.201403 0.003588 0.795008 0.20003 0.79997 0.004228 0.202277 0.793494 0.182596 0.817404 0.4 0.6 0.6 0.4 0.3 0.7 0.6 0.4 0.3 0.7 0.7 0.3 0.7 0.3 0.5 0.5 0.3 0.7 0.3 0.7 0.3 0.7 0.4 0.6 0.2 0.8 0.4 0.6 0.3 0.7 0.3 0.7 0.3 0.7 0.6 0.4 0.9 0.1 0.3 0.7 0.4 0.6 0.5 0.5 0.304064 0.695936 0.300137 0.699863 0.011152 0.988847 0.014473 0.985527 0.6 0.4 0.6 0.4 0.6 0.4 0.2 0.8 0.2 0.8 0.2 0.8 0.3 0.7 0.6 0.4 0.6 0.4 0.499421 0.500579 0.3 0.7 0.500828 0.499172 0.6 0.4 0.3 0.7 0.3 0.7 0.7 0.3 0.5 0.5 0.6 0.4 0.2 0.8 0.3 0.7 0.3 0.7 0.998654 0.001346 0.288817 0.711183 0.302692 0.697308 0.304063 0.695937 0.200169 0.78734 0.012491 0.011152 0.988847 0.007075 0.486208 0.506717 0.014473 0.985527 0.300137 0.699863 0.5 0.5 0.011152 0.988847 0.014473 0.985527 0.300137 0.699863 0.8 0.2 0.9 0.1 0.9 0.1 0.5 0.5 0.6 0.4 0.6 0.4 0.6 0.4 0.5 0.5 0.5 0.5 0.7 0.3 0.8 0.2 0.1 0.9 0.1 0.9 0.1 0.9 0.8 0.2 0.8 0.2 0.1 0.9 0.8 0.2 0.1 0.9 0.1 0.9 0.3 0.7 0.3 0.7 0.3 0.7 0.3 0.7 0.3 0.7 0.3 0.7 0.3 0.7 0.1 0.9 0.7 0.3 0.4 0.6 0.7 0.3 0.3 0.7 0.3 0.7 0.6 0.4 0.1 0.9 0.8 0.2 0.1 0.9 0.8 0.2 0.5 0.5 0.8 0.2 0.1 0.9 0.3 0.7 0.2 0.8 0.7 0.3 0.7 0.3 0.7 0.3 0.8 0.2 0.9 0.1 0.1 0.9 0.2 0.8 0.934954 0.065045 0.2 0.8 0.078364 0.921636 0.19049 0.809511 0.430697 0.569303 0.039497 0.960503 0.246359 0.753641 0.072925 0.927074 0.572334 0.427666 0.580025 0.419975 0.5 0.5 0.5 0.5 0.311601 0.688399 0.069631 0.930368 0.141259 0.858741 0.021808 0.978191 0.076454 0.923546 0.994018 0.005981 0.499421 0.500579 0.072925 0.927074 0.3 0.7 0.3 0.7 0.2 0.8 0.2 0.8 0.1 0.9 0.9 0.1 0.7 0.3 0.6 0.4 0.7 0.3 0.1 0.9 0.8 0.2 0.9 0.1 0.1 0.9 0.8 0.2 0.7 0.3 0.7 0.3 0.7 0.3 0.7 0.3 0.6 0.4 0.6 0.4 0.7 0.3 0.6 0.4 0.7 0.3 0.7 0.3 0.7 0.3 0.8 0.2 0.7 0.3 0.6 0.4 0.6 0.4 0.6 0.4 0.1 0.9 0.6 0.4 0.7 0.3 0.2 0.8 0.6 0.4 0.3 0.7 0.2 0.8 0.3 0.7 0.3 0.7 0.1 0.9 0.1 0.9 0.9 0.1 0.9 0.1 0.8 0.2 0.8 0.2 0.9 0.1 0.8 0.2 0.9 0.1 0.8 0.2 0.7 0.3 0.7 0.3 0.7 0.3 0.7 0.3 0.7 0.3 0.8 0.2 0.8 0.2 0.7 0.3 0.9 0.1 0.9 0.1 0.1 0.9 0.1 0.9 0.1 0.9 0.1 0.9 0.2 0.8 0.2 0.8 0.2 0.8 0.3 0.7 0.3 0.7 0.6 0.4 0.2 0.8 0.8 0.2 0.6 0.4 0.6 0.4 0.3 0.7 0.3 0.7 0.2 0.8 0.1 0.9 0.9 0.1 0.2 0.8 0.7 0.3 0.8 0.2 0.1 0.9 0.3 0.7 0.3 0.7 0.3 0.7 0.4 0.6 0.8 0.2 0.8 0.2 0.8 0.2 0.6 0.4 0.4 0.6 0.7 0.3 0.4 0.6 0.6 0.4 0.9 0.1 0.3 0.7 0.8 0.2 0.7 0.3 0.2 0.8 0.3 0.7 0.2 0.8 0.8 0.2 0.2 0.8 0.7 0.3 0.6 0.4 0.5 0.5 0.5 0.5 0.5 0.5 0.2 0.8 0.2 0.8 0.7 0.3 0.7 0.3 0.4 0.6 0.6 0.4 0.6 0.4 0.7 0.3 0.9 0.1 0.9 0.1 0.6 0.4 0.2 0.8 0.2 0.8 0.9 0.1 0.1 0.9 0.8 0.2 0.4 0.6 0.1 0.9 0.8 0.2 0.2 0.8 0.2 0.8 0.3 0.7 0.1 0.9 0.8 0.2 0.7 0.3 0.7 0.3 0.1 0.9 0.3 0.7 0.6 0.4 0.6 0.4 0.8 0.2 0.8 0.2 0.7 0.3 0.4 0.6 0.7 0.3 0.4 0.6 0.8 0.2 0.4 0.6 0.2 0.8 0.6 0.4 0.9 0.1 0.2 0.8 0.2 0.8 0.1 0.9 0.2 0.8 0.1 0.9 0.5 0.5 0.9 0.1 0.3 0.7 0.5 0.5 0.5 0.5 0.3 0.7 0.1 0.9 0.1 0.9 0.7 0.3 0.8 0.2 0.5 0.5 0.3 0.7 0.9 0.1 0.9 0.1 0.9 0.1 0.7 0.3 0.8 0.2 0.6 0.4 0.6 0.4 0.4 0.6 0.2 0.8 0.5 0.5 0.4 0.6 0.8 0.2 0.6 0.4 0.3 0.7 0.6 0.4 0.8 0.2 0.3 0.7 0.8 0.2 0.8 0.2 0.9 0.1 0.8 0.2 0.8 0.2 0.9 0.1 0.9 0.1 0.1 0.9 0.9 0.1 0.8 0.2 0.8 0.2 0.5 0.5 0.6 0.4 0.6 0.4 0.3 0.7 0.4 0.6 0.5 0.5 0.8 0.2 0.9 0.1 0.1 0.9 0.5 0.5 0.8 0.2 0.5 0.5 0.5 0.5 0.5 0.5 0.1 0.9 0.1 0.9 0.8 0.2 0.8 0.2 0.7 0.3 0.1 0.9 0.1 0.9 0.3 0.7 0.3 0.7 0.3 0.7 0.5 0.5 0.5 0.5 0.6 0.4 0.8 0.2 0.9 0.1 0.8 0.2 0.5 0.5 0.3 0.7 0.1 0.9 0.8 0.2 0.6 0.4 0.8 0.2 0.6 0.4 0.8 0.2 0.6 0.4 0.8 0.2 0.1 0.9 0.1 0.9 0.1 0.9 0.1 0.9 0.7 0.3 0.5 0.5 0.5 0.5 0.5 0.5 0.3 0.7 0.3 0.7 0.5 0.5 0.5 0.5 0.3 0.7 0.3 0.7 0.3 0.7 0.5 0.5 0.5 0.5 0.5 0.5 0.8 0.2 0.9 0.1 0.7 0.3 0.7 0.3 0.7 0.3 0.2 0.8 0.2 0.8 0.2 0.8 0.465394 0.38831 0.146296 0.3 0.7 0.525554 0.474446 0.934954 0.065045 0.3 0.7 0.1 0.9 0.5 0.5 0.1 0.9 0.5 0.5 0.1 0.9 0.5 0.5 0.1 0.9 0.9 0.1 0.7 0.3 0.9 0.1 0.6 0.4 0.2 0.8 0.4 0.6 0.6 0.4 0.8 0.2 0.8 0.2 0.8 0.2 0.6 0.4 0.8 0.2 0.6 0.4 0.8 0.2 0.6 0.4 0.2 0.8 0.1 0.9 0.7 0.3 0.2 0.8 0.2 0.8 0.8 0.2 0.1 0.9 0.1 0.9 0.2 0.8 0.95487 0.045129 0.610599 0.389401 0.567907 0.41337 0.018723 0.499238 0.500762 0.014908 0.490891 0.494201 0.193261 0.806739 0.204941 0.795058 0.200549 0.799451 0.499995 0.500005 0.49986 0.50014 0.201295 0.798705 0.793191 0.206809 0.492603 0.507397 0.997804 0.002195 0.995162 0.004837 0.001605 0.998394 0.004397 0.995602 0.587475 0.412524 0.693785 0.306215 0.600009 0.399991 0.589478 0.410522 0.432345 0.567655 0.605566 0.394434 0.806441 0.193559 0.414503 0.585497 0.683961 0.316039 0.881252 0.118748 0.414569 0.568502 0.016929 0.681401 0.317193 0.001405 0.397582 0.602418 0.201403 0.003588 0.795008 0.494498 0.003538 0.501964 0.20003 0.79997 0.511523 0.01164 0.476837 0.190387 0.809614 0.303242 0.031452 0.665306 0.693494 0.27655 0.029955 0.989969 0.01003 0.95487 0.045129 0.569758 0.293723 0.136519 0.204664 0.026381 0.768954 0.099963 0.900036 0.099908 0.900092 0.100056 0.899944 0.006763 0.993237 0.100489 0.899511 0.100036 0.899964 0.199913 0.800087 0.199974 0.800026 0.3 0.7 0.3 0.7 0.2 0.8 0.3 0.7 0.199862 0.800138 0.3 0.7 0.199617 0.800383 0.3 0.7 0.199107 0.800893 0.299887 0.700113 0.098868 0.901132 0.199945 0.800055 0.101315 0.898685 0.299975 0.700025 0.6 0.4 0.6 0.4 0.6 0.4 0.6 0.4 0.6 0.4 0.6 0.4 0.6 0.4 0.3 0.7 0.199748 0.800252 0.099367 0.900633 0.003094 0.996905 0.880129 0.119871 0.59769 0.40231 0.137305 0.862695 0.494302 0.5006 0.005098 0.616955 0.383045 0.100016 0.899984 0.101315 0.898685 0.19984 0.80016 0.199972 0.800027 0.199491 0.800509 0.199945 0.800055 0.299975 0.700025 0.6 0.4 0.3 0.7 0.6 0.4 0.6 0.4 0.2 0.8 0.8 0.2 0.6 0.4 0.2 0.8 0.1 0.9 0.7 0.3 0.2 0.8 0.2 0.8 0.2 0.8 0.5 0.5 0.499719 0.500281 0.5 0.5 0.3 0.7 0.6 0.4 0.6 0.4 0.2 0.8 0.8 0.2 0.8 0.2 0.2 0.8 0.6 0.4 0.6 0.4 0.3 0.7 0.8 0.2 0.2 0.8 0.6 0.4 0.6 0.4 0.3 0.7 0.6 0.4 0.6 0.4 0.6 0.4 0.2 0.8 0.2 0.8 0.2 0.8 0.3 0.7 0.6 0.4 0.6 0.4 0.499421 0.500579 0.3 0.7 0.3 0.7 0.204941 0.795058 0.200549 0.799451 0.114565 0.885435 0.193261 0.806739 0.1257 0.8743 0.01796 0.191346 0.790694 0.2 0.8 0.3 0.7 0.3 0.7 0.998654 0.001346 0.288817 0.711183 0.302655 0.697344 0.304064 0.695936 0.200165 0.787344 0.012491 0.011152 0.988847 0.007075 0.486207 0.506717 0.014473 0.985527 0.300137 0.699863 0.1 0.9 0.7 0.3 0.4 0.6 0.7 0.3 0.3 0.7 0.3 0.7 0.6 0.4 0.1 0.9 0.8 0.2 0.1 0.9 0.8 0.2 0.5 0.5 0.8 0.2 0.1 0.9 0.3 0.7 0.7 0.3 0.7 0.3 0.7 0.3 0.8 0.2 0.9 0.1 0.1 0.9 0.2 0.8 0.934954 0.065045 0.8 0.2 0.7 0.3 0.9 0.1 0.1 0.3 0.6 0.204389 0.005871 0.789739 0.208193 0.029058 0.012509 0.75024 0.021583 0.079036 0.89938 0.205111 0.01668 0.778209 0.011116 0.195573 0.79331 0.204389 0.005871 0.789739 0.021583 0.079036 0.89938 0.208193 0.029058 0.012509 0.75024 0.205854 0.021486 0.009131 0.763527 0.026041 0.076115 0.897843 0.021583 0.079036 0.89938 0.119882 0.880118 0.204664 0.026381 0.768954 0.01796 0.191346 0.790694 0.026041 0.076115 0.897843 0.205854 0.021486 0.009131 0.763527 0.026041 0.076115 0.897843 0.1257 0.8743</float_array>
          <technique_common>
            <accessor source="#Controller-weights-array" count="3235" stride="1">
              <param name="WEIGHT" type="float"/>
            </accessor>
          </technique_common>
        </source>
        <joints>
          <input semantic="JOINT" source="#Controller-joints"/>
          <input semantic="INV_BIND_MATRIX" source="#Controller-bind_poses"/>
        </joints>
        <vertex_weights count="4432">
          <input semantic="JOINT" source="#Controller-joints" offset="0"/>
          <input semantic="WEIGHT" source="#Controller-weights" offset="1"/>
          <vcount>1 1 1 1 1 1 1 1 1 1 1 1 1 1 1 1 1 1 1 1 1 1 1 1 1 1 1 1 1 1 1 1 1 1 1 1 1 1 1 1 1 1 1 1 1 1 1 1 1 1 1 1 1 1 1 1 1 1 1 1 1 1 1 1 1 1 1 1 1 1 1 1 1 1 1 1 1 1 1 1 1 1 1 1 1 1 1 1 1 2 1 1 2 1 1 1 1 1 1 1 1 1 1 1 1 1 1 1 1 1 1 1 1 1 1 1 1 1 1 1 1 1 1 1 1 1 1 1 1 1 1 1 1 1 1 1 1 1 1 1 1 1 1 1 1 1 1 1 1 1 1 1 1 1 1 1 1 1 1 1 1 1 1 1 1 1 1 1 1 1 1 1 1 1 1 1 1 1 1 1 1 1 1 1 1 1 1 1 1 1 1 1 1 1 1 1 1 1 1 1 1 1 1 1 1 1 1 1 1 1 1 1 1 1 1 1 1 1 1 1 1 1 1 1 1 1 1 1 1 1 1 1 1 1 1 1 1 1 1 1 1 1 1 1 1 1 1 1 1 1 1 1 1 1 1 1 1 1 1 1 1 1 1 1 1 1 1 1 1 1 1 1 1 1 1 1 1 1 1 2 1 2 1 1 1 1 1 1 1 1 1 1 1 1 1 1 1 1 1 1 1 1 1 1 1 1 1 1 1 1 1 1 1 1 1 1 1 1 1 1 1 1 1 1 1 1 1 1 1 1 1 1 1 1 1 1 1 1 1 1 1 1 1 1 1 1 1 1 1 1 1 1 1 1 1 1 1 1 1 1 1 1 1 1 1 1 1 1 1 1 1 1 1 1 1 1 1 1 1 2 2 1 2 1 1 1 1 1 1 1 2 2 1 1 2 1 1 1 1 1 1 1 1 1 1 1 1 1 1 1 1 1 1 1 1 2 2 2 2 1 2 2 2 1 2 2 2 2 1 1 1 1 1 1 1 2 2 1 1 1 1 1 1 1 1 1 1 1 2 2 1 2 1 1 1 1 1 1 1 1 1 1 1 1 1 1 1 1 1 1 1 1 1 2 2 1 2 3 1 1 2 1 1 2 2 2 1 1 2 2 2 1 1 1 1 1 1 1 1 2 2 1 2 1 1 1 1 1 2 2 1 2 1 1 1 1 1 1 1 1 1 1 1 1 1 1 1 1 1 1 1 1 1 2 2 2 2 1 2 2 2 1 2 2 2 2 1 1 1 1 1 1 1 2 2 1 1 1 1 1 1 1 1 1 1 1 2 2 1 1 2 1 1 1 1 1 1 1 1 1 1 1 1 1 1 1 1 1 1 1 1 2 2 1 2 3 1 1 2 1 1 2 2 2 1 1 2 2 2 1 1 1 1 1 1 1 1 1 1 1 1 1 1 1 1 1 1 1 1 1 1 1 1 1 1 1 1 1 1 1 1 1 1 1 1 1 1 1 1 1 1 1 1 1 1 1 1 1 1 1 1 1 1 1 1 1 1 1 1 1 1 1 1 1 1 1 1 1 1 1 1 1 1 1 1 1 1 1 1 1 1 1 1 1 1 1 1 1 1 1 1 1 1 1 1 1 1 1 1 1 1 1 1 1 1 1 1 1 1 1 1 1 1 1 1 1 1 1 1 1 1 1 1 1 1 1 1 1 1 1 1 1 1 1 1 1 1 1 1 1 1 1 1 1 1 1 1 1 1 1 1 1 1 1 1 1 1 1 1 1 1 1 1 1 1 1 1 1 1 1 1 1 1 1 1 1 1 1 1 1 1 1 1 1 1 1 1 1 1 1 1 1 1 1 1 1 1 1 1 1 1 1 1 1 1 1 1 1 1 1 1 1 1 1 1 1 1 1 1 1 1 1 1 1 1 1 1 1 1 1 1 1 1 1 1 1 1 1 1 1 1 1 1 1 1 1 1 1 1 1 1 1 1 1 1 1 1 1 1 1 1 1 1 1 1 1 1 1 1 1 1 1 1 1 1 1 1 1 1 1 1 1 1 1 1 1 1 1 1 1 1 1 1 1 1 1 1 1 1 1 1 1 1 1 1 1 2 1 1 1 1 2 1 1 2 1 1 1 1 1 1 1 1 1 1 1 1 1 1 1 1 1 1 1 1 1 1 1 1 1 1 1 1 1 1 1 1 1 1 1 1 1 1 1 1 1 1 1 1 1 1 1 1 1 1 1 1 1 1 1 1 1 1 1 1 1 1 1 1 1 1 1 1 1 1 1 1 1 1 1 1 1 1 1 1 1 1 1 1 1 1 1 1 1 1 1 1 1 1 1 1 1 1 1 1 1 1 1 1 1 1 1 1 1 1 1 1 1 1 1 1 1 1 1 1 1 1 1 1 1 1 1 1 1 1 1 1 1 1 1 1 1 1 1 1 1 1 1 1 1 1 1 1 1 1 1 1 1 1 1 1 1 1 1 2 1 1 2 1 1 1 1 1 1 1 1 1 1 1 1 1 1 2 1 2 1 2 1 2 1 1 1 1 1 1 1 1 1 1 1 1 2 2 1 2 1 1 1 1 1 1 1 1 1 1 1 1 1 1 1 1 1 1 1 1 1 1 1 1 1 1 1 1 1 1 1 1 1 1 1 1 1 1 1 1 1 1 1 1 1 1 1 1 1 1 1 1 1 1 1 1 1 1 1 1 1 1 1 1 1 1 1 1 1 1 1 1 1 1 1 1 2 2 2 1 1 1 2 2 1 1 1 1 1 1 1 1 1 1 1 2 1 1 1 1 1 1 1 1 1 1 1 1 1 1 1 1 1 1 1 1 1 1 1 1 1 1 1 1 2 2 2 1 2 2 2 1 1 1 1 1 1 1 1 1 2 2 2 1 1 1 1 1 1 1 1 1 1 1 1 1 1 1 1 1 1 1 1 1 1 1 1 1 1 1 1 1 1 1 1 1 1 1 1 1 1 1 1 1 1 1 1 1 1 1 1 1 1 1 1 1 1 1 1 1 1 1 1 1 1 1 1 1 1 2 2 2 1 1 2 2 1 1 2 1 2 2 2 2 1 1 2 2 2 2 1 2 2 1 1 2 2 1 1 2 1 1 1 2 2 1 1 2 2 1 1 1 2 2 1 1 2 2 1 1 2 2 2 2 1 2 1 3 3 1 2 1 2 1 1 1 2 1 1 1 1 1 1 1 1 1 1 1 1 1 2 2 2 1 1 2 2 1 1 1 2 1 2 1 1 2 2 1 1 1 1 2 1 1 1 1 1 1 1 1 1 1 1 1 1 1 1 1 1 1 1 1 1 1 1 1 1 1 1 1 1 1 1 1 1 1 1 1 1 1 1 1 1 1 1 1 1 1 1 1 1 1 1 1 1 1 1 1 1 1 1 1 1 1 1 1 1 1 1 1 1 1 1 1 1 1 1 1 1 1 1 1 2 2 1 1 2 2 1 1 1 1 1 1 1 1 1 1 1 2 2 1 1 1 1 2 1 2 2 1 1 1 1 1 2 2 1 1 1 1 1 2 1 1 1 2 2 2 1 2 2 2 1 1 1 1 1 1 2 2 1 2 2 1 1 1 1 1 1 1 1 1 1 1 1 1 1 1 1 1 1 1 1 1 1 1 1 1 1 1 1 1 1 1 1 1 1 1 1 1 1 1 1 1 1 1 1 1 1 1 1 2 1 2 1 1 1 1 1 1 2 1 1 2 2 2 2 1 1 1 1 1 2 1 1 1 1 2 2 1 1 1 2 3 1 1 2 1 1 2 3 1 1 1 2 2 1 2 1 1 1 2 2 1 2 1 2 1 1 2 2 1 1 1 1 1 1 1 1 1 1 1 1 1 1 1 1 1 1 1 1 1 2 2 2 1 2 1 1 1 1 1 1 2 1 2 2 1 1 1 1 1 1 1 1 2 1 1 2 2 1 2 2 1 2 1 1 1 1 1 1 1 2 2 1 1 1 1 1 1 1 2 2 1 1 2 2 2 2 1 2 1 3 3 2 2 1 1 2 1 1 1 1 1 1 1 2 2 1 2 1 1 2 1 1 2 2 1 1 2 2 2 1 2 2 2 1 1 1 1 1 1 1 1 1 2 2 2 1 2 2 2 2 1 1 1 1 1 1 2 1 1 2 2 1 2 1 1 1 1 1 1 1 1 1 1 1 2 1 1 1 1 1 1 1 1 1 1 1 1 1 1 1 1 1 1 1 1 1 1 2 1 1 1 1 1 1 1 1 1 1 1 1 1 1 1 1 1 1 1 1 1 1 1 1 1 1 1 1 1 1 1 1 1 1 1 1 1 1 1 1 1 1 1 1 1 1 1 1 1 1 1 1 1 1 1 1 1 1 1 1 1 1 1 1 1 1 1 1 2 1 1 1 1 1 1 1 1 1 1 1 1 1 1 1 1 1 1 1 1 1 1 2 1 1 1 1 1 1 1 1 1 1 1 1 1 1 1 1 1 1 1 1 1 1 1 1 1 1 1 1 1 1 1 1 1 1 1 1 1 1 1 1 1 1 1 1 1 1 1 1 1 1 1 1 1 1 1 1 1 1 1 1 1 1 1 1 1 1 1 1 1 1 1 1 1 1 1 1 1 1 1 1 1 1 1 1 1 1 1 1 1 1 1 1 1 1 1 1 1 1 1 1 1 1 1 1 1 1 1 1 1 1 1 1 1 1 1 1 1 1 1 1 1 1 1 1 1 1 1 1 1 1 1 1 1 1 1 1 1 1 1 1 1 1 1 1 1 1 1 1 1 1 1 1 1 1 1 1 1 1 1 1 1 1 1 1 1 1 1 1 1 1 1 1 1 1 1 1 1 1 1 1 1 1 1 1 1 1 1 1 1 1 1 1 1 1 1 1 1 1 1 1 1 1 1 1 1 1 1 1 1 1 1 1 1 1 1 1 1 1 1 1 1 1 1 1 1 1 1 1 1 1 1 1 1 1 1 1 1 1 1 1 1 1 1 1 1 1 1 1 1 1 1 1 1 1 1 1 1 1 1 1 1 1 1 1 1 1 1 1 1 1 1 1 1 1 1 1 1 1 1 1 1 1 1 1 1 1 1 1 1 1 1 1 1 1 1 1 1 1 1 1 1 1 1 1 1 1 1 1 1 1 1 1 1 1 1 1 1 1 1 1 1 1 1 1 1 2 1 1 1 1 2 1 1 2 1 1 1 1 1 1 1 1 1 1 1 1 1 1 1 1 1 1 1 1 1 1 1 1 1 1 1 1 1 1 1 1 1 1 1 1 1 1 1 1 1 1 1 1 1 1 1 1 1 1 1 1 1 1 1 1 1 1 1 1 1 1 1 1 1 1 1 1 1 1 1 1 1 1 1 1 1 1 1 1 1 1 1 1 1 1 1 1 1 1 1 1 1 1 1 1 1 1 1 1 1 1 1 1 1 1 1 1 1 1 1 1 1 1 1 1 1 1 1 1 1 1 1 1 1 1 1 1 1 1 1 1 1 1 1 1 1 1 1 1 1 1 1 1 1 1 1 1 1 2 1 1 1 1 1 1 1 1 1 1 1 2 1 2 1 2 2 1 1 1 1 1 1 1 1 1 1 1 2 2 1 2 1 1 1 1 1 1 1 1 1 1 1 1 1 1 1 1 1 1 1 1 1 1 1 1 1 1 1 1 1 1 1 1 1 1 1 1 1 1 1 1 1 1 1 1 1 1 1 1 1 1 1 1 1 1 1 1 1 1 2 2 2 1 1 1 2 2 1 1 1 1 1 1 1 1 1 1 1 2 1 1 1 1 1 1 1 1 1 1 1 1 1 1 1 1 1 1 1 1 1 1 1 1 1 1 1 1 2 2 2 1 2 2 2 1 1 1 1 1 1 1 1 1 2 2 2 1 1 1 1 1 1 1 1 1 1 1 1 1 1 1 1 1 1 1 1 1 1 1 1 1 1 1 1 1 1 1 1 1 1 1 1 1 1 1 1 1 1 1 1 1 1 1 1 1 1 1 1 1 1 1 1 1 1 1 1 1 1 1 1 1 2 2 2 1 2 2 1 2 1 1 2 2 2 2 1 1 2 2 2 2 1 2 2 1 1 1 2 2 1 2 1 1 1 2 1 2 1 2 2 1 1 1 1 2 1 2 2 1 1 1 1 2 1 1 1 1 1 1 1 1 1 1 1 1 1 1 1 1 1 1 1 1 1 1 1 1 1 1 1 1 1 1 1 1 1 1 1 1 1 1 1 1 1 1 1 1 1 1 1 1 1 1 1 1 1 1 1 1 1 1 1 1 1 1 1 1 1 1 1 2 2 1 2 1 2 1 1 1 1 1 1 1 1 1 1 1 2 1 2 1 1 1 2 1 2 2 1 1 1 1 1 2 2 1 1 1 1 2 1 1 1 1 2 2 2 1 1 1 1 1 1 1 2 2 2 1 1 1 1 1 2 2 1 1 2 1 2 2 1 2 2 1 1 1 1 1 1 1 1 1 1 1 1 1 1 1 1 1 1 1 1 1 1 1 1 1 1 1 1 1 1 1 1 1 1 1 1 1 1 1 1 1 1 1 1 1 1 1 2 2 1 1 1 1 1 1 2 1 1 2 2 2 2 1 1 1 1 1 1 2 1 1 1 2 2 1 1 1 1 3 2 1 2 1 1 2 3 1 2 1 2 2 1 2 2 1 1 2 1 2 1 2 2 2 1 1 2 2 2 1 1 1 1 1 1 1 1 1 1 1 1 1 1 1 1 1 1 1 1 2 2 2 1 2 1 1 1 1 1 1 2 1 2 2 1 1 1 1 1 2 1 1 2 2 1 1 2 2 1 2 2 1 1 1 1 1 1 1 1 1 2 1 2 2 2 1 2 1 1 1 1 1 1 1 1 2 1 1 1 1 1 1 1 1 1 1 1 1 1 1 1 1 1 1 1 1 1 1 2 1 1 1 1 1 1 1 1 1 1 1 1 1 1 1 1 1 1 1 1 1 1 1 1 1 1 1 1 1 1 1 1 1 1 1 1 1 1 1 1 1 1 1 1 1 1 1 1 1 1 1 1 1 1 1 1 1 1 1 1 1 1 1 1 1 1 1 1 2 1 1 1 1 1 1 1 1 1 1 1 1 1 1 1 1 1 1 1 1 1 1 2 1 1 1 1 1 1 1 1 1 1 1 1 1 1 1 1 1 1 1 1 1 1 1 1 1 1 1 1 1 1 1 1 2 2 2 1 2 1 2 2 2 2 2 2 2 2 2 2 2 2 2 1 1 2 2 2 2 2 2 2 2 2 2 2 2 2 1 2 2 2 2 2 2 2 2 2 2 2 1 2 2 2 2 2 2 2 2 2 1 1 1 2 1 2 2 2 2 2 2 2 2 2 2 2 2 1 1 2 2 2 2 2 2 2 2 2 2 2 2 2 1 2 2 2 2 2 2 2 2 2 2 2 1 2 2 2 2 2 2 2 2 2 2 2 2 2 2 2 2 2 2 2 2 2 2 2 2 1 2 2 1 1 2 2 2 2 2 2 2 2 2 2 2 2 2 2 2 2 2 2 2 2 2 2 2 2 2 2 2 2 2 2 2 2 2 2 2 1 1 2 2 2 2 2 2 2 2 2 2 2 2 2 2 2 2 2 2 2 2 2 1 2 2 2 2 2 2 2 2 2 3 3 2 3 2 3 2 2 2 2 2 2 3 2 2 2 2 2 2 2 2 2 2 2 2 2 2 2 2 2 2 2 2 2 2 2 2 2 2 2 2 2 2 2 2 1 1 2 2 2 2 2 2 2 2 2 2 2 2 2 2 2 2 2 2 2 2 2 2 2 2 2 2 2 2 2 2 2 2 2 2 2 2 2 2 2 2 2 2 2 2 2 2 2 2 2 2 2 2 2 2 2 2 2 2 2 2 2 2 2 2 2 2 2 2 2 2 2 2 2 2 2 2 2 2 2 2 2 2 2 2 2 2 2 2 2 2 2 2 2 2 2 2 2 2 2 2 2 2 2 2 2 2 2 2 2 2 2 2 2 2 2 2 2 2 2 2 2 2 2 2 2 2 2 2 2 2 2 2 2 2 2 2 2 2 2 2 2 2 2 2 2 2 2 2 1 1 2 2 2 2 2 2 2 2 2 2 2 2 2 2 2 2 2 2 2 2 3 2 2 2 2 2 2 2 2 2 2 2 2 2 2 2 2 2 2 2 2 2 2 2 2 2 2 2 2 2 2 2 2 2 2 2 2 2 3 2 2 3 2 2 2 2 2 2 2 2 2 2 2 2 2 2 2 2 2 2 2 2 2 3 3 2 3 3 2 3 3 2 2 3 3 3 2 2 2 2 2 2 2 2 2 2 2 2 2 2 2 2 2 2 2 2 2 2 2 2 2 2 2 2 2 2 2 2 2 2 2 2 2 2 2 2 2 2 2 2 2 2 2 2 2 2 2 2 2 2 2 2 2 2 2 2 2 2 2 2 2 2 2 2 2 2 2 2 2 2 2 2 2 2 2 2 2 2 2 2 2 2 2 2 2 2 2 2 2 2 2 2 2 2 2 2 2 2 2 2 2 2 2 2 2 2 2 2 2 2 2 2 2 3 3 2 3 2 3 2 2 2 2 2 2 2 2 2 2 2 2 2 2 2 2 2 2 2 2 2 2 2 1 2 2 2 2 2 2 2 2 2 2 2 2 2 2 2 2 2 2 2 2 2 2 2 2 2 1 2 2 2 2 3 2 3 2 2 2 1 2 2 2 2 2 2 2 2 2 2 2 2 2 2 2 2 2 2 2 2 2 2 2 2 2 2 2 2 2 2 2 2 2 2 2 2 2 2 2 2 2 2 2 2 2 2 2 2 2 2 2 2 2 2 2 2 2 2 2 2 2 2 2 2 2 2 2 2 2 2 2 2 2 2 1 2 1 2 2 2 2 2 2 2 2 2 2 2 2 2 2 2 2 2 2 2 2 2 2 2 2 2 2 2 2 2 2 2 2 2 2 1 1 2 2 2 2 2 2 2 2 2 2 2 2 2 2 2 2 2 2 2 2 2 2 2 2 2 2 2 2 2 2 2 2 1 1 2 2 2 2 2 2 2 2 2 2 2 2 2 2 2 2 2 2 2 2 2 2 2 2 2 2 2 2 2 2 2 2 2 2 2 2 2 2 2 2 2 2 2 2 2 2 2 2 2 2 2 2 2 2 2 2 2 2 2 2 2 2 2 2 2 2 2 2 2 2 2 2 2 2 2 2 2 2 2 2 2 2 2 2 2 2 2 2 2 2 2 2 2 2 2 2 2 2 2 2 2 2 2 2 2 2 2 2 2 2 2 2 2 2 2 2 2 2 2 2 2 2 2 2 2 2 2 2 2 2 2 1 1 2 2 2 2 2 2 2 2 2 2 2 2 2 2 2 2 2 2 2 2 2 2 2 2 2 2 2 2 2 2 2 2 2 2 2 2 2 2 2 2 2 2 2 2 2 2 2 2 2 2 2 2 2 2 2 2 2 2 2 2 2 3 2 2 2 2 2 2 2 2 2 2 2 2 2 2 2 2 2 2 2 2 2 2 2 2 2 2 2 2 2 2 2 2 2 2 2 2 2 3 2 3 2 2 2 2 2 2 2 2 2 2 2 2 2 2 2 2 2 2 2 2 2 2 3 3 2 3 3 2 3 2 3 3 2 2 3 3 2 2 2 2 2 2 2 2 2 2 2 2 2 2 2 2 2 2 2 2 2 2 2 2 2 2 2 2 2 2 2 2 2 2 2 2 3 2 2 2 2 2 2 2 2 2 2 2 2 2 2 2 2 2 2 2 2 2 2 2 2 2 2 2 2 2 2 2 2 2 2 2 2 2 2 2 2 2 2 2 2 2 2 2 2 2 2 2 2 2 2 2 2 3 2 2 2 1 2 2 2 2 3 2 3 2 2 2 2 2 2 2 2 2 2 2 2 2 2 2 2 2 2 2 2 2 2 2 2 2 2 2 2 3 3 4 3 3 3 3 3 4 4 3 3 2 3 3 3 4 3 2 </vcount>
          <v>44 0 44 0 44 0 44 0 44 0 44 0 44 0 44 0 44 0 44 0 44 0 44 0 44 0 44 0 44 0 44 0 44 0 44 0 44 0 44 0 44 0 44 0 44 0 44 0 44 0 44 0 44 0 44 0 44 0 44 0 44 0 44 0 44 0 44 0 44 0 44 0 44 0 44 0 44 0 44 0 44 0 44 0 44 0 44 0 44 0 44 0 44 0 44 0 44 0 44 0 44 0 44 0 44 0 44 0 44 0 44 0 44 0 44 0 44 0 44 0 44 0 44 0 44 0 44 0 44 0 44 0 44 0 44 0 44 0 44 0 44 0 44 0 44 0 44 0 44 0 44 0 44 0 44 0 44 0 44 0 46 0 46 0 46 0 46 0 46 0 46 0 46 0 46 0 46 0 46 1 44 2 46 0 46 0 46 3 44 4 46 0 46 0 46 0 46 0 46 0 46 0 46 0 46 0 46 0 46 0 46 0 46 0 46 0 46 0 46 0 46 0 46 0 46 0 46 0 46 0 46 0 46 0 46 0 46 0 46 0 46 0 46 0 46 0 46 0 46 0 46 0 46 0 46 0 46 0 46 0 46 0 46 0 46 0 46 0 46 0 46 0 46 0 46 0 46 0 46 0 46 0 46 0 46 0 46 0 46 0 46 0 46 0 46 0 46 0 46 0 46 0 46 0 46 0 46 0 46 0 46 0 46 0 46 0 46 0 46 0 46 0 46 0 46 0 46 0 46 0 46 0 46 0 46 0 46 0 46 0 46 0 46 0 46 0 46 0 46 0 46 0 46 0 46 0 46 0 46 0 46 0 46 0 46 0 46 0 46 0 46 0 46 0 46 0 46 0 46 0 46 0 44 0 44 0 44 0 44 0 44 0 44 0 44 0 44 0 44 0 44 0 44 0 44 0 44 0 44 0 44 0 44 0 44 0 44 0 44 0 44 0 44 0 44 0 44 0 44 0 44 0 44 0 44 0 44 0 44 0 44 0 44 0 44 0 44 0 44 0 44 0 44 0 44 0 44 0 44 0 44 0 44 0 44 0 44 0 44 0 44 0 44 0 44 0 44 0 44 0 44 0 44 0 44 0 44 0 44 0 44 0 44 0 44 0 44 0 44 0 44 0 44 0 44 0 44 0 44 0 44 0 44 0 44 0 44 0 44 0 44 0 44 0 44 0 44 0 44 0 44 0 44 0 44 0 44 0 44 0 44 0 46 0 46 0 46 0 46 0 46 0 46 0 46 0 46 0 46 0 46 0 46 5 44 6 46 0 46 7 44 8 46 0 46 0 46 0 46 0 46 0 46 0 46 0 46 0 46 0 46 0 46 0 46 0 46 0 46 0 46 0 46 0 46 0 46 0 46 0 46 0 46 0 46 0 46 0 46 0 46 0 46 0 46 0 46 0 46 0 46 0 46 0 46 0 46 0 46 0 46 0 46 0 46 0 46 0 46 0 46 0 46 0 46 0 46 0 46 0 46 0 46 0 46 0 46 0 46 0 46 0 46 0 46 0 46 0 46 0 46 0 46 0 46 0 46 0 46 0 46 0 46 0 46 0 46 0 46 0 46 0 46 0 46 0 46 0 46 0 46 0 46 0 46 0 46 0 46 0 46 0 46 0 46 0 46 0 46 0 46 0 46 0 46 0 46 0 46 0 46 0 46 0 46 0 46 0 46 0 46 0 46 0 46 0 46 0 46 0 46 0 46 0 13 0 13 9 1 10 35 11 13 12 35 0 35 13 1 14 35 0 35 0 35 0 40 0 40 0 40 0 40 0 35 15 40 16 35 17 40 18 8 0 40 0 40 19 8 20 40 0 40 0 40 0 40 0 40 0 40 0 40 0 40 0 40 0 40 0 40 0 40 0 40 0 40 0 40 0 40 0 40 0 40 0 40 0 40 0 40 21 8 22 40 23 8 24 1 25 40 26 1 27 40 28 1 0 13 29 1 30 13 31 1 32 1 33 40 34 13 0 13 35 1 36 13 37 1 38 13 39 1 40 13 41 1 42 13 0 13 0 13 0 13 0 13 0 13 0 13 0 35 43 13 44 13 45 1 46 35 0 1 0 1 0 35 0 35 0 35 0 35 0 40 0 40 0 40 0 40 0 35 47 40 48 35 49 40 50 8 0 40 51 8 52 40 0 40 0 40 0 40 0 40 0 40 0 40 0 40 0 40 0 40 0 40 0 40 0 40 0 40 0 40 0 40 0 40 0 40 0 40 0 40 0 40 0 40 53 8 54 40 55 8 56 8 0 40 57 8 58 40 59 17 60 8 61 1 0 1 0 1 62 40 63 1 0 1 0 13 64 1 65 13 66 1 67 13 68 1 69 1 0 13 0 13 70 1 71 13 72 1 73 13 74 1 75 13 0 13 0 13 0 13 0 13 0 13 0 1 0 51 0 22 76 51 77 51 78 24 79 22 0 22 80 24 81 22 0 11 0 11 0 11 0 11 0 22 82 11 83 22 84 11 85 8 0 11 86 8 87 11 0 11 0 11 0 11 0 11 0 11 0 11 0 11 0 11 0 11 0 11 0 11 0 11 0 11 0 11 0 11 0 11 0 11 0 11 0 11 0 11 0 11 88 8 89 11 90 8 91 24 92 11 93 24 94 11 95 24 0 51 96 24 97 51 98 24 99 24 100 11 101 51 0 51 102 24 103 51 104 24 105 51 106 24 107 51 108 24 109 51 0 51 0 51 0 51 0 51 0 51 0 51 0 51 110 24 111 22 112 51 113 22 0 24 0 24 0 22 0 22 0 22 0 22 0 11 0 11 0 11 0 11 0 22 114 11 115 22 116 11 117 8 0 11 0 11 118 8 119 11 0 11 0 11 0 11 0 11 0 11 0 11 0 11 0 11 0 11 0 11 0 11 0 11 0 11 0 11 0 11 0 11 0 11 0 11 0 11 0 11 120 8 121 11 122 8 123 8 0 11 124 8 125 11 126 17 127 8 128 24 0 24 0 24 129 11 130 24 0 24 0 51 131 24 132 51 133 24 134 51 135 24 136 24 0 51 0 51 137 24 138 51 139 24 140 51 141 24 142 51 0 51 0 51 0 51 0 51 0 51 0 24 0 44 0 44 0 44 0 44 0 44 0 44 0 44 0 44 0 44 0 44 0 44 0 44 0 44 0 44 0 44 0 44 0 44 0 44 0 44 0 44 0 44 0 44 0 44 0 44 0 44 0 44 0 44 0 44 0 44 0 44 0 44 0 44 0 44 0 44 0 44 0 44 0 44 0 44 0 44 0 44 0 44 0 44 0 44 0 44 0 44 0 44 0 44 0 44 0 44 0 44 0 44 0 44 0 44 0 44 0 44 0 44 0 44 0 44 0 44 0 44 0 44 0 44 0 44 0 44 0 44 0 44 0 44 0 44 0 44 0 44 0 44 0 44 0 44 0 44 0 44 0 44 0 44 0 44 0 44 0 44 0 44 0 44 0 44 0 44 0 44 0 44 0 44 0 44 0 44 0 44 0 44 0 44 0 44 0 44 0 44 0 44 0 44 0 44 0 44 0 44 0 44 0 44 0 44 0 44 0 44 0 44 0 44 0 44 0 44 0 44 0 44 0 44 0 44 0 44 0 44 0 44 0 44 0 44 0 44 0 44 0 44 0 44 0 44 0 44 0 44 0 44 0 44 0 44 0 44 0 44 0 44 0 44 0 44 0 44 0 44 0 44 0 44 0 44 0 44 0 44 0 44 0 44 0 44 0 44 0 44 0 44 0 44 0 44 0 44 0 44 0 44 0 44 0 44 0 44 0 44 0 44 0 44 0 44 0 44 0 44 0 44 0 44 0 44 0 44 0 44 0 44 0 44 0 44 0 44 0 44 0 44 0 44 0 44 0 44 0 44 0 44 0 44 0 44 0 18 0 18 0 18 0 18 0 18 0 18 0 18 0 18 0 18 0 18 0 18 0 18 0 18 0 18 0 18 0 18 0 18 0 18 0 18 0 18 0 18 0 18 0 18 0 18 0 18 0 18 0 18 0 18 0 18 0 18 0 18 0 36 0 36 0 36 0 36 0 36 0 36 0 36 0 36 0 36 0 36 0 36 0 36 0 36 0 36 0 36 0 36 0 36 0 36 0 36 0 36 0 36 0 36 0 36 0 36 0 36 0 36 0 36 0 36 0 36 0 36 0 48 0 48 0 48 0 48 0 48 0 48 0 48 0 48 0 48 0 48 0 48 0 48 0 48 0 48 0 48 0 48 0 48 0 48 0 48 0 48 0 48 0 48 0 48 0 48 0 48 0 48 0 48 0 48 0 48 0 44 0 44 0 44 0 44 0 44 0 44 0 44 0 44 0 44 0 44 0 44 0 44 0 44 0 44 0 44 0 44 0 44 0 44 0 44 0 44 0 44 0 44 0 44 0 44 0 44 0 44 0 44 0 44 0 44 0 44 0 44 0 44 0 46 143 44 144 44 0 44 0 44 0 44 0 46 145 44 146 44 0 44 0 46 147 44 148 44 0 44 0 44 0 44 0 44 0 44 0 44 0 44 0 44 0 44 0 44 0 44 0 44 0 44 0 44 0 44 0 44 0 44 0 44 0 44 0 44 0 44 0 44 0 44 0 44 0 44 0 44 0 44 0 44 0 44 0 44 0 44 0 44 0 44 0 44 0 44 0 44 0 44 0 44 0 44 0 44 0 44 0 44 0 44 0 44 0 44 0 44 0 44 0 44 0 44 0 44 0 44 0 44 0 44 0 44 0 44 0 44 0 44 0 44 0 44 0 44 0 44 0 44 0 44 0 44 0 44 0 44 0 44 0 44 0 44 0 44 0 44 0 44 0 44 0 44 0 44 0 44 0 44 0 44 0 44 0 44 0 44 0 44 0 44 0 44 0 44 0 44 0 44 0 44 0 44 0 44 0 44 0 44 0 44 0 44 0 44 0 44 0 44 0 44 0 44 0 44 0 44 0 44 0 44 0 44 0 44 0 44 0 44 0 44 0 44 0 44 0 44 0 44 0 44 0 44 0 44 0 44 0 44 0 44 0 44 0 44 0 44 0 44 0 44 0 44 0 44 0 44 0 44 0 44 0 44 0 44 0 44 0 44 0 44 0 44 0 44 0 44 0 44 0 44 0 44 0 44 0 44 0 44 0 44 0 44 0 44 0 44 0 44 0 44 0 44 0 46 0 46 0 46 0 46 0 46 0 46 0 46 0 46 0 46 0 46 149 44 150 44 0 44 0 46 151 44 152 44 0 44 0 46 0 46 0 46 0 46 0 46 0 46 0 46 0 46 0 46 0 46 0 46 0 46 0 46 153 44 154 46 0 46 155 44 156 46 0 46 157 44 158 46 0 46 159 44 160 46 0 46 0 46 0 46 0 46 0 46 0 46 0 46 0 46 0 46 0 46 0 44 0 46 161 44 162 46 163 44 164 44 0 46 165 44 166 44 0 44 0 44 0 44 0 44 0 44 0 44 0 44 0 44 0 44 0 44 0 44 0 44 0 44 0 44 0 44 0 44 0 44 0 44 0 44 0 44 0 44 0 44 0 44 0 44 0 44 0 44 0 44 0 44 0 44 0 44 0 46 0 46 0 46 0 46 0 46 0 46 0 46 0 46 0 46 0 46 0 46 0 46 0 46 0 46 0 46 0 46 0 46 0 46 0 46 0 46 0 46 0 46 0 46 0 46 0 46 0 46 0 46 0 46 0 46 0 46 0 46 0 46 0 46 0 46 0 46 0 46 0 46 0 46 0 46 0 46 0 46 0 46 0 46 0 46 0 46 0 46 167 44 168 46 169 44 170 46 171 44 172 46 0 46 0 46 0 46 173 44 174 46 175 44 176 46 0 46 0 46 0 44 0 44 0 44 0 44 0 44 0 44 0 44 0 44 0 46 177 44 178 44 0 44 0 44 0 44 0 44 0 44 0 44 0 44 0 44 0 44 0 44 0 44 0 44 0 44 0 44 0 44 0 44 0 44 0 44 0 44 0 44 0 44 0 44 0 44 0 44 0 44 0 44 0 44 0 46 179 44 180 46 181 44 182 46 183 44 184 44 0 46 185 44 186 46 187 44 188 46 189 44 190 44 0 44 0 44 0 44 0 44 0 44 0 44 0 44 0 44 0 46 191 44 192 46 193 44 194 46 195 44 196 44 0 44 0 44 0 44 0 44 0 44 0 44 0 44 0 44 0 44 0 44 0 44 0 44 0 44 0 44 0 44 0 44 0 44 0 44 0 44 0 44 0 44 0 44 0 44 0 44 0 44 0 44 0 44 0 44 0 44 0 44 0 44 0 44 0 44 0 44 0 44 0 44 0 44 0 44 0 44 0 44 0 44 0 44 0 44 0 44 0 44 0 44 0 44 0 44 0 44 0 44 0 44 0 44 0 44 0 44 0 44 0 44 0 44 0 46 0 46 0 46 0 46 0 46 0 46 0 46 0 46 0 46 197 44 198 46 199 44 200 46 201 17 202 46 0 47 0 41 203 47 204 41 205 47 206 47 0 47 0 47 207 25 208 47 0 47 209 25 210 47 211 25 212 47 213 25 214 47 215 25 216 47 0 47 0 41 217 47 218 41 219 47 220 41 221 47 222 41 223 47 224 41 0 41 225 47 226 41 227 47 228 41 0 41 0 41 229 47 230 41 231 47 232 41 0 41 0 41 233 47 234 41 0 41 0 41 0 41 235 47 236 41 237 47 238 41 0 41 0 41 239 47 240 41 241 47 242 41 0 41 0 29 0 8 243 26 244 8 245 26 246 29 0 8 0 29 247 8 248 29 249 8 250 26 0 26 0 8 251 26 252 6 253 26 254 6 255 26 256 8 257 26 258 6 0 4 259 6 260 26 0 25 261 6 262 26 263 45 264 6 265 26 266 26 0 6 267 26 268 26 0 45 269 26 270 26 0 26 0 26 0 45 271 26 272 26 0 26 0 26 0 26 0 26 0 26 0 26 0 26 0 26 0 26 0 26 0 26 0 26 0 45 273 26 274 45 275 26 276 45 277 26 278 26 0 26 0 8 279 26 280 45 281 26 282 26 0 26 0 26 0 45 283 26 284 41 0 41 285 47 286 41 0 41 0 41 287 47 288 41 289 47 290 41 0 41 0 41 0 41 0 41 291 47 292 44 0 44 0 44 0 44 0 44 0 44 0 44 0 44 0 44 0 44 0 44 0 44 0 44 0 44 0 44 0 44 0 44 0 44 0 44 0 44 0 44 0 44 0 44 0 44 0 44 0 44 0 44 0 44 0 44 0 44 0 44 0 44 0 44 0 44 0 44 0 44 0 44 0 44 0 44 0 44 0 44 0 44 0 44 0 44 0 44 0 44 0 44 0 44 0 44 0 44 0 44 0 44 0 44 0 44 0 44 0 44 0 44 0 44 0 44 0 44 0 44 0 44 0 44 0 44 0 44 0 44 0 44 0 44 0 44 0 44 0 44 0 44 0 44 0 44 0 44 0 44 0 44 0 44 0 44 0 44 0 46 293 44 294 46 295 44 296 18 0 18 0 18 297 32 298 18 299 32 300 18 0 18 0 18 0 18 0 18 0 18 0 18 0 18 0 18 0 18 0 18 0 18 301 32 302 18 303 32 304 18 0 18 0 18 0 18 0 18 305 32 306 36 0 36 307 16 308 36 309 16 310 36 0 36 0 36 0 36 0 36 0 36 311 16 312 36 313 16 314 36 0 36 0 36 0 12 0 12 0 37 315 12 316 12 0 12 0 29 0 29 317 8 318 12 319 29 320 12 321 29 322 12 0 12 323 29 324 12 325 29 326 12 327 29 328 12 0 12 0 12 0 12 0 12 0 44 0 46 329 44 330 46 331 44 332 44 0 44 333 17 334 44 335 17 336 44 0 44 0 44 0 44 0 44 0 44 0 44 0 44 0 44 0 44 0 44 0 44 0 44 0 44 0 44 0 44 0 44 0 44 0 44 0 44 0 44 0 44 0 44 0 44 0 44 0 44 0 44 0 44 0 44 0 44 0 44 0 44 0 44 0 44 0 44 0 44 0 44 0 44 0 44 0 44 0 44 0 44 0 44 0 44 0 44 0 44 0 36 0 36 0 36 337 16 338 36 0 36 339 16 340 36 0 36 0 36 0 36 0 36 0 36 0 36 341 16 342 36 0 36 0 36 343 16 344 36 345 16 346 36 347 16 348 36 349 16 350 48 0 48 0 48 0 48 0 48 0 48 351 3 352 48 0 48 0 48 0 48 0 48 353 3 354 48 355 3 356 48 0 48 0 25 0 25 357 45 358 25 359 45 360 26 361 25 0 25 0 25 362 45 363 25 0 25 0 25 364 45 365 47 366 25 367 45 368 25 0 25 0 25 0 25 369 45 370 25 371 45 372 25 0 25 373 45 374 25 0 25 0 25 0 25 375 45 376 25 377 45 378 25 0 25 379 45 380 25 0 25 381 45 382 25 0 25 0 47 383 25 384 47 385 25 386 25 0 44 0 44 0 44 0 44 0 44 0 44 0 44 0 44 0 44 0 44 0 44 0 44 0 44 0 44 0 44 0 44 0 48 0 48 0 48 0 48 0 48 387 3 388 48 389 3 390 48 391 3 392 48 0 48 393 3 394 48 0 48 0 48 0 48 0 48 0 48 0 48 395 3 396 48 0 48 397 3 398 48 399 3 400 27 0 27 0 27 0 27 0 27 0 27 0 27 0 27 0 27 401 50 402 27 0 27 0 27 403 50 404 27 405 50 406 27 0 27 407 50 408 27 409 50 410 27 0 27 411 50 412 27 0 27 0 27 0 27 0 27 0 27 0 27 0 4 413 6 414 4 415 6 416 27 0 27 0 27 0 27 0 27 0 27 0 27 0 27 417 50 418 27 419 50 420 26 0 26 0 6 421 26 422 6 423 26 424 8 425 26 426 8 427 26 428 6 0 4 429 6 430 26 0 15 431 6 432 26 433 39 434 6 435 26 436 15 437 26 438 6 439 26 440 26 0 26 0 15 441 26 442 26 0 26 0 26 0 26 0 26 0 26 0 26 0 15 443 26 444 15 445 26 446 26 0 15 447 26 448 26 0 26 0 8 449 26 450 26 0 19 0 8 451 26 452 8 453 26 454 19 0 8 0 19 455 8 456 19 457 8 458 15 459 26 460 26 0 8 461 26 462 8 463 26 464 8 465 26 466 26 0 26 0 44 0 44 0 44 0 44 0 44 0 44 0 47 0 47 467 25 468 47 469 25 470 47 471 25 472 45 0 45 473 26 474 45 475 26 476 45 477 26 478 6 479 26 480 12 0 12 0 12 0 12 0 12 0 12 0 37 481 12 482 12 0 12 0 37 483 12 484 37 485 12 486 18 0 18 487 32 488 18 0 18 0 18 0 36 0 44 0 44 0 44 0 36 0 18 0 44 0 41 0 41 489 47 490 41 0 41 0 41 0 41 0 41 0 41 0 41 0 41 0 41 0 41 0 41 0 41 0 41 0 41 0 41 0 41 0 41 0 41 0 41 0 41 0 41 0 41 0 41 491 47 492 41 0 41 0 41 0 41 0 41 0 41 0 41 0 41 0 41 0 41 0 41 0 41 0 41 0 41 0 41 0 41 0 41 0 41 0 41 0 41 0 41 0 41 0 41 0 41 0 41 0 41 0 41 0 41 0 41 0 41 0 41 0 41 0 41 0 41 0 41 0 41 0 41 0 41 0 41 0 41 0 41 0 41 0 41 0 41 0 41 0 41 0 41 0 41 0 41 0 41 0 41 0 41 0 41 0 41 0 41 0 41 0 41 0 41 0 41 0 41 0 41 0 41 0 41 0 41 0 41 0 41 0 41 0 41 0 41 493 47 494 41 0 41 0 41 0 41 0 41 0 41 0 41 0 41 0 41 0 41 0 41 0 41 0 41 0 41 0 41 0 41 0 41 0 41 0 41 0 41 0 41 0 41 0 41 495 47 496 41 0 41 0 41 0 41 0 41 0 41 0 41 0 41 0 41 0 41 0 41 0 41 0 41 0 41 0 41 0 41 0 41 0 41 0 41 0 41 0 41 0 41 0 41 0 44 0 44 0 44 0 44 0 44 0 44 0 44 0 44 0 44 0 44 0 44 0 44 0 44 0 44 0 44 0 44 0 44 0 44 0 44 0 44 0 44 0 44 0 44 0 44 0 44 0 44 0 44 0 44 0 44 0 44 0 44 0 44 0 44 0 44 0 44 0 44 0 44 0 44 0 44 0 44 0 44 0 44 0 44 0 44 0 44 0 44 0 44 0 44 0 44 0 44 0 44 0 44 0 44 0 44 0 44 0 44 0 44 0 44 0 44 0 44 0 44 0 44 0 44 0 44 0 44 0 44 0 44 0 44 0 44 0 44 0 44 0 44 0 44 0 44 0 44 0 44 0 44 0 44 0 44 0 44 0 44 0 44 0 44 0 44 0 44 0 44 0 44 0 44 0 44 0 44 0 44 0 44 0 44 0 44 0 44 0 44 0 44 0 44 0 44 0 44 0 44 0 44 0 44 0 44 0 44 0 44 0 44 0 44 0 44 0 44 0 44 0 44 0 44 0 44 0 44 0 44 0 44 0 44 0 44 0 44 0 44 0 44 0 44 0 44 0 44 0 44 0 44 0 44 0 44 0 44 0 44 0 44 0 44 0 44 0 44 0 44 0 44 0 44 0 44 0 44 0 44 0 44 0 44 0 44 0 44 0 44 0 44 0 44 0 44 0 44 0 44 0 44 0 44 0 44 0 44 0 44 0 44 0 44 0 44 0 44 0 44 0 44 0 44 0 44 0 44 0 44 0 44 0 44 0 44 0 44 0 44 0 44 0 44 0 44 0 44 0 44 0 44 0 44 0 44 0 44 0 21 0 21 0 21 0 21 0 21 0 21 0 21 0 21 0 21 0 21 0 21 0 21 0 21 0 21 0 21 0 21 0 21 0 21 0 21 0 21 0 21 0 21 0 21 0 21 0 21 0 21 0 21 0 21 0 21 0 21 0 21 0 30 0 30 0 30 0 30 0 30 0 30 0 30 0 30 0 30 0 30 0 30 0 30 0 30 0 30 0 30 0 30 0 30 0 30 0 30 0 30 0 30 0 30 0 30 0 30 0 30 0 30 0 30 0 30 0 30 0 30 0 23 0 23 0 23 0 23 0 23 0 23 0 23 0 23 0 23 0 23 0 23 0 23 0 23 0 23 0 23 0 23 0 23 0 23 0 23 0 23 0 23 0 23 0 23 0 23 0 23 0 23 0 23 0 23 0 23 0 44 0 44 0 44 0 44 0 44 0 44 0 44 0 44 0 44 0 44 0 44 0 44 0 44 0 44 0 44 0 44 0 44 0 44 0 44 0 44 0 44 0 44 0 44 0 44 0 44 0 44 0 44 0 44 0 44 0 44 0 44 0 44 0 46 497 44 498 44 0 44 0 44 0 44 0 46 499 44 500 44 0 44 0 46 501 44 502 44 0 44 0 44 0 44 0 44 0 44 0 44 0 44 0 44 0 44 0 44 0 44 0 44 0 44 0 44 0 44 0 44 0 44 0 44 0 44 0 44 0 44 0 44 0 44 0 44 0 44 0 44 0 44 0 44 0 44 0 44 0 44 0 44 0 44 0 44 0 44 0 44 0 44 0 44 0 44 0 44 0 44 0 44 0 44 0 44 0 44 0 44 0 44 0 44 0 44 0 44 0 44 0 44 0 44 0 44 0 44 0 44 0 44 0 44 0 44 0 44 0 44 0 44 0 44 0 44 0 44 0 44 0 44 0 44 0 44 0 44 0 44 0 44 0 44 0 44 0 44 0 44 0 44 0 44 0 44 0 44 0 44 0 44 0 44 0 44 0 44 0 44 0 44 0 44 0 44 0 44 0 44 0 44 0 44 0 44 0 44 0 44 0 44 0 44 0 44 0 44 0 44 0 44 0 44 0 44 0 44 0 44 0 44 0 44 0 44 0 44 0 44 0 44 0 44 0 44 0 44 0 44 0 44 0 44 0 44 0 44 0 44 0 44 0 44 0 44 0 44 0 44 0 44 0 44 0 44 0 44 0 44 0 44 0 44 0 44 0 44 0 44 0 44 0 44 0 44 0 44 0 44 0 46 0 46 0 46 0 46 0 46 0 46 0 44 0 46 503 44 504 46 0 46 0 46 0 46 0 46 0 46 0 46 0 46 0 46 0 46 0 46 0 46 505 44 506 46 0 46 507 44 508 46 0 46 509 44 510 46 511 44 512 46 0 46 0 46 0 46 0 46 0 46 0 46 0 46 0 46 0 46 0 44 0 46 513 44 514 46 515 44 516 44 0 46 517 44 518 44 0 44 0 44 0 44 0 44 0 44 0 44 0 44 0 44 0 44 0 44 0 44 0 44 0 44 0 44 0 44 0 44 0 44 0 44 0 44 0 44 0 44 0 46 0 46 0 46 0 46 0 46 0 46 0 46 0 46 0 46 0 46 0 46 0 46 0 46 0 46 0 46 0 46 0 46 0 46 0 46 0 46 0 46 0 46 0 46 0 46 0 46 0 46 0 46 0 46 0 46 0 46 0 46 0 46 0 46 0 46 0 46 0 46 0 46 519 44 520 46 521 44 522 46 523 44 524 46 0 46 0 46 0 46 525 44 526 46 527 44 528 46 0 46 0 46 0 44 0 44 0 44 0 44 0 44 0 44 0 44 0 44 0 46 529 44 530 44 0 44 0 44 0 44 0 44 0 44 0 44 0 44 0 44 0 44 0 44 0 44 0 44 0 44 0 44 0 44 0 44 0 44 0 44 0 44 0 44 0 44 0 44 0 44 0 44 0 44 0 44 0 44 0 46 531 44 532 46 533 44 534 46 535 44 536 44 0 46 537 44 538 46 539 44 540 46 541 44 542 44 0 44 0 44 0 44 0 44 0 44 0 44 0 44 0 44 0 46 543 44 544 46 545 44 546 46 547 44 548 44 0 44 0 44 0 44 0 44 0 44 0 44 0 44 0 44 0 44 0 44 0 44 0 44 0 44 0 44 0 44 0 44 0 44 0 44 0 44 0 44 0 44 0 44 0 44 0 44 0 44 0 44 0 44 0 44 0 44 0 44 0 44 0 44 0 44 0 44 0 44 0 44 0 44 0 44 0 44 0 44 0 44 0 44 0 44 0 44 0 44 0 44 0 44 0 44 0 44 0 44 0 44 0 44 0 44 0 44 0 44 0 44 0 46 0 46 0 46 0 46 0 46 0 46 0 46 0 46 0 46 549 44 550 46 551 44 552 46 553 17 554 38 0 33 555 38 556 33 557 38 558 38 0 38 559 39 560 38 0 38 0 38 561 39 562 38 563 39 564 38 565 39 566 38 567 39 568 38 0 38 0 33 569 38 570 33 571 38 572 33 573 38 574 33 575 38 576 33 0 33 577 38 578 33 579 38 580 33 0 33 0 33 0 33 581 38 582 33 583 38 584 33 0 33 585 38 586 33 0 33 0 33 0 33 587 38 588 33 0 33 589 38 590 33 0 33 591 38 592 33 593 38 594 33 0 33 0 33 0 33 0 33 595 38 596 33 0 33 597 38 598 33 599 38 600 33 0 33 0 33 0 33 0 33 601 38 602 44 0 44 0 44 0 44 0 44 0 44 0 44 0 44 0 44 0 44 0 44 0 44 0 44 0 44 0 44 0 44 0 44 0 44 0 44 0 44 0 44 0 44 0 44 0 44 0 44 0 44 0 44 0 44 0 44 0 44 0 44 0 44 0 44 0 44 0 44 0 44 0 44 0 44 0 44 0 44 0 44 0 44 0 44 0 44 0 44 0 44 0 44 0 44 0 44 0 44 0 44 0 44 0 44 0 44 0 44 0 44 0 44 0 44 0 44 0 44 0 44 0 44 0 44 0 44 0 44 0 44 0 44 0 46 603 44 604 46 605 44 606 21 0 21 607 0 608 21 0 21 609 0 610 21 0 21 0 21 0 21 0 21 0 21 0 21 0 21 0 21 0 21 0 21 0 21 611 0 612 21 0 21 613 0 614 21 0 21 0 21 0 21 615 0 616 30 0 30 617 2 618 30 619 2 620 30 0 30 0 30 0 30 0 30 0 30 621 2 622 30 623 2 624 30 0 30 0 30 0 49 0 7 625 49 626 49 0 49 0 49 0 19 0 49 627 19 628 19 629 8 630 49 631 19 632 49 0 49 0 49 0 49 0 49 0 49 0 49 0 49 633 19 634 49 635 19 636 49 637 19 638 49 0 49 0 49 0 49 0 49 0 7 639 49 640 7 641 49 642 49 0 49 0 7 643 49 644 44 0 46 645 44 646 46 647 44 648 44 0 44 649 17 650 44 651 17 652 44 0 44 0 44 0 44 0 44 0 44 0 44 0 44 0 44 0 44 0 44 0 44 0 44 0 44 0 44 0 44 0 44 0 44 0 44 0 44 0 44 0 44 0 44 0 44 0 44 0 44 0 44 0 44 0 44 0 44 0 44 0 44 0 44 0 44 0 44 0 44 0 44 0 44 0 44 0 44 0 44 0 44 0 44 0 44 0 30 0 30 0 30 0 30 653 2 654 30 655 2 656 30 0 30 0 30 0 30 0 30 0 30 0 30 657 2 658 30 0 30 0 30 659 2 660 30 661 2 662 30 663 2 664 30 665 2 666 23 0 23 0 23 0 23 0 23 0 23 0 23 667 10 668 23 0 23 0 23 0 23 669 10 670 23 671 10 672 23 0 23 0 39 0 39 0 39 673 15 674 26 675 39 676 15 677 39 0 39 678 15 679 39 0 39 0 39 680 15 681 38 682 39 683 15 684 39 0 39 685 26 686 39 0 39 687 15 688 39 689 15 690 39 0 39 691 15 692 39 693 15 694 39 0 39 0 39 695 15 696 39 0 39 697 15 698 39 0 39 699 26 700 38 701 39 702 38 703 39 704 39 0 38 0 38 705 39 706 38 707 39 708 38 709 39 710 44 0 44 0 44 0 44 0 44 0 44 0 44 0 44 0 44 0 44 0 44 0 44 0 44 0 44 0 44 0 44 0 23 0 23 0 23 0 23 0 23 711 10 712 23 713 10 714 23 715 10 716 23 0 23 717 10 718 23 0 23 0 23 0 23 0 23 0 23 0 23 719 10 720 23 0 23 721 10 722 23 723 10 724 27 0 27 0 27 0 27 0 27 0 27 725 50 726 27 0 27 0 27 727 50 728 27 729 50 730 27 0 27 0 4 731 6 732 4 733 6 734 26 0 8 735 26 736 8 737 26 738 26 0 44 0 44 0 44 0 44 0 44 0 26 0 26 0 26 0 15 739 26 740 15 0 15 741 26 742 15 743 26 744 15 745 26 746 21 0 21 747 0 748 21 0 21 0 21 0 30 0 44 0 30 0 21 0 33 0 33 749 38 750 33 0 33 0 33 0 33 0 33 0 33 0 33 0 33 0 33 0 33 0 33 0 33 0 33 0 33 0 33 0 33 0 33 0 33 0 33 0 33 0 33 0 33 0 33 751 38 752 33 0 33 0 33 0 33 0 33 0 33 0 33 0 33 0 33 0 33 0 33 0 33 0 33 0 33 0 33 0 33 0 33 0 33 0 33 0 33 0 33 0 33 0 33 0 33 0 33 0 33 0 33 0 33 0 33 0 33 0 33 0 33 0 33 0 33 0 33 0 33 0 33 0 33 0 33 0 33 0 33 0 33 0 33 0 33 0 33 0 33 0 33 0 33 0 33 0 33 0 33 0 33 0 33 0 33 0 33 0 33 0 33 0 33 0 33 0 33 0 33 0 33 0 33 0 33 0 33 0 33 0 33 0 33 0 33 753 38 754 33 0 33 0 33 0 33 0 33 0 33 0 33 0 33 0 33 0 33 0 33 0 33 0 33 0 33 0 33 0 33 0 33 0 33 0 33 0 33 0 33 0 33 0 33 755 38 756 33 0 33 0 33 0 33 0 33 0 33 0 33 0 33 0 33 0 33 0 33 0 33 0 33 0 33 0 33 0 33 0 33 0 33 0 33 0 33 0 33 0 33 0 33 0 44 0 44 0 44 0 46 0 46 0 46 0 46 0 46 0 46 0 35 757 13 758 13 759 1 760 35 761 1 762 35 0 35 763 40 764 40 0 35 765 40 766 35 767 40 768 29 769 8 770 17 771 8 772 40 773 8 774 40 775 8 776 17 777 8 778 1 779 40 780 1 781 40 782 1 783 40 784 1 785 40 786 1 787 40 788 1 789 40 790 8 0 8 0 35 791 1 792 1 793 40 794 1 795 40 796 1 797 40 798 1 799 40 800 13 801 1 802 13 803 1 804 13 805 1 806 13 807 1 808 35 809 1 810 35 811 13 812 13 813 1 814 35 815 40 816 40 0 35 817 40 818 35 819 40 820 29 821 8 822 17 823 8 824 40 825 8 826 1 827 40 828 1 829 40 830 1 831 40 832 1 833 40 834 1 835 40 836 1 837 40 838 8 0 1 839 40 840 1 841 40 842 1 843 40 844 13 845 1 846 13 847 1 848 13 849 1 850 22 851 51 852 51 853 24 854 22 855 24 856 22 0 22 0 22 0 22 857 11 858 11 0 22 859 11 860 22 861 11 862 17 863 8 864 11 865 8 866 17 867 8 868 11 869 8 870 24 871 11 872 24 873 11 874 24 875 11 876 24 877 11 878 24 879 11 880 24 881 11 882 8 0 8 0 22 883 24 884 24 885 11 886 24 887 11 888 24 889 11 890 24 891 11 892 51 893 24 894 51 895 24 896 51 897 24 898 51 899 24 900 22 901 24 902 22 903 51 904 51 905 24 906 22 907 11 908 11 0 22 909 11 910 22 911 11 912 19 913 8 914 17 915 8 916 11 917 8 918 24 919 11 920 24 921 11 922 24 923 11 924 24 925 11 926 24 927 11 928 24 929 11 930 8 0 24 931 11 932 24 933 11 934 24 935 11 936 51 937 24 938 51 939 24 940 51 941 24 942 46 943 44 944 46 945 44 946 46 947 44 948 46 949 44 950 46 951 44 952 46 953 44 954 46 955 44 956 46 957 44 958 46 959 44 960 46 961 44 962 46 963 44 964 46 965 44 966 46 967 44 968 46 969 44 970 46 971 44 972 46 973 17 974 46 975 17 976 46 977 17 978 46 0 46 979 44 980 41 981 47 982 41 0 41 0 41 983 47 984 41 985 47 986 41 987 47 988 41 989 47 990 47 991 25 992 47 993 25 994 47 995 25 996 47 997 25 998 41 999 47 1000 47 1001 25 1002 47 1003 25 1004 41 1005 47 1006 47 1007 25 1008 47 1009 25 1010 47 1011 25 1012 47 1013 25 1014 47 1015 25 1016 47 1017 25 1018 47 1019 25 1020 47 1021 25 1022 47 1023 25 1024 47 1025 25 1026 47 1027 25 1028 47 1029 25 1030 47 1031 25 1032 47 1033 25 1034 47 1035 25 1036 47 1037 25 1038 47 1039 25 1040 41 1041 47 1042 47 1043 25 1044 47 1045 25 1046 41 1047 47 1048 47 1049 25 1050 41 1051 47 1052 41 0 41 0 12 1053 29 1054 29 1055 8 1056 12 1057 29 1058 29 1059 8 1060 12 1061 29 1062 29 1063 8 1064 8 1065 26 1066 8 1067 26 1068 17 1069 8 1070 17 1071 8 1072 12 1073 29 1074 29 1075 8 1076 17 1077 8 1078 29 1079 8 1080 17 1081 8 1082 17 1083 8 1084 17 1085 8 1086 17 1087 8 1088 17 1089 8 1090 17 1091 8 1092 17 1093 8 1094 8 0 8 1095 26 1096 8 1097 26 1098 8 1099 26 1100 12 1101 8 1102 8 1103 26 1104 6 1105 26 1106 6 1107 26 1108 6 1109 26 1110 6 1111 26 1112 25 1113 6 1114 26 1115 25 1116 6 1117 26 1118 25 1119 26 1120 25 1121 6 1122 26 1123 45 1124 26 1125 25 1126 6 1127 26 1128 45 1129 26 1130 45 1131 26 1132 45 1133 26 1134 45 1135 26 1136 45 1137 26 1138 45 1139 26 1140 25 1141 45 1142 26 1143 41 1144 47 1145 41 1146 47 1147 41 1148 47 1149 41 1150 47 1151 41 1152 47 1153 47 1154 25 1155 47 1156 25 1157 47 1158 25 1159 47 1160 25 1161 47 1162 25 1163 47 1164 25 1165 47 1166 25 1167 47 1168 25 1169 47 1170 25 1171 47 1172 25 1173 47 1174 25 1175 47 1176 25 1177 47 1178 25 1179 47 1180 25 1181 47 1182 25 1183 47 1184 25 1185 47 1186 25 1187 47 1188 25 1189 41 1190 47 1191 41 1192 47 1193 41 1194 47 1195 41 1196 47 1197 41 1198 47 1199 41 1200 47 1201 41 1202 47 1203 41 1204 47 1205 41 1206 47 1207 41 0 41 0 18 1208 32 1209 18 1210 32 1211 32 1212 5 1213 32 1214 5 1215 32 1216 5 1217 32 1218 5 1219 32 1220 5 1221 32 1222 5 1223 32 1224 5 1225 5 1226 37 1227 16 1228 5 1229 5 1230 37 1231 5 1232 37 1233 3 1234 5 1235 16 1236 5 1237 3 1238 5 1239 3 1240 5 1241 16 1242 5 1243 16 1244 5 1245 16 1246 5 1247 16 1248 5 1249 16 1250 5 1251 16 1252 5 1253 16 1254 5 1255 32 1256 5 1257 32 1258 5 1259 16 1260 5 1261 3 1262 5 1263 32 1264 5 1265 32 1266 5 1267 18 1268 32 1269 18 1270 32 1271 18 1272 32 1273 32 1274 5 1275 18 1276 32 1277 32 1278 5 1279 32 1280 5 1281 18 1282 32 1283 18 1284 32 1285 18 1286 32 1287 18 1288 32 1289 18 1290 32 1291 32 1292 5 1293 32 1294 5 1295 32 1296 5 1297 32 1298 5 1299 16 1300 5 1301 16 1302 5 1303 16 1304 5 1305 16 1306 5 1307 16 1308 5 1309 16 1310 5 1311 16 1312 5 1313 5 1314 37 1315 32 1316 5 1317 5 1318 37 1319 16 1320 5 1321 16 1322 5 1323 16 1324 5 1325 3 1326 5 1327 16 1328 5 1329 3 1330 5 1331 3 1332 5 1333 5 1334 37 1335 5 1336 37 1337 5 1338 37 1339 3 1340 5 1341 3 1342 5 1343 3 1344 5 1345 3 1346 5 1347 3 1348 5 1349 3 1350 5 1351 3 1352 5 1353 3 1354 5 1355 3 1356 5 1357 3 1358 5 1359 3 1360 5 1361 3 1362 5 1363 3 1364 5 1365 16 1366 5 1367 16 1368 5 1369 36 1370 16 1371 36 1372 16 1373 36 1374 16 1375 36 1376 16 1377 36 1378 16 1379 36 1380 16 1381 16 1382 5 1383 5 1384 37 1385 5 1386 37 1387 5 1388 37 1389 5 1390 37 1391 5 1392 37 1393 5 1394 37 1395 5 1396 37 1397 5 1398 37 1399 5 1400 37 1401 5 1402 37 1403 5 1404 37 1405 5 1406 37 1407 5 1408 37 1409 5 1410 37 1411 5 1412 37 1413 5 1414 37 1415 5 1416 37 1417 5 1418 37 1419 5 1420 37 1421 5 1422 37 1423 5 1424 37 1425 5 1426 37 1427 5 1428 37 1429 5 1430 37 1431 5 1432 37 1433 5 1434 37 1435 37 1436 12 1437 37 1438 12 1439 37 1440 12 1441 37 1442 12 1443 37 1444 12 1445 37 1446 12 1447 12 1448 29 1449 12 1450 29 1451 12 1452 29 1453 12 1454 29 1455 12 1456 29 1457 12 1458 29 1459 12 1460 29 1461 29 1462 8 1463 29 1464 8 1465 12 1466 29 1467 12 1468 8 1469 12 1470 29 1471 12 1472 29 1473 12 1474 29 1475 12 1476 29 1477 12 1478 29 1479 12 1480 29 1481 19 1482 12 1483 12 1484 29 1485 12 1486 29 1487 12 1488 29 1489 12 1490 29 1491 12 1492 29 1493 12 1494 29 1495 12 1496 29 1497 12 1498 29 1499 12 1500 29 1501 12 1502 29 1503 29 0 29 0 12 1504 29 1505 12 1506 29 1507 37 1508 12 1509 12 1510 29 1511 12 1512 29 1513 37 1514 12 1515 37 1516 12 1517 37 1518 12 1519 37 1520 12 1521 37 1522 12 1523 5 1524 37 1525 37 1526 12 1527 37 1528 12 1529 5 1530 37 1531 5 1532 37 1533 5 1534 37 1535 5 1536 37 1537 44 1538 17 1539 44 1540 17 1541 44 1542 17 1543 46 1544 44 1545 17 1546 46 1547 17 1548 46 1549 44 1550 46 1551 17 1552 46 1553 17 1554 36 1555 16 1556 36 1557 16 1558 36 1559 16 1560 36 1561 16 1562 36 1563 16 1564 36 1565 16 1566 36 1567 16 1568 16 1569 5 1570 16 1571 5 1572 16 1573 5 1574 16 1575 5 1576 3 1577 5 1578 3 1579 5 1580 3 1581 5 1582 3 1583 5 1584 3 1585 5 1586 3 1587 5 1588 3 1589 5 1590 3 1591 5 1592 3 1593 5 1594 3 1595 5 1596 3 1597 5 1598 3 1599 5 1600 3 1601 5 1602 5 1603 37 1604 48 1605 3 1606 48 1607 3 1608 48 1609 3 1610 48 1611 3 1612 48 1613 3 1614 48 1615 3 1616 25 1617 26 1618 25 1619 45 1620 25 1621 45 1622 26 1623 45 1624 26 1625 45 1626 26 1627 25 1628 45 1629 26 1630 45 1631 26 1632 45 1633 26 1634 45 1635 26 1636 45 1637 26 1638 45 1639 26 1640 45 1641 26 1642 45 1643 26 1644 45 1645 26 1646 45 1647 26 1648 25 1649 45 1650 25 1651 45 1652 25 1653 45 1654 25 1655 45 1656 25 1657 45 1658 25 1659 45 1660 25 1661 45 1662 25 1663 45 1664 25 1665 45 1666 25 1667 45 1668 25 1669 45 1670 25 1671 45 1672 25 1673 45 1674 26 1675 25 1676 45 1677 26 1678 25 1679 26 1680 25 1681 45 1682 26 1683 25 1684 6 1685 26 1686 25 1687 26 1688 25 1689 45 1690 26 1691 25 1692 45 1693 26 1694 25 1695 45 1696 25 1697 26 1698 25 1699 45 1700 26 1701 25 1702 45 1703 26 1704 25 1705 45 1706 26 1707 47 1708 25 1709 47 1710 25 1711 47 1712 25 1713 47 1714 25 1715 47 1716 25 1717 47 1718 25 1719 47 1720 25 1721 47 1722 25 1723 47 1724 25 1725 47 1726 25 1727 47 1728 25 1729 47 1730 25 1731 47 1732 25 1733 47 1734 25 1735 47 1736 25 1737 47 1738 25 1739 47 1740 25 1741 47 1742 25 1743 47 1744 25 1745 25 1746 45 1747 25 1748 45 1749 25 1750 45 1751 47 1752 25 1753 47 1754 25 1755 47 1756 25 1757 47 1758 25 1759 47 1760 25 1761 47 1762 25 1763 47 1764 25 1765 47 1766 25 1767 47 1768 25 1769 47 1770 25 1771 47 1772 25 1773 47 1774 25 1775 47 1776 25 1777 47 1778 25 1779 47 1780 25 1781 47 1782 25 1783 47 1784 25 1785 47 1786 25 1787 47 1788 25 1789 47 1790 25 1791 47 1792 25 1793 47 1794 25 1795 47 1796 25 1797 48 1798 3 1799 3 1800 5 1801 3 1802 5 1803 3 1804 5 1805 3 1806 5 1807 5 1808 37 1809 48 1810 3 1811 48 1812 3 1813 48 1814 3 1815 4 1816 6 1817 4 1818 6 1819 6 1820 26 1821 4 1822 6 1823 6 1824 26 1825 34 1826 4 1827 34 1828 4 1829 34 1830 4 1831 34 1832 4 1833 9 1834 34 1835 9 1836 34 1837 50 1838 9 1839 50 1840 9 1841 50 1842 9 1843 50 1844 9 1845 27 1846 50 1847 50 1848 9 1849 50 1850 9 1851 9 1852 34 1853 34 1854 4 1855 34 1856 4 1857 50 1858 9 1859 50 1860 9 1861 9 1862 34 1863 34 1864 4 1865 34 1866 4 1867 50 1868 9 1869 50 1870 9 1871 50 1872 9 1873 50 1874 9 1875 50 1876 9 1877 9 1878 34 1879 9 1880 34 1881 34 1882 4 1883 34 1884 4 1885 34 1886 4 1887 34 1888 4 1889 4 1890 6 1891 4 1892 6 1893 4 1894 6 1895 4 1896 6 1897 6 1898 26 1899 6 1900 26 1901 50 1902 9 1903 34 1904 4 1905 9 1906 34 1907 34 1908 4 1909 50 1910 9 1911 50 1912 9 1913 9 1914 34 1915 34 1916 4 1917 34 1918 4 1919 4 1920 6 1921 4 1922 6 1923 6 1924 26 1925 6 1926 26 1927 50 1928 9 1929 50 1930 9 1931 34 1932 4 1933 34 1934 4 1935 9 1936 34 1937 6 1938 26 1939 6 1940 26 1941 39 1942 6 1943 26 1944 39 1945 6 1946 26 1947 39 1948 26 1949 39 1950 6 1951 26 1952 39 1953 26 1954 39 1955 6 1956 26 1957 15 1958 26 1959 49 1960 19 1961 19 1962 8 1963 49 1964 19 1965 19 1966 8 1967 49 1968 19 1969 19 1970 8 1971 8 1972 26 1973 8 1974 26 1975 17 1976 8 1977 17 1978 8 1979 49 1980 19 1981 19 1982 8 1983 17 1984 8 1985 19 1986 8 1987 17 1988 8 1989 17 1990 8 1991 17 1992 8 1993 17 1994 8 1995 8 1996 26 1997 8 1998 26 1999 49 2000 8 2001 19 2002 8 2003 19 0 15 2004 26 2005 15 2006 26 2007 15 2008 26 2009 39 2010 26 2011 17 2012 8 2013 17 2014 8 2015 17 2016 8 2017 44 2018 17 2019 44 2020 17 2021 44 2022 17 2023 46 2024 17 2025 17 2026 8 2027 17 2028 8 2029 46 2030 17 2031 46 2032 17 2033 46 2034 17 2035 17 2036 8 2037 17 2038 8 2039 17 2040 8 2041 8 2042 26 2043 8 2044 26 2045 47 2046 25 2047 41 2048 47 2049 41 2050 47 2051 41 2052 47 2053 41 0 45 2054 26 2055 25 2056 45 2057 25 2058 45 2059 45 2060 26 2061 25 2062 45 2063 26 2064 45 2065 26 2066 25 2067 45 2068 26 2069 25 2070 26 2071 45 2072 26 2073 29 2074 8 2075 29 0 45 2076 26 2077 25 2078 26 2079 45 2080 26 2081 12 2082 29 2083 12 2084 29 2085 12 2086 29 2087 37 2088 12 2089 37 2090 12 2091 37 2092 12 2093 37 2094 12 2095 37 2096 12 2097 37 2098 12 2099 37 2100 12 2101 37 2102 12 2103 5 2104 37 2105 5 2106 37 2107 5 2108 37 2109 37 2110 12 2111 37 2112 12 2113 5 2114 37 2115 37 2116 12 2117 5 2118 37 2119 5 2120 37 2121 5 2122 37 2123 5 2124 37 2125 5 2126 37 2127 5 2128 37 2129 5 2130 37 2131 5 2132 37 2133 5 2134 37 2135 18 2136 32 2137 32 2138 5 2139 32 2140 5 2141 32 2142 5 2143 32 2144 5 2145 32 2146 5 2147 32 2148 5 2149 32 2150 5 2151 5 2152 37 2153 18 2154 32 2155 32 2156 5 2157 18 2158 32 2159 5 2160 37 2161 32 2162 5 2163 32 2164 5 2165 44 2166 17 2167 47 2168 25 2169 47 2170 25 2171 47 2172 25 2173 47 2174 25 2175 47 2176 25 2177 41 2178 47 2179 41 2180 47 2181 46 2182 17 2183 44 2184 17 2185 46 2186 44 2187 46 2188 44 2189 46 2190 44 2191 46 2192 44 2193 46 2194 44 2195 46 2196 44 2197 46 2198 44 2199 46 2200 44 2201 46 2202 44 2203 46 2204 44 2205 46 2206 44 2207 46 2208 44 2209 46 2210 44 2211 46 2212 44 2213 46 2214 44 2215 46 2216 17 2217 46 2218 17 2219 46 2220 44 2221 33 2222 38 2223 33 0 33 2224 38 2225 33 0 33 2226 38 2227 33 2228 38 2229 33 2230 38 2231 38 2232 39 2233 38 2234 39 2235 38 2236 39 2237 38 2238 39 2239 33 2240 38 2241 38 2242 39 2243 38 2244 39 2245 33 2246 38 2247 38 2248 39 2249 38 2250 39 2251 38 2252 39 2253 38 2254 39 2255 38 2256 39 2257 38 2258 39 2259 38 2260 39 2261 38 2262 39 2263 38 2264 39 2265 38 2266 39 2267 38 2268 39 2269 38 2270 39 2271 38 2272 39 2273 38 2274 39 2275 38 2276 39 2277 38 2278 39 2279 38 2280 39 2281 33 2282 38 2283 38 2284 39 2285 38 2286 39 2287 33 2288 38 2289 38 2290 39 2291 33 2292 38 2293 33 0 33 0 33 2294 38 2295 33 2296 38 2297 33 2298 38 2299 33 2300 38 2301 33 2302 38 2303 38 2304 39 2305 38 2306 39 2307 38 2308 39 2309 38 2310 39 2311 38 2312 39 2313 38 2314 39 2315 38 2316 39 2317 38 2318 39 2319 38 2320 39 2321 38 2322 39 2323 38 2324 39 2325 38 2326 39 2327 38 2328 39 2329 38 2330 39 2331 38 2332 39 2333 38 2334 39 2335 38 2336 39 2337 38 2338 39 2339 33 2340 38 2341 33 2342 38 2343 33 2344 38 2345 33 2346 38 2347 33 2348 38 2349 33 2350 38 2351 33 2352 38 2353 33 2354 38 2355 33 2356 38 2357 33 0 33 0 21 2358 0 2359 21 2360 0 2361 0 2362 14 2363 0 2364 14 2365 0 2366 14 2367 0 2368 14 2369 0 2370 14 2371 0 2372 14 2373 0 2374 14 2375 14 2376 7 2377 2 2378 14 2379 14 2380 7 2381 14 2382 7 2383 10 2384 14 2385 2 2386 14 2387 10 2388 14 2389 10 2390 14 2391 2 2392 14 2393 2 2394 14 2395 2 2396 14 2397 2 2398 14 2399 2 2400 14 2401 2 2402 14 2403 2 2404 14 2405 0 2406 14 2407 0 2408 14 2409 2 2410 14 2411 10 2412 14 2413 0 2414 14 2415 0 2416 14 2417 21 2418 0 2419 21 2420 0 2421 21 2422 0 2423 0 2424 14 2425 21 2426 0 2427 0 2428 14 2429 0 2430 14 2431 21 2432 0 2433 21 2434 0 2435 21 2436 0 2437 21 2438 0 2439 21 2440 0 2441 0 2442 14 2443 0 2444 14 2445 0 2446 14 2447 0 2448 14 2449 2 2450 14 2451 2 2452 14 2453 2 2454 14 2455 2 2456 14 2457 2 2458 14 2459 2 2460 14 2461 2 2462 14 2463 14 2464 7 2465 0 2466 14 2467 14 2468 7 2469 2 2470 14 2471 2 2472 14 2473 2 2474 14 2475 10 2476 14 2477 2 2478 14 2479 10 2480 14 2481 10 2482 14 2483 14 2484 7 2485 14 2486 7 2487 14 2488 7 2489 10 2490 14 2491 10 2492 14 2493 10 2494 14 2495 10 2496 14 2497 10 2498 14 2499 10 2500 14 2501 10 2502 14 2503 10 2504 14 2505 10 2506 14 2507 10 2508 14 2509 10 2510 14 2511 10 2512 14 2513 10 2514 14 2515 2 2516 14 2517 2 2518 14 2519 30 2520 2 2521 30 2522 2 2523 30 2524 2 2525 30 2526 2 2527 30 2528 2 2529 30 2530 2 2531 2 2532 14 2533 14 2534 7 2535 14 2536 7 2537 14 2538 7 2539 14 2540 7 2541 14 2542 7 2543 14 2544 7 2545 7 2546 49 2547 7 2548 49 2549 7 2550 49 2551 7 2552 49 2553 49 2554 19 2555 49 2556 19 2557 49 2558 19 2559 49 2560 19 2561 49 2562 19 2563 49 2564 19 2565 49 2566 19 2567 19 2568 8 2569 19 2570 8 2571 49 2572 19 2573 49 2574 8 2575 49 2576 19 2577 49 2578 19 2579 49 2580 19 2581 49 2582 19 2583 49 2584 19 2585 49 2586 19 2587 49 2588 29 2589 49 2590 19 2591 49 2592 19 2593 49 2594 19 2595 49 2596 19 2597 49 2598 19 2599 49 2600 19 2601 7 2602 49 2603 49 2604 19 2605 49 2606 19 2607 49 2608 19 2609 49 2610 19 2611 49 2612 19 2613 49 2614 19 2615 49 2616 19 2617 49 2618 19 2619 19 0 19 0 49 2620 19 2621 49 2622 19 2623 49 2624 19 2625 7 2626 49 2627 7 2628 49 2629 7 2630 49 2631 7 2632 49 2633 7 2634 49 2635 7 2636 49 2637 14 2638 7 2639 14 2640 7 2641 7 2642 49 2643 7 2644 49 2645 7 2646 49 2647 14 2648 7 2649 14 2650 7 2651 14 2652 7 2653 14 2654 7 2655 14 2656 7 2657 14 2658 7 2659 14 2660 7 2661 14 2662 7 2663 14 2664 7 2665 14 2666 7 2667 14 2668 7 2669 14 2670 7 2671 14 2672 7 2673 14 2674 7 2675 7 2676 49 2677 7 2678 49 2679 7 2680 49 2681 7 2682 49 2683 7 2684 49 2685 7 2686 49 2687 7 2688 49 2689 14 2690 7 2691 14 2692 7 2693 14 2694 7 2695 14 2696 7 2697 7 2698 49 2699 7 2700 49 2701 7 2702 49 2703 7 2704 49 2705 14 2706 7 2707 14 2708 7 2709 14 2710 7 2711 14 2712 7 2713 14 2714 7 2715 14 2716 7 2717 14 2718 7 2719 14 2720 7 2721 14 2722 7 2723 14 2724 7 2725 14 2726 7 2727 14 2728 7 2729 14 2730 7 2731 14 2732 7 2733 14 2734 7 2735 44 2736 17 2737 44 2738 17 2739 44 2740 17 2741 46 2742 44 2743 17 2744 46 2745 17 2746 46 2747 44 2748 46 2749 17 2750 46 2751 17 2752 30 2753 2 2754 30 2755 2 2756 30 2757 2 2758 30 2759 2 2760 30 2761 2 2762 30 2763 2 2764 30 2765 2 2766 2 2767 14 2768 2 2769 14 2770 2 2771 14 2772 2 2773 14 2774 10 2775 14 2776 10 2777 14 2778 10 2779 14 2780 10 2781 14 2782 10 2783 14 2784 10 2785 14 2786 10 2787 14 2788 10 2789 14 2790 10 2791 14 2792 10 2793 14 2794 10 2795 14 2796 10 2797 14 2798 10 2799 14 2800 14 2801 7 2802 23 2803 10 2804 23 2805 10 2806 23 2807 10 2808 23 2809 10 2810 23 2811 10 2812 23 2813 10 2814 39 2815 26 2816 39 2817 15 2818 39 2819 15 2820 26 2821 15 2822 26 2823 39 2824 15 2825 26 2826 15 2827 26 2828 15 2829 26 2830 15 2831 26 2832 15 2833 26 2834 15 2835 26 2836 15 2837 26 2838 15 2839 26 2840 15 2841 26 2842 15 2843 26 2844 15 2845 26 2846 39 2847 15 2848 39 2849 15 2850 39 2851 15 2852 39 2853 15 2854 39 2855 15 2856 39 2857 15 2858 39 2859 15 2860 39 2861 15 2862 39 2863 15 2864 39 2865 15 2866 39 2867 15 2868 39 2869 15 2870 39 2871 15 2872 26 2873 39 2874 15 2875 26 2876 39 2877 26 2878 39 2879 6 2880 26 2881 39 2882 15 2883 26 2884 39 2885 26 2886 39 2887 15 2888 26 2889 39 2890 26 2891 39 2892 15 2893 26 2894 39 2895 15 2896 26 2897 39 2898 15 2899 39 2900 26 2901 39 2902 15 2903 26 2904 39 2905 15 2906 26 2907 38 2908 39 2909 38 2910 39 2911 38 2912 39 2913 38 2914 39 2915 38 2916 39 2917 38 2918 39 2919 38 2920 39 2921 38 2922 39 2923 38 2924 39 2925 38 2926 39 2927 38 2928 39 2929 38 2930 39 2931 38 2932 39 2933 38 2934 39 2935 38 2936 39 2937 38 2938 39 2939 38 2940 39 2941 38 2942 39 2943 38 2944 39 2945 38 2946 39 2947 38 2948 39 2949 38 2950 39 2951 38 2952 39 2953 38 2954 39 2955 38 2956 39 2957 38 2958 39 2959 38 2960 39 2961 38 2962 39 2963 38 2964 39 2965 38 2966 39 2967 38 2968 39 2969 38 2970 39 2971 38 2972 39 2973 39 2974 15 2975 39 2976 15 2977 39 2978 15 2979 39 2980 15 2981 26 2982 39 2983 15 2984 38 2985 39 2986 38 2987 39 2988 38 2989 39 2990 38 2991 39 2992 38 2993 39 2994 38 2995 39 2996 38 2997 39 2998 38 2999 39 3000 38 3001 39 3002 38 3003 39 3004 38 3005 39 3006 23 3007 10 3008 10 3009 14 3010 10 3011 14 3012 10 3013 14 3014 10 3015 14 3016 14 3017 7 3018 23 3019 10 3020 23 3021 10 3022 23 3023 10 3024 4 3025 6 3026 6 3027 26 3028 4 3029 6 3030 34 3031 4 3032 34 3033 4 3034 9 3035 34 3036 50 3037 9 3038 50 3039 9 3040 50 3041 9 3042 50 3043 9 3044 9 3045 34 3046 34 3047 4 3048 34 3049 4 3050 50 3051 9 3052 50 3053 9 3054 9 3055 34 3056 34 3057 4 3058 34 3059 4 3060 17 3061 8 3062 17 3063 8 3064 17 3065 8 3066 44 3067 17 3068 44 3069 17 3070 44 3071 17 3072 46 3073 17 3074 17 3075 8 3076 17 3077 8 3078 46 3079 17 3080 46 3081 17 3082 17 3083 8 3084 15 3085 26 3086 15 3087 26 3088 15 3089 26 3090 15 3091 26 3092 15 3093 26 3094 39 3095 15 3096 26 3097 33 3098 38 3099 33 3100 38 3101 33 3102 38 3103 33 0 15 3104 26 3105 39 3106 15 3107 39 3108 15 3109 15 3110 26 3111 39 3112 15 3113 26 3114 15 3115 26 3116 39 3117 15 3118 26 3119 39 3120 26 3121 15 3122 26 3123 21 3124 0 3125 0 3126 14 3127 0 3128 14 3129 0 3130 14 3131 0 3132 14 3133 0 3134 14 3135 0 3136 14 3137 0 3138 14 3139 14 3140 7 3141 21 3142 0 3143 0 3144 14 3145 21 3146 0 3147 14 3148 7 3149 0 3150 14 3151 0 3152 14 3153 38 3154 39 3155 38 3156 39 3157 38 3158 39 3159 38 3160 39 3161 38 3162 39 3163 33 3164 38 3165 33 3166 38 3167 46 3168 17 3169 14 3170 7 3171 14 3172 7 3173 14 3174 7 3175 22 3176 11 3177 8 3178 25 3179 6 3180 26 3181 25 3182 45 3183 6 3184 26 3185 25 3186 45 3187 26 3188 25 3189 45 3190 26 3191 25 3192 45 3193 26 3194 25 3195 6 3196 26 3197 25 3198 45 3199 26 3200 25 3201 45 3202 6 3203 26 3204 39 3205 15 3206 6 3207 26 3208 39 3209 15 3210 26 3211 25 3212 45 3213 26 3214 45 3215 26 3216 39 3217 15 3218 26 3219 39 3220 15 3221 26 3222 39 3223 15 3224 26 3225 39 3226 15 3227 6 3228 26 3229 39 3230 15 3231 26 3232 15 3233 26 3234</v>
        </vertex_weights>
      </skin>
      <extra>
        <technique profile="FCOLLADA">
          <user_properties>SkinController</user_properties>
        </technique>
      </extra>
    </controller>
  </library_controllers>
  <library_visual_scenes>
    <visual_scene id="VisualSceneNode" name="rdmscene">
      <node id="VisualSceneNode1" name="_14_prefab" sid="_14_prefab" type="JOINT">
        <matrix>1 0 0 0 0 1 0 0 0 0 1 0 0 0 0 1</matrix>
        <node id="VisualSceneNode2" name="chr208" sid="chr208" type="JOINT">
          <matrix>9.7 0 0 0 0 9.7 0 0 0 0 9.7 0 0 0 0 1</matrix>
          <node id="VisualSceneNode3" name="GRP_joint" sid="GRP_joint" type="JOINT">
            <matrix>1 0 0 0 0 1 0 0 0 0 1 0 0 0 0 1</matrix>
            <node id="VisualSceneNode4" name="J_root" sid="J_root" type="JOINT">
              <matrix>1 0 0 0 0 1 0 0 0 0 1 0 0 0 0 1</matrix>
              <node id="VisualSceneNode5" name="J_center" sid="J_center" type="JOINT">
                <matrix>1 0 0 0 0 1 0 0.038767 0 0 1 -0.005808 0 0 0 1</matrix>
                <node id="VisualSceneNode6" name="J_spine01" sid="J_spine01" type="JOINT">
                  <matrix>1 0 0 0 0 1 0 0 0 0 1 0 0 0 0 1</matrix>
                  <node id="VisualSceneNode7" name="J_spine02" sid="J_spine02" type="JOINT">
                    <matrix>1 0 0 0 0 1 0 0.0124 0 0 1 -0.000293 0 0 0 1</matrix>
                    <node id="VisualSceneNode8" name="J_shoulder_r" sid="J_shoulder_r" type="JOINT">
                      <matrix>1 0 0 -0.003744 0 1 0 0.003359 0 0 1 0.001676 0 0 0 1</matrix>
                      <node id="VisualSceneNode9" name="J_arm_r" sid="J_arm_r" type="JOINT">
                        <matrix>1 0 0 -0.005169 0 1 0 0.000006 0 0 1 -0.000552 0 0 0 1</matrix>
                        <node id="VisualSceneNode10" name="J_elbow_r" sid="J_elbow_r" type="JOINT">
                          <matrix>1 0 0 -0.010321 0 1 0 0 0 0 1 -0.00039 0 0 0 1</matrix>
                          <node id="VisualSceneNode11" name="J_hand_r" sid="J_hand_r" type="JOINT">
                            <matrix>1 0 0 -0.010694 0 1 0 0 0 0 1 0.000255 0 0 0 1</matrix>
                            <node id="VisualSceneNode12" name="J_middle01_r" sid="J_middle01_r" type="JOINT">
                              <matrix>1 0 0 -0.006351 0 1 0 0.000544 0 0 1 0.005028 0 0 0 1</matrix>
                              <node id="VisualSceneNode13" name="J_middle02_r" sid="J_middle02_r" type="JOINT">
                                <matrix>1 0 0 -0.003851 0 1 0 -0.000334 0 0 1 -0.000037 0 0 0 1</matrix>
                              </node>
                            </node>
                            <node id="VisualSceneNode14" name="J_ring01_r" sid="J_ring01_r" type="JOINT">
                              <matrix>1 0 0 -0.006183 0 1 0 0.001269 0 0 1 0.000335 0 0 0 1</matrix>
                              <node id="VisualSceneNode15" name="J_ring02_r" sid="J_ring02_r" type="JOINT">
                                <matrix>1 0 0 -0.004532 0 1 0 -0.000678 0 0 1 -0.000046 0 0 0 1</matrix>
                              </node>
                            </node>
                            <node id="VisualSceneNode16" name="J_pinky01_r" sid="J_pinky01_r" type="JOINT">
                              <matrix>1 0 0 -0.006351 0 1 0 0.000544 0 0 1 -0.004224 0 0 0 1</matrix>
                              <node id="VisualSceneNode17" name="J_pinky02_r" sid="J_pinky02_r" type="JOINT">
                                <matrix>1 0 0 -0.003851 0 1 0 -0.000334 0 0 1 -0.000035 0 0 0 1</matrix>
                              </node>
                            </node>
                          </node>
                        </node>
                      </node>
                    </node>
                    <node id="VisualSceneNode18" name="J_wing01_l" sid="J_wing01_l" type="JOINT">
                      <matrix>1 0 0 0.003969 0 1 0 0.008005 0 0 1 -0.005583 0 0 0 1</matrix>
                      <node id="VisualSceneNode19" name="J_wing02_l" sid="J_wing02_l" type="JOINT">
                        <matrix>1 0 0 0 0 1 0 0.008873 0 0 1 -0.003795 0 0 0 1</matrix>
                        <node id="VisualSceneNode20" name="J_wing03_l" sid="J_wing03_l" type="JOINT">
                          <matrix>1 0 0 0 0 1 0 0.004104 0 0 1 -0.004263 0 0 0 1</matrix>
                        </node>
                        <node id="VisualSceneNode21" name="J_wing04_l" sid="J_wing04_l" type="JOINT">
                          <matrix>1 0 0 0 0 1 0 0.001028 0 0 1 -0.002433 0 0 0 1</matrix>
                        </node>
                      </node>
                    </node>
                    <node id="VisualSceneNode22" name="J_shoulder_l" sid="J_shoulder_l" type="JOINT">
                      <matrix>1 0 0 0.003744 0 1 0 0.003359 0 0 1 0.001676 0 0 0 1</matrix>
                      <node id="VisualSceneNode23" name="J_arm_l" sid="J_arm_l" type="JOINT">
                        <matrix>1 0 0 0.005169 0 1 0 0.000006 0 0 1 -0.000552 0 0 0 1</matrix>
                        <node id="VisualSceneNode24" name="J_elbow_l" sid="J_elbow_l" type="JOINT">
                          <matrix>1 0 0 0.010321 0 1 0 0 0 0 1 -0.00039 0 0 0 1</matrix>
                          <node id="VisualSceneNode25" name="J_hand_l" sid="J_hand_l" type="JOINT">
                            <matrix>1 0 0 0.010694 0 1 0 0 0 0 1 0.000255 0 0 0 1</matrix>
                            <node id="VisualSceneNode26" name="J_pinky01_l" sid="J_pinky01_l" type="JOINT">
                              <matrix>1 0 0 0.006351 0 1 0 0.000544 0 0 1 -0.004223 0 0 0 1</matrix>
                              <node id="VisualSceneNode27" name="J_pinky02_l" sid="J_pinky02_l" type="JOINT">
                                <matrix>1 0 0 0.003851 0 1 0 -0.000334 0 0 1 -0.000035 0 0 0 1</matrix>
                              </node>
                            </node>
                            <node id="VisualSceneNode28" name="J_ring01_l" sid="J_ring01_l" type="JOINT">
                              <matrix>1 0 0 0.006183 0 1 0 0.001268 0 0 1 0.000335 0 0 0 1</matrix>
                              <node id="VisualSceneNode29" name="J_ring02_l" sid="J_ring02_l" type="JOINT">
                                <matrix>1 0 0 0.004532 0 1 0 -0.000678 0 0 1 -0.000046 0 0 0 1</matrix>
                              </node>
                            </node>
                            <node id="VisualSceneNode30" name="J_middle01_l" sid="J_middle01_l" type="JOINT">
                              <matrix>1 0 0 0.006351 0 1 0 0.000544 0 0 1 0.005028 0 0 0 1</matrix>
                              <node id="VisualSceneNode31" name="J_middle02_l" sid="J_middle02_l" type="JOINT">
                                <matrix>1 0 0 0.003851 0 1 0 -0.000334 0 0 1 -0.000037 0 0 0 1</matrix>
                              </node>
                            </node>
                          </node>
                        </node>
                      </node>
                    </node>
                    <node id="VisualSceneNode32" name="J_wing01_r" sid="J_wing01_r" type="JOINT">
                      <matrix>1 0 0 -0.003969 0 -1 0 0.008005 0 0 -1 -0.005583 0 0 0 1</matrix>
                      <node id="VisualSceneNode33" name="J_wing02_r" sid="J_wing02_r" type="JOINT">
                        <matrix>1 0 0 0 0 1 0 -0.008873 0 0 1 0.003795 0 0 0 1</matrix>
                        <node id="VisualSceneNode34" name="J_wing04_r" sid="J_wing04_r" type="JOINT">
                          <matrix>1 0 0 0 0 1 0 -0.001028 0 0 1 0.002433 0 0 0 1</matrix>
                        </node>
                        <node id="VisualSceneNode35" name="J_wing03_r" sid="J_wing03_r" type="JOINT">
                          <matrix>1 0 0 0 0 1 0 -0.004104 0 0 1 0.004263 0 0 0 1</matrix>
                        </node>
                      </node>
                    </node>
                    <node id="VisualSceneNode36" name="J_neck" sid="J_neck" type="JOINT">
                      <matrix>1 0 0 0 0 1 0 0.010595 0 0 1 0.001995 0 0 0 1</matrix>
                      <node id="VisualSceneNode37" name="J_head" sid="J_head" type="JOINT">
                        <matrix>1 0 0 0 0 1 0 0.006032 0 0 1 0.001428 0 0 0 1</matrix>
                        <node id="VisualSceneNode38" name="CharacterFaceCenterTarget" sid="CharacterFaceCenterTarget" type="JOINT">
                          <matrix>1 0 0 0 0 1 0 0 0 0 1 0.0262 0 0 0 1</matrix>
                        </node>
                        <node id="VisualSceneNode39" name="J_jaw" sid="J_jaw" type="JOINT">
                          <matrix>1 0 0 0 0 1 0 0.005154 0 0 1 0.003586 0 0 0 1</matrix>
                        </node>
                      </node>
                    </node>
                  </node>
                  <node id="VisualSceneNode40" name="J_tail01" sid="J_tail01" type="JOINT">
                    <matrix>1 0 0 0 0 1 0 0.000289 0 0 1 -0.009236 0 0 0 1</matrix>
                    <node id="VisualSceneNode41" name="J_tail02" sid="J_tail02" type="JOINT">
                      <matrix>1 0 0 0 0 1 0 -0.002286 0 0 1 -0.01163 0 0 0 1</matrix>
                      <node id="VisualSceneNode42" name="J_tail03" sid="J_tail03" type="JOINT">
                        <matrix>1 0 0 0 0 1 0 -0.000579 0 0 1 -0.011617 0 0 0 1</matrix>
                        <node id="VisualSceneNode43" name="J_tail04" sid="J_tail04" type="JOINT">
                          <matrix>1 0 0 0 0 1 0 0.000196 0 0 1 -0.0088 0 0 0 1</matrix>
                          <node id="VisualSceneNode44" name="J_tail05" sid="J_tail05" type="JOINT">
                            <matrix>1 0 0 0 0 1 0 0.000665 0 0 1 -0.010583 0 0 0 1</matrix>
                            <node id="VisualSceneNode45" name="J_tail06" sid="J_tail06" type="JOINT">
                              <matrix>1 0 0 0 0 1 0 0.000699 0 0 1 -0.009308 0 0 0 1</matrix>
                            </node>
                          </node>
                        </node>
                      </node>
                    </node>
                  </node>
                  <node id="VisualSceneNode46" name="CharacterCenterTarget" sid="CharacterCenterTarget" type="JOINT">
                    <matrix>1 0 0 0 0 1 0 0 0 0 1 0 0 0 0 1</matrix>
                  </node>
                </node>
                <node id="VisualSceneNode47" name="J_leg_r" sid="J_leg_r" type="JOINT">
                  <matrix>1 0 0 -0.012567 0 1 0 -0.006497 0 0 1 0.00048 0 0 0 1</matrix>
                  <node id="VisualSceneNode48" name="J_knee_r" sid="J_knee_r" type="JOINT">
                    <matrix>1 0 0 0 0 1 0 -0.009323 0 0 1 0.007427 0 0 0 1</matrix>
                    <node id="VisualSceneNode49" name="J_foot_r" sid="J_foot_r" type="JOINT">
                      <matrix>1 0 0 0 0 1 0 -0.014286 0 0 1 -0.012502 0 0 0 1</matrix>
                      <node id="VisualSceneNode50" name="J_toe_r" sid="J_toe_r" type="JOINT">
                        <matrix>1 0 0 0 0 1 0 -0.005299 0 0 1 0.014078 0 0 0 1</matrix>
                      </node>
                    </node>
                  </node>
                </node>
                <node id="VisualSceneNode51" name="J_leg_l" sid="J_leg_l" type="JOINT">
                  <matrix>1 0 0 0.012567 0 1 0 -0.006497 0 0 1 0.00048 0 0 0 1</matrix>
                  <node id="VisualSceneNode52" name="J_knee_l" sid="J_knee_l" type="JOINT">
                    <matrix>1 0 0 0 0 1 0 -0.009323 0 0 1 0.007427 0 0 0 1</matrix>
                    <node id="VisualSceneNode53" name="J_foot_l" sid="J_foot_l" type="JOINT">
                      <matrix>1 0 0 0 0 1 0 -0.014286 0 0 1 -0.012502 0 0 0 1</matrix>
                      <node id="VisualSceneNode54" name="J_toe_l" sid="J_toe_l" type="JOINT">
                        <matrix>1 0 0 0 0 1 0 -0.005299 0 0 1 0.014078 0 0 0 1</matrix>
                      </node>
                    </node>
                  </node>
                </node>
              </node>
            </node>
          </node>
        </node>
      </node>
      <node id="VisualSceneNode55" name="chr208" type="NODE">
        <matrix>1 0 0 0 0 1 0 0 0 0 1 0 0 0 0 1</matrix>
        <instance_controller url="#Controller">
          <skeleton>#VisualSceneNode1</skeleton>
          <bind_material>
            <technique_common>
              <instance_material symbol="VisualMaterial0" target="#VisualMaterial"/>
            </technique_common>
          </bind_material>
        </instance_controller>
      </node>
    </visual_scene>
  </library_visual_scenes>
  <scene>
    <instance_visual_scene url="#VisualSceneNode"/>
  </scene>
</COLLADA>
