<?xml version="1.0" encoding="utf-8"?>
<COLLADA xmlns="http://www.collada.org/2005/11/COLLADASchema" version="1.4.1">
  <asset>
    <created>2017-08-23T18:20:06Z</created>
    <modified>2017-08-23T18:20:06Z</modified>
  </asset>
  <library_images>
    <image id="Image">
      <init_from>chr012a01.png</init_from>
    </image>
  </library_images>
  <library_materials>
    <material id="VisualMaterial" name="chr012a01">
      <instance_effect url="#Effect"/>
      <extra>
        <technique profile="FCOLLADA">
          <user_properties>chr012a01</user_properties>
        </technique>
      </extra>
    </material>
  </library_materials>
  <library_effects>
    <effect id="Effect" name="chr012a01">
      <profile_COMMON>
        <newparam sid="Image-surface">
          <surface type="2D">
            <init_from>Image</init_from>
            <format>A8R8G8B8</format>
          </surface>
        </newparam>
        <newparam sid="Image-sampler">
          <sampler2D>
            <source>Image-surface</source>
            <wrap_s>WRAP</wrap_s>
            <wrap_t>WRAP</wrap_t>
            <minfilter>NONE</minfilter>
            <magfilter>NONE</magfilter>
            <mipfilter>NONE</mipfilter>
          </sampler2D>
        </newparam>
        <technique sid="common">
          <phong>
            <emission>
              <color>0 0 0 1</color>
            </emission>
            <ambient>
              <color>0 0 0 1</color>
            </ambient>
            <diffuse>
              <texture texture="Image-sampler" texcoord=""/>
            </diffuse>
            <specular>
              <color>1 1 1 1</color>
            </specular>
            <shininess>
              <float>0</float>
            </shininess>
            <transparent opaque="A_ONE">
              <color>0 0 0 1</color>
            </transparent>
            <transparency>
              <float>1</float>
            </transparency>
            <index_of_refraction>
              <float>1.55</float>
            </index_of_refraction>
          </phong>
          <extra>
            <technique profile="FCOLLADA">
              <spec_level>
                <float>0</float>
              </spec_level>
            </technique>
          </extra>
        </technique>
      </profile_COMMON>
      <extra>
        <technique profile="FCOLLADA">
          <user_properties>chr012a01</user_properties>
        </technique>
      </extra>
    </effect>
  </library_effects>
  <library_geometries>
    <geometry id="Geometry" name="chr012">
      <mesh>
        <source id="GeometrySource" name="chr012Pos">
          <float_array id="GeometrySource-array" count="10404">-0.147772 1.22345 1.06346 -0.14057 1.20025 1.06938 -0.12917 1.20705 1.08688 -0.181278 1.17738 1.03125 -0.148536 1.14942 1.06994 -0.151292 1.16666 1.06148 -0.148828 1.18458 1.05957 -0.170112 1.20858 1.03774 -0.148828 1.18458 1.05957 -0.14057 1.20025 1.06938 -0.38517 0.008242 0.421655 -0.416052 0.013133 0.482275 -0.438919 0.03258 0.472439 -0.41914 0.00125 0.51414 -0.476774 0.023068 0.51132 -0.461648 -0.00509 0.592214 -0.386153 0.041869 0.570694 -0.412772 0.035315 0.628113 -0.38542 0.027099 0.533561 -0.508287 0.02041 0.575513 -0.471124 0.006866 0.61259 -0.437176 0.033187 0.644748 -0.5102 0.029741 0.602436 -0.342532 0.011607 0.574078 -0.288756 0.016741 0.556896 -0.288756 0.039388 0.586379 -0.354615 0.004917 0.491621 -0.288756 0.001239 0.499314 -0.335007 -0.00018 0.423083 -0.336963 0.029275 0.370514 -0.288756 -0.002656 0.427274 -0.288756 0.029275 0.363228 -0.291363 0.040399 0.638268 -0.350744 0.011745 0.672374 -0.294134 0.04118 0.681892 -0.352767 0.024631 0.697047 -0.409332 0.042692 0.671184 -0.3998 0.051341 0.696099 -0.308252 0.051747 0.703148 -0.403261 0.042302 0.624041 -0.240549 0.029275 0.370514 -0.242505 -0.00018 0.423083 -0.192342 0.008242 0.421655 -0.222897 0.004917 0.491621 -0.16146 0.013133 0.482275 -0.138593 0.03258 0.472439 -0.15797 0.001153 0.517582 -0.100738 0.023068 0.51132 -0.115864 -0.00509 0.592214 -0.191359 0.041869 0.570694 -0.16474 0.035315 0.628113 -0.192092 0.027099 0.533561 -0.069225 0.018903 0.573252 -0.106388 0.006866 0.61259 -0.140337 0.033187 0.644748 -0.067312 0.029741 0.602436 -0.23498 0.011607 0.574078 -0.28615 0.040399 0.638268 -0.174251 0.042302 0.624041 -0.226769 0.011745 0.672374 -0.283378 0.04118 0.681892 -0.224745 0.024631 0.697047 -0.168181 0.042692 0.671184 -0.177712 0.051341 0.696099 -0.26926 0.051747 0.703148 -0.486884 0.012936 0.647082 -0.480992 0.033013 0.683764 -0.507903 -0.002572 0.691552 -0.437176 0.033187 0.644748 -0.471124 0.006866 0.61259 -0.5102 0.029741 0.602436 -0.517744 0.035078 0.666541 -0.480992 0.033013 0.683764 -0.465087 0.075711 0.667178 -0.50922 0.050479 0.693081 -0.437176 0.033187 0.644748 -0.449594 0.092534 0.649968 -0.498089 0.087226 0.670591 -0.515559 0.07322 0.644045 -0.483338 0.118043 0.63668 -0.510314 0.086079 0.619431 -0.5102 0.029741 0.602436 -0.507903 -0.002572 0.691552 -0.517744 0.035078 0.666541 -0.354759 0.161266 0.697185 -0.356611 0.137517 0.718043 -0.31479 0.13619 0.695974 -0.32421 0.115785 0.716702 -0.392334 0.139131 0.687475 -0.390871 0.109057 0.70767 -0.407347 0.094458 0.675997 -0.297011 0.08939 0.687282 -0.347621 0.175678 0.633556 -0.309345 0.148912 0.627456 -0.292577 0.097188 0.635359 -0.295325 0.128307 0.564235 -0.399578 0.109807 0.627616 -0.388662 0.155107 0.620406 -0.330653 0.158094 0.573551 -0.369195 0.133185 0.556026 -0.403261 0.042302 0.624041 -0.409332 0.042692 0.671184 -0.404713 0.079407 0.683014 -0.386153 0.041869 0.570694 -0.288756 0.039388 0.586379 -0.291363 0.040399 0.638268 -0.294134 0.04118 0.681892 -0.308252 0.051747 0.703148 -0.284935 0.097188 0.635359 -0.28615 0.040399 0.638268 -0.282187 0.128307 0.564235 -0.268167 0.148912 0.627456 -0.246859 0.158094 0.573551 -0.229891 0.175678 0.633556 -0.18885 0.155107 0.620406 -0.208317 0.138764 0.556026 -0.262722 0.13619 0.695974 -0.222753 0.161266 0.697185 -0.220901 0.137517 0.718043 -0.253302 0.115785 0.716702 -0.185178 0.139131 0.687475 -0.186642 0.109057 0.70767 -0.170165 0.094458 0.675997 -0.280501 0.08939 0.687282 -0.177934 0.109807 0.627616 -0.174251 0.042302 0.624041 -0.168181 0.042692 0.671184 -0.177712 0.051341 0.696099 -0.191359 0.041869 0.570694 -0.26926 0.051747 0.703148 -0.283378 0.04118 0.681892 -0.3998 0.051341 0.696099 -0.352767 0.024631 0.697047 -0.388231 0.030302 0.735881 -0.358091 0.020705 0.720497 -0.327132 0.030155 0.740403 -0.308252 0.051747 0.703148 -0.363236 -0.005917 0.765352 -0.390871 0.109057 0.70767 -0.3998 0.051341 0.696099 -0.384961 0.088976 0.735039 -0.360555 0.105704 0.751645 -0.356611 0.137517 0.718043 -0.32421 0.115785 0.716702 -0.332333 0.092749 0.741192 -0.308252 0.051747 0.703148 -0.380818 0.044139 0.760238 -0.3617 0.055793 0.774646 -0.341788 0.044255 0.76371 -0.327132 0.030155 0.740403 -0.363236 -0.005917 0.765352 -0.388231 0.030302 0.735881 -0.412883 0.134077 0.510758 -0.365996 0.15973 0.483817 -0.414212 0.130537 0.440753 -0.39613 0.071307 0.397738 -0.438919 0.03258 0.472439 -0.453082 0.094085 0.482294 -0.38517 0.008242 0.421655 -0.369195 0.133185 0.556026 -0.331047 0.170268 0.513647 -0.330653 0.158094 0.573551 -0.295325 0.128307 0.564235 -0.38705 0.126532 0.545048 -0.386153 0.041869 0.570694 -0.282187 0.128307 0.564235 -0.288756 0.165549 0.509084 -0.288756 0.039388 0.586379 -0.336963 0.029275 0.370514 -0.342443 0.073127 0.341135 -0.394895 0.130533 0.382334 -0.354755 0.133102 0.331365 -0.288756 0.029275 0.363228 -0.288756 0.072546 0.328098 -0.253738 0.170268 0.513647 -0.246859 0.158094 0.573551 -0.208317 0.138764 0.556026 -0.164629 0.134077 0.510758 -0.1633 0.130537 0.440753 -0.211516 0.15973 0.483817 -0.181382 0.071307 0.397738 -0.185387 0.134025 0.380914 -0.191359 0.041869 0.570694 -0.190462 0.126532 0.545048 -0.12443 0.094085 0.482294 -0.138593 0.03258 0.472439 -0.192342 0.008242 0.421655 -0.242664 0.235153 0.457845 -0.288425 0.24036 0.469485 -0.252733 0.187396 0.478055 -0.332052 0.187396 0.478055 -0.288585 0.190494 0.49433 -0.336608 0.236144 0.453768 -0.374857 0.183652 0.385926 -0.288929 0.278254 0.445969 -0.32736 0.27603 0.431149 -0.371659 0.230779 0.377024 -0.355656 0.272589 0.372463 -0.350393 0.234496 0.320423 -0.289318 0.251348 0.287734 -0.288756 0.198081 0.30609 -0.333517 0.285419 0.320643 -0.288293 0.295183 0.28771 -0.321256 0.36212 0.421841 -0.34582 0.364122 0.370273 -0.28857 0.358776 0.439135 -0.287071 0.436789 0.445316 -0.330063 0.437485 0.420725 -0.333702 0.372134 0.324044 -0.359104 0.44792 0.377395 -0.321691 0.458001 0.333669 -0.284703 0.374406 0.306826 -0.307209 0.6579 0.357372 -0.373688 0.56465 0.39467 -0.351883 0.644709 0.409626 -0.329762 0.629416 0.472334 -0.341603 0.553381 0.458272 -0.318904 0.752175 0.361857 -0.237365 0.663164 0.361477 -0.22602 0.750065 0.363047 -0.206667 0.650131 0.401939 -0.271684 0.577575 0.318439 -0.198445 0.563894 0.389039 -0.242645 0.562268 0.3275 -0.369904 0.757905 0.424921 -0.360641 0.743876 0.507169 -0.37113 0.858079 0.44656 -0.365358 0.835598 0.540335 -0.330154 0.741056 0.542074 -0.345176 0.959133 0.475088 -0.322835 0.814265 0.596473 -0.30639 0.878251 0.615714 -0.336227 0.953363 0.569118 -0.312608 0.868908 0.36756 -0.210222 0.854232 0.34361 -0.26245 0.87323 0.643174 -0.268593 0.803206 0.619134 -0.275113 0.732874 0.563397 -0.283903 0.627371 0.48999 -0.28526 0.553061 0.483204 -0.210078 0.804503 0.601061 -0.167441 0.753908 0.520657 -0.162017 0.81145 0.586882 -0.221268 0.737046 0.543986 -0.238345 0.630446 0.485401 -0.206667 0.650131 0.401939 -0.179652 0.746026 0.427613 -0.251394 0.436939 0.427023 -0.259847 0.362359 0.425207 -0.23305 0.3667 0.367189 -0.226631 0.276616 0.365504 -0.252509 0.278585 0.432651 -0.207572 0.228583 0.380052 -0.202583 0.184252 0.385432 -0.475456 0.136544 0.611368 -0.449843 0.144891 0.563844 -0.504422 0.105776 0.58583 -0.486794 0.111993 0.543056 -0.412883 0.134077 0.510758 -0.453082 0.094085 0.482294 -0.38705 0.126532 0.545048 -0.406949 0.11945 0.589502 -0.513411 0.066731 0.575566 -0.494636 0.067225 0.520057 -0.430999 0.109286 0.631144 -0.415909 0.07984 0.629822 -0.391588 0.087417 0.578492 -0.386153 0.041869 0.570694 -0.449594 0.092534 0.649968 -0.483338 0.118043 0.63668 -0.510314 0.086079 0.619431 -0.508287 0.02041 0.575513 -0.5102 0.029741 0.602436 -0.438919 0.03258 0.472439 -0.476774 0.023068 0.51132 -0.412772 0.035315 0.628113 -0.437176 0.033187 0.644748 -0.3998 0.051341 0.696099 -0.090628 0.012936 0.647082 -0.069609 -0.002572 0.691552 -0.09652 0.033013 0.683764 -0.140337 0.033187 0.644748 -0.106388 0.006866 0.61259 -0.067312 0.029741 0.602436 -0.059767 0.035078 0.666541 -0.079423 0.087226 0.670591 -0.112425 0.075711 0.667178 -0.068291 0.050479 0.693081 -0.061953 0.07322 0.644045 -0.127918 0.092534 0.649968 -0.094174 0.118043 0.63668 -0.140337 0.033187 0.644748 -0.067197 0.086079 0.619431 -0.067312 0.029741 0.602436 -0.09652 0.033013 0.683764 -0.069609 -0.002572 0.691552 -0.059767 0.035078 0.666541 -0.177712 0.051341 0.696099 -0.189281 0.030302 0.735881 -0.224745 0.024631 0.697047 -0.219421 0.020705 0.720497 -0.25038 0.030155 0.740403 -0.26926 0.051747 0.703148 -0.214277 -0.005917 0.765352 -0.186642 0.109057 0.70767 -0.192551 0.088976 0.735039 -0.177712 0.051341 0.696099 -0.216957 0.105704 0.751645 -0.220901 0.137517 0.718043 -0.253302 0.115785 0.716702 -0.24518 0.092749 0.741192 -0.26926 0.051747 0.703148 -0.196694 0.044139 0.760238 -0.215812 0.055793 0.774646 -0.235724 0.044255 0.76371 -0.25038 0.030155 0.740403 -0.214277 -0.005917 0.765352 -0.189281 0.030302 0.735881 -0.240549 0.029275 0.370514 -0.235069 0.073127 0.341135 -0.181382 0.071307 0.397738 -0.209989 0.113614 0.355773 -0.240322 0.192456 0.311595 -0.192342 0.008242 0.421655 -0.185387 0.134025 0.380914 -0.242029 0.286596 0.322516 -0.226631 0.276616 0.365504 -0.223899 0.231215 0.324962 -0.23305 0.3667 0.367189 -0.247797 0.374406 0.326906 -0.220858 0.453012 0.383925 -0.250414 0.458113 0.335668 -0.207572 0.228583 0.380052 -0.191889 0.183845 0.366643 -0.102057 0.136544 0.611368 -0.07309 0.105776 0.58583 -0.120234 0.144891 0.561932 -0.090718 0.111993 0.543056 -0.164629 0.134077 0.510758 -0.12443 0.094085 0.482294 -0.190462 0.126532 0.545048 -0.170563 0.11945 0.589502 -0.0641 0.066731 0.575566 -0.082876 0.067225 0.520057 -0.146513 0.109286 0.631144 -0.161603 0.07984 0.629822 -0.185924 0.087417 0.578492 -0.191359 0.041869 0.570694 -0.127918 0.092534 0.649968 -0.094174 0.118043 0.63668 -0.067197 0.086079 0.619431 -0.069225 0.018903 0.573252 -0.100738 0.023068 0.51132 -0.067312 0.029741 0.602436 -0.138593 0.03258 0.472439 -0.16474 0.035315 0.628113 -0.140337 0.033187 0.644748 -0.181294 0.827554 0.369292 -0.222516 0.951864 0.35398 -0.187906 0.829489 0.347893 -0.177742 0.940199 0.695806 -0.169409 0.87099 0.616455 -0.124975 0.8886 0.708454 -0.121956 0.786259 0.606853 -0.158073 0.809152 0.59703 -0.058131 0.842479 0.714224 -0.048769 0.767913 0.611753 -0.056569 0.725326 0.560018 0 0.827381 0.717215 0 0.762906 0.615887 -0.067606 0.879168 0.808621 -0.112735 0.905646 0.784092 -0.145257 0.946792 0.764518 -0.065683 1.08774 -0.518231 -0.117882 1.04142 -0.527962 -0.094141 1.11464 -0.46783 0 1.14345 -0.470708 0 1.10095 -0.525936 0 1.08318 -0.548803 -0.049956 1.03706 -0.565073 0 1.07429 -0.560235 -0.037224 1.03741 -0.574009 -0.090417 0.989516 -0.569256 -0.097753 0.906388 -0.579664 -0.111978 0.991871 -0.574193 -0.082234 0.905951 -0.58258 -0.075043 0.813621 -0.54365 0 0.805113 -0.551534 0 0.89848 -0.582997 -0.072271 0.742323 -0.468732 -0.087891 0.809414 -0.545143 -0.058282 0.737896 -0.463074 0 0.989324 -0.586165 0 1.00655 -0.584323 0 0.729459 -0.460474 0.049956 1.03706 -0.565073 0.065683 1.08774 -0.518231 0.117882 1.04142 -0.527962 0.090417 0.989516 -0.569256 0.111978 0.991871 -0.574193 0.097753 0.906388 -0.579664 0.082234 0.905951 -0.58258 0.075043 0.813621 -0.54365 0.087891 0.809414 -0.545143 0.058282 0.737896 -0.463074 0.072271 0.742323 -0.468732 -0.032112 0.714391 0.563411 -0.058282 0.737896 -0.463074 -0.081225 0.76229 -0.365122 -0.072271 0.742323 -0.468732 0 1.10756 -2.15777 0 1.10997 -2.29506 -0.025527 1.08197 -2.17737 -0.036877 1.08965 -2.08916 0 1.118 -2.08728 -0.018123 1.0383 -2.1196 -0.041731 1.06286 -2.1052 0 1.0516 -2.20788 0.025527 1.08197 -2.17737 0.036877 1.08965 -2.08916 0.018123 1.0383 -2.1196 -0.20108 0.728591 -0.583004 -0.208565 0.662981 -0.605063 -0.264389 0.726256 -0.567609 -0.183669 0.81528 -0.603207 -0.293112 0.828788 -0.504407 -0.251516 0.824848 -0.579989 -0.203036 0.452554 -0.609858 -0.148642 0.521745 -0.54334 -0.189786 0.490578 -0.516194 -0.254559 0.497482 -0.52487 -0.244106 0.455317 -0.621166 -0.16687 0.473942 -0.645301 -0.203403 0.388122 -0.666483 -0.176126 0.399712 -0.690629 -0.245224 0.387405 -0.669762 -0.243659 0.333674 -0.680421 -0.202144 0.332304 -0.676037 -0.177009 0.336407 -0.703641 -0.258357 0.548727 -0.417693 -0.269811 0.340503 -0.698486 -0.270159 0.404129 -0.690744 -0.277032 0.478106 -0.649911 -0.303914 0.519353 -0.542963 -0.303542 0.561517 -0.595067 -0.313971 0.615719 -0.523948 -0.274329 0.279062 -0.705188 -0.276692 0.285189 -0.747163 -0.269534 0.35171 -0.739429 -0.24958 0.279627 -0.676833 -0.201191 0.278945 -0.674653 -0.252427 0.286048 -0.791192 -0.252473 0.361445 -0.784021 -0.225528 0.291564 -0.815176 -0.223182 0.369371 -0.803253 -0.250391 0.438241 -0.779176 -0.265627 0.417476 -0.733803 -0.215831 0.450782 -0.804101 -0.195011 0.361906 -0.790336 -0.189427 0.435871 -0.77552 -0.200073 0.286277 -0.794331 -0.177262 0.352316 -0.739922 -0.16509 0.416854 -0.730282 -0.174657 0.281327 -0.754439 -0.193212 0.252678 -0.805104 -0.160011 0.241736 -0.76185 -0.188249 0.200513 -0.815108 -0.153375 0.191365 -0.765351 -0.226964 0.202594 -0.834135 -0.226455 0.254423 -0.828573 -0.260593 0.25255 -0.803352 -0.266197 0.200449 -0.814232 -0.293052 0.243892 -0.757789 -0.301569 0.192443 -0.76332 -0.288292 0.21757 -0.705454 -0.251437 0.242237 -0.66862 -0.254057 0.193842 -0.673511 -0.201326 0.241856 -0.667404 -0.200278 0.194171 -0.673208 -0.164779 0.216433 -0.706884 -0.162232 0.173639 -0.706804 -0.153375 0.191365 -0.765351 -0.292736 0.173639 -0.706804 -0.177033 0.277026 -0.70775 -0.174657 0.281327 -0.754439 -0.177262 0.352316 -0.739922 -0.160011 0.241736 -0.76185 -0.16509 0.416854 -0.730282 -0.160118 0.450378 -0.72694 -0.156281 0.491138 -0.713502 -0.162334 0.50418 -0.680087 -0.138502 0.550538 -0.589206 -0.125694 0.610747 -0.507368 -0.136524 0.584049 -0.432888 -0.087135 0.705716 -0.479481 -0.072271 0.742323 -0.468732 -0.098276 0.682776 -0.39863 -0.143961 0.725963 -0.572305 -0.148506 0.810321 -0.592479 -0.142682 0.644001 -0.566034 -0.157584 0.588943 -0.634004 -0.138502 0.550538 -0.589206 -0.125694 0.610747 -0.507368 -0.087135 0.705716 -0.479481 -0.097487 0.723206 -0.538024 -0.280114 0.592999 -0.632335 -0.276076 0.653625 -0.583741 -0.213265 0.61245 -0.653064 -0.260608 0.544011 -0.712109 -0.280423 0.490241 -0.713652 -0.27363 0.452576 -0.727789 -0.181294 0.827554 0.369292 -0.209989 0.113614 0.355773 -0.237072 0.137534 0.320591 -0.208919 0.113146 0.349608 -0.320762 -0.000706 -0.726596 -0.350574 0.004014 -0.668077 -0.372649 0.022788 -0.677572 -0.356227 -0.008863 -0.637088 -0.409191 0.013605 -0.640038 -0.394589 -0.013576 -0.561949 -0.321711 0.031754 -0.582723 -0.347408 0.025427 -0.527294 -0.321004 0.017497 -0.618569 -0.439612 0.011039 -0.578072 -0.403737 -0.002035 -0.54228 -0.370965 0.023373 -0.511236 -0.441458 0.020047 -0.552081 -0.279603 0.002541 -0.579736 -0.227691 0.007498 -0.596043 -0.227691 0.029359 -0.567581 -0.291267 -0.003916 -0.659055 -0.227691 -0.007467 -0.651629 -0.272338 -0.008837 -0.725217 -0.274226 0.019597 -0.769252 -0.227691 0.019597 -0.776285 -0.227691 -0.011227 -0.721172 -0.230207 0.030335 -0.517491 -0.287529 0.002675 -0.484567 -0.232882 0.03109 -0.47538 -0.289482 0.015114 -0.46075 -0.344087 0.032549 -0.485716 -0.334886 0.040898 -0.461665 -0.24651 0.04129 -0.454861 -0.338226 0.032173 -0.531225 -0.183043 -0.008837 -0.725217 -0.181155 0.019597 -0.769252 -0.134619 -0.000706 -0.726596 -0.164114 -0.003916 -0.659055 -0.104807 0.004014 -0.668077 -0.082732 0.022788 -0.677572 -0.134377 0.017497 -0.618569 -0.096919 -0.008863 -0.634594 -0.13367 0.031754 -0.582723 -0.060791 -0.013576 -0.561949 -0.107974 0.025427 -0.527294 -0.046189 0.013605 -0.640038 -0.015769 0.009585 -0.580253 -0.051643 -0.002035 -0.54228 -0.084415 0.023373 -0.511236 -0.013923 0.020047 -0.552081 -0.175779 0.002541 -0.579736 -0.225175 0.030335 -0.517491 -0.117155 0.032173 -0.531225 -0.167852 0.002675 -0.484567 -0.222499 0.03109 -0.47538 -0.165899 0.015114 -0.46075 -0.111295 0.032549 -0.485716 -0.120496 0.040898 -0.461665 -0.208871 0.04129 -0.454861 -0.418951 0.003824 -0.508983 -0.413263 0.023206 -0.473572 -0.439241 -0.011146 -0.466054 -0.370965 0.023373 -0.511236 -0.403737 -0.002035 -0.54228 -0.441458 0.020047 -0.552081 -0.448741 0.025199 -0.490198 -0.413263 0.023206 -0.473572 -0.39791 0.064423 -0.489583 -0.440513 0.040066 -0.464579 -0.370965 0.023373 -0.511236 -0.382953 0.080663 -0.506197 -0.429767 0.075539 -0.486288 -0.446632 0.062019 -0.511915 -0.415528 0.105288 -0.519024 -0.441569 0.074432 -0.535676 -0.441458 0.020047 -0.552081 -0.439241 -0.011146 -0.466054 -0.448741 0.025199 -0.490198 -0.291406 0.147012 -0.460616 -0.293193 0.124087 -0.440481 -0.24424 0.115724 -0.466308 -0.261916 0.103108 -0.441776 -0.334924 0.113425 -0.475857 -0.326266 0.096613 -0.450495 -0.284515 0.158838 -0.517434 -0.238858 0.125021 -0.518752 -0.334886 0.040898 -0.461665 -0.344087 0.032549 -0.485716 -0.338226 0.032173 -0.531225 -0.329402 0.126395 -0.522925 -0.273863 0.14063 -0.586264 -0.310133 0.125291 -0.596883 -0.321711 0.031754 -0.582723 -0.24651 0.04129 -0.454861 -0.232882 0.03109 -0.47538 -0.234032 0.115196 -0.588958 -0.227691 0.029359 -0.567581 -0.230207 0.030335 -0.517491 -0.215908 0.105357 -0.515785 -0.225175 0.030335 -0.517491 -0.221349 0.115196 -0.588958 -0.182299 0.14063 -0.586264 -0.170866 0.158838 -0.517434 -0.125979 0.126395 -0.522925 -0.145248 0.125291 -0.596883 -0.163976 0.147012 -0.460616 -0.211141 0.097602 -0.466308 -0.193466 0.103108 -0.441776 -0.162188 0.124087 -0.440481 -0.120457 0.113425 -0.475857 -0.129116 0.096613 -0.450495 -0.117155 0.032173 -0.531225 -0.111295 0.032549 -0.485716 -0.120496 0.040898 -0.461665 -0.13367 0.031754 -0.582723 -0.208871 0.04129 -0.454861 -0.222499 0.03109 -0.47538 -0.334886 0.040898 -0.461665 -0.289482 0.015114 -0.46075 -0.32014 0.027267 -0.411506 -0.294622 0.011324 -0.438112 -0.299588 -0.014375 -0.394812 -0.27181 0.027252 -0.407647 -0.24651 0.04129 -0.454861 -0.326266 0.096613 -0.450495 -0.334886 0.040898 -0.461665 -0.320561 0.077228 -0.424074 -0.297 0.093376 -0.408044 -0.293193 0.124087 -0.440481 -0.261916 0.103108 -0.441776 -0.269756 0.080871 -0.418135 -0.24651 0.04129 -0.454861 -0.32014 0.027267 -0.411506 -0.298106 0.045196 -0.385841 -0.27181 0.027252 -0.407647 -0.299588 -0.014375 -0.394812 -0.347515 0.112359 -0.640582 -0.302253 0.130933 -0.660399 -0.348798 0.120607 -0.706398 -0.310133 0.125291 -0.596883 -0.261495 0.147294 -0.637792 -0.273863 0.14063 -0.586264 -0.227691 0.151156 -0.626577 -0.234032 0.115196 -0.588958 -0.331343 0.060172 -0.749683 -0.327476 0.111758 -0.761331 -0.279517 0.061929 -0.797613 -0.274226 0.019597 -0.769252 -0.322577 0.113482 -0.60748 -0.321711 0.031754 -0.582723 -0.372649 0.022788 -0.677572 -0.38632 0.086962 -0.66393 -0.320762 -0.000706 -0.726596 -0.221349 0.115196 -0.588958 -0.227691 0.029359 -0.567581 -0.227691 0.019597 -0.776285 -0.227691 0.061368 -0.810198 -0.227484 0.166381 -0.821262 -0.182299 0.14063 -0.586264 -0.145248 0.125291 -0.596883 -0.193886 0.147294 -0.637792 -0.107866 0.112359 -0.640582 -0.106583 0.120607 -0.706398 -0.153128 0.130933 -0.660399 -0.124038 0.060172 -0.749683 -0.127905 0.111758 -0.761331 -0.13367 0.031754 -0.582723 -0.132804 0.113482 -0.60748 -0.06906 0.086962 -0.66393 -0.082732 0.022788 -0.677572 -0.134619 -0.000706 -0.726596 -0.191386 0.163964 -0.806677 -0.175864 0.061929 -0.797613 -0.177798 0.110481 -0.810468 -0.127905 0.111758 -0.761331 -0.124038 0.060172 -0.749683 -0.181155 0.019597 -0.769252 -0.134619 -0.000706 -0.726596 -0.407919 0.123148 -0.543459 -0.383194 0.131205 -0.589336 -0.44022 0.084272 -0.573065 -0.422649 0.086436 -0.620503 -0.38632 0.086962 -0.66393 -0.347515 0.112359 -0.640582 -0.322577 0.113482 -0.60748 -0.334372 0.105155 -0.569881 -0.357719 0.082621 -0.525007 -0.321711 0.031754 -0.582723 -0.382953 0.080663 -0.506197 -0.415528 0.105288 -0.519024 -0.441569 0.074432 -0.535676 -0.439612 0.011039 -0.578072 -0.441458 0.020047 -0.552081 -0.372649 0.022788 -0.677572 -0.409191 0.013605 -0.640038 -0.347408 0.025427 -0.527294 -0.370965 0.023373 -0.511236 -0.03643 0.003824 -0.508983 -0.01614 -0.011146 -0.466054 -0.042118 0.023206 -0.473572 -0.084415 0.023373 -0.511236 -0.051643 -0.002035 -0.54228 -0.013923 0.020047 -0.552081 -0.006639 0.025199 -0.490198 -0.025614 0.075539 -0.486288 -0.057471 0.064423 -0.489583 -0.014868 0.040066 -0.464579 -0.008749 0.062019 -0.511915 -0.072428 0.080663 -0.506197 -0.039853 0.105288 -0.519024 -0.084415 0.023373 -0.511236 -0.013812 0.074432 -0.535676 -0.013923 0.020047 -0.552081 -0.042118 0.023206 -0.473572 -0.01614 -0.011146 -0.466054 -0.006639 0.025199 -0.490198 -0.120496 0.040898 -0.461665 -0.135242 0.027267 -0.411506 -0.165899 0.015114 -0.46075 -0.160759 0.011324 -0.438112 -0.155793 -0.014375 -0.394812 -0.183571 0.027252 -0.407647 -0.208871 0.04129 -0.454861 -0.129116 0.096613 -0.450495 -0.134821 0.077228 -0.424074 -0.120496 0.040898 -0.461665 -0.158381 0.093376 -0.408044 -0.162188 0.124087 -0.440481 -0.193466 0.103108 -0.441776 -0.185625 0.080871 -0.418135 -0.208871 0.04129 -0.454861 -0.135242 0.027267 -0.411506 -0.157275 0.045196 -0.385841 -0.183571 0.027252 -0.407647 -0.155793 -0.014375 -0.394812 -0.047462 0.123148 -0.543459 -0.015161 0.084272 -0.573065 -0.065009 0.131205 -0.591181 -0.032732 0.086436 -0.620503 -0.06906 0.086962 -0.66393 -0.107866 0.112359 -0.640582 -0.132804 0.113482 -0.60748 -0.121009 0.105155 -0.569881 -0.097661 0.082621 -0.525007 -0.13367 0.031754 -0.582723 -0.072428 0.080663 -0.506197 -0.039853 0.105288 -0.519024 -0.013812 0.074432 -0.535676 -0.015769 0.009585 -0.580253 -0.046189 0.013605 -0.640038 -0.013923 0.020047 -0.552081 -0.082732 0.022788 -0.677572 -0.107974 0.025427 -0.527294 -0.084415 0.023373 -0.511236 0 1.21622 1.14747 -0.045358 1.21186 1.14422 0 1.18392 1.18177 -0.036913 1.1775 1.16861 -0.064194 1.18679 1.1793 -0.076311 1.23139 1.16442 -0.061513 1.24403 1.09613 0 1.25232 1.09679 -0.041077 1.27703 1.02593 0 1.27993 1.02718 -0.095277 1.26887 1.10877 -0.039862 1.29526 0.941671 0 1.30005 0.944353 -0.029297 1.16642 1.19663 0 1.16976 1.207 -0.054725 1.15324 1.17777 -0.059416 1.10719 1.25434 -0.029742 1.12844 1.25411 -0.049026 1.0942 1.32112 -0.032269 1.1221 1.32906 -0.101388 1.06647 1.30966 -0.089759 1.08072 1.23832 -0.067327 1.13397 1.16829 0 1.13953 1.25679 0 1.13472 1.33383 -0.033688 1.11383 1.39262 0 1.12811 1.39963 0 1.11289 1.44925 -0.040864 1.0967 1.44652 -0.107444 1.10484 1.18118 -0.110073 1.12105 1.13509 -0.083618 1.1419 1.13924 -0.110395 1.13663 1.12162 -0.115843 1.02792 1.23536 -0.120737 1.01282 1.29856 -0.115928 0.978176 1.27328 -0.128967 1.04662 1.16216 -0.113723 1.00927 1.19666 -0.117299 1.01553 1.18121 -0.055896 1.08411 1.38564 -0.048584 1.06479 1.44713 -0.101232 1.03379 1.44092 -0.109286 1.05176 1.37097 -0.115647 0.9845 1.42696 -0.122272 0.99672 1.35686 -0.111627 0.955702 1.38987 -0.10976 0.946723 1.41229 -0.031908 1.04373 1.47685 -0.070249 1.02263 1.48027 -0.078019 0.974344 1.4796 -0.099702 0.943478 1.4265 -0.031449 1.00864 1.4964 0 1.02764 1.48718 -0.034146 0.971823 1.49553 -0.101834 0.959872 1.36663 -0.104414 0.950213 1.38871 -0.064088 0.932805 1.46438 -0.044204 0.934222 1.46802 -0.070215 0.935094 1.44229 -0.083475 0.938231 1.43093 -0.045078 0.937666 1.4356 -0.076726 0.953411 1.40304 -0.084283 0.964053 1.36747 -0.096994 0.955832 1.36585 -0.093392 0.963852 1.32269 -0.091072 0.977468 1.29933 0 0.969746 1.49569 0 0.937773 1.47148 -0.027804 0.935179 1.45357 0 0.939301 1.43957 0 0.934009 1.45899 -0.100816 0.96924 1.29937 -0.090467 0.982425 1.27992 -0.103911 0.96801 1.32658 -0.113865 0.974108 1.28871 -0.095187 0.986982 1.24282 -0.100962 0.981733 1.25962 -0.084312 0.995023 1.23113 -0.094537 0.995605 1.22014 -0.10067 1.002 1.20266 -0.0792 1.0189 1.18414 -0.084014 0.997654 1.23184 -0.10469 1.01719 1.1634 -0.090083 1.02931 1.16223 -0.093203 1.03251 1.1408 -0.110163 1.02759 1.12388 -0.110526 1.0358 1.08185 -0.129954 1.02807 1.07721 -0.127149 1.03179 0.987938 -0.136981 1.03235 1.08124 -0.120822 1.02854 1.14245 -0.160642 1.01472 1.04104 -0.181256 1.03193 1.0473 -0.170677 1.05992 1.08725 -0.141868 1.05443 1.11172 -0.209083 1.07143 1.03798 -0.194908 1.02803 1.01555 -0.215842 1.06165 0.991641 -0.19903 1.01991 0.966753 -0.202734 1.0392 0.901389 -0.214758 1.10663 0.971353 -0.209484 1.10202 0.889065 -0.174846 1.00586 1.01565 -0.157137 1.01603 1.03373 -0.169605 1.09273 1.09265 -0.19838 1.11557 1.04198 -0.192666 1.1661 0.88727 -0.194766 1.16595 0.968757 -0.192005 1.01446 0.845243 -0.191695 1.10492 0.822595 -0.172494 0.984972 0.912638 -0.161592 0.942026 0.88498 -0.142202 0.939407 0.933771 -0.15807 0.924961 0.901182 -0.131817 0.899862 0.930659 -0.12491 0.913698 0.94954 -0.112367 0.936291 1.0088 -0.137524 0.960057 1.00285 -0.122458 0.978763 1.0724 -0.09678 0.952586 1.123 -0.071512 0.921661 1.01006 -0.059906 0.935529 1.11901 -0.085223 0.921179 1.20693 -0.051409 0.907941 1.20278 -0.079084 0.886714 1.28903 -0.043452 0.868809 1.28551 -0.079167 0.874458 1.34325 -0.035617 0.860606 1.34036 -0.077395 0.904028 0.946254 -0.119567 0.915821 0.940349 -0.102366 0.980491 1.13283 -0.128802 1.01145 1.07565 -0.110418 0.99905 1.14106 -0.123682 1.03211 1.0791 -0.099115 1.02317 1.14611 -0.102668 1.01871 1.07667 -0.082236 1.01251 1.14682 -0.10179 0.985084 1.19361 -0.140084 1.03292 0.990226 -0.113783 1.01673 0.995487 0 0.862985 1.28199 0 0.858836 1.34326 -0.035625 0.872453 1.37614 0 0.868105 1.37834 -0.034444 0.894055 1.40367 -0.068493 0.89612 1.38935 -0.0964 0.912427 1.36 -0.045542 0.899271 1.41727 0 0.896993 1.42513 0 0.924526 1.44015 -0.049922 0.92736 1.43192 0 0.9437 1.43129 -0.047305 0.946113 1.42234 0 0.892334 1.40914 -0.086324 0.908733 1.39625 -0.112319 0.94016 1.36267 -0.096474 0.932925 1.40809 -0.085416 0.95172 1.40468 -0.108046 0.953 1.35716 -0.102671 0.955446 1.36754 -0.073741 0.949548 1.38872 -0.113003 0.944252 1.32828 -0.108092 0.956149 1.33483 -0.06867 0.949087 1.41297 -0.040547 0.946589 1.40896 0 0.946646 1.41813 -0.088595 0.950441 1.34415 -0.049174 0.942867 1.39225 -0.093711 0.970058 1.28066 -0.102753 0.962428 1.32404 -0.087296 0.975097 1.28491 -0.099173 0.986274 1.24916 -0.076571 0.96313 1.2793 -0.080488 0.982349 1.22993 -0.110626 0.983871 1.23791 -0.098452 0.95905 1.27577 -0.094669 0.921843 1.31165 -0.093316 0.933272 1.26458 -0.110802 0.974167 1.22638 -0.110517 0.990875 1.22142 -0.094685 0.948376 1.21561 -0.101107 0.965401 1.17844 -0.099177 1.00155 1.20068 -0.100579 0.99808 1.21367 -0.083438 0.996262 1.19973 -0.25594 1.17111 0.709739 -0.316841 1.14539 0.630969 -0.274346 1.15249 0.708297 -0.337188 1.12699 0.621425 -0.264811 1.08051 0.715463 -0.186278 1.1748 0.840254 -0.255664 1.07087 0.7155 -0.32557 1.07033 0.605848 -0.179744 1.22886 0.861924 -0.257824 1.25453 0.720407 -0.240876 1.26902 0.720103 -0.253579 1.28295 0.720811 -0.252609 1.20123 0.717172 -0.186476 1.22357 0.897883 -0.316963 1.27733 0.630667 -0.309932 1.21744 0.640637 -0.284998 1.31421 0.624036 -0.187575 1.21391 0.980688 -0.166764 1.20048 1.03626 -0.169677 1.1605 1.03125 -0.151292 1.16666 1.06148 -0.14057 1.20025 1.06938 -0.149781 1.23149 1.06062 -0.154173 1.25366 1.01064 -0.127622 1.23463 1.10874 -0.12917 1.20705 1.08688 -0.167167 1.13876 1.05971 -0.148536 1.14942 1.06994 -0.109646 1.2782 1.02935 -0.110159 1.21361 1.13874 -0.114381 1.20189 1.1071 -0.102231 1.18957 1.12276 -0.088797 1.1759 1.16031 -0.092353 1.16809 1.13292 -0.153762 1.12422 1.09249 -0.136848 1.13759 1.09061 -0.13259 1.08795 1.13538 -0.118806 1.02267 1.15795 -0.10469 1.01719 1.1634 -0.074761 1.28666 0.930336 -0.122925 1.29119 0.931789 -0.071651 1.27109 1.02796 -0.073993 1.28586 0.898898 -0.07868 1.29468 0.898253 -0.081207 1.28615 0.869578 -0.122888 1.3042 0.897155 -0.138774 1.35186 0.819333 -0.167189 1.33513 0.811882 -0.152856 1.27733 0.885864 -0.168926 1.4527 0.716362 -0.210448 1.42223 0.702521 -0.127144 1.42755 0.702216 -0.105443 1.34656 0.807051 -0.14632 1.52379 0.645971 -0.207115 1.552 0.647269 -0.253313 1.5345 0.636902 -0.289345 1.4867 0.617495 -0.227322 1.38617 0.67999 -0.177468 1.31394 0.794595 -0.151751 1.26359 0.912114 -0.171139 1.56859 0.611709 -0.245702 1.61823 0.581728 -0.275133 1.60914 0.577234 -0.288013 1.66695 0.522323 -0.215743 1.61763 0.569673 -0.292667 1.60082 0.562849 -0.298946 1.53132 0.600236 -0.151125 1.26452 0.877586 -0.232365 1.337 0.737531 -0.210551 1.34505 0.7397 -0.143658 1.25653 0.855477 -0.210792 0.896708 0.80687 -0.204844 0.887835 0.806245 -0.248221 0.83851 0.749804 -0.233606 0.965955 0.791047 -0.256938 0.849766 0.748901 -0.267698 0.91575 0.717132 -0.278607 0.897867 0.723971 -0.22366 0.978425 0.784565 -0.23976 0.989497 0.783361 -0.252295 1.04985 0.765404 -0.238852 1.0665 0.754774 -0.305883 0.991131 0.687706 -0.292699 0.945995 0.693956 -0.282303 0.937111 0.697605 0 1.07259 1.19556 -0.093203 1.03251 1.1408 0 1.09283 1.08619 -0.110526 1.0358 1.08185 0 1.08973 0.993352 -0.127149 1.03179 0.987938 -0.090083 1.02931 1.16223 -0.0792 1.0189 1.18414 -0.084014 0.997654 1.23184 0 1.03064 1.30082 -0.090467 0.982425 1.27992 -0.091072 0.977468 1.29933 -0.084283 0.964053 1.36747 0 0.998374 1.38796 -0.076726 0.953411 1.40304 -0.045078 0.937666 1.4356 0 0.939301 1.43957 -0.088862 0.991492 0.971946 -0.055215 1.00789 0.940201 -0.113783 1.01673 0.995487 -0.081858 0.994269 1.07111 -0.082236 1.01251 1.14682 -0.102668 1.01871 1.07667 -0.064914 0.989335 1.14868 -0.083438 0.996262 1.19973 -0.060663 0.961389 1.22912 -0.080488 0.982349 1.22993 -0.076571 0.96313 1.2793 -0.046324 0.936647 1.27464 -0.088595 0.950441 1.34415 -0.046678 0.927545 1.35302 -0.049174 0.942867 1.39225 0 0.922139 1.3629 0 0.939354 1.40756 -0.026724 0.923247 1.29591 0 0.916927 1.30529 0 1.09714 1.47914 -0.028081 1.08898 1.46881 0 1.06336 1.49211 -0.031703 1.06335 1.4767 -0.031908 1.04373 1.47685 0 1.02764 1.48718 -0.040864 1.0967 1.44652 0 1.11289 1.44925 -0.048584 1.06479 1.44713 -0.200844 0.874589 0.809558 -0.206721 0.860333 0.816843 -0.243422 0.785668 0.782632 -0.180037 0.824875 0.856391 -0.226173 0.7645 0.802294 -0.167107 0.820973 0.86311 -0.214499 0.759486 0.809808 -0.126058 0.894753 0.926371 -0.125653 1.18836 1.10333 -0.140958 1.18246 1.08105 -0.123781 1.16578 1.11196 -0.111644 1.17931 1.11929 -0.10546 1.16692 1.12631 -0.141501 1.161 1.08489 -0.131816 1.14895 1.09956 -0.116458 1.14838 1.11784 -0.100678 1.15149 1.13006 -0.110395 1.13663 1.12162 -0.136848 1.13759 1.09061 -0.148536 1.14942 1.06994 -0.151292 1.16666 1.06148 -0.148828 1.18458 1.05957 -0.14057 1.20025 1.06938 -0.12917 1.20705 1.08688 -0.114381 1.20189 1.1071 -0.102231 1.18957 1.12276 -0.092353 1.16809 1.13292 -0.083618 1.1419 1.13924 -0.080488 0.982349 1.22993 -0.10146 1.00362 1.23446 -0.099173 0.986274 1.24916 -0.110803 1.00134 1.24769 -0.122432 1.02347 1.24189 -0.110626 0.983871 1.23791 -0.116529 1.00013 1.23995 -0.110517 0.990875 1.22142 -0.116475 1.00364 1.22861 -0.111505 1.00724 1.22328 -0.100579 0.99808 1.21367 -0.10146 1.00362 1.23446 -0.080488 0.982349 1.22993 -0.146244 1.02364 0.993741 -0.073993 1.28586 0.898898 -0.065111 1.34582 0.84197 -0.09331 1.32099 0.820517 -0.050799 1.30746 0.900808 -0.026982 1.30212 0.895818 0 1.31264 0.903716 -0.029497 1.33012 0.823244 -0.157551 0.987942 1.0287 -0.183683 0.992596 0.9702 0 1.31264 0.903716 -0.026982 1.30212 0.895818 -0.050799 1.30746 0.900808 -0.088595 0.950441 1.34415 -0.102753 0.962428 1.32404 -0.098558 0.971093 1.34676 -0.10982 0.975047 1.33325 -0.125374 0.997838 1.35219 -0.118095 0.967768 1.34049 -0.108092 0.956149 1.33483 -0.108046 0.953 1.35716 -0.118072 0.966194 1.3555 -0.102671 0.955446 1.36754 -0.109779 0.971557 1.36247 -0.098558 0.971093 1.34676 -0.088595 0.950441 1.34415 -0.115096 0.988585 1.13808 -0.120822 1.02854 1.14245 -0.110163 1.02759 1.12388 -0.118806 1.02267 1.15795 -0.093203 1.03251 1.1408 -0.10469 1.01719 1.1634 -0.093203 1.03251 1.1408 0 0.903831 1.19863 0 0.930554 1.11502 0 0.916452 1.00935 0 0.897057 0.948798 -0.143658 1.25653 0.855477 -0.241443 1.18767 0.718416 -0.293208 1.19655 0.633524 -0.255664 1.07087 0.7155 -0.316841 1.14539 0.630969 -0.25594 1.17111 0.709739 -0.178951 1.09929 0.799565 -0.241443 1.18767 0.718416 -0.240876 1.26902 0.720103 -0.174705 1.17219 0.808192 -0.143658 1.25653 0.855477 -0.210551 1.34505 0.7397 -0.264639 1.37995 0.640693 -0.238852 1.0665 0.754774 -0.22366 0.978425 0.784565 -0.300548 1.00534 0.679717 -0.178951 1.09929 0.799565 -0.167891 1.0113 0.832369 -0.14094 0.945357 0.879246 -0.204844 0.887835 0.806245 -0.267698 0.91575 0.717132 -0.200844 0.874589 0.809558 -0.214499 0.759486 0.809808 -0.2369 0.793011 0.771357 -0.167107 0.820973 0.86311 -0.126058 0.894753 0.926371 -0.14094 0.945357 0.879246 -0.119567 0.915821 0.940349 -0.288013 1.66695 0.522323 -0.215743 1.61763 0.569673 -0.292667 1.60082 0.562849 -0.298946 1.53132 0.600236 -0.171139 1.56859 0.611709 -0.289345 1.4867 0.617495 -0.14632 1.52379 0.645971 -0.227322 1.38617 0.67999 -0.127144 1.42755 0.702216 -0.177468 1.31394 0.794595 -0.105443 1.34656 0.807051 -0.143658 1.25653 0.855477 -0.148828 1.18458 1.05957 -0.0792 1.0189 1.18414 -0.106902 0.978055 1.17436 -0.10469 1.01719 1.1634 -0.117299 1.01553 1.18121 -0.113723 1.00927 1.19666 -0.10067 1.002 1.20266 -0.0792 1.0189 1.18414 -0.107341 0.96158 1.26417 -0.100962 0.981733 1.25962 -0.099034 0.961961 1.27534 -0.090467 0.982425 1.27992 -0.113052 0.959622 1.27169 -0.115928 0.978176 1.27328 -0.111916 0.957383 1.28019 -0.113865 0.974108 1.28871 -0.104732 0.954703 1.28605 -0.100816 0.96924 1.29937 -0.103806 0.938349 1.27072 -0.099034 0.961961 1.27534 -0.090467 0.982425 1.27992 -0.087862 0.92287 1.42126 -0.094593 0.901495 1.40397 -0.088291 0.93045 1.40702 -0.083475 0.938231 1.43093 -0.076726 0.953411 1.40304 -0.037704 0.913512 1.44555 -0.050007 0.891844 1.43754 -0.045338 0.918317 1.43657 -0.045078 0.937666 1.4356 -0.057683 0.913813 1.45096 -0.048728 0.914029 1.45278 -0.064088 0.932805 1.46438 -0.070215 0.935094 1.44229 -0.061957 0.913469 1.43992 -0.044204 0.934222 1.46802 -0.027804 0.935179 1.45357 -0.045078 0.937666 1.4356 -0.045338 0.918317 1.43657 -0.107691 0.927116 1.41041 -0.102662 0.925494 1.41868 -0.102988 0.928861 1.39434 -0.10976 0.946723 1.41229 -0.104414 0.950213 1.38871 -0.099702 0.943478 1.4265 -0.088291 0.93045 1.40702 -0.076726 0.953411 1.40304 0 1.00302 1.49719 -0.049174 0.942867 1.39225 -0.057384 0.984868 1.40622 -0.040547 0.946589 1.40896 -0.06867 0.949087 1.41297 -0.073741 0.949548 1.38872 -0.049174 0.942867 1.39225 0 0.939354 1.40756 -0.045078 0.937666 1.4356 -0.032457 1.00454 1.14984 -0.045828 1.01454 1.06827 -0.064914 0.989335 1.14868 -0.081858 0.994269 1.07111 -0.030331 0.974017 1.22925 -0.060663 0.961389 1.22912 -0.046324 0.936647 1.27464 0 1.00398 1.06466 0 0.999158 1.15101 0 0.96605 1.22938 0 0.940331 1.28119 -0.026724 0.923247 1.29591 0 0.916927 1.30529 0.147772 1.22345 1.06346 0.12917 1.20705 1.08688 0.14057 1.20025 1.06938 0.181278 1.17738 1.03125 0.151292 1.16666 1.06148 0.148536 1.14942 1.06994 0.148828 1.18458 1.05957 0.170112 1.20858 1.03774 0.14057 1.20025 1.06938 0.148828 1.18458 1.05957 0.38517 0.008242 0.421655 0.438919 0.03258 0.472439 0.416052 0.013133 0.482275 0.41914 0.00125 0.51414 0.476774 0.023068 0.51132 0.461648 -0.00509 0.592214 0.386153 0.041869 0.570694 0.412772 0.035315 0.628113 0.38542 0.027099 0.533561 0.508287 0.02041 0.575512 0.471124 0.006866 0.61259 0.437176 0.033187 0.644748 0.5102 0.029741 0.602436 0.342532 0.011607 0.574078 0.288756 0.016741 0.556896 0.288756 0.039388 0.586379 0.354615 0.004917 0.491621 0.288756 0.001239 0.499314 0.335007 -0.00018 0.423083 0.336963 0.029275 0.370514 0.288756 -0.002656 0.427274 0.288756 0.029275 0.363228 0.291363 0.040399 0.638268 0.350744 0.011745 0.672374 0.294134 0.04118 0.681892 0.352767 0.024631 0.697047 0.409332 0.042692 0.671184 0.3998 0.051341 0.696099 0.308252 0.051747 0.703148 0.403261 0.042302 0.624041 0.240549 0.029275 0.370514 0.242505 -0.00018 0.423083 0.192342 0.008242 0.421655 0.222897 0.004917 0.491621 0.16146 0.013133 0.482275 0.138593 0.03258 0.472439 0.15797 0.001153 0.517582 0.100738 0.023068 0.51132 0.115864 -0.00509 0.592214 0.191359 0.041869 0.570694 0.16474 0.035315 0.628113 0.192092 0.027099 0.533561 0.069225 0.018903 0.573252 0.106388 0.006866 0.61259 0.140337 0.033187 0.644748 0.067312 0.029741 0.602436 0.23498 0.011607 0.574078 0.28615 0.040399 0.638268 0.174251 0.042302 0.624041 0.226769 0.011745 0.672374 0.283378 0.04118 0.681892 0.224745 0.024631 0.697047 0.168181 0.042692 0.671184 0.177712 0.051341 0.696099 0.26926 0.051747 0.703148 0.486884 0.012936 0.647082 0.507903 -0.002572 0.691552 0.480992 0.033013 0.683764 0.437176 0.033187 0.644748 0.471124 0.006866 0.61259 0.5102 0.029741 0.602436 0.517744 0.035078 0.666541 0.498089 0.087226 0.670591 0.465087 0.075711 0.667178 0.50922 0.050479 0.693081 0.515559 0.07322 0.644045 0.449594 0.092534 0.649968 0.483338 0.118043 0.63668 0.437176 0.033187 0.644748 0.510314 0.086079 0.619431 0.5102 0.029741 0.602436 0.480992 0.033013 0.683764 0.507903 -0.002572 0.691552 0.517744 0.035078 0.666541 0.32421 0.115785 0.716702 0.356611 0.137517 0.718043 0.31479 0.13619 0.695974 0.354759 0.161266 0.697185 0.392334 0.139131 0.687475 0.390871 0.109057 0.70767 0.407347 0.094458 0.675997 0.297011 0.08939 0.687282 0.347621 0.175678 0.633556 0.309345 0.148912 0.627456 0.292577 0.097188 0.635359 0.295325 0.128307 0.564235 0.399578 0.109807 0.627616 0.388662 0.155107 0.620406 0.330653 0.158094 0.573551 0.369195 0.133185 0.556025 0.403261 0.042302 0.624041 0.409332 0.042692 0.671184 0.3998 0.051341 0.696099 0.386153 0.041869 0.570694 0.288756 0.039388 0.586379 0.291363 0.040399 0.638268 0.294134 0.04118 0.681892 0.308252 0.051747 0.703148 0.284935 0.097188 0.635359 0.28615 0.040399 0.638268 0.282187 0.128307 0.564235 0.268167 0.148912 0.627456 0.246859 0.158094 0.573551 0.229891 0.175678 0.633556 0.18885 0.155107 0.620406 0.208317 0.138764 0.556025 0.262722 0.13619 0.695974 0.222753 0.161266 0.697185 0.220901 0.137517 0.718043 0.253302 0.115785 0.716702 0.185178 0.139131 0.687475 0.186641 0.109057 0.70767 0.170165 0.094458 0.675997 0.280501 0.08939 0.687282 0.177934 0.109807 0.627616 0.174251 0.042302 0.624041 0.168181 0.042692 0.671184 0.177712 0.051341 0.696099 0.191359 0.041869 0.570694 0.26926 0.051747 0.703148 0.283378 0.04118 0.681892 0.3998 0.051341 0.696099 0.388231 0.030302 0.735881 0.352767 0.024631 0.697047 0.358091 0.020705 0.720497 0.327132 0.030155 0.740403 0.308252 0.051747 0.703148 0.363236 -0.005917 0.765352 0.390871 0.109057 0.70767 0.384961 0.088976 0.735039 0.3998 0.051341 0.696099 0.360555 0.105704 0.751645 0.356611 0.137517 0.718043 0.32421 0.115785 0.716702 0.332333 0.092749 0.741192 0.308252 0.051747 0.703148 0.380818 0.044139 0.760238 0.3617 0.055793 0.774646 0.341788 0.044255 0.76371 0.327132 0.030155 0.740403 0.363236 -0.005917 0.765352 0.388231 0.030302 0.735881 0.412883 0.134077 0.510758 0.414212 0.130537 0.440753 0.365996 0.15973 0.483817 0.39613 0.071307 0.397738 0.453082 0.094085 0.482294 0.438919 0.03258 0.472439 0.38517 0.008242 0.421655 0.369195 0.133185 0.556025 0.331047 0.170268 0.513647 0.330653 0.158094 0.573551 0.295325 0.128307 0.564235 0.288756 0.165549 0.509084 0.386153 0.041869 0.570694 0.38705 0.126532 0.545048 0.282187 0.128307 0.564235 0.288756 0.039388 0.586379 0.336963 0.029275 0.370514 0.342443 0.073127 0.341135 0.394895 0.130533 0.382334 0.354755 0.133102 0.331365 0.288756 0.029275 0.363228 0.246859 0.158094 0.573551 0.253738 0.170268 0.513647 0.208317 0.138764 0.556025 0.211516 0.15973 0.483817 0.164629 0.134077 0.510758 0.1633 0.130537 0.440753 0.181382 0.071307 0.397738 0.185387 0.134025 0.380914 0.190462 0.126532 0.545048 0.191359 0.041869 0.570694 0.138593 0.03258 0.472439 0.12443 0.094085 0.482294 0.192342 0.008242 0.421655 0.238192 0.235153 0.457845 0.202583 0.184252 0.385432 0.252733 0.187396 0.478055 0.288364 0.24036 0.469485 0.288585 0.190494 0.49433 0.332052 0.187396 0.478055 0.341194 0.236144 0.453768 0.331054 0.27603 0.431149 0.379624 0.230779 0.377024 0.374857 0.183652 0.385926 0.362078 0.272589 0.372463 0.34875 0.195303 0.329506 0.356308 0.234496 0.320423 0.337804 0.285419 0.320643 0.289344 0.251348 0.287734 0.288756 0.198081 0.30609 0.28822 0.295183 0.28771 0.324361 0.36212 0.421841 0.351294 0.364122 0.370273 0.330063 0.437485 0.420725 0.288524 0.358776 0.439135 0.28707 0.436789 0.445316 0.338008 0.372134 0.324044 0.321691 0.458001 0.333669 0.359104 0.44792 0.377395 0.284284 0.374406 0.306826 0.357942 0.644709 0.409626 0.341603 0.553381 0.458272 0.373687 0.56465 0.39467 0.329761 0.629416 0.472334 0.318904 0.752175 0.361857 0.307209 0.6579 0.357372 0.237365 0.663164 0.361477 0.22602 0.750065 0.363047 0.206667 0.650131 0.401939 0.271684 0.577575 0.318439 0.198445 0.563893 0.389039 0.242645 0.562268 0.3275 0.369904 0.757905 0.424922 0.360641 0.743876 0.507169 0.37113 0.858079 0.446561 0.365358 0.835598 0.540335 0.330154 0.741056 0.542074 0.345176 0.959133 0.475088 0.336226 0.953363 0.569118 0.322835 0.814264 0.596473 0.30639 0.878251 0.615715 0.312608 0.868908 0.36756 0.210222 0.854232 0.34361 0.268592 0.803206 0.619134 0.26245 0.873229 0.643174 0.275113 0.732874 0.563397 0.283903 0.627371 0.48999 0.181294 0.827554 0.369293 0.210077 0.804503 0.601061 0.213173 0.874898 0.640354 0.169409 0.87099 0.616455 0.162017 0.81145 0.586882 0.16744 0.753908 0.520657 0.221268 0.737046 0.543987 0.238345 0.630446 0.485401 0.28526 0.55306 0.483204 0.206667 0.650131 0.401939 0.179652 0.746026 0.427613 0.230878 0.554219 0.465256 0.251394 0.436939 0.427023 0.22765 0.3667 0.36719 0.220858 0.453012 0.383925 0.257031 0.362359 0.425207 0.220612 0.276616 0.365504 0.248985 0.278585 0.432651 0.199715 0.228583 0.380052 0.288917 0.278254 0.445969 0.475456 0.136544 0.611368 0.504422 0.105776 0.58583 0.449843 0.144891 0.563844 0.486794 0.111993 0.543056 0.412883 0.134077 0.510758 0.453082 0.094085 0.482294 0.38705 0.126532 0.545048 0.406949 0.11945 0.589501 0.513411 0.066731 0.575566 0.494636 0.067225 0.520057 0.430999 0.109286 0.631144 0.415909 0.07984 0.629822 0.391588 0.087417 0.578492 0.386153 0.041869 0.570694 0.449594 0.092534 0.649968 0.483338 0.118043 0.63668 0.510314 0.086079 0.619431 0.508287 0.02041 0.575512 0.5102 0.029741 0.602436 0.438919 0.03258 0.472439 0.476774 0.023068 0.51132 0.412772 0.035315 0.628113 0.437176 0.033187 0.644748 0.090628 0.012936 0.647082 0.09652 0.033013 0.683764 0.069609 -0.002572 0.691552 0.140337 0.033187 0.644748 0.106388 0.006866 0.61259 0.067312 0.029741 0.602436 0.059767 0.035078 0.666541 0.09652 0.033013 0.683764 0.112425 0.075711 0.667178 0.068291 0.050479 0.693081 0.140337 0.033187 0.644748 0.127918 0.092534 0.649968 0.079423 0.087226 0.670591 0.061953 0.07322 0.644045 0.094174 0.118043 0.63668 0.067197 0.086079 0.619431 0.067312 0.029741 0.602436 0.069609 -0.002572 0.691552 0.059767 0.035078 0.666541 0.177712 0.051341 0.696099 0.224745 0.024631 0.697047 0.189281 0.030302 0.735881 0.219421 0.020705 0.720497 0.25038 0.030155 0.740403 0.26926 0.051747 0.703148 0.214277 -0.005917 0.765352 0.186641 0.109057 0.70767 0.177712 0.051341 0.696099 0.192551 0.088976 0.735039 0.216957 0.105704 0.751645 0.220901 0.137517 0.718043 0.253302 0.115785 0.716702 0.24518 0.092749 0.741192 0.26926 0.051747 0.703148 0.196694 0.044139 0.760238 0.215812 0.055793 0.774646 0.235724 0.044255 0.76371 0.25038 0.030155 0.740403 0.214277 -0.005917 0.765352 0.189281 0.030302 0.735881 0.235069 0.073127 0.341135 0.288756 0.072546 0.328098 0.240549 0.029275 0.370514 0.181382 0.071307 0.397738 0.209989 0.113614 0.355773 0.240322 0.192456 0.311595 0.192342 0.008242 0.421655 0.185387 0.134025 0.380914 0.217616 0.231215 0.324963 0.237495 0.286596 0.322516 0.220612 0.276616 0.365504 0.199715 0.228583 0.380052 0.22765 0.3667 0.36719 0.243819 0.374406 0.326906 0.280822 0.458065 0.319888 0.220858 0.453012 0.383925 0.250414 0.458113 0.335668 0.102057 0.136544 0.611368 0.120234 0.144891 0.561932 0.07309 0.105776 0.58583 0.090718 0.111993 0.543056 0.164629 0.134077 0.510758 0.12443 0.094085 0.482294 0.190462 0.126532 0.545048 0.170563 0.11945 0.589501 0.0641 0.066731 0.575566 0.082876 0.067225 0.520057 0.146513 0.109286 0.631144 0.161603 0.07984 0.629822 0.185924 0.087417 0.578492 0.191359 0.041869 0.570694 0.127918 0.092534 0.649968 0.094174 0.118043 0.63668 0.067197 0.086079 0.619431 0.069225 0.018903 0.573252 0.100738 0.023068 0.51132 0.067312 0.029741 0.602436 0.138593 0.03258 0.472439 0.16474 0.035315 0.628113 0.140337 0.033187 0.644748 0.181294 0.827554 0.369293 0.187906 0.829489 0.347893 0.222516 0.951864 0.35398 0.177742 0.940199 0.695806 0.204663 0.948071 0.639524 0.198278 1.00258 0.693654 0.124975 0.8886 0.708454 0.169409 0.87099 0.616455 0.158073 0.809152 0.59703 0.121956 0.786259 0.606853 0.161409 0.750425 0.520159 0.058131 0.842479 0.714224 0.048769 0.767913 0.611753 0.032112 0.714391 0.563411 0.112735 0.905646 0.784092 0.067606 0.879168 0.808621 0.058282 0.737896 -0.463074 0 0.734086 -0.338343 0 0.729459 -0.460474 0.20108 0.728591 -0.583004 0.264389 0.726256 -0.567609 0.208565 0.662981 -0.605063 0.148643 0.521745 -0.54334 0.189786 0.490578 -0.516195 0.136524 0.584048 -0.432889 0.203036 0.452554 -0.609858 0.254559 0.497482 -0.52487 0.244106 0.455317 -0.621166 0.16687 0.473942 -0.645301 0.203403 0.388122 -0.666483 0.176126 0.399712 -0.690629 0.245224 0.387405 -0.669762 0.243659 0.333674 -0.680421 0.202144 0.332304 -0.676037 0.177009 0.336407 -0.703641 0.269811 0.340503 -0.698486 0.270159 0.404129 -0.690744 0.277032 0.478106 -0.649911 0.303915 0.519353 -0.542963 0.258357 0.548726 -0.417693 0.313971 0.615719 -0.523948 0.31711 0.588914 -0.437282 0.303542 0.561516 -0.595067 0.274329 0.279062 -0.705188 0.276692 0.28519 -0.747163 0.269534 0.35171 -0.739429 0.24958 0.279627 -0.676833 0.201191 0.278946 -0.674653 0.177033 0.277026 -0.70775 0.174657 0.281327 -0.754439 0.177262 0.352316 -0.739922 0.252427 0.286049 -0.791192 0.252473 0.361445 -0.784021 0.225528 0.291564 -0.815176 0.223182 0.369371 -0.803254 0.250391 0.438241 -0.779176 0.265627 0.417476 -0.733804 0.195011 0.361906 -0.790336 0.200073 0.286278 -0.794331 0.177262 0.352316 -0.739922 0.16509 0.416854 -0.730282 0.189427 0.435871 -0.77552 0.174657 0.281327 -0.754439 0.193212 0.252678 -0.805104 0.160011 0.241737 -0.76185 0.188249 0.200513 -0.815108 0.153375 0.191365 -0.765351 0.226964 0.202594 -0.834135 0.226456 0.254423 -0.828573 0.260593 0.252551 -0.803352 0.266197 0.200449 -0.814232 0.293052 0.243892 -0.757789 0.301569 0.192443 -0.76332 0.288292 0.21757 -0.705454 0.251437 0.242237 -0.66862 0.201326 0.241857 -0.667404 0.164779 0.216434 -0.706884 0.200278 0.194171 -0.673208 0.153375 0.191365 -0.765351 0.162232 0.173639 -0.706804 0.292736 0.173639 -0.706804 0.107866 0.112358 -0.640582 0.153128 0.130933 -0.660399 0.106583 0.120607 -0.706398 0.145248 0.125291 -0.596883 0.193886 0.147294 -0.637792 0.182299 0.14063 -0.586264 0.227691 0.151156 -0.626577 0.221349 0.115196 -0.588958 0.234032 0.115196 -0.588958 0.273863 0.14063 -0.586264 0.310133 0.125291 -0.596883 0.261495 0.147294 -0.637792 0.347515 0.112358 -0.640582 0.348798 0.120607 -0.706398 0.302254 0.130933 -0.660399 0.263583 0.163964 -0.806677 0.331343 0.060171 -0.749683 0.327476 0.111758 -0.761331 0.279517 0.061929 -0.797612 0.274227 0.019597 -0.769252 0.321711 0.031754 -0.582723 0.322577 0.113482 -0.60748 0.38632 0.086962 -0.66393 0.372649 0.022788 -0.677572 0.320762 -0.000706 -0.726596 0.227691 0.019597 -0.776285 0.227691 0.061368 -0.810197 0.277583 0.110481 -0.810467 0.227484 0.166381 -0.821262 0.175864 0.061929 -0.797612 0.181155 0.019597 -0.769252 0.124038 0.060171 -0.749683 0.191386 0.163964 -0.806677 0.134619 -0.000706 -0.726596 0.143961 0.725963 -0.572305 0.142682 0.644001 -0.566034 0.138502 0.550537 -0.589206 0.157584 0.588942 -0.634004 0.087134 0.705716 -0.479481 0.097487 0.723206 -0.538024 0.125694 0.610747 -0.507369 0.162334 0.50418 -0.680087 0.213265 0.612449 -0.653064 0.175357 0.543955 -0.715309 0.280114 0.592999 -0.632335 0.276076 0.653625 -0.583741 0.27363 0.452576 -0.727789 0.280423 0.49024 -0.713652 0.087134 0.705716 -0.479481 0.098276 0.682776 -0.39863 0.072271 0.742323 -0.468732 0.125694 0.610747 -0.507369 0.138502 0.550537 -0.589206 0.162334 0.50418 -0.680087 0.156281 0.491138 -0.713502 0.160118 0.450378 -0.72694 0.16509 0.416854 -0.730282 0.191889 0.183845 0.366643 0.202583 0.184252 0.385432 0.209989 0.113614 0.355773 0.208919 0.113146 0.349608 0.237072 0.137534 0.320591 0.320762 -0.000706 -0.726596 0.372649 0.022788 -0.677572 0.350574 0.004014 -0.668077 0.356227 -0.008863 -0.637088 0.409191 0.013605 -0.640038 0.394589 -0.013577 -0.561949 0.321711 0.031754 -0.582723 0.347408 0.025427 -0.527294 0.321004 0.017497 -0.618569 0.439612 0.011039 -0.578071 0.403737 -0.002035 -0.54228 0.370965 0.023373 -0.511236 0.441458 0.020047 -0.552081 0.279603 0.002541 -0.579736 0.227691 0.007498 -0.596043 0.227691 0.029359 -0.567581 0.291267 -0.003916 -0.659055 0.227691 -0.007467 -0.651629 0.272338 -0.008837 -0.725217 0.274227 0.019597 -0.769252 0.227691 0.019597 -0.776285 0.227691 -0.011227 -0.721171 0.230207 0.030335 -0.517491 0.287529 0.002675 -0.484567 0.232882 0.03109 -0.47538 0.289482 0.015114 -0.46075 0.344087 0.032549 -0.485716 0.334886 0.040898 -0.461665 0.246511 0.04129 -0.45486 0.338226 0.032172 -0.531225 0.183043 -0.008837 -0.725217 0.181155 0.019597 -0.769252 0.134619 -0.000706 -0.726596 0.164114 -0.003916 -0.659055 0.104807 0.004014 -0.668077 0.082732 0.022788 -0.677572 0.134377 0.017497 -0.618569 0.096919 -0.008863 -0.634594 0.13367 0.031754 -0.582723 0.060791 -0.013577 -0.561949 0.107974 0.025427 -0.527294 0.046189 0.013605 -0.640038 0.015769 0.009585 -0.580253 0.051643 -0.002035 -0.54228 0.084415 0.023373 -0.511236 0.013923 0.020047 -0.552081 0.175779 0.002541 -0.579736 0.225175 0.030335 -0.517491 0.117155 0.032172 -0.531225 0.167852 0.002675 -0.484567 0.222499 0.03109 -0.47538 0.165899 0.015114 -0.46075 0.111295 0.032549 -0.485716 0.120496 0.040898 -0.461665 0.208871 0.04129 -0.45486 0.418951 0.003824 -0.508983 0.439241 -0.011146 -0.466054 0.413263 0.023206 -0.473572 0.370965 0.023373 -0.511236 0.403737 -0.002035 -0.54228 0.441458 0.020047 -0.552081 0.448741 0.025198 -0.490198 0.429767 0.075539 -0.486288 0.39791 0.064423 -0.489583 0.440513 0.040066 -0.464579 0.446632 0.062019 -0.511915 0.382953 0.080663 -0.506197 0.415528 0.105288 -0.519024 0.370965 0.023373 -0.511236 0.441569 0.074432 -0.535675 0.441458 0.020047 -0.552081 0.413263 0.023206 -0.473572 0.439241 -0.011146 -0.466054 0.448741 0.025198 -0.490198 0.261916 0.103108 -0.441776 0.293194 0.124087 -0.440481 0.244241 0.115724 -0.466308 0.291406 0.147012 -0.460616 0.334924 0.113425 -0.475857 0.326266 0.096613 -0.450495 0.284515 0.158838 -0.517434 0.238859 0.125021 -0.518752 0.334886 0.040898 -0.461665 0.344087 0.032549 -0.485716 0.338226 0.032172 -0.531225 0.329402 0.126395 -0.522925 0.273863 0.14063 -0.586264 0.310133 0.125291 -0.596883 0.321711 0.031754 -0.582723 0.246511 0.04129 -0.45486 0.232882 0.03109 -0.47538 0.234032 0.115196 -0.588958 0.227691 0.029359 -0.567581 0.230207 0.030335 -0.517491 0.215908 0.105356 -0.515784 0.225175 0.030335 -0.517491 0.221349 0.115196 -0.588958 0.170866 0.158838 -0.517434 0.182299 0.14063 -0.586264 0.125979 0.126395 -0.522925 0.145248 0.125291 -0.596883 0.163976 0.147012 -0.460616 0.211141 0.097602 -0.466308 0.193466 0.103108 -0.441776 0.162188 0.124087 -0.440481 0.120457 0.113425 -0.475857 0.129116 0.096613 -0.450495 0.117155 0.032172 -0.531225 0.111295 0.032549 -0.485716 0.120496 0.040898 -0.461665 0.13367 0.031754 -0.582723 0.208871 0.04129 -0.45486 0.222499 0.03109 -0.47538 0.334886 0.040898 -0.461665 0.32014 0.027267 -0.411506 0.289482 0.015114 -0.46075 0.294622 0.011324 -0.438112 0.299588 -0.014375 -0.394812 0.27181 0.027252 -0.407647 0.246511 0.04129 -0.45486 0.326266 0.096613 -0.450495 0.320561 0.077228 -0.424074 0.334886 0.040898 -0.461665 0.297 0.093376 -0.408044 0.293194 0.124087 -0.440481 0.261916 0.103108 -0.441776 0.269757 0.080871 -0.418135 0.246511 0.04129 -0.45486 0.32014 0.027267 -0.411506 0.298106 0.045196 -0.385841 0.27181 0.027252 -0.407647 0.299588 -0.014375 -0.394812 0.407919 0.123148 -0.543459 0.44022 0.084272 -0.573065 0.383194 0.131205 -0.589336 0.422649 0.086436 -0.620503 0.38632 0.086962 -0.66393 0.347515 0.112358 -0.640582 0.322577 0.113482 -0.60748 0.334372 0.105155 -0.569881 0.357719 0.082621 -0.525007 0.321711 0.031754 -0.582723 0.382953 0.080663 -0.506197 0.415528 0.105288 -0.519024 0.441569 0.074432 -0.535675 0.439612 0.011039 -0.578071 0.441458 0.020047 -0.552081 0.372649 0.022788 -0.677572 0.409191 0.013605 -0.640038 0.347408 0.025427 -0.527294 0.370965 0.023373 -0.511236 0.227691 0.029359 -0.567581 0.03643 0.003824 -0.508983 0.042118 0.023206 -0.473572 0.01614 -0.011146 -0.466054 0.084415 0.023373 -0.511236 0.051643 -0.002035 -0.54228 0.013923 0.020047 -0.552081 0.00664 0.025198 -0.490198 0.042118 0.023206 -0.473572 0.057471 0.064423 -0.489583 0.014868 0.040066 -0.464579 0.084415 0.023373 -0.511236 0.072428 0.080663 -0.506197 0.025614 0.075539 -0.486288 0.008749 0.062019 -0.511915 0.039853 0.105288 -0.519024 0.013812 0.074432 -0.535675 0.013923 0.020047 -0.552081 0.01614 -0.011146 -0.466054 0.00664 0.025198 -0.490198 0.120496 0.040898 -0.461665 0.165899 0.015114 -0.46075 0.135242 0.027267 -0.411506 0.160759 0.011324 -0.438112 0.155793 -0.014375 -0.394812 0.183571 0.027252 -0.407647 0.208871 0.04129 -0.45486 0.129116 0.096613 -0.450495 0.120496 0.040898 -0.461665 0.134821 0.077228 -0.424074 0.158381 0.093376 -0.408044 0.162188 0.124087 -0.440481 0.193466 0.103108 -0.441776 0.185625 0.080871 -0.418135 0.208871 0.04129 -0.45486 0.135242 0.027267 -0.411506 0.157275 0.045196 -0.385841 0.183571 0.027252 -0.407647 0.155793 -0.014375 -0.394812 0.124038 0.060171 -0.749683 0.082732 0.022788 -0.677572 0.06906 0.086962 -0.66393 0.127905 0.111758 -0.761331 0.134619 -0.000706 -0.726596 0.047462 0.123148 -0.543459 0.065009 0.131205 -0.591181 0.015161 0.084272 -0.573065 0.032732 0.086436 -0.620503 0.06906 0.086962 -0.66393 0.107866 0.112358 -0.640582 0.132804 0.113482 -0.60748 0.121009 0.105155 -0.569881 0.097661 0.082621 -0.525007 0.13367 0.031754 -0.582723 0.072428 0.080663 -0.506197 0.039853 0.105288 -0.519024 0.013812 0.074432 -0.535675 0.015769 0.009585 -0.580253 0.046189 0.013605 -0.640038 0.013923 0.020047 -0.552081 0.082732 0.022788 -0.677572 0.107974 0.025427 -0.527294 0.084415 0.023373 -0.511236 0.132804 0.113482 -0.60748 0.13367 0.031754 -0.582723 0.160011 0.241737 -0.76185 0.045358 1.21186 1.14422 0.036913 1.1775 1.16861 0.064194 1.18679 1.1793 0.076311 1.23139 1.16442 0.061513 1.24403 1.09613 0.041077 1.27703 1.02593 0.095277 1.26887 1.10877 0.039862 1.29526 0.941671 0.029297 1.16642 1.19663 0.029742 1.12844 1.25411 0.059416 1.10719 1.25434 0.049026 1.0942 1.32112 0.032269 1.1221 1.32906 0.101388 1.06647 1.30966 0.089759 1.08072 1.23832 0.054725 1.15324 1.17777 0.067327 1.13397 1.16829 0.033688 1.11383 1.39262 0.040864 1.0967 1.44652 0.107444 1.10484 1.18118 0.110073 1.12105 1.13509 0.083618 1.1419 1.13924 0.110395 1.13663 1.12162 0.115843 1.02792 1.23536 0.120737 1.01282 1.29856 0.115928 0.978176 1.27328 0.128967 1.04662 1.16216 0.113723 1.00927 1.19666 0.117299 1.01553 1.18121 0.055896 1.08411 1.38564 0.048584 1.06479 1.44713 0.101232 1.03379 1.44092 0.109286 1.05176 1.37097 0.115647 0.9845 1.42696 0.122272 0.99672 1.35686 0.111627 0.955702 1.38987 0.10976 0.946723 1.41229 0.113865 0.974108 1.28871 0.031908 1.04373 1.47685 0.070249 1.02263 1.48027 0.078019 0.974344 1.4796 0.099702 0.943478 1.4265 0.031449 1.00864 1.4964 0.034146 0.971823 1.49553 0.064088 0.932805 1.46438 0.070215 0.935094 1.44229 0.083475 0.938231 1.43093 0.045078 0.937666 1.4356 0.076726 0.953411 1.40304 0.044204 0.934222 1.46802 0.027804 0.935179 1.45357 0.095187 0.986982 1.24282 0.100962 0.981733 1.25962 0.084312 0.995023 1.23113 0.094537 0.995605 1.22014 0.10067 1.002 1.20266 0.0792 1.0189 1.18414 0.084014 0.997654 1.23184 0.090467 0.982425 1.27992 0.090083 1.02931 1.16223 0.10469 1.01719 1.1634 0.093203 1.03251 1.1408 0.110526 1.0358 1.08185 0.110163 1.02759 1.12388 0.129954 1.02807 1.07721 0.127149 1.03179 0.987938 0.136981 1.03235 1.08124 0.120822 1.02854 1.14245 0.160642 1.01472 1.04104 0.181256 1.03193 1.0473 0.170677 1.05992 1.08725 0.141868 1.05443 1.11172 0.209083 1.07143 1.03798 0.194908 1.02803 1.01555 0.215842 1.06165 0.991641 0.19903 1.01991 0.966753 0.202734 1.0392 0.901389 0.214758 1.10663 0.971353 0.209484 1.10202 0.889065 0.192005 1.01446 0.845243 0.172494 0.984972 0.912638 0.161592 0.942026 0.88498 0.142202 0.939407 0.933771 0.15807 0.924961 0.901182 0.131817 0.899862 0.930659 0.12491 0.913698 0.94954 0.112367 0.936291 1.0088 0.137524 0.960057 1.00285 0.122458 0.978763 1.0724 0.09678 0.952586 1.123 0.071512 0.921661 1.01006 0.059906 0.935529 1.11901 0.085223 0.921179 1.20693 0.051409 0.907941 1.20278 0.079084 0.886714 1.28903 0.043452 0.868809 1.28551 0.079167 0.874458 1.34325 0.035617 0.860606 1.34036 0.077395 0.904028 0.946254 0.119567 0.915821 0.940349 0.102366 0.980491 1.13283 0.128802 1.01145 1.07565 0.110418 0.99905 1.14106 0.123682 1.03211 1.0791 0.099115 1.02317 1.14611 0.082236 1.01251 1.14682 0.102668 1.01871 1.07667 0.10179 0.985084 1.19361 0.113783 1.01673 0.995487 0.140084 1.03292 0.990226 0.035625 0.872453 1.37614 0.034444 0.894055 1.40367 0.068493 0.89612 1.38935 0.0964 0.912427 1.36 0.045542 0.899271 1.41727 0.049922 0.92736 1.43192 0.047305 0.946113 1.42234 0.086324 0.908733 1.39625 0.112319 0.94016 1.36267 0.096474 0.932925 1.40809 0.085416 0.95172 1.40468 0.108046 0.953 1.35716 0.102671 0.955446 1.36754 0.073741 0.949548 1.38872 0.113003 0.944252 1.32828 0.108092 0.956149 1.33483 0.06867 0.949087 1.41297 0.040547 0.946589 1.40896 0.088595 0.950441 1.34415 0.049174 0.942867 1.39225 0.093711 0.970058 1.28066 0.102753 0.962428 1.32404 0.087296 0.975097 1.28491 0.099173 0.986274 1.24916 0.076571 0.96313 1.2793 0.080488 0.982349 1.22993 0.110626 0.983871 1.23791 0.098452 0.95905 1.27577 0.094669 0.921843 1.31165 0.093316 0.933272 1.26458 0.110802 0.974167 1.22638 0.110517 0.990875 1.22142 0.094685 0.948376 1.21561 0.101107 0.965401 1.17844 0.099177 1.00155 1.20068 0.100579 0.99808 1.21367 0.083438 0.996262 1.19973 0.25594 1.17111 0.709739 0.274346 1.15249 0.708297 0.316841 1.14539 0.630969 0.264811 1.08051 0.715463 0.337188 1.12699 0.621425 0.186278 1.1748 0.840254 0.191695 1.10492 0.822595 0.255664 1.07087 0.7155 0.192666 1.1661 0.88727 0.179744 1.22886 0.861924 0.257824 1.25453 0.720407 0.240876 1.26902 0.720103 0.253579 1.28295 0.720811 0.252609 1.20123 0.717172 0.186476 1.22357 0.897883 0.309932 1.21744 0.640637 0.316963 1.27733 0.630667 0.194766 1.16595 0.968757 0.187575 1.21391 0.980688 0.166764 1.20048 1.03626 0.169677 1.1605 1.03125 0.151292 1.16666 1.06148 0.148828 1.18458 1.05957 0.149781 1.23149 1.06062 0.154173 1.25366 1.01064 0.19838 1.11557 1.04198 0.169605 1.09273 1.09265 0.167167 1.13876 1.05971 0.148536 1.14942 1.06994 0.151751 1.26359 0.912114 0.127622 1.23463 1.10874 0.109646 1.2782 1.02935 0.12917 1.20705 1.08688 0.14057 1.20025 1.06938 0.13259 1.08795 1.13538 0.153762 1.12422 1.09249 0.136848 1.13759 1.09061 0.110159 1.21361 1.13874 0.114381 1.20189 1.1071 0.102231 1.18957 1.12276 0.088797 1.1759 1.16031 0.092353 1.16809 1.13292 0.118806 1.02267 1.15795 0.10469 1.01719 1.1634 0.074761 1.28666 0.930336 0.122925 1.29119 0.931789 0.07868 1.29468 0.898253 0.122888 1.3042 0.897155 0.138774 1.35186 0.819333 0.071651 1.27109 1.02796 0.073993 1.28586 0.898898 0.152856 1.27733 0.885864 0.151125 1.26452 0.877586 0.232365 1.337 0.737531 0.177468 1.31394 0.794595 0.167189 1.33513 0.811882 0.227322 1.38617 0.67999 0.210448 1.42223 0.702521 0.168926 1.4527 0.716362 0.127144 1.42755 0.702216 0.105443 1.34656 0.807051 0.289345 1.4867 0.617495 0.253313 1.5345 0.636902 0.14632 1.52379 0.645971 0.207115 1.552 0.647269 0.171139 1.56859 0.611709 0.245702 1.61823 0.581728 0.275133 1.60914 0.577234 0.288013 1.66695 0.522323 0.215743 1.61763 0.569673 0.292667 1.60082 0.562849 0.298946 1.53132 0.600236 0.081207 1.28615 0.869578 0.050799 1.30746 0.900808 0.026982 1.30212 0.895818 0.210551 1.34505 0.7397 0.143658 1.25653 0.855477 0.264639 1.37995 0.640693 0.28191 1.37124 0.643516 0.204844 0.887835 0.806245 0.210792 0.896708 0.80687 0.233606 0.965955 0.791047 0.22366 0.978425 0.784565 0.267698 0.91575 0.717132 0.23976 0.989497 0.783361 0.252295 1.04985 0.765404 0.238852 1.0665 0.754774 0.305883 0.991131 0.687706 0.300548 1.00534 0.679717 0.110526 1.0358 1.08185 0.093203 1.03251 1.1408 0.127149 1.03179 0.987938 0.090083 1.02931 1.16223 0.0792 1.0189 1.18414 0.084014 0.997654 1.23184 0.090467 0.982425 1.27992 0.091072 0.977468 1.29933 0.084283 0.964053 1.36747 0.076726 0.953411 1.40304 0.045078 0.937666 1.4356 0.088862 0.991492 0.971946 0.055215 1.00789 0.940201 0.113783 1.01673 0.995487 0.081858 0.994269 1.07111 0.102668 1.01871 1.07667 0.064914 0.989335 1.14868 0.082236 1.01251 1.14682 0.083438 0.996262 1.19973 0.060663 0.961389 1.22912 0.080488 0.982349 1.22993 0.076571 0.96313 1.2793 0.046324 0.936647 1.27464 0.088595 0.950441 1.34415 0.046678 0.927545 1.35302 0.049174 0.942867 1.39225 0.026724 0.923247 1.29591 0.028081 1.08898 1.46881 0.031703 1.06335 1.4767 0.031908 1.04373 1.47685 0.040864 1.0967 1.44652 0.048584 1.06479 1.44713 0.206721 0.860333 0.816843 0.200844 0.874589 0.809558 0.180037 0.824875 0.856391 0.167107 0.820973 0.86311 0.126058 0.894753 0.926371 0.125653 1.18836 1.10333 0.123781 1.16578 1.11196 0.140958 1.18246 1.08105 0.111644 1.17931 1.11929 0.10546 1.16692 1.12631 0.141501 1.161 1.08489 0.131816 1.14895 1.09956 0.116458 1.14838 1.11784 0.100678 1.15149 1.13006 0.110395 1.13663 1.12162 0.136848 1.13759 1.09061 0.148536 1.14942 1.06994 0.151292 1.16666 1.06148 0.148828 1.18458 1.05957 0.14057 1.20025 1.06938 0.12917 1.20705 1.08688 0.114381 1.20189 1.1071 0.102231 1.18957 1.12276 0.092353 1.16809 1.13292 0.083618 1.1419 1.13924 0.080488 0.982349 1.22993 0.099173 0.986274 1.24916 0.10146 1.00362 1.23446 0.110803 1.00134 1.24769 0.116529 1.00013 1.23995 0.110626 0.983871 1.23791 0.110517 0.990875 1.22142 0.116475 1.00364 1.22861 0.100579 0.99808 1.21367 0.111505 1.00724 1.22328 0.10146 1.00362 1.23446 0.080488 0.982349 1.22993 0.122432 1.02347 1.24189 0.146244 1.02364 0.993741 0.157137 1.01603 1.03373 0.050799 1.30746 0.900808 0.065111 1.34582 0.84197 0.026982 1.30212 0.895818 0.073993 1.28586 0.898898 0.09331 1.32099 0.820517 0.157551 0.987942 1.0287 0.174846 1.00586 1.01565 0.183683 0.992596 0.9702 0.088595 0.950441 1.34415 0.098558 0.971093 1.34676 0.102753 0.962428 1.32404 0.10982 0.975047 1.33325 0.125374 0.997838 1.35219 0.118095 0.967768 1.34049 0.108092 0.956149 1.33483 0.108046 0.953 1.35716 0.118072 0.966194 1.3555 0.102671 0.955446 1.36754 0.109779 0.971557 1.36247 0.098558 0.971093 1.34676 0.088595 0.950441 1.34415 0.115096 0.988585 1.13808 0.110163 1.02759 1.12388 0.120822 1.02854 1.14245 0.118806 1.02267 1.15795 0.093203 1.03251 1.1408 0.10469 1.01719 1.1634 0.093203 1.03251 1.1408 0.084283 0.964053 1.36747 0.091072 0.977468 1.29933 0.093392 0.963852 1.32269 0.096994 0.955832 1.36585 0.104414 0.950213 1.38871 0.101834 0.959872 1.36663 0.103911 0.96801 1.32658 0.100816 0.96924 1.29937 0.143658 1.25653 0.855477 0.241443 1.18767 0.718416 0.241443 1.18767 0.718416 0.240876 1.26902 0.720103 0.293208 1.19655 0.633524 0.174705 1.17219 0.808192 0.143658 1.25653 0.855477 0.210551 1.34505 0.7397 0.22366 0.978425 0.784565 0.300548 1.00534 0.679717 0.282303 0.937111 0.697605 0.238852 1.0665 0.754774 0.178951 1.09929 0.799565 0.167891 1.0113 0.832369 0.14094 0.945357 0.879246 0.204844 0.887835 0.806245 0.267698 0.91575 0.717132 0.248221 0.83851 0.749804 0.200844 0.874589 0.809558 0.214499 0.759486 0.809808 0.167107 0.820973 0.86311 0.14094 0.945357 0.879246 0.126058 0.894753 0.926371 0.119567 0.915821 0.940349 0.288013 1.66695 0.522323 0.292667 1.60082 0.562849 0.215743 1.61763 0.569673 0.298946 1.53132 0.600236 0.171139 1.56859 0.611709 0.289345 1.4867 0.617495 0.14632 1.52379 0.645971 0.227322 1.38617 0.67999 0.127144 1.42755 0.702216 0.177468 1.31394 0.794595 0.105443 1.34656 0.807051 0.143658 1.25653 0.855477 0.081207 1.28615 0.869578 0.0792 1.0189 1.18414 0.10469 1.01719 1.1634 0.106902 0.978055 1.17436 0.117299 1.01553 1.18121 0.113723 1.00927 1.19666 0.10067 1.002 1.20266 0.0792 1.0189 1.18414 0.090467 0.982425 1.27992 0.100962 0.981733 1.25962 0.099034 0.961961 1.27534 0.107341 0.96158 1.26417 0.115928 0.978176 1.27328 0.113052 0.959622 1.27169 0.111916 0.957383 1.28019 0.113865 0.974108 1.28871 0.104732 0.954703 1.28605 0.100816 0.96924 1.29937 0.103806 0.938349 1.27072 0.099034 0.961961 1.27534 0.090467 0.982425 1.27992 0.087862 0.92287 1.42126 0.088291 0.93045 1.40702 0.094593 0.901495 1.40397 0.083475 0.938231 1.43093 0.076726 0.953411 1.40304 0.037704 0.913512 1.44555 0.045338 0.918317 1.43657 0.050007 0.891844 1.43754 0.045078 0.937666 1.4356 0.057683 0.913813 1.45096 0.048728 0.914029 1.45278 0.064088 0.932805 1.46438 0.070215 0.935094 1.44229 0.061957 0.913469 1.43992 0.044204 0.934222 1.46802 0.027804 0.935179 1.45357 0.045078 0.937666 1.4356 0.045338 0.918317 1.43657 0.107691 0.927116 1.41041 0.102662 0.925494 1.41868 0.102988 0.928861 1.39434 0.10976 0.946723 1.41229 0.104414 0.950213 1.38871 0.099702 0.943478 1.4265 0.088291 0.93045 1.40702 0.076726 0.953411 1.40304 0.049174 0.942867 1.39225 0.040547 0.946589 1.40896 0.057384 0.984868 1.40622 0.06867 0.949087 1.41297 0.073741 0.949548 1.38872 0.049174 0.942867 1.39225 0.045078 0.937666 1.4356 0.032457 1.00454 1.14984 0.064914 0.989335 1.14868 0.045828 1.01454 1.06827 0.030331 0.974017 1.22925 0.060663 0.961389 1.22912 0.046324 0.936647 1.27464 0.026724 0.923247 1.29591 -0.195401 1.26333 0.349908 -0.20303 1.26455 0.355355 -0.185645 1.24214 0.36728 -0.192901 1.24128 0.37365 -0.240664 1.36058 0.30158 -0.220592 1.33197 0.278419 -0.262759 1.42631 0.178725 -0.295117 1.46651 0.224219 -0.310239 1.52831 0.079341 -0.348563 1.54951 0.1152 -0.401855 1.61665 -0.020213 -0.267821 1.37368 0.138064 -0.22525 1.29516 0.258451 -0.189592 1.25654 0.338803 -0.192861 1.24666 0.328778 -0.327778 1.48857 0.050696 -0.186374 1.23086 0.336112 -0.1993 1.24084 0.325241 -0.192083 1.22322 0.334517 -0.365127 1.51009 0.086429 -0.300186 1.41388 0.183559 -0.245319 1.32376 0.281612 -0.212737 1.24886 0.341793 -0.206837 1.24202 0.330583 -0.209535 1.25864 0.351734 -0.200196 1.23552 0.37165 -0.200286 1.22107 0.339981 -0.182175 1.25656 0.425718 -0.185784 1.2472 0.382886 -0.19136 1.28382 0.391547 -0.197159 1.27806 0.372415 -0.237154 1.35724 0.320642 -0.227559 1.38644 0.357588 -0.273338 1.51105 0.305597 -0.287354 1.45937 0.259604 -0.338185 1.63777 0.252001 -0.364083 1.60537 0.206922 -0.312087 1.54522 0.358406 -0.373002 1.65001 0.304922 -0.476546 1.7937 0.164731 -0.246408 1.40619 0.398207 -0.194909 1.28611 0.409956 -0.201707 1.28499 0.416719 -0.190978 1.25585 0.433783 -0.204524 1.27485 0.369411 -0.192793 1.24284 0.379311 -0.398899 1.61761 0.259842 -0.324292 1.49414 0.312178 -0.255309 1.37722 0.361172 -0.21487 1.27602 0.394583 -0.211421 1.27332 0.374257 -0.2092 1.28137 0.411802 -0.198754 1.25263 0.428617 -0.201707 1.28499 0.416719 -0.190978 1.25585 0.433783 -0.204524 1.27485 0.369411 -0.199419 1.24085 0.385462 -0.184414 1.28942 0.460022 -0.182782 1.26093 0.443152 -0.190982 1.28677 0.442411 -0.242488 1.40442 0.421798 -0.225784 1.42372 0.464196 -0.268858 1.55008 0.452235 -0.297464 1.52879 0.402743 -0.332136 1.67866 0.435459 -0.367293 1.66363 0.394635 -0.294953 1.55321 0.508791 -0.359398 1.67297 0.484345 -0.4561 1.82325 0.423322 -0.242067 1.43207 0.510854 -0.186985 1.28906 0.479426 -0.193649 1.28695 0.484453 -0.177598 1.26171 0.480683 -0.184408 1.25843 0.487758 -0.198618 1.28411 0.438618 -0.190493 1.256 0.440007 -0.394554 1.65794 0.44352 -0.323559 1.53192 0.459299 -0.258774 1.41277 0.468456 -0.201204 1.28434 0.481263 -0.207854 1.28164 0.463049 -0.205232 1.28204 0.444252 -0.196188 1.25367 0.44413 -0.192444 1.25511 0.482798 -0.34875 0.195303 0.329506 -0.288756 0.13492 0.308984 -0.339869 0.470562 0.434645 -0.371925 0.484475 0.380245 -0.286165 0.470036 0.461597 -0.281545 0.458065 0.319888 -0.321163 0.507593 0.325424 -0.27983 0.509824 0.312346 -0.315431 0.55401 0.326065 -0.179652 0.746026 0.427613 -0.20431 0.485584 0.381592 -0.24355 0.511778 0.329655 -0.2649 0.955126 0.633946 -0.287523 1.03859 0.563521 -0.236898 1.00692 0.623622 -0.204663 0.948071 0.639524 -0.213173 0.874898 0.640353 -0.169409 0.87099 0.616455 -0.230878 0.554219 0.465255 -0.198445 0.563894 0.389039 -0.239854 0.470708 0.441286 -0.220858 0.453012 0.383925 -0.20431 0.485584 0.381592 -0.237072 0.137534 0.320591 -0.28109 0.576103 0.282463 -0.202583 0.184252 0.385432 -0.185387 0.134025 0.380914 -0.2045 0.205886 0.333216 -0.179652 0.746026 0.427613 -0.170505 0.737471 0.425732 -0.161409 0.750425 0.520159 -0.167441 0.753908 0.520657 -0.169174 0.833806 0.279896 -0.209759 0.9628 0.275292 -0.171412 0.776719 0.326034 -0.142977 0.711554 0.417413 -0.127276 0.723798 0.523553 -0.162017 0.81145 0.586882 -0.149816 0.842832 0.157117 -0.096271 0.756446 0.151542 -0.067681 0.791542 0.019479 -0.118395 0.861916 0.00768 -0.115905 0.854513 -0.087829 -0.068092 0.787004 -0.094383 0 0.759731 0.026603 0 0.752645 -0.112275 -0.18457 0.959829 0.151095 -0.142824 0.958358 -0.008828 -0.147481 0.946132 -0.088645 -0.121878 1.04313 -0.09477 -0.12221 1.05802 -0.020445 -0.066902 1.11194 -0.102904 -0.06254 1.12789 -0.041097 0 1.14231 -0.107363 0 1.16099 -0.057447 -0.088893 1.1843 0.040298 0 1.22964 0.02026 -0.100302 1.2212 0.133587 -0.156878 1.10993 0.146413 0 1.28554 0.126754 -0.087854 1.25218 0.248954 0 1.30893 0.237696 -0.155656 1.1805 0.268667 -0.185941 1.13931 0.279997 -0.22962 1.03276 0.327338 -0.243461 1.1042 0.367449 -0.252236 0.997698 0.397894 -0.284053 1.02609 0.479847 -0.262137 1.12895 0.474677 -0.287523 1.03859 0.563521 -0.261052 1.12719 0.558102 -0.223354 1.22647 0.475491 -0.202482 1.22543 0.56562 -0.209931 1.10979 0.637591 -0.168632 1.19361 0.654156 -0.236898 1.00692 0.623622 -0.198278 1.00258 0.693654 -0.204663 0.948071 0.639524 0 0.862206 0.819728 -0.077395 0.904028 0.946254 0 0.897057 0.948798 -0.117604 0.920895 0.884913 -0.14094 0.945357 0.879246 -0.167891 1.0113 0.832369 -0.171643 1.01373 0.744059 -0.178951 1.09929 0.799565 -0.168714 1.10365 0.747903 -0.15532 1.17161 0.760551 -0.174705 1.17219 0.808192 -0.087772 1.25934 0.795885 -0.143658 1.25653 0.855477 -0.081207 1.28615 0.869578 0 1.28915 0.806585 -0.119567 0.915821 0.940349 0 1.28354 0.744556 -0.073198 1.25568 0.73245 0 1.30319 0.677397 -0.085513 1.27827 0.664243 0 1.3552 0.587717 -0.10892 1.31924 0.580336 -0.170396 1.25052 0.573729 -0.177598 1.26171 0.480683 -0.118118 1.35143 0.441514 0 1.39635 0.437915 -0.111314 1.33297 0.334975 0 1.37553 0.332292 0 1.34079 0.276029 -0.098438 1.29469 0.285436 -0.171118 1.24775 0.347248 -0.165892 1.22075 0.304135 -0.184408 1.25843 0.487758 -0.192444 1.25511 0.482798 -0.186374 1.23086 0.336112 -0.196188 1.25367 0.44413 -0.191532 1.20639 0.315509 -0.217764 1.19732 0.353965 -0.200286 1.22107 0.339981 -0.192083 1.22322 0.334517 -0.22002 1.21818 0.407549 -0.198754 1.25263 0.428617 -0.190978 1.25585 0.433783 -0.190493 1.256 0.440007 -0.199419 1.24085 0.385462 -0.182782 1.26093 0.443152 -0.182175 1.25656 0.425718 -0.185784 1.2472 0.382886 -0.185645 1.24214 0.36728 -0.192901 1.24128 0.37365 -0.192793 1.24284 0.379311 -0.200196 1.23552 0.37165 -0.117137 1.0597 -0.235197 -0.081188 1.1318 -0.228507 -0.157368 1.07117 -0.339473 -0.096674 1.15036 -0.321679 0 1.16886 -0.228241 0 1.18224 -0.321562 0 1.14364 -0.164614 -0.074147 1.11003 -0.165029 0 1.17183 -0.4064 -0.095408 1.14247 -0.401261 -0.153976 1.06686 -0.406589 -0.152268 1.05842 -0.456525 -0.161121 1.03467 -0.511104 -0.165648 1.04331 -0.478843 -0.170443 1.05809 -0.43185 -0.14262 1.02253 -0.546868 -0.165682 1.03043 -0.513478 0.037224 1.03741 -0.574009 0.094141 1.11464 -0.46783 0.095408 1.14247 -0.401261 0.153976 1.06686 -0.406589 0.152268 1.05842 -0.456525 0.161121 1.03467 -0.511104 0.165648 1.04331 -0.478843 0.170443 1.05809 -0.43185 0.14262 1.02253 -0.546868 0.165682 1.03043 -0.513478 -0.045609 0.714511 0.138675 0 0.705635 0.132468 -0.056331 0.675103 0.283694 0 0.662482 0.284977 -0.067522 0.6622 0.41672 0 0.649085 0.418842 -0.034328 0.685518 0.533114 0 0.673346 0.53982 -0.12255 0.725508 0.284179 -0.05706 0.691256 0.52848 -0.031876 0.706683 0.577207 0 0.697771 0.598355 0.004123 0.722504 0.577514 -0.024986 0.697423 0.558449 0 0.709046 0.583247 -0.032112 0.714391 0.563411 -0.075279 0.759498 -0.358742 -0.068502 0.803589 -0.235521 0 0.774557 -0.230387 -0.121308 0.866071 -0.234759 -0.123219 0.866058 -0.26294 -0.138298 0.962626 -0.228575 -0.168172 0.990509 -0.262109 -0.190861 1.03423 -0.346127 -0.177628 1.05498 -0.377506 -0.171942 1.06166 -0.406809 -0.177105 1.05959 -0.400411 -0.181749 1.0554 -0.406034 -0.168382 1.05616 -0.447567 -0.173997 1.05434 -0.436997 -0.17521 1.05317 -0.441866 -0.180002 1.04874 -0.444533 -0.181568 1.0521 -0.431046 -0.16705 1.04887 -0.465304 -0.171589 1.0423 -0.471157 -0.172723 1.04389 -0.466872 -0.176442 1.0374 -0.474835 -0.1783 1.04266 -0.461598 -0.050994 1.09731 -1.99387 0 1.13713 -1.99461 0 1.13123 -1.91907 -0.040684 1.09199 -1.92251 -0.060304 1.05009 -1.92914 -0.066913 1.04859 -1.9963 -0.046368 1.0138 -1.99637 -0.021549 1.0114 -1.93242 0 1.02805 -2.13366 0 1.00972 -2.04134 -0.02733 0.987799 -2.00983 -0.019861 0.987466 -2.07055 0 0.995366 -2.08856 0 0.959748 -2.12848 0 0.967984 -2.02982 0 0.988236 -1.94137 0 0.969766 -2.07169 0 1.00006 -1.87854 -0.011241 1.0115 -1.87387 0 1.01438 -1.81002 -0.044012 1.04799 -1.86987 -0.029062 1.0509 -1.81002 -0.035125 1.07477 -1.86525 0 1.09421 -1.81002 0 1.08395 -1.62825 -0.027166 1.05274 -1.62825 0 1.02031 -1.62825 -0.02527 1.05473 -1.39514 0 1.08209 -1.39514 0 1.07904 -1.1987 0 1.02595 -1.39514 0 1.02895 -1.1987 -0.023549 1.05463 -1.1987 0 1.02859 -0.981764 -0.025031 1.05461 -0.980688 0 1.02106 -0.780326 -0.031127 1.04631 -0.778393 0 1.07333 -0.776982 0 1.07935 -0.980345 0 1.07429 -0.560235 -0.037224 1.03741 -0.574009 0 1.00655 -0.584323 0.023549 1.05463 -1.1987 0.025031 1.05461 -0.980688 0.031127 1.04631 -0.778393 0.02527 1.05473 -1.39514 0.037224 1.03741 -0.574009 0.027166 1.05274 -1.62825 0.029062 1.0509 -1.81002 0.035125 1.07477 -1.86525 0 1.11377 -1.86346 0.044012 1.04799 -1.86987 0.011241 1.0115 -1.87387 0.021549 1.0114 -1.93242 0.060304 1.05009 -1.92914 0.046368 1.0138 -1.99637 0.066913 1.04859 -1.9963 0.050994 1.09731 -1.99387 0.040684 1.09199 -1.92251 0.041731 1.06286 -2.1052 0.019861 0.987466 -2.07055 0.02733 0.987799 -2.00983 -0.262776 0.946955 -0.490462 -0.269004 0.932472 -0.373743 -0.302261 0.804025 -0.387449 -0.312483 0.710255 -0.485775 -0.311469 0.687422 -0.403014 -0.226771 0.898011 -0.283687 -0.168172 0.990509 -0.262109 -0.190861 1.03423 -0.346127 -0.248559 0.781118 -0.307583 -0.25458 0.6687 -0.33785 -0.180548 0.76524 -0.265306 -0.189775 0.653297 -0.30865 -0.191416 0.570021 -0.354561 -0.133329 0.665292 -0.333209 -0.257451 0.58111 -0.379376 -0.31711 0.588914 -0.437282 -0.191889 0.535984 -0.402731 -0.262383 0.48304 -0.781977 -0.215282 0.493212 -0.806668 -0.175743 0.475928 -0.77943 -0.081225 0.76229 -0.365122 -0.126312 0.766146 -0.284456 -0.170087 0.873824 -0.242818 -0.123219 0.866058 -0.26294 -0.138298 0.962626 -0.228575 -0.087891 0.809414 -0.545143 -0.072271 0.742323 -0.468732 -0.097753 0.906388 -0.579664 -0.162478 0.918358 -0.601011 -0.111978 0.991871 -0.574193 -0.170062 1.00354 -0.554267 -0.21786 0.932458 -0.568469 -0.190316 1.03225 -0.470341 -0.19484 1.04193 -0.413374 -0.162334 0.50418 -0.680087 -0.175357 0.543956 -0.715309 -0.156281 0.491138 -0.713502 -0.170185 0.520686 -0.768971 -0.214064 0.563335 -0.734474 -0.266249 0.524417 -0.770409 -0.214732 0.535642 -0.799428 -0.268006 0.514326 -0.684094 -0.222516 0.951864 0.35398 -0.287587 0.951844 0.387035 -0.252236 0.997698 0.397894 -0.284053 1.02609 0.479847 -0.173102 0.160882 0.36067 -0.17772 0.174455 0.313285 -0.191889 0.183845 0.366643 -0.2045 0.205886 0.333216 -0.185387 0.134025 0.380914 -0.218648 0.158591 0.296098 -0.240322 0.192456 0.311595 -0.199271 0.125658 0.298266 -0.163208 0.138509 0.313865 -0.162842 0.128518 0.359853 -0.178873 0.119692 0.376027 -0.209989 0.113614 0.355773 -0.208919 0.113146 0.349608 -0.221641 0.117506 0.319429 -0.208482 0.10574 0.323303 -0.202006 0.100233 0.347937 -0.165224 0.121687 0.321204 -0.168031 0.117762 0.351147 -0.184318 0.108267 0.362688 -0.202006 0.100233 0.347937 -0.192177 0.11372 0.312296 -0.168031 0.117762 0.351147 -0.178185 0.071845 0.348167 -0.165224 0.121687 0.321204 -0.184318 0.108267 0.362688 -0.202006 0.100233 0.347937 -0.192177 0.11372 0.312296 -0.208482 0.10574 0.323303 -0.208482 0.10574 0.323303 -0.254333 0.168917 -0.66088 -0.299681 0.162644 -0.763809 -0.277583 0.110481 -0.810468 -0.263583 0.163964 -0.806677 -0.227691 0.111201 -0.821671 -0.200635 0.168917 -0.66088 -0.155287 0.162644 -0.763809 -0.155287 0.162644 -0.763809 -0.160118 0.450378 -0.72694 -0.1783 1.04266 -0.461598 -0.176442 1.0374 -0.474835 -0.180002 1.04874 -0.444533 -0.181568 1.0521 -0.431046 -0.181749 1.0554 -0.406034 -0.177628 1.05498 -0.377506 -0.173269 1.02994 -0.506912 -0.165682 1.03043 -0.513478 -0.14262 1.02253 -0.546868 -0.214472 1.26034 -0.495698 -0.242139 1.34295 -0.535463 -0.240742 1.27784 -0.459161 -0.268641 1.35372 -0.511108 -0.214325 1.18763 -0.425406 -0.196553 1.17436 -0.456327 -0.296869 1.43777 -0.576225 -0.22725 1.23128 -0.532371 -0.204047 1.15362 -0.487337 -0.1769 1.07821 -0.437685 -0.174316 1.08069 -0.425374 -0.258382 1.31953 -0.559967 -0.170443 1.05809 -0.43185 -0.17825 1.08124 -0.413165 -0.183357 1.08031 -0.408966 -0.177105 1.05959 -0.400411 -0.1819 1.07615 -0.441839 -0.173997 1.05434 -0.436997 -0.284885 1.3303 -0.535611 -0.253525 1.24878 -0.495833 -0.217549 1.16688 -0.456415 -0.187266 1.07514 -0.437721 -0.190941 1.07577 -0.425431 -0.188091 1.07832 -0.413199 -0.181749 1.0554 -0.406034 -0.181568 1.0521 -0.431046 -0.171942 1.06166 -0.406809 -0.168382 1.05616 -0.447567 -0.16705 1.04887 -0.465304 -0.170121 1.07027 -0.471083 -0.175093 1.07348 -0.460501 -0.180981 1.07338 -0.456792 -0.201398 1.14477 -0.500785 -0.17521 1.05317 -0.441866 -0.18267 1.13109 -0.523352 -0.172222 1.06482 -0.482044 -0.190858 1.10943 -0.546013 -0.214336 1.18452 -0.627729 -0.202397 1.21748 -0.601874 -0.220182 1.2681 -0.654881 -0.234614 1.24015 -0.675669 -0.231086 1.23843 -0.57616 -0.248008 1.28354 -0.634239 -0.267353 1.33916 -0.725509 -0.172723 1.04389 -0.466872 -0.177401 1.0618 -0.485437 -0.262471 1.25558 -0.655028 -0.249115 1.20546 -0.602015 -0.209589 1.12312 -0.523446 -0.183423 1.06151 -0.482083 -0.188261 1.06491 -0.471146 -0.185936 1.07027 -0.460539 -0.180002 1.04874 -0.444533 -0.1783 1.04266 -0.461598 -0.173378 1.12207 -0.649376 -0.191165 1.16138 -0.716366 -0.202236 1.14798 -0.636037 -0.213183 1.17435 -0.706978 -0.186771 1.09549 -0.548239 -0.167735 1.07621 -0.564077 -0.221575 1.19476 -0.777825 -0.173179 1.04969 -0.580001 -0.162275 1.03649 -0.513697 -0.162179 1.04968 -0.504437 -0.18323 1.0847 -0.66285 -0.200808 1.13606 -0.725899 -0.168304 1.05712 -0.496665 -0.167055 1.03232 -0.516036 -0.165682 1.03043 -0.513478 -0.161121 1.03467 -0.511104 -0.165648 1.04331 -0.478843 -0.171589 1.0423 -0.471157 -0.17446 1.05728 -0.495017 -0.211721 1.11072 -0.649509 -0.192231 1.06896 -0.564162 -0.222813 1.14904 -0.716511 -0.179533 1.0538 -0.496704 -0.180602 1.04422 -0.504501 -0.173341 1.03321 -0.513735 -0.176442 1.0374 -0.474835 -0.173269 1.02994 -0.506912 -0.16457 1.17899 0.707172 -0.19122 1.10491 0.698336 -0.332407 1.08163 0.609102 -0.395657 1.0714 0.531372 -0.178951 1.09929 0.799565 -0.295256 1.29068 0.619628 -0.378859 1.28731 0.504964 -0.300311 1.32725 0.633656 -0.36083 1.39609 0.523576 -0.264639 1.37995 0.640693 -0.28191 1.37124 0.643516 -0.303359 0.800465 0.664423 -0.300548 1.00534 0.679717 -0.332168 0.915792 0.619556 -0.255885 0.728561 0.760857 -0.2369 0.793011 0.771357 -0.042928 1.39656 0.766863 -0.105389 1.54848 0.654741 -0.086574 1.42979 0.763359 -0.117051 1.39029 0.749194 -0.029497 1.33012 0.823244 -0.081207 1.28615 0.869578 0 1.3574 0.839309 -0.042928 1.39656 0.766863 0 1.42961 0.790035 0 1.52312 0.720441 -0.174705 1.17219 0.808192 -0.14094 0.945357 0.879246 -0.32557 1.07033 0.605848 -0.395657 1.0714 0.531372 -0.174705 1.17219 0.808192 -0.378859 1.28731 0.504964 -0.295256 1.29068 0.619628 -0.293208 1.19655 0.633524 -0.284998 1.31421 0.624036 -0.36083 1.39609 0.523576 -0.282303 0.937111 0.697605 -0.332168 0.915792 0.619556 -0.248221 0.83851 0.749804 -0.303359 0.800465 0.664423 -0.255885 0.728561 0.760857 -0.081207 1.28615 0.869578 -0.105389 1.54848 0.654741 -0.079989 1.38271 0.742937 -0.117051 1.39029 0.749194 -0.09331 1.32099 0.820517 -0.034821 1.32156 0.817945 -0.042928 1.39656 0.766863 0 1.3934 0.753376 0 1.3212 0.819555 0 1.52312 0.720441 -0.081207 1.28615 0.869578 0 1.29554 0.868648 -0.088862 0.991492 0.971946 -0.055215 1.00789 0.940201 0 1.00101 0.936271 0.192901 1.24128 0.37365 0.20303 1.26455 0.355355 0.185645 1.24214 0.36728 0.195401 1.26333 0.349908 0.240664 1.36058 0.30158 0.220592 1.33197 0.278419 0.262759 1.42631 0.178725 0.295117 1.46651 0.224219 0.310239 1.52831 0.079341 0.348563 1.54951 0.1152 0.401855 1.61665 -0.020213 0.267821 1.37368 0.138064 0.22525 1.29516 0.258451 0.189592 1.25654 0.338803 0.192861 1.24666 0.328778 0.327778 1.48857 0.050696 0.186374 1.23086 0.336112 0.1993 1.24084 0.325241 0.192083 1.22322 0.334517 0.365127 1.51009 0.086429 0.300186 1.41388 0.183559 0.245319 1.32376 0.281612 0.212737 1.24886 0.341793 0.206837 1.24202 0.330583 0.209535 1.25864 0.351734 0.200196 1.23552 0.37165 0.200286 1.22107 0.339981 0.182175 1.25656 0.425718 0.19136 1.28382 0.391547 0.185784 1.2472 0.382886 0.197159 1.27806 0.372415 0.237154 1.35724 0.320642 0.227559 1.38644 0.357588 0.273338 1.51105 0.305597 0.287354 1.45937 0.259604 0.338185 1.63777 0.252001 0.364083 1.60537 0.206922 0.312087 1.54522 0.358406 0.373002 1.65001 0.304922 0.476546 1.7937 0.164731 0.246408 1.40619 0.398207 0.194909 1.28611 0.409956 0.201707 1.28499 0.416719 0.190978 1.25585 0.433783 0.204524 1.27485 0.369411 0.192793 1.24284 0.379311 0.398899 1.61761 0.259842 0.324292 1.49414 0.312178 0.255309 1.37722 0.361172 0.21487 1.27602 0.394583 0.211421 1.27332 0.374257 0.2092 1.28137 0.411802 0.198754 1.25263 0.428617 0.201707 1.28499 0.416719 0.190978 1.25585 0.433783 0.204524 1.27485 0.369411 0.199419 1.24085 0.385462 0.184414 1.28942 0.460022 0.190982 1.28677 0.442411 0.182782 1.26093 0.443152 0.242488 1.40442 0.421798 0.225784 1.42372 0.464196 0.268858 1.55008 0.452235 0.297464 1.52879 0.402743 0.332136 1.67866 0.435459 0.367293 1.66363 0.394635 0.294953 1.55321 0.508791 0.359398 1.67297 0.484345 0.4561 1.82325 0.423322 0.242067 1.43207 0.510854 0.186985 1.28906 0.479426 0.193649 1.28695 0.484453 0.177598 1.26171 0.480683 0.184408 1.25843 0.487758 0.198618 1.28411 0.438618 0.190493 1.256 0.440007 0.394554 1.65794 0.44352 0.323559 1.53192 0.459299 0.258774 1.41277 0.468456 0.207854 1.28164 0.463049 0.205232 1.28204 0.444252 0.196188 1.25367 0.44413 0.201204 1.28434 0.481263 0.192444 1.25511 0.482798 0.288756 0.13492 0.308985 0.339868 0.470562 0.434645 0.371925 0.484475 0.380245 0.286165 0.470036 0.461597 0.321163 0.507593 0.325424 0.27983 0.509824 0.312347 0.315431 0.55401 0.326065 0.179652 0.746026 0.427613 0.20431 0.485584 0.381592 0.24355 0.511778 0.329655 0.2649 0.955126 0.633946 0.287523 1.03859 0.563521 0.204663 0.948071 0.639524 0.236898 1.00692 0.623622 0.222516 0.951864 0.35398 0.287587 0.951844 0.387035 0.252236 0.997698 0.397894 0.284053 1.02609 0.479847 0.198445 0.563893 0.389039 0.239854 0.470708 0.441286 0.20431 0.485584 0.381592 0.237072 0.137534 0.320591 0.280322 0.576103 0.282463 0.179652 0.746026 0.427613 0.170505 0.737471 0.425732 0.16744 0.753908 0.520657 0.169174 0.833806 0.279896 0.209759 0.9628 0.275292 0.171412 0.776719 0.326034 0.142977 0.711554 0.417413 0.127276 0.723798 0.523553 0.162017 0.81145 0.586882 0.149816 0.842832 0.157117 0.096271 0.756446 0.151542 0.067681 0.791542 0.019479 0.118395 0.861916 0.00768 0.115905 0.854513 -0.087829 0.068092 0.787004 -0.094383 0.18457 0.959829 0.151095 0.142824 0.958358 -0.008828 0.147481 0.946132 -0.088645 0.121878 1.04313 -0.09477 0.12221 1.05802 -0.020445 0.066902 1.11194 -0.102904 0.06254 1.12789 -0.041097 0.088893 1.1843 0.040298 0.100302 1.2212 0.133587 0.156878 1.10993 0.146413 0.087854 1.25218 0.248954 0.155656 1.1805 0.268667 0.185941 1.13931 0.279997 0.22962 1.03276 0.327338 0.243461 1.1042 0.367449 0.252236 0.997698 0.397894 0.284053 1.02609 0.479847 0.262137 1.12895 0.474677 0.287523 1.03859 0.563521 0.261052 1.12719 0.558102 0.223354 1.22647 0.475491 0.202482 1.22543 0.56562 0.209931 1.10979 0.637591 0.168632 1.19361 0.654156 0.236898 1.00692 0.623622 0.056569 0.725326 0.560018 0.077395 0.904028 0.946254 0.117604 0.920895 0.884913 0.14094 0.945357 0.879246 0.145257 0.946792 0.764518 0.167891 1.0113 0.832369 0.171643 1.01373 0.744059 0.178951 1.09929 0.799565 0.168714 1.10365 0.747903 0.15532 1.17161 0.760551 0.174705 1.17219 0.808192 0.087772 1.25934 0.795885 0.143658 1.25653 0.855477 0.081207 1.28615 0.869578 0.119567 0.915821 0.940349 0.073198 1.25568 0.73245 0.085513 1.27827 0.664243 0.10892 1.31924 0.580336 0.170396 1.25052 0.573729 0.177598 1.26171 0.480683 0.118118 1.35143 0.441514 0.111314 1.33297 0.334975 0.098438 1.29469 0.285436 0.171118 1.24775 0.347248 0.165892 1.22075 0.304135 0.184408 1.25843 0.487758 0.192444 1.25511 0.482798 0.186374 1.23086 0.336112 0.196188 1.25367 0.44413 0.191532 1.20639 0.315509 0.217764 1.19732 0.353965 0.200286 1.22107 0.339981 0.192083 1.22322 0.334517 0.22002 1.21818 0.407549 0.198754 1.25263 0.428617 0.190978 1.25585 0.433783 0.190493 1.256 0.440007 0.199419 1.24085 0.385462 0.182782 1.26093 0.443152 0.182175 1.25656 0.425718 0.185784 1.2472 0.382886 0.185645 1.24214 0.36728 0.192901 1.24128 0.37365 0.192793 1.24284 0.379311 0.200196 1.23552 0.37165 0.096674 1.15036 -0.321679 0.081188 1.1318 -0.228507 0.157368 1.07117 -0.339473 0.117137 1.0597 -0.235197 0.074147 1.11003 -0.165029 0.138298 0.962626 -0.228575 0.121308 0.866071 -0.234759 0.068502 0.803589 -0.235521 0.075279 0.759498 -0.358742 0.081225 0.76229 -0.365122 0.123219 0.866058 -0.26294 0.072271 0.742323 -0.468732 0.168172 0.990509 -0.262109 0.190861 1.03423 -0.346127 0.177105 1.05959 -0.400411 0.177628 1.05498 -0.377506 0.181749 1.0554 -0.406034 0.171942 1.06166 -0.406809 0.168382 1.05616 -0.447567 0.173997 1.05434 -0.436997 0.17521 1.05317 -0.441866 0.180002 1.04874 -0.444533 0.181568 1.0521 -0.431046 0.16705 1.04887 -0.465304 0.171589 1.0423 -0.471157 0.172723 1.04389 -0.466872 0.176442 1.0374 -0.474835 0.1783 1.04266 -0.461598 0.045609 0.714511 0.138675 0.056331 0.675103 0.283694 0.067522 0.6622 0.41672 0.12255 0.725508 0.284179 0.05706 0.691256 0.52848 0.034328 0.685518 0.533114 0.031876 0.706683 0.577207 0.024986 0.697423 0.558449 0.183669 0.81528 -0.603207 0.251516 0.824848 -0.579989 0.293112 0.828788 -0.504407 0.262775 0.946955 -0.490462 0.269004 0.932472 -0.373742 0.302261 0.804025 -0.387449 0.312483 0.710254 -0.485775 0.311469 0.687422 -0.403014 0.226771 0.898011 -0.283687 0.168172 0.990509 -0.262109 0.190861 1.03423 -0.346127 0.248558 0.781118 -0.307583 0.25458 0.6687 -0.33785 0.180548 0.76524 -0.265306 0.189775 0.653297 -0.30865 0.191416 0.57002 -0.354561 0.133329 0.665292 -0.333209 0.257451 0.581109 -0.379376 0.191889 0.535983 -0.402731 0.215831 0.450782 -0.804101 0.262383 0.48304 -0.781977 0.215282 0.493212 -0.806668 0.175743 0.475928 -0.77943 0.254057 0.193842 -0.673511 0.200635 0.168917 -0.66088 0.155287 0.162644 -0.763809 0.254333 0.168917 -0.66088 0.299681 0.162644 -0.763809 0.227691 0.111201 -0.821671 0.127905 0.111758 -0.761331 0.177798 0.110481 -0.810467 0.155287 0.162644 -0.763809 0.087891 0.809414 -0.545143 0.148506 0.810321 -0.592479 0.072271 0.742323 -0.468732 0.097753 0.906388 -0.579664 0.162478 0.918358 -0.601011 0.111978 0.991871 -0.574193 0.170062 1.00354 -0.554267 0.21786 0.932458 -0.568469 0.190316 1.03225 -0.470341 0.19484 1.04193 -0.413374 0.156281 0.491138 -0.713502 0.170185 0.520686 -0.768971 0.260608 0.544011 -0.712109 0.214064 0.563335 -0.734474 0.266249 0.524416 -0.770409 0.214732 0.535642 -0.799428 0.268006 0.514326 -0.684094 0.081225 0.76229 -0.365122 0.126312 0.766146 -0.284456 0.170087 0.873824 -0.242818 0.138298 0.962626 -0.228575 0.123219 0.866058 -0.26294 0.185387 0.134025 0.380914 0.2045 0.205886 0.333216 0.2045 0.205886 0.333216 0.17772 0.174455 0.313285 0.191889 0.183845 0.366643 0.173102 0.160882 0.36067 0.185387 0.134025 0.380914 0.218648 0.158591 0.296098 0.240322 0.192456 0.311595 0.199271 0.125658 0.298266 0.163208 0.138509 0.313865 0.162842 0.128518 0.359853 0.221641 0.117506 0.319429 0.202006 0.100233 0.347937 0.208481 0.10574 0.323303 0.178873 0.119692 0.376027 0.168031 0.117762 0.351147 0.184318 0.108267 0.362688 0.202006 0.100233 0.347937 0.208919 0.113146 0.349608 0.165224 0.121687 0.321204 0.192177 0.11372 0.312296 0.209989 0.113614 0.355773 0.168031 0.117762 0.351147 0.165224 0.121687 0.321204 0.178185 0.071845 0.348168 0.184318 0.108267 0.362688 0.202006 0.100233 0.347937 0.192177 0.11372 0.312296 0.208481 0.10574 0.323303 0.208481 0.10574 0.323303 0.160118 0.450378 -0.72694 0.176442 1.0374 -0.474835 0.1783 1.04266 -0.461598 0.180002 1.04874 -0.444533 0.181568 1.0521 -0.431046 0.181749 1.0554 -0.406034 0.177628 1.05498 -0.377506 0.173269 1.02994 -0.506912 0.165682 1.03043 -0.513478 0.14262 1.02253 -0.546868 0.268641 1.35372 -0.511108 0.242139 1.34295 -0.535463 0.240742 1.27784 -0.459161 0.214472 1.26034 -0.495698 0.214325 1.18763 -0.425406 0.196553 1.17436 -0.456327 0.296869 1.43777 -0.576225 0.22725 1.23128 -0.532371 0.204047 1.15362 -0.487337 0.1769 1.07821 -0.437685 0.174316 1.08069 -0.425374 0.258382 1.31953 -0.559967 0.170443 1.05809 -0.43185 0.17825 1.08124 -0.413165 0.183357 1.08031 -0.408966 0.177105 1.05959 -0.400411 0.173997 1.05434 -0.436997 0.1819 1.07615 -0.441839 0.253525 1.24878 -0.495833 0.217549 1.16688 -0.456415 0.284885 1.3303 -0.535611 0.187266 1.07514 -0.437721 0.190941 1.07577 -0.425431 0.188091 1.07832 -0.413199 0.181749 1.0554 -0.406034 0.181568 1.0521 -0.431046 0.171942 1.06166 -0.406809 0.168382 1.05616 -0.447567 0.170121 1.07027 -0.471083 0.16705 1.04887 -0.465304 0.175093 1.07348 -0.460501 0.180981 1.07338 -0.456792 0.201398 1.14477 -0.500785 0.17521 1.05317 -0.441866 0.18267 1.13109 -0.523352 0.172222 1.06482 -0.482044 0.190858 1.10943 -0.546013 0.214336 1.18452 -0.627729 0.202397 1.21748 -0.601874 0.220182 1.2681 -0.654881 0.234614 1.24015 -0.675669 0.231086 1.23843 -0.57616 0.248008 1.28354 -0.634239 0.267353 1.33916 -0.725509 0.262471 1.25558 -0.655028 0.249115 1.20546 -0.602015 0.209589 1.12312 -0.523446 0.183423 1.06151 -0.482083 0.188261 1.06491 -0.471146 0.185936 1.07027 -0.460539 0.180002 1.04874 -0.444533 0.1783 1.04266 -0.461598 0.172723 1.04389 -0.466872 0.177401 1.0618 -0.485437 0.213183 1.17435 -0.706978 0.191165 1.16138 -0.716366 0.202236 1.14798 -0.636037 0.173378 1.12207 -0.649376 0.186771 1.09549 -0.548239 0.167735 1.07621 -0.564077 0.221575 1.19476 -0.777825 0.173179 1.04969 -0.580001 0.162275 1.03649 -0.513697 0.162179 1.04968 -0.504437 0.18323 1.0847 -0.66285 0.200808 1.13606 -0.725899 0.168304 1.05712 -0.496665 0.167055 1.03232 -0.516036 0.165682 1.03043 -0.513478 0.161121 1.03467 -0.511104 0.165648 1.04331 -0.478843 0.171589 1.0423 -0.471157 0.17446 1.05728 -0.495017 0.211721 1.11072 -0.649509 0.192231 1.06896 -0.564162 0.222813 1.14904 -0.716511 0.179533 1.0538 -0.496704 0.180602 1.04422 -0.504501 0.173341 1.03321 -0.513735 0.176442 1.0374 -0.474835 0.173269 1.02994 -0.506912 0.16457 1.17899 0.707172 0.19122 1.10491 0.698336 0.337507 1.08029 0.611279 0.395657 1.0714 0.531372 0.32557 1.07033 0.605848 0.178951 1.09929 0.799565 0.295256 1.29068 0.619628 0.378859 1.28731 0.504964 0.284998 1.31421 0.624036 0.300311 1.32725 0.633656 0.36083 1.39609 0.523576 0.248221 0.83851 0.749804 0.256938 0.849766 0.748901 0.278607 0.897867 0.723971 0.303359 0.800465 0.664423 0.332168 0.915792 0.619556 0.292699 0.945995 0.693956 0.282303 0.937111 0.697605 0.255885 0.728561 0.760857 0.243422 0.785668 0.782632 0.226173 0.7645 0.802294 0.2369 0.793011 0.771357 0.214499 0.759486 0.809808 0.042928 1.39656 0.766863 0.086574 1.42979 0.763359 0.105389 1.54848 0.654741 0.117051 1.39029 0.749194 0.029497 1.33012 0.823244 0.081207 1.28615 0.869578 0.029497 1.33012 0.823244 0.042928 1.39656 0.766863 0.293208 1.19655 0.633524 0.174705 1.17219 0.808192 0.14094 0.945357 0.879246 0.316841 1.14539 0.630969 0.395657 1.0714 0.531372 0.32557 1.07033 0.605848 0.255664 1.07087 0.7155 0.25594 1.17111 0.709739 0.178951 1.09929 0.799565 0.174705 1.17219 0.808192 0.378859 1.28731 0.504964 0.295256 1.29068 0.619628 0.264639 1.37995 0.640693 0.284998 1.31421 0.624036 0.36083 1.39609 0.523576 0.332168 0.915792 0.619556 0.303359 0.800465 0.664423 0.2369 0.793011 0.771357 0.255885 0.728561 0.760857 0.105389 1.54848 0.654741 0.117051 1.39029 0.749194 0.079989 1.38271 0.742937 0.09331 1.32099 0.820517 0.034821 1.32156 0.817945 0.042928 1.39656 0.766863 0.081207 1.28615 0.869578 0.081858 0.994269 1.07111 0.088862 0.991492 0.971946 0.055215 1.00789 0.940201 0.032112 0.714391 0.563411 0 1.29554 0.868648 0 1.00101 0.936271</float_array>
          <technique_common>
            <accessor source="#GeometrySource-array" count="3468" stride="3">
              <param name="X" type="float"/>
              <param name="Y" type="float"/>
              <param name="Z" type="float"/>
            </accessor>
          </technique_common>
        </source>
        <source id="GeometrySource1" name="chr012Nrm">
          <float_array id="GeometrySource1-array" count="10404">-0.813623 -0.106904 0.571479 -0.813623 -0.106904 0.571479 -0.813623 -0.106904 0.571479 -0.655364 0.211384 0.725131 -0.640336 0.253353 0.725109 -0.655364 0.211384 0.725131 -0.66909 0.168995 0.723712 -0.735196 -0.036147 0.67689 -0.735196 -0.036147 0.67689 -0.735196 -0.036147 0.67689 -0.436242 -0.819174 -0.372353 -0.171804 -0.980554 -0.09485 -0.671511 -0.473631 -0.569865 0.107344 -0.98398 -0.14234 -0.572455 -0.672027 -0.469761 0.017042 -0.989662 0.142402 -0.03274 -0.904689 0.424813 0.688522 -0.471589 0.550946 0.032857 -0.987379 0.154929 -0.814573 -0.570649 -0.104066 -0.140354 -0.909457 0.391393 0.538784 -0.316094 0.780895 -0.931135 -0.348448 0.107569 -0.073879 -0.994856 0.069309 0 -0.972524 0.232805 0 -0.779918 0.625881 -0.136202 -0.974402 0.178855 0 -0.992285 0.123975 -0.087528 -0.980971 -0.173308 -0.275349 -0.722948 -0.633663 0 -0.952811 -0.303565 0 -0.715695 -0.698413 0.859203 -0.507594 0.064179 -0.023231 -0.986894 0.159687 0.712645 -0.569712 0.409348 -0.049378 -0.855855 0.514853 -0.835124 -0.479172 0.270114 -0.845991 -0.268696 0.460546 0.709163 -0.249357 0.659476 -0.867204 -0.470326 -0.163557 0.275349 -0.722948 -0.633664 0.087528 -0.980971 -0.173308 0.436242 -0.819174 -0.372353 0.136202 -0.974402 0.178855 0.177807 -0.980385 -0.085028 0.672376 -0.477572 -0.56554 -0.111801 -0.985155 -0.130267 0.558049 -0.679965 -0.475636 -0.028629 -0.989405 0.142332 0.038909 -0.906585 0.420225 -0.688522 -0.471588 0.550946 -0.033991 -0.987016 0.156982 0.81298 -0.572854 -0.104413 0.137635 -0.906907 0.398217 -0.538784 -0.316094 0.780895 0.931584 -0.344051 0.117391 0.073879 -0.994856 0.069309 -0.859203 -0.507593 0.064179 0.867204 -0.470326 -0.163557 0.023231 -0.986894 0.159687 -0.712645 -0.569712 0.409348 0.049378 -0.855855 0.514853 0.781086 -0.576588 0.23969 0.845991 -0.268697 0.460545 -0.709163 -0.249357 0.659476 -0.050942 -0.996036 0.072915 0.600117 -0.281686 0.748674 -0.337117 -0.722182 0.603992 0.613313 -0.464494 0.638821 -0.068124 -0.987426 0.142653 -0.875726 -0.470985 -0.106191 -0.96108 -0.27542 -0.021681 0.600117 -0.281686 0.748674 0.479162 0.275811 0.833266 -0.429895 0.292339 0.854241 0.613313 -0.464494 0.638821 0.424166 0.461408 0.779221 -0.344289 0.695835 0.6303 -0.958279 0.273598 0.082739 -0.349254 0.764064 0.542428 -0.894304 0.443753 0.057487 -0.875726 -0.470985 -0.106191 -0.337117 -0.722182 0.603992 -0.96108 -0.27542 -0.021681 -0.037833 0.856196 0.515264 -0.082139 0.617071 0.782609 0.712221 0.562164 0.420373 0.681565 0.279916 0.676104 -0.775281 0.551008 0.308754 -0.842404 0.191919 0.50351 -0.981325 0.121487 0.149137 0.926812 0.112812 0.35818 0.064523 0.995972 0.062257 0.767922 0.638625 0.049547 0.979077 0.185206 0.084303 0.609201 0.683762 0.401677 -0.965714 0.165395 -0.2001 -0.70267 0.680846 -0.206648 0.114993 0.985006 -0.128605 -0.750376 0.656895 0.073651 -0.867204 -0.470326 -0.163557 -0.835124 -0.479172 0.270114 -0.916053 0.026244 0.400198 -0.03274 -0.904689 0.424813 0 -0.779918 0.625881 0.859203 -0.507594 0.064179 0.712645 -0.569712 0.409348 0.709163 -0.249357 0.659476 -0.979077 0.185205 0.084303 -0.859203 -0.507593 0.064179 -0.611551 0.674905 0.412927 -0.767922 0.638625 0.049547 -0.144382 0.984011 -0.104289 -0.064523 0.995972 0.062256 0.692634 0.696671 -0.186834 0.738596 0.672028 0.053426 -0.712221 0.562164 0.420372 0.037833 0.856196 0.515264 0.082139 0.617071 0.782609 -0.681565 0.279916 0.676104 0.775281 0.551008 0.308754 0.818946 0.239817 0.521359 0.981325 0.121488 0.149137 -0.926812 0.112813 0.35818 0.966449 0.164936 -0.196909 0.867204 -0.470326 -0.163557 0.781086 -0.576588 0.23969 0.845991 -0.268697 0.460545 0.038909 -0.906585 0.420225 -0.709163 -0.249357 0.659476 -0.712645 -0.569712 0.409348 -0.969025 -0.18914 0.158796 -0.000522 -0.9725 -0.232904 -0.760488 -0.644497 -0.079254 -0.014962 -0.939595 -0.341961 0.729692 -0.675468 0.10627 0.923681 -0.158268 0.348947 -0.093739 -0.772006 0.628665 -0.795729 0.412018 0.443911 -0.969025 -0.18914 0.158796 -0.823019 0.269547 0.499984 -0.12381 0.608126 0.784126 -0.117044 0.727998 0.675514 0.646255 0.456451 0.611561 0.691808 0.281698 0.664867 0.923681 -0.158268 0.348947 -0.85164 0.004416 0.524108 -0.097426 0.206844 0.973511 0.723057 -0.007761 0.690745 0.729692 -0.675468 0.10627 -0.093739 -0.772006 0.628665 -0.760488 -0.644497 -0.079254 -0.376752 0.91976 -0.109999 -0.509835 0.820791 0.257625 -0.833566 0.519198 -0.188682 -0.773865 -0.206143 -0.598863 -0.671511 -0.473631 -0.569865 -0.767787 0.356052 -0.532664 -0.436242 -0.819174 -0.372353 -0.750376 0.656895 0.073651 -0.12723 0.918539 0.374297 0.114993 0.985006 -0.128605 0.609201 0.683762 0.401677 0.233785 0.840166 0.489353 -0.03274 -0.904689 0.424813 -0.611551 0.674905 0.412927 0.000265 0.780809 0.624769 0 -0.779918 0.625881 -0.275349 -0.722948 -0.633663 -0.37985 -0.422311 -0.823023 -0.874952 0.122665 -0.468415 -0.672029 -0.037506 -0.739575 0 -0.715695 -0.698413 0.046516 -0.436603 -0.898451 0.06272 0.927799 0.367772 -0.144382 0.984011 -0.104289 0.738596 0.672028 0.053426 0.386247 0.914284 -0.122059 0.831488 0.519351 -0.197237 0.497434 0.832798 0.242914 0.771129 -0.192074 -0.607015 0.952372 0.084209 0.293082 0.038909 -0.906585 0.420225 -0.186948 0.856745 0.480665 0.767787 0.356053 -0.532664 0.672376 -0.477572 -0.56554 0.436242 -0.819174 -0.372353 0.69707 0.311689 0.645712 0.039792 0.466056 0.88386 0.449523 0.602876 0.659142 -0.463722 0.615813 0.636974 0.033387 0.477488 0.878004 -0.652981 0.37626 0.657301 -0.932262 0.357138 -0.05779 -0.080285 0.366096 0.927107 -0.674257 0.289503 0.679386 -0.980307 0.197248 0.009604 -0.97165 0.232247 0.044239 -0.737789 0.023713 -0.674615 0.037913 -0.041556 -0.998417 -0.188782 -0.195081 -0.962447 -0.792071 0.108222 -0.600759 0.032444 0.106024 -0.993834 -0.764326 0.042901 0.643402 -0.995574 -0.036139 0.086751 -0.01707 0.021008 0.999634 -0.024514 -0.353027 0.935292 -0.694585 -0.22022 0.684876 -0.718727 0.086117 -0.689939 -0.976208 -0.213737 -0.036521 -0.552836 0.004076 -0.83328 -0.009275 0.185 -0.982695 -0.454164 0.238467 -0.85841 -0.988146 0.11594 -0.100623 -0.992987 -0.007531 -0.117987 -0.671124 -0.238221 0.702028 -0.753831 -0.059217 0.654394 -0.384573 -0.013123 -0.923001 0.457755 0.159678 -0.874622 0.52355 -0.172493 -0.834351 0.980946 -0.121098 -0.151924 0.039931 0.706121 -0.706965 0.995595 0.004845 -0.093633 0.742864 0.216789 -0.633368 -0.934451 -0.011597 -0.355902 -0.931108 -0.214068 0.295319 -0.954286 0.168098 -0.247146 -0.919623 -0.017993 0.392389 -0.553505 -0.443089 0.705198 -0.852763 0.485173 -0.193396 -0.621343 -0.242831 0.744961 -0.674982 0.045889 0.736406 -0.833841 0.287614 0.471156 -0.569887 0.178472 -0.802107 0.18356 -0.026469 -0.982652 -0.251386 -0.089759 0.963716 -0.110573 -0.48475 0.867636 0.043782 -0.59421 0.803117 -0.17807 -0.371181 0.911327 -0.06432 -0.200866 0.977505 0.3316 -0.56417 0.756144 0.397654 -0.757765 0.517363 -0.400199 -0.609701 0.684183 0.395548 -0.563097 0.725578 0.49952 -0.384999 0.776051 0.980946 -0.121098 -0.151924 -0.068097 -0.914054 -0.399836 0.681114 -0.247043 0.689241 0.770389 0.021756 0.637202 0.997539 -0.033627 0.061527 0.973875 0.222784 0.043992 0.621686 0.341858 0.704727 0.930061 0.318284 0.183526 0.868522 0.382407 0.315334 -0.134121 0.936054 0.325291 -0.139906 0.989582 -0.033971 -0.823549 0.564349 -0.057248 -0.70841 0.586718 -0.392323 -0.376752 0.91976 -0.109999 -0.767787 0.356052 -0.532664 0.233785 0.840166 0.489353 0.633352 0.635938 0.440962 -0.981627 0.102938 -0.160664 -0.844069 0.031303 -0.535321 0.437157 0.6124 0.658681 0.722551 0.167931 0.670611 0.908417 0.138369 0.394502 -0.03274 -0.904689 0.424813 0.445526 0.323525 0.834768 -0.363511 0.769387 0.525265 -0.959504 0.268911 0.083894 -0.814573 -0.570649 -0.104066 -0.931135 -0.348448 0.107569 -0.671511 -0.473631 -0.569865 -0.572455 -0.672027 -0.469761 0.688522 -0.471589 0.550946 0.538784 -0.316094 0.780895 -0.845991 -0.268696 0.460546 0.050942 -0.996036 0.072915 0.337118 -0.722181 0.603992 -0.600117 -0.281686 0.748674 -0.613313 -0.464494 0.638821 0.068123 -0.987426 0.142653 0.875726 -0.470985 -0.106191 0.96108 -0.27542 -0.02168 0.344289 0.695835 0.6303 -0.479162 0.275811 0.833266 0.429896 0.292339 0.854241 0.958279 0.273598 0.082739 -0.424166 0.461408 0.779221 0.349253 0.764064 0.542428 -0.613313 -0.464494 0.638821 0.894303 0.443754 0.057487 0.875726 -0.470985 -0.106191 -0.600117 -0.281686 0.748674 0.337118 -0.722181 0.603992 0.96108 -0.27542 -0.02168 0.969025 -0.18914 0.158797 0.760487 -0.644498 -0.079253 0.000522 -0.9725 -0.232903 0.01496 -0.939595 -0.341961 -0.729692 -0.675468 0.10627 -0.923681 -0.158268 0.348947 0.093737 -0.772006 0.628665 0.795728 0.412018 0.443911 0.823019 0.269548 0.499984 0.969025 -0.18914 0.158797 0.123809 0.608126 0.784127 0.117043 0.727998 0.675514 -0.646255 0.45645 0.611561 -0.691808 0.281698 0.664867 -0.923681 -0.158268 0.348947 0.85164 0.004417 0.524109 0.097425 0.206844 0.973511 -0.723057 -0.007761 0.690745 -0.729692 -0.675468 0.10627 0.093737 -0.772006 0.628665 0.760487 -0.644498 -0.079253 0.275349 -0.722948 -0.633664 0.455927 -0.4132 -0.788287 0.771129 -0.192074 -0.607015 0.390069 -0.847085 -0.360963 0.155014 0.007035 -0.987887 0.436242 -0.819174 -0.372353 0.952372 0.084209 0.293082 0.799515 0.112766 -0.589966 0.973875 0.222784 0.043992 0.803001 0.303029 -0.513189 0.997539 -0.033627 0.061527 0.713392 0.088548 -0.695148 0.960155 -0.279177 -0.012758 0.643279 -0.121929 -0.755861 0.930061 0.318284 0.183526 0.849442 0.450131 0.275375 0.148186 0.932875 0.328307 0.837173 0.544716 -0.04924 0.183255 0.981605 -0.053572 0.718931 0.560762 -0.410711 0.386247 0.914284 -0.122059 0.767787 0.356053 -0.532664 -0.186948 0.856745 0.480665 -0.627603 0.649111 0.429849 0.9814 0.106797 -0.159524 0.84219 0.035618 -0.538002 -0.437157 0.6124 0.658681 -0.722551 0.167931 0.670611 -0.908417 0.13837 0.394502 0.038909 -0.906585 0.420225 -0.445526 0.323526 0.834768 0.36351 0.769387 0.525265 0.959504 0.268912 0.083894 0.81298 -0.572854 -0.104413 0.558049 -0.679965 -0.475636 0.931584 -0.344051 0.117391 0.672376 -0.477572 -0.56554 -0.688522 -0.471588 0.550946 -0.538784 -0.316094 0.780895 0.085954 -0.3358 -0.938003 -0.776673 -0.019057 -0.629616 -0.964426 -0.241293 -0.107985 -0.830518 -0.431492 0.352215 -0.38847 -0.481842 0.785442 -0.686175 -0.640212 0.345389 -0.45666 -0.648253 0.609286 -0.75013 -0.417421 0.512899 -0.405556 -0.829764 0.383427 -0.226984 -0.760776 0.608028 -0.32561 -0.689911 0.64653 0 -0.919857 0.392253 0.007994 -0.746132 0.66575 -0.408066 -0.89961 0.155514 -0.674893 -0.731041 0.100488 -0.865773 -0.482232 0.133755 -0.309927 0.696311 -0.647377 -0.294356 0.708671 -0.641202 -0.540797 0.729687 -0.418444 0 0.865454 -0.500988 0 0.791061 -0.611738 0 0.737882 -0.67493 -0.405759 0.393613 -0.824881 0 0.928019 -0.372534 -0.851665 0.087189 -0.516783 -0.08591 0.302486 -0.949274 0.200074 -0.090856 -0.975559 0.08112 0.458137 -0.885172 -0.12442 -0.149064 -0.980969 0.015188 -0.563504 -0.825974 0 -0.575023 -0.818137 0 -0.178936 -0.983861 0.704894 -0.641049 -0.303613 0.580337 -0.290489 -0.760805 -0.243275 -0.93755 -0.24863 0 0.112704 -0.993629 0 -0.705509 -0.708701 0 -0.946345 -0.323159 0.405758 0.393613 -0.824881 0.309927 0.696311 -0.647377 0.294355 0.708671 -0.641203 0.085909 0.302485 -0.949274 -0.081121 0.458137 -0.885172 -0.200074 -0.090856 -0.975559 0.12442 -0.149064 -0.980969 -0.015189 -0.563504 -0.825974 -0.580338 -0.290489 -0.760805 0.243274 -0.93755 -0.24863 -0.704894 -0.641049 -0.303613 -0.437746 -0.344628 0.830428 -0.243275 -0.93755 -0.24863 0.440411 -0.768699 0.463831 0.704894 -0.641049 -0.303613 0 0.993719 -0.111902 0 0.701655 -0.712517 -0.971667 0.053568 -0.230204 -0.815986 0.555926 -0.158475 0 0.983792 -0.179316 -0.750231 -0.601368 -0.274791 -0.953692 -0.167115 -0.250088 0 -0.90595 -0.423384 0.971667 0.053568 -0.230204 0.815986 0.555925 -0.158475 0.750231 -0.601368 -0.27479 0.030778 -0.00802 -0.999494 0.132053 0.42957 -0.893327 -0.580636 0.108216 -0.806939 -0.07074 -0.099252 -0.992545 -0.947104 0.180124 -0.265611 -0.640956 0.15512 -0.75174 0.290675 -0.836016 0.465387 0.845566 -0.515656 0.138262 0.285737 -0.887087 0.362534 -0.290255 -0.878993 0.378318 -0.474673 -0.695023 0.540026 0.918487 -0.333865 0.211935 0.344367 -0.390407 0.853811 0.926884 -0.207109 0.313037 -0.458012 -0.308437 0.833721 -0.33978 -0.055442 0.938869 0.47045 -0.058728 0.88047 0.926427 -0.049851 0.373159 -0.405097 -0.791372 0.457851 -0.89422 -0.027175 0.446802 -0.954708 -0.167341 0.24603 -0.976437 -0.210499 0.047546 -0.823144 -0.550317 0.139949 -0.956499 0.05944 -0.285617 -0.977259 0.071039 -0.199797 -0.866401 0.159586 0.473162 -0.943978 0.254373 -0.210237 -0.972511 0.06925 -0.22232 -0.347109 0.169761 0.922332 0.323717 0.097076 0.941161 -0.812221 0.206865 -0.545439 -0.765089 0.074624 -0.639586 -0.031937 0.259108 -0.96532 -0.025839 0.091043 -0.995512 -0.785353 -0.037322 -0.617921 -0.963394 -0.095797 -0.250388 0.064406 -0.126258 -0.989904 0.725298 0.046013 -0.686895 0.758823 -0.108336 -0.642224 0.799817 0.157528 -0.579205 0.973785 -0.027424 -0.225812 0.958596 -0.187993 -0.213898 0.947254 0.212067 -0.240286 0.67573 0.262987 -0.688641 0.944878 0.24357 -0.218816 0.638158 -0.037502 -0.768991 0.969721 -0.003905 -0.244183 -0.007977 0.000169 -0.999968 -0.009664 0.225475 -0.974201 -0.688017 0.292448 -0.664159 -0.647971 -0.011788 -0.761574 -0.942184 0.272543 -0.194963 -0.971686 0.027661 -0.234651 -0.879414 0.110506 0.463055 -0.410622 0.055928 0.910089 -0.384005 0.207605 0.899689 0.412003 0.092159 0.90651 0.382687 0.090251 0.919459 0.891727 0.08993 0.443549 0.827901 0.37857 0.413842 0.969721 -0.003905 -0.244183 -0.822021 0.388803 0.41607 0.903464 0.117673 0.412197 0.947254 0.212067 -0.240286 0.973785 -0.027424 -0.225812 0.944878 0.24357 -0.218816 0.958596 -0.187993 -0.213898 0.991708 -0.124368 -0.032355 0.994509 0.091889 -0.050084 0.993078 0.063849 -0.098584 0.983219 -0.094858 -0.155826 0.957115 -0.265321 -0.116341 0.819222 -0.511788 0.258745 0.93167 -0.34373 -0.117647 0.704894 -0.641049 -0.303613 0.918665 -0.366054 0.148521 0.454907 -0.055727 -0.888794 0.377761 -0.158296 -0.912271 0.802494 0.069079 -0.592648 0.782828 0.401318 -0.475525 0.983219 -0.094858 -0.155826 0.957115 -0.265321 -0.116341 0.93167 -0.34373 -0.117647 0.839453 -0.217103 -0.498182 -0.691895 0.503505 -0.517459 -0.700022 0.394862 -0.595024 -0.013733 0.767556 -0.640835 -0.811043 0.5061 -0.293381 -0.99052 0.128591 -0.048327 -0.979754 -0.142774 -0.140351 0.085954 -0.3358 -0.938003 0.390069 -0.847085 -0.360963 -0.225285 -0.499829 -0.836312 -0.607824 -0.721733 0.331137 -0.423994 -0.816469 -0.391928 -0.166703 -0.980215 -0.106717 -0.69891 -0.436302 -0.566714 0.099656 -0.982708 -0.156054 -0.628884 -0.602079 -0.491941 0.009935 -0.989556 0.143805 0.126061 -0.828071 0.546266 0.616944 -0.544905 0.567855 0.030199 -0.987176 0.156751 -0.853963 -0.505695 -0.122557 -0.140356 -0.909456 0.391394 0.569638 -0.288703 0.769521 -0.951864 -0.302066 0.052071 -0.074183 -0.99486 0.068921 0 -0.972666 0.232207 0.001652 -0.735742 0.67726 -0.136202 -0.974402 0.178855 0 -0.992285 0.123975 -0.086525 -0.964707 -0.248704 -0.302075 -0.655871 -0.691797 0 -0.743085 -0.669197 0 -0.974072 -0.226238 0.875757 -0.477528 0.070833 -0.023256 -0.986894 0.159684 0.729302 -0.546715 0.411366 -0.049378 -0.855856 0.514852 -0.79684 -0.554523 0.239896 -0.870676 -0.240506 0.429045 0.736064 -0.219585 0.640306 -0.881306 -0.445996 -0.156163 0.086525 -0.964707 -0.248704 0.302075 -0.655871 -0.691797 0.423994 -0.816469 -0.391928 0.136202 -0.974402 0.178855 0.173689 -0.979879 -0.098328 0.698217 -0.437653 -0.566527 -0.022095 -0.986561 0.161894 -0.091351 -0.984634 -0.148832 -0.125169 -0.829572 0.544191 -0.018471 -0.989878 0.140717 -0.616944 -0.544905 0.567855 0.619513 -0.60702 -0.497725 0.851745 -0.509498 -0.12224 0.137636 -0.906907 0.398217 -0.569639 -0.288704 0.76952 0.95234 -0.298766 0.061549 0.074183 -0.99486 0.068921 -0.807466 -0.587242 0.056078 0.881306 -0.445996 -0.156164 0.023256 -0.986894 0.159684 -0.822358 -0.430321 0.372226 0.049377 -0.855856 0.514852 0.79684 -0.554523 0.239896 0.870677 -0.240506 0.429045 -0.749896 -0.209297 0.627576 -0.050942 -0.996036 0.072915 0.600118 -0.281686 0.748673 -0.337114 -0.722184 0.603991 0.613313 -0.464494 0.638821 -0.068122 -0.987426 0.142653 -0.875726 -0.470986 -0.106192 -0.96108 -0.275419 -0.021682 0.600118 -0.281686 0.748673 0.479162 0.275811 0.833266 -0.429895 0.29234 0.854241 0.613313 -0.464494 0.638821 0.424166 0.461407 0.779222 -0.344289 0.695835 0.6303 -0.958279 0.273599 0.082739 -0.349254 0.764064 0.542427 -0.894303 0.443754 0.057486 -0.875726 -0.470986 -0.106192 -0.337114 -0.722184 0.603991 -0.96108 -0.275419 -0.021682 -0.20941 0.876657 0.433151 -0.09965 0.67524 0.730836 0.79105 0.435239 0.429892 0.654948 0.366967 0.660589 -0.89675 0.346529 0.275242 -0.811633 0.319627 0.488969 0.150528 0.988191 0.02862 0.86595 0.49848 0.040608 -0.870676 -0.240506 0.429045 -0.79684 -0.554523 0.239896 -0.881306 -0.445996 -0.156163 -0.807503 0.575129 -0.131016 0.020658 0.999347 0.029634 -0.681341 0.729183 0.063763 0.126061 -0.828071 0.546266 0.736064 -0.219585 0.640306 0.729302 -0.546715 0.411366 0.500066 0.638742 0.584759 0.001652 -0.735742 0.67726 0.875757 -0.477528 0.070833 -0.894874 0.432886 0.108675 -0.807466 -0.587242 0.056078 -0.485143 0.610421 0.626117 -0.05774 0.994693 0.085155 -0.131942 0.991222 -0.008387 0.806902 0.575802 -0.131761 0.679634 0.730616 0.065556 -0.141577 0.889542 0.434363 -0.863735 0.339796 0.372156 -0.681063 0.453467 0.574909 0.314596 0.638193 0.702666 0.89675 0.346529 0.275241 0.811634 0.319627 0.488968 0.881306 -0.445996 -0.156164 0.79684 -0.554523 0.239896 0.870677 -0.240506 0.429045 -0.125169 -0.829572 0.544191 -0.749896 -0.209297 0.627576 -0.822358 -0.430321 0.372226 -0.941954 -0.277457 0.189051 -0.028427 -0.993906 -0.106499 -0.902952 -0.396795 0.165018 -0.037532 -0.940051 -0.338962 -0.085395 -0.848296 0.522591 0.814407 -0.453676 0.361828 0.894611 -0.258234 0.364673 -0.795729 0.412019 0.443911 -0.941954 -0.277457 0.189051 -0.843285 0.23241 0.48462 -0.123809 0.608126 0.784127 -0.117043 0.727998 0.675515 0.646256 0.456451 0.611561 0.714098 0.254271 0.652235 0.894611 -0.258234 0.364673 -0.902952 -0.396795 0.165018 -0.109275 0.165114 0.980202 0.814407 -0.453676 0.361828 -0.085395 -0.848296 0.522591 -0.270278 0.961218 -0.05486 -0.501843 0.82294 0.266312 -0.785314 0.609208 -0.110215 -0.681341 0.729183 0.063763 -0.368218 0.892911 0.259084 0.020658 0.999347 0.029634 -0.000736 0.851491 0.524369 0.500066 0.638742 0.584759 -0.758873 -0.187066 -0.623794 -0.793615 0.098845 -0.600338 -0.439256 -0.387429 -0.810526 -0.302075 -0.655871 -0.691797 -0.05011 0.94865 0.312334 0.126061 -0.828071 0.546266 -0.69891 -0.436302 -0.566714 -0.730828 0.476098 -0.489102 -0.423994 -0.816469 -0.391928 -0.485143 0.610421 0.626117 0.001652 -0.735742 0.67726 0 -0.743085 -0.669197 0 -0.37602 -0.926612 -0.003073 -0.191177 -0.981551 -0.05774 0.994693 0.085155 0.679634 0.730616 0.065556 0.367673 0.892055 0.262781 0.268363 0.961503 -0.059102 0.786641 0.607575 -0.109769 0.502849 0.821842 0.267803 0.758873 -0.187066 -0.623794 0.793947 0.096691 -0.600249 -0.125169 -0.829572 0.544191 0.063844 0.948401 0.31058 0.73171 0.463247 -0.500003 0.698217 -0.437653 -0.566527 0.423994 -0.816469 -0.391928 0.570759 -0.028773 -0.820613 0.439256 -0.387429 -0.810526 0.493882 0.011176 -0.869457 0.793947 0.096691 -0.600249 0.758873 -0.187066 -0.623794 0.302075 -0.655871 -0.691797 0.423994 -0.816469 -0.391928 -0.158928 0.903734 0.397501 -0.198237 0.968329 -0.151791 -0.918243 0.37083 -0.138979 -0.821613 0.267923 -0.50316 -0.730828 0.476098 -0.489102 -0.270278 0.961218 -0.05486 -0.05011 0.94865 0.312334 0.653008 0.604627 0.456077 0.667185 0.324749 0.670375 0.126061 -0.828071 0.546266 0.452317 0.535342 0.713315 -0.308945 0.811109 0.496643 -0.909072 0.406359 0.091983 -0.853963 -0.505695 -0.122557 -0.951864 -0.302066 0.052071 -0.69891 -0.436302 -0.566714 -0.628884 -0.602079 -0.491941 0.616944 -0.544905 0.567855 0.569638 -0.288703 0.769521 0.050942 -0.996036 0.072915 0.337115 -0.722184 0.603989 -0.600118 -0.281686 0.748673 -0.613312 -0.464494 0.638822 0.068123 -0.987426 0.142653 0.875726 -0.470985 -0.106191 0.96108 -0.275419 -0.021682 0.34429 0.695835 0.6303 -0.479161 0.275811 0.833266 0.429895 0.29234 0.854241 0.958279 0.273598 0.082739 -0.424165 0.461407 0.779222 0.349254 0.764064 0.542427 -0.613312 -0.464494 0.638822 0.894303 0.443753 0.057487 0.875726 -0.470985 -0.106191 -0.600118 -0.281686 0.748673 0.337115 -0.722184 0.603989 0.96108 -0.275419 -0.021682 0.941954 -0.277457 0.189052 0.902952 -0.396795 0.165018 0.028428 -0.993906 -0.106499 0.037532 -0.940051 -0.338961 0.085394 -0.848296 0.522591 -0.814407 -0.453676 0.361828 -0.894611 -0.258234 0.364673 0.795728 0.412019 0.443912 0.843285 0.23241 0.48462 0.941954 -0.277457 0.189052 0.123809 0.608126 0.784127 0.117042 0.727998 0.675515 -0.646256 0.45645 0.611561 -0.714098 0.254271 0.652235 -0.894611 -0.258234 0.364673 0.902952 -0.396795 0.165018 0.109275 0.165115 0.980202 -0.814407 -0.453676 0.361828 0.085394 -0.848296 0.522591 0.17018 0.90072 0.399677 0.926943 0.353683 -0.125238 0.231818 0.958895 -0.163646 0.825089 0.246841 -0.508231 0.73171 0.463247 -0.500003 0.268363 0.961503 -0.059102 0.063844 0.948401 0.31058 -0.6459 0.621299 0.443622 -0.667185 0.324749 0.670375 -0.125169 -0.829572 0.544191 -0.452317 0.535343 0.713315 0.308946 0.811109 0.496643 0.909072 0.406359 0.091982 0.851745 -0.509498 -0.12224 0.619513 -0.60702 -0.497725 0.95234 -0.298766 0.061549 0.698217 -0.437653 -0.566527 -0.616944 -0.544905 0.567855 -0.569639 -0.288704 0.76952 0 0.773024 0.634377 0.165819 0.721624 0.672133 0 0.773913 0.633292 -0.1115 0.625862 0.771923 -0.063774 0.217497 0.973975 0.007465 0.667242 0.744803 0.27457 0.881685 0.383723 0 0.874733 0.484605 -0.121349 0.941874 0.313284 0 0.962142 0.272549 -0.196103 0.916536 0.348578 -0.1839 0.964012 0.191993 0 0.976988 0.213292 -0.445709 0.77005 0.456471 0 0.854472 0.519498 -0.579979 0.321587 0.748469 -0.632207 0.71491 0.298692 -0.510197 0.799394 0.317283 -0.651612 0.74885 0.120935 -0.634954 0.770773 0.052364 -0.777025 0.6267 0.058984 -0.805557 0.549878 0.22071 -0.741155 0.443681 0.503821 0 0.974551 0.224168 0 0.995566 0.094071 -0.550078 0.822407 0.145126 0 0.980381 0.197111 0 0.940347 0.340217 -0.677077 0.641661 0.36033 -0.768761 0.532468 0.354238 -0.621897 0.577202 0.529228 -0.743147 0.094205 0.662463 -0.678059 0.086349 0.729918 -0.998184 -0.059629 0.008498 -0.996458 0.083019 -0.013363 -0.819564 -0.500887 -0.278257 -0.972255 -0.177418 0.152457 -0.822223 -0.564651 0.07154 -0.795792 -0.599687 -0.084211 -0.746822 0.649211 0.144163 -0.789307 0.380522 0.481869 -0.689246 0.529324 0.494729 -0.834341 0.538003 0.120113 -0.951814 -0.076535 0.296973 -0.969517 -0.242894 -0.032237 -0.839335 -0.502931 -0.206343 -0.885928 -0.453366 0.097928 -0.428905 0.354079 0.831065 -0.462002 0.383057 0.799888 -0.630111 -0.144221 0.762994 -0.650524 -0.662543 0.371288 -0.159275 0.237047 0.958353 0 0.260688 0.965423 -0.149799 -0.28601 0.946445 -0.669046 -0.692932 -0.268744 -0.240551 -0.916136 -0.320671 -0.399888 -0.677701 0.617099 -0.022669 -0.74706 0.66437 -0.197866 -0.978312 -0.061272 -0.095922 -0.971356 -0.21741 0.104166 -0.869544 -0.482746 0.26478 -0.851837 -0.451958 0.529007 -0.818768 -0.223096 -0.057129 -0.973629 -0.220867 0.121677 -0.965725 -0.22928 0.635061 -0.737664 -0.229238 0 -0.427152 0.90418 0 -0.917445 0.397863 0.011473 -0.999303 -0.035517 0 -0.908205 -0.418526 0 -0.999918 0.012775 0.159496 -0.966634 -0.200449 0.649607 -0.74675 -0.142738 -0.577914 -0.814092 -0.05718 -0.845653 -0.533613 0.011341 -0.190087 -0.904484 -0.381806 0.305233 -0.931061 -0.199896 0.645371 -0.734609 -0.209391 -0.323354 -0.918847 -0.226192 0.12459 -0.920653 -0.369966 0.635497 -0.668397 -0.386508 0.796295 -0.586883 -0.146567 0.569355 -0.723666 -0.390053 0.541013 -0.74517 -0.389906 0.492716 -0.850353 -0.184747 0.071383 -0.995878 -0.055965 0.424836 -0.900227 -0.095429 0.171178 -0.982432 0.074339 0.743445 -0.572077 0.346435 -0.460338 -0.80546 0.37326 -0.75678 -0.649146 0.076769 -0.046292 -0.863936 0.50147 -0.658949 -0.562069 0.499864 -0.696934 -0.389519 0.602128 -0.827564 -0.355515 0.434451 -0.931681 -0.163352 0.32448 -0.912455 -0.37661 0.159973 -0.968548 -0.244306 0.047208 -0.906096 -0.421977 0.030427 -0.955948 -0.293137 -0.015311 -0.998767 0.027636 0.041231 -0.986541 0.01186 -0.163086 -0.639591 -0.683721 0.351353 -0.78705 0.318278 0.528443 -0.75567 0.10898 0.645822 -0.824614 0.360891 0.435625 -0.972269 0.193604 -0.131191 -0.948015 0.252206 0.194062 -0.949643 -0.104421 0.295421 -0.970314 0.045473 0.237537 -0.859176 -0.502184 0.098126 -0.908751 -0.08585 0.408414 -0.865623 -0.341099 0.366535 -0.870935 -0.01302 0.491225 -0.577143 -0.44349 0.685728 -0.148062 -0.793869 0.589787 -0.497722 -0.817667 0.2893 -0.705196 -0.672504 0.224581 -0.82285 -0.444983 0.353422 -0.770076 -0.632251 0.085097 -0.219551 -0.949566 0.223878 -0.251036 -0.965523 -0.068884 -0.776143 -0.61201 -0.151806 -0.255482 -0.908472 -0.330767 -0.736539 -0.644763 -0.204429 -0.274683 -0.921162 -0.2757 -0.639445 -0.760682 0.111681 -0.171821 -0.982871 0.066643 -0.271568 -0.944041 0.187184 0.266461 -0.961212 0.071199 -0.952746 -0.271336 0.136574 -0.896029 -0.11587 0.428609 -0.976715 0.021383 0.213471 -0.357828 0.90185 0.242129 -0.066043 0.976521 0.205049 0.619661 0.777569 -0.106801 0.638246 0.76614 0.075309 -0.990341 -0.09983 -0.096218 -0.320678 0.941774 -0.101134 0.616707 0.782387 0.086854 0 -0.976764 -0.214316 0 -0.985517 0.169575 -0.21985 -0.874093 0.43316 0 -0.861586 0.507611 -0.155516 -0.880517 0.447777 -0.443364 -0.809546 0.38479 -0.821024 -0.566987 0.066675 -0.268369 -0.742123 0.614191 0 -0.857356 0.514724 0 -0.198274 0.980147 -0.332897 0.044759 0.941901 0 0.812451 0.58303 -0.086728 0.841958 0.532527 0 -0.889521 0.456895 -0.639526 -0.642583 0.422011 -0.973897 -0.032038 0.22472 -0.683202 0.069727 0.726892 -0.528342 0.731521 0.430965 -0.914353 0.326413 0.23961 -0.209828 0.962329 0.1729 0.036999 0.982449 -0.182828 -0.994096 0.014159 -0.107578 -0.886842 0.459635 -0.047398 -0.282723 0.670079 0.686339 0.078597 0.991474 -0.103935 0 0.981934 -0.189224 0.436969 0.898861 0.033279 0.262137 0.925219 -0.274323 -0.818318 0.555678 0.146892 -0.099765 0.968555 0.22792 0.060229 0.945805 0.319102 -0.030981 0.925992 0.376269 0.645061 0.72721 0.234651 0.578852 0.767552 0.275307 -0.939205 0.189956 0.286024 -0.996522 -0.073968 0.038363 -0.915192 -0.37616 -0.144663 -0.947086 -0.31752 -0.047006 -0.968275 -0.238385 -0.074946 -0.942441 0.309318 -0.126996 -0.938723 -0.333261 -0.087956 -0.978425 -0.205448 0.021831 -0.438578 0.872099 0.217007 0.079062 0.952413 0.294378 0.55989 0.785207 0.264525 0.358817 0.808118 -0.467114 0.116781 0.873211 -0.473143 -0.813729 0.312449 0.490123 -0.860244 0.19326 0.471839 -0.763983 -0.359563 0.535766 -0.964551 0.017647 0.263305 0.467569 -0.854407 -0.226645 -0.267711 -0.952693 0.1439 -0.942779 0.213117 0.256416 -0.817865 0.183969 0.545209 0.784151 0.08818 -0.614273 -0.89742 -0.297736 0.325562 -0.79812 -0.42473 0.427328 -0.884492 0.466315 -0.01498 -0.688302 0.534946 0.489973 -0.85032 -0.309077 0.425943 -0.161862 -0.881079 -0.44441 -0.911989 0.338648 0.231504 -0.866538 0.062737 0.495152 -0.803668 0.329144 0.495763 -0.809771 0.019981 0.586406 -0.744753 -0.101129 0.659634 -0.864542 0.234616 0.444436 -0.708878 0.684903 0.168525 -0.855965 0.108782 0.50546 -0.848297 0.047931 0.527348 -0.634379 0.581392 0.509458 -0.772604 0.342561 0.534542 -0.12748 0.979699 0.154724 -0.836683 -0.132367 0.531452 -0.821068 -0.028061 0.570141 -0.806075 -0.090327 0.58488 -0.81603 -0.241406 0.525184 -0.723522 -0.055445 0.688071 -0.601004 0.537789 0.591251 -0.738965 0.281139 0.612284 -0.86149 0.220998 0.45716 -0.771602 -0.62283 -0.129282 -0.256861 -0.928429 -0.268407 0.138712 0.983308 0.117747 -0.29779 0.930092 0.21506 0.06938 0.975385 0.209308 -0.350512 0.880222 0.319922 0.578299 0.794081 0.187098 0.922602 0.339882 -0.182445 -0.423381 0.780807 0.459445 0.059334 0.813498 0.578534 -0.74641 0.394111 0.536236 -0.930342 0.213625 0.29804 -0.038044 0.624008 0.780491 -0.646112 0.258893 0.717993 0.988879 0.06738 -0.132584 0.910754 0.02497 -0.412194 0.944392 0.241193 -0.223493 -0.060928 0.600904 0.796996 -0.488396 0.374193 0.78832 -0.785604 -0.542948 -0.296706 -0.694569 -0.619885 -0.365125 -0.665764 -0.680524 -0.306016 -0.82491 0.552701 0.118514 0.802238 0.460463 -0.379985 -0.039576 0.709073 0.704024 -0.523848 0.483447 0.701329 -0.325371 0.755454 0.568703 0.608629 0.038698 -0.792511 -0.88824 -0.172975 -0.42557 -0.896747 -0.24894 -0.365888 -0.884987 0.400654 0.237224 -0.617555 0.547915 0.564283 0.686343 0.72723 -0.008378 0.531228 0.193218 -0.824902 -0.659008 -0.296104 0.691398 0.660094 -0.751032 0.015065 -0.04319 -0.790514 0.610919 -0.887882 0.23847 0.393444 -0.733717 -0.219742 0.64294 -0.010255 0.602302 -0.798202 -0.946368 0.218568 0.237939 0.627751 -0.113898 -0.770036 -0.704118 -0.330296 0.628587 -0.84322 0.351856 0.40642 -0.108653 0.799367 -0.590938 -0.911427 0.09942 0.399271 -0.745936 -0.343019 0.570893 -0.064736 -0.914825 0.398627 0 -0.932349 -0.36156 0.492716 -0.850353 -0.184747 0 -0.992946 -0.118571 0.424836 -0.900227 -0.095429 0 -0.886803 0.462147 0.743445 -0.572077 0.346435 0.541013 -0.74517 -0.389906 0.635497 -0.668397 -0.386508 0.796295 -0.586883 -0.146567 0 -0.958297 -0.285773 0.649607 -0.74675 -0.142738 0.635061 -0.737664 -0.229238 0.529007 -0.818768 -0.223096 0 -0.832173 -0.554516 0.26478 -0.851837 -0.451958 0.104166 -0.869544 -0.482746 0 -0.908205 -0.418526 0.290148 0.93543 0.201952 0.243942 0.637359 0.730935 0.616707 0.782387 0.086854 0.412939 0.908482 -0.064352 0.638246 0.76614 0.075309 0.619661 0.777569 -0.106801 0.118387 0.966701 0.22688 0.55989 0.785207 0.264525 0.417552 0.849062 0.323642 0.578852 0.767552 0.275307 0.645061 0.72721 0.234651 0.262709 0.884884 0.38466 0.436969 0.898861 0.033279 0.362234 0.927245 -0.094886 0.262137 0.925219 -0.274323 0 0.977358 -0.21159 0 0.911409 -0.411502 0.140547 0.947844 0.286073 0 0.940216 0.340578 0 0.732131 0.681164 -0.609367 0.40043 0.684345 0 0.149219 0.988804 -0.673026 0.161696 0.721727 -0.428905 0.354079 0.831065 0 0.260688 0.965423 -0.677077 0.641661 0.36033 0 0.940347 0.340217 -0.789307 0.380522 0.481869 -0.179206 0.60111 -0.778815 -0.890499 0.188236 0.414219 -0.943641 0.2659 0.197073 -0.694604 -0.177096 0.697253 -0.714822 -0.10498 0.691382 0.62399 -0.721709 0.299621 0.468902 -0.803766 0.366184 0.727344 -0.622209 0.289528 -0.73533 0.272768 0.620393 -0.873668 0.193463 0.446404 -0.735133 0.063366 0.674955 -0.611519 0.237782 0.754655 -0.53747 0.123369 0.83421 -0.87679 0.025415 0.480202 -0.794717 -0.1016 0.598417 -0.689863 -0.08574 0.718845 -0.546413 -0.006237 0.837493 -0.678059 0.086349 0.729918 -0.738965 0.281139 0.612284 -0.772604 0.342561 0.534542 -0.917356 0.102389 0.384674 -0.911462 0.208508 0.354628 -0.875419 0.278258 0.395239 -0.848297 0.047931 0.527348 -0.821068 -0.028061 0.570141 -0.806075 -0.090327 0.58488 -0.723522 -0.055445 0.688071 -0.743147 0.094205 0.662463 0.71879 0.666521 0.197715 0.687236 0.704376 0.177653 0.344082 0.339055 0.875585 -0.254637 0.020523 0.966819 -0.794365 0.596948 0.112417 -0.823943 -0.384314 0.416439 -0.928054 -0.323908 0.183845 -0.873338 -0.163709 -0.458782 -0.912816 -0.106888 -0.394135 -0.313563 0.554078 -0.771152 0.280802 0.782286 -0.556039 0.687236 0.704376 0.177653 0.71879 0.666521 0.197715 -0.145427 -0.507191 -0.849476 -0.350512 0.880222 0.319922 -0.160909 0.749456 0.642203 -0.864944 -0.46557 -0.187395 -0.20182 0.867303 0.455032 0.015018 0.951717 0.306609 0 0.915457 0.402416 -0.637297 0.615424 0.463796 -0.744359 -0.465986 0.478317 -0.760556 -0.642067 0.096458 0 0.915457 0.402416 0.015018 0.951717 0.306609 -0.20182 0.867303 0.455032 0.902009 0.428062 0.056065 0.02736 0.394606 -0.918443 0.805231 0.588924 0.069076 -0.0418 0.597317 -0.800915 -0.665044 0.734946 0.132553 -0.868559 -0.296915 -0.396796 -0.788002 -0.51109 -0.343277 -0.793577 -0.59693 0.117941 -0.839103 -0.318571 0.440929 0.091443 0.136175 0.986456 0.053483 0.355324 0.933212 0.805231 0.588924 0.069076 0.902009 0.428062 0.056065 -0.442484 -0.891289 -0.099054 -0.968591 -0.114695 -0.22063 -0.12773 -0.325022 -0.937041 -0.817586 -0.353828 0.454268 0.870274 -0.417541 -0.26131 0.304623 -0.690982 0.655552 0.870274 -0.417541 -0.26131 0 -0.921422 -0.388564 0 -0.986808 -0.161892 0 -0.981589 0.191008 0 -0.959952 0.280164 -0.82279 -0.563454 -0.074403 -0.023069 -0.977683 -0.208815 0.17242 -0.915553 -0.363366 0.467569 -0.854407 -0.226645 0.116781 0.873211 -0.473143 0.358817 0.808118 -0.467114 -0.314928 -0.034065 -0.948504 -0.023069 -0.977683 -0.208815 0.784151 0.08818 -0.614273 -0.006291 0.406952 -0.913428 0.531228 0.193218 -0.824902 0.686343 0.72723 -0.008378 0.569551 0.814567 -0.109968 -0.108653 0.799367 -0.590938 0.627751 -0.113898 -0.770036 -0.04966 0.7321 -0.679384 -0.314928 -0.034065 -0.948504 -0.639585 -0.525551 -0.561005 0.21884 -0.703125 -0.676553 0.660094 -0.751032 0.015065 -0.010255 0.602302 -0.798202 -0.179206 0.60111 -0.778815 0.468902 -0.803766 0.366184 -0.079634 0.313031 -0.946398 0.62399 -0.721709 0.299621 0.727344 -0.622209 0.289528 0.21884 -0.703125 -0.676553 0.266461 -0.961212 0.071199 -0.325371 0.755454 0.568703 0.608629 0.038698 -0.792511 -0.88824 -0.172975 -0.42557 -0.896747 -0.24894 -0.365888 0.802238 0.460463 -0.379985 -0.785604 -0.542948 -0.296706 0.944392 0.241193 -0.223493 -0.694569 -0.619885 -0.365125 0.988879 0.06738 -0.132584 -0.665764 -0.680524 -0.306016 0.910754 0.02497 -0.412194 0.531228 0.193218 -0.824902 0.870211 -0.16892 -0.462817 0.827901 -0.501325 -0.251503 -0.475649 -0.867903 -0.143183 -0.132412 -0.260449 -0.956365 -0.942771 -0.214982 -0.254884 -0.814816 -0.44414 0.372579 0.109116 -0.77043 0.628117 0.827901 -0.501325 -0.251503 -0.19476 -0.219204 -0.956043 0.458939 -0.28238 -0.842399 0.933929 -0.319548 -0.160207 0.924655 -0.358248 -0.129122 -0.919597 -0.246789 -0.305673 -0.942549 -0.093166 -0.320814 -0.88962 -0.352657 0.290189 -0.812777 -0.33704 0.475181 -0.055002 -0.653726 0.75473 0.572735 -0.632283 0.521721 -0.342177 -0.916485 -0.207295 0.933929 -0.319548 -0.160207 0.924655 -0.358248 -0.129122 0.366098 -0.56608 0.738597 -0.157869 -0.987421 -0.008748 0.840763 -0.261385 -0.474127 0.765735 -0.54541 0.340848 0.754088 -0.461009 -0.467784 0.911221 -0.375089 -0.170248 0.000795 -0.9929 0.118952 0.309813 -0.069324 -0.948267 0.11715 -0.03133 -0.99262 -0.633588 -0.543608 0.550506 0.188549 -0.586139 0.787966 -0.423207 -0.609048 0.670788 -0.911633 -0.36308 -0.192607 -0.69037 -0.266256 -0.672679 0.242076 -0.61844 0.747617 0.800677 -0.52101 0.295746 0.11715 -0.03133 -0.99262 0.309813 -0.069324 -0.948267 -0.951898 -0.296057 0.078997 -0.636289 -0.362028 0.681229 -0.519169 -0.275798 -0.808949 -0.982085 -0.121445 0.144084 0.079982 -0.341278 -0.936553 -0.496288 -0.312222 0.810071 0.840763 -0.261385 -0.474127 0.754088 -0.461009 -0.467784 0 0.10539 0.994431 0.555106 0.358128 -0.750734 0.222865 0.956634 -0.187572 0.820582 0.390821 0.417018 -0.282723 0.670079 0.686339 0.036999 0.982449 -0.182828 0.555106 0.358128 -0.750734 0 0.911409 -0.411502 0.714365 -0.068876 -0.696375 -0.063315 0.975231 0.211932 -0.245535 0.967425 0.06166 0.118387 0.966701 0.22688 0.412939 0.908482 -0.064352 -0.096659 0.892827 0.439906 0.417552 0.849062 0.323642 0.262709 0.884884 0.38466 0 0.999929 0.011898 0 0.963003 0.269492 0 0.908847 0.417129 0 0.801474 0.598029 0.140547 0.947844 0.286073 0 0.940216 0.340578 0.813625 -0.106904 0.571477 0.813625 -0.106904 0.571477 0.813625 -0.106904 0.571477 0.655364 0.211384 0.725131 0.655364 0.211384 0.725131 0.640336 0.253353 0.725109 0.669089 0.168995 0.723713 0.735196 -0.036147 0.67689 0.735196 -0.036147 0.67689 0.735196 -0.036147 0.67689 0.436242 -0.819174 -0.372353 0.671511 -0.473632 -0.569865 0.171804 -0.980554 -0.09485 -0.107345 -0.98398 -0.14234 0.572455 -0.672026 -0.469761 -0.017043 -0.989662 0.142402 0.03274 -0.904689 0.424813 -0.688522 -0.471589 0.550946 -0.032857 -0.987379 0.154929 0.814573 -0.570649 -0.104066 0.140355 -0.909457 0.391393 -0.538784 -0.316094 0.780895 0.931135 -0.348448 0.107569 0.073879 -0.994856 0.069309 0 -0.972524 0.232805 0 -0.779918 0.625881 0.136202 -0.974402 0.178855 0 -0.992285 0.123975 0.087528 -0.980971 -0.173308 0.275349 -0.722948 -0.633663 0 -0.952811 -0.303565 0 -0.715695 -0.698413 -0.859203 -0.507594 0.064179 0.023231 -0.986894 0.159687 -0.712645 -0.569712 0.409348 0.049378 -0.855855 0.514853 0.781086 -0.576588 0.23969 0.845991 -0.268696 0.460546 -0.709163 -0.249357 0.659476 0.867204 -0.470326 -0.163557 -0.275349 -0.722948 -0.633664 -0.087528 -0.980971 -0.173308 -0.436242 -0.819174 -0.372353 -0.136202 -0.974402 0.178855 -0.177807 -0.980385 -0.085028 -0.672375 -0.477572 -0.56554 0.111802 -0.985155 -0.130267 -0.558049 -0.679965 -0.475636 0.028628 -0.989405 0.142332 -0.038909 -0.906585 0.420225 0.688522 -0.471588 0.550946 0.033991 -0.987016 0.156982 -0.81298 -0.572854 -0.104413 -0.137635 -0.906907 0.398217 0.538784 -0.316094 0.780895 -0.931584 -0.344051 0.117391 -0.073879 -0.994856 0.069309 0.859203 -0.507593 0.064179 -0.867204 -0.470326 -0.163557 -0.023231 -0.986894 0.159687 0.712645 -0.569712 0.409348 -0.049378 -0.855855 0.514853 -0.781086 -0.576588 0.23969 -0.845991 -0.268697 0.460545 0.709163 -0.249357 0.659476 0.050942 -0.996036 0.072915 0.337118 -0.722181 0.603992 -0.600117 -0.281686 0.748674 -0.613313 -0.464494 0.638821 0.068124 -0.987426 0.142653 0.875726 -0.470985 -0.106191 0.961079 -0.27542 -0.021681 0.344289 0.695835 0.6303 -0.479162 0.275811 0.833266 0.429895 0.292339 0.854241 0.958279 0.273598 0.082739 -0.424166 0.461408 0.779221 0.349254 0.764064 0.542428 -0.613313 -0.464494 0.638821 0.894304 0.443753 0.057487 0.875726 -0.470985 -0.106191 -0.600117 -0.281686 0.748674 0.337118 -0.722181 0.603992 0.961079 -0.27542 -0.021681 -0.681565 0.279916 0.676104 0.082139 0.617071 0.782609 -0.712221 0.562164 0.420372 0.037833 0.856196 0.515264 0.775281 0.551008 0.308754 0.818946 0.239817 0.52136 0.981325 0.121487 0.149137 -0.926812 0.112812 0.358181 -0.064523 0.995972 0.062257 -0.767922 0.638625 0.049547 -0.979077 0.185206 0.084303 -0.609201 0.683761 0.401677 0.965714 0.165395 -0.2001 0.70267 0.680846 -0.206648 -0.114993 0.985006 -0.128605 0.750376 0.656895 0.073651 0.867204 -0.470326 -0.163557 0.781086 -0.576588 0.23969 0.845991 -0.268696 0.460546 0.03274 -0.904689 0.424813 0 -0.779918 0.625881 -0.859203 -0.507594 0.064179 -0.712645 -0.569712 0.409348 -0.709163 -0.249357 0.659476 0.979077 0.185205 0.084303 0.859203 -0.507593 0.064179 0.611551 0.674905 0.412927 0.767922 0.638625 0.049547 0.144382 0.984011 -0.104289 0.064523 0.995972 0.062256 -0.692634 0.696672 -0.186834 -0.738596 0.672028 0.053426 0.712221 0.562164 0.420372 -0.037833 0.856196 0.515264 -0.082139 0.617071 0.782609 0.681565 0.279916 0.676104 -0.775281 0.551008 0.308754 -0.818946 0.239817 0.521359 -0.981325 0.121488 0.149137 0.926812 0.112813 0.35818 -0.966449 0.164936 -0.196909 -0.867204 -0.470326 -0.163557 -0.781086 -0.576588 0.23969 -0.845991 -0.268697 0.460545 -0.038909 -0.906585 0.420225 0.709163 -0.249357 0.659476 0.712645 -0.569712 0.409348 0.969025 -0.18914 0.158796 0.760488 -0.644497 -0.079254 0.000522 -0.9725 -0.232904 0.014961 -0.939595 -0.341961 -0.729692 -0.675468 0.10627 -0.923681 -0.158268 0.348947 0.093738 -0.772006 0.628665 0.795729 0.412018 0.443911 0.823019 0.269547 0.499984 0.969025 -0.18914 0.158796 0.12381 0.608126 0.784126 0.117043 0.727998 0.675514 -0.646255 0.456451 0.611561 -0.691808 0.281698 0.664867 -0.923681 -0.158268 0.348947 0.85164 0.004416 0.524108 0.097426 0.206844 0.973511 -0.723057 -0.007761 0.690745 -0.729692 -0.675468 0.10627 0.093738 -0.772006 0.628665 0.760488 -0.644497 -0.079254 0.376752 0.91976 -0.109999 0.833566 0.519198 -0.188683 0.509835 0.820791 0.257625 0.773865 -0.206143 -0.598863 0.767787 0.356052 -0.532664 0.671511 -0.473632 -0.569865 0.436242 -0.819174 -0.372353 0.750376 0.656895 0.073651 0.12723 0.918539 0.374297 -0.114993 0.985006 -0.128605 -0.609201 0.683761 0.401677 -0.000266 0.780809 0.62477 0.03274 -0.904689 0.424813 -0.233785 0.840166 0.489353 0.611551 0.674905 0.412927 0 -0.779918 0.625881 0.275349 -0.722948 -0.633663 0.37985 -0.422311 -0.823023 0.874952 0.122665 -0.468415 0.672029 -0.037506 -0.739575 0 -0.715695 -0.698413 0.144382 0.984011 -0.104289 -0.06272 0.927799 0.367772 -0.738596 0.672028 0.053426 -0.497434 0.832798 0.242914 -0.386247 0.914284 -0.122059 -0.831488 0.519351 -0.197236 -0.771129 -0.192074 -0.607015 -0.954527 -0.092661 0.28336 0.186948 0.856745 0.480665 -0.038909 -0.906585 0.420225 -0.672375 -0.477572 -0.56554 -0.767787 0.356053 -0.532664 -0.436242 -0.819174 -0.372353 -0.688696 0.26703 0.674087 -0.884907 0.328057 0.330633 -0.449799 0.593222 0.667659 0.008422 0.472468 0.881308 -0.033408 0.477471 0.878012 0.464769 0.605254 0.646264 0.702906 0.300842 0.644529 0.598939 0.335482 0.727134 0.990664 0.135547 0.014528 0.949297 0.30959 -0.054675 0.966348 0.252869 0.047209 0.673002 -0.121968 -0.729515 0.716703 -0.002494 -0.697375 0.769485 0.114931 -0.628238 -0.034629 -0.04795 -0.998249 0.181247 -0.205662 -0.961693 -0.030334 0.10523 -0.993985 0.739061 0.059637 0.670994 0.995901 -0.005045 0.090308 0.68745 -0.20052 0.698 0.016359 0.027205 0.999496 0.024512 -0.353031 0.93529 0.70277 0.107529 -0.703244 0.548087 0.012916 -0.836321 0.982249 -0.184323 -0.034812 0.010962 0.187538 -0.982196 0.993285 -0.015604 -0.114638 0.744133 -0.076032 0.663691 0.972368 0.09701 -0.212344 0.651913 -0.240947 0.718995 0.376232 -0.005319 -0.92651 0.435929 0.228079 -0.870601 -0.457756 0.159678 -0.874622 -0.523549 -0.172493 -0.834351 -0.980946 -0.121098 -0.151924 -0.039039 0.70674 -0.706396 -0.995595 0.004845 -0.093633 -0.744735 0.21769 -0.630858 0.935092 0.008417 -0.354305 0.927828 -0.207867 0.309721 0.954286 0.168098 -0.247146 0.919623 -0.017993 0.392389 0.553505 -0.443089 0.705198 0.852763 0.485173 -0.193396 0.833841 0.287614 0.471156 0.621343 -0.242831 0.744961 0.674982 0.045889 0.736406 0.569887 0.178472 -0.802108 -0.18356 -0.026469 -0.982652 0.110573 -0.48475 0.867636 0.251386 -0.089759 0.963716 -0.043782 -0.594211 0.803117 0.17807 -0.371181 0.911327 -0.085953 -0.335801 -0.938003 -0.3316 -0.56417 0.756144 -0.263875 -0.2621 0.928264 0.38847 -0.481842 0.785442 0.400197 -0.609701 0.684183 -0.397654 -0.757765 0.517363 -0.395548 -0.563098 0.725578 -0.49952 -0.384999 0.776051 0.06432 -0.200866 0.977505 -0.980946 -0.121098 -0.151924 0.068098 -0.914054 -0.399836 -0.745526 -0.150557 0.649249 -0.673557 -0.22922 0.702694 -0.997906 -0.003986 0.064559 -0.967528 -0.252479 -0.012025 -0.746827 0.036365 0.664023 -0.969041 0.242409 0.046873 -0.595792 0.353301 0.721256 -0.946046 0.259476 0.194086 0.016896 0.315777 0.948683 0.134121 0.936054 0.325291 0.823549 0.564349 -0.057248 0.139906 0.989582 -0.033971 0.70841 0.586718 -0.392323 0.376752 0.91976 -0.109999 0.767787 0.356052 -0.532664 -0.233785 0.840166 0.489353 -0.633352 0.635938 0.440962 0.981627 0.102937 -0.160664 0.844069 0.031304 -0.535321 -0.437156 0.6124 0.658681 -0.722551 0.167931 0.670611 -0.908417 0.13837 0.394502 0.03274 -0.904689 0.424813 -0.445526 0.323525 0.834768 0.363511 0.769387 0.525265 0.959504 0.268911 0.083894 0.814573 -0.570649 -0.104066 0.931135 -0.348448 0.107569 0.671511 -0.473632 -0.569865 0.572455 -0.672026 -0.469761 -0.688522 -0.471589 0.550946 -0.538784 -0.316094 0.780895 -0.050942 -0.996036 0.072915 0.600117 -0.281686 0.748674 -0.337116 -0.722182 0.603991 0.613313 -0.464494 0.638821 -0.068123 -0.987426 0.142653 -0.875726 -0.470985 -0.106191 -0.96108 -0.27542 -0.021681 0.600117 -0.281686 0.748674 0.479162 0.275811 0.833266 -0.429895 0.292339 0.854241 0.613313 -0.464494 0.638821 0.424166 0.461408 0.779221 -0.344289 0.695835 0.6303 -0.958279 0.273598 0.082739 -0.349253 0.764064 0.542428 -0.894303 0.443754 0.057487 -0.875726 -0.470985 -0.106191 -0.337116 -0.722182 0.603991 -0.96108 -0.27542 -0.021681 -0.969025 -0.18914 0.158796 -0.000521 -0.9725 -0.232903 -0.760487 -0.644498 -0.079253 -0.014961 -0.939595 -0.341961 0.729692 -0.675468 0.10627 0.923681 -0.158268 0.348947 -0.093737 -0.772006 0.628665 -0.795728 0.412018 0.443911 -0.969025 -0.18914 0.158796 -0.823019 0.269548 0.499984 -0.123809 0.608126 0.784127 -0.117043 0.727998 0.675515 0.646255 0.456451 0.611561 0.691808 0.281698 0.664867 0.923681 -0.158268 0.348947 -0.85164 0.004417 0.524109 -0.097426 0.206844 0.973511 0.723057 -0.007761 0.690745 0.729692 -0.675468 0.10627 -0.093737 -0.772006 0.628665 -0.760487 -0.644498 -0.079253 -0.455927 -0.4132 -0.788287 -0.046516 -0.436603 -0.898451 -0.275349 -0.722948 -0.633664 -0.771129 -0.192074 -0.607015 -0.5909 -0.60248 -0.536521 -0.152469 -0.017084 -0.988161 -0.436242 -0.819174 -0.372353 -0.954527 -0.092661 0.28336 -0.802613 0.232415 -0.549359 -0.777133 0.120392 -0.617713 -0.969041 0.242409 0.046873 -0.946046 0.259476 0.194086 -0.997906 -0.003986 0.064559 -0.696407 0.109446 -0.709252 -0.078515 -0.00251 -0.99691 -0.967528 -0.252479 -0.012025 -0.646946 -0.110282 -0.754519 -0.148186 0.932875 0.328307 -0.183255 0.981605 -0.053572 -0.837174 0.544716 -0.04924 -0.718931 0.560762 -0.410711 -0.386247 0.914284 -0.122059 -0.767787 0.356053 -0.532664 0.186948 0.856745 0.480665 0.627603 0.649111 0.429849 -0.9814 0.106797 -0.159524 -0.842191 0.035618 -0.538002 0.437157 0.6124 0.658681 0.722551 0.167931 0.670611 0.908417 0.13837 0.394502 -0.038909 -0.906585 0.420225 0.445526 0.323526 0.834768 -0.36351 0.769387 0.525265 -0.959504 0.268912 0.083894 -0.81298 -0.572854 -0.104413 -0.558049 -0.679965 -0.475636 -0.931584 -0.344051 0.117391 -0.672375 -0.477572 -0.56554 0.688522 -0.471588 0.550946 0.538784 -0.316094 0.780895 -0.085953 -0.335801 -0.938003 0.964426 -0.241293 -0.107985 0.776673 -0.019057 -0.629616 0.830518 -0.431492 0.352215 0.390729 -0.1441 0.909157 0.913495 -0.108285 0.392176 0.686175 -0.640212 0.345389 0.38847 -0.481842 0.785442 0.750129 -0.417421 0.512899 0.45666 -0.648253 0.609286 0.622112 -0.705886 0.338676 0.405556 -0.829764 0.383427 0.226983 -0.760776 0.608028 0.444812 -0.373009 0.814252 0.674893 -0.731041 0.100488 0.408065 -0.89961 0.155514 0.243274 -0.93755 -0.24863 0 -0.975246 0.221123 0 -0.946345 -0.323159 -0.030778 -0.00802 -0.999494 0.580636 0.108216 -0.80694 -0.132053 0.429569 -0.893326 -0.845566 -0.515656 0.138262 -0.285737 -0.887087 0.362534 -0.819222 -0.511788 0.258745 -0.290674 -0.836017 0.465387 0.290255 -0.878993 0.378318 0.474673 -0.695023 0.540026 -0.918486 -0.333865 0.211935 -0.344367 -0.390407 0.853811 -0.926884 -0.207109 0.313037 0.458012 -0.308437 0.833721 0.33978 -0.055442 0.938869 -0.47045 -0.058728 0.88047 -0.926427 -0.049851 0.373159 0.89422 -0.027175 0.446802 0.954708 -0.167341 0.246029 0.976437 -0.210499 0.047546 0.823144 -0.550317 0.139949 0.405097 -0.791372 0.457851 0.977259 0.071039 -0.199797 0.914447 -0.284927 0.287409 0.956499 0.05944 -0.285617 0.866401 0.159585 0.473162 0.943978 0.254373 -0.210236 0.972511 0.06925 -0.22232 0.347109 0.169761 0.922332 -0.323717 0.097076 0.941161 -0.903464 0.117673 0.412197 -0.947254 0.212067 -0.240286 -0.973785 -0.027424 -0.225812 0.812221 0.206865 -0.545439 0.765088 0.074624 -0.639587 0.031936 0.259109 -0.96532 0.025839 0.091043 -0.995512 0.785353 -0.037321 -0.617922 0.963394 -0.095797 -0.250389 -0.725298 0.046013 -0.686895 -0.799817 0.157528 -0.579205 -0.973785 -0.027424 -0.225812 -0.958596 -0.187993 -0.213898 -0.758822 -0.108336 -0.642224 -0.947254 0.212067 -0.240286 -0.67573 0.262987 -0.688641 -0.944878 0.24357 -0.218816 -0.638158 -0.037502 -0.768991 -0.969721 -0.003905 -0.244183 0.007977 0.000169 -0.999968 0.009664 0.225475 -0.974201 0.688017 0.292448 -0.664159 0.647971 -0.011787 -0.761574 0.942184 0.272543 -0.194963 0.971686 0.027661 -0.234651 0.879414 0.110506 0.463055 0.410623 0.055928 0.910089 -0.412003 0.092159 0.90651 -0.891727 0.08993 0.443549 -0.382687 0.090251 0.91946 -0.969721 -0.003905 -0.244183 -0.827901 0.37857 0.413842 0.822021 0.388802 0.41607 -0.268363 0.961503 -0.059102 -0.502849 0.821842 0.267803 -0.786641 0.607575 -0.109768 -0.679634 0.730616 0.065556 -0.367673 0.892055 0.262782 -0.087551 0.994973 0.048607 0.000736 0.851491 0.524369 0.566239 0.653615 0.502157 -0.542039 0.703058 0.46033 0.092838 0.99461 0.046163 0.681341 0.729183 0.063763 0.368218 0.892911 0.259084 0.270278 0.961218 -0.05486 0.785314 0.609208 -0.110215 0.501844 0.82294 0.266313 0.573117 -0.009731 -0.819416 0.758873 -0.187065 -0.623794 0.793615 0.098845 -0.600337 0.439256 -0.387429 -0.810526 0.302075 -0.655871 -0.691797 -0.126061 -0.828071 0.546266 0.05011 0.94865 0.312335 0.730828 0.476098 -0.489102 0.69891 -0.436302 -0.566714 0.423994 -0.816469 -0.391928 0 -0.743085 -0.669197 0 -0.37602 -0.926612 0.493751 0.013306 -0.869502 0.003073 -0.191177 -0.981551 -0.439256 -0.387429 -0.810526 -0.302075 -0.655871 -0.691797 -0.758873 -0.187066 -0.623794 -0.570759 -0.028773 -0.820613 -0.423994 -0.816469 -0.391929 -0.454907 -0.055727 -0.888794 -0.802494 0.069079 -0.592648 -0.983219 -0.094858 -0.155826 -0.782828 0.401318 -0.475525 -0.93167 -0.34373 -0.117647 -0.839453 -0.217103 -0.498181 -0.957115 -0.265321 -0.116341 -0.993078 0.063849 -0.098584 0.013733 0.767556 -0.640835 -0.798366 0.537813 -0.270868 0.691895 0.503505 -0.517459 0.700022 0.394862 -0.595024 0.979754 -0.142774 -0.140351 0.99052 0.12859 -0.048327 -0.93167 -0.34373 -0.117647 -0.918665 -0.366054 0.148521 -0.704894 -0.641049 -0.303613 -0.957115 -0.265321 -0.116341 -0.983219 -0.094858 -0.155826 -0.993078 0.063849 -0.098584 -0.994509 0.091889 -0.050084 -0.991708 -0.124369 -0.032355 -0.958596 -0.187993 -0.213898 -0.889255 0.38407 0.248426 -0.884907 0.328057 0.330633 -0.5909 -0.60248 -0.536521 0.557158 -0.718846 0.415735 0.225285 -0.499829 -0.836312 0.423994 -0.816469 -0.391928 0.69891 -0.436302 -0.566714 0.166704 -0.980215 -0.106717 -0.099655 -0.982709 -0.156054 0.628884 -0.602079 -0.491941 -0.009935 -0.989556 0.143805 -0.126061 -0.828071 0.546266 -0.616944 -0.544905 0.567855 -0.030199 -0.987176 0.156751 0.853962 -0.505696 -0.122557 0.140356 -0.909457 0.391394 -0.569639 -0.288704 0.769521 0.951864 -0.302066 0.052071 0.074183 -0.99486 0.068921 0 -0.972667 0.232207 -0.001652 -0.735742 0.67726 0.136202 -0.974402 0.178855 0 -0.992285 0.123975 0.086525 -0.964707 -0.248704 0.302075 -0.655871 -0.691797 0 -0.743085 -0.669197 0 -0.974072 -0.226238 -0.875757 -0.477528 0.070833 0.023256 -0.986894 0.159684 -0.729302 -0.546715 0.411366 0.049377 -0.855856 0.514852 0.79684 -0.554523 0.239896 0.870676 -0.240506 0.429045 -0.736064 -0.219585 0.640306 0.881306 -0.445996 -0.156164 -0.086525 -0.964707 -0.248704 -0.302075 -0.655871 -0.691797 -0.423994 -0.816469 -0.391929 -0.136202 -0.974402 0.178855 -0.173689 -0.979879 -0.098328 -0.698217 -0.437653 -0.566527 0.022095 -0.986561 0.161894 0.091351 -0.984634 -0.148832 0.125169 -0.829572 0.54419 0.018471 -0.989878 0.140717 0.616944 -0.544905 0.567854 -0.619513 -0.60702 -0.497725 -0.851745 -0.509498 -0.12224 -0.137635 -0.906907 0.398217 0.569639 -0.288703 0.769521 -0.95234 -0.298766 0.061549 -0.074183 -0.99486 0.068921 0.807466 -0.587242 0.056078 -0.881306 -0.445995 -0.156164 -0.023256 -0.986894 0.159684 0.822358 -0.430321 0.372226 -0.049378 -0.855856 0.514852 -0.79684 -0.554523 0.239895 -0.870677 -0.240506 0.429045 0.749896 -0.209297 0.627575 0.050942 -0.996036 0.072915 0.337114 -0.722184 0.60399 -0.600118 -0.281686 0.748673 -0.613313 -0.464494 0.638821 0.068123 -0.987426 0.142653 0.875726 -0.470986 -0.106192 0.96108 -0.275419 -0.021682 0.344289 0.695835 0.6303 -0.479161 0.275811 0.833266 0.429895 0.29234 0.854241 0.958279 0.273599 0.082739 -0.424166 0.461407 0.779222 0.349254 0.764064 0.542427 -0.613313 -0.464494 0.638821 0.894303 0.443754 0.057486 0.875726 -0.470986 -0.106192 -0.600118 -0.281686 0.748673 0.337114 -0.722184 0.60399 0.96108 -0.275419 -0.021682 -0.654948 0.366967 0.660589 0.09965 0.675239 0.730836 -0.79105 0.435239 0.429892 0.20941 0.876657 0.433151 0.896749 0.346529 0.275242 0.811633 0.319626 0.488969 -0.229418 0.973316 0.004734 -0.910278 0.406848 0.076601 0.870676 -0.240506 0.429045 0.79684 -0.554523 0.239896 0.881306 -0.445996 -0.156164 0.807503 0.575129 -0.131016 0.092838 0.99461 0.046163 0.681341 0.729183 0.063763 -0.126061 -0.828071 0.546266 -0.736064 -0.219585 0.640306 -0.729302 -0.546715 0.411366 -0.542039 0.703058 0.46033 -0.001652 -0.735742 0.67726 -0.875757 -0.477528 0.070833 0.922962 0.363249 0.127248 0.807466 -0.587242 0.056078 0.566239 0.653615 0.502157 0.23797 0.971243 0.0076 -0.087551 0.994973 0.048607 -0.806902 0.575802 -0.131761 -0.679634 0.730616 0.065556 0.141577 0.889542 0.434363 0.863735 0.339796 0.372156 0.681064 0.453467 0.574909 -0.314596 0.638193 0.702666 -0.89675 0.346529 0.275241 -0.811634 0.319627 0.488968 -0.881306 -0.445995 -0.156164 -0.79684 -0.554523 0.239895 -0.870677 -0.240506 0.429045 0.125169 -0.829572 0.54419 0.749896 -0.209297 0.627575 0.822358 -0.430321 0.372226 0.941954 -0.277457 0.189051 0.902952 -0.396795 0.165018 0.028428 -0.993906 -0.106499 0.037532 -0.940051 -0.338962 0.085394 -0.848297 0.522591 -0.814407 -0.453675 0.361827 -0.894611 -0.258234 0.364673 0.795728 0.412019 0.443911 0.843285 0.23241 0.48462 0.941954 -0.277457 0.189051 0.123809 0.608126 0.784127 0.117043 0.727998 0.675515 -0.646256 0.456451 0.611561 -0.714098 0.254271 0.652235 -0.894611 -0.258234 0.364673 0.902952 -0.396795 0.165018 0.109275 0.165114 0.980202 -0.814407 -0.453675 0.361827 0.085394 -0.848297 0.522591 0.158928 0.903734 0.397501 0.918243 0.37083 -0.138979 0.198237 0.968329 -0.151791 0.821613 0.267923 -0.50316 0.730828 0.476098 -0.489102 0.270278 0.961218 -0.05486 0.05011 0.94865 0.312335 -0.653009 0.604627 0.456077 -0.667185 0.324748 0.670375 -0.126061 -0.828071 0.546266 -0.452317 0.535342 0.713315 0.308945 0.811109 0.496643 0.909072 0.406359 0.091983 0.853962 -0.505696 -0.122557 0.951864 -0.302066 0.052071 0.69891 -0.436302 -0.566714 0.628884 -0.602079 -0.491941 -0.616944 -0.544905 0.567855 -0.569639 -0.288704 0.769521 -0.001652 -0.735742 0.67726 -0.050942 -0.996036 0.072915 0.600118 -0.281686 0.748673 -0.337115 -0.722184 0.603989 0.613313 -0.464494 0.638821 -0.068123 -0.987426 0.142653 -0.875726 -0.470985 -0.106191 -0.96108 -0.275419 -0.021681 0.600118 -0.281686 0.748673 0.479161 0.275811 0.833266 -0.429895 0.29234 0.854241 0.613313 -0.464494 0.638821 0.424166 0.461407 0.779222 -0.34429 0.695835 0.6303 -0.958279 0.273598 0.082739 -0.349254 0.764064 0.542428 -0.894303 0.443753 0.057487 -0.875726 -0.470985 -0.106191 -0.337115 -0.722184 0.603989 -0.96108 -0.275419 -0.021681 -0.941954 -0.277457 0.189052 -0.028428 -0.993906 -0.106499 -0.902952 -0.396795 0.165018 -0.037532 -0.940051 -0.338961 -0.085394 -0.848296 0.522591 0.814407 -0.453676 0.361828 0.894611 -0.258234 0.364673 -0.795728 0.412019 0.443912 -0.941954 -0.277457 0.189052 -0.843285 0.23241 0.48462 -0.123809 0.608126 0.784127 -0.117042 0.727998 0.675515 0.646256 0.45645 0.611561 0.714098 0.254271 0.652235 0.894611 -0.258234 0.364673 -0.902952 -0.396795 0.165018 -0.109275 0.165115 0.980202 0.814407 -0.453676 0.361828 -0.085394 -0.848296 0.522591 -0.758873 -0.187066 -0.623794 -0.698217 -0.437653 -0.566527 -0.731711 0.463247 -0.500002 -0.793947 0.096691 -0.600249 -0.423994 -0.816469 -0.391929 -0.17018 0.90072 0.399677 -0.231818 0.958896 -0.163646 -0.926943 0.353683 -0.125238 -0.825089 0.246841 -0.508231 -0.731711 0.463247 -0.500002 -0.268363 0.961503 -0.059102 -0.063844 0.948401 0.31058 0.6459 0.621299 0.443622 0.667185 0.324749 0.670375 0.125169 -0.829572 0.54419 0.452317 0.535343 0.713315 -0.308946 0.811109 0.496643 -0.909072 0.406359 0.091982 -0.851745 -0.509498 -0.12224 -0.619513 -0.60702 -0.497725 -0.95234 -0.298766 0.061549 -0.698217 -0.437653 -0.566527 0.616944 -0.544905 0.567854 0.569639 -0.288703 0.769521 -0.063844 0.948401 0.31058 0.125169 -0.829572 0.54419 -0.944878 0.24357 -0.218816 -0.165819 0.721624 0.672133 0.111499 0.625861 0.771923 0.063774 0.217497 0.973975 -0.007465 0.667242 0.744804 -0.27457 0.881685 0.383723 0.121349 0.941875 0.313284 0.196103 0.916535 0.348578 0.1839 0.964012 0.191993 0.445709 0.77005 0.456471 0.510197 0.799394 0.317283 0.632207 0.71491 0.298692 0.651612 0.74885 0.120935 0.634954 0.770773 0.052364 0.777025 0.6267 0.058984 0.805557 0.549878 0.22071 0.579978 0.321587 0.74847 0.741155 0.443681 0.503821 0.550078 0.822407 0.145126 0.677077 0.641661 0.36033 0.768761 0.532468 0.354238 0.621897 0.577202 0.529228 0.743147 0.094205 0.662463 0.678058 0.086349 0.729918 0.998184 -0.059629 0.008498 0.996458 0.083019 -0.013363 0.819565 -0.500886 -0.278256 0.972255 -0.177418 0.152457 0.822224 -0.56465 0.07154 0.795792 -0.599687 -0.08421 0.746822 0.649211 0.144163 0.789307 0.380521 0.481869 0.689246 0.529323 0.494729 0.834341 0.538003 0.120112 0.951814 -0.076535 0.296972 0.969517 -0.242893 -0.032237 0.839335 -0.502931 -0.206343 0.885929 -0.453366 0.097927 0.845654 -0.533612 0.011341 0.428905 0.354078 0.831065 0.462002 0.383057 0.799889 0.630111 -0.144221 0.762994 0.650524 -0.662543 0.371287 0.159276 0.237047 0.958353 0.1498 -0.28601 0.946445 0.399888 -0.677701 0.617099 0.197866 -0.978312 -0.061272 0.095922 -0.971356 -0.21741 -0.104166 -0.869544 -0.482746 -0.264779 -0.851837 -0.451957 0.022669 -0.74706 0.66437 -0.011473 -0.999303 -0.035517 0.190089 -0.904483 -0.381808 -0.30523 -0.931061 -0.1999 -0.645371 -0.73461 -0.209391 0.323355 -0.918847 -0.22619 -0.124589 -0.920654 -0.369964 -0.635497 -0.668398 -0.386508 -0.796296 -0.586883 -0.146565 -0.649607 -0.74675 -0.142738 -0.541012 -0.745171 -0.389905 -0.569354 -0.723668 -0.390052 -0.492716 -0.850353 -0.184747 -0.424836 -0.900227 -0.095429 -0.071383 -0.995878 -0.055966 -0.171179 -0.982431 0.074339 -0.743445 -0.572077 0.346435 0.460338 -0.80546 0.373259 0.75678 -0.649146 0.07677 0.046292 -0.863936 0.50147 0.658949 -0.56207 0.499863 0.696934 -0.389519 0.602128 0.827564 -0.355514 0.43445 0.931681 -0.163352 0.32448 0.912454 -0.376611 0.159973 0.968548 -0.244306 0.047208 0.906096 -0.421977 0.030427 0.955948 -0.293137 -0.015311 0.998767 0.027636 0.041231 0.986541 0.01186 -0.163086 0.949644 -0.104421 0.29542 0.859176 -0.502183 0.098125 0.908751 -0.085851 0.408413 0.865623 -0.341099 0.366535 0.870935 -0.01302 0.491225 0.577144 -0.44349 0.685727 0.148062 -0.793869 0.589788 0.497722 -0.817667 0.2893 0.705196 -0.672504 0.224581 0.82285 -0.444983 0.353422 0.770076 -0.632251 0.085097 0.219551 -0.949566 0.223878 0.251036 -0.965523 -0.068884 0.776143 -0.612011 -0.151806 0.255482 -0.908472 -0.330767 0.736539 -0.644763 -0.204429 0.274683 -0.921162 -0.2757 0.639446 -0.760682 0.111681 0.171821 -0.982871 0.066643 0.271568 -0.944041 0.187184 -0.266461 -0.961212 0.071199 0.952746 -0.271336 0.136574 0.896029 -0.11587 0.428609 0.976715 0.021383 0.213471 0.357827 0.90185 0.242129 0.066043 0.976521 0.205049 -0.638246 0.76614 0.075309 -0.619661 0.77757 -0.106801 0.990341 -0.09983 -0.096217 -0.616707 0.782386 0.086854 0.320677 0.941774 -0.101135 0.21985 -0.874093 0.43316 0.155516 -0.880517 0.447777 0.443364 -0.809546 0.384789 0.821024 -0.566986 0.066674 0.268369 -0.742124 0.614191 0.332897 0.044759 0.9419 0.086728 0.841958 0.532528 0.639527 -0.642583 0.42201 0.973897 -0.032037 0.224719 0.683204 0.069727 0.726891 0.528343 0.731521 0.430964 0.914353 0.326413 0.23961 0.209828 0.96233 0.172899 -0.036999 0.982449 -0.182828 0.994096 0.014159 -0.107578 0.886842 0.459635 -0.047398 0.282724 0.670079 0.68634 -0.078596 0.991474 -0.103934 -0.436968 0.898861 0.033279 -0.262137 0.92522 -0.274322 0.818319 0.555677 0.146892 0.099766 0.968555 0.227921 -0.060228 0.945805 0.319102 0.030982 0.925992 0.376269 -0.645061 0.72721 0.234652 -0.578852 0.767552 0.275308 0.939205 0.189956 0.286024 0.996522 -0.073968 0.038363 0.915192 -0.37616 -0.144662 0.947086 -0.31752 -0.047006 0.968274 -0.238386 -0.074946 0.94244 0.30932 -0.126996 0.938723 -0.333262 -0.087956 0.978424 -0.205448 0.021831 0.438576 0.8721 0.217008 -0.079065 0.952413 0.294379 -0.55989 0.785207 0.264525 -0.358818 0.808118 -0.467113 0.813729 0.312449 0.490123 -0.116781 0.873211 -0.473143 0.744717 -0.39075 0.541028 0.852504 0.241912 0.463374 0.964551 0.017647 0.263306 0.970314 0.045473 0.237537 -0.467569 -0.854407 -0.226645 0.972269 0.193604 -0.131191 0.942779 0.213117 0.256416 0.817865 0.183969 0.545209 -0.784151 0.08818 -0.614273 0.89742 -0.297736 0.325562 0.79812 -0.42473 0.427328 0.884492 0.466315 -0.01498 0.85032 -0.309077 0.425943 0.688302 0.534946 0.489973 0.948015 0.252206 0.194062 0.911989 0.338649 0.231504 0.849645 0.067219 0.523054 0.803669 0.329144 0.495763 0.817652 0.092656 0.568208 0.755304 0.098162 0.647982 0.864542 0.234616 0.444436 0.708878 0.684902 0.168526 0.824614 0.360891 0.435625 0.75567 0.10898 0.645822 0.634379 0.581392 0.509458 0.772603 0.342561 0.534542 0.82491 0.552701 0.118515 0.855965 0.108782 0.50546 0.12748 0.979699 0.154724 0.848297 0.047931 0.527347 0.796983 -0.038445 0.602777 0.86149 0.220998 0.45716 0.601004 0.537789 0.591251 0.738965 0.281139 0.612284 0.836683 -0.132367 0.531452 0.821068 -0.028061 0.57014 0.806074 -0.090327 0.58488 0.81603 -0.241406 0.525184 0.723521 -0.055445 0.688072 0.771602 -0.62283 -0.129281 0.256862 -0.928429 -0.268405 -0.138712 0.983308 0.117747 0.29779 0.930092 0.215059 -0.578299 0.794081 0.187097 0.42338 0.780807 0.459445 -0.059334 0.813498 0.578533 -0.06938 0.975385 0.209308 0.350512 0.880222 0.319922 0.930342 0.213625 0.29804 0.884987 0.400653 0.237224 0.617555 0.547915 0.564283 0.665764 -0.680524 -0.306016 0.74641 0.39411 0.536236 0.694569 -0.619885 -0.365125 0.646112 0.258893 0.717993 0.038044 0.624009 0.780491 -0.988879 0.06738 -0.132584 -0.910754 0.02497 -0.412193 0.785604 -0.542948 -0.296705 0.488396 0.374194 0.78832 -0.944392 0.241193 -0.223493 0.060929 0.600904 0.796996 -0.802238 0.460463 -0.379984 0.039576 0.709073 0.704024 0.523847 0.483447 0.70133 0.325371 0.755454 0.568703 -0.608629 0.038698 -0.792511 0.88824 -0.172975 -0.42557 0.896747 -0.248941 -0.365887 -0.922602 0.339882 -0.182445 0.201819 0.867303 0.455032 -0.015018 0.951717 0.306609 -0.686343 0.72723 -0.008377 -0.531228 0.193218 -0.824902 -0.569551 0.814567 -0.109968 0.68225 0.489276 0.543272 -0.660093 -0.751033 0.015063 0.659009 -0.296105 0.691397 0.887882 0.23847 0.393444 -0.627751 -0.113898 -0.770036 0.010255 0.602303 -0.798202 0.704119 -0.330297 0.628586 0.84322 0.351856 0.40642 0.108654 0.799366 -0.590938 0.911427 0.099419 0.399271 0.04966 0.7321 -0.679385 -0.424836 -0.900227 -0.095429 -0.492716 -0.850353 -0.184747 -0.743445 -0.572077 0.346435 -0.541012 -0.745171 -0.389905 -0.635497 -0.668398 -0.386508 -0.796296 -0.586883 -0.146565 -0.649607 -0.74675 -0.142738 -0.635061 -0.737663 -0.229238 -0.529006 -0.818768 -0.223096 -0.264779 -0.851837 -0.451957 -0.104166 -0.869544 -0.482746 -0.290148 0.93543 0.201952 -0.243942 0.637359 0.730935 -0.616707 0.782386 0.086854 -0.412939 0.908483 -0.064352 -0.619661 0.77757 -0.106801 -0.118386 0.966701 0.22688 -0.638246 0.76614 0.075309 -0.55989 0.785207 0.264525 -0.417553 0.849062 0.323642 -0.578852 0.767552 0.275308 -0.645061 0.72721 0.234652 -0.262709 0.884884 0.384661 -0.436968 0.898861 0.033279 -0.362234 0.927245 -0.094886 -0.262137 0.92522 -0.274322 -0.140547 0.947844 0.286073 0.609367 0.40043 0.684345 0.673026 0.161696 0.721728 0.428905 0.354078 0.831065 0.677077 0.641661 0.36033 0.789307 0.380521 0.481869 0.8905 0.188237 0.414219 0.179205 0.601109 -0.778815 0.694605 -0.177096 0.697253 -0.623989 -0.72171 0.299621 -0.727343 -0.62221 0.289528 0.735331 0.272768 0.620392 0.735133 0.063366 0.674955 0.873668 0.193463 0.446404 0.611521 0.237782 0.754653 0.537471 0.123369 0.834209 0.87679 0.025416 0.480202 0.794717 -0.1016 0.598417 0.689861 -0.08574 0.718847 0.546411 -0.006237 0.837494 0.678058 0.086349 0.729918 0.738965 0.281139 0.612284 0.772603 0.342561 0.534542 0.917356 0.102389 0.384673 0.911462 0.208508 0.354629 0.875419 0.278258 0.39524 0.848297 0.047931 0.527347 0.821068 -0.028061 0.57014 0.806074 -0.090327 0.58488 0.723521 -0.055445 0.688072 0.743147 0.094205 0.662463 -0.71879 0.666521 0.197715 0.004078 0.125262 0.992115 -0.687236 0.704376 0.177655 0.057599 0.144631 0.987808 0.891416 -0.355437 0.281146 0.877898 -0.358553 0.317387 0.908724 -0.207879 -0.361949 0.868994 -0.088048 -0.486926 0.06319 0.651577 -0.755946 0.142908 0.668103 -0.730216 -0.687236 0.704376 0.177655 -0.71879 0.666521 0.197715 0.794363 0.596949 0.11242 0.145426 -0.507189 -0.849477 0.78705 0.318278 0.528442 0.201819 0.867303 0.455032 0.160909 0.749456 0.642203 -0.015018 0.951717 0.306609 0.350512 0.880222 0.319922 0.864944 -0.46557 -0.187395 0.744359 -0.465986 0.478317 0.63959 -0.683722 0.351353 0.760556 -0.642067 0.096457 -0.902008 0.428063 0.056064 -0.805231 0.588924 0.069076 -0.02736 0.394606 -0.918443 0.041799 0.597316 -0.800916 0.665044 0.734947 0.132551 0.868559 -0.296915 -0.396796 0.788002 -0.51109 -0.343278 0.793577 -0.596931 0.117941 0.839104 -0.318571 0.440927 -0.09144 0.136174 0.986456 -0.053479 0.355325 0.933212 -0.805231 0.588924 0.069076 -0.902008 0.428063 0.056064 0.44248 -0.891291 -0.099053 0.127725 -0.325022 -0.937042 0.96859 -0.114696 -0.220633 0.817585 -0.353828 0.454269 -0.870275 -0.41754 -0.261307 -0.304624 -0.69098 0.655554 -0.870275 -0.41754 -0.261307 -0.529006 -0.818768 -0.223096 -0.635061 -0.737663 -0.229238 -0.121677 -0.965725 -0.229281 0.057131 -0.973629 -0.220866 0.240553 -0.916136 -0.32067 0.669047 -0.692931 -0.268742 0.577915 -0.814092 -0.05718 -0.159495 -0.966634 -0.20045 0.822791 -0.563453 -0.074403 0.023069 -0.977683 -0.208815 0.023069 -0.977683 -0.208815 -0.784151 0.08818 -0.614273 -0.17242 -0.915553 -0.363366 0.00629 0.406952 -0.913428 -0.531228 0.193218 -0.824902 -0.686343 0.72723 -0.008377 -0.627751 -0.113898 -0.770036 0.04966 0.7321 -0.679385 0.064737 -0.914826 0.398625 0.108654 0.799366 -0.590938 0.314928 -0.034065 -0.948504 0.639585 -0.525551 -0.561005 -0.21884 -0.703125 -0.676553 -0.660093 -0.751033 0.015063 0.010255 0.602303 -0.798202 0.043191 -0.790515 0.610918 0.179205 0.601109 -0.778815 -0.468901 -0.803767 0.366183 -0.623989 -0.72171 0.299621 -0.21884 -0.703125 -0.676553 -0.727343 -0.62221 0.289528 -0.266461 -0.961212 0.071199 0.325371 0.755454 0.568703 0.88824 -0.172975 -0.42557 -0.608629 0.038698 -0.792511 0.896747 -0.248941 -0.365887 -0.802238 0.460463 -0.379984 0.785604 -0.542948 -0.296705 -0.944392 0.241193 -0.223493 0.694569 -0.619885 -0.365125 -0.988879 0.06738 -0.132584 0.665764 -0.680524 -0.306016 -0.910754 0.02497 -0.412193 -0.531228 0.193218 -0.824902 0.09379 0.214922 -0.972117 -0.827901 -0.501326 -0.251502 0.13241 -0.260449 -0.956365 0.475648 -0.867904 -0.143183 0.94277 -0.214983 -0.254886 0.814815 -0.44414 0.37258 -0.109116 -0.77043 0.628117 -0.827901 -0.501326 -0.251502 -0.924655 -0.358248 -0.129122 -0.458939 -0.28238 -0.842399 -0.933929 -0.319548 -0.160207 0.19476 -0.219204 -0.956043 0.942549 -0.093167 -0.320814 0.919598 -0.246788 -0.305672 0.88962 -0.352656 0.290189 0.812777 -0.33704 0.475182 0.055001 -0.653725 0.754731 -0.572736 -0.632282 0.521722 0.342179 -0.916484 -0.207295 -0.933929 -0.319548 -0.160207 -0.924655 -0.358248 -0.129122 -0.366098 -0.56608 0.738597 -0.840762 -0.261385 -0.474127 0.157867 -0.987422 -0.008748 -0.765735 -0.54541 0.340848 -0.754088 -0.46101 -0.467784 -0.91122 -0.37509 -0.17025 -0.309812 -0.069324 -0.948267 -0.000797 -0.9929 0.118952 -0.117149 -0.031331 -0.99262 0.633587 -0.543609 0.550507 -0.18855 -0.586138 0.787966 0.423206 -0.609048 0.670788 0.911633 -0.363081 -0.192606 0.69037 -0.266256 -0.672679 -0.242076 -0.61844 0.747617 -0.800676 -0.52101 0.295746 -0.117149 -0.031331 -0.99262 -0.309812 -0.069324 -0.948267 0.951898 -0.296058 0.078998 0.636288 -0.362028 0.681229 0.519169 -0.275797 -0.808949 0.982085 -0.121445 0.144084 -0.079981 -0.341278 -0.936553 0.496288 -0.312222 0.810071 -0.840762 -0.261385 -0.474127 -0.754088 -0.46101 -0.467784 -0.555104 0.358129 -0.750735 -0.820582 0.390822 0.417017 -0.222863 0.956634 -0.187573 0.282724 0.670079 0.68634 -0.036999 0.982449 -0.182828 -0.555104 0.358129 -0.750735 -0.714365 -0.068877 -0.696376 0.063315 0.975231 0.211932 -0.118386 0.966701 0.22688 0.245535 0.967425 0.06166 0.096658 0.892827 0.439906 -0.417553 0.849062 0.323642 -0.262709 0.884884 0.384661 -0.140547 0.947844 0.286073 0.753573 0.563569 0.338404 0.0568 0.588638 0.806399 0.259212 0.961295 0.093388 -0.451341 0.846059 0.28368 -0.069247 0.532838 0.843379 0.948761 0.302076 -0.092752 0.923645 0.380931 -0.0421 -0.165937 0.622112 0.765142 0.879765 0.441483 -0.176368 -0.265565 0.763476 0.588711 -0.400775 0.607735 -0.685593 0.185416 -0.700949 -0.688688 0.140053 -0.706913 -0.693296 0.953126 0.251014 -0.168945 0.807282 -0.082354 -0.584392 0.098599 -0.505415 -0.857224 0.144365 0.534827 -0.832538 0.201472 -0.521788 -0.828943 -0.426632 -0.013985 -0.904317 -0.927076 -0.363333 0.092304 -0.909249 -0.353778 0.219332 -0.928665 -0.334654 0.159963 -0.937857 -0.339395 0.072352 -0.665309 -0.571265 -0.480646 -0.800478 0.1132 0.588576 -0.885906 0.463126 0.026169 -0.901386 0.032227 -0.431816 0.321193 0.934795 0.151636 0.20193 0.733513 -0.648986 0.945941 0.280583 -0.162694 0.748481 0.001053 -0.663156 0.258406 -0.353189 -0.899157 0.944669 0.325258 -0.042521 0.929183 0.35551 -0.101151 0.006427 -0.427943 -0.903783 0.860001 0.483409 -0.163441 -0.311375 -0.445278 -0.839508 -0.028422 0.342047 0.939253 -0.129261 0.523511 0.842157 -0.454061 0.793362 -0.405471 0.039687 0.212601 0.976333 0.812435 0.445778 0.375808 -0.00774 0.394247 0.918972 -0.343654 0.906779 0.24424 0.125288 -0.346449 -0.929664 -0.501769 0.384866 -0.774665 -0.902353 -0.376657 0.209493 -0.882097 -0.454593 0.123494 -0.910804 -0.395194 0.119408 -0.939111 -0.335209 0.075535 -0.702285 -0.472317 -0.532647 -0.813897 -0.091826 0.573707 -0.88227 0.323564 0.341916 -0.00774 0.394247 0.918972 -0.343654 0.906779 0.24424 0.125288 -0.346449 -0.929664 -0.949101 0.15128 -0.276264 0.942307 0.278296 -0.186035 0.284613 0.772378 -0.567828 0.701401 0.195107 -0.685544 0.122976 -0.060501 -0.990564 0.950534 0.305907 -0.053909 0.923956 0.365624 -0.112359 -0.297453 -0.269519 -0.915905 0.844778 0.518379 -0.132794 -0.133496 -0.013446 -0.990958 0.070786 0.137107 0.988024 -0.002294 0.287556 0.957761 -0.444688 0.893114 -0.06782 0.145169 -0.057022 0.987762 0.848878 0.255435 0.462773 0.24785 0.063869 0.966691 0.16046 0.917368 0.364264 -0.382764 0.610009 0.693816 0.009957 -0.076552 -0.997016 -0.506112 0.429643 -0.747835 -0.904041 -0.408228 0.126725 -0.86799 -0.449576 0.210892 -0.907436 -0.41096 0.087586 -0.673376 -0.234392 0.70116 -0.937645 -0.343644 0.052265 -0.770602 -0.280492 -0.572274 -0.88334 0.449598 -0.132561 -0.87365 0.310452 0.37464 -0.687086 -0.060041 -0.724091 -0.098761 -0.150729 -0.98363 -0.672993 -0.306576 0.673121 -0.929008 -0.108653 -0.35375 -0.025184 -0.347589 0.937309 0.079845 -0.00744 -0.99678 -0.552288 -0.102405 -0.82734 0.160698 -0.257083 -0.952935 -0.709581 0.325042 -0.625174 -0.068097 -0.914054 -0.399836 0.932513 -0.221206 -0.28546 0.644377 -0.15862 -0.748077 -0.439719 0.253384 0.861652 -0.851115 0.39348 0.347531 -0.676116 0.131468 0.724971 -0.390729 -0.1441 0.909157 0.263875 -0.2621 0.928264 -0.38847 -0.481842 0.785442 0.745526 -0.150557 0.649249 0.995595 0.004845 -0.093633 0.652276 -0.342783 0.676044 0.960155 -0.279177 -0.012758 0.932513 -0.221206 -0.28546 -0.225285 -0.499829 -0.836312 0.045417 0.321972 -0.945659 0.868522 0.382407 0.315334 0.952372 0.084209 0.293082 0.589661 0.598445 -0.542369 -0.068097 -0.914054 -0.399836 -0.766541 -0.63161 -0.11612 -0.622113 -0.705886 0.338676 0.397654 -0.757765 0.517363 -0.905506 -0.331939 -0.26434 -0.96563 -0.087904 -0.244607 -0.864252 -0.426789 -0.266306 -0.654659 -0.755775 -0.015036 -0.475408 -0.774935 0.416489 -0.400199 -0.609701 0.684183 -0.882445 -0.416256 -0.219138 -0.750776 -0.602175 -0.271516 -0.693056 -0.696297 -0.186667 -0.902553 -0.406612 -0.141652 -0.879853 -0.475139 0.010118 -0.612883 -0.790085 -0.011825 0 -0.973012 -0.230754 0 -0.996505 -0.083533 -0.97085 -0.059149 -0.232273 -0.996581 -0.039061 -0.072808 -0.997956 -0.063842 0.002671 -0.913947 0.405674 -0.011358 -0.89188 0.383757 -0.239333 -0.614378 0.787084 -0.055131 -0.603705 0.709133 -0.36424 0 0.983414 -0.181375 0 0.816867 -0.576826 -0.676236 0.574587 -0.461037 0 0.852595 -0.522573 -0.694739 0.6686 -0.265164 -0.912664 0.31756 -0.257295 0 0.95632 -0.292323 -0.622722 0.647358 -0.439482 0 0.807636 -0.589681 -0.744632 0.48417 -0.45946 -0.85111 0.229869 -0.471987 -0.92268 -0.022586 -0.384905 -0.935141 0.139562 -0.325629 -0.818435 0.26965 -0.507398 -0.898615 0.352823 -0.260781 -0.954017 0.28461 -0.094068 -0.851115 0.39348 0.347531 -0.882689 0.375699 0.28233 -0.826454 0.561708 0.038194 -0.717598 0.612477 0.331549 -0.841462 0.243864 0.482153 -0.793112 0.499404 0.348668 -0.676116 0.131468 0.724971 -0.913495 -0.108285 0.392176 -0.390729 -0.1441 0.909157 0 -0.977732 0.209855 -0.271568 -0.944041 0.187184 0 -0.959952 0.280164 -0.567198 -0.823347 0.019649 0.21884 -0.703125 -0.676553 -0.639585 -0.525551 -0.561005 -0.975346 -0.133082 0.176037 -0.314928 -0.034065 -0.948504 -0.98592 0.154039 0.065072 -0.879745 0.451726 -0.148298 -0.006291 0.406952 -0.913428 -0.491742 0.820972 -0.290162 0.531228 0.193218 -0.824902 -0.09379 0.214921 -0.972117 0 0.983351 -0.181718 0.266461 -0.961212 0.071199 0 0.99999 -0.004479 -0.536669 0.834567 0.124433 0 0.922487 0.386028 -0.534619 0.738638 0.410604 0 0.903444 0.428706 -0.550775 0.776296 0.306613 -0.627559 0.713275 0.312103 0.16046 0.917368 0.364264 -0.667547 0.744568 -0.000301 0 0.999441 0.033426 -0.522758 0.762175 -0.381855 0 0.93047 -0.366369 0 0.788733 -0.614736 -0.559104 0.563736 -0.607951 -0.615919 0.733133 -0.288373 -0.602463 0.534882 -0.592401 -0.382764 0.610009 0.693816 -0.87365 0.310452 0.37464 0.144365 0.534827 -0.832538 -0.88334 0.449598 -0.132561 -0.67412 0.449151 -0.586366 -0.876469 0.325937 -0.354353 -0.901386 0.032227 -0.431816 -0.426632 -0.013985 -0.904317 -0.878116 0.461271 -0.127049 -0.88227 0.323564 0.341916 -0.343654 0.906779 0.24424 -0.506112 0.429643 -0.747835 -0.949101 0.15128 -0.276264 0.284613 0.772378 -0.567828 0.321193 0.934795 0.151636 0.20193 0.733513 -0.648986 0.259212 0.961295 0.093388 -0.451341 0.846059 0.28368 -0.501769 0.384866 -0.774665 -0.885906 0.463126 0.026169 -0.846276 0.423517 0.323189 -0.649977 0.693549 0.310677 -0.767134 0.629379 0.124045 -0.509549 0.858461 0.058355 0 0.96601 0.258503 0 0.999949 0.010125 0 0.980002 0.19899 -0.68047 0.717341 0.149607 0 0.977239 -0.212141 -0.560267 0.797315 -0.224475 -0.500328 0.862027 -0.081124 -0.415523 0.85905 -0.298954 0.280189 0.771919 -0.570644 0.258818 0.96465 -0.049629 0.391144 0.810458 -0.436079 -0.267822 0.7475 -0.607878 -0.152614 -0.05653 -0.986668 0.851665 0.087189 -0.516783 0.540797 0.729687 -0.418443 0.560267 0.797315 -0.224475 0.500328 0.862027 -0.081124 0.415523 0.85905 -0.298954 -0.280189 0.771918 -0.570646 -0.258818 0.96465 -0.04963 -0.304206 0.898453 -0.316608 0.267822 0.747499 -0.607879 0.152614 -0.056531 -0.986668 -0.429817 -0.828278 -0.359463 0 -0.941779 -0.336233 -0.424511 -0.877024 -0.224985 0 -0.986675 -0.162705 -0.385388 -0.920962 0.057487 0 -0.993296 0.115599 -0.344299 -0.868275 0.35715 0 -0.956414 0.292015 -0.720803 -0.641514 -0.262494 -0.51092 -0.683675 0.521104 -0.146879 -0.575497 0.804506 0 -0.450812 0.892619 0.039878 -0.218226 0.975083 -0.28022 -0.651153 0.70532 0.021889 0.623425 0.781577 0.097724 0.869536 0.484104 -0.615832 -0.757556 0.216471 -0.589405 -0.80348 0.083795 0 -0.99625 0.086525 -0.910097 -0.411321 0.050392 -0.283814 -0.534126 0.796342 -0.904981 0.03241 0.424216 -0.719617 0.295172 0.62851 -0.775667 0.571687 0.267423 -0.642829 0.75962 0.098738 0.548297 0.7985 0.248531 -0.315623 0.709435 0.630147 -0.934963 0.286326 0.20943 0.170716 0.974065 0.148504 -0.540133 0.590217 -0.599917 -0.532426 0.69858 0.478025 -0.84518 0.53443 -0.00748 -0.90881 0.24052 -0.340904 0.201659 0.758872 -0.619231 -0.423889 0.895952 0.132621 -0.255696 -0.026561 -0.966392 -0.803766 0.57651 -0.146953 -0.870188 0.196638 -0.451781 -0.792889 0.609362 -0.002273 0 0.998007 -0.063111 0 0.981035 0.193833 -0.82396 0.52671 0.208965 -0.967371 -0.16167 0.195082 -0.983171 -0.127239 -0.131096 -0.871128 -0.465585 -0.156099 -0.693836 -0.695589 0.186407 0 -0.959057 -0.283213 0 -0.015303 -0.999883 -0.674956 -0.729394 0.111436 -0.902971 -0.366497 -0.224328 0 0.863381 -0.504553 0 -0.461998 -0.886881 0 -0.999249 0.038757 0 -0.967444 0.253083 0 -0.997776 0.066663 0 -0.982676 0.185331 -0.716314 -0.680182 0.155714 0 -0.9857 0.168511 -0.950363 -0.215057 0.224857 -0.984981 -0.082238 0.151822 -0.84007 0.483007 0.246955 0 0.947746 0.319026 0 0.999885 0.015145 -0.986386 -0.164059 0.011313 0 -0.999652 0.02639 -0.990646 0.136108 0.00976 0 0.999931 0.011731 0 0.999992 0.004084 0 -0.999819 0.019039 0 -0.999972 0.007501 -0.984068 -0.17779 0.000501 0 -0.99988 -0.015505 -0.989366 0.145013 -0.011248 0 -0.998218 -0.059674 -0.999073 -0.023037 -0.036356 0 0.999915 0.013006 0 0.999901 0.014094 0 0.928019 -0.372534 -0.851665 0.087189 -0.516783 0 -0.705509 -0.708701 0.984068 -0.17779 0.000501 0.989366 0.145013 -0.011248 0.999073 -0.023037 -0.036356 0.990646 0.136108 0.00976 0.851665 0.087189 -0.516783 0.986386 -0.164059 0.011313 0.984981 -0.082238 0.151822 0.84007 0.483008 0.246955 0 0.940247 0.340493 0.950363 -0.215057 0.224857 0.716314 -0.680182 0.155714 0.693836 -0.695589 0.186407 0.967371 -0.16167 0.195082 0.871128 -0.465585 -0.156099 0.983171 -0.127239 -0.131096 0.792889 0.609362 -0.002273 0.82396 0.52671 0.208965 0.953692 -0.167115 -0.250087 0.902971 -0.366497 -0.224328 0.674956 -0.729395 0.111436 -0.819764 0.48612 -0.302778 -0.888956 0.397606 0.227303 -0.954816 0.119451 0.272137 -0.971225 0.117558 -0.207126 -0.891121 -0.083123 0.446087 -0.71676 0.096069 0.690671 -0.719617 0.295172 0.62851 -0.775667 0.571687 0.267423 -0.715656 -0.073476 0.694578 -0.573164 -0.285314 0.768166 -0.276724 -0.228264 0.933445 0.062396 -0.427181 0.902011 0.144102 -0.632357 0.761157 0.716483 -0.427562 0.55122 -0.533784 -0.516627 0.669456 -0.914447 -0.284927 0.287409 0.130993 -0.847609 0.514197 -0.807566 -0.088882 -0.583041 0.055688 0.094832 -0.993935 0.813965 -0.106531 -0.571063 0.440411 -0.768699 0.463831 0.549394 -0.286412 0.784943 -0.156058 -0.101637 0.982505 -0.283814 -0.534126 0.796342 -0.904981 0.03241 0.424216 0.580337 -0.290489 -0.760805 0.704894 -0.641049 -0.303613 0.200074 -0.090856 -0.975559 -0.064746 0.190454 -0.979559 0.08112 0.458137 -0.885172 -0.481145 0.625614 -0.61409 -0.59714 0.391666 -0.700015 -0.59652 0.744101 -0.300796 -0.758032 0.651077 -0.038545 0.993078 0.063849 -0.098584 0.798366 0.537813 -0.270868 0.994509 0.091889 -0.050084 0.780094 0.398043 -0.482717 0.045373 0.912685 -0.406138 -0.73176 0.461489 -0.501553 0.063612 0.632571 -0.771886 -0.983913 0.136994 -0.114665 -0.776673 -0.019057 -0.629616 -0.620997 0.438858 -0.649436 -0.818435 0.26965 -0.507398 -0.898615 0.352823 -0.260781 0.842646 0.342756 0.415289 0.689787 0.514098 -0.5098 0.849442 0.450131 0.275375 0.589661 0.598445 -0.542369 0.952372 0.084209 0.293082 -0.231 0.074662 -0.970085 0.155014 0.007035 -0.987887 0.093158 -0.347936 -0.932878 0.861173 -0.055669 -0.505254 0.951692 -0.164331 0.25938 0.388193 -0.589368 0.708485 0.390069 -0.847085 -0.360963 -0.607824 -0.721733 0.331137 -0.590785 -0.659628 -0.464612 -0.64325 -0.716672 -0.269463 -0.71123 -0.514143 0.479384 0.845323 -0.399532 -0.354687 0.823032 -0.465775 0.325072 -0.040637 -0.551981 0.832866 -0.71123 -0.514143 0.479384 0.111677 -0.619887 -0.776703 0.823032 -0.465775 0.325072 0.226894 -0.971857 0.063345 0.845323 -0.399532 -0.354687 -0.040637 -0.551981 0.832866 -0.71123 -0.514143 0.479384 0.111677 -0.619887 -0.776703 -0.64325 -0.716672 -0.269463 -0.64325 -0.716672 -0.269463 -0.369556 0.674493 0.63913 -0.859495 0.298019 -0.415275 -0.493751 0.013306 -0.869502 -0.573116 -0.009731 -0.819416 -0.000022 -0.030673 -0.999529 0.320246 0.645238 0.693621 0.862394 0.287754 -0.416502 0.862394 0.287754 -0.416502 0.991708 -0.124368 -0.032355 -0.870188 0.196638 -0.451781 -0.803766 0.57651 -0.146953 -0.84518 0.53443 -0.00748 -0.90881 0.24052 -0.340904 -0.934963 0.286326 0.20943 -0.642829 0.75962 0.098738 -0.903374 0.120908 -0.411458 -0.152614 -0.05653 -0.986668 -0.267822 0.7475 -0.607878 0.953195 0.291221 0.081298 0.917653 0.391332 -0.069085 -0.120097 0.417984 0.900481 -0.162278 0.543308 0.823701 -0.065072 0.209292 0.975686 0.976252 0.214239 -0.03215 -0.259433 0.818684 -0.5123 0.374857 -0.302842 -0.876225 -0.11092 -0.517112 -0.8487 0.877134 0.058518 -0.476668 0.967349 0.252455 0.022433 0.051697 -0.199198 -0.978595 0.391144 0.810458 -0.436079 0.761654 0.376391 0.527459 -0.078117 0.246947 0.965875 -0.315623 0.709435 0.630147 0.287392 -0.25859 -0.922246 -0.540133 0.590217 -0.599917 -0.968816 -0.246644 -0.023723 -0.941938 -0.334246 0.032137 -0.946019 -0.323626 0.017729 -0.730103 -0.41149 -0.545551 -0.952674 -0.30372 0.012884 -0.849436 -0.100725 0.517989 -0.934963 0.286326 0.20943 -0.90881 0.24052 -0.340904 0.548297 0.7985 0.248531 0.170716 0.974065 0.148504 0.201659 0.758872 -0.619231 0.969237 0.245132 0.02215 0.694846 0.546788 0.467131 -0.048559 0.564546 0.823972 -0.144422 0.532327 0.834128 -0.532426 0.69858 0.478025 0.979476 0.200128 -0.023984 0.858548 -0.245507 -0.450136 0.021749 -0.761981 -0.647233 0.440626 -0.554539 -0.705928 0.936 0.341667 0.084659 0.925279 0.369703 -0.084725 0.152133 -0.51002 -0.846602 -0.169646 0.691013 0.702654 -0.236828 0.771376 0.590671 -0.214293 0.66897 -0.711728 -0.255696 -0.026561 -0.966392 0.211954 -0.711532 -0.669924 -0.97049 -0.23515 -0.053421 -0.945645 -0.32258 0.041205 -0.941965 -0.333379 0.0395 -0.604736 -0.662299 -0.442329 -0.945178 -0.325547 0.025641 -0.854647 0.113502 0.506652 -0.84518 0.53443 -0.00748 -0.870188 0.196638 -0.451781 0.961015 0.276105 0.014702 0.918281 0.374087 -0.129685 -0.273591 0.849497 0.451112 -0.311507 0.889194 0.335108 -0.046967 0.837297 0.544727 0.976388 0.215571 0.014013 -0.16628 0.447908 -0.878482 0.268354 -0.901751 -0.338868 0.89908 -0.240043 -0.366107 0.943245 0.327171 0.056998 0.245645 -0.79226 -0.558553 0.228421 -0.662166 -0.713694 0.541726 0.734564 0.408592 0.252586 -0.844554 -0.472154 -0.152614 -0.05653 -0.986668 0.280189 0.771919 -0.570644 0.258818 0.96465 -0.049629 -0.423889 0.895952 0.132621 -0.234369 0.787615 0.569854 -0.952645 -0.302618 0.02984 -0.951773 -0.302662 0.050245 -0.960089 -0.262814 -0.095695 -0.881967 0.30746 0.357214 -0.954266 -0.298353 0.019048 -0.594796 -0.756779 -0.271115 -0.803766 0.57651 -0.146953 -0.903374 0.120908 -0.411458 -0.840135 0.495585 0.220383 -0.940326 0.186033 0.284919 -0.732642 -0.399269 0.551198 -0.93135 0.074886 0.356341 -0.314928 -0.034065 -0.948504 0.488155 0.843232 -0.225089 -0.983887 0.107414 0.142926 -0.89632 -0.322981 0.303799 -0.95066 0.214152 0.224465 0.569551 0.814567 -0.109968 -0.68225 0.489276 0.543272 -0.975355 -0.107203 0.192846 -0.04966 0.7321 -0.679384 -0.940641 -0.164865 0.296671 -0.949384 -0.140379 0.281006 -0.079634 0.313031 -0.946398 0.488799 0.637282 0.595774 -0.193769 0.645439 0.738825 -0.183134 0.647434 0.739792 -0.994966 -0.051362 0.086047 0.545612 0.713914 0.438902 -0.971044 -0.000909 0.238897 0 0.643607 0.765356 -0.672158 0.417311 0.6116 0 0.5804 0.814332 0 0.597016 0.802229 -0.006291 0.406952 -0.913428 0.21884 -0.703125 -0.676553 -0.267711 -0.952693 0.1439 -0.93135 0.074886 0.356341 -0.006291 0.406952 -0.913428 -0.983887 0.107414 0.142926 0.488155 0.843232 -0.225089 0.17242 -0.915553 -0.363366 -0.161862 -0.881079 -0.44441 -0.95066 0.214152 0.224465 -0.064736 -0.914825 0.398627 -0.940641 -0.164865 0.296671 -0.04319 -0.790514 0.610919 -0.975355 -0.107203 0.192846 -0.949384 -0.140379 0.281006 -0.09379 0.214921 -0.972117 0.195711 -0.437084 -0.877869 0.150045 -0.602226 -0.784098 -0.994966 -0.051362 0.086047 -0.864944 -0.46557 -0.187395 0.06143 -0.750194 -0.658359 0.169939 -0.42658 -0.888341 0 -0.516551 -0.856257 0 -0.792878 -0.60938 0 -0.246083 -0.969249 -0.09379 0.214921 -0.972117 0 -0.577267 -0.816556 0.290148 0.93543 0.201952 0.243942 0.637359 0.730935 0 0.482999 0.875621 0.451342 0.84606 0.283678 -0.056801 0.588638 0.806399 -0.259211 0.961295 0.093388 -0.753573 0.563569 0.338404 0.069246 0.532838 0.843379 -0.948761 0.302076 -0.092751 -0.923645 0.380931 -0.0421 0.165937 0.622112 0.765142 -0.879765 0.441483 -0.176368 0.265565 0.763476 0.58871 0.400775 0.607735 -0.685593 -0.185417 -0.70095 -0.688687 -0.140054 -0.706913 -0.693296 -0.953126 0.251014 -0.168945 -0.807282 -0.082354 -0.584392 -0.098599 -0.505415 -0.857224 -0.144365 0.534827 -0.832538 -0.201472 -0.521788 -0.828943 0.426632 -0.013985 -0.904317 0.927076 -0.363333 0.092304 0.909249 -0.353779 0.219332 0.928665 -0.334654 0.159964 0.937857 -0.339395 0.072351 0.665309 -0.571265 -0.480646 0.800478 0.113201 0.588576 0.885906 0.463126 0.026169 0.901385 0.032227 -0.431817 -0.321192 0.934795 0.151638 -0.945941 0.280583 -0.162694 -0.201929 0.733512 -0.648987 -0.748479 0.001053 -0.663158 -0.258404 -0.353189 -0.899158 -0.944669 0.325258 -0.042521 -0.929183 0.35551 -0.101151 -0.006427 -0.427943 -0.903783 -0.860001 0.483409 -0.163441 0.311376 -0.445278 -0.839507 0.028422 0.342047 0.939253 0.129261 0.523511 0.842157 0.454063 0.793362 -0.405468 -0.039688 0.2126 0.976333 -0.812435 0.445778 0.375807 0.00774 0.394247 0.918972 0.343655 0.906779 0.244238 -0.125286 -0.346449 -0.929665 0.501768 0.384865 -0.774666 0.902353 -0.376658 0.209493 0.882097 -0.454593 0.123494 0.910804 -0.395194 0.119409 0.939111 -0.335209 0.075534 0.702286 -0.472316 -0.532646 0.813898 -0.091826 0.573706 0.88227 0.323564 0.341915 0.00774 0.394247 0.918972 0.343655 0.906779 0.244238 -0.125286 -0.346449 -0.929665 0.949101 0.151281 -0.276263 -0.942307 0.278296 -0.186035 -0.701401 0.195107 -0.685543 -0.284612 0.772377 -0.567829 -0.122977 -0.060501 -0.990564 -0.950534 0.305907 -0.053909 -0.923956 0.365624 -0.112359 0.297452 -0.269519 -0.915905 -0.844777 0.518379 -0.132794 0.133496 -0.013446 -0.990958 -0.070786 0.137107 0.988024 0.002294 0.287556 0.957761 0.444686 0.893115 -0.067819 -0.145168 -0.057022 0.987762 -0.848878 0.255435 0.462774 -0.24785 0.063869 0.966691 -0.16046 0.917368 0.364265 0.382764 0.610009 0.693816 -0.009957 -0.076552 -0.997016 0.506112 0.429641 -0.747836 0.904041 -0.408228 0.126725 0.86799 -0.449576 0.210892 0.907437 -0.41096 0.087585 0.937645 -0.343644 0.052264 0.770601 -0.280492 -0.572274 0.88334 0.449598 -0.132561 0.673377 -0.234392 0.701159 0.87365 0.310452 0.37464 0.098761 -0.150729 -0.98363 0.672993 -0.306576 0.673121 0.949349 -0.157258 -0.27204 0.025184 -0.347589 0.937309 0.584128 -0.072817 -0.808389 -0.162577 -0.257055 -0.952623 0.69257 0.372822 -0.617536 0.068098 -0.914054 -0.399836 -0.932513 -0.221206 -0.285461 -0.645906 -0.159501 -0.746569 0.439719 0.253384 0.861652 0.851114 0.39348 0.347531 0.390729 -0.1441 0.909157 0.676116 0.131468 0.724971 0.776673 -0.019057 -0.629616 0.620997 0.438858 -0.649436 0.818435 0.26965 -0.507398 0.898615 0.352823 -0.260781 -0.995595 0.004845 -0.093633 -0.652276 -0.342783 0.676044 -0.932513 -0.221206 -0.285461 0.225285 -0.499829 -0.836312 -0.048123 0.322245 -0.945432 0.068098 -0.914054 -0.399836 0.766541 -0.631609 -0.11612 -0.397654 -0.757765 0.517363 0.905506 -0.331939 -0.26434 0.96563 -0.087904 -0.244607 0.864252 -0.426789 -0.266306 0.654659 -0.755775 -0.015036 0.475408 -0.774935 0.416489 0.400197 -0.609701 0.684183 0.882445 -0.416256 -0.219138 0.750776 -0.602175 -0.271516 0.693056 -0.696297 -0.186667 0.902553 -0.406612 -0.141652 0.879853 -0.475139 0.010118 0.612883 -0.790085 -0.011825 0.97085 -0.059149 -0.232273 0.996581 -0.039061 -0.072808 0.997956 -0.063843 0.002671 0.913947 0.405674 -0.011358 0.89188 0.383757 -0.239333 0.614378 0.787084 -0.055131 0.603705 0.709133 -0.36424 0.676236 0.574587 -0.461037 0.694739 0.6686 -0.265164 0.912664 0.31756 -0.257295 0.622722 0.647358 -0.439482 0.744632 0.48417 -0.45946 0.85111 0.229869 -0.471987 0.92268 -0.022586 -0.384905 0.935141 0.139562 -0.325629 0.818435 0.26965 -0.507398 0.898615 0.352823 -0.260781 0.954017 0.28461 -0.094068 0.851114 0.39348 0.347531 0.882689 0.375699 0.28233 0.826454 0.561708 0.038194 0.717598 0.612477 0.331549 0.841463 0.243864 0.482152 0.793112 0.499404 0.348668 0.676116 0.131468 0.724971 0.32561 -0.689911 0.64653 0.271568 -0.944041 0.187184 0.567198 -0.823347 0.019649 -0.21884 -0.703125 -0.676553 0.865773 -0.482232 0.133755 0.639585 -0.525551 -0.561005 0.975346 -0.133082 0.176037 0.314928 -0.034065 -0.948504 0.98592 0.154039 0.065071 0.879745 0.451726 -0.148298 0.00629 0.406952 -0.913428 0.491742 0.820972 -0.290163 -0.531228 0.193218 -0.824902 0.09379 0.214922 -0.972117 -0.266461 -0.961212 0.071199 0.536669 0.834567 0.124433 0.534619 0.738638 0.410604 0.550775 0.776296 0.306613 0.627559 0.713275 0.312104 -0.16046 0.917368 0.364265 0.667547 0.744568 -0.000301 0.522758 0.762175 -0.381855 0.559104 0.563736 -0.607951 0.61592 0.733133 -0.288373 0.602463 0.534882 -0.592402 0.382764 0.610009 0.693816 0.87365 0.310452 0.37464 -0.144365 0.534827 -0.832538 0.88334 0.449598 -0.132561 0.67412 0.449151 -0.586366 0.87647 0.325938 -0.354353 0.901385 0.032227 -0.431817 0.426632 -0.013985 -0.904317 0.878116 0.461271 -0.127049 0.88227 0.323564 0.341915 0.343655 0.906779 0.244238 0.506112 0.429641 -0.747836 0.949101 0.151281 -0.276263 -0.284612 0.772377 -0.567829 -0.321192 0.934795 0.151638 -0.201929 0.733512 -0.648987 -0.259211 0.961295 0.093388 0.451342 0.84606 0.283678 0.501768 0.384865 -0.774666 0.885906 0.463126 0.026169 0.509549 0.858461 0.058355 0.649977 0.693549 0.310677 0.767134 0.629379 0.124045 0.846276 0.423517 0.323189 0.68047 0.717341 0.149607 0.904981 0.03241 0.424216 0.910097 -0.411321 0.050392 0.589405 -0.80348 0.083795 0.615832 -0.757556 0.216471 -0.440411 -0.768699 0.463831 0.283813 -0.534125 0.796342 -0.704894 -0.641049 -0.303613 0.719617 0.295172 0.62851 0.775667 0.571687 0.267423 0.315623 0.709435 0.630146 0.642829 0.75962 0.098738 0.934963 0.286327 0.20943 -0.548297 0.798501 0.24853 -0.170716 0.974065 0.148504 0.379648 0.56393 -0.733383 0.532426 0.698582 0.478023 0.845179 0.53443 -0.00748 0.90881 0.240521 -0.340902 -0.347522 0.599078 -0.721342 0.423889 0.895952 0.132622 0.468885 0.098738 -0.877723 0.803766 0.576511 -0.146953 0.870188 0.196637 -0.451781 0.429817 -0.828278 -0.359463 0.424511 -0.877024 -0.224985 0.385388 -0.920962 0.057487 0.720803 -0.641514 -0.262494 0.51092 -0.683675 0.521104 0.344299 -0.868275 0.35715 0.14688 -0.575498 0.804505 0.28022 -0.651153 0.705321 0.070741 -0.099252 -0.992545 0.640957 0.15512 -0.75174 0.947104 0.180124 -0.265611 0.819764 0.48612 -0.302777 0.888956 0.397606 0.227303 0.954816 0.119451 0.272137 0.971225 0.117558 -0.207126 0.891121 -0.083123 0.446087 0.71676 0.096069 0.690671 0.719617 0.295172 0.62851 0.775667 0.571687 0.267423 0.715656 -0.073476 0.694578 0.573164 -0.285314 0.768166 0.276724 -0.228264 0.933445 -0.062396 -0.427181 0.902011 -0.144102 -0.632357 0.761157 -0.716483 -0.427562 0.55122 0.533784 -0.516627 0.669456 -0.130993 -0.847609 0.514198 -0.064406 -0.126258 -0.989904 0.807566 -0.088882 -0.583041 -0.055688 0.094832 -0.993934 -0.813964 -0.106531 -0.571063 0.384005 0.207605 0.899689 -0.320246 0.645238 0.693621 -0.862394 0.287754 -0.416502 0.369556 0.674493 0.63913 0.859495 0.298019 -0.415275 0.000022 -0.030673 -0.999529 -0.793947 0.096691 -0.600249 -0.493882 0.011176 -0.869457 -0.862394 0.287754 -0.416502 -0.580338 -0.290489 -0.760805 -0.377761 -0.158296 -0.912271 -0.704894 -0.641049 -0.303613 -0.200074 -0.090856 -0.975559 0.064746 0.190454 -0.979559 -0.081121 0.458137 -0.885172 0.481145 0.625614 -0.61409 0.59714 0.391666 -0.700015 0.59652 0.744101 -0.300795 0.758032 0.651077 -0.038545 -0.994509 0.091889 -0.050084 -0.780094 0.398043 -0.482717 0.811043 0.5061 -0.293381 -0.045373 0.912684 -0.406138 0.73176 0.461489 -0.501553 -0.063612 0.632571 -0.771886 0.983913 0.136995 -0.114665 -0.440411 -0.768699 0.463831 -0.549394 -0.286412 0.784943 0.156058 -0.101637 0.982505 0.904981 0.03241 0.424216 0.283813 -0.534125 0.796342 -0.954527 -0.092661 0.28336 -0.624135 0.527379 -0.576479 -0.624135 0.527379 -0.576479 -0.689787 0.514098 -0.5098 -0.889255 0.38407 0.248426 -0.842646 0.342756 0.415289 -0.954527 -0.092661 0.28336 0.231 0.074662 -0.970085 -0.152469 -0.017084 -0.988161 -0.097909 -0.422328 -0.90114 -0.909616 0.066284 -0.410128 -0.951692 -0.164331 0.25938 0.720881 -0.620263 -0.309199 0.630359 -0.622557 0.463757 0.401539 -0.78821 -0.46636 -0.275074 -0.499403 0.821542 -0.760732 -0.602229 0.242091 -0.213624 -0.783333 0.583741 0.630359 -0.622557 0.463757 0.557158 -0.718846 0.415735 -0.787228 -0.446164 -0.425688 -0.183819 -0.7008 -0.689267 -0.5909 -0.60248 -0.536521 -0.871884 -0.221173 0.436922 -0.805995 -0.429786 -0.407008 -0.226894 -0.971857 0.063345 -0.098481 -0.354181 0.929977 0.68095 -0.567656 0.462682 -0.127238 -0.620423 -0.773877 0.531456 -0.755731 -0.382656 0.531456 -0.755731 -0.382656 -0.991708 -0.124369 -0.032355 0.803766 0.576511 -0.146953 0.870188 0.196637 -0.451781 0.845179 0.53443 -0.00748 0.90881 0.240521 -0.340902 0.934963 0.286327 0.20943 0.642829 0.75962 0.098738 0.903373 0.120908 -0.411458 0.152614 -0.056531 -0.986668 0.267822 0.747499 -0.607879 0.162278 0.543307 0.823701 -0.917653 0.391332 -0.069085 0.120097 0.417984 0.900481 -0.953195 0.291221 0.081298 0.065073 0.209292 0.975686 -0.976252 0.214239 -0.032149 0.259435 0.818683 -0.512301 -0.374857 -0.302842 -0.876224 0.110919 -0.517112 -0.8487 -0.861412 0.074335 -0.502437 -0.967349 0.252455 0.022433 -0.051697 -0.199198 -0.978595 -0.304206 0.898453 -0.316608 -0.761654 0.376391 0.527459 0.078117 0.246947 0.965875 0.315623 0.709435 0.630146 0.379648 0.56393 -0.733383 -0.10499 -0.338203 -0.935198 0.941938 -0.334246 0.032137 0.946019 -0.323626 0.017729 0.968816 -0.246644 -0.023723 0.730103 -0.411489 -0.545551 0.952674 -0.30372 0.012885 0.849436 -0.100725 0.517989 0.934963 0.286327 0.20943 0.90881 0.240521 -0.340902 -0.548297 0.798501 0.24853 -0.170716 0.974065 0.148504 -0.969237 0.245131 0.02215 -0.347522 0.599078 -0.721342 -0.694846 0.546788 0.467132 0.048559 0.564546 0.823972 0.144421 0.532326 0.834129 0.532426 0.698582 0.478023 -0.979476 0.200128 -0.023984 -0.89581 -0.186913 -0.403223 -0.021748 -0.761982 -0.647234 -0.440626 -0.554539 -0.705928 -0.936 0.341667 0.084659 -0.925279 0.369703 -0.084725 -0.152134 -0.51002 -0.846602 0.169645 0.691013 0.702654 0.236828 0.771376 0.59067 0.214293 0.668971 -0.711728 0.97049 -0.23515 -0.053421 0.945645 -0.32258 0.041205 0.941965 -0.333379 0.0395 0.604736 -0.662299 -0.442329 0.945178 -0.325547 0.025641 0.854647 0.113502 0.506652 0.845179 0.53443 -0.00748 0.870188 0.196637 -0.451781 0.468885 0.098738 -0.877723 -0.305197 -0.670732 -0.675998 0.311507 0.889194 0.335108 -0.918281 0.374087 -0.129685 0.273591 0.849497 0.451112 -0.961015 0.276105 0.014702 0.046968 0.837297 0.544728 -0.976388 0.215571 0.014013 0.166277 0.447908 -0.878482 -0.268355 -0.901751 -0.338868 -0.89908 -0.240043 -0.366107 -0.943245 0.32717 0.056998 -0.245645 -0.79226 -0.558553 -0.228422 -0.662166 -0.713694 -0.541727 0.734564 0.408593 -0.252587 -0.844554 -0.472154 0.152614 -0.056531 -0.986668 -0.280189 0.771918 -0.570646 -0.258818 0.96465 -0.04963 0.423889 0.895952 0.132622 0.234369 0.787614 0.569855 0.952645 -0.302618 0.02984 0.951773 -0.302662 0.050245 0.960089 -0.262814 -0.095696 0.881967 0.30746 0.357214 0.954266 -0.298353 0.019047 0.594796 -0.756779 -0.271115 0.803766 0.576511 -0.146953 0.903373 0.120908 -0.411458 0.840135 0.495585 0.220382 0.940326 0.186033 0.284919 0.696098 -0.491109 0.523698 0.968913 -0.010677 0.24717 0.029011 -0.999539 -0.008918 0.314928 -0.034065 -0.948504 -0.488155 0.843232 -0.225089 0.983888 0.107414 0.142926 0.161862 -0.881079 -0.444411 0.89632 -0.322982 0.303799 0.950661 0.214152 0.224462 0.043191 -0.790515 0.610918 0.733718 -0.219743 0.64294 0.946369 0.218568 0.237939 0.975355 -0.107205 0.192846 0.940641 -0.164868 0.29667 0.745936 -0.343019 0.570892 0.064737 -0.914826 0.398625 0.949384 -0.140379 0.281004 0.943641 0.2659 0.197073 0.714822 -0.104979 0.691382 0.079634 0.313031 -0.946398 -0.468901 -0.803767 0.366183 -0.488799 0.637282 0.595774 0.183134 0.647434 0.739792 0.193769 0.645439 0.738825 0.994966 -0.051362 0.086047 -0.545612 0.713913 0.438902 0.971045 -0.000909 0.238896 0.637297 0.615424 0.463795 0.672158 0.417311 0.6116 -0.17242 -0.915553 -0.363366 0.00629 0.406952 -0.913428 -0.21884 -0.703125 -0.676553 -0.116781 0.873211 -0.473143 0.968913 -0.010677 0.24717 0.029011 -0.999539 -0.008918 -0.467569 -0.854407 -0.226645 -0.358818 0.808118 -0.467113 0.314928 -0.034065 -0.948504 0.00629 0.406952 -0.913428 0.983888 0.107414 0.142926 -0.488155 0.843232 -0.225089 -0.569551 0.814567 -0.109968 0.161862 -0.881079 -0.444411 0.950661 0.214152 0.224462 0.940641 -0.164868 0.29667 0.975355 -0.107205 0.192846 0.079634 0.313031 -0.946398 0.949384 -0.140379 0.281004 -0.19571 -0.437084 -0.87787 0.994966 -0.051362 0.086047 -0.150045 -0.602226 -0.784098 0.864944 -0.46557 -0.187395 -0.06143 -0.750194 -0.658359 -0.16994 -0.42658 -0.888341 0.09379 0.214922 -0.972117 -0.412939 0.908483 -0.064352 -0.290148 0.93543 0.201952 -0.243942 0.637359 0.730935 -0.097724 0.869536 0.484105 0 -0.577267 -0.816556 0 0.482999 0.875621</float_array>
          <technique_common>
            <accessor source="#GeometrySource1-array" count="3468" stride="3">
              <param name="X" type="float"/>
              <param name="Y" type="float"/>
              <param name="Z" type="float"/>
            </accessor>
          </technique_common>
        </source>
        <source id="GeometrySource2" name="chr012UV">
          <float_array id="GeometrySource2-array" count="6936">0.303373 0.988393 0.285236 0.973016 0.275508 0.985934 0.304121 0.942887 0.273145 0.940978 0.280181 0.951265 0.286662 0.958872 0.314631 0.968902 0.286662 0.958872 0.285236 0.973016 0.722052 0.124734 0.733918 0.146021 0.743585 0.140213 0.737479 0.157578 0.758274 0.153201 0.754875 0.182907 0.724772 0.180288 0.736989 0.200164 0.723214 0.166047 0.772083 0.175216 0.759295 0.190699 0.746338 0.20536 0.775239 0.184954 0.707107 0.180567 0.687409 0.173635 0.687276 0.18663 0.711329 0.14952 0.687627 0.152012 0.704301 0.125343 0.705909 0.106303 0.688125 0.126532 0.688729 0.103421 0.687644 0.204438 0.710599 0.214901 0.689099 0.220037 0.711424 0.224578 0.733308 0.215952 0.730971 0.225735 0.692936 0.229099 0.731664 0.198661 0.671432 0.10541 0.672059 0.124592 0.654416 0.123077 0.663885 0.148556 0.641591 0.143776 0.632193 0.137437 0.636343 0.154851 0.617049 0.14946 0.619095 0.178985 0.649736 0.178548 0.6363 0.196709 0.651528 0.164542 0.60254 0.169876 0.614402 0.186511 0.626859 0.201406 0.598668 0.180359 0.667329 0.179602 0.686089 0.204548 0.64266 0.196532 0.662622 0.213743 0.683709 0.2201 0.661183 0.223344 0.639957 0.21336 0.641608 0.223219 0.679332 0.228923 0.878363 0.210995 0.905525 0.198915 0.877715 0.165494 0.920553 0.235302 0.876151 0.246355 0.832609 0.237388 0.84756 0.200824 0.850163 0.150086 0.847656 0.111607 0.827027 0.140065 0.8826 0.131535 0.855725 0.090478 0.826979 0.107197 0.802402 0.11411 0.82874 0.079679 0.795027 0.088334 0.767341 0.127885 0.825017 0.17867 0.803361 0.149264 0.821894 0.482624 0.822205 0.467506 0.806404 0.481679 0.804382 0.467405 0.836446 0.483101 0.843026 0.467738 0.853447 0.483249 0.788155 0.481884 0.820959 0.504071 0.80636 0.507002 0.787213 0.501965 0.796478 0.530821 0.850607 0.502369 0.835371 0.506583 0.817355 0.526944 0.836818 0.531307 0.875908 0.501558 0.873022 0.482319 0.867895 0.468105 0.876298 0.524243 0.762905 0.518019 0.765988 0.497317 0.769804 0.480058 0.776185 0.467541 0.787213 0.501965 0.765988 0.497317 0.800498 0.530821 0.80636 0.507002 0.817355 0.526944 0.820959 0.504071 0.835371 0.506583 0.836818 0.531307 0.806404 0.481679 0.821894 0.482624 0.822205 0.467506 0.804382 0.467405 0.836446 0.483101 0.843026 0.467738 0.853447 0.483249 0.788155 0.481884 0.850607 0.502369 0.875908 0.501558 0.873022 0.482319 0.867895 0.468105 0.876298 0.524243 0.776185 0.467541 0.769804 0.480058 0.832609 0.237388 0.876151 0.246355 0.84756 0.200825 0.878363 0.210995 0.905524 0.198915 0.920553 0.235302 0.877715 0.165494 0.795027 0.088334 0.767341 0.127885 0.802402 0.11411 0.826979 0.107197 0.82874 0.079679 0.855725 0.090478 0.847656 0.111607 0.8826 0.131535 0.811847 0.146437 0.827027 0.140065 0.841206 0.146523 0.859121 0.153649 0.825017 0.17867 0.794875 0.15209 0.635286 0.460534 0.63161 0.471657 0.647188 0.464651 0.661544 0.45065 0.647358 0.437476 0.639115 0.450637 0.664907 0.432993 0.627717 0.455382 0.620169 0.469926 0.61904 0.454593 0.610112 0.45383 0.631963 0.455055 0.624744 0.436608 0.607955 0.453966 0.608323 0.472451 0.608606 0.437549 0.68021 0.443334 0.677809 0.45931 0.659002 0.467234 0.674875 0.474354 0.695731 0.447191 0.696641 0.463914 0.59765 0.470702 0.597774 0.4534 0.589055 0.453564 0.572961 0.460542 0.562529 0.475135 0.584462 0.474285 0.54417 0.45108 0.546758 0.474593 0.585511 0.436597 0.582813 0.452964 0.56589 0.454596 0.562089 0.440226 0.544782 0.42769 0.595066 0.501388 0.610268 0.500824 0.595129 0.484181 0.624162 0.482234 0.608702 0.481965 0.626978 0.500036 0.65498 0.488001 0.611179 0.516997 0.627453 0.516781 0.654106 0.503802 0.652212 0.519088 0.671968 0.509601 0.691862 0.515103 0.693523 0.498057 0.671929 0.526753 0.690541 0.531548 0.625279 0.550492 0.650341 0.55395 0.610068 0.548316 0.608002 0.594973 0.628294 0.595045 0.669692 0.55758 0.650651 0.598777 0.674663 0.600571 0.68997 0.558622 0.68487 0.677547 0.651609 0.635938 0.655379 0.679217 0.62251 0.686802 0.62682 0.6418 0.685681 0.699578 0.710868 0.676283 0.71935 0.694486 0.732536 0.665631 0.693902 0.63771 0.727259 0.634419 0.701947 0.633921 0.659047 0.709252 0.630875 0.715168 0.66351 0.742543 0.634524 0.746643 0.616013 0.719205 0.666921 0.77677 0.612978 0.749093 0.613505 0.770234 0.638387 0.784981 0.694267 0.739382 0.724052 0.731523 0.59786 0.77518 0.594989 0.75147 0.595511 0.720659 0.601453 0.687283 0.604739 0.643458 0.574105 0.751854 0.558339 0.719739 0.560703 0.753123 0.575724 0.718438 0.582565 0.686811 0.546781 0.669411 0.53715 0.692243 0.592509 0.5924 0.597565 0.548643 0.572709 0.549422 0.568289 0.522275 0.596483 0.518359 0.566301 0.509492 0.561696 0.498679 0.46925 0.035359 0.469442 0.05318 0.485594 0.036389 0.48661 0.052216 0.468709 0.076402 0.493467 0.077055 0.452164 0.070404 0.450383 0.051951 0.499989 0.035602 0.503204 0.056262 0.450639 0.034398 0.439067 0.034802 0.43777 0.056097 0.419875 0.056883 0.449694 0.018358 0.468302 0.018596 0.487273 0.018179 0.517173 0.032815 0.511392 0.01835 0.517808 0.082084 0.520271 0.060901 0.422486 0.031534 0.425277 0.017765 0.867895 0.468105 0.878363 0.210995 0.877715 0.165494 0.84756 0.200824 0.832609 0.237388 0.876151 0.246355 0.920553 0.235302 0.905524 0.198915 0.826979 0.107197 0.802402 0.11411 0.827027 0.140065 0.847656 0.111607 0.795027 0.088334 0.82874 0.079679 0.767341 0.127885 0.855725 0.090478 0.8826 0.131535 0.803361 0.149264 0.825017 0.17867 0.850163 0.150086 0.920553 0.235302 0.905525 0.198915 0.876151 0.246355 0.878363 0.210994 0.84756 0.200825 0.832609 0.237388 0.877715 0.165494 0.855725 0.090478 0.847656 0.111607 0.8826 0.131535 0.826979 0.107197 0.82874 0.079679 0.795027 0.088334 0.802402 0.11411 0.767341 0.127886 0.841206 0.146523 0.827027 0.140065 0.811847 0.146437 0.794875 0.15209 0.825017 0.17867 0.859121 0.153649 0.710854 0.444663 0.713057 0.462025 0.737209 0.45108 0.726168 0.472351 0.709063 0.500423 0.729847 0.427197 0.740685 0.474593 0.710049 0.530512 0.725646 0.529586 0.716448 0.512138 0.722162 0.557093 0.705993 0.559217 0.723871 0.598814 0.702885 0.599633 0.73616 0.514722 0.736312 0.497391 0.46925 0.035359 0.485594 0.036389 0.469442 0.05318 0.48661 0.052216 0.468709 0.076402 0.493467 0.077055 0.452163 0.070404 0.450383 0.051951 0.499989 0.035602 0.503204 0.056262 0.450639 0.034398 0.439067 0.034802 0.43777 0.056097 0.419875 0.056883 0.449694 0.018358 0.468302 0.018596 0.487273 0.018179 0.517173 0.032815 0.520271 0.060901 0.511392 0.01835 0.517808 0.082084 0.422486 0.031534 0.425277 0.017765 0.273284 0.127356 0.272332 0.162147 0.280736 0.126835 0.12417 0.131577 0.161762 0.117615 0.122034 0.101593 0.17622 0.084952 0.181193 0.1015 0.121509 0.073093 0.171301 0.054915 0.199406 0.042443 0.118564 0.039641 0.165837 0.027214 0.078081 0.076617 0.087413 0.099314 0.093482 0.122558 0.600191 0.298025 0.611201 0.272233 0.577336 0.289426 0.574874 0.327735 0.602347 0.324728 0.613795 0.323221 0.628233 0.298714 0.624081 0.322101 0.632719 0.31003 0.640004 0.276613 0.676456 0.267394 0.637356 0.268161 0.678921 0.273325 0.717587 0.258911 0.731891 0.286501 0.695077 0.30283 0.756022 0.240694 0.716172 0.253525 0.761252 0.244438 0.655265 0.309843 0.644542 0.314592 0.774885 0.264324 0.628233 0.298714 0.600191 0.298025 0.611201 0.272233 0.640004 0.276613 0.637356 0.268161 0.676456 0.267394 0.678921 0.273325 0.717587 0.258911 0.716172 0.253525 0.761252 0.244438 0.756022 0.240694 0.198061 0.031534 0.606175 0.139259 0.566254 0.148967 0.608115 0.145387 0.924828 0.435812 0.984616 0.434452 0.932808 0.419672 0.892983 0.418092 0.891301 0.438368 0.910382 0.396766 0.901982 0.405115 0.949295 0.405507 0.932808 0.419672 0.892983 0.418092 0.910382 0.396766 0.918273 0.864224 0.917822 0.831869 0.88901 0.863387 0.921937 0.899287 0.867358 0.901691 0.896242 0.899049 0.796789 0.755545 0.767665 0.793672 0.78739 0.797522 0.810771 0.799188 0.82068 0.755249 0.771022 0.75086 0.796898 0.719665 0.776367 0.720497 0.822302 0.718891 0.817306 0.691322 0.795662 0.691147 0.776426 0.693032 0.803486 0.826918 0.833229 0.694108 0.844067 0.722287 0.847812 0.757163 0.831109 0.803496 0.856786 0.800662 0.84972 0.832147 0.834849 0.667665 0.863766 0.669811 0.862059 0.695797 0.815944 0.667158 0.793746 0.666598 0.893184 0.671115 0.894554 0.693971 0.911481 0.671629 0.912765 0.69837 0.895476 0.721093 0.864472 0.721127 0.913572 0.725444 0.928084 0.698143 0.930406 0.722884 0.927759 0.671574 0.9512 0.694574 0.953425 0.715286 0.949924 0.672709 0.929878 0.651823 0.953587 0.652363 0.93182 0.634283 0.957233 0.634398 0.915781 0.633889 0.913447 0.650252 0.895964 0.649515 0.899689 0.631371 0.871817 0.645503 0.875292 0.629234 0.834519 0.63798 0.814254 0.646766 0.815742 0.626991 0.793947 0.645401 0.791857 0.626014 0.771524 0.636344 0.767828 0.618984 0.747151 0.628487 0.838255 0.622738 0.778335 0.666598 0.755735 0.667245 0.757304 0.69983 0.753893 0.646744 0.75791 0.721225 0.75629 0.735121 0.754979 0.743311 0.752109 0.751162 0.75105 0.784888 0.733717 0.824231 0.763412 0.825028 0.714325 0.858769 0.711981 0.871548 0.740601 0.866082 0.944614 0.867097 0.935497 0.899355 0.957143 0.83417 0.946036 0.797508 0.972497 0.798984 0.984733 0.831294 0.991195 0.866559 0.968165 0.870418 0.880472 0.798622 0.88237 0.832585 0.915408 0.798431 0.888 0.757073 0.866615 0.746469 0.865574 0.733279 0.735635 0.720427 0.458862 0.563854 0.463216 0.57777 0.458268 0.552578 0.722052 0.124734 0.733918 0.146021 0.743585 0.140213 0.737479 0.157578 0.758274 0.153201 0.754875 0.182907 0.724772 0.180288 0.736989 0.200164 0.723214 0.166047 0.772083 0.175216 0.759295 0.190699 0.746338 0.20536 0.775239 0.184954 0.707107 0.180567 0.687409 0.173635 0.687276 0.18663 0.711329 0.14952 0.687627 0.152012 0.704301 0.125343 0.705909 0.106303 0.688729 0.103421 0.688125 0.126532 0.687644 0.204438 0.710599 0.214901 0.689099 0.220037 0.711424 0.224578 0.733308 0.215952 0.730971 0.225735 0.692936 0.229099 0.731664 0.198661 0.672059 0.124592 0.671432 0.10541 0.654416 0.123077 0.663885 0.148556 0.641591 0.143776 0.632193 0.137437 0.651528 0.164542 0.636343 0.154851 0.649736 0.178548 0.619095 0.178985 0.636301 0.196709 0.617049 0.14946 0.60254 0.169876 0.614402 0.186511 0.626859 0.201406 0.598668 0.180359 0.667329 0.179602 0.686089 0.204548 0.64266 0.196532 0.662622 0.213743 0.683709 0.2201 0.661183 0.223344 0.639957 0.21336 0.641608 0.223219 0.679332 0.228923 0.878363 0.210995 0.905524 0.198915 0.877715 0.165494 0.920553 0.235302 0.876151 0.246355 0.832609 0.237388 0.84756 0.200825 0.850163 0.150086 0.847656 0.111607 0.827027 0.140065 0.8826 0.131535 0.855725 0.090478 0.826979 0.107197 0.802402 0.11411 0.82874 0.079679 0.795027 0.088334 0.767341 0.127885 0.825017 0.17867 0.803361 0.149264 0.938018 0.482225 0.937169 0.467154 0.915775 0.483753 0.920123 0.467968 0.957055 0.483195 0.957571 0.467905 0.936071 0.502669 0.911773 0.503355 0.983809 0.467817 0.987829 0.484085 0.989892 0.502027 0.95549 0.501986 0.935808 0.527882 0.951196 0.529729 0.988721 0.522719 0.885733 0.467435 0.880423 0.481448 0.911373 0.529087 0.880581 0.517457 0.880732 0.497604 0.911773 0.503355 0.880732 0.497604 0.911373 0.529087 0.935808 0.527882 0.936071 0.502669 0.95549 0.501986 0.951196 0.529729 0.938018 0.482225 0.915775 0.483753 0.920123 0.467968 0.937169 0.467154 0.957055 0.483195 0.957571 0.467905 0.989892 0.502027 0.987829 0.484085 0.983809 0.467817 0.988721 0.522719 0.885732 0.467435 0.880423 0.481448 0.832609 0.237388 0.876151 0.246355 0.84756 0.200825 0.878363 0.210995 0.877715 0.165494 0.905524 0.198915 0.920553 0.235302 0.795027 0.088334 0.767341 0.127886 0.802402 0.11411 0.826979 0.107197 0.82874 0.079679 0.855725 0.090478 0.847656 0.111607 0.8826 0.131535 0.803361 0.149264 0.827027 0.140065 0.850163 0.150086 0.825017 0.17867 0.834656 0.589302 0.825444 0.603211 0.859237 0.594592 0.819223 0.583429 0.814444 0.605864 0.812487 0.586935 0.8018 0.602841 0.803744 0.588388 0.876368 0.579863 0.876512 0.596208 0.897867 0.583318 0.896061 0.565482 0.825139 0.580707 0.81593 0.568047 0.840126 0.565437 0.838057 0.581395 0.875641 0.560135 0.800121 0.587895 0.801691 0.571582 0.915183 0.563198 0.916673 0.58375 0.917522 0.621477 0.790278 0.585955 0.783414 0.58219 0.78944 0.603128 0.768109 0.580973 0.752402 0.593314 0.778685 0.595879 0.733809 0.567487 0.7363 0.591657 0.783092 0.56583 0.779105 0.578533 0.758236 0.572408 0.756432 0.562257 0.735618 0.547261 0.934228 0.621312 0.936847 0.581787 0.936471 0.601258 0.966556 0.598135 0.965588 0.574009 0.935878 0.560815 0.960636 0.553593 0.573709 0.032761 0.5739 0.052007 0.594661 0.035166 0.597365 0.054206 0.59488 0.07524 0.573812 0.075505 0.557734 0.070041 0.553448 0.054755 0.549746 0.033556 0.525879 0.056684 0.554326 0.018162 0.572496 0.018153 0.591516 0.018256 0.621834 0.032552 0.615501 0.018082 0.620343 0.0813 0.624319 0.060589 0.527913 0.032554 0.530213 0.018217 0.878363 0.210995 0.877715 0.165494 0.847561 0.200825 0.832609 0.237388 0.876151 0.246355 0.920553 0.235302 0.905525 0.198915 0.826979 0.107197 0.802402 0.11411 0.827027 0.140065 0.847656 0.111607 0.795027 0.088334 0.82874 0.079679 0.767341 0.127885 0.855725 0.090478 0.8826 0.131535 0.803361 0.149264 0.825017 0.17867 0.850163 0.150086 0.920553 0.235302 0.905524 0.198915 0.876151 0.246355 0.878363 0.210995 0.877715 0.165494 0.84756 0.200825 0.832609 0.237388 0.855725 0.090478 0.847656 0.111607 0.8826 0.131535 0.826979 0.107197 0.82874 0.079679 0.795027 0.088334 0.802402 0.11411 0.767341 0.127886 0.850163 0.150086 0.827027 0.140065 0.803361 0.149264 0.825017 0.17867 0.573709 0.032761 0.59466 0.035166 0.5739 0.052007 0.597365 0.054206 0.59488 0.07524 0.573812 0.075505 0.557735 0.070041 0.553448 0.054755 0.549746 0.033556 0.525879 0.056684 0.554326 0.018162 0.572496 0.018153 0.591516 0.018256 0.621834 0.032552 0.624319 0.060589 0.615501 0.018082 0.620344 0.0813 0.527913 0.032554 0.530213 0.018217 0.195009 0.885843 0.213391 0.867528 0.181936 0.867263 0.195322 0.848241 0.206344 0.84208 0.221912 0.85653 0.239385 0.88328 0.2265 0.909668 0.269303 0.910979 0.263916 0.923045 0.248471 0.868528 0.31677 0.911945 0.309299 0.924121 0.185159 0.842168 0.163297 0.857403 0.19387 0.82942 0.154756 0.807744 0.153733 0.82615 0.121054 0.811408 0.117809 0.828004 0.128846 0.781952 0.162634 0.786906 0.196267 0.818846 0.147092 0.847094 0.116128 0.845777 0.085963 0.827486 0.081515 0.845948 0.049225 0.841663 0.055746 0.819773 0.194434 0.790695 0.219088 0.793023 0.219338 0.811846 0.227669 0.804217 0.160084 0.755999 0.127698 0.753886 0.136421 0.735812 0.199121 0.760418 0.177878 0.743851 0.186055 0.745664 0.089089 0.808487 0.048481 0.806145 0.0685 0.778455 0.097832 0.780707 0.068437 0.75363 0.09965 0.749998 0.079045 0.734627 0.067413 0.733828 0.035679 0.800392 0.044472 0.7802 0.041132 0.75919 0.05957 0.735472 0.024113 0.781843 0.015142 0.798712 0.020406 0.763949 0.090071 0.729236 0.077861 0.730057 0.035118 0.738883 0.026326 0.741093 0.043492 0.73224 0.052379 0.731791 0.033861 0.722791 0.064293 0.719536 0.087746 0.718081 0.089412 0.72596 0.111786 0.724445 0.125543 0.720536 0.003988 0.7648 0.006157 0.741127 0.022191 0.731801 0.008934 0.723841 0.007513 0.734255 0.124047 0.726947 0.135933 0.721989 0.110681 0.730484 0.129341 0.733595 0.153308 0.731404 0.144155 0.731004 0.161002 0.727606 0.165594 0.733695 0.174676 0.737225 0.184031 0.728737 0.161485 0.726254 0.192211 0.738676 0.195955 0.729256 0.203815 0.735317 0.210809 0.741936 0.225631 0.732632 0.237481 0.732219 0.236856 0.726213 0.238538 0.74224 0.203955 0.747454 0.260366 0.719876 0.267866 0.73745 0.245247 0.756058 0.226828 0.756454 0.272214 0.749134 0.278753 0.73502 0.293457 0.744073 0.300377 0.726103 0.331424 0.734419 0.309162 0.771142 0.345096 0.765733 0.270478 0.716356 0.259601 0.71391 0.250026 0.768508 0.276671 0.773616 0.353765 0.798367 0.316375 0.797391 0.360248 0.726034 0.37952 0.768093 0.320178 0.702818 0.341809 0.681013 0.302702 0.674283 0.334103 0.672226 0.318287 0.653649 0.30755 0.656661 0.270177 0.663612 0.27369 0.682181 0.240151 0.683707 0.207226 0.667849 0.261389 0.639654 0.205581 0.64576 0.162049 0.660555 0.161632 0.640237 0.121091 0.655866 0.116839 0.634952 0.095603 0.657062 0.087653 0.636899 0.284807 0.630927 0.308417 0.647399 0.204198 0.683326 0.239171 0.697828 0.202088 0.694384 0.236872 0.7049 0.201119 0.708161 0.233978 0.711448 0.199033 0.718311 0.175749 0.694681 0.248153 0.7157 0.239022 0.718061 0.112902 0.612644 0.078039 0.621654 0.070854 0.645025 0.059596 0.631563 0.056865 0.656162 0.073597 0.663851 0.093367 0.676704 0.055421 0.665277 0.036471 0.654966 0.028613 0.67215 0.050055 0.68082 0.027424 0.684398 0.049114 0.691987 0.042438 0.647584 0.074809 0.67415 0.092483 0.692481 0.071057 0.685754 0.068223 0.695053 0.094451 0.699802 0.089611 0.702856 0.066737 0.703962 0.107665 0.694005 0.104312 0.700938 0.058334 0.694938 0.048246 0.700016 0.028099 0.69176 0.096063 0.711739 0.054824 0.709203 0.132346 0.702162 0.107828 0.704528 0.130738 0.706762 0.149585 0.705621 0.13095 0.715636 0.157502 0.717367 0.156382 0.700383 0.133734 0.695106 0.115382 0.678231 0.137133 0.678968 0.158606 0.693095 0.160989 0.700729 0.161431 0.676849 0.18084 0.682482 0.174281 0.704384 0.167551 0.705255 0.173765 0.713261 0.450266 0.786186 0.496606 0.767142 0.453846 0.774466 0.503129 0.754689 0.443733 0.745194 0.379277 0.803536 0.440076 0.739736 0.501379 0.725418 0.369323 0.830849 0.453661 0.829885 0.450794 0.83954 0.455015 0.84748 0.449259 0.806725 0.351253 0.827321 0.506199 0.834357 0.496029 0.80666 0.507423 0.846374 0.310219 0.819781 0.281623 0.815697 0.279613 0.798486 0.255709 0.808288 0.25552 0.820466 0.272006 0.836539 0.295189 0.840151 0.250414 0.844754 0.250054 0.824481 0.26455 0.791763 0.250458 0.803998 0.284845 0.870089 0.232764 0.840634 0.242568 0.824904 0.23422 0.82353 0.214944 0.829689 0.225364 0.817769 0.247049 0.787344 0.241131 0.801155 0.222306 0.774673 0.197468 0.746043 0.192211 0.738676 0.327775 0.892234 0.339247 0.875409 0.274334 0.892239 0.339631 0.901522 0.34069 0.900256 0.346544 0.912684 0.351878 0.879179 0.388378 0.910837 0.399259 0.895267 0.365997 0.862609 0.458733 0.944318 0.468268 0.919292 0.439888 0.961297 0.379428 0.925728 0.492013 0.985122 0.519444 0.9669 0.531711 0.945335 0.535678 0.914806 0.472869 0.8969 0.409319 0.883424 0.351713 0.855424 0.522792 0.993143 0.568324 0.979114 0.575965 0.965762 0.611503 0.98417 0.562374 0.994131 0.583899 0.956724 0.555895 0.928811 0.373578 0.857531 0.450836 0.873071 0.446223 0.882461 0.393041 0.867351 0.386771 0.672661 0.38551 0.667866 0.419725 0.644283 0.393307 0.699757 0.422553 0.650261 0.437027 0.685543 0.435572 0.67481 0.393598 0.707361 0.399389 0.713583 0.409635 0.737308 0.41353 0.746161 0.453841 0.713149 0.447771 0.69113 0.443225 0.685911 0.815349 0.010689 0.83471 0.056611 0.862797 0.010689 0.865085 0.063932 0.904704 0.010689 0.906899 0.070902 0.824878 0.055217 0.813159 0.052489 0.789075 0.055435 0.765319 0.010689 0.765763 0.05692 0.756729 0.056599 0.724762 0.051096 0.723263 0.010689 0.707856 0.046253 0.690818 0.031679 0.687204 0.010689 0.934498 0.066811 0.934433 0.04208 0.914632 0.076189 0.935752 0.109648 0.923921 0.144975 0.917015 0.111731 0.939462 0.145876 0.928775 0.167977 0.950697 0.180429 0.934246 0.181145 0.941763 0.2025 0.959193 0.199668 0.942516 0.231509 0.96357 0.233303 0.961741 0.252869 0.984251 0.236334 0.983656 0.258553 0.970255 0.204392 0.982581 0.207507 0.213709 0.969459 0.23016 0.968666 0.213709 0.949971 0.232534 0.953318 0.234436 0.942283 0.213709 0.930983 0.24001 0.978867 0.213709 0.987448 0.24943 0.961505 0.381129 0.646017 0.380794 0.63807 0.412749 0.609165 0.361724 0.619919 0.402257 0.596668 0.355223 0.616668 0.396212 0.59276 0.313717 0.649607 0.101609 0.957183 0.143416 0.950344 0.092597 0.917967 0.06946 0.940972 0.056479 0.91913 0.142014 0.913983 0.118297 0.891139 0.080444 0.887299 0.049482 0.892251 0.070672 0.866566 0.135665 0.873062 0.171438 0.899338 0.182674 0.92831 0.180956 0.95819 0.158704 0.982114 0.124419 0.991212 0.081644 0.984654 0.048241 0.961734 0.029554 0.919663 0.020883 0.874033 0.779479 0.285323 0.795529 0.303327 0.806551 0.276503 0.812795 0.29517 0.831424 0.331676 0.818713 0.274144 0.823914 0.291499 0.843419 0.273804 0.838257 0.290439 0.850584 0.293817 0.857298 0.276584 0.866198 0.302172 0.884156 0.284174 0.249435 0.721008 0.053319 0.3547 0.056929 0.39388 0.073288 0.388493 0.042612 0.356444 0.031905 0.358189 0.013124 0.357927 0.038562 0.39522 0.267436 0.699784 0.292018 0.712226 0.330917 0.926834 0.336785 0.914485 0.338193 0.908073 0.884156 0.284174 0.857298 0.276584 0.866198 0.302172 0.850584 0.293817 0.831424 0.331676 0.838257 0.290439 0.843419 0.273804 0.818713 0.274144 0.823914 0.291499 0.806551 0.276503 0.812795 0.29517 0.795529 0.303327 0.779479 0.285323 0.756033 0.348348 0.748669 0.307924 0.730608 0.316197 0.764126 0.308579 0.70905 0.343722 0.776768 0.315909 0.802321 0.33918 0.161982 0.612372 0.204937 0.614443 0.252189 0.607897 0.286737 0.600474 0.393041 0.867351 0.444644 0.79986 0.493729 0.793335 0.366876 0.471904 0.3402 0.506881 0.332456 0.472497 0.35822 0.432636 0.427202 0.474479 0.400259 0.482992 0.420181 0.436602 0.383782 0.429835 0.371514 0.479923 0.370757 0.520332 0.430788 0.461791 0.461768 0.460501 0.439111 0.495288 0.430364 0.433523 0.45971 0.435079 0.485239 0.42796 0.490114 0.462673 0.469083 0.49064 0.496692 0.474677 0.524265 0.503309 0.505475 0.506771 0.524894 0.47102 0.525464 0.431626 0.499563 0.435054 0.522246 0.42609 0.320294 0.616023 0.301063 0.586539 0.328421 0.590276 0.337887 0.564413 0.29184 0.560542 0.339806 0.547429 0.288507 0.539012 0.330883 0.501508 0.292785 0.498536 0.323955 0.453163 0.291762 0.44985 0.313937 0.425152 0.262154 0.814471 0.70905 0.343722 0.756033 0.348348 0.730608 0.316197 0.748669 0.307924 0.764126 0.308579 0.776768 0.315909 0.802321 0.33918 0.812795 0.29517 0.806551 0.276503 0.795529 0.303327 0.779479 0.285323 0.823914 0.291499 0.818713 0.274144 0.838257 0.290439 0.843419 0.273804 0.850584 0.293817 0.857298 0.276584 0.831424 0.331676 0.866198 0.302172 0.884156 0.284174 0.850584 0.293817 0.831424 0.331676 0.866198 0.302172 0.857298 0.276584 0.884156 0.284174 0.850584 0.293817 0.831424 0.331676 0.866198 0.302172 0.884156 0.284174 0.823914 0.291499 0.838257 0.290439 0.818713 0.274144 0.806551 0.276503 0.812795 0.29517 0.843419 0.273804 0.857298 0.276584 0.779479 0.285323 0.795529 0.303327 0.823914 0.291499 0.838257 0.290439 0.812795 0.29517 0.818713 0.274144 0.806551 0.276503 0.843419 0.273804 0.795529 0.303327 0.779479 0.285323 0.008477 0.784217 0.70905 0.343722 0.756033 0.348348 0.730608 0.316197 0.755038 0.306376 0.776768 0.315909 0.802321 0.33918 0.027889 0.698546 0.884156 0.284174 0.973647 0.116103 0.967305 0.075622 0.957291 0.117359 0.948612 0.077514 0.974463 0.154466 0.9598 0.157036 0.967081 0.181029 0.988603 0.073921 0.988603 0.11716 0.988603 0.156072 0.988603 0.182287 0.976272 0.192407 0.988603 0.197409 0.303373 0.988393 0.275508 0.985934 0.285236 0.973016 0.304121 0.942887 0.280181 0.951265 0.273145 0.940978 0.286662 0.958872 0.314631 0.968902 0.285236 0.973016 0.286662 0.958872 0.722052 0.124734 0.743585 0.140213 0.733918 0.146021 0.737479 0.157578 0.758274 0.153201 0.754875 0.182907 0.724772 0.180288 0.736989 0.200164 0.723214 0.166047 0.772083 0.175216 0.759295 0.190699 0.746338 0.20536 0.775239 0.184954 0.707107 0.180567 0.687409 0.173635 0.687276 0.18663 0.711329 0.14952 0.687627 0.152012 0.704301 0.125343 0.705909 0.106303 0.688125 0.126532 0.688729 0.103421 0.687644 0.204438 0.710599 0.214901 0.689099 0.220037 0.711424 0.224578 0.733308 0.215952 0.730971 0.225735 0.692936 0.229099 0.731664 0.198661 0.671432 0.10541 0.672059 0.124592 0.654416 0.123077 0.663885 0.148556 0.641591 0.143776 0.632193 0.137437 0.636343 0.154851 0.617049 0.14946 0.619095 0.178985 0.649736 0.178548 0.6363 0.196709 0.651528 0.164542 0.60254 0.169876 0.614402 0.186511 0.626859 0.201406 0.598668 0.180359 0.667329 0.179602 0.686089 0.204548 0.64266 0.196532 0.662622 0.213743 0.683709 0.2201 0.661183 0.223344 0.639957 0.21336 0.641608 0.223219 0.679332 0.228923 0.878363 0.210995 0.877715 0.165494 0.905525 0.198915 0.920553 0.235302 0.876151 0.246355 0.832609 0.237388 0.84756 0.200824 0.826979 0.107197 0.847656 0.111607 0.827027 0.140065 0.802402 0.11411 0.855725 0.090478 0.82874 0.079679 0.8826 0.131535 0.795027 0.088334 0.767341 0.127885 0.850163 0.150086 0.825017 0.17867 0.803361 0.149264 0.804382 0.467405 0.822205 0.467506 0.806404 0.481679 0.821894 0.482624 0.836446 0.483101 0.843026 0.467738 0.853447 0.483249 0.788155 0.481884 0.820959 0.504071 0.80636 0.507002 0.787213 0.501965 0.796478 0.530821 0.850607 0.502369 0.835371 0.506583 0.817355 0.526944 0.836818 0.531307 0.875908 0.501558 0.873022 0.482319 0.867895 0.468105 0.876298 0.524243 0.762905 0.518019 0.765988 0.497317 0.769804 0.480058 0.776185 0.467541 0.787213 0.501965 0.765988 0.497317 0.800498 0.530821 0.80636 0.507002 0.817355 0.526944 0.820959 0.504071 0.835371 0.506583 0.836818 0.531307 0.806404 0.481679 0.821894 0.482624 0.822205 0.467506 0.804382 0.467405 0.836446 0.483101 0.843026 0.467738 0.853447 0.483249 0.788155 0.481884 0.850607 0.502369 0.875908 0.501558 0.873022 0.482319 0.867895 0.468105 0.876298 0.524243 0.776185 0.467541 0.769804 0.480058 0.832609 0.237388 0.84756 0.200825 0.876151 0.246355 0.878363 0.210995 0.905524 0.198915 0.920553 0.235302 0.877715 0.165494 0.795027 0.088334 0.802402 0.11411 0.767341 0.127885 0.826979 0.107197 0.82874 0.079679 0.855725 0.090478 0.847656 0.111607 0.8826 0.131535 0.811847 0.146437 0.827027 0.140065 0.841206 0.146523 0.859121 0.153649 0.825017 0.17867 0.794875 0.15209 0.635286 0.460534 0.647188 0.464651 0.63161 0.471657 0.661544 0.45065 0.639115 0.450637 0.647358 0.437476 0.664907 0.432993 0.627717 0.455382 0.620169 0.469926 0.61904 0.454593 0.610112 0.45383 0.608323 0.472451 0.624744 0.436608 0.631963 0.455055 0.607955 0.453966 0.608606 0.437549 0.68021 0.443334 0.677809 0.45931 0.659002 0.467234 0.674875 0.474354 0.695731 0.447191 0.597774 0.4534 0.59765 0.470702 0.589055 0.453564 0.584462 0.474285 0.572961 0.460542 0.562529 0.475135 0.54417 0.45108 0.546758 0.474593 0.582813 0.452964 0.585511 0.436597 0.562089 0.440226 0.56589 0.454596 0.544782 0.42769 0.595066 0.501388 0.561696 0.498679 0.595129 0.484181 0.610268 0.500824 0.608702 0.481965 0.624162 0.482234 0.626978 0.500036 0.627453 0.516781 0.654106 0.503802 0.65498 0.488001 0.652212 0.519088 0.673392 0.497138 0.671968 0.509601 0.671929 0.526753 0.691862 0.515103 0.693523 0.498057 0.690541 0.531548 0.625279 0.550492 0.650341 0.55395 0.628294 0.595045 0.610068 0.548316 0.608002 0.594973 0.669692 0.55758 0.674663 0.600571 0.650651 0.598777 0.68997 0.558622 0.655379 0.679217 0.62682 0.6418 0.651609 0.635938 0.62251 0.686802 0.685681 0.699578 0.68487 0.677547 0.710868 0.676283 0.71935 0.694486 0.732536 0.665631 0.693902 0.63771 0.727259 0.634419 0.701947 0.633921 0.659047 0.709252 0.630875 0.715168 0.66351 0.742543 0.634524 0.746643 0.616013 0.719205 0.666921 0.77677 0.638387 0.784981 0.612978 0.749093 0.613505 0.770234 0.694267 0.739382 0.724052 0.731523 0.594989 0.75147 0.59786 0.77518 0.595511 0.720659 0.601453 0.687283 0.735635 0.720427 0.574105 0.751854 0.582417 0.78031 0.566638 0.78027 0.560703 0.753123 0.558339 0.719739 0.575724 0.718438 0.582565 0.686811 0.604739 0.643458 0.546781 0.669411 0.53715 0.692243 0.584832 0.639795 0.592509 0.5924 0.572709 0.549422 0.570693 0.594539 0.597565 0.548643 0.568289 0.522275 0.596483 0.518359 0.566301 0.509492 0.611179 0.516997 0.46925 0.035359 0.485594 0.036389 0.469442 0.05318 0.48661 0.052216 0.468709 0.076402 0.493467 0.077055 0.452164 0.070404 0.450383 0.051951 0.499989 0.035602 0.503204 0.056262 0.450639 0.034398 0.439067 0.034802 0.43777 0.056097 0.419875 0.056883 0.449694 0.018358 0.468302 0.018596 0.487273 0.018179 0.517173 0.032815 0.511392 0.01835 0.517808 0.082084 0.520271 0.060901 0.422486 0.031534 0.425277 0.017765 0.878363 0.210995 0.84756 0.200824 0.877715 0.165494 0.832609 0.237388 0.876151 0.246355 0.920553 0.235302 0.905524 0.198915 0.803361 0.149264 0.802402 0.11411 0.827027 0.140065 0.767341 0.127885 0.795027 0.088334 0.826979 0.107197 0.847656 0.111607 0.82874 0.079679 0.855725 0.090478 0.8826 0.131535 0.825017 0.17867 0.850163 0.150086 0.920553 0.235302 0.876151 0.246355 0.905525 0.198915 0.878363 0.210994 0.84756 0.200825 0.832609 0.237388 0.877715 0.165494 0.855725 0.090478 0.8826 0.131535 0.847656 0.111607 0.826979 0.107197 0.82874 0.079679 0.795027 0.088334 0.802402 0.11411 0.767341 0.127886 0.841206 0.146523 0.827027 0.140065 0.811847 0.146437 0.794875 0.15209 0.825017 0.17867 0.859121 0.153649 0.713057 0.462025 0.696641 0.463914 0.710854 0.444663 0.737209 0.45108 0.726168 0.472351 0.709063 0.500423 0.729847 0.427197 0.740685 0.474593 0.716448 0.512138 0.710049 0.530512 0.725646 0.529586 0.73616 0.514722 0.722162 0.557093 0.705993 0.559217 0.690706 0.599675 0.723871 0.598814 0.702885 0.599633 0.46925 0.035359 0.469442 0.05318 0.485594 0.036389 0.48661 0.052216 0.468709 0.076402 0.493467 0.077055 0.452163 0.070404 0.450383 0.051951 0.499989 0.035602 0.503204 0.056262 0.450639 0.034398 0.439067 0.034802 0.43777 0.056097 0.419875 0.056883 0.449694 0.018358 0.468302 0.018596 0.487273 0.018179 0.517173 0.032815 0.520271 0.060901 0.511392 0.01835 0.517808 0.082084 0.422486 0.031534 0.425277 0.017765 0.273284 0.127356 0.280736 0.126835 0.272332 0.162147 0.12417 0.131577 0.144871 0.141998 0.121409 0.157627 0.122034 0.101593 0.161762 0.117615 0.181193 0.1015 0.17622 0.084952 0.219398 0.094002 0.121509 0.073093 0.171301 0.054915 0.198061 0.031534 0.087413 0.099314 0.078081 0.076617 0.606175 0.139259 0.558733 0.112186 0.606329 0.1161 0.918273 0.864224 0.88901 0.863387 0.917822 0.831869 0.767665 0.793672 0.78739 0.797522 0.763412 0.825028 0.796789 0.755545 0.810771 0.799188 0.82068 0.755249 0.771022 0.75086 0.796898 0.719665 0.776367 0.720497 0.822302 0.718891 0.817306 0.691322 0.795662 0.691147 0.776426 0.693032 0.833229 0.694108 0.844067 0.722287 0.847812 0.757163 0.831109 0.803496 0.803486 0.826918 0.84972 0.832147 0.822726 0.833633 0.856786 0.800662 0.834849 0.667665 0.863766 0.669811 0.862059 0.695797 0.815944 0.667158 0.793746 0.666598 0.778335 0.666598 0.755735 0.667245 0.757304 0.69983 0.893184 0.671115 0.894554 0.693971 0.911481 0.671629 0.912765 0.69837 0.895476 0.721093 0.864472 0.721127 0.928084 0.698143 0.927759 0.671574 0.9512 0.694574 0.953425 0.715286 0.930406 0.722884 0.949924 0.672709 0.929878 0.651823 0.953587 0.652363 0.93182 0.634283 0.957233 0.634398 0.915781 0.633889 0.913447 0.650252 0.895964 0.649515 0.899689 0.631371 0.871817 0.645503 0.875292 0.629234 0.834519 0.63798 0.814254 0.646766 0.793947 0.645401 0.771524 0.636344 0.791857 0.626014 0.747151 0.628487 0.767828 0.618984 0.838255 0.622738 0.768109 0.580973 0.778685 0.595879 0.752402 0.593314 0.783414 0.58219 0.78944 0.603128 0.790278 0.585955 0.8018 0.602841 0.800121 0.587895 0.803744 0.588388 0.812487 0.586935 0.819223 0.583429 0.814444 0.605864 0.834656 0.589302 0.859237 0.594592 0.825444 0.603211 0.898546 0.618835 0.876368 0.579863 0.876512 0.596208 0.897867 0.583318 0.896061 0.565482 0.81593 0.568047 0.825139 0.580707 0.838057 0.581395 0.840126 0.565437 0.875641 0.560135 0.915183 0.563198 0.916673 0.58375 0.898105 0.600046 0.917522 0.621477 0.936847 0.581787 0.935878 0.560815 0.965588 0.574009 0.934228 0.621312 0.960636 0.553593 0.944614 0.867097 0.957143 0.83417 0.972497 0.798984 0.946036 0.797508 0.991195 0.866559 0.968165 0.870418 0.984733 0.831294 0.956059 0.756052 0.915408 0.798431 0.930657 0.761189 0.880472 0.798622 0.88237 0.832585 0.865574 0.733279 0.866615 0.746469 0.714325 0.858769 0.740601 0.866082 0.711981 0.871548 0.733717 0.824231 0.75105 0.784888 0.752109 0.751162 0.754979 0.743311 0.75629 0.735121 0.75791 0.721225 0.736312 0.497391 0.743428 0.498679 0.458862 0.563854 0.458268 0.552578 0.463216 0.57777 0.722052 0.124734 0.743585 0.140213 0.733918 0.146021 0.737479 0.157578 0.758274 0.153201 0.754875 0.182907 0.724772 0.180288 0.736989 0.200164 0.723214 0.166047 0.772083 0.175216 0.759295 0.190699 0.746338 0.20536 0.775239 0.184954 0.707107 0.180567 0.687409 0.173635 0.687276 0.18663 0.711329 0.14952 0.687627 0.152012 0.704301 0.125343 0.705909 0.106303 0.688729 0.103421 0.688125 0.126532 0.687644 0.204438 0.710599 0.214901 0.689099 0.220037 0.711424 0.224578 0.733308 0.215952 0.730971 0.225735 0.692936 0.229099 0.731664 0.198661 0.672059 0.124592 0.671432 0.10541 0.654416 0.123077 0.663885 0.148556 0.641591 0.143776 0.632193 0.137437 0.651528 0.164542 0.636343 0.154851 0.649736 0.178548 0.619095 0.178985 0.636301 0.196709 0.617049 0.14946 0.60254 0.169876 0.614402 0.186511 0.626859 0.201406 0.598668 0.180359 0.667329 0.179602 0.686089 0.204548 0.64266 0.196532 0.662622 0.213743 0.683709 0.2201 0.661183 0.223344 0.639957 0.21336 0.641608 0.223219 0.679332 0.228923 0.878363 0.210995 0.877715 0.165494 0.905524 0.198915 0.920553 0.235302 0.876151 0.246355 0.832609 0.237388 0.84756 0.200825 0.826979 0.107197 0.847656 0.111607 0.827027 0.140065 0.802402 0.11411 0.855725 0.090478 0.82874 0.079679 0.8826 0.131535 0.795027 0.088334 0.767341 0.127885 0.850163 0.150086 0.825017 0.17867 0.803361 0.149264 0.920123 0.467968 0.937169 0.467154 0.915775 0.483753 0.938018 0.482225 0.957055 0.483195 0.957571 0.467905 0.936071 0.502669 0.911773 0.503355 0.983809 0.467817 0.987829 0.484085 0.989892 0.502027 0.95549 0.501986 0.935808 0.527882 0.951196 0.529729 0.988721 0.522719 0.885733 0.467435 0.880423 0.481448 0.911373 0.529087 0.880581 0.517457 0.880732 0.497604 0.911773 0.503355 0.880732 0.497604 0.911373 0.529087 0.936071 0.502669 0.935808 0.527882 0.95549 0.501986 0.951196 0.529729 0.938018 0.482225 0.915775 0.483753 0.920123 0.467968 0.937169 0.467154 0.957055 0.483195 0.957571 0.467905 0.989892 0.502027 0.987829 0.484085 0.983809 0.467817 0.988721 0.522719 0.885732 0.467435 0.880423 0.481448 0.832609 0.237388 0.84756 0.200825 0.876151 0.246355 0.878363 0.210995 0.877715 0.165494 0.905524 0.198915 0.920553 0.235302 0.795027 0.088334 0.802402 0.11411 0.767341 0.127886 0.826979 0.107197 0.82874 0.079679 0.855725 0.090478 0.847656 0.111607 0.8826 0.131535 0.803361 0.149264 0.827027 0.140065 0.850163 0.150086 0.825017 0.17867 0.573709 0.032761 0.594661 0.035166 0.5739 0.052007 0.597365 0.054206 0.59488 0.07524 0.573812 0.075505 0.557734 0.070041 0.553448 0.054755 0.549746 0.033556 0.525879 0.056684 0.554326 0.018162 0.572496 0.018153 0.591516 0.018256 0.621834 0.032552 0.615501 0.018082 0.620343 0.0813 0.624319 0.060589 0.527913 0.032554 0.530213 0.018217 0.801691 0.571582 0.878363 0.210995 0.847561 0.200825 0.877715 0.165494 0.832609 0.237388 0.876151 0.246355 0.920553 0.235302 0.905525 0.198915 0.803361 0.149264 0.802402 0.11411 0.827027 0.140065 0.767341 0.127885 0.795027 0.088334 0.826979 0.107197 0.847656 0.111607 0.82874 0.079679 0.855725 0.090478 0.8826 0.131535 0.825017 0.17867 0.850163 0.150086 0.920553 0.235302 0.876151 0.246355 0.905524 0.198915 0.878363 0.210995 0.877715 0.165494 0.84756 0.200825 0.832609 0.237388 0.855725 0.090478 0.8826 0.131535 0.847656 0.111607 0.826979 0.107197 0.82874 0.079679 0.795027 0.088334 0.802402 0.11411 0.767341 0.127886 0.850163 0.150086 0.827027 0.140065 0.803361 0.149264 0.825017 0.17867 0.733809 0.567487 0.756432 0.562257 0.758236 0.572408 0.7363 0.591657 0.735618 0.547261 0.573709 0.032761 0.5739 0.052007 0.59466 0.035166 0.597365 0.054206 0.59488 0.07524 0.573812 0.075505 0.557735 0.070041 0.553448 0.054755 0.549746 0.033556 0.525879 0.056684 0.554326 0.018162 0.572496 0.018153 0.591516 0.018256 0.621834 0.032552 0.624319 0.060589 0.615501 0.018082 0.620344 0.0813 0.527913 0.032554 0.530213 0.018217 0.779105 0.578533 0.783092 0.56583 0.753893 0.646744 0.213391 0.867528 0.195322 0.848241 0.206344 0.84208 0.221912 0.85653 0.239385 0.88328 0.269303 0.910979 0.248471 0.868528 0.31677 0.911945 0.185159 0.842168 0.153733 0.82615 0.154756 0.807744 0.121054 0.811408 0.117809 0.828004 0.128846 0.781952 0.162634 0.786906 0.19387 0.82942 0.196267 0.818846 0.085963 0.827486 0.055746 0.819773 0.194434 0.790695 0.219088 0.793023 0.219338 0.811846 0.227669 0.804217 0.160084 0.755999 0.127698 0.753886 0.136421 0.735812 0.199121 0.760418 0.177878 0.743851 0.186055 0.745664 0.089089 0.808487 0.048481 0.806145 0.0685 0.778455 0.097832 0.780707 0.068437 0.75363 0.09965 0.749998 0.079045 0.734627 0.067413 0.733828 0.129341 0.733595 0.035679 0.800392 0.044472 0.7802 0.041132 0.75919 0.05957 0.735472 0.024113 0.781843 0.020406 0.763949 0.035118 0.738883 0.043492 0.73224 0.052379 0.731791 0.033861 0.722791 0.064293 0.719536 0.026326 0.741093 0.022191 0.731801 0.153308 0.731404 0.144155 0.731004 0.161002 0.727606 0.165594 0.733695 0.174676 0.737225 0.184031 0.728737 0.161485 0.726254 0.135933 0.721989 0.195955 0.729256 0.192211 0.738676 0.203815 0.735317 0.225631 0.732632 0.210809 0.741936 0.237481 0.732219 0.236856 0.726213 0.238538 0.74224 0.203955 0.747454 0.260366 0.719876 0.267866 0.73745 0.245247 0.756058 0.226828 0.756454 0.272214 0.749134 0.278753 0.73502 0.293457 0.744073 0.300377 0.726103 0.331424 0.734419 0.309162 0.771142 0.345096 0.765733 0.360248 0.726034 0.320178 0.702818 0.341809 0.681013 0.302702 0.674283 0.334103 0.672226 0.318287 0.653649 0.30755 0.656661 0.270177 0.663612 0.27369 0.682181 0.240151 0.683707 0.207226 0.667849 0.261389 0.639654 0.205581 0.64576 0.162049 0.660555 0.161632 0.640237 0.121091 0.655866 0.116839 0.634952 0.095603 0.657062 0.087653 0.636899 0.284807 0.630927 0.308417 0.647399 0.204198 0.683326 0.239171 0.697828 0.202088 0.694384 0.236872 0.7049 0.201119 0.708161 0.199033 0.718311 0.233978 0.711448 0.175749 0.694681 0.239022 0.718061 0.248153 0.7157 0.070854 0.645025 0.056865 0.656162 0.073597 0.663851 0.093367 0.676704 0.055421 0.665277 0.050055 0.68082 0.049114 0.691987 0.074809 0.67415 0.092483 0.692481 0.071057 0.685754 0.068223 0.695053 0.094451 0.699802 0.089611 0.702856 0.066737 0.703962 0.107665 0.694005 0.104312 0.700938 0.058334 0.694938 0.048246 0.700016 0.096063 0.711739 0.054824 0.709203 0.132346 0.702162 0.107828 0.704528 0.130738 0.706762 0.149585 0.705621 0.13095 0.715636 0.157502 0.717367 0.156382 0.700383 0.133734 0.695106 0.115382 0.678231 0.137133 0.678968 0.158606 0.693095 0.160989 0.700729 0.161431 0.676849 0.18084 0.682482 0.174281 0.704384 0.167551 0.705255 0.173765 0.713261 0.450266 0.786186 0.453846 0.774466 0.496606 0.767142 0.443733 0.745194 0.503129 0.754689 0.379277 0.803536 0.37952 0.768093 0.440076 0.739736 0.353765 0.798367 0.369323 0.830849 0.453661 0.829885 0.450794 0.83954 0.455015 0.84748 0.449259 0.806725 0.351253 0.827321 0.496029 0.80666 0.506199 0.834357 0.316375 0.797391 0.310219 0.819781 0.281623 0.815697 0.279613 0.798486 0.255709 0.808288 0.262154 0.814471 0.272006 0.836539 0.295189 0.840151 0.276671 0.773616 0.250026 0.768508 0.26455 0.791763 0.250458 0.803998 0.351713 0.855424 0.250414 0.844754 0.284845 0.870089 0.250054 0.824481 0.25552 0.820466 0.222306 0.774673 0.247049 0.787344 0.241131 0.801155 0.232764 0.840634 0.242568 0.824904 0.23422 0.82353 0.214944 0.829689 0.225364 0.817769 0.197468 0.746043 0.192211 0.738676 0.327775 0.892234 0.339247 0.875409 0.34069 0.900256 0.351878 0.879179 0.388378 0.910837 0.274334 0.892239 0.339631 0.901522 0.365997 0.862609 0.373578 0.857531 0.450836 0.873071 0.409319 0.883424 0.399259 0.895267 0.472869 0.8969 0.468268 0.919292 0.458733 0.944318 0.439888 0.961297 0.379428 0.925728 0.535678 0.914806 0.531711 0.945335 0.492013 0.985122 0.519444 0.9669 0.522792 0.993143 0.568324 0.979114 0.575965 0.965762 0.611503 0.98417 0.562374 0.994131 0.583899 0.956724 0.555895 0.928811 0.346544 0.912684 0.338193 0.908073 0.336785 0.914485 0.446223 0.882461 0.393041 0.867351 0.500969 0.889866 0.503365 0.880588 0.38551 0.667866 0.386771 0.672661 0.393307 0.699757 0.393598 0.707361 0.437027 0.685543 0.399389 0.713583 0.409635 0.737308 0.41353 0.746161 0.453841 0.713149 0.456839 0.720959 0.865085 0.063932 0.83471 0.056611 0.906899 0.070902 0.824878 0.055217 0.813159 0.052489 0.789075 0.055435 0.765763 0.05692 0.756729 0.056599 0.724762 0.051096 0.707856 0.046253 0.690818 0.031679 0.934498 0.066811 0.934433 0.04208 0.914632 0.076189 0.935752 0.109648 0.917015 0.111731 0.939462 0.145876 0.923921 0.144975 0.928775 0.167977 0.950697 0.180429 0.934246 0.181145 0.941763 0.2025 0.959193 0.199668 0.942516 0.231509 0.96357 0.233303 0.961741 0.252869 0.970255 0.204392 0.23016 0.968666 0.232534 0.953318 0.234436 0.942283 0.24001 0.978867 0.24943 0.961505 0.380794 0.63807 0.381129 0.646017 0.361724 0.619919 0.355223 0.616668 0.313717 0.649607 0.101609 0.957183 0.092597 0.917967 0.143416 0.950344 0.06946 0.940972 0.056479 0.91913 0.142014 0.913983 0.118297 0.891139 0.080444 0.887299 0.049482 0.892251 0.070672 0.866566 0.135665 0.873062 0.171438 0.899338 0.182674 0.92831 0.180956 0.95819 0.158704 0.982114 0.124419 0.991212 0.081644 0.984654 0.048241 0.961734 0.029554 0.919663 0.020883 0.874033 0.779479 0.285323 0.806551 0.276503 0.795529 0.303327 0.812795 0.29517 0.823914 0.291499 0.818713 0.274144 0.843419 0.273804 0.838257 0.290439 0.857298 0.276584 0.850584 0.293817 0.866198 0.302172 0.884156 0.284174 0.831424 0.331676 0.249435 0.721008 0.259601 0.71391 0.042612 0.356444 0.056929 0.39388 0.031905 0.358189 0.053319 0.3547 0.073288 0.388493 0.267436 0.699784 0.270478 0.716356 0.292018 0.712226 0.884156 0.284174 0.866198 0.302172 0.857298 0.276584 0.850584 0.293817 0.831424 0.331676 0.838257 0.290439 0.843419 0.273804 0.818713 0.274144 0.823914 0.291499 0.806551 0.276503 0.812795 0.29517 0.795529 0.303327 0.779479 0.285323 0.756033 0.348348 0.730608 0.316197 0.748669 0.307924 0.764126 0.308579 0.70905 0.343722 0.776768 0.315909 0.802321 0.33918 0.087746 0.718081 0.125543 0.720536 0.111786 0.724445 0.089412 0.72596 0.077861 0.730057 0.090071 0.729236 0.110681 0.730484 0.124047 0.726947 0.393041 0.867351 0.444644 0.79986 0.427202 0.474479 0.400259 0.482992 0.436026 0.506027 0.420181 0.436602 0.383782 0.429835 0.371514 0.479923 0.461768 0.460501 0.439111 0.495288 0.461753 0.49512 0.430788 0.461791 0.430364 0.433523 0.45971 0.435079 0.485239 0.42796 0.490114 0.462673 0.469083 0.49064 0.495788 0.48898 0.496692 0.474677 0.524265 0.503309 0.524894 0.47102 0.499563 0.435054 0.525464 0.431626 0.522246 0.42609 0.320294 0.616023 0.328421 0.590276 0.301063 0.586539 0.337887 0.564413 0.29184 0.560542 0.339806 0.547429 0.288507 0.539012 0.330883 0.501508 0.292785 0.498536 0.323955 0.453163 0.291762 0.44985 0.313937 0.425152 0.288556 0.441618 0.70905 0.343722 0.730608 0.316197 0.756033 0.348348 0.748669 0.307924 0.764126 0.308579 0.776768 0.315909 0.802321 0.33918 0.779479 0.285323 0.806551 0.276503 0.795529 0.303327 0.812795 0.29517 0.818713 0.274144 0.823914 0.291499 0.838257 0.290439 0.843419 0.273804 0.850584 0.293817 0.857298 0.276584 0.831424 0.331676 0.866198 0.302172 0.884156 0.284174 0.850584 0.293817 0.866198 0.302172 0.831424 0.331676 0.857298 0.276584 0.884156 0.284174 0.850584 0.293817 0.866198 0.302172 0.831424 0.331676 0.884156 0.284174 0.823914 0.291499 0.838257 0.290439 0.818713 0.274144 0.806551 0.276503 0.812795 0.29517 0.843419 0.273804 0.857298 0.276584 0.779479 0.285323 0.795529 0.303327 0.823914 0.291499 0.838257 0.290439 0.812795 0.29517 0.818713 0.274144 0.806551 0.276503 0.843419 0.273804 0.795529 0.303327 0.779479 0.285323 0.70905 0.343722 0.730608 0.316197 0.756033 0.348348 0.755038 0.306376 0.776768 0.315909 0.802321 0.33918 0.884156 0.284174 0.973647 0.116103 0.957291 0.117359 0.967305 0.075622 0.974463 0.154466 0.9598 0.157036 0.967081 0.181029 0.976272 0.192407 0.128716 0.36827 0.125176 0.36794 0.126888 0.355534 0.123273 0.35521 0.116801 0.421916 0.133812 0.414184 0.133137 0.466085 0.109425 0.475107 0.138101 0.517808 0.116056 0.524098 0.145817 0.592819 0.156805 0.4553 0.150504 0.406245 0.135542 0.369348 0.143087 0.370647 0.161779 0.510458 0.14372 0.357403 0.146236 0.37086 0.147061 0.35798 0.138101 0.517808 0.133137 0.466085 0.133812 0.414184 0.135542 0.369348 0.143087 0.370647 0.128716 0.36827 0.126888 0.355534 0.14372 0.357403 0.126888 0.355534 0.14372 0.357403 0.135542 0.369348 0.143087 0.370647 0.151381 0.407154 0.134019 0.411317 0.135664 0.464339 0.160069 0.453282 0.137528 0.519979 0.16092 0.516834 0.111168 0.472302 0.115168 0.520991 0.146825 0.597242 0.116793 0.414602 0.128716 0.36827 0.125176 0.367939 0.123273 0.35521 0.146236 0.37086 0.147061 0.35798 0.137528 0.51998 0.135664 0.464339 0.134019 0.411317 0.135542 0.369348 0.143087 0.370647 0.128716 0.36827 0.126888 0.355534 0.125176 0.36794 0.123273 0.35521 0.146236 0.370861 0.14372 0.357403 0.135542 0.369348 0.14372 0.357403 0.143087 0.370647 0.151381 0.407154 0.134019 0.411317 0.135191 0.457558 0.159805 0.449224 0.137953 0.505335 0.160784 0.50811 0.109353 0.4596 0.114743 0.513706 0.146501 0.589011 0.116793 0.414602 0.128716 0.36827 0.125176 0.36794 0.126888 0.355534 0.123273 0.35521 0.146236 0.37086 0.147061 0.35798 0.137953 0.505335 0.135192 0.457558 0.134019 0.411317 0.128716 0.36827 0.135542 0.369348 0.143087 0.370647 0.14372 0.357403 0.126888 0.355534 0.673392 0.497138 0.69609 0.482699 0.626241 0.616644 0.651061 0.615717 0.606566 0.617542 0.690706 0.599675 0.678086 0.618616 0.691597 0.618293 0.682087 0.632246 0.74366 0.688041 0.725089 0.614982 0.703623 0.619002 0.609934 0.800231 0.646797 0.817795 0.614018 0.821044 0.588833 0.807174 0.582417 0.78031 0.566638 0.78027 0.584832 0.639795 0.555856 0.630245 0.589938 0.614583 0.570693 0.594539 0.563762 0.610523 0.712667 0.483744 0.692338 0.633956 0.743428 0.498679 0.745088 0.480685 0.722589 0.502501 0.250821 0.108773 0.255721 0.094938 0.219398 0.094002 0.218744 0.096811 0.305823 0.128498 0.297525 0.175059 0.290072 0.107425 0.259918 0.079718 0.21956 0.073528 0.184456 0.104582 0.35077 0.136891 0.360391 0.098557 0.413217 0.114852 0.409426 0.150861 0.447324 0.156382 0.45714 0.125132 0.420225 0.085539 0.471074 0.098153 0.343846 0.18295 0.406924 0.19355 0.439521 0.194416 0.436237 0.234932 0.404848 0.23609 0.436365 0.271865 0.41079 0.276319 0.436502 0.300575 0.418088 0.304097 0.371422 0.284449 0.3829 0.322694 0.332648 0.291105 0.334306 0.241503 0.337075 0.338883 0.285227 0.297591 0.290212 0.346334 0.28243 0.2603 0.280086 0.239387 0.271484 0.194491 0.246591 0.213143 0.24553 0.171947 0.211566 0.172459 0.20537 0.211085 0.17888 0.171693 0.174978 0.205747 0.197887 0.247596 0.163774 0.246815 0.138707 0.201421 0.125782 0.237514 0.150056 0.163056 0.121409 0.157627 0.144871 0.141998 0.072862 0.047485 0.019655 0.082891 0.017342 0.050919 0.044482 0.103736 0.045921 0.116444 0.06142 0.147951 0.0977 0.154849 0.069215 0.187076 0.090387 0.193217 0.079677 0.22248 0.059499 0.214673 0.053716 0.2663 0.025529 0.241814 0.019855 0.271826 0.044839 0.304469 0.021469 0.100933 0.071525 0.307279 0.083115 0.276886 0.096326 0.318212 0.112596 0.285452 0.133898 0.339629 0.151079 0.293058 0.157022 0.261433 0.192739 0.269546 0.202016 0.305595 0.195251 0.360338 0.240392 0.309328 0.241539 0.360598 0.26983 0.353882 0.263708 0.305214 0.243408 0.27512 0.263276 0.269625 0.191041 0.266161 0.193421 0.263366 0.247637 0.265981 0.206133 0.262674 0.258365 0.258079 0.243615 0.247296 0.24626 0.259791 0.248396 0.262628 0.22273 0.249255 0.213974 0.26287 0.211447 0.265272 0.207083 0.265164 0.228175 0.262529 0.205706 0.268393 0.214109 0.268524 0.228954 0.267929 0.23689 0.267419 0.23469 0.264683 0.230426 0.265043 0.235508 0.261398 0.491942 0.24704 0.488016 0.276098 0.535672 0.249203 0.521762 0.285088 0.47973 0.313123 0.514215 0.323046 0.45639 0.303289 0.461611 0.27171 0.547113 0.327794 0.550603 0.289691 0.561546 0.255083 0.581611 0.258164 0.605239 0.25402 0.592198 0.251883 0.572703 0.249333 0.620079 0.260432 0.606635 0.251679 0.632719 0.31003 0.577336 0.289426 0.550603 0.289691 0.561546 0.255083 0.581611 0.258164 0.605239 0.25402 0.592198 0.251883 0.572703 0.249333 0.620079 0.260432 0.606635 0.251679 0.371688 0.07499 0.381605 0.059115 0.3167 0.053285 0.323131 0.030878 0.264385 0.045431 0.266595 0.01795 0.216966 0.027758 0.216026 0.013004 0.309824 0.08451 0.218355 0.038062 0.207387 0.029947 0.191572 0.008663 0.187525 0.023041 0.204164 0.024536 0.189627 0.017372 0.198061 0.031534 0.562001 0.146509 0.510782 0.141296 0.514568 0.112123 0.502672 0.172667 0.51347 0.175935 0.497003 0.208818 0.509227 0.216357 0.542287 0.230587 0.552941 0.241923 0.563005 0.247613 0.561036 0.244866 0.563816 0.242808 0.578797 0.250952 0.575133 0.24763 0.577236 0.247453 0.578979 0.24515 0.573359 0.244 0.586323 0.251511 0.589426 0.248987 0.587543 0.248573 0.591557 0.24663 0.585679 0.246003 0.853977 0.416037 0.852314 0.441511 0.822022 0.436013 0.826446 0.413872 0.830464 0.396346 0.855843 0.396428 0.858414 0.379978 0.829231 0.375296 0.919071 0.390428 0.885021 0.371918 0.860505 0.364761 0.883592 0.35529 0.894739 0.35514 0.901028 0.334953 0.864825 0.349505 0.830757 0.362179 0.880635 0.345105 0.806209 0.369314 0.805279 0.375923 0.779427 0.377089 0.806326 0.395625 0.780249 0.396645 0.803768 0.406729 0.779346 0.418532 0.703803 0.414251 0.703967 0.397051 0.703894 0.379467 0.607059 0.397426 0.606932 0.412904 0.525321 0.41129 0.607012 0.381511 0.525395 0.382698 0.525362 0.397185 0.435272 0.381932 0.434595 0.396942 0.351654 0.377688 0.350376 0.394307 0.350101 0.411436 0.434604 0.411583 0.260088 0.413383 0.265406 0.391515 0.270245 0.371555 0.525362 0.397185 0.434595 0.396942 0.350376 0.394307 0.607059 0.397426 0.265406 0.391515 0.703967 0.397051 0.780249 0.396645 0.803768 0.406729 0.8001 0.42746 0.806326 0.395625 0.805279 0.375923 0.829231 0.375296 0.830464 0.396346 0.858414 0.379978 0.855843 0.396428 0.853977 0.416037 0.826446 0.413872 0.901982 0.405115 0.883592 0.35529 0.860505 0.364761 0.868964 0.939468 0.831096 0.940006 0.829315 0.900683 0.852375 0.865719 0.825235 0.867672 0.797064 0.937009 0.793025 0.976098 0.823204 0.982437 0.799587 0.900957 0.800108 0.869365 0.775414 0.899776 0.780555 0.867673 0.783934 0.839175 0.763479 0.865609 0.801236 0.839082 0.822726 0.833633 0.785157 0.826056 0.897042 0.733878 0.913164 0.735503 0.928966 0.735086 0.731008 0.891937 0.758393 0.896945 0.772184 0.933972 0.753235 0.93062 0.767698 0.967723 0.965376 0.902867 0.995822 0.879534 0.94733 0.938863 0.921335 0.935124 0.92817 0.968066 0.903352 0.965056 0.898791 0.935772 0.87064 0.977355 0.849095 0.982027 0.956059 0.756052 0.930657 0.761189 0.953969 0.744044 0.926515 0.74593 0.910989 0.758469 0.897456 0.743304 0.912494 0.743222 0.86531 0.759056 0.727383 0.763054 0.700932 0.76902 0.705308 0.787327 0.676571 0.806162 0.5175 0.57913 0.499203 0.584079 0.523879 0.597061 0.499892 0.610103 0.533081 0.573648 0.480747 0.582398 0.472335 0.606073 0.490437 0.560105 0.501013 0.560904 0.510815 0.557377 0.522463 0.556136 0.54348 0.557512 0.543526 0.554037 0.477234 0.557854 0.481998 0.547914 0.458268 0.547914 0.501306 0.547914 0.504713 0.547914 0.523984 0.547914 0.542031 0.547914 0.497808 0.547914 0.97269 0.319235 0.934082 0.316706 0.973147 0.344133 0.968094 0.296996 0.953115 0.283699 0.954004 0.358953 0.936574 0.359179 0.93457 0.274162 0.814574 0.615694 0.876965 0.616032 0.898105 0.600046 0.898546 0.618835 0.916789 0.60198 0.791149 0.614335 0.744318 0.617045 0.960775 0.623136 0.954046 0.727462 0.868692 0.983755 0.874335 0.981865 0.861932 0.985818 0.856681 0.987126 0.846887 0.989037 0.836356 0.986102 0.886425 0.976948 0.890376 0.978275 0.90826 0.976853 0.197323 0.492626 0.200408 0.538199 0.174175 0.497064 0.183039 0.543042 0.176015 0.44826 0.194289 0.445936 0.201747 0.593498 0.219991 0.486953 0.21245 0.44283 0.202757 0.398264 0.196677 0.396984 0.218152 0.534492 0.203388 0.386306 0.190637 0.395588 0.187469 0.394989 0.187456 0.383761 0.206057 0.398683 0.208021 0.387456 0.200408 0.538199 0.197322 0.492626 0.194289 0.445936 0.202758 0.398265 0.196677 0.396983 0.190637 0.395588 0.191525 0.383582 0.203388 0.386306 0.191525 0.383582 0.191525 0.383582 0.203388 0.386306 0.196677 0.396984 0.190637 0.395588 0.187469 0.394989 0.17765 0.443804 0.187456 0.383761 0.194289 0.443221 0.202757 0.398264 0.210865 0.441802 0.219561 0.495214 0.197615 0.500109 0.198973 0.541099 0.216699 0.537692 0.175567 0.503774 0.181384 0.544921 0.201026 0.593321 0.208021 0.387456 0.206057 0.398683 0.198973 0.541099 0.197615 0.500109 0.194289 0.443221 0.202757 0.398264 0.196677 0.396984 0.190637 0.395588 0.191525 0.383582 0.203388 0.386306 0.198369 0.49996 0.2021 0.54521 0.174511 0.503689 0.185503 0.548413 0.176373 0.442392 0.194974 0.443124 0.201581 0.589836 0.213585 0.442943 0.202757 0.398264 0.196677 0.396984 0.222068 0.495427 0.218228 0.544619 0.190637 0.395588 0.206057 0.398683 0.208021 0.387456 0.203388 0.386306 0.191525 0.383582 0.187456 0.383761 0.187469 0.394989 0.198369 0.49996 0.194974 0.443124 0.2021 0.54521 0.190637 0.395588 0.196677 0.396984 0.202757 0.398264 0.191525 0.383582 0.203388 0.386306 0.104343 0.229414 0.113646 0.197756 0.50319 0.731769 0.547252 0.731031 0.39292 0.76081 0.506295 0.847882 0.573805 0.83004 0.507057 0.857306 0.573388 0.878891 0.500969 0.889866 0.503365 0.880588 0.471432 0.630901 0.456839 0.720959 0.489114 0.676804 0.430663 0.58459 0.416632 0.615354 0.046256 0.435141 0.083216 0.523319 0.069651 0.446965 0.091044 0.434607 0.038562 0.39522 0.065251 0.362252 0.01547 0.39887 0.046256 0.435141 0.018821 0.441235 0.018821 0.497642 0.395507 0.801053 0.359686 0.672025 0.365762 0.516467 0.363683 0.551481 0.33331 0.428737 0.427367 0.566895 0.407679 0.522376 0.436026 0.506027 0.394966 0.522157 0.380393 0.571647 0.461753 0.49512 0.458338 0.524459 0.495788 0.48898 0.494538 0.522685 0.517491 0.526758 0.288556 0.441618 0.280592 0.543175 0.275453 0.480774 0.287756 0.479299 0.285464 0.45361 0.263566 0.450549 0.26315 0.482248 0.247996 0.480878 0.251777 0.448253 0.242408 0.526981 0.28298 0.433675 0.255284 0.428684 0.945656 0.030915 0.963082 0.016648 0.988603 0.014725 0.123273 0.35521 0.125176 0.36794 0.126888 0.355534 0.128716 0.36827 0.116801 0.421916 0.133812 0.414184 0.133137 0.466085 0.109425 0.475107 0.138101 0.517808 0.116056 0.524098 0.145817 0.592819 0.156805 0.4553 0.150504 0.406245 0.135542 0.369348 0.143087 0.370647 0.161779 0.510458 0.14372 0.357403 0.146236 0.37086 0.147061 0.35798 0.138101 0.517808 0.133137 0.466085 0.133812 0.414184 0.135542 0.369348 0.143087 0.370647 0.128716 0.36827 0.126888 0.355534 0.14372 0.357403 0.126888 0.355534 0.135542 0.369348 0.14372 0.357403 0.143087 0.370647 0.151381 0.407154 0.134019 0.411317 0.135664 0.464339 0.160069 0.453282 0.137528 0.519979 0.16092 0.516834 0.111168 0.472302 0.115168 0.520991 0.146825 0.597242 0.116793 0.414602 0.128716 0.36827 0.125176 0.367939 0.123273 0.35521 0.146236 0.37086 0.147061 0.35798 0.137528 0.51998 0.135664 0.464339 0.134019 0.411317 0.135542 0.369348 0.143087 0.370647 0.128716 0.36827 0.126888 0.355534 0.125176 0.36794 0.123273 0.35521 0.146236 0.370861 0.14372 0.357403 0.135542 0.369348 0.143087 0.370647 0.14372 0.357403 0.151381 0.407154 0.134019 0.411317 0.135191 0.457558 0.159805 0.449224 0.137953 0.505335 0.160784 0.50811 0.109353 0.4596 0.114743 0.513706 0.146501 0.589011 0.116793 0.414602 0.128716 0.36827 0.125176 0.36794 0.126888 0.355534 0.123273 0.35521 0.146236 0.37086 0.147061 0.35798 0.137953 0.505335 0.135192 0.457558 0.134019 0.411317 0.135542 0.369348 0.143087 0.370647 0.14372 0.357403 0.128716 0.36827 0.126888 0.355534 0.69609 0.482699 0.626241 0.616644 0.651061 0.615717 0.606566 0.617542 0.678086 0.618616 0.691597 0.618293 0.682087 0.632246 0.74366 0.688041 0.725089 0.614982 0.703623 0.619002 0.609934 0.800231 0.646797 0.817795 0.588833 0.807174 0.614018 0.821044 0.727383 0.763054 0.700932 0.76902 0.705308 0.787327 0.676571 0.806162 0.555856 0.630245 0.589938 0.614583 0.563762 0.610523 0.712667 0.483744 0.692338 0.633956 0.250821 0.108773 0.255721 0.094938 0.218744 0.096811 0.305823 0.128498 0.297525 0.175059 0.290072 0.107425 0.259918 0.079718 0.21956 0.073528 0.184456 0.104582 0.35077 0.136891 0.360391 0.098557 0.413217 0.114852 0.409426 0.150861 0.447324 0.156382 0.45714 0.125132 0.343846 0.18295 0.406924 0.19355 0.439521 0.194416 0.436237 0.234932 0.404848 0.23609 0.436365 0.271865 0.41079 0.276319 0.371422 0.284449 0.332648 0.291105 0.334306 0.241503 0.285227 0.297591 0.28243 0.2603 0.280086 0.239387 0.271484 0.194491 0.246591 0.213143 0.24553 0.171947 0.211566 0.172459 0.20537 0.211085 0.17888 0.171693 0.174978 0.205747 0.197887 0.247596 0.163774 0.246815 0.138707 0.201421 0.125782 0.237514 0.150056 0.163056 0.199406 0.042443 0.019655 0.082891 0.044482 0.103736 0.045921 0.116444 0.093482 0.122558 0.06142 0.147951 0.0977 0.154849 0.069215 0.187076 0.090387 0.193217 0.079677 0.22248 0.059499 0.214673 0.053716 0.2663 0.025529 0.241814 0.019855 0.271826 0.021469 0.100933 0.083115 0.276886 0.112596 0.285452 0.151079 0.293058 0.157022 0.261433 0.192739 0.269546 0.202016 0.305595 0.240392 0.309328 0.263708 0.305214 0.243408 0.27512 0.263276 0.269625 0.191041 0.266161 0.193421 0.263366 0.247637 0.265981 0.206133 0.262674 0.258365 0.258079 0.243615 0.247296 0.24626 0.259791 0.248396 0.262628 0.22273 0.249255 0.213974 0.26287 0.211447 0.265272 0.207083 0.265164 0.228175 0.262529 0.205706 0.268393 0.214109 0.268524 0.228954 0.267929 0.23689 0.267419 0.23469 0.264683 0.230426 0.265043 0.235508 0.261398 0.521762 0.285088 0.488016 0.276098 0.535672 0.249203 0.491942 0.24704 0.461611 0.27171 0.497003 0.208818 0.502672 0.172667 0.510782 0.141296 0.562001 0.146509 0.566254 0.148967 0.51347 0.175935 0.608115 0.145387 0.509227 0.216357 0.542287 0.230587 0.561036 0.244866 0.552492 0.241902 0.563816 0.242808 0.563005 0.247613 0.578797 0.250952 0.575133 0.24763 0.577236 0.247453 0.578979 0.24515 0.573359 0.244 0.586323 0.251511 0.589426 0.248987 0.587543 0.248573 0.591557 0.24663 0.585679 0.246003 0.371688 0.07499 0.3167 0.053285 0.264385 0.045431 0.309824 0.08451 0.218355 0.038062 0.216966 0.027758 0.207387 0.029947 0.204164 0.024536 0.921937 0.899287 0.896242 0.899049 0.867358 0.901691 0.868964 0.939468 0.831096 0.940006 0.829315 0.900683 0.852375 0.865719 0.825235 0.867672 0.797064 0.937009 0.793025 0.976098 0.823204 0.982437 0.799587 0.900957 0.800108 0.869365 0.775414 0.899776 0.780555 0.867673 0.783934 0.839175 0.763479 0.865609 0.801236 0.839082 0.785157 0.826056 0.913572 0.725444 0.897042 0.733878 0.913164 0.735503 0.928966 0.735086 0.815742 0.626991 0.791149 0.614335 0.744318 0.617045 0.814574 0.615694 0.876965 0.616032 0.916789 0.60198 0.966556 0.598135 0.936471 0.601258 0.960775 0.623136 0.965376 0.902867 0.935497 0.899355 0.995822 0.879534 0.94733 0.938863 0.921335 0.935124 0.92817 0.968066 0.903352 0.965056 0.898791 0.935772 0.87064 0.977355 0.849095 0.982027 0.953969 0.744044 0.926515 0.74593 0.888 0.757073 0.910989 0.758469 0.897456 0.743304 0.912494 0.743222 0.86531 0.759056 0.731008 0.891937 0.758393 0.896945 0.772184 0.933972 0.767698 0.967723 0.753235 0.93062 0.745088 0.480685 0.722589 0.502501 0.499892 0.610103 0.499203 0.584079 0.523879 0.597061 0.5175 0.57913 0.533081 0.573648 0.480747 0.582398 0.472335 0.606073 0.490437 0.560105 0.501013 0.560904 0.510815 0.557377 0.477234 0.557854 0.458268 0.547914 0.481998 0.547914 0.522463 0.556136 0.504713 0.547914 0.523984 0.547914 0.542031 0.547914 0.543526 0.554037 0.501306 0.547914 0.497808 0.547914 0.54348 0.557512 0.97269 0.319235 0.973147 0.344133 0.934082 0.316706 0.968094 0.296996 0.953115 0.283699 0.954004 0.358953 0.936574 0.359179 0.93457 0.274162 0.954046 0.727462 0.874335 0.981865 0.868692 0.983755 0.861932 0.985818 0.856681 0.987126 0.846887 0.989037 0.836062 0.98602 0.886425 0.976948 0.890376 0.978275 0.90826 0.976853 0.183039 0.543042 0.200408 0.538199 0.174175 0.497064 0.197323 0.492626 0.176015 0.44826 0.194289 0.445936 0.201747 0.593498 0.219991 0.486953 0.21245 0.44283 0.202757 0.398264 0.196677 0.396984 0.218152 0.534492 0.203388 0.386306 0.190637 0.395588 0.187469 0.394989 0.187456 0.383761 0.208021 0.387456 0.206057 0.398683 0.197322 0.492626 0.194289 0.445936 0.200408 0.538199 0.202758 0.398265 0.196677 0.396983 0.190637 0.395588 0.191525 0.383582 0.203388 0.386306 0.191525 0.383582 0.191525 0.383582 0.196677 0.396984 0.203388 0.386306 0.190637 0.395588 0.187469 0.394989 0.17765 0.443804 0.187456 0.383761 0.194289 0.443221 0.202757 0.398264 0.210865 0.441802 0.219561 0.495214 0.197615 0.500109 0.198973 0.541099 0.216699 0.537692 0.175567 0.503774 0.181384 0.544921 0.201026 0.593321 0.198973 0.541099 0.197615 0.500109 0.194289 0.443221 0.202757 0.398264 0.196677 0.396984 0.190637 0.395588 0.191525 0.383582 0.203388 0.386306 0.208021 0.387456 0.206057 0.398683 0.185503 0.548413 0.2021 0.54521 0.174511 0.503689 0.198369 0.49996 0.176373 0.442392 0.194974 0.443124 0.201581 0.589836 0.213585 0.442943 0.202757 0.398264 0.196677 0.396984 0.222068 0.495427 0.218228 0.544619 0.190637 0.395588 0.206057 0.398683 0.208021 0.387456 0.203388 0.386306 0.191525 0.383582 0.187456 0.383761 0.187469 0.394989 0.198369 0.49996 0.194974 0.443124 0.2021 0.54521 0.190637 0.395588 0.196677 0.396984 0.202757 0.398264 0.191525 0.383582 0.203388 0.386306 0.104343 0.229414 0.113646 0.197756 0.50319 0.731769 0.547252 0.731031 0.501379 0.725418 0.39292 0.76081 0.506295 0.847882 0.573805 0.83004 0.507423 0.846374 0.507057 0.857306 0.573388 0.878891 0.419725 0.644283 0.422553 0.650261 0.435572 0.67481 0.471432 0.630901 0.489114 0.676804 0.447771 0.69113 0.443225 0.685911 0.430663 0.58459 0.412749 0.609165 0.402257 0.596668 0.416632 0.615354 0.396212 0.59276 0.046256 0.435141 0.069651 0.446965 0.083216 0.523319 0.091044 0.434607 0.038562 0.39522 0.065251 0.362252 0.038562 0.39522 0.046256 0.435141 0.493729 0.793335 0.395507 0.801053 0.359686 0.672025 0.3402 0.506881 0.363683 0.551481 0.365762 0.516467 0.366876 0.471904 0.332456 0.472497 0.35822 0.432636 0.33331 0.428737 0.427367 0.566895 0.407679 0.522376 0.370757 0.520332 0.394966 0.522157 0.380393 0.571647 0.458338 0.524459 0.494538 0.522685 0.505475 0.506771 0.517491 0.526758 0.280592 0.543175 0.287756 0.479299 0.275453 0.480774 0.285464 0.45361 0.263566 0.450549 0.26315 0.482248 0.28298 0.433675 0.948612 0.077514 0.945656 0.030915 0.963082 0.016648 0.198061 0.031534 0.020231 0.304543 0.936572 0.013989</float_array>
          <technique_common>
            <accessor source="#GeometrySource2-array" count="3468" stride="2">
              <param name="S" type="float"/>
              <param name="T" type="float"/>
            </accessor>
          </technique_common>
        </source>
        <vertices id="Geometry-vertices">
          <input semantic="POSITION" source="#GeometrySource"/>
          <input semantic="NORMAL" source="#GeometrySource1"/>
          <input semantic="TEXCOORD" source="#GeometrySource2"/>
        </vertices>
        <triangles material="VisualMaterial0" count="4994">
          <input semantic="VERTEX" source="#Geometry-vertices" offset="0"/>
          <p>0 1 2 3 4 5 3 5 6 7 8 9 10 11 12 12 11 13 14 12 13 13 15 14 13 16 15 15 16 17 11 18 13 18 16 13 14 15 19 15 20 19 15 17 20 20 17 21 19 20 22 18 23 16 18 24 23 24 25 23 26 18 11 26 24 18 10 26 11 27 24 26 28 27 26 28 26 10 28 10 29 30 27 28 29 30 28 31 30 29 23 25 32 23 32 33 32 34 33 33 34 35 35 36 33 37 36 35 35 34 38 39 23 33 39 16 23 36 39 33 31 40 30 30 40 41 30 41 27 41 40 42 27 43 24 27 41 43 41 42 43 42 44 43 42 45 44 45 46 44 47 46 45 47 48 46 46 48 49 49 48 50 43 44 51 51 46 49 44 46 51 43 51 24 52 48 47 48 53 50 48 52 53 50 53 54 53 52 55 51 49 56 51 56 24 24 56 25 56 57 25 58 56 49 56 59 57 58 59 56 57 59 60 59 61 60 62 59 58 62 61 59 63 61 62 60 61 64 65 66 67 65 68 66 69 68 65 69 65 70 71 65 67 70 65 71 72 73 74 73 72 75 75 76 73 76 77 73 74 73 77 77 78 74 79 77 76 79 80 77 77 80 78 80 81 78 72 74 82 81 83 78 74 78 83 83 82 74 84 85 86 86 85 87 84 88 85 85 88 89 89 88 90 86 87 91 86 92 84 84 92 88 93 92 86 93 86 94 94 86 91 95 93 94 88 96 90 97 96 88 88 92 97 98 97 92 93 98 92 95 98 93 99 97 98 97 99 96 96 100 90 90 100 101 102 89 90 101 102 90 99 103 96 96 103 100 95 94 104 94 105 104 94 91 105 105 91 106 87 107 91 107 106 91 108 104 109 110 104 108 110 108 111 111 112 110 113 112 111 113 114 112 112 114 115 111 108 116 111 116 113 113 116 117 116 118 117 119 118 116 117 120 113 118 120 117 113 120 114 121 120 118 121 122 120 108 109 123 116 108 123 116 123 119 114 124 115 124 120 122 114 120 124 124 122 125 125 122 126 126 122 127 127 122 121 115 124 128 124 125 128 119 123 129 123 109 130 129 123 130 131 132 133 133 132 134 132 135 134 136 135 132 135 137 134 134 137 133 138 139 140 141 138 140 142 138 141 142 141 143 143 141 144 145 143 144 139 146 140 146 147 140 141 147 144 140 147 141 144 147 148 144 148 145 148 149 145 147 150 148 148 150 149 146 150 147 151 150 146 151 146 139 152 153 154 155 156 157 158 156 155 159 160 153 161 160 159 161 162 160 159 163 164 162 165 166 167 165 162 158 155 168 155 169 168 155 154 170 155 170 171 168 169 172 172 169 173 165 174 166 175 174 165 176 174 175 177 178 179 180 181 178 176 182 183 180 184 185 186 180 185 187 188 189 188 190 191 192 193 190 192 190 188 194 192 188 195 192 194 195 196 192 196 193 192 197 196 195 196 197 198 199 200 198 199 201 202 197 195 203 204 201 197 204 197 203 205 206 207 203 205 207 195 205 203 194 205 195 208 201 204 201 208 202 208 209 210 202 208 211 212 213 214 215 214 216 214 217 212 217 218 212 219 218 217 219 220 218 218 221 212 220 222 218 218 223 221 218 222 223 224 217 214 225 214 215 225 224 214 225 226 224 227 226 225 228 225 215 225 228 227 227 229 226 227 228 230 227 231 232 226 233 224 224 233 217 217 234 219 217 233 234 230 235 231 236 235 230 230 228 236 236 228 237 237 228 238 238 228 215 215 239 238 237 240 236 240 241 242 243 240 237 244 237 238 243 237 244 243 244 241 245 241 244 245 246 241 205 247 206 248 249 247 205 248 247 250 249 248 205 251 248 250 248 251 251 188 187 194 188 251 194 251 205 251 252 250 187 252 251 187 253 252 254 255 256 256 255 257 255 258 257 257 258 259 258 255 260 255 254 261 260 255 261 256 257 262 262 257 263 263 257 259 261 254 264 264 265 261 260 261 266 261 265 266 260 266 267 264 268 265 254 269 264 264 269 268 254 256 269 270 256 262 269 256 270 262 263 271 262 271 272 270 262 272 263 259 273 263 274 271 274 263 273 266 275 267 265 275 266 268 276 265 265 276 275 277 102 101 277 89 102 278 279 280 281 278 280 282 278 281 283 278 282 284 279 278 284 278 283 285 286 287 287 288 285 286 285 289 289 285 290 291 286 289 292 285 288 290 285 292 292 288 293 286 291 294 287 286 294 294 295 287 293 288 296 296 287 295 296 288 287 297 298 299 299 298 300 300 301 299 299 301 302 300 298 303 301 300 303 304 305 306 304 307 305 308 307 304 309 307 308 310 307 309 311 310 309 306 305 312 307 313 305 305 313 312 307 310 313 310 311 314 313 310 314 314 311 315 314 315 316 313 314 316 312 313 316 317 312 316 317 306 312 318 172 319 320 318 319 321 320 319 199 322 200 323 318 320 321 324 320 325 199 202 325 326 327 326 325 328 328 325 329 329 202 211 325 202 329 328 329 330 329 331 330 332 333 327 334 335 336 336 335 337 337 338 336 339 338 337 340 336 338 341 336 340 341 334 336 335 342 337 343 339 337 337 342 343 344 334 341 341 345 344 346 345 341 340 346 341 340 347 346 344 345 348 349 344 348 349 335 334 334 344 349 350 335 349 350 342 335 342 351 343 343 351 352 342 353 351 350 353 342 343 354 339 352 354 343 346 355 345 347 355 346 356 345 355 348 345 356 357 358 359 360 361 362 363 361 364 363 365 362 366 363 367 365 363 366 368 365 366 369 368 366 368 370 365 365 371 362 360 362 372 373 374 375 373 376 377 377 378 373 373 379 374 373 378 379 378 380 379 379 380 381 379 382 374 382 383 384 385 386 383 387 386 385 388 387 385 386 389 390 391 389 386 387 391 386 392 382 379 379 393 392 382 392 385 388 385 392 394 391 387 378 395 380 396 378 377 395 378 396 396 397 395 395 397 398 392 395 398 398 399 400 398 401 392 388 392 401 401 387 388 401 400 402 402 387 401 402 400 403 394 387 404 404 402 405 404 387 402 366 406 369 407 408 409 410 411 412 412 413 410 410 413 414 412 415 416 417 415 412 411 417 412 410 418 411 418 410 419 411 418 417 418 420 417 421 422 423 421 423 424 423 425 426 427 428 429 430 427 429 431 427 430 432 428 427 433 432 427 431 433 427 434 432 433 435 433 431 435 436 433 433 436 437 434 433 438 438 433 437 429 439 430 435 440 436 435 431 441 442 431 443 443 431 430 444 442 443 444 443 445 446 436 440 446 440 447 447 440 448 448 440 441 449 436 446 450 436 449 437 436 450 447 448 451 451 448 452 451 452 453 453 452 454 448 455 452 452 455 454 448 441 456 454 455 457 458 453 454 454 459 458 460 453 458 458 461 460 461 459 462 460 461 463 460 464 453 460 463 464 464 463 465 465 466 464 467 466 465 466 468 464 453 464 469 464 468 469 470 447 451 451 453 470 468 470 469 470 453 469 471 470 468 471 472 470 472 447 470 446 447 472 473 472 471 474 472 473 474 446 472 475 446 474 449 446 475 474 476 475 450 449 477 477 449 475 475 478 477 479 480 481 474 473 482 479 483 477 477 483 450 483 437 450 438 437 483 484 438 483 438 485 434 485 438 484 484 483 486 483 479 486 479 481 486 434 485 487 434 487 488 432 434 488 432 489 490 432 491 428 428 492 493 428 491 492 494 495 496 497 422 421 421 498 497 497 499 422 500 499 501 501 499 502 503 502 504 505 444 506 507 508 505 442 509 510 219 234 511 512 513 514 515 516 517 517 516 518 519 517 518 518 520 519 518 521 520 520 521 522 523 521 518 516 523 518 519 520 524 520 525 524 520 522 525 525 522 526 524 525 527 523 528 521 523 529 528 529 530 528 531 529 523 515 531 516 531 523 516 532 529 531 533 531 515 533 532 531 533 515 534 535 533 534 536 533 535 536 532 533 528 530 537 528 537 538 537 539 538 538 539 540 540 541 538 542 541 540 540 539 543 544 521 528 541 544 538 544 528 538 536 545 532 535 545 536 546 545 535 545 546 547 545 547 548 532 545 548 532 548 529 547 549 548 547 550 549 548 549 551 548 551 529 550 552 549 551 549 552 551 552 553 552 554 553 553 554 555 556 552 550 556 554 552 557 554 556 554 557 558 554 558 555 555 558 559 558 557 560 529 561 530 551 561 529 551 553 561 561 562 530 563 561 553 563 564 561 561 564 562 562 564 565 564 566 565 567 566 564 567 564 563 568 566 567 565 566 569 570 571 572 570 573 571 574 573 570 574 570 575 576 570 572 575 570 576 577 578 579 578 577 580 580 581 578 579 578 582 581 582 578 582 583 579 584 582 581 584 585 582 582 585 583 585 586 583 577 579 587 588 587 579 579 583 588 586 588 583 589 590 591 591 590 592 589 593 590 590 593 594 591 595 589 596 595 591 597 594 593 598 597 593 593 599 598 600 599 593 595 600 589 589 600 593 601 600 595 596 601 595 602 600 601 600 603 599 602 603 600 592 604 591 604 605 591 606 601 596 606 596 607 596 608 607 608 591 605 596 591 608 609 607 610 611 607 609 609 612 611 613 612 609 613 614 612 612 614 615 609 616 613 616 614 613 617 616 609 617 618 616 616 618 619 619 620 616 620 614 616 621 620 619 614 620 622 622 620 623 623 620 624 624 620 621 614 622 625 615 614 625 618 617 626 610 627 609 626 617 627 609 627 617 628 629 630 630 629 631 631 632 630 633 632 631 634 633 629 629 633 631 635 636 637 638 635 637 639 635 638 639 638 640 640 638 641 642 640 641 636 643 637 643 644 637 637 644 638 638 644 641 641 644 645 641 645 642 643 646 644 644 646 645 647 648 649 650 651 648 652 651 650 652 653 651 654 653 652 655 649 656 655 657 658 650 659 660 655 661 662 663 655 658 663 661 655 654 664 653 665 664 654 658 657 666 666 657 667 466 668 468 669 653 664 670 671 669 672 673 674 675 676 673 670 677 678 675 679 680 681 675 680 467 682 466 683 666 667 667 684 683 683 685 686 687 666 683 686 687 683 688 687 686 689 690 691 691 690 692 692 690 693 693 690 694 694 690 695 695 690 696 690 689 696 696 689 697 695 696 698 696 697 698 689 699 697 700 699 689 700 689 701 701 689 691 691 692 702 691 702 703 701 691 703 692 693 704 705 692 704 692 705 702 698 697 706 699 707 697 697 707 706 708 709 710 711 708 710 712 708 711 713 708 712 714 708 713 714 709 708 715 716 717 717 718 715 716 715 719 719 715 720 721 716 719 720 715 722 722 715 718 722 718 723 716 721 724 717 716 724 724 725 717 723 718 726 726 718 717 726 717 725 727 728 729 729 728 730 730 728 731 732 730 731 730 732 729 729 732 733 734 735 736 734 737 735 738 737 734 739 737 738 740 737 739 741 740 739 736 735 742 737 740 743 737 743 735 735 743 742 740 741 744 743 740 744 743 744 745 742 743 745 746 747 748 748 747 749 749 750 748 748 750 751 752 748 751 753 746 748 753 748 752 754 746 753 753 755 754 752 755 753 754 756 746 746 756 757 757 758 746 746 758 747 747 759 749 749 759 760 758 761 747 747 761 759 749 762 750 760 762 749 754 755 763 756 754 764 764 754 763 765 766 767 767 766 768 766 769 768 770 769 766 771 770 766 771 766 772 772 766 765 772 773 771 774 773 772 775 770 771 774 776 773 777 776 774 768 778 767 767 778 779 780 778 768 780 768 769 778 780 781 782 778 781 782 779 778 783 782 781 784 782 783 781 785 783 786 785 781 787 781 780 784 788 782 788 779 782 789 788 784 790 789 784 791 789 790 790 792 791 793 792 790 787 794 781 794 786 781 795 794 787 787 796 795 795 796 797 786 794 798 798 785 786 799 785 798 800 799 798 798 794 801 801 802 798 803 802 801 804 784 783 790 804 793 790 784 804 793 804 805 804 806 805 799 807 785 785 807 783 783 807 804 807 806 804 806 807 808 809 807 799 808 807 809 810 808 809 811 808 810 806 812 805 806 813 812 814 806 808 813 806 814 808 811 815 814 808 815 813 814 816 812 813 816 812 816 817 816 814 818 819 810 809 820 810 819 820 811 810 818 814 821 814 815 821 822 818 821 821 815 823 823 815 824 823 824 825 825 824 826 826 820 827 820 828 827 820 819 828 828 819 829 827 828 829 827 829 830 831 818 822 831 822 832 833 832 822 834 833 825 835 833 834 835 832 833 829 836 830 830 836 837 829 838 836 838 819 809 819 838 829 799 839 809 800 839 799 839 838 809 838 839 836 840 800 798 800 840 841 837 841 842 841 840 842 802 843 798 843 840 798 840 843 842 844 843 802 842 843 844 842 844 845 846 842 845 846 837 842 845 847 848 848 847 849 849 850 851 851 850 852 851 852 853 850 854 852 855 854 850 852 854 856 857 856 854 858 857 854 855 801 859 854 855 859 854 859 858 860 857 858 860 861 857 862 861 860 861 862 863 863 862 864 860 865 862 865 864 862 866 864 865 857 867 856 861 867 857 867 868 856 858 859 869 869 860 858 865 860 870 870 860 869 865 871 866 872 871 865 872 865 870 873 864 866 866 871 874 866 874 873 875 863 864 864 873 875 873 876 875 876 877 875 877 876 878 878 879 877 877 879 880 881 877 880 882 877 881 875 877 882 881 883 882 884 883 881 885 884 881 886 884 885 886 887 884 888 887 886 888 889 887 890 889 888 890 891 889 892 891 890 885 881 893 881 880 894 895 883 884 895 896 883 897 896 895 897 898 896 899 898 897 899 900 898 901 900 899 895 902 897 853 903 904 903 868 898 905 892 890 906 892 905 907 891 892 907 892 906 908 907 906 908 909 907 909 910 907 907 910 891 891 910 911 912 910 909 912 909 913 914 912 913 915 912 914 916 915 914 917 915 916 918 909 908 913 909 918 915 919 912 919 910 912 911 910 919 911 919 920 920 919 921 921 919 915 921 922 920 920 922 923 922 924 923 925 924 922 920 923 926 926 911 920 926 923 927 925 922 928 915 917 928 921 915 928 922 921 928 916 929 917 929 928 917 930 929 916 925 931 924 932 931 925 927 933 926 934 933 927 935 933 934 936 933 935 931 937 934 937 936 935 934 937 935 938 936 937 939 933 936 933 939 940 926 933 940 940 941 926 889 891 941 941 891 911 941 911 926 942 941 940 889 941 942 887 889 942 943 942 940 939 943 940 943 944 902 943 939 944 943 902 945 945 942 943 887 942 945 887 946 884 946 895 884 946 902 895 887 945 946 945 902 946 897 947 899 902 947 897 944 947 902 947 901 899 944 948 947 947 948 949 949 901 947 938 949 948 950 951 952 952 951 953 874 952 954 874 871 955 955 952 874 952 955 950 956 874 954 954 957 956 871 958 955 958 959 955 960 959 958 961 960 958 955 959 962 963 958 871 872 963 871 959 960 964 962 959 965 960 961 966 967 963 872 872 968 967 969 872 870 969 968 872 969 970 968 971 968 970 972 967 968 972 968 971 972 775 973 973 963 967 973 967 972 775 972 974 775 974 770 975 974 972 972 971 975 969 870 976 969 977 970 977 969 976 978 973 775 770 979 769 770 974 979 975 980 974 980 979 974 981 979 980 787 780 982 787 982 796 979 981 982 769 979 982 982 780 769 796 982 983 982 981 983 976 870 984 976 984 977 984 870 869 795 984 869 977 984 985 985 795 797 984 795 985 795 869 986 869 859 986 795 986 794 801 794 986 859 801 986 801 987 803 855 987 801 803 987 988 989 990 978 973 978 990 991 978 775 991 775 771 773 991 771 989 978 991 991 776 989 773 776 991 776 992 989 989 993 990 992 993 989 992 994 993 995 990 993 993 996 995 996 997 995 995 997 998 996 999 997 997 999 1000 996 1001 999 1002 996 993 1002 1001 996 1001 1003 999 999 1004 1000 999 1003 1004 1000 1004 1005 1005 1006 1000 1007 997 1000 1000 1006 1007 997 1008 998 1008 997 1007 998 1009 995 995 1009 990 1009 963 973 990 1009 973 1004 1003 1010 1004 1010 1011 1011 1005 1004 1012 1005 1011 1013 1012 1011 1011 1010 1014 1011 1014 1013 1013 1015 1012 1015 1016 1012 1012 1016 1005 1016 1006 1005 958 963 1017 963 1009 1017 998 1017 1009 998 1008 1017 1018 958 1017 961 958 1018 1018 1017 1019 1017 1020 1019 876 1021 1022 1021 1023 1022 1024 1025 1021 876 1024 1021 873 1024 876 1024 1026 1027 873 1028 1024 1028 1026 1024 873 1029 1028 873 1030 1029 1031 1030 874 1030 873 874 1030 1032 1029 1029 1032 1033 1029 1034 1028 1035 1036 1037 1037 1036 1038 1037 1038 1039 1039 1038 1040 1035 1041 1036 1035 1042 1041 1035 1043 1042 1044 1043 1035 1044 1045 1043 1044 1046 1045 1044 1047 1046 1048 1047 1044 1048 1049 1047 1048 1050 1049 1048 1051 1050 1052 1053 1040 1052 1040 1054 1052 1054 1055 1056 1055 1057 1058 1055 1056 1059 1058 1056 1060 1058 1059 1061 1060 1059 1062 1060 1061 1063 1060 1062 1062 1064 1063 1063 1064 1065 1065 1064 1066 1067 1065 1066 1068 1067 1066 1069 1063 1065 1067 1069 1065 1067 1070 1069 1071 1072 1073 1073 1072 1074 1075 1073 1074 1076 1073 1075 1072 1071 1077 1077 1071 1078 1075 1074 1079 1077 1079 1072 1072 1079 1074 1080 1081 876 1080 1082 1081 876 1081 878 1083 1081 1084 878 1083 879 1081 1083 878 1085 1083 1086 1083 1085 879 879 1085 1087 879 1087 880 1087 894 880 1088 1089 1090 1091 1088 1090 1092 1091 1090 1089 1093 1090 1090 1093 1094 1090 1094 1095 1096 1090 1095 1092 1090 1096 1096 1095 1097 1094 1097 1095 1098 1097 1094 1093 1098 1094 1099 1098 1093 1100 1099 1093 1089 1100 1093 1101 1100 1089 1102 1101 1089 1102 1089 1103 1103 1089 1088 1104 1103 1088 1091 1104 1088 1092 1105 1091 1105 1104 1091 1106 1092 1096 1106 1105 1092 1107 1106 1096 1107 1096 1097 1108 1109 1110 1110 1109 1111 1109 1112 1111 1111 1113 1110 1114 1113 1111 1112 1114 1111 1113 1114 1115 1115 1114 1116 1114 1112 1116 1112 1117 1116 1117 1115 1116 1118 1115 1117 1112 1119 1117 1117 1119 1118 1118 1119 1120 852 856 1121 853 1121 903 1121 856 868 853 852 1121 1121 868 903 1122 1123 1124 1122 1125 1123 1125 1126 1123 1126 1127 1128 1129 883 896 1129 868 867 1129 896 868 882 883 1129 1130 867 861 882 1129 1130 1130 1129 867 882 1130 875 1130 863 875 863 1130 861 1131 1132 777 777 1132 776 1132 1133 776 776 1133 992 1134 1135 1136 1136 1135 1137 1137 1138 1136 1137 1135 1139 1139 1138 1137 1139 1135 1140 1140 1141 1139 1142 1138 1139 1139 1141 1142 1141 1143 1142 1142 1143 1144 1144 1138 1142 1143 1145 1144 1145 1138 1144 1146 1145 1143 1147 1148 1149 1150 1148 1147 1151 1147 1149 1152 1150 1147 1153 1152 1147 905 890 1154 1154 890 888 1155 888 886 1154 888 1155 1155 886 1156 1156 886 885 1156 885 1157 1008 1158 1017 1159 962 1160 955 962 1159 1161 1162 1163 1163 1164 1161 1165 1166 1167 1166 1168 1167 1169 1168 1166 1166 1170 1169 1171 1172 1173 1172 1171 1174 1172 1174 1175 1172 1175 1176 1177 1172 1176 1172 1177 1178 1179 1180 1181 1182 1180 1179 1183 1182 1184 1183 1184 1185 1186 1187 1188 1188 1187 1189 1189 1187 1190 1189 1190 1191 1191 1190 1192 1191 1192 1193 1193 1192 1194 1193 1194 1195 1195 1194 1196 1195 1196 1197 1198 971 970 1199 1200 1201 1202 1201 1200 1203 1202 1200 1203 1200 1204 1205 1204 1200 1206 1207 1208 1208 1207 1209 1210 1211 1206 1206 1211 1207 1212 1211 1210 1213 1211 1212 1214 1213 1212 1215 1213 1214 1216 1210 1206 1216 1206 1208 1212 1216 1214 1210 1216 1212 1214 1216 1217 1214 1217 1215 1215 1217 1218 1219 1220 1221 1219 1221 1222 1222 1221 1223 1224 1225 1226 1227 1224 1226 1228 1225 1229 1225 1224 1229 1228 1229 1230 1231 1228 1230 1225 1228 1232 1232 1228 1231 1230 1229 1233 1224 1234 1229 1229 1234 1233 1235 1232 1231 1236 1232 1235 1236 1225 1232 1237 1220 1238 1220 1219 1238 1220 1237 1239 1237 1240 1239 1237 1238 1240 1239 1240 1241 1240 1238 1242 1219 1242 1238 1222 1242 1219 1241 1243 1239 1243 1220 1239 1244 1243 1241 816 818 1245 1245 818 831 816 1245 817 1246 1247 1248 1248 1247 1249 1247 1250 1249 1251 1250 1247 930 1252 929 929 1252 932 1234 1224 1253 1254 1255 1256 1256 1255 1257 1254 1256 1258 1258 1256 1259 1258 1259 1260 1254 1261 1255 1258 1262 1254 1262 1261 1254 1263 1262 1258 1264 1263 1258 1264 1258 1260 1264 1260 1265 1266 1264 1265 1267 1268 1269 1270 1271 1272 1270 1273 1271 1274 1275 1276 1277 1278 1279 1278 1280 1279 1281 1280 1278 1281 1282 1280 1280 1282 1283 1283 1282 1284 1285 1280 1283 1279 1280 1285 1286 1282 1281 1282 1287 1284 1282 1286 1287 1284 1287 1288 1287 1286 1289 1285 1283 1290 1285 1290 1291 1291 1290 1292 1277 1279 1293 1293 1285 1291 1293 1279 1285 1294 1293 1291 1295 1277 1293 1294 1295 1293 1295 1296 1277 1297 1295 1294 1297 1296 1295 1298 1296 1297 1290 1299 1292 1290 1300 1299 1299 1300 1301 1300 1302 1301 1303 1302 1300 1304 1302 1303 1301 1302 1305 1306 1300 1290 1306 1290 1283 1303 1300 1306 1298 1297 1307 1297 1294 1308 1307 1297 1308 1308 1309 1307 1308 1294 1310 1308 1310 1309 1294 1291 1310 1309 1310 1311 1309 1311 1312 1312 1311 1313 1314 1312 1313 1313 1315 1314 1313 1316 1315 1315 1316 1317 1318 1316 1313 1311 1318 1313 1310 1318 1311 1310 1291 1318 1314 1315 1319 1315 1317 1320 1315 1320 1319 1320 1317 1321 1319 1320 1322 1291 1292 1323 1318 1291 1323 1318 1323 1316 1323 1292 1324 1325 1316 1323 1325 1323 1326 1323 1324 1326 1324 1327 1326 1326 1327 1328 1328 1329 1326 1329 1325 1326 1330 1329 1328 1328 1327 1331 1332 1333 1334 1335 1332 1334 1336 1332 1335 1337 1332 1336 1338 1332 1337 1338 1333 1332 1339 1340 1341 1341 1342 1339 1340 1339 1343 1343 1339 1344 1345 1340 1343 1344 1339 1346 1346 1339 1342 1346 1342 1347 1340 1345 1348 1341 1340 1348 1348 1349 1341 1350 1341 1349 1347 1342 1350 1350 1342 1341 1351 1352 1353 1353 1352 1354 1352 1355 1354 1356 1355 1352 1356 1357 1355 1353 1358 1351 1359 1353 1354 1354 1355 1359 1360 1353 1359 1353 1361 1358 1360 1361 1353 1362 1361 1360 1363 1355 1357 1359 1355 1364 1364 1355 1363 1359 1364 1365 1359 1365 1360 1360 1365 1362 1365 1364 1366 1364 1363 1366 1363 1357 1367 1367 1357 1368 1356 1369 1357 1368 1357 1369 1363 1367 1370 1366 1363 1370 1362 1371 1361 1361 1371 1372 1361 1372 1358 1358 1372 1373 1374 1358 1373 1351 1358 1374 1375 1376 1371 1377 1375 1371 1377 1378 1375 1377 1379 1378 1378 1379 1380 1379 1381 1380 1382 1381 1379 1378 1383 1375 1378 1380 1383 1383 1380 1384 1384 1385 1383 1383 1385 1386 1384 1387 1385 1384 1380 1387 1387 1380 1381 1385 1387 1388 1388 1387 1389 1383 1386 1390 1375 1383 1390 1375 1390 1376 1381 1382 1391 1381 1391 1387 1387 1391 1389 1391 1392 1389 1389 1392 1393 1394 1388 1389 1393 1394 1389 1382 1395 1391 1391 1395 1392 1386 1396 1390 1396 1397 1390 1376 1390 1397 1398 1399 1400 1400 1399 1401 1401 1402 1400 1400 1402 1403 1402 1401 1404 1401 1399 1404 1405 1406 1407 1405 1408 1406 1409 1408 1405 1410 1408 1409 1411 1408 1410 1412 1411 1410 1407 1406 1413 1408 1414 1406 1406 1414 1413 1408 1411 1414 1414 1411 1415 1411 1412 1415 1415 1412 1416 1415 1416 1417 1414 1415 1417 1413 1414 1417 1418 1407 1413 1418 1413 1417 1419 1420 1421 1422 1423 1424 1425 1422 1424 1426 1427 1428 1428 1427 1429 1429 1427 1430 1426 1431 1432 1429 1430 1433 1434 1429 1433 1425 1435 1422 1422 1435 1436 1422 1437 1420 1422 1438 1437 1435 1439 1436 1440 1433 1441 1440 1441 1442 1442 1441 1443 1444 1443 1445 1446 1445 1447 1442 1448 1449 1446 1450 1451 1452 1450 1446 1453 1454 1455 1453 1455 1456 1456 1455 1457 1456 1458 1459 1460 1456 1459 1461 1459 1462 1459 1461 1460 1460 1461 1463 1461 1464 1465 1461 1465 1463 1463 1465 1466 1467 1465 1468 1467 1466 1465 1469 1466 1467 1463 1470 1460 1471 1470 1463 1466 1471 1463 1471 1472 1470 1473 1472 1474 1470 1473 1460 1470 1472 1473 1475 1471 1466 1469 1475 1466 1475 1476 1477 1478 1475 1469 1478 1476 1475 1479 1480 1481 1482 1480 1479 1483 1479 1484 1484 1485 1483 1483 1485 1486 1487 1486 1485 1485 1484 1488 1487 1485 1489 1485 1488 1490 1491 1479 1483 1492 1479 1491 1492 1482 1479 1493 1492 1491 1494 1492 1493 1494 1495 1492 1495 1482 1492 1493 1496 1494 1494 1496 1497 1498 1495 1494 1494 1497 1499 1491 1500 1493 1483 1500 1491 1483 1486 1501 1483 1501 1500 1502 1495 1498 1498 1503 1502 1504 1495 1502 1495 1505 1482 1504 1505 1495 1486 1506 1501 1502 1507 1504 1507 1502 1508 1507 1509 1510 1507 1510 1511 1504 1507 1512 1512 1513 1504 1505 1513 1514 1504 1513 1505 1512 1511 1513 1515 1513 1511 1515 1511 1516 1515 1517 1513 1473 1474 1518 1519 1518 1520 1521 1518 1519 1473 1518 1521 1522 1521 1519 1453 1456 1523 1522 1523 1521 1523 1473 1521 1522 1524 1523 1524 1454 1453 1523 1524 1453 1523 1456 1525 1460 1473 1525 1525 1473 1523 1525 1456 1460 1526 1527 1528 1528 1527 1529 1529 1530 1528 1531 1530 1529 1532 1528 1530 1533 1528 1532 1533 1526 1528 1527 1534 1529 1529 1534 1535 1535 1531 1529 1536 1526 1533 1533 1537 1536 1532 1538 1533 1538 1537 1533 1532 1539 1538 1536 1537 1540 1541 1527 1526 1526 1536 1541 1541 1536 1540 1542 1527 1541 1542 1534 1527 1534 1543 1535 1542 1544 1534 1534 1544 1543 1535 1545 1531 1535 1543 1546 1546 1545 1535 1539 1547 1538 1538 1547 1537 1548 1537 1547 1540 1537 1548 1549 1550 1551 1549 1552 1550 1553 1552 1549 1553 1549 1554 1555 1549 1551 1554 1549 1555 1556 1557 1558 1557 1556 1559 1559 1560 1557 1558 1557 1561 1560 1561 1557 1561 1562 1558 1563 1561 1560 1563 1564 1561 1561 1564 1562 1564 1565 1562 1556 1558 1566 1565 1567 1562 1558 1562 1567 1567 1566 1558 1568 1569 1570 1570 1569 1571 1569 1572 1571 1573 1572 1569 1572 1574 1571 1571 1574 1570 1575 1576 1577 1578 1575 1577 1579 1575 1578 1579 1578 1580 1580 1578 1581 1582 1580 1581 1576 1583 1577 1577 1584 1578 1583 1584 1577 1578 1584 1581 1581 1584 1585 1581 1585 1582 1585 1586 1582 1584 1587 1585 1585 1587 1586 1583 1587 1584 1588 1587 1583 1588 1583 1576 1439 1589 1590 1591 1589 1439 1592 1589 1591 1593 1589 1592 1467 1468 1594 1595 1592 1591 1593 1592 1596 1597 1467 1594 1598 1467 1597 1469 1467 1598 1598 1597 1599 1599 1597 1600 1599 1601 1598 1598 1601 1602 1598 1602 1469 1602 1603 1478 1469 1602 1478 1601 1604 1602 1602 1604 1605 1606 1607 1608 1608 1607 1609 1607 1610 1609 1609 1610 1611 1610 1607 1612 1607 1606 1613 1612 1607 1613 1608 1609 1614 1614 1609 1615 1615 1609 1611 1613 1606 1616 1616 1617 1613 1613 1617 1618 1612 1613 1618 1612 1618 1619 1616 1620 1617 1606 1608 1621 1606 1621 1616 1616 1621 1620 1621 1608 1622 1622 1608 1614 1614 1615 1623 1623 1615 1624 1622 1614 1625 1614 1623 1625 1624 1615 1626 1615 1611 1626 1618 1627 1619 1617 1627 1618 1620 1628 1617 1617 1628 1627 1629 1630 1631 1632 1633 1634 1632 1635 1636 1637 1638 1639 1638 1637 1636 1638 1635 1640 1640 1641 1638 1640 368 1641 1641 368 369 1641 369 1642 1640 1643 1644 1635 1643 1640 1645 1646 1647 1648 1649 1650 1651 1652 1653 1651 1654 1652 1654 1655 1652 1656 1655 1654 1657 1654 1651 1658 1656 1654 1654 1657 1658 1658 1657 1659 1660 1656 1658 1658 1661 1660 1662 1661 1658 1662 1658 1663 1663 1658 1659 1661 1664 1660 1660 1664 1665 1666 1656 1665 1655 1667 1668 1666 1667 1656 1656 1667 1655 1667 1669 1670 1666 1671 1667 1671 1669 1667 1661 1672 1664 1672 1673 1664 1664 1673 1674 1674 1665 1664 1675 1672 1661 1676 1661 1662 1675 1661 1676 1676 1662 1677 1677 1662 1663 1663 1678 1677 1663 1659 1679 1679 1678 1663 1673 1680 1674 1674 1680 1681 1680 1682 1681 1681 1682 1683 1674 1681 1684 1681 1683 1684 1674 1685 1665 1683 1682 1686 1686 1682 1687 1687 1688 1686 1688 1689 1690 1691 1688 1687 1692 1691 1687 1687 1682 1692 1693 1691 1692 1694 1693 1692 1695 1693 1694 1692 1696 1694 1697 1696 1692 1692 1682 1697 1673 1698 1680 1698 1696 1697 1698 1682 1680 1697 1682 1698 1699 1696 1698 1700 1698 1673 1698 1700 1699 1672 1700 1673 1699 1700 1701 1702 1701 1700 1702 1700 1672 1703 1672 1675 1702 1672 1703 1677 1704 1676 1704 1675 1676 1703 1675 1704 1705 1704 1677 1705 1706 1704 1705 1707 1708 1702 1709 1701 1710 1711 1712 1713 1714 1711 1715 1714 1713 1715 1716 1714 1717 1716 1715 1718 1716 1717 1719 1716 1718 1720 1721 1719 1722 1723 1724 1699 1701 1725 1726 1727 1723 1728 1727 1726 1726 1729 1728 1720 1730 1731 1726 1732 1733 1734 1729 1726 1734 1726 1733 1729 1735 1728 1728 1735 1736 1736 1737 1728 1699 1738 1696 1696 1738 1694 1735 1739 1736 1740 1739 1735 1741 1739 1740 1694 1738 1742 1743 1741 1740 1744 1648 1650 1744 1650 1745 1746 1745 1747 1748 1749 1750 1746 1747 1751 1752 1747 1650 1747 1752 1753 1754 1752 1755 1666 1756 1757 1758 1759 1760 1651 1653 1761 1651 1762 1657 1651 1761 1762 1657 1762 1763 1657 1763 1764 1657 1765 1659 1659 1765 1766 1679 1659 1766 1597 1767 1600 1600 1767 1768 1769 1770 1771 1772 1773 1774 1773 1775 1774 1776 1775 1773 1776 1777 1775 1775 1777 1778 1778 1777 1779 1774 1775 1780 1780 1775 1778 1781 1777 1776 1777 1781 1782 1777 1782 1779 1779 1782 1783 1782 1781 1784 1780 1778 1785 1780 1785 1786 1786 1785 1787 1788 1774 1780 1788 1780 1786 1772 1774 1788 1789 1788 1786 1790 1772 1788 1789 1790 1788 1790 1791 1772 1791 1790 1792 1793 1790 1789 1792 1790 1793 1785 1794 1787 1785 1795 1794 1794 1795 1796 1795 1797 1796 1798 1797 1795 1799 1797 1798 1796 1797 1800 1801 1795 1785 1801 1785 1778 1798 1795 1801 1793 1802 1792 1793 1789 1802 1792 1802 1803 1802 1804 1803 1802 1789 1805 1789 1786 1805 1802 1805 1804 1804 1805 1806 1804 1806 1807 1805 1786 1808 1808 1806 1805 1807 1806 1809 1809 1806 1808 1808 1810 1809 1809 1810 1811 1811 1810 1812 1809 1811 1813 1813 1807 1809 1813 1811 1814 1811 1812 1815 1811 1815 1814 1815 1812 1816 1814 1815 1817 1808 1818 1810 1786 1787 1818 1808 1786 1818 1818 1787 1819 1820 1810 1818 1818 1819 1821 1820 1818 1821 1819 1822 1821 1821 1822 1823 1824 1820 1821 1823 1824 1821 1825 1824 1823 1823 1822 1826 1827 1828 1829 1830 1827 1829 1831 1827 1830 1832 1827 1831 1833 1828 1827 1833 1827 1832 1834 1835 1836 1836 1837 1834 1835 1834 1838 1838 1834 1839 1840 1835 1838 1841 1834 1837 1839 1834 1841 1841 1837 1842 1836 1835 1843 1835 1840 1843 1843 1844 1836 1842 1837 1845 1845 1837 1836 1845 1836 1844 1846 1847 1848 1848 1847 1849 1847 1850 1849 1851 1850 1847 1852 1848 1849 1853 1848 1852 1854 1850 1851 1855 1850 1854 1856 1850 1855 1850 1857 1849 1849 1857 1852 1857 1850 1856 1852 1857 1858 1858 1857 1859 1857 1856 1860 1859 1857 1860 1846 1848 1861 1861 1848 1862 1863 1852 1858 1853 1852 1863 1863 1864 1853 1853 1865 1848 1848 1865 1862 1853 1864 1865 1866 1867 1864 1868 1866 1864 1866 1868 1869 1869 1868 1870 1870 1871 1869 1872 1871 1870 1869 1871 1873 1869 1873 1866 1866 1873 1874 1874 1873 1875 1875 1873 1876 1873 1871 1877 1873 1877 1876 1876 1877 1878 1871 1879 1877 1877 1879 1880 1881 1878 1877 1880 1881 1877 1871 1882 1879 1872 1882 1871 1875 1883 1874 1874 1884 1866 1866 1884 1867 1883 1884 1874 1885 1886 1887 1887 1886 1888 1888 1886 1889 1888 1890 1887 1890 1888 1889 1887 1890 1891 1892 1893 1894 1892 1895 1893 1896 1895 1892 1897 1895 1896 1898 1895 1897 1899 1898 1897 1894 1893 1900 1895 1898 1901 1895 1901 1893 1893 1901 1900 1901 1898 1902 1898 1899 1902 1901 1902 1903 1900 1901 1903 1904 1905 1906 1906 1905 1907 1907 1908 1906 1906 1908 1909 1910 1906 1909 1911 1906 1910 1911 1904 1906 1912 1904 1911 1911 1913 1912 1910 1913 1911 1912 1914 1904 1904 1914 1915 1915 1916 1904 1904 1916 1905 1905 1917 1907 1905 1918 1917 1916 1918 1905 1907 1919 1908 1907 1917 1920 1920 1919 1907 1912 1913 1921 1914 1912 1922 1922 1912 1921 1923 1718 1717 1924 1925 1926 1924 1927 1925 1928 1927 1924 1928 1924 1929 1930 1924 1926 1929 1924 1930 1931 1932 1933 1932 1931 1934 1934 1935 1932 1935 1936 1932 1933 1932 1936 1936 1937 1933 1938 1936 1935 1936 1939 1937 1938 1939 1936 1939 1940 1937 1931 1933 1941 1933 1937 1942 1942 1941 1933 1940 1942 1937 1943 1944 1945 1945 1944 1946 1946 1947 1945 1944 1948 1946 1948 1947 1946 1949 1948 1944 1950 1951 1952 1953 1950 1952 1954 1950 1953 1954 1953 1955 1955 1953 1956 1957 1955 1956 1951 1958 1952 1953 1959 1956 1958 1959 1952 1952 1959 1953 1956 1960 1957 1956 1959 1960 1959 1961 1960 1958 1961 1959 1962 1963 1964 1962 1712 1965 1966 1963 1962 1967 1968 1969 1969 1968 1970 1970 1968 1971 1971 1968 1972 1972 1968 1973 1968 1967 1974 1973 1968 1974 1974 1967 1975 1974 1975 1976 1973 1974 1976 1967 1977 1975 1978 1977 1967 1978 1967 1979 1979 1967 1969 1969 1970 1980 1980 1970 1981 1979 1969 1982 1969 1980 1982 1970 1971 1983 1981 1970 1983 1976 1975 1984 1977 1985 1975 1975 1985 1984 1713 1986 1987 1678 1988 1677 1705 1988 1707 1677 1988 1705 767 1989 765 1990 1989 767 1989 772 765 1991 1989 1990 1992 1989 1991 1993 772 1989 1992 1993 1989 774 772 1994 1994 772 1993 1995 1993 1992 1994 1996 774 774 1996 777 1997 767 779 1990 767 1997 1997 779 1998 1998 779 788 1998 1999 1997 1998 2000 1999 1998 788 2001 2001 2000 1998 2001 788 789 2000 2002 1999 1999 2002 2003 2004 1990 1997 2004 1991 1990 1999 2004 1997 2005 2004 1999 2006 789 791 792 2006 791 2001 789 2006 2007 2006 792 2008 1999 2003 2005 1999 2008 2009 2005 2008 2005 2009 2010 2010 2009 2011 2012 2008 2003 2002 2012 2003 2013 2012 2002 2014 2012 2013 2015 2008 2012 2012 2016 2015 2015 2016 2017 2001 2018 2000 2006 2018 2001 2007 2018 2006 2019 2018 2007 2020 2018 2019 2002 2000 2021 2021 2013 2002 2021 2000 2018 2021 2018 2020 2022 2021 2020 2023 2021 2022 2023 2013 2021 2022 2024 2023 2025 2024 2022 2023 2026 2013 2014 2013 2026 2020 2019 2027 2020 2027 2028 2029 2020 2028 2022 2020 2029 2022 2030 2025 2029 2030 2022 2028 2031 2029 2027 817 2031 2031 817 1245 2027 2031 2028 2031 1245 2032 2029 2031 2032 2032 1245 831 2029 2033 2030 2029 2032 2033 2034 2030 2033 2035 2030 2034 2036 2035 2034 2037 2035 2036 2033 2032 2038 831 2038 2032 831 832 2038 832 2039 2038 835 2039 832 2036 2039 834 834 2039 835 2040 2012 2014 2014 2041 2040 2041 2042 2040 2016 2012 2043 2043 2012 2040 2042 2043 2040 2042 2044 2043 2043 2044 2016 2045 2044 2042 2046 2045 2042 2047 2042 2041 2046 2042 2047 2045 2048 2049 2048 2050 2049 2050 2051 2052 2052 2051 2053 2051 2054 2053 2055 2052 2053 2056 2052 2055 2053 2057 2055 2058 2055 2057 2058 2059 2055 2055 2059 2060 2056 2060 2015 2055 2060 2056 2061 2059 2058 2062 2061 2058 2063 2061 2062 2062 2064 2063 2064 2065 2063 2061 2063 2066 2065 2066 2063 2067 2066 2065 2068 2067 2065 2065 2069 2068 2065 2064 2069 2068 2069 2070 2070 2069 2071 2071 2072 2070 2071 2073 2072 2074 2073 2071 2075 2074 2071 2071 2076 2075 2069 2076 2071 2075 2076 2077 2075 2077 2078 2078 2079 2075 1156 1157 2079 2080 2079 2078 1155 1156 2080 2080 1156 2079 2078 2081 2080 2080 2081 2082 1155 2082 1154 2080 2082 1155 2083 2082 2081 2084 1154 2082 905 1154 2084 2084 2082 2083 2085 2084 2083 2086 2084 2085 2086 905 2084 906 905 2086 2079 2087 2075 2079 1157 2087 2075 2088 2074 2075 2087 2088 2078 2077 2089 2089 2090 2091 2091 2092 2093 2094 2093 2095 2089 2091 2096 2097 2092 2098 2054 2097 2098 2099 906 2086 908 906 2099 2099 2086 2085 2100 908 2099 918 908 2100 2100 913 918 2085 2101 2099 2100 2099 2101 2102 2101 2085 2103 914 913 2101 2103 2100 2103 913 2100 2104 916 914 2104 914 2103 2105 916 2104 2106 2103 2101 2106 2104 2103 2102 2106 2101 2102 2107 2106 2108 2104 2106 2106 2107 2108 2108 2107 2109 2109 2107 2110 2111 2109 2110 2112 2109 2111 2102 2113 2107 2107 2113 2110 2110 2113 2114 2109 2115 2108 2104 2115 2105 2108 2115 2104 2112 2115 2109 2105 2116 916 2116 2105 2115 916 2116 930 930 2116 1252 2117 2112 2111 2118 2112 2117 1252 2116 2118 2113 2119 2114 2119 2120 2114 2121 2120 2119 2119 2122 2121 2121 2122 2123 2123 2120 2121 2117 2120 2123 2123 2122 2124 2125 2122 2119 2119 2126 2125 2126 2119 2113 2127 2113 2102 2083 2127 2085 2085 2127 2102 2127 2126 2113 2081 2128 2083 2083 2128 2127 2128 2126 2127 2125 2126 2129 2128 2129 2126 2129 2096 2130 2129 2130 2125 2131 2096 2129 2081 2131 2128 2131 2129 2128 2132 2096 2131 2081 2132 2131 2132 2089 2096 2132 2078 2089 2081 2078 2132 2094 2133 2093 2096 2091 2133 2130 2096 2133 2133 2091 2093 2130 2133 2134 2124 2134 2135 2135 2133 2094 2134 2133 2135 2136 2137 2138 2137 2139 2140 2137 2136 2141 2142 2143 2139 2139 2137 2142 2142 2137 2141 2067 2068 2142 2067 2142 2144 2144 2066 2067 2144 2142 2141 2145 2144 2141 2141 2146 2145 2147 2145 2146 2148 2145 2147 2149 2146 2141 2150 2144 2145 2146 2151 2152 2149 2151 2146 2150 2153 2144 2153 2066 2144 2154 2153 2150 2155 2153 2154 2156 2153 2155 2156 2155 2157 2157 2155 2158 2155 2154 2159 2159 2160 1995 2154 2150 2160 2159 2154 2160 2066 2161 2061 2153 2161 2066 2156 2161 2153 2061 2162 2059 2162 2060 2059 2161 2162 2061 2156 2163 2161 2156 2157 2164 2164 2163 2156 2160 2150 2165 2159 1995 2166 1992 2166 1995 1995 2160 2167 2168 2159 2166 2159 2169 2155 2159 2168 2169 2155 2169 2158 2009 2170 2162 2015 2170 2008 2009 2008 2170 2170 2060 2162 2060 2170 2015 2171 2161 2163 2009 2162 2171 2164 2171 2163 2162 2161 2171 2172 2171 2164 2011 2009 2172 2172 2009 2171 1991 2173 1992 2173 2166 1992 2168 2166 2174 2166 2173 2174 2174 2173 2175 2005 2010 2176 2176 2173 1991 2176 2004 2005 1991 2004 2176 2176 2175 2173 2176 2010 2177 2177 2175 2176 2015 2017 2178 2056 2015 2178 2017 2179 2178 2180 2167 2181 2165 2181 2160 2160 2181 2167 2180 2181 2182 2182 2181 2183 2181 2165 2183 2182 2183 2184 2185 1993 1995 1994 1993 2185 1994 2185 1996 1996 2185 2180 2180 2185 2167 2185 1995 2167 1996 2180 2186 2180 2182 2186 2183 2165 2187 2150 2188 2165 2145 2188 2150 2187 2165 2188 2148 2189 2145 2145 2189 2188 2190 2187 2188 2184 2183 2191 2191 2187 2190 2191 2183 2187 2190 2192 2191 2191 2192 2193 2191 2194 2184 2193 2194 2191 2194 2195 2184 2184 2195 2196 2196 2182 2184 2192 2197 2193 2193 2197 2198 2195 2194 2199 2194 2193 2200 2199 2194 2200 2200 2193 2198 2200 2201 2199 2200 2202 2201 2198 2202 2200 2203 2202 2198 2204 2202 2203 2201 2202 2205 2202 2204 2205 2204 2203 2206 2207 2203 2198 2207 2198 2197 2206 2203 2207 2182 2208 2186 2182 2196 2208 2209 1996 2186 2210 1996 2209 777 1996 2210 1131 777 2210 2189 2211 2188 2188 2211 2212 2211 2189 2213 2189 2148 2214 2070 2215 2216 2070 2217 2068 2216 2217 2070 2068 2217 2218 2218 2217 2219 2068 2218 2220 2068 2220 2221 2222 2142 2221 2221 2142 2068 2221 2220 2223 2222 2221 2224 1039 2225 1037 2225 2226 1037 1037 2226 1035 2227 2225 1039 1035 2226 2228 1035 2228 2229 2229 2230 1035 1035 2230 1044 1044 2230 2231 1044 2231 2232 1044 2233 1048 2232 2233 1044 1048 2233 2234 1048 2234 2235 1048 2235 1051 2236 2227 2237 2236 2238 2227 2236 2239 2238 2238 2239 2240 2241 2242 2239 2241 2243 2242 2244 2243 2241 2245 2243 2244 2244 2246 2245 2247 2246 2244 2247 2248 2246 2249 2248 2247 1067 2250 2249 2249 2250 2248 1068 2250 1067 2251 2249 2247 1067 2251 1070 1067 2249 2251 1071 1073 2252 2252 1073 2253 2253 1073 2254 2254 1073 1076 1078 1071 2255 2255 1071 2252 2252 2256 2255 2254 2256 2253 2253 2256 2252 2257 2070 2072 2258 2070 2257 2072 2259 2257 2073 2259 2072 2259 2073 2260 2261 2074 2088 2073 2074 2261 2260 2073 2261 2262 2263 2264 2265 2263 2262 2266 2263 2265 2264 2263 2267 2263 2268 2267 2263 2269 2268 2270 2269 2263 2266 2270 2263 2270 2271 2269 2269 2271 2268 2268 2271 2272 2268 2272 2267 2267 2272 2273 2274 2264 2267 2274 2267 2273 2275 2264 2274 2276 2264 2275 2262 2264 2277 2277 2264 2276 2278 2265 2262 2278 2262 2277 2279 2266 2265 2279 2265 2278 2280 2270 2266 2280 2266 2279 2281 2270 2280 2281 2271 2270 2282 2283 2284 2284 2283 2285 2285 2283 2286 2286 2283 2287 2287 2288 2286 2286 2288 2289 2290 2289 2288 2291 2289 2290 2291 2290 2292 2292 2290 2293 2286 2289 2294 2294 2285 2286 2284 2285 2294 2294 2291 2292 2294 2289 2291 2053 2054 2295 2053 2295 2057 2054 2098 2295 2098 2092 2296 2295 2296 2057 2295 2098 2296 2297 2298 2299 2300 2298 2297 2300 2301 2298 2302 2296 2090 2076 2302 2077 2302 2303 2296 2303 2057 2296 2057 2303 2058 2303 2062 2058 2069 2064 2304 2303 2304 2062 2062 2304 2064 2076 2069 2304 2302 2304 2303 2076 2304 2302 2305 2306 2307 2307 2306 2308 2308 2306 2309 2310 2307 2308 2310 2308 2309 2311 2307 2310 2311 2310 2312 2312 2310 2313 2313 2310 2309 2312 2313 2314 2315 2313 2309 2314 2313 2315 2316 2314 2315 2316 2315 2309 2317 2314 2316 2318 2319 2320 2321 2318 2320 2322 2319 2318 2323 2318 2321 2324 2318 2323 2325 2326 2327 2327 2328 2325 2325 2328 2329 2037 2325 2329 2329 2024 2025 2328 2327 2330 2329 2330 2024 2330 2023 2024 2329 2328 2330 2331 2026 2023 2331 2023 2330 2330 2327 2331 2327 2326 2332 2326 2047 2332 2327 2332 2331 2331 2332 2026 2190 2188 2333 2141 2334 2149 2335 2336 2337 2335 2338 2336 2336 2339 2340 2341 2342 2343 2344 2342 2341 2341 2345 2344 2341 2346 2345 2341 2347 2346 2348 2347 2341 2341 2349 2348 2348 2349 2350 2351 2352 2353 2351 2353 2354 2355 2356 2354 2357 2358 2359 2358 2360 2359 2359 2360 2361 2360 2362 2361 2361 2362 2363 2362 2364 2363 2363 2364 2365 2364 2366 2365 2365 2366 2367 2366 2368 2367 2367 2368 2369 2370 2371 2372 2373 2372 2371 2374 2372 2373 2374 2375 2372 2376 2372 2375 2377 2378 2379 2379 2378 2380 2378 2381 2380 2380 2381 2382 2381 2383 2382 2384 2383 2381 2384 2385 2383 2386 2385 2384 2387 2380 2382 2383 2385 2387 2382 2383 2387 2387 2379 2380 2386 2388 2385 2385 2388 2387 2389 2388 2386 2390 2391 2392 2393 2391 2390 2394 2391 2393 2395 2396 2397 2395 2398 2396 2399 2400 2397 2397 2400 2395 2401 2400 2399 2399 2402 2401 2397 2403 2399 2403 2402 2399 2404 2400 2401 2405 2400 2404 2395 2400 2405 2402 2403 2406 2407 2403 2397 2406 2403 2407 2408 2409 2392 2392 2409 2390 2392 2410 2408 2411 2409 2408 2410 2411 2408 2412 2411 2410 2390 2413 2393 2413 2409 2411 2409 2413 2390 2414 2410 2392 2414 2412 2410 2415 2412 2414 2416 2417 2418 2417 2419 2418 2418 2419 2420 2421 2418 2420 2405 2422 2395 1262 2423 1261 2423 2424 2425 2426 2424 2423 1262 2426 2423 1263 2426 1262 1264 2426 1263 2427 2424 2426 2426 2428 2427 1264 2428 2426 1266 2429 1264 1264 2429 2428 2430 2431 2432 2432 2431 2433 2430 2434 2431 2430 2435 2434 2435 2436 2434 2434 2436 2437 2436 2438 2437 2437 2438 2439 2439 2438 2440 2435 2441 2436 2441 2438 2436 2442 2441 2435 2443 2435 2430 2443 2442 2435 2443 2430 2432 2444 2442 2443 2440 2438 2445 2445 2438 2441 2443 2446 2444 2443 2432 2446 2447 2442 2444 2446 2447 2444 2448 2447 2446 2439 2440 2449 2449 2437 2439 2441 2449 2445 2440 2445 2449 2450 2437 2449 2450 2434 2437 2450 2449 2441 2441 2451 2450 2451 2434 2450 2442 2451 2441 2442 2452 2451 2448 2453 2447 2453 2452 2442 2447 2453 2442 2454 2431 2434 2454 2433 2431 2452 2454 2451 2451 2454 2434 2455 2433 2454 2452 2455 2454 2452 2453 2456 2452 2456 2455 2456 2453 2448 2457 2458 2459 2459 2458 2460 2460 2461 2459 2459 2461 2462 2462 2461 2463 2463 2461 2464 2463 2464 2465 2465 2464 2466 2463 2465 2467 2467 2465 2468 2469 2465 2466 2468 2465 2469 2470 2463 2467 2462 2463 2470 2459 2462 2471 2471 2462 2470 2457 2459 2471 2471 2472 2457 2471 2470 2472 2457 2472 2473 2474 2461 2460 2458 2474 2460 2475 2474 2458 2468 2469 2476 2468 2476 2467 2469 2466 2476 2477 2466 2464 2467 2476 2477 2477 2470 2467 2476 2466 2477 2478 2470 2477 2461 2478 2464 2464 2478 2477 2461 2479 2478 2480 2479 2461 2478 2481 2470 2479 2481 2478 2482 2481 2479 2482 2483 2481 2481 2483 2470 2484 2483 2482 2475 2480 2485 2485 2480 2461 2479 2480 2486 2482 2479 2486 2486 2480 2475 2487 2488 2489 2489 2490 2487 2487 2490 2491 2491 2490 2492 2492 2490 2493 2492 2493 2494 2494 2493 2495 2492 2494 2496 2496 2494 2497 2498 2494 2495 2497 2494 2498 2491 2492 2499 2499 2492 2496 2500 2491 2499 2487 2491 2500 2500 2499 2501 2502 2488 2487 2502 2487 2500 2500 2501 2502 2502 2501 2503 2488 2504 2489 2504 2490 2489 2505 2504 2488 2506 2496 2497 2498 2495 2506 2493 2506 2495 2497 2498 2506 2507 2499 2496 2507 2496 2506 2507 2506 2493 2508 2499 2507 2490 2508 2493 2493 2508 2507 2509 2501 2499 2509 2503 2501 2508 2509 2499 2510 2509 2508 2490 2510 2508 2504 2511 2490 2505 2511 2504 2511 2510 2490 2510 2511 2512 2512 2511 2505 2513 2503 2509 2513 2509 2510 2513 2510 2512 153 190 193 193 154 153 154 157 152 154 155 157 153 152 163 153 163 159 153 160 190 190 160 166 160 162 166 171 169 155 170 193 171 154 193 170 171 193 2514 2514 2515 171 2515 173 169 2515 169 171 200 2515 2514 166 174 189 179 189 174 179 174 176 179 253 189 253 179 178 178 177 184 179 183 177 179 176 183 178 184 180 178 181 253 189 253 187 191 166 189 190 166 191 189 188 191 193 196 2514 2514 196 198 198 200 2514 198 197 201 198 201 199 207 204 203 209 204 207 2516 209 207 2517 209 2516 207 206 2516 2516 206 2518 209 208 204 210 209 2517 210 211 208 2519 211 210 2520 210 2517 2520 2519 210 2521 2519 2520 2517 2522 2520 2517 2516 213 213 2522 2517 2522 213 212 213 2516 216 216 214 213 2523 220 219 221 2522 212 2524 223 222 2525 223 2524 232 229 227 231 227 230 231 2526 232 232 2526 2527 232 2527 229 231 235 2526 2518 239 2516 216 239 215 2516 239 216 2526 2528 2527 2526 2529 2528 2526 235 2529 235 2530 2529 235 236 2530 2531 2529 2530 2530 236 240 2530 240 2531 2531 240 242 241 240 243 239 244 238 2532 245 244 2532 244 239 2533 245 2532 2534 2533 2532 206 2534 2518 2518 2534 239 239 2534 2532 247 2534 206 247 2535 2534 2534 2535 2536 2536 2533 2534 247 249 2535 319 172 173 2515 2537 173 2537 321 319 173 2537 319 2537 2515 322 322 2515 200 327 322 199 327 199 325 327 326 332 2519 329 211 2524 330 331 2521 331 2519 2525 331 2521 2524 331 2525 331 329 2519 2525 2521 2538 2521 2520 2538 2520 2522 2538 2538 2522 221 2538 221 223 223 2525 2538 2539 333 332 2540 333 2539 2541 322 327 333 2541 327 2542 357 359 2542 359 2543 2544 2542 2543 2545 2542 2544 2546 358 2547 2543 359 2548 2546 2548 359 2543 2548 2549 2543 2549 2544 2550 2544 2549 2545 2544 2551 2551 2544 364 2547 2552 2546 2552 2553 2546 2553 2552 2554 2554 2552 2555 2556 2554 2555 2557 2554 2556 2557 2558 2554 2559 2558 2557 2560 2552 2547 2560 2555 2552 2561 2556 2555 2561 2555 2560 2561 2562 2556 2561 2563 2562 2564 2563 2561 2560 2564 2561 2564 2565 2563 2566 2565 2564 2565 2566 2567 2567 2566 2568 2569 2566 2564 2566 2569 2568 2568 2569 2570 2571 2570 2569 2571 2569 2572 2569 2564 2572 2572 2564 2560 2560 2547 2572 2573 2570 2571 2574 2573 2571 2575 2573 2574 2576 2571 2572 2574 2571 2576 2572 2547 2577 2577 2576 2572 2547 2578 2577 2547 358 2578 2577 2578 2579 2578 2580 2579 358 2580 2578 2580 2581 2579 2579 2581 2582 2581 2583 2582 2582 2583 2584 2582 2584 2585 2585 2584 2586 2584 2583 2587 2584 2587 2586 2586 2587 2588 2587 2583 2589 2587 2589 2590 2589 2591 2590 2590 2591 360 361 2551 364 361 360 2591 2550 363 2544 2544 363 364 361 363 362 367 363 2550 2592 370 368 2592 2593 370 2594 2593 2592 370 371 365 370 2593 2595 370 2595 371 2595 2596 371 372 362 371 371 2596 372 2596 2597 372 2598 360 372 2590 360 2598 372 2597 2598 2597 2599 2598 2599 2600 2598 2599 2601 2600 2602 2601 2599 2602 2603 2601 2602 2604 2603 2603 2604 2605 2603 2605 2606 2596 2595 2607 2593 2607 2595 2608 2603 2606 2603 2609 2601 2609 2603 2608 2610 2609 2608 2611 2609 2610 2612 2611 2610 2613 2611 2612 2588 2611 2614 2588 2614 2586 2614 2611 2613 2614 2613 2615 2615 2613 2616 2613 2617 2616 2612 2617 2613 2617 2618 2616 2619 2618 2617 2620 2618 2619 2574 2621 2575 2575 2621 2620 2621 2618 2620 2618 2622 2616 2616 2622 2615 2621 2622 2618 2576 2623 2574 2574 2623 2621 2623 2622 2621 2624 2614 2615 2614 2624 2586 2585 2586 2625 2586 2624 2625 2622 2623 2626 2585 2625 2627 2576 2628 2623 2576 2577 2628 2623 2628 2626 2577 2629 2628 2577 2579 2629 2629 2630 2628 2626 2628 2631 2628 2630 2631 2582 2585 2632 2579 2582 2632 2585 2627 2632 2629 2579 2632 2632 2627 2633 2633 2627 2634 2634 2627 2635 2632 2633 2636 2615 2622 2637 2637 2634 2635 2637 2622 2638 2638 2634 2637 2638 2622 2639 2622 2640 2639 2622 2626 2640 2640 2641 2639 2639 2641 2642 2642 2643 2636 2641 2643 2642 2632 2643 2629 2629 2643 2630 2632 2636 2643 2644 2645 2646 2646 2645 2647 2645 2648 2647 2647 2648 2649 2650 2565 2567 2645 2650 2648 2651 2644 2563 2651 2645 2644 2651 2650 2645 2651 2565 2650 2565 2651 2563 2649 2652 2647 2647 2652 2653 2653 2646 2647 2652 376 2653 2653 376 375 2654 2646 2653 375 2654 2653 2655 2654 375 375 374 2655 2656 2655 374 2657 2655 2656 375 376 373 2658 2654 2655 381 393 379 374 382 384 383 382 385 383 386 390 2656 374 2659 2659 374 384 2656 2659 2660 380 395 2661 2661 395 393 393 395 392 376 396 377 2662 396 376 376 2663 2662 2652 2663 376 2663 2664 2662 2662 2664 2665 2662 397 396 2665 397 2662 2665 2666 397 2667 2666 2665 2668 2665 2664 397 399 398 400 401 398 405 402 403 2669 399 397 2666 2669 397 2666 2670 2669 2671 2553 2554 2558 2671 2554 2558 2672 2671 2553 2671 2673 2671 2672 2673 2672 2674 2673 2549 2675 2550 2673 2674 2675 2675 2674 2676 2675 2676 2677 2678 2677 2676 2546 2553 2679 2675 2679 2673 2549 2679 2675 2679 2553 2673 2549 2548 2679 2546 2679 2548 2550 2675 2680 367 2550 2680 2680 2675 2677 2681 2680 2677 2678 2682 2677 406 367 2680 406 366 367 2683 369 406 2684 2677 2682 2684 2682 406 2684 2681 2677 406 2682 2685 2685 2683 406 2686 2680 2681 2681 2684 2686 2687 1646 2688 2557 2556 2688 2688 2559 2557 2689 2559 2688 2688 1646 2689 2562 2690 2556 2688 2690 2687 2688 2556 2690 2687 407 1646 1646 407 1647 2687 408 407 408 2687 2691 2690 2691 2687 2692 2691 2690 2563 2692 2562 2692 2690 2562 2644 2692 2563 2693 2692 2644 2694 2693 2644 2694 2644 2646 2646 2654 2695 2658 2696 2654 2696 2697 2654 2697 2698 2695 2655 2699 2658 2699 2700 2658 2701 2700 2699 2701 2702 2700 2700 2702 2703 2704 2655 2657 2699 2655 2704 2657 2705 2704 2704 2705 2706 2705 2707 2706 2706 2707 2708 413 412 416 413 2709 414 414 2709 2710 2709 2711 2710 2712 2711 2709 2712 2709 2713 2713 2709 2714 2714 2709 413 2714 413 416 2714 2715 2713 2713 2715 2716 2714 416 415 2715 2714 415 2717 2715 415 2718 2715 2717 415 417 2717 2715 2719 2716 2719 2715 2720 2721 2715 2718 2720 2715 2721 2721 2722 2720 2719 2720 2723 2719 2723 2724 2719 2724 2716 2725 2720 2722 2723 2720 2725 2724 2726 2716 2716 2726 2727 2726 2728 2727 2729 2716 2727 2713 2716 2729 2729 2712 2713 2729 2727 2730 2730 2727 2728 2730 2731 2729 2731 2712 2729 2730 2732 2731 2730 2733 2732 2734 2733 2730 2735 2730 2728 2734 2730 2735 2736 2733 2734 2737 2733 2736 2736 2738 2737 2736 2734 2739 2739 2734 2735 2739 2740 2736 2736 2740 2741 2741 2738 2736 2740 2742 2741 2741 2743 2738 2741 2742 2743 2744 2743 2742 2745 2743 2744 2746 2743 2745 2738 2743 2747 2747 2743 2746 2746 2745 2748 2748 2745 2749 2749 2745 2750 2750 2745 2744 2751 2742 2740 2752 2742 2751 2747 2746 2752 2738 2752 2751 2747 2752 2738 2752 2744 2742 2752 2746 2753 2753 2750 2744 2753 2744 2752 2746 2748 2753 2738 2754 2737 2751 2754 2738 2739 2754 2740 2754 2733 2737 2740 2754 2751 2755 2750 2753 2753 2748 2755 2739 2756 2754 2756 2733 2754 2735 2756 2739 2733 2757 2732 2728 2757 2735 2756 2757 2733 2735 2757 2756 2757 2758 2732 2759 2712 2731 2711 2712 2759 2732 2758 2759 2731 2732 2759 2757 2760 2758 2726 2761 2728 2757 2761 2760 2728 2761 2757 2726 2762 2761 2724 2762 2726 2761 2762 2760 2760 2762 2763 2717 2764 2718 2718 2764 2721 2762 2764 2763 2763 2764 2765 2766 2763 2765 2766 414 2710 2711 2766 2710 2767 2760 2763 2758 2760 2767 2759 2767 2711 2767 2766 2711 2767 2763 2766 2758 2767 2759 419 414 2766 419 410 414 2765 419 2766 2765 2768 419 419 2768 418 2768 420 418 420 2717 417 420 2764 2717 2764 420 2765 2765 420 2768 2721 2764 2769 2721 2769 2722 2725 2769 2723 2725 2722 2769 2770 2769 2764 2770 2762 2724 2723 2769 2770 2770 2724 2723 2764 2762 2770 424 423 426 425 2771 426 425 2772 2771 2773 2772 425 2774 425 423 425 2774 2773 2773 2774 2775 2773 2776 2772 2776 2777 2772 2772 2777 2778 2775 2779 2773 2779 2776 2773 2780 2779 2775 2776 2779 2781 2779 2780 2781 2781 2780 2782 2780 2783 2782 2783 2784 2782 493 2784 2783 493 496 2784 2785 2783 2780 2775 2785 2780 2786 2785 2775 2786 2775 2774 2785 2787 2783 2787 493 2783 2787 429 493 493 429 428 2786 439 2785 2787 439 429 439 2787 2785 441 440 435 441 431 442 2786 443 439 439 443 430 2786 2774 445 445 443 2786 455 448 456 455 456 2788 455 2788 457 457 2788 2789 2790 457 2789 459 457 2790 457 459 454 459 461 458 462 459 2790 476 478 475 478 479 477 480 479 478 482 476 474 489 432 488 490 491 432 493 492 496 496 492 494 496 495 2791 2784 496 2791 2781 2782 2792 2792 2784 2791 2792 2782 2784 2777 2776 2793 2776 2781 2793 2793 2781 2792 2792 2791 2794 2794 2793 2792 2793 2795 2777 2795 2793 2794 2796 504 497 424 498 421 2796 497 498 504 499 497 2796 2797 504 2797 503 504 2798 2796 498 426 2799 424 2799 2798 498 2799 498 424 2800 2798 2799 2801 2800 2799 2799 2802 2801 426 2802 2799 426 2771 2802 2802 2771 2801 2771 2803 2801 2771 2804 2803 2772 2778 2804 2771 2772 2804 499 500 422 502 499 504 2805 500 501 2806 500 2805 2805 2807 2806 2790 2789 2808 2806 2807 2808 2807 2790 2808 422 500 507 2806 507 500 422 506 423 506 444 445 445 2774 506 506 2774 423 422 507 506 506 507 505 508 444 505 2809 508 507 2806 2808 2809 2809 507 2806 2788 2810 2789 508 2809 2810 2788 509 2810 508 2810 509 510 509 2788 456 510 2788 441 442 510 456 441 510 2808 2789 2811 2809 2808 2811 2789 2810 2811 2810 2809 2811 508 509 2812 508 2812 444 509 442 2812 2812 442 444 234 233 2813 2523 219 511 234 2813 511 2814 226 229 2813 233 2814 233 226 2814 2815 2813 2814 229 2815 2814 2816 2815 229 2527 2816 229 2817 2818 2819 2819 2818 2820 2819 2821 2817 2818 2822 2820 2820 2822 2823 2823 2822 513 2818 2824 2822 2817 2825 2818 2825 2824 2818 2826 2825 2817 2827 2826 2817 2821 2827 2817 2821 2828 2827 2827 2828 2829 2822 2824 2830 2822 2830 513 513 2830 514 2830 2831 514 514 2831 2832 2826 2833 2825 2834 2833 2826 2827 2834 2826 2829 2835 2827 2835 2834 2827 2836 2835 2829 2833 2837 2825 2824 2837 2830 2830 2837 2831 2825 2837 2824 2838 2839 2840 2841 2839 2838 2842 2839 2841 2840 2839 2843 2843 2839 2844 2845 2839 2842 482 2846 476 651 2846 648 648 2846 482 482 649 648 649 662 647 649 482 2847 482 473 2847 656 649 2847 2847 2848 656 2849 473 471 2847 473 2849 2849 2848 2847 648 647 659 648 659 650 2846 651 653 649 655 662 656 657 655 2848 657 656 2848 667 657 2849 2850 2848 2850 667 2848 2849 471 668 668 471 468 668 2850 2849 671 653 669 674 671 670 476 2851 478 674 2851 671 480 2851 674 653 671 2851 2851 480 478 2846 653 2851 2846 2851 476 480 674 673 673 672 679 674 670 678 674 678 672 673 2852 480 480 2852 481 676 2852 673 673 679 675 682 668 466 682 2850 668 684 2850 682 2850 684 667 2853 682 467 2853 684 682 685 684 2853 684 685 683 2854 462 2790 2807 2854 2790 2803 2855 2856 2803 2857 2855 2803 2804 2857 2857 2804 2858 2804 2859 2858 2778 2860 2804 2804 2860 2859 2856 2861 2803 2803 2861 2801 2862 2801 2861 2801 2863 2800 2863 2801 2862 2864 2865 2866 2866 2865 2867 2868 2864 2866 2869 2864 2868 2867 2865 2870 2869 2871 2864 2871 2865 2864 2872 2871 2869 2872 2869 2873 2873 2869 2874 2870 2865 2875 2875 2865 2871 2874 2876 2873 2877 2869 2868 2874 2869 2877 2877 2868 2878 2879 2877 2878 2880 2872 2873 2876 2880 2873 2881 2880 2876 2867 2870 2882 2871 2882 2875 2870 2875 2882 2867 2882 2866 2883 2868 2866 2866 2882 2883 2871 2872 2883 2883 2882 2871 2883 2872 2884 2884 2868 2883 2880 2885 2872 2885 2884 2872 2881 2885 2880 2886 2884 2885 2884 2887 2868 2887 2879 2878 2887 2878 2868 2886 2887 2884 2888 2879 2887 2886 2888 2887 2886 2885 2889 2886 2889 2888 2889 2885 2881 2874 2890 2876 2874 2877 2890 2890 2877 2879 2891 2892 2893 2891 2893 2894 2894 2895 2891 2894 2896 2895 2891 2895 2897 2893 2898 2894 2894 2898 2896 2893 2892 2899 2899 2898 2893 2900 2898 2899 2900 2901 2898 2898 2901 2902 2898 2902 2896 2902 2901 2903 2903 2901 2904 2896 2902 2905 2902 2903 2905 2905 2903 2906 2906 2903 2907 2907 2903 2904 2908 2899 2892 2909 2899 2908 2909 2900 2899 2901 2910 2904 2907 2904 2910 2910 2905 2906 2906 2907 2910 2911 2910 2901 2901 2900 2911 2911 2905 2910 2911 2896 2905 2911 2900 2912 2912 2896 2911 2913 2912 2900 2909 2913 2900 2908 2913 2909 2914 2912 2913 2915 2895 2896 2915 2897 2895 2914 2915 2912 2912 2915 2896 2916 2897 2915 2916 2915 2914 2917 2914 2913 2916 2914 2917 2917 2913 2908 2918 2919 2920 2920 2919 2921 2922 2918 2920 2923 2918 2922 2921 2919 2924 2925 2918 2923 2925 2923 2926 2926 2923 2927 2923 2922 2927 2928 2918 2925 2928 2919 2918 2924 2919 2929 2929 2919 2928 2927 2922 2930 2931 2925 2926 2931 2926 2932 2927 2933 2926 2932 2926 2933 2927 2934 2933 2927 2930 2934 2934 2930 2935 2930 2922 2936 2935 2930 2936 2925 2937 2928 2937 2922 2920 2938 2922 2937 2938 2937 2925 2921 2939 2920 2921 2924 2939 2920 2939 2937 2937 2939 2928 2928 2939 2929 2924 2929 2939 2940 2935 2936 2938 2940 2922 2940 2936 2922 2941 2940 2938 2941 2938 2942 2932 2942 2931 2942 2938 2925 2931 2942 2925 2943 2935 2940 2941 2943 2940 2941 2944 2943 2944 2942 2932 2941 2942 2944 2601 2945 2600 2601 2609 2945 2609 2611 2945 2945 2611 2588 2590 2598 2946 2600 2945 2946 2946 2588 2587 2587 2590 2946 2945 2588 2946 2946 2598 2600 893 881 894 896 898 868 900 904 898 898 904 903 953 954 952 2947 954 953 951 2948 953 2948 2947 953 2947 957 954 2948 957 2947 2949 874 956 964 960 2950 2950 2951 964 965 959 964 2951 965 964 966 961 2952 2953 966 2952 994 1002 993 2954 1018 1019 2953 2952 2955 2952 961 2955 2955 1018 2954 2953 2955 2954 2955 961 1018 2949 1031 874 1025 1023 1021 1027 1025 1024 1025 2956 1023 2956 1027 1026 1027 2956 1025 2957 1030 1031 1032 1030 2957 2958 1032 2957 1032 2958 1033 1033 1034 1029 2958 1034 1033 1055 1054 1057 2959 1084 1082 2959 1082 2960 2960 1082 1080 1084 1081 1082 2959 1086 1084 1086 1083 1084 2961 2962 2963 2963 2962 2964 2963 1123 2961 2964 1123 2963 1124 1123 2964 2961 1123 2965 2965 1123 1126 2966 1122 1124 1128 1127 2967 2967 2968 1128 2969 2968 2967 2969 2970 2968 1157 885 893 1160 962 965 2951 1160 965 2971 950 955 2971 955 1159 2972 1080 876 2972 876 1022 1162 2973 2974 2973 1162 1161 2975 1164 1163 2976 2977 2978 2977 1166 2978 2978 1166 1165 2979 1170 1166 2980 1170 2979 1173 2981 2982 1173 1172 2981 1178 1177 2983 1178 2983 2984 1181 1180 2985 1184 1182 1179 1197 1196 2986 2987 2988 2989 2990 2989 2988 2991 2990 2988 2992 2991 2988 2987 2992 2988 2993 2991 2992 2994 2991 2993 2995 2993 2992 2990 2991 2996 2997 2996 2991 2997 2991 2994 1255 2998 1257 1261 2999 1255 3000 2999 1261 3001 3002 3003 3003 3002 3004 3004 3002 3005 3006 3004 3005 3006 3005 3007 3007 3005 3008 3008 3009 3007 3010 3009 3008 3010 3011 3009 3012 3006 3007 3007 3009 3012 3013 3006 3012 3014 3003 3004 3013 3014 3006 3014 3004 3006 3015 3014 3013 3012 3009 3016 3011 3016 3009 3014 3015 3017 3014 3017 3003 3018 3015 3013 3018 3017 3015 3019 3017 3018 3016 3020 3012 3010 3008 3020 3010 3020 3011 3011 3020 3016 3020 3008 3021 3012 3020 3021 3005 3021 3008 3022 3012 3021 3013 3012 3022 3022 3021 3005 3023 3013 3022 3018 3013 3024 3024 3013 3023 3018 3024 3019 3025 3022 3005 3001 3025 3002 3025 3005 3002 3023 3022 3025 3023 3025 3026 3026 3025 3001 3019 3024 3027 3023 3026 3027 3023 3027 3024 3028 3029 3030 3029 3031 3030 3031 3029 3032 3032 3029 3033 3034 3032 3033 3035 3032 3034 3034 3036 3035 3035 3036 3037 3038 3036 3034 3039 3036 3038 3039 3040 3036 3040 3037 3036 3034 3041 3038 3033 3041 3034 3033 3042 3041 3029 3042 3033 3028 3042 3029 3028 3043 3042 3042 3043 3041 3044 3043 3028 3045 3031 3032 3045 3030 3031 3046 3030 3045 3040 3047 3037 3038 3047 3039 3039 3047 3040 3048 3047 3038 3041 3048 3038 3035 3037 3048 3048 3037 3047 3049 3048 3041 3049 3035 3048 3032 3035 3049 3050 3032 3049 3051 3032 3050 3052 3049 3041 3050 3049 3052 3053 3050 3052 3052 3041 3054 3052 3054 3053 3053 3054 3055 3056 3051 3046 3056 3032 3051 3050 3057 3051 3046 3051 3057 3053 3057 3050 3058 3059 3060 3059 3058 3061 3061 3058 3062 3063 3061 3062 3064 3061 3063 3063 3065 3064 3064 3065 3066 3067 3065 3063 3068 3065 3067 3068 3069 3065 3069 3066 3065 3063 3070 3067 3062 3070 3063 3058 3071 3062 3062 3071 3070 3071 3072 3070 3073 3072 3071 3073 3071 3058 3073 3058 3060 3074 3072 3073 3075 3060 3059 3075 3059 3061 3076 3060 3075 3077 3064 3066 3068 3067 3077 3068 3077 3069 3069 3077 3066 3077 3067 3078 3070 3078 3067 3078 3064 3077 3079 3078 3070 3061 3064 3079 3079 3064 3078 3080 3061 3079 3081 3061 3080 3075 3061 3081 3075 3081 3076 3076 3081 3082 3080 3082 3081 3080 3079 3083 3083 3079 3070 3083 3070 3072 3074 3083 3072 3084 3082 3080 3084 3080 3083 3084 3083 3074 1421 1462 1458 1462 1421 1420 1420 1419 1423 1420 1423 1422 1421 1432 1419 1421 1426 1432 1421 1458 1427 1421 1427 1426 1458 1430 1427 1438 1422 1436 1437 1438 1462 1420 1437 1462 1462 1438 1464 1436 1439 1590 3085 1438 1436 1438 3085 1464 3085 1436 1590 1464 3085 1468 1441 1433 1430 1430 1455 1441 1443 1441 1455 1443 1455 1454 1454 1445 1443 1445 1451 1444 1443 1444 1448 1443 1448 1442 1445 1446 1451 1445 1454 1447 1457 1458 1456 1458 1457 1430 1457 1455 1430 1462 1459 1458 1462 1464 1461 1468 1465 1464 1477 1472 1471 1477 3086 1472 3087 3086 1477 1472 3086 1474 1474 3086 3088 1477 1476 3087 1477 1471 1475 1603 1476 1478 1603 3089 1476 3087 1476 3089 3090 3089 1603 3087 3089 1481 3087 1481 3086 1481 3089 3091 3091 1484 1481 1481 1484 1479 3086 1481 1480 3092 1486 1487 1488 1484 3091 1489 1485 1490 1490 3093 1489 3094 3093 1490 1499 1498 1494 1499 1497 3095 1497 1496 3096 1497 3096 3095 1499 1503 1498 1499 3095 1503 3097 1503 3095 3088 3086 1514 1514 1482 1505 1480 1482 1514 1514 3086 1480 3095 3096 3098 3095 3098 3097 3099 1500 1501 1501 1506 3099 3092 1506 1486 3100 1500 3099 3100 1493 1500 1496 1493 3100 3101 3100 3099 1496 3100 3101 3096 1496 3102 3102 1496 3101 1508 1503 3097 1508 1502 1503 1508 1509 1507 1509 1508 3097 1511 1512 1507 1514 1513 1517 3103 1517 1515 1514 3104 3088 1517 3104 1514 1517 3103 3104 3088 3104 1474 1474 3104 1518 1518 3104 1520 1520 3104 3105 3104 3103 3105 3085 1590 3106 3106 1590 1589 3106 1589 1593 1594 3085 3106 1468 3085 1594 3094 3090 1605 1605 3093 3094 1605 1604 3093 1605 3090 1603 1605 1603 1602 3089 3107 3091 1490 3107 3094 3107 1490 1488 3107 1488 3091 3094 3107 3090 3090 3107 3089 3108 1630 1629 3108 3109 1630 3108 1639 3109 3110 1639 3108 3111 1631 1630 3112 1631 3111 3109 3113 1630 3111 1630 3113 3109 3114 3113 3109 1639 3114 3115 3114 1639 3110 3116 1639 1639 3116 1637 3117 3112 3111 3117 3111 3118 3119 3117 3118 3120 3117 3119 3119 3121 3120 3122 3121 3119 3119 2558 3122 3122 2558 2559 3117 3120 3123 3123 3112 3117 3123 3120 3124 3124 3120 3121 3124 3121 3125 3126 3124 3125 3127 3123 3124 3127 3124 3126 3128 3127 3126 3128 2650 2567 3129 3127 3128 3129 2567 2568 3128 2567 3129 3130 3127 3129 3129 2568 3130 3130 2568 2570 3131 2570 2573 3130 2570 3131 3131 3132 3130 3130 3132 3127 3132 3123 3127 3123 3132 3112 3131 2573 3133 3133 2573 2575 3132 3131 3134 3134 3131 3133 3112 3132 3135 3135 3132 3134 3112 3136 1631 3112 3135 3136 3135 3137 3136 3136 3138 1631 3137 3138 3136 3137 3139 3138 3140 3139 3137 3139 3140 3141 3141 3140 3142 3143 3142 3140 3144 3142 3143 3142 3145 3141 3144 3145 3142 3146 3145 3144 3141 3145 3147 3145 1634 3147 1634 1633 3147 1636 1637 3116 1636 1633 1632 1639 1638 3115 1636 1635 1638 1642 2683 2685 1642 369 2683 2682 1642 2685 3148 1638 1641 3115 1638 3148 3148 1641 1642 2592 368 1644 1644 368 1640 3149 2592 1644 2594 2592 3149 1644 3150 3149 1644 1643 3150 3150 1643 3151 3152 1635 1632 3151 1643 3152 1643 1635 3152 3151 3152 3153 3154 1632 1634 3152 1632 3154 3153 3152 3154 3153 3154 3155 3155 3154 3156 3156 3157 3155 3155 3157 3158 3159 2608 2606 3158 3157 3159 3158 3159 3160 3159 3161 3160 3159 2606 3161 3151 3162 3150 3149 3150 3162 3163 2610 2608 3163 2608 3159 3159 3157 3163 3164 2612 2610 3164 2610 3163 3165 2612 3164 2612 3165 2617 3146 3144 3166 3164 3166 3165 3146 3166 3164 3167 3165 3166 2617 3165 3168 3168 3165 3167 2619 3169 2620 2617 3169 2619 3168 3169 2617 2620 3169 3170 2575 3170 3133 2620 3170 2575 3169 3168 3171 3171 3168 3167 3169 3171 3170 3170 3172 3133 3133 3172 3134 3170 3171 3172 3173 3167 3166 3144 3173 3166 3174 3173 3144 3143 3174 3144 3171 3175 3172 3143 3176 3174 3172 3175 3177 3134 3177 3135 3134 3172 3177 3135 3178 3137 3135 3177 3178 3178 3177 3179 3179 3177 3180 3177 3175 3180 3178 3181 3137 3181 3176 3143 3137 3181 3140 3140 3181 3143 3182 3176 3181 3183 3176 3182 3184 3176 3183 3181 3185 3182 3167 3186 3171 3183 3186 3184 3186 3187 3171 3187 3186 3183 3187 3188 3171 3188 3189 3171 3171 3189 3175 3189 3188 3190 3190 3188 3191 3179 3192 3178 3190 3191 3192 3192 3191 3185 3181 3192 3185 3178 3192 3181 2649 2648 3193 2652 3193 2663 2649 3193 2652 3193 2648 3194 2648 2650 3194 2664 2663 3195 3193 3194 3195 3195 2663 3193 3195 3194 3196 3197 2650 3128 3194 2650 3197 3197 3196 3194 3197 3126 3196 3128 3126 3197 3196 3126 3198 3126 3125 3198 3125 3121 3199 3198 3125 3199 2689 1646 3200 3200 2559 2689 3122 2559 3200 3200 3121 3122 3199 3121 3200 1646 3201 3200 3200 3201 3199 3201 1646 1645 3201 1645 3202 3198 3199 3203 3199 3201 3203 3202 3203 3201 3202 1645 3204 3205 3196 3198 3206 3195 3196 3206 3196 3205 3207 2664 3208 3207 3208 3209 2668 2664 3210 3210 2664 3207 2665 2668 3211 2668 3212 3211 3211 3212 3213 3213 3212 3214 3214 3212 3215 3211 3216 2665 2665 3216 2667 3216 3217 2667 3218 3217 3216 3218 3219 3217 3220 3219 3218 3221 3119 3118 2558 3119 3221 2558 3221 2672 3118 3222 3221 2672 3222 2674 3221 3222 2672 3115 3223 3114 2674 3223 2676 3222 3223 2674 3113 3114 3224 3118 3111 3224 3224 3222 3118 3224 3223 3222 3114 3223 3224 3111 3113 3224 3225 3223 3115 1642 3225 3148 3148 3225 3115 2676 3226 2678 2682 2678 3226 3226 2676 3223 3226 3223 3225 3225 3227 3226 3226 3228 2682 3226 3227 3228 2682 3228 1642 3229 1649 1648 3230 1649 3229 3231 1649 3230 3231 3230 3232 3233 3231 3232 3234 3231 3233 3235 1649 3231 3234 3235 3231 3236 3235 3234 3233 3237 3234 3238 3237 3233 3239 3238 3233 3234 3240 3236 3234 3237 3240 3236 3240 3241 3237 3242 3240 3240 3242 3241 3241 3242 3243 3243 3244 3241 3245 3244 3243 1653 3244 3245 1653 3245 1759 3241 3244 3246 3241 3246 3236 3236 3246 1670 1670 3235 3236 3247 3244 1653 3244 3247 3246 1653 1652 3247 1670 3246 1668 3246 3247 1668 3247 1652 1668 1668 1652 1655 1665 1656 1660 1668 1667 1670 1670 1669 3235 1684 1685 1674 1684 1683 3248 3248 3249 1684 1684 3249 1685 3250 3249 3248 3248 3251 3250 3248 1683 1690 1690 3251 3248 1690 1683 1686 1690 1686 1688 1689 3251 1690 3252 1702 1703 3252 1703 1706 1706 1703 1704 1708 1706 1705 1709 1702 3252 3253 1706 1708 3253 3252 1706 1711 3253 1708 1714 3253 1711 1708 1712 1711 1712 1964 1710 1708 1707 3254 1712 1708 3254 1965 1712 3254 1711 1710 1986 1711 1986 1713 1716 3253 1714 1721 1716 1719 1724 1721 1720 1724 3255 1721 3255 1716 1721 1709 3255 1724 3255 3252 3253 3255 3253 1716 1709 3252 3255 1709 1724 1723 1723 1722 1732 1724 1720 1731 1724 1731 1722 1709 3256 1701 1723 3256 1709 1727 3256 1723 1727 1737 3256 3256 1737 1725 1725 1701 3256 1723 1732 1726 1737 1727 1728 3257 1737 1736 1737 3257 1725 1725 1738 1699 1725 3257 1738 3258 1739 1741 3259 1739 3258 3257 1736 3259 3259 1736 1739 3260 3259 3258 1742 1695 1694 3260 1695 1742 1742 3257 3259 1742 3259 3260 1738 3257 1742 3261 1744 1749 3262 1648 1744 3229 1648 3262 3261 3262 1744 1749 1744 1745 3261 1749 3263 3263 1749 1748 3264 3262 3261 3265 3229 3262 3230 3229 3265 3265 3262 3264 3266 3265 3264 3267 3265 3266 3230 3265 3268 3265 3267 3268 3268 3267 3232 3232 3230 3268 3232 3267 3269 3232 3269 3270 3232 3270 3233 3233 3270 3239 1650 1747 1745 1750 1749 1745 1750 1745 1746 1751 1747 1753 1751 1753 3271 3271 3272 3251 3271 1753 3272 3251 3272 3250 1755 1752 1650 1650 1649 1755 1669 1671 1755 1669 1755 3235 1755 1649 3235 1755 1671 1754 3273 1752 1754 3273 1754 1671 3274 1752 3273 3274 3272 1753 1753 1752 3274 3249 3250 3275 3275 3274 3273 3273 1757 3275 1757 3249 3275 1685 3249 1756 1756 3249 1757 1665 1756 1666 1685 1756 1665 3276 3274 3275 3276 3272 3274 3250 3272 3276 3275 3250 3276 3273 1671 3277 1757 3277 1666 3277 1671 1666 3273 3277 1757 3245 3278 1759 1759 3278 1760 3279 3278 3245 3279 3243 3242 3245 3243 3279 1653 1759 1761 1761 1759 1758 1764 1765 1657 3237 3280 3242 3238 3280 3237 3242 3280 3279 3280 3238 3281 3281 3282 3280 3279 3280 3282 3279 3282 3278 3283 1768 1767 1767 1597 3284 3284 1597 1594 3285 3286 3287 3287 3286 3288 3287 3288 3289 3285 3290 3286 3291 3290 3285 3291 1771 3290 3290 3292 3286 3286 3292 3293 3286 3293 3288 3288 3293 3294 3290 3295 3292 3290 1771 3295 1771 1770 3295 3296 3295 1770 3297 3295 3296 3297 3292 3295 3298 3288 3294 3289 3288 3298 3294 3299 3298 3298 3299 3300 3300 3301 3298 3298 3302 3289 3298 3301 3302 3293 3292 3303 3294 3303 3299 3293 3303 3294 3303 3292 3304 3304 3292 3297 3289 3302 3305 3306 3307 3308 3309 3306 3308 3310 3309 3308 3307 3311 3308 3311 3312 3308 3313 3310 3308 1712 1962 1964 3271 3251 3314 3314 3251 1689 3269 3315 3316 3269 3317 3270 3269 3316 3317 3270 3317 3318 3270 3318 3319 3270 3319 3320 3270 3320 3239 3267 3321 3269 3269 3321 3315 3321 3267 3322 3267 3266 3323 3322 3267 3323 3324 3325 3326 3326 3325 3327 3327 3328 3326 3329 3328 3327 3324 3330 3325 3327 3325 3331 3331 3329 3327 3332 3329 3331 3333 3329 3332 3334 3329 3333 3331 3325 3335 3330 3335 3325 3334 3333 3336 3329 3337 3328 3334 3337 3329 3337 3338 3328 3337 3339 3338 3333 3340 3336 3341 3333 3332 3341 3340 3333 3342 3332 3331 3328 3342 3326 3343 3342 3328 3343 3332 3342 3335 3344 3331 3331 3344 3342 3330 3344 3335 3326 3344 3324 3342 3344 3326 3324 3344 3330 3332 3343 3345 3341 3345 3340 3341 3332 3345 3345 3343 3346 3347 3343 3328 3346 3343 3347 3339 3347 3338 3347 3328 3338 3346 3347 3348 3348 3347 3339 3346 3349 3345 3346 3348 3349 3340 3345 3349 3334 3350 3337 3334 3336 3350 3350 3339 3337 3351 3352 3353 3351 3354 3352 3351 3355 3354 3354 3355 3356 3357 3355 3351 3352 3354 3358 3358 3354 3356 3352 3358 3359 3352 3359 3353 3359 3358 3360 3360 3358 3361 3358 3356 3362 3361 3358 3362 3362 3363 3361 3361 3363 3364 3362 3356 3365 3365 3363 3362 3366 3363 3365 3367 3364 3363 3366 3367 3363 3368 3361 3364 3366 3368 3367 3366 3365 3368 3367 3368 3364 3369 3360 3361 3368 3365 3369 3356 3369 3365 3369 3361 3368 3370 3369 3356 3370 3360 3369 3360 3370 3371 3371 3370 3372 3373 3370 3356 3357 3373 3355 3373 3356 3355 3372 3370 3373 3374 3373 3357 3374 3372 3373 3372 3375 3371 3374 3375 3372 3376 3371 3375 3377 3371 3376 3377 3360 3371 3376 3353 3377 3377 3353 3359 3377 3359 3360 3378 3379 3380 3380 3379 3381 3381 3382 3380 3383 3382 3381 3378 3384 3379 3383 3381 3385 3386 3383 3385 3387 3383 3386 3387 3382 3383 3385 3381 3388 3381 3379 3388 3384 3389 3379 3388 3379 3389 3390 3382 3387 3391 3386 3385 3392 3386 3391 3387 3386 3393 3393 3386 3392 3387 3394 3390 3387 3393 3394 3394 3395 3390 3390 3396 3382 3390 3395 3396 3388 3397 3385 3382 3397 3380 3398 3397 3382 3385 3397 3398 3388 3399 3397 3397 3399 3380 3384 3399 3389 3389 3399 3388 3380 3399 3378 3378 3399 3384 3395 3400 3396 3400 3382 3396 3400 3398 3382 3401 3398 3400 3385 3398 3402 3391 3385 3402 3391 3402 3392 3402 3398 3401 3403 3400 3395 3401 3400 3403 3392 3402 3404 3401 3403 3404 3401 3404 3402 3163 3157 3405 3164 3405 3146 3163 3405 3164 3157 3156 3405 3146 3406 3145 3405 3406 3146 3145 3406 1634 3154 3406 3156 1634 3406 3154 3405 3156 3406 2077 2090 2089 2090 2092 2091 2095 2093 2092 2095 2092 2097 2138 2137 2140 2140 2139 3407 3408 2140 3407 2138 2140 3408 3407 2139 3409 3408 3407 3409 3409 2139 2143 3410 2143 2142 2152 2147 2146 3411 2147 2152 3411 2152 3412 3412 2152 2151 3413 2148 2147 3414 2148 3413 3415 3414 3413 3415 2213 2214 2213 2189 2214 2214 2148 3414 3415 2214 3414 3410 2142 2222 3416 2216 2215 3417 2216 3416 3417 2217 2216 3418 2217 3417 2219 2217 3418 3417 3416 3419 3419 2219 3418 3418 3417 3419 2224 2221 2223 3420 2224 2223 2223 2220 3421 2223 3421 3420 3421 2220 3422 3420 3421 3422 3422 2220 2218 2239 2242 2240 3423 3424 3425 3423 3426 3424 3426 2258 3424 3424 2258 2257 3424 2257 3425 3425 2257 2259 3423 3425 3427 3425 2259 3427 3427 2259 2260 2090 2296 2092 3428 3429 3430 3429 3431 3430 3428 2298 3429 2298 3431 3429 2301 3431 2298 3432 2298 3428 3432 2299 2298 3433 2301 2300 2967 1127 3434 3434 1127 2299 2969 3435 2970 2967 3435 2969 3434 3435 2967 2077 2302 2090 2151 2149 3436 3412 2151 3436 3436 2149 2334 3437 2141 2136 3437 2334 2141 3438 2070 2258 3438 2215 2070 3439 3440 3441 3441 3442 3439 3439 3442 3443 3444 3443 3442 3445 3443 3444 3446 2337 3447 2337 2336 3447 2338 2339 2336 3448 2336 2340 3449 2336 3448 3450 3449 3448 2342 3451 2343 2349 3452 2350 3453 3454 2352 3453 2352 2351 2354 2353 2355 3455 3456 3457 3456 3458 3457 3459 3457 3458 2994 2993 3459 2994 3459 2997 3459 2993 3460 2995 3460 2993 3460 3457 3459 3455 3457 3460 3458 3461 3459 2997 3459 3461 1261 2423 2425 2425 2424 3462 3462 3463 2425 2425 3464 1261 2425 3463 3464 1261 3464 3000 3465 3227 3225 3465 3228 3227 2605 3466 2606 3161 2606 3466 359 358 2546 1053 1039 1040 1053 3467 1039 2999 2998 1255 2237 2227 1039 2237 1039 3467 2695 2694 2646 2695 2654 2697 3208 2664 3195 3208 3195 3206</p>
        </triangles>
      </mesh>
    </geometry>
  </library_geometries>
  <library_controllers>
    <controller id="Controller">
      <skin source="#Geometry">
        <bind_shape_matrix>1 0 0 0 0 1 0 0 0 0 1 0 0 0 0 1</bind_shape_matrix>
        <source id="Controller-joints">
          <Name_array id="Controller-joints-array" count="27">J_B_L_foot J_B_L_knee J_B_L_leg J_B_L_leg1 J_B_R_foot J_B_R_knee J_B_R_leg J_B_R_leg1 J_body J_body1 J_body2 J_center J_F_L_foot J_F_L_knee J_F_L_leg J_F_R_foot J_F_R_knee J_F_R_leg J_head J_root J_tail J_tail1 J_tail2 J_tail3 J_tooth GRP_joint chr012</Name_array>
          <technique_common>
            <accessor source="#Controller-joints-array" count="27" stride="1">
              <param name="JOINT" type="Name"/>
            </accessor>
          </technique_common>
        </source>
        <source id="Controller-bind_poses">
          <float_array id="Controller-bind_poses-array" count="432">2.54 0 -0.000000 -0.571962 0 2.54 -0.000004 -0.313483 0.000000 0.000004 2.54 1.8398 0 0 0 1 2.54 0 -0.000000 -0.578639 0 2.54 -0.000004 -1.20104 0.000000 0.000004 2.54 1.79622 0 0 0 1 2.54 0.000000 -0.000000 -0.514572 -0.000000 2.54 0.000002 -2.23939 0.000000 -0.000002 2.54 1.14885 0 0 0 1 2.54 0.000001 -0.000000 -0.548297 -0.000001 2.54 0.000013 -1.6472 0.000000 -0.000013 2.54 1.26751 0 0 0 1 2.54 0 0 0.571961 0 2.54 0 -0.313477 0 0 2.54 1.8398 0 0 0 1 2.54 0 0 0.578637 0 2.54 0 -1.20103 0 0 2.54 1.79622 0 0 0 1 2.54 0 0 0.51457 0 2.54 0 -2.2394 0 0 2.54 1.14885 0 0 0 1 2.54 0 0 0.548295 0 2.54 0 -1.6472 0 0 2.54 1.2675 0 0 0 1 2.54 0 0 0 0 2.54 0 -2.37184 0 0 2.54 0.678233 0 0 0 1 2.54 0 0 0 0 2.54 0 -2.36432 0 0 2.54 -0.186932 0 0 0 1 2.54 0 0 0 0 2.54 0 -2.53735 0 0 2.54 -1.36807 0 0 0 1 2.54 0 0 0 0 2.54 0 -2.39111 0 0 2.54 1.01843 0 0 0 1 2.54 0 0 -0.700057 0 2.54 0 -0.370986 0 0 2.54 -1.02447 0 0 0 1 2.54 0 0 -0.735737 0 2.54 0 -1.33068 0 0 2.54 -0.982739 0 0 0 1 2.54 0 0 -0.64968 0 2.54 0 -2.32952 0 0 2.54 -1.39142 0 0 0 1 2.54 0 -0.000000 0.700058 0 2.54 0 -0.370986 0.000000 0 2.54 -1.02447 0 0 0 1 2.54 0 -0.000000 0.735738 0 2.54 0 -1.33068 0.000000 0 2.54 -0.98274 0 0 0 1 2.54 0 -0.000000 0.64968 0 2.54 0 -2.32952 0.000000 0 2.54 -1.39142 0 0 0 1 2.54 0 0 0 0 2.54 0 -2.60325 0 0 2.54 -2.16535 0 0 0 1 2.54 0 0 0 0 2.54 0 0 0 0 2.54 0 0 0 0 1 2.54 0 0 0 0 2.54 0 -2.63717 0 0 2.54 1.45627 0 0 0 1 2.54 0 0 0 0 2.54 0 -2.67976 0 0 2.54 2.49134 0 0 0 1 2.54 0 0 0 0 2.54 0 -2.67976 0 0 2.54 3.54579 0 0 0 1 2.54 0 0 0 0 2.54 0 -2.67976 0 0 2.54 4.60026 0 0 0 1 2.54 0 0 0 0 2.47923 0.552299 -3.06533 0 -0.552299 2.47923 -2.16006 0 0 0 1 2.54 0 0 0 0 2.54 0 0 0 0 2.54 0 0 0 0 1 1 0 0 0 0 1 0 0 0 0 1 0 0 0 0 1</float_array>
          <technique_common>
            <accessor source="#Controller-bind_poses-array" count="27" stride="16">
              <param name="TRANSFORM" type="float4x4"/>
            </accessor>
          </technique_common>
        </source>
        <source id="Controller-weights">
          <float_array id="Controller-weights-array" count="2715">1 0.2 0.8 0.2 0.8 0.2 0.8 0.2 0.8 0.2 0.8 0.3 0.7 0.5 0.5 0.2 0.8 0.2 0.8 0.2 0.8 0.2 0.8 0.2 0.8 0.8 0.2 0.8 0.2 0.8 0.2 0.8 0.2 0.992709 0.00729 0.8 0.2 0.1 0.9 0.1 0.9 0.1 0.9 0.2 0.8 0.9 0.1 0.9 0.1 0.8 0.2 0.9 0.1 0.8 0.2 0.7 0.3 0.8 0.2 0.5 0.5 0.9 0.1 0.9 0.1 0.8 0.2 0.9 0.1 0.5 0.5 0.5 0.5 0.5 0.5 0.1 0.9 0.8 0.2 0.2 0.8 0.8 0.2 0.2 0.8 0.994295 0.005705 0.1 0.9 0.2 0.8 0.8 0.2 0.5 0.5 0.2 0.700068 0.099932 0.2 0.8 0.8 0.2 0.8 0.2 0.8 0.2 0.8 0.2 0.1 0.9 0.1 0.9 0.1 0.9 0.2 0.8 0.2 0.8 0.3 0.7 0.2 0.8 0.5 0.5 0.5 0.5 0.2 0.8 0.1 0.9 0.2 0.8 0.3 0.7 0.5 0.5 0.5 0.5 0.8 0.2 0.5 0.5 0.5 0.5 0.1 0.9 0.1 0.9 0.1 0.9 0.1 0.9 0.1 0.9 0.1 0.9 0.8 0.2 0.8 0.2 0.8 0.2 0.8 0.2 0.8 0.2 0.8 0.2 0.8 0.2 0.8 0.2 0.8 0.2 0.8 0.2 0.8 0.2 0.8 0.2 0.2 0.8 0.2 0.8 0.2 0.8 0.2 0.8 0.8 0.2 0.5 0.5 0.4 0.6 0.2 0.8 0.8 0.2 0.8 0.2 0.5 0.5 0.2 0.8 0.8 0.2 0.8 0.2 0.8 0.2 0.8 0.2 0.8 0.2 0.2 0.8 0.4 0.6 0.5 0.5 0.5 0.5 0.8 0.2 0.8 0.2 0.8 0.2 0.8 0.2 0.8 0.2 0.8 0.2 0.1 0.9 0.8 0.2 0.8 0.2 0.8 0.2 0.8 0.2 0.1 0.9 0.8 0.2 0.8 0.2 0.5 0.5 0.2 0.8 0.2 0.8 0.5 0.5 0.5 0.5 0.5 0.5 0.1 0.9 0.1 0.9 0.1 0.9 0.1 0.9 0.1 0.9 0.1 0.9 0.2 0.8 0.2 0.8 0.1 0.9 0.1 0.9 0.1 0.9 0.1 0.9 0.1 0.9 0.1 0.9 0.1 0.9 0.015864 0.072247 0.911888 0.5 0.5 0.5 0.5 0.1 0.9 0.1 0.9 0.1 0.9 0.1 0.9 0.1 0.9 0.1 0.9 0.2 0.8 0.2 0.8 0.1 0.9 0.1 0.9 0.2 0.8 0.2 0.8 0.2 0.8 0.1 0.9 0.1 0.9 0.2 0.8 0.2 0.8 0.2 0.8 0.1 0.9 0.1 0.9 0.1 0.9 0.2 0.8 0.2 0.8 0.2 0.8 0.5 0.5 0.5 0.5 0.5 0.5 0.2 0.8 0.2 0.8 0.2 0.8 0.2 0.8 0.2 0.8 0.3 0.7 0.5 0.5 0.2 0.8 0.2 0.8 0.2 0.8 0.2 0.8 0.8 0.2 0.8 0.2 0.8 0.2 0.8 0.2 0.8 0.2 0.8 0.2 0.8 0.2 0.1 0.9 0.1 0.9 0.2 0.8 0.1 0.9 0.9 0.1 0.9 0.1 0.8 0.2 0.9 0.1 0.8 0.2 0.7 0.3 0.5 0.5 0.8 0.2 0.9 0.1 0.9 0.1 0.8 0.2 0.8 0.2 0.2 0.8 0.5 0.5 0.5 0.5 0.9 0.1 0.5 0.5 0.9 0.1 0.1 0.9 0.1 0.9 0.2 0.8 0.2 0.8 0.8 0.2 0.2 0.8 0.2 0.8 0.1 0.9 0.2 0.8 0.2 0.700068 0.099932 0.5 0.5 0.2 0.8 0.8 0.2 0.2 0.8 0.7 0.3 0.8 0.2 0.8 0.2 0.8 0.2 0.2 0.8 0.8 0.2 0.8 0.2 0.8 0.2 0.8 0.2 0.8 0.2 0.8 0.2 0.8 0.2 0.8 0.2 0.8 0.2 0.8 0.2 0.2 0.8 0.2 0.8 0.2 0.8 0.8 0.2 0.8 0.2 0.8 0.2 0.8 0.2 0.8 0.2 0.8 0.2 0.8 0.2 0.1 0.9 0.8 0.2 0.8 0.2 0.1 0.9 0.1 0.9 0.8 0.2 0.8 0.2 0.8 0.2 0.2 0.8 0.2 0.8 0.8 0.2 0.5 0.5 0.4 0.6 0.2 0.8 0.5 0.5 0.8 0.2 0.2 0.8 0.4 0.6 0.5 0.5 0.8 0.2 0.8 0.2 0.8 0.2 0.8 0.2 0.5 0.5 0.8 0.2 0.5 0.5 0.2 0.8 0.2 0.8 0.5 0.5 0.5 0.5 0.5 0.5 0.1 0.9 0.1 0.9 0.1 0.9 0.1 0.9 0.2 0.8 0.2 0.8 0.1 0.9 0.1 0.9 0.1 0.9 0.1 0.9 0.1 0.9 0.015864 0.072247 0.911888 0.5 0.5 0.5 0.5 0.1 0.9 0.1 0.9 0.2 0.8 0.1 0.9 0.2 0.8 0.2 0.8 0.1 0.9 0.1 0.9 0.2 0.8 0.2 0.8 0.2 0.8 0.1 0.9 0.1 0.9 0.1 0.9 0.2 0.8 0.2 0.8 0.2 0.8 0.2 0.8 0.5 0.5 0.5 0.5 0.5 0.5 0.5 0.5 0.5 0.5 0.5 0.5 0.5 0.5 0.5 0.5 0.5 0.5 0.5 0.5 0.5 0.5 0.5 0.5 0.5 0.5 0.5 0.5 0.5 0.5 0.5 0.5 0.5 0.5 0.5 0.5 0.5 0.5 0.5 0.5 0.5 0.5 0.5 0.5 0.5 0.5 0.5 0.5 0.5 0.5 0.5 0.5 0.5 0.5 0.5 0.5 0.5 0.5 0.5 0.5 0.5 0.5 0.5 0.5 0.5 0.5 0.5 0.5 0.5 0.5 0.5 0.5 0.5 0.5 0.5 0.5 0.5 0.5 0.5 0.5 0.5 0.5 0.5 0.5 0.5 0.5 0.5 0.5 0.5 0.5 0.5 0.5 0.5 0.5 0.5 0.5 0.5 0.5 0.5 0.5 0.5 0.5 0.5 0.5 0.5 0.5 0.5 0.5 0.5 0.5 0.5 0.5 0.5 0.5 0.5 0.5 0.5 0.5 0.5 0.5 0.5 0.5 0.5 0.5 0.5 0.5 0.5 0.5 0.5 0.5 0.5 0.5 0.5 0.5 0.5 0.5 0.5 0.5 0.5 0.5 0.5 0.5 0.5 0.5 0.5 0.5 0.5 0.5 0.5 0.5 0.5 0.5 0.5 0.5 0.5 0.5 0.5 0.5 0.5 0.5 0.5 0.5 0.5 0.5 0.5 0.5 0.5 0.5 0.5 0.5 0.8 0.2 0.5 0.5 0.3 0.7 0.2 0.8 0.3 0.7 0.200217 0.799783 0.5 0.5 0.5 0.5 0.8 0.2 0.5 0.5 0.2 0.8 0.5 0.5 0.6 0.4 0.5 0.5 0.2 0.8 0.2 0.8 0.8 0.2 0.2 0.8 0.9 0.1 0.9 0.1 0.3 0.7 0.1 0.9 0.2 0.8 0.5 0.5 0.8 0.2 0.8 0.2 0.2 0.8 0.8 0.2 0.5 0.5 0.5 0.5 0.7 0.3 0.5 0.5 0.2 0.8 0.2 0.8 0.5 0.5 0.5 0.5 0.7 0.3 0.5 0.5 0.2 0.8 0.2 0.8 0.8 0.2 0.8 0.2 0.9 0.1 0.9 0.1 0.8 0.2 0.9 0.1 0.2 0.8 0.8 0.2 0.9 0.1 0.9 0.1 0.8 0.2 0.9 0.1 0.8 0.2 0.9 0.1 0.8 0.2 0.5 0.5 0.5 0.5 0.2 0.8 0.2 0.8 0.2 0.8 0.2 0.8 0.2 0.8 0.2 0.8 0.2 0.8 0.2 0.8 0.5 0.5 0.5 0.5 0.5 0.5 0.2 0.8 0.5 0.5 0.2 0.8 0.5 0.5 0.7 0.3 0.8 0.2 0.8 0.2 0.2 0.8 0.8 0.2 0.2 0.8 0.8 0.2 0.2 0.8 0.2 0.8 0.5 0.5 0.2 0.8 0.2 0.8 0.5 0.5 0.2 0.8 0.5 0.5 0.5 0.5 0.2 0.8 0.5 0.5 0.2 0.8 0.2 0.8 0.5 0.5 0.2 0.8 0.8 0.2 0.8 0.2 0.8 0.2 0.8 0.2 0.7 0.3 0.7 0.3 0.7 0.3 0.5 0.5 0.5 0.5 0.5 0.5 0.5 0.5 0.5 0.5 0.4 0.6 0.4 0.6 0.5 0.5 0.4 0.6 0.5 0.5 0.5 0.5 0.5 0.5 0.5 0.5 0.4 0.6 0.5 0.5 0.5 0.5 0.5 0.5 0.5 0.5 0.5 0.5 0.5 0.5 0.5 0.5 0.5 0.5 0.5 0.5 0.5 0.5 0.5 0.5 0.5 0.5 0.5 0.5 0.5 0.5 0.5 0.5 0.5 0.5 0.5 0.5 0.1 0.9 0.3 0.7 0.5 0.5 0.3 0.7 0.8 0.2 0.8 0.2 0.2 0.8 0.2 0.8 0.1 0.9 0.1 0.9 0.2 0.8 0.2 0.8 0.2 0.8 0.2 0.8 0.2 0.8 0.2 0.8 0.1 0.9 0.2 0.8 0.1 0.9 0.1 0.9 0.2 0.8 0.2 0.8 0.2 0.8 0.2 0.8 0.2 0.8 0.2 0.8 0.2 0.8 0.2 0.8 0.2 0.8 0.5 0.5 0.5 0.5 0.7 0.3 0.7 0.3 0.2 0.8 0.7 0.3 0.8 0.2 0.8 0.2 0.8 0.2 0.8 0.2 0.8 0.2 0.8 0.2 0.2 0.8 0.5 0.5 0.5 0.5 0.5 0.5 0.2 0.8 0.5 0.5 0.2 0.8 0.2 0.8 0.081386 0.304873 0.117354 0.496386 0.2 0.8 0.2 0.8 0.2 0.8 0.2 0.8 0.2 0.8 0.2 0.8 0.2 0.8 0.2 0.8 0.2 0.8 0.2 0.8 0.2 0.8 0.2 0.8 0.2 0.8 0.2 0.8 0.2 0.8 0.3 0.7 0.3 0.7 0.3 0.7 0.2 0.8 0.2 0.8 0.3 0.7 0.1 0.9 0.2 0.8 0.2 0.8 0.2 0.8 0.2 0.8 0.2 0.8 0.2 0.8 0.3 0.7 0.2 0.8 0.4 0.6 0.4 0.6 0.5 0.5 0.4 0.6 0.5 0.5 0.4 0.6 0.5 0.5 0.2 0.8 0.2 0.8 0.2 0.8 0.5 0.5 0.5 0.5 0.8 0.2 0.5 0.5 0.8 0.2 0.8 0.2 0.5 0.5 0.5 0.5 0.2 0.8 0.2 0.8 0.2 0.8 0.5 0.5 0.2 0.8 0.2 0.8 0.2 0.8 0.8 0.2 0.5 0.5 0.2 0.8 0.5 0.5 0.2 0.8 0.2 0.8 0.5 0.5 0.4 0.6 0.4 0.6 0.4 0.6 0.4 0.6 0.3 0.7 0.3 0.7 0.2 0.8 0.2 0.8 0.2 0.8 0.3 0.7 0.1 0.9 0.2 0.8 0.2 0.8 0.5 0.5 0.5 0.5 0.8 0.2 0.2 0.8 0.2 0.8 0.5 0.5 0.2 0.8 0.2 0.8 0.8 0.2 0.2 0.8 0.8 0.2 0.2 0.8 0.5 0.5 0.2 0.8 0.5 0.5 0.8 0.2 0.8 0.2 0.5 0.5 0.5 0.5 0.5 0.5 0.5 0.5 0.8 0.2 0.5 0.5 0.2 0.8 0.5 0.5 0.5 0.5 0.5 0.5 0.3 0.7 0.5 0.5 0.2 0.8 0.2 0.8 0.5 0.5 0.2 0.8 0.2 0.8 0.2 0.8 0.2 0.8 0.4 0.6 0.4 0.6 0.2 0.8 0.4 0.6 0.4 0.6 0.2 0.8 0.5 0.5 0.7 0.3 0.5 0.5 0.5 0.5 0.8 0.2 0.8 0.2 0.8 0.2 0.8 0.2 0.2 0.8 0.8 0.2 0.8 0.2 0.8 0.2 0.8 0.2 0.8 0.2 0.8 0.2 0.8 0.2 0.8 0.2 0.8 0.2 0.8 0.2 0.8 0.2 0.8 0.2 0.8 0.2 0.8 0.2 0.8 0.2 0.8 0.2 0.8 0.2 0.8 0.2 0.8 0.2 0.8 0.2 0.8 0.2 0.8 0.2 0.8 0.2 0.7 0.3 0.1 0.9 0.8 0.2 0.1 0.9 0.8 0.2 0.7 0.3 0.1 0.9 0.1 0.9 0.5 0.5 0.2 0.8 0.2 0.8 0.2 0.8 0.2 0.8 0.2 0.8 0.081386 0.304873 0.117354 0.496386 0.2 0.8 0.2 0.8 0.2 0.8 0.2 0.8 0.2 0.8 0.2 0.8 0.2 0.8 0.2 0.8 0.2 0.8 0.2 0.8 0.2 0.8 0.2 0.8 0.2 0.8 0.2 0.8 0.2 0.8 0.2 0.8 0.2 0.8 0.2 0.8 0.2 0.8 0.2 0.8 0.2 0.8 0.2 0.8 0.2 0.8 0.2 0.8 0.2 0.8 0.2 0.8 0.2 0.8 0.2 0.8 0.2 0.8 0.2 0.8 0.2 0.8 0.2 0.8 0.2 0.8 0.2 0.8 0.2 0.8 0.2 0.8 0.2 0.8 0.2 0.8 0.2 0.8 0.2 0.8 0.2 0.8 0.2 0.8 0.2 0.8 0.2 0.8 0.2 0.8 0.2 0.8 0.2 0.8 0.2 0.8 0.2 0.8 0.2 0.8 0.2 0.8 0.2 0.8 0.2 0.8 0.2 0.8 0.2 0.8 0.2 0.8 0.2 0.8 0.2 0.8 0.2 0.8 0.2 0.8 0.2 0.8 0.2 0.8 0.2 0.8 0.2 0.8 0.2 0.8 0.2 0.8 0.2 0.8 0.2 0.8 0.2 0.8 0.2 0.8 0.2 0.8 0.2 0.8 0.2 0.8 0.2 0.8 0.2 0.8 0.2 0.8 0.2 0.8 0.2 0.8 0.2 0.8 0.2 0.8 0.2 0.8 0.2 0.8 0.2 0.8 0.2 0.8 0.8 0.2 0.8 0.2 0.1 0.9 0.2 0.8 0.2 0.8 0.1 0.9 0.2 0.8 0.1 0.9 0.2 0.8 0.1 0.9 0.1 0.9 0.2 0.8 0.1 0.9 0.2 0.8 0.2 0.8 0.1 0.9 0.1 0.9 0.2 0.8 0.1 0.9 0.1 0.9 0.1 0.9 0.2 0.8 0.1 0.9 0.1 0.9 0.1 0.9 0.2 0.8 0.2 0.8 0.2 0.8 0.1 0.9 0.2 0.8 0.2 0.8 0.2 0.8 0.1 0.9 0.1 0.9 0.1 0.9 0.2 0.8 0.1 0.9 0.2 0.8 0.1 0.9 0.2 0.8 0.2 0.8 0.2 0.8 0.2 0.8 0.1 0.9 0.1 0.9 0.1 0.9 0.1 0.9 0.1 0.9 0.1 0.9 0.1 0.9 0.2 0.8 0.2 0.8 0.1 0.9 0.015864 0.072247 0.911888 0.001756 0.998243 0.5 0.5 0.5 0.5 0.5 0.5 0.5 0.5 0.5 0.5 0.5 0.5 0.5 0.5 0.5 0.5 0.5 0.5 0.5 0.5 0.5 0.5 0.5 0.5 0.5 0.5 0.5 0.5 0.5 0.5 0.5 0.5 0.5 0.5 0.5 0.5 0.5 0.5 0.5 0.5 0.5 0.5 0.5 0.5 0.5 0.5 0.5 0.5 0.5 0.5 0.5 0.5 0.5 0.5 0.5 0.5 0.5 0.5 0.5 0.5 0.5 0.5 0.5 0.5 0.5 0.5 0.5 0.5 0.5 0.5 0.5 0.5 0.5 0.5 0.5 0.5 0.5 0.5 0.5 0.5 0.5 0.5 0.5 0.5 0.5 0.5 0.5 0.5 0.5 0.5 0.5 0.5 0.5 0.5 0.5 0.5 0.5 0.5 0.5 0.5 0.5 0.5 0.5 0.5 0.5 0.5 0.5 0.5 0.5 0.5 0.5 0.5 0.5 0.5 0.5 0.5 0.5 0.5 0.5 0.5 0.5 0.5 0.5 0.5 0.5 0.5 0.5 0.5 0.5 0.5 0.5 0.5 0.5 0.5 0.5 0.5 0.5 0.5 0.5 0.5 0.5 0.5 0.5 0.5 0.5 0.5 0.5 0.5 0.5 0.5 0.5 0.5 0.5 0.5 0.5 0.5 0.5 0.5 0.5 0.5 0.5 0.5 0.5 0.5 0.5 0.5 0.5 0.5 0.5 0.5 0.3 0.7 0.2 0.8 0.3 0.7 0.5 0.5 0.5 0.5 0.8 0.2 0.5 0.5 0.2 0.8 0.5 0.5 0.6 0.4 0.5 0.5 0.2 0.8 0.2 0.8 0.5 0.5 0.7 0.3 0.5 0.5 0.5 0.5 0.9 0.1 0.3 0.7 0.2 0.8 0.5 0.5 0.8 0.2 0.5 0.5 0.5 0.5 0.5 0.5 0.2 0.8 0.2 0.8 0.5 0.5 0.5 0.5 0.7 0.3 0.5 0.5 0.2 0.8 0.2 0.8 0.8 0.2 0.8 0.2 0.9 0.1 0.9 0.1 0.2 0.8 0.8 0.2 0.9 0.1 0.9 0.1 0.8 0.2 0.9 0.1 0.8 0.2 0.5 0.5 0.2 0.8 0.2 0.8 0.2 0.8 0.2 0.8 0.2 0.8 0.2 0.8 0.5 0.5 0.5 0.5 0.5 0.5 0.2 0.8 0.5 0.5 0.2 0.8 0.5 0.5 0.7 0.3 0.8 0.2 0.8 0.2 0.2 0.8 0.8 0.2 0.2 0.8 0.5 0.5 0.2 0.8 0.8 0.2 0.2 0.8 0.5 0.5 0.2 0.8 0.5 0.5 0.5 0.5 0.2 0.8 0.5 0.5 0.2 0.8 0.2 0.8 0.2 0.8 0.8 0.2 0.8 0.2 0.7 0.3 0.7 0.3 0.5 0.5 0.5 0.5 0.5 0.5 0.4 0.6 0.5 0.5 0.4 0.6 0.5 0.5 0.5 0.5 0.5 0.5 0.5 0.5 0.4 0.6 0.5 0.5 0.5 0.5 0.5 0.5 0.5 0.5 0.5 0.5 0.5 0.5 0.5 0.5 0.5 0.5 0.5 0.5 0.5 0.5 0.5 0.5 0.5 0.5 0.5 0.5 0.5 0.5 0.5 0.5 0.3 0.7 0.5 0.5 0.1 0.9 0.5 0.5 0.8 0.2 0.5 0.5 0.5 0.5 0.5 0.5 0.2 0.8 0.5 0.5 0.2 0.8 0.5 0.5 0.2 0.8 0.2 0.8 0.2 0.8 0.304872 0.081387 0.117354 0.496387 0.2 0.8 0.2 0.8 0.2 0.8 0.2 0.8 0.2 0.8 0.2 0.8 0.2 0.8 0.2 0.8 0.2 0.8 0.2 0.8 0.2 0.8 0.2 0.8 0.2 0.8 0.2 0.8 0.5 0.5 0.2 0.8 0.7 0.3 0.7 0.3 0.8 0.2 0.8 0.2 0.8 0.2 0.8 0.2 0.8 0.2 0.5 0.5 0.5 0.5 0.8 0.2 0.2 0.8 0.2 0.8 0.5 0.5 0.2 0.8 0.2 0.8 0.8 0.2 0.2 0.8 0.8 0.2 0.2 0.8 0.5 0.5 0.2 0.8 0.5 0.5 0.8 0.2 0.8 0.2 0.5 0.5 0.5 0.5 0.5 0.5 0.2 0.8 0.7 0.3 0.1 0.9 0.7 0.3 0.1 0.9 0.8 0.2 0.8 0.2 0.8 0.2 0.1 0.9 0.5 0.5 0.8 0.2 0.5 0.5 0.3 0.7 0.5 0.5 0.2 0.8 0.2 0.8 0.5 0.5 0.2 0.8 0.2 0.8 0.4 0.6 0.4 0.6 0.2 0.8 0.2 0.8 0.4 0.6 0.4 0.6 0.2 0.8 0.5 0.5 0.8 0.2 0.5 0.5 0.5 0.5 0.2 0.8 0.2 0.8 0.8 0.2 0.8 0.2 0.8 0.2 0.8 0.2 0.8 0.2 0.2 0.8 0.8 0.2 0.8 0.2 0.8 0.2 0.8 0.2 0.8 0.2 0.8 0.2 0.8 0.2 0.8 0.2 0.8 0.2 0.8 0.2 0.8 0.2 0.8 0.2 0.8 0.2 0.8 0.2 0.8 0.2 0.8 0.2 0.8 0.2 0.8 0.2 0.8 0.2 0.8 0.2 0.8 0.2 0.8 0.2 0.8 0.2 0.5 0.5 0.2 0.8 0.2 0.8 0.2 0.8 0.2 0.8 0.2 0.8 0.304872 0.081387 0.117354 0.496387 0.2 0.8 0.2 0.8 0.2 0.8 0.2 0.8 0.2 0.8 0.2 0.8 0.2 0.8 0.2 0.8 0.2 0.8 0.2 0.8 0.2 0.8 0.2 0.8 0.2 0.8 0.2 0.8 0.2 0.8 0.2 0.8 0.2 0.8 0.2 0.8 0.2 0.8 0.2 0.8 0.2 0.8 0.2 0.8 0.2 0.8 0.2 0.8 0.2 0.8 0.2 0.8 0.2 0.8 0.2 0.8 0.2 0.8 0.2 0.8 0.2 0.8 0.2 0.8 0.2 0.8 0.2 0.8 0.2 0.8 0.2 0.8 0.2 0.8 0.2 0.8 0.2 0.8 0.2 0.8 0.2 0.8 0.2 0.8 0.2 0.8 0.2 0.8 0.2 0.8 0.2 0.8 0.2 0.8 0.2 0.8 0.2 0.8 0.2 0.8 0.2 0.8 0.2 0.8 0.2 0.8 0.2 0.8 0.2 0.8 0.2 0.8 0.2 0.8 0.2 0.8 0.2 0.8 0.2 0.8 0.2 0.8 0.2 0.8 0.2 0.8 0.2 0.8 0.2 0.8 0.2 0.8 0.2 0.8 0.2 0.8 0.2 0.8 0.2 0.8 0.2 0.8 0.2 0.8 0.2 0.8 0.2 0.8 0.2 0.8 0.2 0.8 0.2 0.8 0.2 0.8 0.2 0.8 0.2 0.8 0.2 0.8 0.2 0.8 0.2 0.8 0.2 0.8 0.8 0.2 0.8 0.2 0.1 0.9 0.2 0.8 0.1 0.9 0.2 0.8 0.1 0.9 0.2 0.8 0.1 0.9 0.1 0.9 0.2 0.8 0.1 0.9 0.1 0.9 0.1 0.9 0.2 0.8 0.2 0.8 0.1 0.9 0.1 0.9 0.2 0.8 0.1 0.9 0.1 0.9 0.1 0.9 0.1 0.9 0.1 0.9 0.1 0.9 0.2 0.8 0.1 0.9 0.1 0.9 0.2 0.8 0.1 0.9 0.1 0.9 0.1 0.9 0.2 0.8 0.2 0.8 0.1 0.9 0.2 0.8 0.1 0.9 0.2 0.8 0.2 0.8 0.2 0.8 0.1 0.9 0.1 0.9 0.1 0.9 0.2 0.8 0.2 0.8 0.2 0.8 0.1 0.9 0.2 0.8 0.2 0.8 0.1 0.9 0.1 0.9 0.1 0.9 0.1 0.9 0.1 0.9 0.2 0.8 0.5 0.5 0.015864 0.072247 0.911888 0.8 0.2 0.1 0.9 0.001756 0.998243</float_array>
          <technique_common>
            <accessor source="#Controller-weights-array" count="2715" stride="1">
              <param name="WEIGHT" type="float"/>
            </accessor>
          </technique_common>
        </source>
        <joints>
          <input semantic="JOINT" source="#Controller-joints"/>
          <input semantic="INV_BIND_MATRIX" source="#Controller-bind_poses"/>
        </joints>
        <vertex_weights count="3468">
          <input semantic="JOINT" source="#Controller-joints" offset="0"/>
          <input semantic="WEIGHT" source="#Controller-weights" offset="1"/>
          <vcount>1 1 1 1 1 1 1 1 1 1 1 1 1 1 1 1 1 1 1 1 1 1 1 1 1 1 1 1 1 1 1 1 1 1 1 1 1 1 1 1 1 1 1 1 1 1 1 1 1 1 1 1 1 1 1 1 1 1 1 1 1 1 1 1 1 1 1 1 1 1 1 1 1 1 1 1 1 1 1 1 1 1 1 1 1 1 1 1 1 1 1 1 1 1 1 1 1 1 1 1 1 1 1 1 1 1 1 1 1 1 1 1 1 1 1 1 1 1 1 1 1 1 1 1 1 1 1 1 1 1 1 1 1 1 1 1 1 1 1 1 1 1 1 1 1 1 1 1 1 1 1 1 1 2 2 1 1 1 1 1 2 1 1 1 1 1 2 1 1 2 2 2 1 2 2 1 1 1 2 2 1 2 1 1 1 1 1 1 1 2 2 2 1 2 1 1 1 1 2 1 2 1 1 1 1 1 2 2 1 2 2 1 1 2 1 1 2 1 1 1 1 2 2 2 1 1 1 1 1 2 1 2 2 2 2 2 1 1 1 2 1 2 2 1 1 1 2 2 1 1 1 1 1 2 1 1 1 1 1 1 1 1 1 1 1 1 1 1 1 1 1 1 1 1 1 1 1 1 1 1 1 1 1 1 1 1 1 1 1 1 1 1 1 1 1 1 1 1 1 1 1 1 1 1 1 1 1 1 1 1 1 1 1 1 1 1 1 1 1 2 1 1 2 1 2 1 1 2 1 1 2 2 1 2 1 1 1 1 1 1 1 1 1 1 1 1 1 1 1 1 1 1 1 1 1 1 1 1 2 3 1 2 1 1 1 1 1 2 1 1 2 2 2 1 2 2 2 1 1 1 2 2 1 2 2 1 1 1 1 2 2 1 1 2 1 1 1 2 1 2 2 1 1 2 1 2 2 1 2 2 1 1 1 2 2 2 2 1 1 2 2 1 2 1 2 2 2 1 1 1 1 1 1 1 1 1 1 1 1 2 1 2 1 1 1 2 1 1 1 1 1 1 1 1 1 2 2 2 1 2 1 1 2 1 1 1 1 1 1 1 1 1 1 1 1 1 2 1 2 1 2 1 2 1 1 1 1 2 2 2 2 1 2 2 1 2 2 1 2 2 1 1 2 1 2 1 2 1 2 2 2 1 1 2 2 1 1 1 1 1 1 1 1 1 1 1 1 1 1 1 1 1 1 1 1 1 1 1 1 1 1 1 1 1 1 1 1 1 1 1 1 1 1 1 1 1 1 1 1 1 1 1 1 1 1 1 1 1 1 1 1 1 1 1 1 1 1 1 1 1 1 1 1 1 1 1 1 1 1 1 1 1 1 1 1 1 1 1 1 1 1 1 1 1 1 1 1 1 1 1 1 1 1 1 1 1 1 1 1 1 1 1 1 1 1 1 1 1 1 1 1 1 1 1 1 1 1 1 1 1 1 1 1 1 1 1 1 1 2 2 1 2 1 2 1 1 2 1 1 1 1 1 1 1 1 1 1 1 2 1 1 2 1 2 2 1 2 1 1 1 1 1 2 1 2 2 1 1 1 1 1 1 1 1 1 1 1 1 1 1 1 1 1 1 1 1 1 1 1 1 1 1 1 1 1 1 1 1 1 1 1 1 1 1 1 1 1 1 1 1 1 1 1 1 1 1 1 1 1 1 1 1 1 1 1 1 1 1 1 1 1 1 1 1 1 1 1 1 1 1 1 1 1 1 1 1 1 1 1 1 1 1 1 1 1 1 1 1 1 1 1 1 1 1 1 1 1 1 1 1 1 1 1 1 1 1 1 1 1 1 1 1 1 1 1 1 1 1 1 1 1 1 1 1 1 1 1 1 1 1 1 1 1 1 1 1 1 1 1 1 1 1 1 1 1 1 1 1 1 1 1 1 1 1 1 1 1 1 1 1 1 1 1 1 1 1 1 1 1 1 1 1 1 1 1 1 1 1 1 1 1 1 1 1 1 1 1 1 1 1 1 1 1 2 1 1 1 1 1 1 1 1 1 2 2 1 2 1 2 1 2 1 1 1 1 1 1 1 1 1 1 1 1 1 1 1 1 1 1 1 1 1 1 1 1 1 1 1 1 1 1 1 1 1 1 1 1 1 1 1 1 1 1 1 1 1 1 1 1 1 1 2 1 2 1 1 1 2 1 1 1 1 1 1 2 2 2 1 1 1 1 1 1 1 1 1 1 1 1 1 1 1 1 1 1 1 1 1 1 1 1 1 1 1 2 1 1 1 1 1 1 1 1 1 1 1 1 1 1 1 1 1 1 1 1 1 1 1 1 1 2 1 1 2 1 2 2 2 1 1 1 1 2 2 2 1 1 1 1 1 1 1 1 1 1 1 1 1 1 1 1 1 1 3 1 2 1 2 1 1 1 1 1 1 1 1 1 1 1 1 1 1 1 1 1 1 1 1 1 1 1 1 2 1 2 1 2 1 1 1 1 1 1 1 1 1 1 1 1 1 1 1 1 1 1 1 1 1 1 1 1 1 1 1 1 1 1 1 1 1 1 1 1 2 2 1 1 1 2 1 1 1 1 1 1 1 1 1 1 1 1 1 1 1 1 1 1 1 1 1 1 1 1 1 1 1 1 2 2 1 2 1 2 1 2 1 1 2 2 1 2 1 1 2 2 2 2 1 2 1 2 2 1 1 2 2 1 1 1 1 1 1 1 1 1 1 1 2 1 1 1 1 1 1 1 1 1 1 1 1 1 1 1 1 1 1 1 1 1 1 1 1 1 1 1 1 1 1 1 1 1 1 1 1 1 1 1 1 1 1 1 1 1 1 1 1 1 1 1 1 1 1 1 1 1 2 1 2 1 1 1 2 1 1 1 1 1 1 1 1 1 1 1 1 1 1 1 1 1 1 1 1 1 1 1 1 1 1 1 1 1 1 1 1 1 1 1 1 1 1 1 1 1 1 1 1 1 1 1 1 1 1 1 1 1 1 1 1 1 1 1 1 1 1 1 1 1 1 1 1 1 1 1 1 1 1 1 1 1 1 1 1 1 1 1 1 1 1 1 1 1 1 1 1 1 1 1 1 1 1 1 1 1 1 1 1 1 1 1 1 1 1 1 1 1 1 1 1 1 1 1 1 1 1 1 1 1 1 1 1 1 1 1 1 1 1 1 1 1 1 1 1 1 1 1 1 1 1 1 1 1 1 1 1 1 1 1 1 1 1 2 2 1 1 1 1 1 2 1 1 2 1 1 1 1 1 2 2 2 1 1 2 1 2 1 2 1 2 1 1 1 1 1 1 2 2 1 2 2 1 1 1 2 1 2 1 1 1 2 1 1 1 2 1 2 1 2 2 1 1 2 2 1 1 1 1 1 1 2 2 2 1 1 1 1 1 2 2 1 2 2 2 1 2 1 1 1 1 2 2 2 2 1 1 2 1 2 2 2 1 2 1 1 1 1 1 1 1 1 1 1 1 1 1 1 1 1 1 1 1 1 1 1 1 1 1 1 1 1 1 1 1 1 1 1 1 1 1 1 1 1 1 1 1 1 1 1 1 1 1 1 1 1 1 1 1 1 1 1 1 1 1 1 1 1 1 1 1 1 2 2 1 1 1 2 1 2 1 1 1 1 1 1 2 2 2 1 1 1 1 1 1 1 1 1 1 1 1 1 1 1 1 1 1 1 1 1 1 1 1 3 2 1 2 2 1 2 1 1 2 1 1 2 2 2 1 2 1 1 1 2 1 1 2 1 1 1 1 1 1 1 1 1 1 1 2 1 1 2 2 2 1 1 1 1 1 1 1 1 1 1 1 1 1 2 2 1 1 1 2 2 1 1 1 1 1 1 1 1 1 1 1 1 1 1 1 2 1 2 2 1 2 2 1 2 1 2 1 1 1 1 2 1 2 2 2 1 2 1 1 1 1 1 1 1 1 1 2 2 1 1 1 2 1 1 2 1 1 1 2 2 2 1 2 1 2 2 2 1 2 2 2 1 2 2 2 2 2 2 1 2 2 1 1 1 1 1 1 1 1 1 1 1 1 1 1 1 1 1 1 1 1 1 1 1 1 1 1 1 1 1 1 1 1 1 1 1 1 1 1 1 1 1 1 1 1 1 1 1 1 1 1 1 1 1 1 1 1 1 1 1 1 1 1 1 1 1 1 1 1 1 1 1 1 1 1 1 1 1 1 1 1 1 1 1 1 1 1 1 1 1 1 1 1 1 1 1 1 1 1 1 1 1 1 1 1 1 1 1 1 1 1 1 1 1 1 1 1 1 1 1 1 1 1 1 1 1 1 1 1 1 1 1 1 1 1 1 1 1 1 1 1 1 1 1 1 1 1 1 1 1 1 1 1 1 1 1 1 1 1 1 1 1 1 1 1 1 1 1 1 1 1 1 1 1 1 1 1 1 1 1 1 1 1 1 1 1 1 1 1 1 1 1 1 1 2 1 1 1 1 1 1 1 1 1 1 1 1 1 1 1 1 1 1 1 1 1 1 1 1 1 1 1 1 1 1 1 1 1 1 1 1 1 1 1 1 1 1 1 1 1 1 1 1 1 1 1 1 1 1 1 1 1 1 1 1 1 1 1 1 1 1 1 1 1 1 1 1 1 1 1 1 1 1 1 1 1 1 1 1 1 1 1 1 1 1 1 1 1 1 1 1 1 1 1 1 1 1 1 1 1 1 1 1 1 1 1 2 1 1 1 1 1 1 1 1 1 2 2 1 2 1 2 1 1 2 1 1 1 1 1 1 1 1 1 1 1 1 1 1 1 1 1 1 1 1 1 1 1 1 1 1 1 1 1 1 1 1 1 1 1 1 1 1 1 1 1 1 2 1 2 1 1 1 1 1 1 1 1 1 1 2 2 1 1 1 1 1 1 1 1 1 1 1 1 1 1 1 1 1 1 1 1 1 1 1 1 1 1 1 1 1 1 1 1 1 1 1 1 1 1 1 1 1 1 1 1 1 1 1 1 1 1 1 1 1 1 1 2 1 1 1 2 2 2 1 1 1 1 2 1 1 1 2 2 1 1 1 1 1 1 1 1 1 1 1 1 3 1 2 2 1 1 1 1 1 1 1 1 1 1 1 1 1 1 1 1 1 1 1 1 1 1 1 1 1 1 1 1 1 1 1 1 1 1 1 1 1 1 1 1 1 1 1 1 1 1 1 1 1 1 1 1 1 1 1 1 1 2 1 1 2 1 1 1 1 1 1 1 1 1 1 1 1 1 1 1 1 1 1 1 1 1 1 1 1 1 1 1 1 1 1 1 2 1 1 1 2 2 2 1 1 2 2 1 2 2 2 1 2 2 1 2 1 2 1 2 1 1 1 1 1 1 1 1 1 1 1 2 2 1 1 1 1 1 1 1 1 1 1 1 1 1 1 1 1 1 1 1 1 1 1 1 1 1 1 1 1 1 1 1 1 1 1 1 1 1 1 1 1 1 1 1 1 1 1 1 1 1 1 1 1 1 1 1 2 1 1 1 1 2 2 2 2 2 2 2 2 2 2 2 2 2 2 2 2 2 2 2 2 2 2 2 2 2 2 2 2 2 2 2 2 2 2 2 2 2 2 2 2 2 2 2 2 2 2 2 2 2 2 2 2 2 2 2 2 2 2 2 2 2 2 2 2 2 2 2 2 2 2 2 2 2 2 2 2 2 2 2 2 2 2 2 2 2 2 2 2 2 2 2 2 2 2 2 2 2 2 2 2 2 2 2 2 2 2 2 2 2 2 2 2 2 2 2 2 2 2 2 2 2 2 2 2 2 2 2 2 2 2 2 2 2 2 2 2 2 2 2 2 2 2 2 2 2 2 2 2 2 2 2 2 2 2 2 2 2 2 2 2 2 2 2 2 2 2 2 2 2 2 2 2 2 2 2 2 2 2 2 2 2 2 2 2 2 2 2 2 2 2 2 2 2 2 2 2 2 2 2 2 2 2 2 2 2 2 2 2 2 2 2 2 2 2 2 2 2 2 2 2 2 2 2 2 2 2 2 2 2 2 2 2 2 2 2 2 2 2 2 2 2 2 2 2 2 2 2 2 2 2 2 2 2 2 2 2 2 2 2 2 2 2 2 2 2 4 2 2 2 2 2 2 2 2 2 2 2 2 2 2 2 2 2 2 2 2 2 2 2 2 2 2 2 2 2 2 2 2 2 2 2 2 2 2 2 2 2 2 2 2 2 2 2 2 2 2 2 2 2 2 2 2 2 2 2 2 2 2 2 2 2 2 2 2 2 2 2 2 2 2 2 2 2 2 2 2 2 2 2 2 2 2 2 2 2 2 2 2 2 2 2 2 2 2 2 2 2 2 2 2 2 2 2 2 2 2 2 2 2 2 2 2 2 2 2 2 2 2 2 2 2 2 2 2 2 2 2 2 1 2 2 2 2 2 2 2 2 2 2 2 2 2 2 2 2 2 2 2 2 2 2 2 2 2 2 2 2 2 2 2 4 2 2 2 2 2 2 2 2 2 2 2 2 2 2 2 2 2 2 2 2 2 2 2 2 2 2 2 2 2 2 2 2 2 2 2 2 2 2 2 2 2 2 2 2 2 2 2 2 2 2 2 2 2 2 2 2 2 2 2 2 2 2 2 2 2 2 2 2 2 2 2 2 2 2 2 2 2 2 2 2 2 2 2 2 2 2 2 2 2 2 2 2 2 2 2 2 2 2 2 2 2 2 2 2 2 2 2 2 2 2 2 2 2 2 2 2 2 2 2 2 2 2 2 2 2 2 2 2 2 2 2 2 2 2 2 2 2 1 3 2 2 2 2 2 2 2 2 2 2 2 2 2 2 2 2 2 2 2 2 2 2 2 2 2 2 2 2 2 2 2 2 2 2 2 2 2 2 2 2 2 2 2 2 2 2 2 2 2 2 2 2 2 2 2 2 2 2 2 2 2 2 2 2 2 2 2 2 2 2 2 2 2 2 2 2 2 2 2 2 2 2 2 2 2 2 2 2 2 2 2 2 2 2 2 2 2 2 2 2 2 2 2 2 2 2 2 2 2 2 2 2 2 2 2 2 2 2 2 2 2 2 2 2 2 2 2 2 2 2 2 2 2 2 2 2 2 2 2 2 2 2 2 2 2 2 2 2 2 2 2 2 2 2 2 2 2 2 2 2 2 2 2 2 2 2 2 2 2 2 2 2 2 2 2 2 2 2 2 2 2 2 2 2 2 2 2 2 2 2 2 2 2 2 2 2 2 2 2 2 2 2 2 2 2 2 2 2 4 2 2 2 2 2 2 2 2 2 2 2 2 2 2 2 2 2 2 2 2 2 2 2 2 2 2 2 2 2 2 2 2 2 2 2 2 2 2 2 2 2 2 2 2 2 2 2 2 2 2 2 2 2 2 2 2 2 2 2 2 2 2 2 2 2 2 2 2 2 2 2 2 2 2 2 2 2 2 2 2 2 2 2 2 2 2 2 2 2 2 2 2 2 2 2 2 1 2 2 2 2 2 2 2 2 2 2 2 2 2 2 4 2 2 2 2 2 2 2 2 2 2 2 2 2 2 2 2 2 2 2 2 2 2 2 2 2 2 2 2 2 2 2 2 2 2 2 2 2 2 2 2 2 2 2 2 2 2 2 2 2 2 2 2 2 2 2 2 2 2 2 2 2 2 2 2 2 2 2 2 2 2 2 2 2 2 2 2 2 2 2 2 2 2 2 2 2 2 2 2 2 2 2 2 2 2 2 2 2 2 2 2 2 2 2 2 2 2 2 2 2 2 2 2 2 2 2 2 2 2 2 2 2 1 1 2 2 2 2 2 2 2 2 2 2 2 2 2 2 2 2 2 2 2 1 3 2 2 2 </vcount>
          <v>18 0 18 0 18 0 18 0 18 0 18 0 18 0 18 0 18 0 18 0 15 0 15 0 15 0 15 0 15 0 15 0 15 0 15 0 15 0 15 0 15 0 15 0 15 0 15 0 15 0 15 0 15 0 15 0 15 0 15 0 15 0 15 0 15 0 15 0 15 0 15 0 15 0 15 0 15 0 15 0 15 0 15 0 15 0 15 0 15 0 15 0 15 0 15 0 15 0 15 0 15 0 15 0 15 0 15 0 15 0 15 0 15 0 15 0 15 0 15 0 15 0 15 0 15 0 15 0 15 0 15 0 15 0 15 0 15 0 15 0 15 0 15 0 15 0 15 0 15 0 15 0 15 0 15 0 15 0 15 0 15 0 15 0 15 0 15 0 15 0 15 0 15 0 15 0 15 0 15 0 15 0 15 0 15 0 15 0 15 0 15 0 15 0 15 0 15 0 15 0 15 0 15 0 15 0 15 0 15 0 15 0 15 0 15 0 15 0 15 0 15 0 15 0 15 0 15 0 15 0 15 0 15 0 15 0 15 0 15 0 15 0 15 0 15 0 15 0 15 0 15 0 15 0 15 0 15 0 15 0 15 0 15 0 15 0 15 0 15 0 15 0 15 0 15 0 15 0 15 0 15 0 15 0 15 0 15 0 15 0 15 0 15 0 15 0 15 0 15 0 15 0 15 0 15 0 16 1 15 2 16 3 15 4 15 0 15 0 15 0 15 0 15 0 16 5 15 6 15 0 15 0 15 0 15 0 15 0 16 7 15 8 15 0 15 0 16 9 15 10 16 11 15 12 16 13 15 14 15 0 16 15 15 16 16 17 15 18 15 0 15 0 15 0 16 19 15 20 16 21 15 22 15 0 16 23 15 24 15 0 15 0 15 0 15 0 15 0 16 0 16 0 16 25 15 26 16 27 15 28 16 29 15 30 16 0 16 31 15 32 16 0 16 0 16 0 16 0 16 33 15 34 16 0 16 35 15 36 16 0 16 0 16 0 16 0 16 0 17 37 16 38 17 39 16 40 16 0 17 41 16 42 17 43 16 44 16 0 17 0 17 45 16 46 17 0 17 0 17 47 16 48 17 0 17 0 17 0 17 0 17 49 16 50 17 51 16 52 17 53 16 54 17 0 17 0 17 0 17 0 17 0 17 55 10 56 17 0 17 57 10 58 17 59 10 60 17 61 10 62 17 63 10 64 17 65 10 66 17 0 17 0 17 0 17 67 16 68 17 0 17 69 10 70 17 71 10 72 17 0 17 0 17 0 17 73 10 74 17 75 16 76 16 0 16 0 16 0 16 0 16 0 16 77 15 78 15 0 15 0 15 0 15 0 15 0 15 0 15 0 15 0 15 0 15 0 15 0 15 0 15 0 15 0 15 0 15 0 15 0 15 0 15 0 15 0 15 0 15 0 15 0 15 0 15 0 15 0 15 0 15 0 15 0 15 0 15 0 15 0 15 0 15 0 15 0 15 0 15 0 15 0 15 0 15 0 15 0 15 0 15 0 15 0 15 0 15 0 15 0 15 0 15 0 15 0 15 0 15 0 15 0 15 0 15 0 15 0 15 0 15 0 15 0 15 0 15 0 15 0 15 0 15 0 15 0 16 79 15 80 15 0 15 0 16 81 15 82 15 0 16 83 15 84 16 0 16 0 16 85 15 86 16 0 16 0 17 87 16 88 17 89 16 90 16 0 16 91 15 92 15 0 15 0 15 0 15 0 15 0 15 0 15 0 15 0 15 0 15 0 15 0 15 0 15 0 15 0 15 0 15 0 15 0 15 0 15 0 15 0 15 0 15 0 15 0 17 0 17 93 10 94 17 95 10 96 9 97 10 0 17 98 10 99 10 0 10 0 10 0 10 0 10 0 10 100 9 101 10 0 10 0 10 102 18 103 10 104 18 105 10 106 18 107 11 0 6 108 11 109 8 110 11 111 8 112 11 113 11 0 11 0 11 0 20 114 11 115 20 116 11 117 11 0 6 118 11 119 6 120 11 121 11 0 11 0 11 0 11 0 6 122 11 123 6 124 11 125 11 0 11 0 20 126 11 127 11 0 11 0 11 0 2 128 11 129 11 0 2 130 11 131 2 132 11 133 11 0 11 0 2 134 11 135 11 0 2 136 11 137 10 138 9 139 11 0 6 140 11 141 6 142 11 143 23 0 23 0 23 0 22 144 23 145 22 146 23 147 22 148 23 149 22 150 23 151 23 0 23 0 22 152 23 153 22 154 23 155 6 0 7 156 6 157 6 0 6 158 11 159 6 160 11 161 6 162 11 163 7 0 7 0 7 0 7 0 7 0 7 0 5 0 5 0 5 0 5 0 5 0 5 0 7 164 6 165 5 0 5 166 7 167 7 0 7 0 7 0 7 168 6 169 5 0 5 0 5 0 5 0 5 0 5 0 5 0 5 0 5 0 5 170 7 171 5 172 7 173 5 174 7 175 5 0 5 176 7 177 5 0 5 0 5 178 7 179 5 0 5 0 5 0 5 0 5 0 5 0 5 0 5 0 5 0 5 0 5 0 5 0 5 0 4 180 5 181 5 0 4 182 5 183 5 0 4 184 5 185 5 0 4 186 5 187 5 0 5 0 5 0 5 0 5 188 7 189 5 190 7 191 5 192 7 193 5 194 7 195 7 0 7 196 6 197 7 198 6 199 6 0 6 200 11 201 7 202 6 203 6 0 6 204 11 205 7 206 6 207 7 0 7 0 7 208 6 209 6 0 6 210 11 211 7 0 7 212 6 213 7 0 5 214 7 215 5 216 7 217 5 218 7 219 17 0 15 0 16 220 15 221 16 222 15 223 4 0 4 0 4 0 4 0 4 0 4 0 4 0 4 0 4 0 4 0 4 0 4 0 4 0 4 0 4 0 4 0 4 0 4 0 4 0 4 0 4 0 4 0 4 0 4 0 4 0 4 0 4 0 4 0 4 0 4 0 4 0 4 0 4 0 4 0 4 0 4 0 4 0 4 0 4 0 4 0 4 0 4 0 4 0 4 0 4 0 4 0 4 0 4 0 4 0 4 0 4 0 4 0 4 0 4 0 4 0 4 0 4 0 4 0 4 0 4 0 4 0 4 0 4 0 4 0 4 0 4 0 4 0 4 0 4 0 4 0 4 0 4 0 4 0 4 0 4 0 4 0 4 0 4 0 4 0 4 0 4 0 4 0 4 0 4 0 4 0 4 0 4 0 4 0 4 0 4 0 4 0 4 0 4 0 4 0 4 0 4 0 4 0 4 0 4 0 4 0 4 0 4 0 4 0 4 0 4 0 4 0 4 0 4 0 4 0 4 0 4 0 4 0 4 0 4 0 4 0 4 0 4 0 4 0 4 0 4 0 4 0 4 0 4 0 4 0 4 0 4 0 4 0 4 0 4 0 4 0 4 0 4 0 4 0 4 224 5 225 4 226 5 227 4 0 4 228 5 229 4 0 4 230 5 231 4 0 4 0 4 232 5 233 4 0 4 0 4 0 4 0 4 0 4 0 4 0 4 0 4 0 4 0 4 0 4 234 5 235 4 0 4 0 4 236 5 237 4 0 4 238 5 239 4 240 5 241 4 0 4 242 5 243 4 0 4 0 4 0 4 0 4 0 4 244 5 245 4 0 4 246 5 247 4 248 5 249 4 0 4 0 4 0 4 0 4 0 4 0 4 0 4 0 4 0 4 0 4 0 4 0 4 0 4 0 4 0 4 0 4 0 4 0 4 0 4 0 4 0 4 0 4 0 4 0 4 0 4 0 4 0 4 0 4 0 4 0 4 0 4 0 4 0 4 0 4 0 4 0 4 0 4 0 4 0 4 0 4 0 4 0 4 0 4 0 4 0 4 0 4 0 4 0 4 0 4 0 4 0 4 0 4 0 4 0 4 0 4 0 4 0 4 0 4 0 4 0 4 0 4 0 4 0 4 0 4 0 4 0 4 0 4 0 4 0 4 0 4 0 4 0 4 0 4 0 4 0 4 0 4 0 4 0 4 0 18 0 18 0 18 0 18 0 18 0 18 0 18 0 18 0 18 0 18 0 18 0 18 0 18 0 18 0 18 0 18 0 18 0 18 0 18 0 18 0 18 0 18 0 18 0 18 0 18 0 18 0 18 0 18 0 18 0 18 0 18 0 18 0 18 0 18 0 18 0 18 0 18 0 18 0 18 0 18 0 18 0 18 0 18 0 18 0 18 0 18 0 18 0 18 0 18 0 18 0 18 0 18 0 18 0 18 0 18 0 18 0 18 0 18 0 18 0 18 0 18 0 18 0 18 0 18 0 18 0 18 0 18 0 18 0 18 0 18 0 18 0 18 0 18 0 18 0 18 0 18 0 18 0 18 0 18 0 18 0 18 0 18 0 18 0 18 0 18 0 18 0 18 0 18 0 18 0 18 0 18 0 18 0 18 0 18 0 18 0 18 0 18 0 18 0 18 0 18 0 18 0 18 0 18 0 18 0 18 0 18 0 18 0 18 0 18 0 18 0 18 0 18 0 18 0 18 0 18 0 18 0 18 0 18 0 24 250 18 251 24 0 18 0 24 0 24 0 24 0 24 0 24 0 24 0 24 0 10 252 18 253 10 254 18 255 24 0 24 256 18 257 24 0 24 258 18 259 24 0 24 260 18 261 24 0 24 0 18 0 18 0 24 0 24 0 24 0 24 0 24 0 24 0 24 0 24 0 24 0 24 0 24 0 24 0 24 0 24 0 24 0 24 0 24 0 24 0 24 0 24 0 24 0 24 0 24 0 24 0 24 0 24 0 24 0 24 0 24 0 24 0 24 0 24 0 24 0 24 0 24 0 24 0 24 0 24 0 24 0 24 0 24 0 24 0 24 0 24 0 24 0 18 0 10 262 18 263 18 0 10 264 18 265 18 0 18 0 18 0 10 266 18 267 18 0 18 0 18 0 18 0 18 0 18 0 10 268 18 269 10 270 18 271 10 272 18 273 18 0 18 0 18 0 18 0 18 0 18 0 18 0 18 0 18 0 18 0 18 0 18 0 18 0 18 0 18 0 18 0 18 0 18 0 18 0 18 0 18 0 18 0 18 0 18 0 18 0 18 0 18 0 10 274 18 275 18 0 18 0 18 0 18 0 18 0 18 0 18 0 18 0 18 0 18 0 18 0 18 0 18 0 18 0 18 0 18 0 18 0 18 0 18 0 18 0 18 0 18 0 18 0 18 0 18 0 10 276 18 277 18 0 18 0 10 278 18 279 18 0 10 280 18 281 10 282 18 283 10 284 18 285 18 0 18 0 18 0 18 0 10 286 18 287 10 288 18 289 10 290 18 291 18 0 18 0 18 0 18 0 18 0 18 0 18 0 18 0 18 0 18 0 18 0 18 0 18 0 18 0 18 0 18 0 18 0 18 0 24 292 10 293 18 294 18 0 24 295 18 296 24 0 24 297 18 298 24 0 24 0 24 0 24 0 24 0 24 0 24 0 24 0 24 0 24 0 24 0 24 0 24 0 18 0 18 0 18 0 18 0 18 0 18 0 18 0 18 0 18 0 18 0 18 0 10 299 18 300 18 0 10 301 18 302 18 0 10 303 18 304 18 0 18 0 18 0 18 0 18 0 18 0 18 0 18 0 18 0 18 0 18 0 18 0 18 0 18 0 18 0 18 0 18 0 18 0 18 0 18 0 18 0 24 0 24 0 24 0 24 0 24 0 24 0 24 0 24 0 24 0 24 0 24 0 24 0 24 0 18 0 18 0 10 305 18 306 10 307 18 308 18 0 18 0 18 0 10 309 18 310 18 0 18 0 18 0 18 0 18 0 24 0 24 0 24 0 24 0 24 0 24 0 24 0 24 0 24 0 24 0 24 0 24 0 24 0 18 0 18 0 18 0 18 0 18 0 18 0 18 0 24 0 24 0 18 0 10 311 18 312 10 313 18 314 18 0 10 315 18 316 18 0 10 317 18 318 18 0 10 319 18 320 18 0 18 0 10 321 18 322 10 323 18 324 18 0 10 325 18 326 18 0 18 0 10 327 18 328 10 329 18 330 10 331 18 332 10 333 18 334 18 0 10 335 18 336 18 0 10 337 18 338 10 339 18 340 18 0 18 0 10 341 18 342 10 343 18 344 18 0 18 0 18 0 18 0 18 0 18 0 18 0 18 0 18 0 18 0 18 0 10 345 18 346 18 0 18 0 18 0 18 0 18 0 18 0 18 0 18 0 18 0 18 0 18 0 18 0 18 0 18 0 18 0 18 0 18 0 18 0 18 0 18 0 18 0 18 0 18 0 18 0 18 0 18 0 18 0 18 0 18 0 18 0 18 0 18 0 18 0 18 0 18 0 18 0 18 0 18 0 18 0 18 0 18 0 18 0 18 0 18 0 18 0 18 0 18 0 18 0 24 0 24 0 24 0 24 0 24 0 24 0 24 0 18 0 24 0 24 347 18 348 24 0 24 349 18 350 24 0 24 0 24 0 24 351 18 352 24 0 24 0 24 0 24 0 24 0 18 0 18 0 18 0 18 0 18 0 18 0 18 0 18 0 18 0 18 0 12 0 12 0 12 0 12 0 12 0 12 0 12 0 12 0 12 0 12 0 12 0 12 0 12 0 12 0 12 0 12 0 12 0 12 0 12 0 12 0 12 0 12 0 12 0 12 0 12 0 12 0 12 0 12 0 12 0 12 0 12 0 12 0 12 0 12 0 12 0 12 0 12 0 12 0 12 0 12 0 12 0 12 0 12 0 12 0 12 0 12 0 12 0 12 0 12 0 12 0 12 0 12 0 12 0 12 0 12 0 12 0 12 0 12 0 12 0 12 0 12 0 12 0 12 0 12 0 12 0 12 0 12 0 12 0 12 0 12 0 12 0 12 0 12 0 12 0 12 0 12 0 12 0 12 0 12 0 12 0 12 0 12 0 12 0 12 0 12 0 12 0 12 0 12 0 12 0 12 0 12 0 12 0 12 0 12 0 12 0 12 0 12 0 12 0 12 0 12 0 12 0 12 0 12 0 12 0 12 0 12 0 12 0 12 0 12 0 12 0 12 0 12 0 12 0 12 0 12 0 12 0 12 0 12 0 12 0 12 0 12 0 12 0 12 0 12 0 12 0 12 0 12 0 12 0 12 0 12 0 12 0 12 0 12 0 12 0 12 0 12 0 12 0 12 0 12 0 12 0 12 0 12 0 12 0 13 353 12 354 13 355 12 356 12 0 12 0 12 0 12 0 12 0 13 357 12 358 12 0 12 0 13 359 12 360 12 0 12 0 12 0 12 0 12 0 13 361 12 362 13 363 12 364 13 365 12 366 12 0 12 0 13 367 12 368 12 0 13 369 12 370 12 0 13 371 12 372 12 0 13 373 12 374 12 0 12 0 12 0 12 0 12 0 13 0 13 375 12 376 13 377 12 378 13 0 13 379 12 380 13 381 12 382 13 0 13 0 13 0 13 383 12 384 13 0 13 385 12 386 13 0 13 0 13 0 13 387 12 388 13 0 13 0 13 0 14 389 13 390 13 0 14 391 13 392 13 0 14 393 13 394 14 395 13 396 13 0 14 0 14 397 13 398 14 399 13 400 14 0 14 0 14 0 14 0 14 0 14 0 14 401 13 402 14 403 13 404 14 405 13 406 14 0 14 0 14 0 14 0 14 0 14 407 10 408 14 409 10 410 14 0 14 411 10 412 14 413 10 414 14 415 10 416 14 0 14 417 10 418 14 0 14 0 14 0 14 0 14 419 10 420 14 421 10 422 14 423 10 424 14 425 10 426 14 0 14 0 14 427 13 428 14 0 14 429 10 430 14 431 13 432 14 433 13 434 13 0 14 435 13 436 13 0 13 0 13 0 13 0 13 0 12 0 12 0 12 0 12 0 12 0 12 0 12 0 12 0 12 0 12 0 12 0 12 0 12 0 12 0 12 0 12 0 12 0 12 0 12 0 12 0 12 0 12 0 12 0 12 0 12 0 12 0 12 0 12 0 12 0 12 0 12 0 12 0 12 0 12 0 12 0 12 0 12 0 12 0 12 0 12 0 12 0 12 0 12 0 12 0 12 0 12 0 12 0 12 0 12 0 12 0 12 0 12 0 12 0 12 0 12 0 12 0 12 0 12 0 12 0 12 0 12 0 12 0 12 0 13 437 12 438 13 439 12 440 12 0 12 0 12 0 13 441 12 442 12 0 13 443 12 444 13 0 13 0 13 0 13 0 13 0 13 0 14 445 13 446 14 447 13 448 14 449 13 450 12 0 12 0 12 0 12 0 12 0 12 0 12 0 12 0 12 0 12 0 12 0 12 0 12 0 12 0 12 0 12 0 12 0 12 0 12 0 12 0 12 0 12 0 12 0 14 0 14 451 10 452 9 453 14 454 10 455 10 0 14 456 10 457 10 458 18 459 10 0 14 460 10 461 10 0 10 0 10 462 9 463 10 0 10 0 10 464 9 465 10 466 18 467 10 468 18 469 11 0 8 470 11 471 11 0 2 0 2 0 3 472 2 473 3 0 3 0 3 474 2 475 3 0 3 0 3 0 3 0 1 0 1 0 1 0 1 0 1 0 1 0 1 0 1 476 3 477 3 0 3 0 3 478 2 479 3 480 2 481 3 482 2 483 3 0 1 0 1 0 1 0 1 0 1 0 1 0 1 0 1 0 1 0 1 0 1 0 1 0 1 484 3 485 1 486 3 487 1 0 1 0 1 0 1 488 3 489 1 490 3 491 1 0 1 0 1 0 1 0 1 0 1 0 1 0 1 0 1 0 1 0 1 0 1 0 1 0 1 0 1 0 0 492 1 493 1 0 0 494 1 495 0 496 1 497 0 0 0 498 1 499 0 500 1 501 0 0 0 502 1 503 0 0 0 504 1 505 0 0 0 0 0 0 0 0 0 506 1 507 0 0 0 508 1 509 0 510 1 511 0 512 1 513 0 0 0 514 1 515 0 0 0 0 0 0 0 0 0 0 0 0 0 0 0 0 0 0 0 516 1 517 0 518 1 519 0 0 0 0 0 0 0 520 1 521 0 0 2 0 3 522 2 523 3 0 3 0 2 0 2 524 11 525 3 526 2 527 1 528 3 529 3 0 1 530 3 531 3 0 3 532 2 533 1 534 3 535 1 536 3 537 2 0 3 538 2 539 2 540 11 541 3 542 2 543 3 0 1 544 3 545 1 546 3 547 1 548 3 549 1 550 3 551 13 552 12 553 13 554 12 555 12 0 13 556 12 557 13 558 12 559 0 0 0 0 0 0 0 0 0 0 0 0 0 0 0 0 0 0 0 0 0 0 0 0 0 0 0 0 0 0 0 0 0 0 0 0 0 0 0 0 0 0 0 0 0 0 0 0 0 0 0 0 0 0 0 0 0 0 0 0 0 0 0 0 0 0 0 0 0 0 0 0 0 0 0 0 0 0 0 0 0 0 0 0 0 0 0 0 0 0 0 0 0 0 0 0 0 0 0 0 0 0 0 0 0 0 0 0 0 0 0 0 0 0 0 0 0 0 0 0 0 0 0 0 0 0 0 0 0 0 0 0 0 0 0 0 0 0 0 0 0 0 0 0 0 0 0 0 0 0 0 0 0 0 0 0 0 0 0 0 0 0 0 0 0 0 0 0 0 0 0 0 0 0 0 0 0 0 0 0 0 0 0 0 0 0 0 0 0 0 0 0 0 0 0 0 0 0 0 0 0 0 0 0 0 0 0 0 0 0 0 0 0 0 0 0 0 0 0 0 0 0 0 0 0 0 0 0 0 0 0 0 0 0 0 0 0 0 0 0 0 0 0 0 0 0 0 0 0 0 0 0 0 0 0 0 0 0 0 0 0 0 0 0 0 0 0 0 0 0 0 0 0 0 0 0 0 0 0 0 0 0 0 0 0 0 0 0 0 0 0 0 0 0 0 0 0 0 0 0 0 0 0 0 0 0 0 0 0 0 0 0 0 0 0 0 0 0 0 0 0 0 0 0 0 0 0 0 0 0 0 0 0 0 0 0 0 0 0 0 0 0 0 0 0 0 0 0 0 0 0 0 0 0 0 0 0 0 0 0 0 0 0 0 0 0 0 0 0 0 0 0 0 0 0 0 0 0 0 0 0 0 0 0 0 0 0 560 1 561 0 0 0 0 0 0 0 0 0 0 0 0 0 0 0 0 0 0 0 0 0 0 0 0 0 0 0 0 0 0 0 0 0 0 0 0 0 0 0 0 0 0 0 0 1 0 18 0 18 0 18 0 18 0 18 0 18 0 18 0 18 0 18 0 18 0 18 0 18 0 18 0 18 0 18 0 18 0 18 0 18 0 18 0 18 0 18 0 18 0 18 0 18 0 18 0 18 0 18 0 18 0 18 0 18 0 18 0 18 0 18 0 18 0 18 0 18 0 18 0 18 0 18 0 18 0 18 0 18 0 18 0 18 0 18 0 18 0 18 0 18 0 18 0 18 0 18 0 18 0 18 0 18 0 18 0 18 0 18 0 18 0 18 0 18 0 18 0 18 0 18 0 18 0 18 0 18 0 18 0 18 0 18 0 18 0 18 0 18 0 18 0 18 0 18 0 18 0 18 0 18 0 18 0 18 0 18 0 18 0 18 0 18 0 18 0 18 0 18 0 18 0 24 562 18 563 24 0 18 0 24 0 24 0 24 0 24 0 24 0 24 0 24 0 10 564 18 565 10 566 18 567 24 0 24 568 18 569 24 0 24 570 18 571 24 0 24 0 24 572 18 573 24 0 18 0 18 0 24 0 24 0 24 0 24 0 24 0 24 0 24 0 24 0 24 0 24 0 24 0 24 0 24 0 24 0 24 0 24 0 24 0 24 0 24 0 24 0 24 0 24 0 24 0 24 0 24 0 24 0 24 0 24 0 24 0 24 0 24 0 24 0 24 0 24 0 24 0 24 0 24 0 18 0 18 0 10 574 18 575 18 0 10 576 18 577 18 0 18 0 18 0 18 0 18 0 18 0 18 0 18 0 18 0 18 0 10 578 18 579 10 580 18 581 18 0 18 0 18 0 18 0 18 0 18 0 18 0 18 0 18 0 18 0 18 0 18 0 18 0 18 0 18 0 18 0 18 0 18 0 18 0 18 0 18 0 18 0 18 0 18 0 18 0 18 0 18 0 18 0 18 0 18 0 18 0 18 0 18 0 18 0 18 0 18 0 18 0 18 0 18 0 18 0 18 0 18 0 18 0 18 0 18 0 18 0 18 0 18 0 18 0 18 0 18 0 18 0 18 0 18 0 18 0 10 582 18 583 18 0 18 0 18 0 10 584 18 585 10 586 18 587 10 588 18 589 18 0 18 0 18 0 18 0 10 590 18 591 18 0 18 0 18 0 10 592 18 593 10 594 18 595 18 0 18 0 18 0 18 0 18 0 18 0 18 0 18 0 18 0 18 0 18 0 18 0 24 596 10 597 18 598 18 0 24 599 18 600 24 601 18 602 24 0 24 0 24 0 24 0 24 0 24 0 24 0 24 0 24 0 24 0 24 0 18 0 18 0 18 0 18 0 18 0 18 0 18 0 18 0 18 0 18 0 18 0 18 0 18 0 18 0 18 0 18 0 18 0 18 0 18 0 18 0 18 0 18 0 18 0 18 0 18 0 18 0 18 0 18 0 18 0 18 0 24 0 24 0 24 0 24 0 24 0 24 0 24 0 24 0 24 0 24 0 24 0 24 0 24 0 18 0 18 0 18 0 10 603 18 604 18 0 18 0 10 605 18 606 18 0 18 0 18 0 24 0 24 0 24 0 24 0 24 0 24 0 24 0 24 0 24 0 24 0 24 0 24 0 24 0 18 0 18 0 18 0 18 0 18 0 18 0 18 0 18 0 18 0 18 0 18 0 18 0 18 0 18 0 18 0 10 607 18 608 18 0 18 0 18 0 10 609 18 610 10 611 18 612 10 613 18 614 18 0 18 0 10 615 18 616 10 617 18 618 18 0 10 619 18 620 10 621 18 622 10 623 18 624 18 0 10 625 18 626 10 627 18 628 18 0 10 629 18 630 18 0 10 631 18 632 18 0 10 633 18 634 18 0 18 0 18 0 18 0 18 0 18 0 18 0 18 0 18 0 18 0 18 0 10 635 18 636 10 637 18 638 18 0 18 0 18 0 18 0 18 0 18 0 18 0 18 0 18 0 18 0 18 0 18 0 18 0 18 0 18 0 18 0 18 0 18 0 18 0 18 0 18 0 18 0 18 0 18 0 18 0 18 0 18 0 18 0 18 0 18 0 18 0 18 0 18 0 18 0 18 0 18 0 18 0 18 0 18 0 18 0 18 0 18 0 18 0 18 0 18 0 18 0 24 0 24 0 24 0 24 0 24 0 24 0 18 0 24 0 24 0 24 639 18 640 24 0 24 0 24 0 24 0 10 641 9 642 10 643 9 644 10 645 9 646 10 647 9 648 10 649 9 650 10 651 9 652 10 653 9 654 10 655 9 656 10 657 9 658 10 659 9 660 10 661 9 662 10 663 9 664 10 665 9 666 10 667 9 668 10 669 9 670 10 671 9 672 10 673 9 674 10 675 9 676 10 677 9 678 10 679 9 680 10 681 9 682 10 683 9 684 10 685 9 686 10 687 9 688 10 689 9 690 10 691 9 692 10 693 9 694 10 695 9 696 10 697 9 698 10 699 9 700 10 701 9 702 10 703 9 704 10 705 9 706 10 707 9 708 10 709 9 710 10 711 9 712 10 713 9 714 10 715 9 716 10 717 9 718 10 719 9 720 10 721 9 722 10 723 9 724 10 725 9 726 10 727 9 728 10 729 9 730 10 731 9 732 10 733 9 734 10 735 9 736 10 737 9 738 10 739 9 740 10 741 9 742 10 743 9 744 10 745 9 746 10 747 9 748 10 749 9 750 10 751 9 752 10 753 9 754 10 755 9 756 10 757 9 758 10 759 9 760 10 761 9 762 10 763 9 764 10 765 9 766 10 767 9 768 10 769 9 770 10 771 9 772 10 773 9 774 10 775 9 776 10 777 9 778 10 779 9 780 10 781 9 782 10 783 9 784 10 785 9 786 10 787 9 788 10 789 9 790 10 791 9 792 10 793 9 794 10 795 9 796 10 797 9 798 10 799 9 800 10 801 9 802 10 803 9 804 10 805 9 806 10 807 9 808 16 809 15 810 16 811 15 812 17 813 16 814 17 815 16 816 17 817 16 818 17 819 16 820 17 821 16 822 17 823 16 824 17 825 16 826 17 827 10 828 17 829 16 830 17 831 16 832 17 833 10 834 17 835 10 836 17 837 10 838 17 839 10 840 17 841 10 842 17 843 10 844 17 845 16 846 17 847 16 848 17 849 16 850 17 851 16 852 17 853 16 854 16 855 15 856 17 857 16 858 16 859 15 860 16 861 15 862 16 863 15 864 17 865 10 866 10 867 9 868 10 869 9 870 17 871 10 872 10 873 9 874 10 875 9 876 10 877 9 878 10 879 9 880 10 881 9 882 17 883 10 884 8 885 9 886 8 887 9 888 8 889 9 890 8 891 9 892 8 893 11 894 8 895 11 896 8 897 9 898 8 899 11 900 8 901 9 902 8 903 9 904 8 905 11 906 8 907 11 908 8 909 9 910 8 911 11 912 8 913 9 914 8 915 11 916 8 917 9 918 8 919 9 920 8 921 9 922 8 923 9 924 8 925 9 926 8 927 9 928 10 929 9 930 10 931 9 932 10 933 9 934 10 935 9 936 10 937 9 938 10 939 9 940 17 941 10 942 17 943 10 944 17 945 10 946 17 947 10 948 17 949 10 950 10 951 9 952 10 953 9 954 10 955 9 956 10 957 9 958 17 959 10 960 10 961 18 962 17 963 10 964 10 965 18 966 10 967 18 968 10 969 18 970 10 971 18 972 10 973 18 974 10 975 18 976 10 977 18 978 10 979 18 980 10 981 18 982 10 983 18 984 10 985 18 986 10 987 18 988 10 989 18 990 10 991 18 992 10 993 18 994 10 995 18 996 10 997 18 998 10 999 18 1000 10 1001 9 1002 10 1003 9 1004 10 1005 9 1006 10 1007 9 1008 10 1009 9 1010 10 1011 9 1012 10 1013 9 1014 10 1015 9 1016 10 1017 9 1018 10 1019 9 1020 10 1021 9 1022 10 1023 9 1024 10 1025 9 1026 10 1027 9 1028 10 1029 9 1030 10 1031 9 1032 10 1033 9 1034 10 1035 9 1036 10 1037 9 1038 10 1039 9 1040 10 1041 9 1042 10 1043 9 1044 10 1045 9 1046 10 1047 9 1048 10 1049 9 1050 10 1051 9 1052 10 1053 9 1054 10 1055 9 1056 10 1057 9 1058 10 1059 9 1060 10 1061 9 1062 10 1063 9 1064 10 1065 9 1066 10 1067 9 1068 8 1069 11 1070 8 1071 11 1072 6 1073 11 1074 8 1075 11 1076 8 1077 11 1078 8 1079 11 1080 8 1081 11 1082 8 1083 11 1084 8 1085 11 1086 8 1087 11 1088 6 1089 11 1090 6 1091 11 1092 6 1093 11 1094 6 1095 11 1096 6 1097 11 1098 6 1099 11 1100 6 1101 11 1102 20 1103 11 1104 8 1105 11 1106 8 1107 11 1108 2 1109 11 1110 2 1111 11 1112 2 1113 11 1114 2 1115 11 1116 2 1117 11 1118 2 1119 11 1120 2 1121 11 1122 8 1123 9 1124 8 1125 9 1126 10 1127 9 1128 10 1129 9 1130 10 1131 9 1132 10 1133 9 1134 10 1135 9 1136 10 1137 9 1138 10 1139 9 1140 10 1141 9 1142 10 1143 9 1144 10 1145 9 1146 10 1147 9 1148 10 1149 9 1150 10 1151 9 1152 10 1153 9 1154 8 1155 11 1156 8 1157 11 1158 8 1159 11 1160 8 1161 11 1162 6 1163 11 1164 8 1165 11 1166 6 1167 11 1168 6 1169 11 1170 20 1171 6 1172 8 1173 11 1174 6 1175 11 1176 6 1177 11 1178 6 1179 11 1180 6 1181 11 1182 6 1183 11 1184 6 1185 11 1186 6 1187 11 1188 6 1189 11 1190 6 1191 11 1192 6 1193 11 1194 6 1195 11 1196 6 1197 11 1198 6 1199 11 1200 22 1201 23 1202 22 1203 23 1204 22 1205 23 1206 22 1207 23 1208 22 1209 23 1210 22 1211 23 1212 22 1213 23 1214 22 1215 23 1216 22 1217 23 1218 22 1219 23 1220 22 1221 23 1222 22 1223 23 1224 22 1225 23 1226 22 1227 23 1228 22 1229 23 1230 22 1231 23 1232 22 1233 23 1234 22 1235 23 1236 22 1237 23 1238 22 1239 23 1240 22 1241 23 1242 22 1243 23 1244 22 1245 23 1246 22 1247 23 1248 21 1249 22 1250 21 1251 22 1252 21 1253 22 1254 21 1255 22 1256 21 1257 22 1258 21 1259 20 1260 21 1261 22 1262 21 1263 20 1264 21 1265 20 1266 21 1267 20 1268 21 1269 20 1270 21 1271 20 1272 21 1273 20 1274 21 1275 20 1276 21 1277 20 1278 20 1279 11 1280 20 1281 11 1282 20 1283 11 1284 21 1285 20 1286 21 1287 20 1288 21 1289 20 1290 21 1291 22 1292 20 1293 11 1294 21 1295 22 1296 22 1297 23 1298 22 1299 23 1300 22 1301 23 1302 22 1303 23 1304 22 1305 23 1306 22 1307 23 1308 22 1309 23 1310 22 1311 23 1312 22 1313 23 1314 22 1315 23 1316 22 1317 23 1318 22 1319 23 1320 22 1321 23 1322 22 1323 23 1324 6 1325 11 1326 6 1327 11 1328 6 1329 11 1330 7 1331 6 1332 7 1333 6 1334 6 1335 11 1336 6 1337 11 1338 6 1339 11 1340 6 1341 11 1342 7 1343 6 1344 6 1345 11 1346 7 1347 6 1348 7 1349 6 1350 7 1351 6 1352 7 1353 6 1354 7 1355 6 1356 7 1357 6 1358 5 1359 7 1360 5 1361 7 1362 5 1363 7 1364 6 1365 11 1366 6 1367 11 1368 6 1369 11 1370 6 1371 11 1372 8 1373 11 1374 6 1375 11 1376 6 1377 11 1378 6 1379 11 1380 6 1381 11 1382 6 1383 11 1384 6 1385 11 1386 6 1387 11 1388 6 1389 11 1390 6 1391 11 1392 5 1393 7 1394 5 1395 7 1396 5 1397 7 1398 5 1399 7 1400 5 1401 7 1402 5 1403 7 1404 5 1405 7 1406 5 1407 7 1408 17 1409 10 1410 17 1411 10 1412 17 1413 10 1414 17 1415 10 1416 16 1417 15 1418 16 1419 15 1420 16 1421 15 1422 16 1423 15 1424 16 1425 15 1426 16 1427 15 1428 16 1429 15 1430 16 1431 15 1432 16 1433 15 1434 16 1435 15 1436 16 1437 15 1438 15 0 16 1439 15 1440 16 1441 15 1442 16 1443 15 1444 16 1445 15 1446 16 1447 15 1448 16 1449 15 1450 16 1451 15 1452 16 1453 15 1454 16 1455 15 1456 16 1457 15 1458 16 1459 15 1460 16 1461 15 1462 16 1463 15 1464 16 1465 15 1466 16 1467 15 1468 16 1469 15 1470 16 1471 15 1472 4 1473 5 1474 4 1475 5 1476 4 1477 5 1478 4 1479 5 1480 4 1481 5 1482 4 1483 5 1484 4 1485 5 1486 4 1487 5 1488 5 1489 7 1490 6 1491 11 1492 6 1493 11 1494 6 1495 11 1496 6 1497 11 1498 6 1499 11 1500 20 1501 6 1502 8 1503 11 1504 6 1505 11 1506 6 1507 11 1508 6 1509 11 1510 6 1511 11 1512 6 1513 11 1514 6 1515 11 1516 6 1517 11 1518 6 1519 11 1520 6 1521 11 1522 6 1523 11 1524 6 1525 11 1526 6 1527 11 1528 6 1529 11 1530 6 1531 11 1532 6 1533 11 1534 6 1535 11 1536 6 1537 11 1538 6 1539 11 1540 6 1541 11 1542 6 1543 11 1544 6 1545 11 1546 6 1547 11 1548 6 1549 11 1550 6 1551 11 1552 6 1553 11 1554 6 1555 11 1556 6 1557 11 1558 6 1559 11 1560 6 1561 11 1562 6 1563 11 1564 6 1565 11 1566 6 1567 11 1568 6 1569 11 1570 6 1571 11 1572 6 1573 11 1574 6 1575 11 1576 6 1577 11 1578 6 1579 11 1580 6 1581 11 1582 6 1583 11 1584 6 1585 11 1586 6 1587 11 1588 6 1589 11 1590 6 1591 11 1592 6 1593 11 1594 6 1595 11 1596 6 1597 11 1598 6 1599 11 1600 6 1601 11 1602 6 1603 11 1604 6 1605 11 1606 6 1607 11 1608 6 1609 11 1610 6 1611 11 1612 6 1613 11 1614 6 1615 11 1616 6 1617 11 1618 6 1619 11 1620 6 1621 11 1622 6 1623 11 1624 6 1625 11 1626 6 1627 11 1628 6 1629 11 1630 6 1631 11 1632 6 1633 11 1634 6 1635 11 1636 6 1637 11 1638 6 1639 11 1640 6 1641 11 1642 6 1643 11 1644 6 1645 11 1646 6 1647 11 1648 6 1649 11 1650 6 1651 11 1652 6 1653 11 1654 6 1655 11 1656 6 1657 11 1658 6 1659 11 1660 6 1661 11 1662 6 1663 11 1664 6 1665 11 1666 6 1667 11 1668 6 1669 11 1670 6 1671 11 1672 10 1673 18 1674 10 1675 18 1676 10 1677 18 1678 10 1679 18 1680 10 1681 18 1682 10 1683 18 1684 10 1685 18 1686 10 1687 18 1688 10 1689 18 1690 10 1691 18 1692 10 1693 18 1694 10 1695 18 1696 10 1697 18 1698 10 1699 18 1700 10 1701 18 1702 10 1703 18 1704 10 1705 18 1706 10 1707 18 1708 10 1709 18 1710 10 1711 18 1712 10 1713 18 1714 10 1715 18 1716 10 1717 18 1718 10 1719 18 1720 10 1721 18 1722 10 1723 18 1724 10 1725 18 1726 10 1727 18 1728 10 1729 18 1730 10 1731 18 1732 10 1733 18 1734 10 1735 18 1736 10 1737 18 1738 10 1739 18 1740 10 1741 18 1742 10 1743 18 1744 10 1745 18 1746 10 1747 18 1748 10 1749 18 1750 10 1751 18 1752 10 1753 18 1754 10 1755 18 1756 10 1757 18 1758 10 1759 18 1760 10 1761 18 1762 10 1763 18 1764 10 1765 18 1766 10 1767 18 1768 10 1769 18 1770 10 1771 18 1772 10 1773 18 1774 10 1775 18 1776 10 1777 18 1778 18 0 24 1779 10 1780 18 1781 10 1782 18 1783 10 1784 9 1785 10 1786 9 1787 10 1788 9 1789 10 1790 9 1791 10 1792 9 1793 10 1794 9 1795 10 1796 9 1797 10 1798 9 1799 10 1800 9 1801 10 1802 9 1803 10 1804 9 1805 10 1806 9 1807 10 1808 9 1809 10 1810 9 1811 10 1812 9 1813 10 1814 9 1815 10 1816 9 1817 10 1818 9 1819 10 1820 9 1821 10 1822 9 1823 10 1824 9 1825 10 1826 9 1827 10 1828 9 1829 10 1830 9 1831 10 1832 9 1833 10 1834 9 1835 10 1836 9 1837 10 1838 9 1839 10 1840 9 1841 10 1842 9 1843 10 1844 9 1845 10 1846 9 1847 10 1848 9 1849 10 1850 9 1851 10 1852 9 1853 10 1854 9 1855 10 1856 9 1857 10 1858 9 1859 10 1860 9 1861 10 1862 9 1863 10 1864 9 1865 10 1866 9 1867 10 1868 9 1869 10 1870 9 1871 10 1872 9 1873 10 1874 9 1875 10 1876 9 1877 10 1878 9 1879 10 1880 9 1881 10 1882 9 1883 10 1884 9 1885 10 1886 9 1887 10 1888 9 1889 10 1890 9 1891 10 1892 9 1893 10 1894 9 1895 10 1896 9 1897 10 1898 9 1899 10 1900 9 1901 10 1902 9 1903 10 1904 9 1905 10 1906 9 1907 10 1908 9 1909 10 1910 9 1911 10 1912 9 1913 10 1914 9 1915 10 1916 9 1917 10 1918 9 1919 10 1920 9 1921 10 1922 9 1923 10 1924 9 1925 10 1926 9 1927 10 1928 9 1929 10 1930 9 1931 10 1932 9 1933 10 1934 9 1935 10 1936 9 1937 10 1938 9 1939 10 1940 9 1941 10 1942 9 1943 10 1944 9 1945 10 1946 9 1947 10 1948 9 1949 10 1950 9 1951 13 1952 12 1953 14 1954 13 1955 14 1956 13 1957 14 1958 13 1959 14 1960 13 1961 14 1962 13 1963 14 1964 13 1965 14 1966 10 1967 14 1968 13 1969 14 1970 13 1971 14 1972 10 1973 14 1974 10 1975 14 1976 10 1977 14 1978 10 1979 14 1980 10 1981 14 1982 10 1983 14 1984 10 1985 14 1986 10 1987 14 1988 13 1989 14 1990 13 1991 14 1992 13 1993 13 1994 12 1995 14 1996 13 1997 14 1998 10 1999 10 2000 9 2001 14 2002 10 2003 10 2004 9 2005 10 2006 9 2007 10 2008 9 2009 10 2010 9 2011 10 2012 9 2013 14 2014 10 2015 8 2016 9 2017 8 2018 9 2019 8 2020 9 2021 8 2022 9 2023 8 2024 11 2025 8 2026 11 2027 8 2028 9 2029 8 2030 9 2031 8 2032 11 2033 8 2034 11 2035 8 2036 9 2037 8 2038 11 2039 8 2040 9 2041 8 2042 9 2043 8 2044 9 2045 8 2046 9 2047 10 2048 9 2049 10 2050 9 2051 10 2052 9 2053 10 2054 9 2055 10 2056 9 2057 14 2058 10 2059 14 2060 10 2061 14 2062 10 2063 14 2064 10 2065 14 2066 10 2067 10 2068 9 2069 10 2070 9 2071 10 2072 9 2073 10 2074 9 2075 14 2076 10 2077 10 2078 9 2079 10 2080 18 2081 10 2082 18 2083 10 2084 18 2085 10 2086 18 2087 10 2088 18 2089 10 2090 18 2091 10 2092 18 2093 10 2094 18 2095 10 2096 18 2097 10 2098 18 2099 10 2100 18 2101 10 2102 18 2103 10 2104 18 2105 10 2106 18 2107 10 2108 18 2109 10 2110 9 2111 10 2112 9 2113 10 2114 9 2115 10 2116 9 2117 10 2118 9 2119 10 2120 9 2121 10 2122 9 2123 10 2124 9 2125 10 2126 9 2127 10 2128 9 2129 10 2130 9 2131 10 2132 9 2133 10 2134 9 2135 10 2136 9 2137 10 2138 9 2139 10 2140 9 2141 10 2142 9 2143 10 2144 9 2145 10 2146 9 2147 10 2148 9 2149 10 2150 9 2151 10 2152 9 2153 10 2154 9 2155 10 2156 9 2157 10 2158 9 2159 10 2160 9 2161 10 2162 9 2163 10 2164 9 2165 10 2166 9 2167 8 2168 11 2169 8 2170 11 2171 2 2172 11 2173 8 2174 11 2175 8 2176 11 2177 8 2178 11 2179 8 2180 11 2181 8 2182 11 2183 8 2184 11 2185 2 2186 11 2187 2 2188 11 2189 2 2190 11 2191 2 2192 11 2193 2 2194 11 2195 2 2196 11 2197 2 2198 20 2199 8 2200 11 2201 2 2202 11 2203 2 2204 11 2205 2 2206 11 2207 2 2208 11 2209 2 2210 11 2211 2 2212 11 2213 2 2214 11 2215 2 2216 11 2217 2 2218 11 2219 2 2220 11 2221 2 2222 11 2223 2 2224 11 2225 8 2226 9 2227 10 2228 9 2229 10 2230 9 2231 10 2232 9 2233 10 2234 9 2235 10 2236 9 2237 10 2238 9 2239 10 2240 9 2241 2 2242 11 2243 2 2244 11 2245 2 2246 11 2247 2 2248 11 2249 2 2250 11 2251 2 2252 11 2253 3 2254 2 2255 3 2256 2 2257 2 2258 11 2259 2 2260 11 2261 2 2262 11 2263 2 2264 11 2265 3 2266 2 2267 2 2268 11 2269 3 2270 2 2271 3 2272 2 2273 3 2274 2 2275 3 2276 2 2277 3 2278 2 2279 1 2280 3 2281 1 2282 3 2283 1 2284 3 2285 1 2286 3 2287 0 2288 1 2289 0 2290 1 2291 0 2292 1 2293 0 2294 1 2295 0 2296 1 2297 0 2298 1 2299 0 2300 1 2301 0 2302 1 2303 0 2304 1 2305 2 2306 11 2307 2 2308 11 2309 2 2310 11 2311 2 2312 11 2313 2 2314 11 2315 2 2316 11 2317 2 2318 11 2319 2 2320 11 2321 2 2322 11 2323 2 2324 11 2325 1 2326 3 2327 1 2328 3 2329 1 2330 3 2331 1 2332 3 2333 1 2334 3 2335 1 2336 3 2337 1 2338 3 2339 2 2340 11 2341 2 2342 11 2343 2 2344 11 2345 8 2346 11 2347 2 2348 11 2349 13 2350 12 2351 13 2352 12 2353 13 2354 12 2355 13 2356 12 2357 13 2358 12 2359 13 2360 12 2361 13 2362 12 2363 13 2364 12 2365 13 2366 12 2367 13 2368 12 2369 13 2370 12 2371 13 2372 12 2373 13 2374 12 2375 13 2376 12 2377 13 2378 12 2379 13 2380 12 2381 13 2382 12 2383 13 2384 12 2385 13 2386 12 2387 13 2388 12 2389 13 2390 12 2391 13 2392 12 2393 12 0 13 2394 12 2395 13 2396 12 2397 13 2398 12 2399 13 2400 12 2401 13 2402 12 2403 13 2404 12 2405 13 2406 12 2407 13 2408 12 2409 1 2410 3 2411 2 2412 11 2413 2 2414 11 2415 2 2416 11 2417 2 2418 11 2419 2 2420 11 2421 2 2422 20 2423 8 2424 11 2425 2 2426 11 2427 2 2428 11 2429 2 2430 11 2431 2 2432 11 2433 2 2434 11 2435 2 2436 11 2437 2 2438 11 2439 2 2440 11 2441 2 2442 11 2443 2 2444 11 2445 2 2446 11 2447 2 2448 11 2449 2 2450 11 2451 2 2452 11 2453 2 2454 11 2455 2 2456 11 2457 2 2458 11 2459 2 2460 11 2461 2 2462 11 2463 2 2464 11 2465 2 2466 11 2467 2 2468 11 2469 2 2470 11 2471 2 2472 11 2473 2 2474 11 2475 2 2476 11 2477 2 2478 11 2479 2 2480 11 2481 2 2482 11 2483 2 2484 11 2485 2 2486 11 2487 2 2488 11 2489 2 2490 11 2491 2 2492 11 2493 2 2494 11 2495 2 2496 11 2497 2 2498 11 2499 2 2500 11 2501 2 2502 11 2503 2 2504 11 2505 2 2506 11 2507 2 2508 11 2509 2 2510 11 2511 2 2512 11 2513 2 2514 11 2515 2 2516 11 2517 2 2518 11 2519 2 2520 11 2521 2 2522 11 2523 2 2524 11 2525 2 2526 11 2527 2 2528 11 2529 2 2530 11 2531 2 2532 11 2533 2 2534 11 2535 2 2536 11 2537 2 2538 11 2539 2 2540 11 2541 2 2542 11 2543 2 2544 11 2545 2 2546 11 2547 2 2548 11 2549 2 2550 11 2551 2 2552 11 2553 2 2554 11 2555 2 2556 11 2557 2 2558 11 2559 2 2560 11 2561 2 2562 11 2563 2 2564 11 2565 2 2566 11 2567 2 2568 11 2569 2 2570 11 2571 2 2572 11 2573 2 2574 11 2575 2 2576 11 2577 2 2578 11 2579 2 2580 11 2581 2 2582 11 2583 2 2584 11 2585 2 2586 11 2587 2 2588 11 2589 2 2590 11 2591 2 2592 11 2593 10 2594 18 2595 10 2596 18 2597 10 2598 18 2599 10 2600 18 2601 10 2602 18 2603 10 2604 18 2605 10 2606 18 2607 10 2608 18 2609 10 2610 18 2611 10 2612 18 2613 10 2614 18 2615 10 2616 18 2617 10 2618 18 2619 10 2620 18 2621 10 2622 18 2623 10 2624 18 2625 10 2626 18 2627 10 2628 18 2629 10 2630 18 2631 10 2632 18 2633 10 2634 18 2635 10 2636 18 2637 10 2638 18 2639 10 2640 18 2641 10 2642 18 2643 10 2644 18 2645 10 2646 18 2647 10 2648 18 2649 10 2650 18 2651 10 2652 18 2653 10 2654 18 2655 10 2656 18 2657 10 2658 18 2659 10 2660 18 2661 10 2662 18 2663 10 2664 18 2665 10 2666 18 2667 18 0 18 0 10 2668 18 2669 10 2670 18 2671 10 2672 18 2673 10 2674 18 2675 10 2676 18 2677 10 2678 18 2679 10 2680 18 2681 10 2682 18 2683 10 2684 18 2685 10 2686 18 2687 10 2688 18 2689 10 2690 18 2691 10 2692 18 2693 10 2694 18 2695 10 2696 18 2697 10 2698 18 2699 10 2700 18 2701 10 2702 18 2703 24 2704 18 2705 18 0 24 2706 10 2707 18 2708 10 2709 9 2710 10 2711 18 2712 10 2713 18 2714</v>
        </vertex_weights>
      </skin>
      <extra>
        <technique profile="FCOLLADA">
          <user_properties>SkinController</user_properties>
        </technique>
      </extra>
    </controller>
  </library_controllers>
  <library_visual_scenes>
    <visual_scene id="VisualSceneNode" name="rdmscene">
      <node id="VisualSceneNode1" name="chr012" sid="chr012" type="JOINT">
        <matrix>1 0 0 0 0 1 0 0 0 0 1 0 0 0 0 1</matrix>
        <node id="VisualSceneNode2" name="GRP_joint" sid="GRP_joint" type="JOINT">
          <matrix>0.393701 0 0 0 0 0.393701 0 0 0 0 0.393701 0 0 0 0 1</matrix>
          <node id="VisualSceneNode3" name="J_root" sid="J_root" type="JOINT">
            <matrix>1 0 0 0 0 1 0 0 0 0 1 0 0 0 0 1</matrix>
            <node id="VisualSceneNode4" name="J_center" sid="J_center" type="JOINT">
              <matrix>1 0 0 0 0 1 0 2.39111 0 0 1 -1.01843 0 0 0 1</matrix>
              <node id="VisualSceneNode5" name="J_B_L_leg" sid="J_B_L_leg" type="JOINT">
                <matrix>1 -0.000000 0.000000 0.514572 0.000000 1 -0.000000 -0.151711 -0.000000 0.000000 1 -0.130424 0 0 0 1</matrix>
                <node id="VisualSceneNode6" name="J_B_L_leg1" sid="J_B_L_leg1" type="JOINT">
                  <matrix>1 -0.000000 0 0.033723 0.000000 1 -0.000004 -0.592193 0 0.000004 1 -0.118653 0 0 0 1</matrix>
                  <node id="VisualSceneNode7" name="J_B_L_knee" sid="J_B_L_knee" type="JOINT">
                    <matrix>1 0.000000 0 0.030342 -0.000000 1 0.000007 -0.446171 0 -0.000007 1 -0.52871 0 0 0 1</matrix>
                    <node id="VisualSceneNode8" name="J_B_L_foot" sid="J_B_L_foot" type="JOINT">
                      <matrix>1 0 0 -0.006676 0 1 0 -0.887556 0 0 1 -0.043583 0 0 0 1</matrix>
                    </node>
                  </node>
                </node>
              </node>
              <node id="VisualSceneNode9" name="J_B_R_leg" sid="J_B_R_leg" type="JOINT">
                <matrix>1 0 0 -0.51457 0 1 0 -0.151711 0 0 1 -0.130423 0 0 0 1</matrix>
                <node id="VisualSceneNode10" name="J_B_R_leg1" sid="J_B_R_leg1" type="JOINT">
                  <matrix>1 0 0 -0.033724 0 1 0 -0.592192 0 0 1 -0.118654 0 0 0 1</matrix>
                  <node id="VisualSceneNode11" name="J_B_R_knee" sid="J_B_R_knee" type="JOINT">
                    <matrix>1 0 0 -0.030342 0 1 0 -0.446172 0 0 1 -0.528711 0 0 0 1</matrix>
                    <node id="VisualSceneNode12" name="J_B_R_foot" sid="J_B_R_foot" type="JOINT">
                      <matrix>1 0 0 0.006676 0 1 0 -0.887555 0 0 1 -0.043582 0 0 0 1</matrix>
                    </node>
                  </node>
                </node>
              </node>
              <node id="VisualSceneNode13" name="J_body" sid="J_body" type="JOINT">
                <matrix>1 0 0 0 0 1 0 -0.019267 0 0 1 0.340195 0 0 0 1</matrix>
                <node id="VisualSceneNode14" name="J_body1" sid="J_body1" type="JOINT">
                  <matrix>1 0 0 0 0 1 0 -0.007523 0 0 1 0.865165 0 0 0 1</matrix>
                  <node id="VisualSceneNode15" name="J_body2" sid="J_body2" type="JOINT">
                    <matrix>1 0 0 0 0 1 0 0.173033 0 0 1 1.18114 0 0 0 1</matrix>
                    <node id="VisualSceneNode16" name="J_F_L_leg" sid="J_F_L_leg" type="JOINT">
                      <matrix>1 0 0 0.64968 0 1 0 -0.207834 0 0 1 0.023348 0 0 0 1</matrix>
                      <node id="VisualSceneNode17" name="J_F_L_knee" sid="J_F_L_knee" type="JOINT">
                        <matrix>1 0 0 0.086057 0 1 0 -0.998833 0 0 1 -0.408679 0 0 0 1</matrix>
                        <node id="VisualSceneNode18" name="J_F_L_foot" sid="J_F_L_foot" type="JOINT">
                          <matrix>1 0 0 -0.03568 0 1 0 -0.959698 0 0 1 0.041734 0 0 0 1</matrix>
                        </node>
                      </node>
                    </node>
                    <node id="VisualSceneNode19" name="J_F_R_leg" sid="J_F_R_leg" type="JOINT">
                      <matrix>1 0 0 -0.64968 0 1 0 -0.207834 0 0 1 0.023347 0 0 0 1</matrix>
                      <node id="VisualSceneNode20" name="J_F_R_knee" sid="J_F_R_knee" type="JOINT">
                        <matrix>1 0 0 -0.086058 0 1 0 -0.998833 0 0 1 -0.408678 0 0 0 1</matrix>
                        <node id="VisualSceneNode21" name="J_F_R_foot" sid="J_F_R_foot" type="JOINT">
                          <matrix>1 0 0 0.03568 0 1 0 -0.959697 0 0 1 0.041734 0 0 0 1</matrix>
                        </node>
                      </node>
                    </node>
                    <node id="VisualSceneNode22" name="J_head" sid="J_head" type="JOINT">
                      <matrix>1 0 0 0 0 1 0 0.065898 0 0 1 0.797275 0 0 0 1</matrix>
                      <node id="VisualSceneNode23" name="J_tooth" sid="J_tooth" type="JOINT">
                        <matrix>1 0 0 0 0 0.976074 -0.217441 -0.080944 0 0.217441 0.976074 0.609558 0 0 0 1</matrix>
                      </node>
                    </node>
                  </node>
                </node>
              </node>
              <node id="VisualSceneNode24" name="J_tail" sid="J_tail" type="JOINT">
                <matrix>1 0 0 0 0 1 0 0.246059 0 0 1 -0.437841 0 0 0 1</matrix>
                <node id="VisualSceneNode25" name="J_tail1" sid="J_tail1" type="JOINT">
                  <matrix>1 0 0 0 0 1 0 0.042593 0 0 1 -1.03507 0 0 0 1</matrix>
                  <node id="VisualSceneNode26" name="J_tail2" sid="J_tail2" type="JOINT">
                    <matrix>1 0 0 0 0 1 0 0 0 0 1 -1.05445 0 0 0 1</matrix>
                    <node id="VisualSceneNode27" name="J_tail3" sid="J_tail3" type="JOINT">
                      <matrix>1 0 0 0 0 1 0 0 0 0 1 -1.05447 0 0 0 1</matrix>
                    </node>
                  </node>
                </node>
              </node>
            </node>
          </node>
        </node>
      </node>
      <node id="VisualSceneNode28" name="chr012" type="NODE">
        <matrix>1 0 0 0 0 1 0 0 0 0 1 0 0 0 0 1</matrix>
        <instance_controller url="#Controller">
          <skeleton>#VisualSceneNode1</skeleton>
          <bind_material>
            <technique_common>
              <instance_material symbol="VisualMaterial0" target="#VisualMaterial"/>
            </technique_common>
          </bind_material>
        </instance_controller>
      </node>
    </visual_scene>
  </library_visual_scenes>
  <scene>
    <instance_visual_scene url="#VisualSceneNode"/>
  </scene>
</COLLADA>
