<?xml version="1.0" encoding="utf-8"?>
<COLLADA xmlns="http://www.collada.org/2005/11/COLLADASchema" version="1.4.1">
  <asset>
    <created>2017-08-26T09:37:04Z</created>
    <modified>2017-08-26T09:37:04Z</modified>
  </asset>
  <library_images>
    <image id="Image">
      <init_from>chr349a01a.png</init_from>
    </image>
  </library_images>
  <library_materials>
    <material id="VisualMaterial" name="chr349a01a-material">
      <instance_effect url="#Effect"/>
      <extra>
        <technique profile="FCOLLADA">
          <user_properties>chr349a01a-material</user_properties>
        </technique>
      </extra>
    </material>
  </library_materials>
  <library_effects>
    <effect id="Effect" name="chr349a01a_png">
      <profile_COMMON>
        <newparam sid="Image-surface">
          <surface type="2D">
            <init_from>Image</init_from>
            <format>A8R8G8B8</format>
          </surface>
        </newparam>
        <newparam sid="Image-sampler">
          <sampler2D>
            <source>Image-surface</source>
            <wrap_s>WRAP</wrap_s>
            <wrap_t>WRAP</wrap_t>
            <minfilter>NONE</minfilter>
            <magfilter>NONE</magfilter>
            <mipfilter>NONE</mipfilter>
          </sampler2D>
        </newparam>
        <technique sid="common">
          <phong>
            <emission>
              <color>0 0 0 1</color>
            </emission>
            <ambient>
              <color>0 0 0 1</color>
            </ambient>
            <diffuse>
              <texture texture="Image-sampler" texcoord=""/>
            </diffuse>
            <specular>
              <color>1 1 1 1</color>
            </specular>
            <shininess>
              <float>0</float>
            </shininess>
            <transparent opaque="A_ONE">
              <color>0 0 0 1</color>
            </transparent>
            <transparency>
              <float>1</float>
            </transparency>
            <index_of_refraction>
              <float>1.55</float>
            </index_of_refraction>
          </phong>
          <extra>
            <technique profile="FCOLLADA">
              <spec_level>
                <float>0</float>
              </spec_level>
            </technique>
          </extra>
        </technique>
      </profile_COMMON>
      <extra>
        <technique profile="FCOLLADA">
          <user_properties>chr349a01a.png</user_properties>
        </technique>
      </extra>
    </effect>
  </library_effects>
  <library_geometries>
    <geometry id="Geometry" name="chr349">
      <mesh>
        <source id="GeometrySource" name="chr349Pos">
          <float_array id="GeometrySource-array" count="7374">0.625647 1.00187 -0.021296 0.63707 0.958447 0.022917 0.629338 0.993552 -0.030285 0.640495 0.950729 0.014575 0.647299 0.923957 0.050686 0.614085 0.992004 -0.026015 0.62634 0.949292 0.018538 0.63707 0.958447 0.022917 0.625647 1.00187 -0.021296 0.70406 0.95494 -0.1205 0.709269 0.891971 -0.120814 0.704278 0.954658 -0.133285 0.709425 0.891769 -0.129976 0.716109 0.847416 -0.124245 0.689885 0.95192 -0.127072 0.699111 0.889807 -0.125524 0.709269 0.891971 -0.120814 0.70406 0.95494 -0.1205 0.502696 0.951884 -0.153264 0.513926 0.891354 -0.166705 0.503628 0.954722 -0.1657 0.514791 0.893987 -0.178246 0.522844 0.84937 -0.181645 0.489161 0.949721 -0.161349 0.501365 0.889345 -0.174208 0.513926 0.891354 -0.166705 0.502696 0.951884 -0.153264 0.572494 0.95494 -0.055491 0.579178 0.89229 -0.054453 0.572712 0.954658 -0.068276 0.579381 0.892028 -0.066318 0.584543 0.847416 -0.059236 0.558318 0.95192 -0.062063 0.566023 0.889487 -0.060553 0.579178 0.89229 -0.054453 0.572494 0.95494 -0.055491 0.142913 1.58733 0.002875 0.183534 1.63762 0.036742 0.135221 1.58404 0.018553 0.17843 1.63544 0.047145 0.126218 1.60103 0.007628 0.172456 1.64671 0.039896 0.225232 1.67671 0.072081 0.183534 1.63762 0.036742 0.142913 1.58733 0.002875 0.288179 1.56853 -0.105101 0.28869 1.56753 -0.093285 0.232041 1.50519 -0.105537 0.232593 1.50412 -0.092804 0.328019 1.60631 -0.094716 0.221871 1.51473 -0.097866 0.278741 1.57738 -0.097982 0.288179 1.56853 -0.105101 0.232041 1.50519 -0.105537 0.162725 1.56942 -0.100301 0.218448 1.61481 -0.09848 0.163276 1.56834 -0.087569 0.21896 1.61381 -0.086664 0.262612 1.65085 -0.091899 0.154648 1.58074 -0.09257 0.210952 1.62532 -0.091305 0.218448 1.61481 -0.09848 0.162725 1.56942 -0.100301 0.556096 1.0986 0.036502 0.554429 1.08804 0.042112 0.552267 1.07097 -0.012466 0.550311 1.05859 -0.005881 0.56711 1.13559 0.07921 0.535726 1.06842 -0.006957 0.541999 1.09642 0.041196 0.556096 1.0986 0.036502 0.552267 1.07097 -0.012466 0.755961 1.05361 -0.01525 0.7649 1.07772 0.048447 0.754134 1.04065 -0.009854 0.763343 1.06667 0.053047 0.775135 1.10765 0.10218 0.739461 1.05041 -0.009959 0.750839 1.07499 0.052957 0.7649 1.07772 0.048447 0.755961 1.05361 -0.01525 0.609836 1.02047 -0.206372 0.624006 1.00035 -0.264382 0.610368 1.03255 -0.210533 0.6245 1.01156 -0.268244 0.634854 0.990515 -0.309447 0.596277 1.02557 -0.212962 0.611423 1.00508 -0.270498 0.624006 1.00035 -0.264382 0.609836 1.02047 -0.206372 0.308163 1.33151 0.118539 0.366954 1.37041 0.169372 0.299404 1.32711 0.133363 0.362019 1.36793 0.177723 0.405541 1.38592 0.20287 0.294699 1.3474 0.125951 0.359368 1.37937 0.173548 0.366954 1.37041 0.169372 0.308163 1.33151 0.118539 0.240744 1.4608 0.123887 0.294479 1.4977 0.171131 0.231985 1.45641 0.13871 0.289539 1.49522 0.179492 0.338122 1.51521 0.208218 0.22728 1.4767 0.131299 0.286885 1.50667 0.175312 0.294479 1.4977 0.171131 0.240744 1.4608 0.123887 0.374146 1.19266 0.044269 0.429982 1.20322 0.079914 0.369014 1.19201 0.052661 0.425219 1.20262 0.087702 0.472393 1.21145 0.111632 0.369837 1.20343 0.048252 0.425983 1.21322 0.08361 0.429982 1.20322 0.079914 0.374146 1.19266 0.044269 0.338703 1.26426 0.130037 0.398828 1.27589 0.16859 0.332044 1.26343 0.140924 0.392648 1.27511 0.178694 0.444044 1.28491 0.203614 0.333112 1.27824 0.135204 0.39364 1.28886 0.173385 0.398828 1.27589 0.16859 0.338703 1.26426 0.130037 0.680903 1.05621 -0.19585 0.68723 1.08767 -0.241503 0.681563 1.06806 -0.188129 0.687792 1.09777 -0.234923 0.692917 1.11916 -0.286501 0.665437 1.06451 -0.194279 0.67405 1.09474 -0.240164 0.68723 1.08767 -0.241503 0.680903 1.05621 -0.19585 0.515387 1.05144 -0.21201 0.521194 1.08579 -0.255605 0.515792 1.0628 -0.203568 0.52154 1.09547 -0.24841 0.522035 1.1221 -0.298446 0.499755 1.05932 -0.209984 0.507873 1.0925 -0.253878 0.521194 1.08579 -0.255605 0.515387 1.05144 -0.21201 0.615282 1.16666 -0.133738 0.616121 1.16508 -0.126329 0.597604 1.09795 -0.148702 0.599012 1.09531 -0.136267 0.628768 1.21205 -0.12478 0.584628 1.101 -0.140008 0.607201 1.16714 -0.128802 0.597604 1.09795 -0.148702 0.615282 1.16666 -0.133738 0.730946 1.0887 -0.067786 0.754413 1.15741 -0.062743 0.733104 1.08743 -0.055243 0.755866 1.15655 -0.054292 0.768315 1.20831 -0.059907 0.745768 1.15926 -0.056676 0.718874 1.09367 -0.058685 0.730946 1.0887 -0.067786 0.754413 1.15741 -0.062743 0.491472 1.10186 -0.075718 0.513568 1.17117 -0.073632 0.491472 1.10186 -0.062928 0.513568 1.17117 -0.065014 0.526659 1.22237 -0.073556 0.504014 1.17343 -0.069323 0.478017 1.10746 -0.069323 0.491472 1.10186 -0.075718 0.513568 1.17117 -0.073632 0.080777 1.48099 -0.300724 0.111636 1.50849 -0.356658 0.096878 1.48003 -0.293265 0.122319 1.50785 -0.351708 0.142342 1.52875 -0.406274 0.086962 1.49959 -0.290504 0.115739 1.52083 -0.349876 0.111636 1.50849 -0.356658 0.080777 1.48099 -0.300724 0.105224 1.23943 -0.374871 0.134496 1.24487 -0.431907 0.116728 1.23953 -0.369282 0.143399 1.24494 -0.427581 0.159761 1.24565 -0.472596 0.110769 1.25405 -0.371894 0.138788 1.25618 -0.429602 0.134496 1.24487 -0.431907 0.105224 1.23943 -0.374871 0.056361 1.33326 -0.377793 0.087477 1.34832 -0.432055 0.067109 1.33568 -0.371298 0.095795 1.3502 -0.427028 0.114647 1.35706 -0.470526 0.058133 1.34857 -0.373851 0.088849 1.36018 -0.429004 0.087477 1.34832 -0.432055 0.056361 1.33326 -0.377793 0.23258 0.684175 -0.17423 0.29716 0.665726 -0.21288 0.240174 0.684966 -0.162303 0.303631 0.6664 -0.202716 0.351956 0.65256 -0.237461 0.240015 0.699933 -0.171603 0.303496 0.679155 -0.210641 0.29716 0.665726 -0.21288 0.23258 0.684175 -0.17423 0.033184 0.582968 -0.25488 0.060875 0.550054 -0.319336 0.046314 0.583179 -0.249577 0.072065 0.550233 -0.314817 0.088694 0.515758 -0.370729 0.042469 0.597206 -0.259525 0.068789 0.562187 -0.323294 0.060875 0.550054 -0.319336 0.033184 0.582968 -0.25488 0.153525 0.623454 -0.240987 0.199973 0.603006 -0.299547 0.16484 0.62411 -0.232495 0.209615 0.603565 -0.29231 0.243547 0.579305 -0.345708 0.161778 0.639018 -0.241376 0.207007 0.61627 -0.299878 0.199973 0.603006 -0.299547 0.153525 0.623454 -0.240987 0.112262 0.848479 -0.299965 0.143755 0.834349 -0.362948 0.123608 0.847437 -0.294152 0.154283 0.833382 -0.357554 0.177322 0.814439 -0.418973 0.120653 0.862001 -0.299847 0.151541 0.846898 -0.362839 0.143755 0.834349 -0.362948 0.112262 0.848479 -0.299965 0.230474 1.22605 -0.269683 0.290165 1.22056 -0.334778 0.243869 1.22378 -0.258227 0.297837 1.21926 -0.328218 0.32708 1.21234 -0.369729 0.295758 1.23137 -0.331282 0.240239 1.24493 -0.263579 0.230474 1.22605 -0.269683 0.290165 1.22056 -0.334778 0.243257 1.34711 -0.223988 0.300524 1.36141 -0.274211 0.25581 1.34553 -0.211509 0.307713 1.3605 -0.267064 0.348959 1.36408 -0.313814 0.248882 1.36631 -0.214564 0.303745 1.3724 -0.268814 0.300524 1.36141 -0.274211 0.243257 1.34711 -0.223988 0.243139 1.42603 -0.344103 0.251468 1.42498 -0.335822 0.184781 1.40646 -0.290987 0.197334 1.40488 -0.278508 0.190407 1.42566 -0.281564 0.246872 1.43877 -0.33785 0.289177 1.43554 -0.380813 0.243139 1.42603 -0.344103 0.184781 1.40646 -0.290987 0.349338 0.166739 0.049416 0.348012 0.169436 0.057525 0.30431 0.145448 0.049138 0.302882 0.148354 0.057877 0.386079 0.181349 0.052109 0.300602 0.153752 0.044593 0.345312 0.176698 0.050058 0.349338 0.166739 0.049416 0.30431 0.145448 0.049138 0.298431 0.277987 -0.069262 0.297574 0.277445 -0.060674 0.249581 0.286693 -0.073585 0.248658 0.286109 -0.06433 0.337269 0.27513 -0.061288 0.251558 0.296661 -0.073871 0.300266 0.287271 -0.064139 0.298431 0.277987 -0.069262 0.249581 0.286693 -0.073585 0.206049 0.342732 -0.118573 0.244889 0.344566 -0.149299 0.211682 0.339446 -0.111915 0.250116 0.341516 -0.14312 0.276041 0.343295 -0.170124 0.211011 0.351019 -0.112157 0.249493 0.352257 -0.143344 0.244889 0.344566 -0.149299 0.206049 0.342732 -0.118573 0.307093 0.439284 -0.026697 0.307679 0.436767 -0.018444 0.26197 0.458347 -0.017678 0.262601 0.455635 -0.008784 0.341661 0.423017 -0.029697 0.267321 0.466026 -0.010832 0.312059 0.44641 -0.020344 0.307093 0.439284 -0.026697 0.26197 0.458347 -0.017678 0.202059 0.760337 -0.243592 0.252224 0.744557 -0.291603 0.210753 0.758348 -0.234115 0.259633 0.742862 -0.283527 0.284891 0.731627 -0.316669 0.210983 0.773391 -0.240104 0.259829 0.755681 -0.288631 0.252224 0.744557 -0.291603 0.202059 0.760337 -0.243592 0.236699 1.01169 -0.299408 0.274517 0.995206 -0.357448 0.247727 1.01192 -0.292502 0.283915 0.9954 -0.351563 0.301648 0.979795 -0.38892 0.244316 1.02597 -0.29978 0.281009 1.00738 -0.357765 0.274517 0.995206 -0.357448 0.236699 1.01169 -0.299408 0.260842 0.860182 -0.226636 0.315243 0.84039 -0.268102 0.268547 0.858916 -0.216225 0.321809 0.839311 -0.25923 0.351814 0.831014 -0.290793 0.269545 0.873431 -0.223333 0.322659 0.851681 -0.265287 0.315243 0.84039 -0.268102 0.260842 0.860182 -0.226636 0.322085 1.0141 0.180946 0.3714 1.02206 0.238324 0.310389 1.01196 0.192109 0.363639 1.02064 0.245731 0.393212 1.02019 0.268553 0.314457 1.03145 0.188197 0.366339 1.03358 0.243135 0.3714 1.02206 0.238324 0.322085 1.0141 0.180946 0.277472 0.756449 0.11817 0.350552 0.741387 0.146399 0.272956 0.756422 0.130136 0.346361 0.741362 0.157504 0.390105 0.731918 0.166439 0.279024 0.770424 0.125623 0.355682 0.75247 0.154704 0.350552 0.741387 0.146399 0.277472 0.756449 0.11817 0.231039 0.894883 0.222934 0.304119 0.879821 0.251164 0.226523 0.894856 0.234901 0.299928 0.879796 0.262269 0.342557 0.868187 0.271204 0.232591 0.908859 0.230387 0.309248 0.890905 0.259469 0.304119 0.879821 0.251164 0.231039 0.894883 0.222934 0.322657 1.13872 0.212079 0.372285 1.15508 0.274764 0.309558 1.13649 0.223879 0.363594 1.1536 0.282593 0.406755 1.16844 0.322383 0.312728 1.15757 0.218 0.367566 1.16761 0.280771 0.372285 1.15508 0.274764 0.322657 1.13872 0.212079 0.331015 1.21358 0.18884 0.379131 1.22969 0.252757 0.317638 1.21131 0.200315 0.370255 1.22818 0.260371 0.412454 1.24285 0.30124 0.320946 1.23241 0.194598 0.37427 1.24219 0.258701 0.379131 1.22969 0.252757 0.331015 1.21358 0.18884 0.219319 1.03305 0.309911 0.256514 1.03729 0.363037 0.209 1.03332 0.317462 0.248466 1.03751 0.368926 0.279483 1.03507 0.403025 0.214981 1.04772 0.314272 0.253131 1.04874 0.366438 0.256514 1.03729 0.363037 0.219319 1.03305 0.309911 0.218544 1.09794 0.311856 0.256083 1.10776 0.365135 0.208224 1.09822 0.319407 0.248034 1.10798 0.371024 0.278239 1.11465 0.403787 0.213059 1.11262 0.314651 0.251805 1.11921 0.367315 0.256083 1.10776 0.365135 0.218544 1.09794 0.311856 0.059172 1.04629 -0.362658 0.09311 1.03812 -0.421819 0.071584 1.04679 -0.355857 0.103687 1.03855 -0.416023 0.120465 1.03287 -0.458442 0.066542 1.0623 -0.362537 0.099391 1.05176 -0.421716 0.09311 1.03812 -0.421819 0.059172 1.04629 -0.362658 0.149501 1.1235 -0.362658 0.183439 1.11534 -0.421819 0.161913 1.124 -0.355857 0.194016 1.11576 -0.416023 0.21009 1.10574 -0.45719 0.156871 1.13951 -0.362537 0.189719 1.12898 -0.421716 0.183439 1.11534 -0.421819 0.149501 1.1235 -0.362658 0.251021 0.59312 -0.07851 0.310293 0.555589 -0.074183 0.249778 0.592466 -0.065797 0.30914 0.554983 -0.062385 0.35409 0.528875 -0.064707 0.258896 0.604545 -0.070719 0.317602 0.566192 -0.066952 0.310293 0.555589 -0.074183 0.251021 0.59312 -0.07851 0.294897 0.696629 -0.028256 0.362625 0.69912 -0.009623 0.291558 0.698433 -0.016042 0.359526 0.700795 0.00171 0.410869 0.703267 0.00979 0.294223 0.711951 -0.024006 0.362 0.713339 -0.00568 0.362625 0.69912 -0.009623 0.294897 0.696629 -0.028256 0.306177 0.773464 -0.078484 0.372071 0.775488 -0.102864 0.310658 0.774368 -0.066539 0.376229 0.776328 -0.091779 0.422669 0.778866 -0.11511 0.308584 0.788441 -0.073674 0.374305 0.789388 -0.0984 0.372071 0.775488 -0.102864 0.306177 0.773464 -0.078484 0.075632 0.251096 0.057166 0.077462 0.239852 0.057493 0.129751 0.255335 -0.004998 0.131775 0.242897 -0.004636 0.043947 0.244362 0.091462 0.067791 0.243867 0.051087 0.119098 0.238502 -0.016653 0.129751 0.255335 -0.004998 0.075632 0.251096 0.057166 0.053101 0.213513 0.27043 0.046322 0.205879 0.275494 0.093253 0.15052 0.235344 0.085754 0.142075 0.240946 0.032758 0.243883 0.297653 0.042391 0.210926 0.265017 0.073642 0.14109 0.227649 0.093253 0.15052 0.235344 0.053101 0.213513 0.27043 0.079988 1.52653 -0.246265 0.122373 1.57686 -0.275052 0.08627 1.52769 -0.235185 0.128202 1.57794 -0.264769 0.169087 1.62038 -0.299258 0.07428 1.53803 -0.236855 0.117076 1.58753 -0.266319 0.122373 1.57686 -0.275052 0.079988 1.52653 -0.246265 0.160335 0.274077 0.023203 0.180648 0.274501 0.097272 0.143405 0.273363 0.028559 0.169415 0.274027 0.100827 0.190634 0.272952 0.148294 0.151399 0.293926 0.027087 0.174719 0.287672 0.099849 0.180648 0.274501 0.097272 0.160335 0.274077 0.023203 0.213217 0.371475 0.026528 0.262315 0.363627 0.085068 0.199998 0.37001 0.038315 0.253544 0.362655 0.092889 0.292416 0.356357 0.126857 0.207477 0.390674 0.035873 0.258506 0.376367 0.091268 0.262315 0.363627 0.085068 0.213217 0.371475 0.026528 0.196096 0.595596 0.20249 0.230076 0.568289 0.262566 0.184991 0.59552 0.208834 0.21977 0.568219 0.268454 0.255197 0.544252 0.318242 0.227314 0.580839 0.269845 0.193119 0.609119 0.210333 0.196096 0.595596 0.20249 0.230076 0.568289 0.262566 0.176 0.66524 0.245978 0.207564 0.637741 0.307272 0.164674 0.66527 0.25192 0.197053 0.637769 0.312787 0.230461 0.61358 0.363847 0.204651 0.650327 0.291721 0.172861 0.678802 0.253691 0.207564 0.637741 0.307272 0.176 0.66524 0.245978 0.347884 1.29431 -0.128626 0.419998 1.28998 -0.127992 0.347973 1.2933 -0.1145 0.420074 1.28913 -0.115954 0.471633 1.29006 -0.122652 0.349175 1.30985 -0.120432 0.421098 1.30323 -0.121009 0.419998 1.28998 -0.127992 0.347884 1.29431 -0.128626 0.299848 1.41975 -0.051565 0.386797 1.42904 -0.050519 0.299848 1.41975 -0.037403 0.386797 1.42904 -0.03845 0.435486 1.43341 -0.044484 0.298649 1.43584 -0.044484 0.385774 1.44275 -0.044484 0.386797 1.42904 -0.050519 0.299848 1.41975 -0.051565 0.361564 0.849366 0.051622 0.41167 0.846587 0.091777 0.353781 0.850902 0.061654 0.404447 0.848013 0.101088 0.448858 0.843231 0.128441 0.359863 0.864532 0.056132 0.410091 0.860662 0.095963 0.41167 0.846587 0.091777 0.361564 0.849366 0.051622 0.240386 0.755985 0.317978 0.229622 0.756911 0.322703 0.212416 0.761264 0.251862 0.200308 0.762305 0.257176 0.254345 0.75264 0.365151 0.208086 0.776765 0.255512 0.236537 0.769766 0.321224 0.240386 0.755985 0.317978 0.212416 0.761264 0.251862 0.171135 0.957359 0.326196 0.208013 0.95322 0.387783 0.156338 0.958361 0.335986 0.198194 0.953884 0.394279 0.229762 0.948771 0.431811 0.166085 0.977915 0.33259 0.204662 0.966859 0.392026 0.208013 0.95322 0.387783 0.171135 0.957359 0.326196 0.172659 0.518895 0.159366 0.220508 0.495816 0.192934 0.165985 0.520499 0.170158 0.214315 0.497305 0.20295 0.256569 0.475077 0.225351 0.175421 0.532805 0.166586 0.223072 0.508725 0.199634 0.220508 0.495816 0.192934 0.172659 0.518895 0.159366 0.259 0.62119 0.145116 0.312232 0.6057 0.174703 0.252583 0.619696 0.156079 0.306277 0.604315 0.184876 0.353418 0.589841 0.203574 0.25875 0.634248 0.154209 0.312 0.617819 0.183141 0.312232 0.6057 0.174703 0.259 0.62119 0.145116 0.225326 0.128699 0.248391 0.262395 0.196008 0.285911 0.215077 0.135639 0.246375 0.253661 0.201922 0.284193 0.27747 0.232759 0.302564 0.225532 0.13639 0.234816 0.262571 0.202562 0.274343 0.225326 0.128699 0.248391 0.262395 0.196008 0.285911 0.301785 0.088092 0.201242 0.354253 0.105201 0.25096 0.296429 0.099245 0.20329 0.349688 0.114706 0.252706 0.381005 0.118583 0.280771 0.307503 0.099531 0.192301 0.359125 0.114949 0.24334 0.354253 0.105201 0.25096 0.301785 0.088092 0.201242 0.16137 0.148037 0.280445 0.134654 0.194301 0.332052 0.150567 0.141677 0.28078 0.125448 0.188881 0.332338 0.115947 0.217128 0.36226 0.150488 0.153648 0.270772 0.125381 0.199083 0.323809 0.134654 0.194301 0.332052 0.16137 0.148037 0.280445 0.127443 0.241825 -0.104835 0.112592 0.25451 -0.168751 0.139613 0.235964 -0.109091 0.122962 0.249515 -0.172377 0.103014 0.262012 -0.221994 0.140476 0.253457 -0.10715 0.123698 0.264422 -0.170723 0.112592 0.25451 -0.168751 0.127443 0.241825 -0.104835 -0.58643 1.00187 0.002002 -0.59012 0.993552 -0.006985 -0.597853 0.958447 0.046215 -0.601278 0.950729 0.037874 -0.608082 0.923957 0.073985 -0.574868 0.992004 -0.002715 -0.587123 0.949292 0.041837 -0.597853 0.958447 0.046215 -0.58643 1.00187 0.002002 -0.70406 0.95494 -0.1205 -0.704278 0.954658 -0.133285 -0.709269 0.891971 -0.120814 -0.709425 0.891769 -0.129975 -0.716109 0.847417 -0.124245 -0.689885 0.95192 -0.127072 -0.699111 0.889807 -0.125523 -0.70406 0.95494 -0.1205 -0.709269 0.891971 -0.120814 -0.502696 0.951885 -0.153263 -0.503629 0.954722 -0.1657 -0.513926 0.891354 -0.166705 -0.514791 0.893987 -0.178246 -0.522844 0.849371 -0.181645 -0.489161 0.949721 -0.161349 -0.501365 0.889346 -0.174208 -0.513926 0.891354 -0.166705 -0.502696 0.951885 -0.153263 -0.572494 0.95494 -0.055491 -0.572712 0.954658 -0.068276 -0.579179 0.892291 -0.054453 -0.579381 0.892028 -0.066318 -0.584543 0.847416 -0.059236 -0.558319 0.95192 -0.062063 -0.566024 0.889487 -0.060552 -0.579179 0.892291 -0.054453 -0.572494 0.95494 -0.055491 -0.146227 1.57169 0.051157 -0.138535 1.5684 0.066836 -0.186848 1.62198 0.085024 -0.181744 1.6198 0.095427 -0.129532 1.58539 0.055911 -0.17577 1.63107 0.088178 -0.228546 1.66107 0.120364 -0.186848 1.62198 0.085024 -0.146227 1.57169 0.051157 -0.232593 1.50412 -0.092804 -0.28869 1.56753 -0.093285 -0.232041 1.50519 -0.105537 -0.288179 1.56853 -0.105101 -0.328019 1.60631 -0.094716 -0.221871 1.51473 -0.097866 -0.278741 1.57738 -0.097982 -0.288179 1.56853 -0.105101 -0.232041 1.50519 -0.105537 -0.140434 1.57623 -0.100185 -0.140985 1.57516 -0.087452 -0.196157 1.62163 -0.098364 -0.196669 1.62063 -0.086548 -0.240321 1.65767 -0.091783 -0.132357 1.58756 -0.092453 -0.188662 1.63214 -0.091189 -0.196157 1.62163 -0.098364 -0.140434 1.57623 -0.100185 -0.550311 1.05859 -0.005881 -0.554429 1.08804 0.042112 -0.552267 1.07097 -0.012466 -0.556096 1.0986 0.036502 -0.56711 1.13559 0.079211 -0.535726 1.06842 -0.006957 -0.541999 1.09642 0.041196 -0.552267 1.07097 -0.012466 -0.556096 1.0986 0.036502 -0.684488 1.05361 -0.015249 -0.682661 1.04065 -0.009852 -0.693428 1.07772 0.048447 -0.69187 1.06667 0.053047 -0.703663 1.10765 0.10218 -0.667989 1.05041 -0.009958 -0.679367 1.07499 0.052957 -0.693428 1.07772 0.048447 -0.684488 1.05361 -0.015249 -0.609836 1.02047 -0.206371 -0.610368 1.03255 -0.210533 -0.624006 1.00035 -0.264382 -0.6245 1.01156 -0.268244 -0.634855 0.990515 -0.309447 -0.596277 1.02557 -0.212962 -0.611423 1.00508 -0.270498 -0.624006 1.00035 -0.264382 -0.609836 1.02047 -0.206371 -0.286607 1.38919 0.113277 -0.277848 1.38479 0.1281 -0.345398 1.4281 0.164109 -0.340463 1.42562 0.172461 -0.383986 1.4436 0.197608 -0.273143 1.40509 0.120688 -0.337813 1.43705 0.168285 -0.345398 1.4281 0.164109 -0.286607 1.38919 0.113277 -0.259367 1.46515 0.094194 -0.250609 1.46076 0.109017 -0.313103 1.50205 0.141438 -0.308163 1.49957 0.149799 -0.356746 1.51957 0.178525 -0.245904 1.48105 0.101606 -0.305509 1.51102 0.145619 -0.313103 1.50205 0.141438 -0.259367 1.46515 0.094194 -0.374146 1.19266 0.044269 -0.369014 1.19201 0.052661 -0.429982 1.20322 0.079914 -0.425219 1.20262 0.087702 -0.472393 1.21145 0.111632 -0.369837 1.20343 0.048252 -0.425983 1.21322 0.08361 -0.429982 1.20322 0.079914 -0.374146 1.19266 0.044269 -0.338703 1.26426 0.130037 -0.332044 1.26343 0.140924 -0.398828 1.27589 0.16859 -0.392648 1.27511 0.178694 -0.444044 1.28491 0.203614 -0.333112 1.27824 0.135204 -0.39364 1.28886 0.173385 -0.398828 1.27589 0.16859 -0.338703 1.26426 0.130037 -0.680903 1.05621 -0.19585 -0.681563 1.06806 -0.188129 -0.68723 1.08767 -0.241503 -0.687792 1.09777 -0.234923 -0.692917 1.11916 -0.286501 -0.665437 1.06451 -0.194279 -0.67405 1.09474 -0.240164 -0.680903 1.05621 -0.19585 -0.68723 1.08767 -0.241503 -0.557877 1.05144 -0.196459 -0.558282 1.0628 -0.188016 -0.563684 1.08579 -0.240053 -0.564029 1.09547 -0.232859 -0.564524 1.1221 -0.282894 -0.542245 1.05932 -0.194433 -0.550362 1.0925 -0.238326 -0.563684 1.08579 -0.240053 -0.557877 1.05144 -0.196459 -0.562597 1.10078 -0.135612 -0.579706 1.17055 -0.125674 -0.561189 1.10343 -0.148047 -0.578867 1.17213 -0.133083 -0.592353 1.21752 -0.124125 -0.548213 1.10647 -0.139353 -0.570786 1.17261 -0.128147 -0.561189 1.10343 -0.148047 -0.578867 1.17213 -0.133083 -0.748673 1.10027 -0.091747 -0.748673 1.10027 -0.078956 -0.762007 1.17178 -0.08966 -0.762007 1.17178 -0.081043 -0.76865 1.22421 -0.089585 -0.734629 1.10416 -0.085352 -0.752246 1.17285 -0.085352 -0.748673 1.10027 -0.091747 -0.762007 1.17178 -0.08966 -0.491472 1.10186 -0.075718 -0.491472 1.10186 -0.062928 -0.513569 1.17117 -0.073631 -0.513569 1.17117 -0.065014 -0.526659 1.22237 -0.073556 -0.504014 1.17343 -0.069323 -0.478017 1.10746 -0.069323 -0.491472 1.10186 -0.075718 -0.513569 1.17117 -0.073631 -0.054755 1.48099 -0.31307 -0.070855 1.48003 -0.305611 -0.085613 1.50849 -0.369003 -0.096296 1.50785 -0.364054 -0.116319 1.52875 -0.41862 -0.060939 1.49959 -0.30285 -0.089717 1.52083 -0.362222 -0.085613 1.50849 -0.369003 -0.054755 1.48099 -0.31307 -0.105224 1.23943 -0.374871 -0.116728 1.23953 -0.369282 -0.134496 1.24487 -0.431907 -0.143399 1.24494 -0.427581 -0.159761 1.24565 -0.472596 -0.110769 1.25405 -0.371894 -0.138788 1.25618 -0.429602 -0.134496 1.24487 -0.431907 -0.105224 1.23943 -0.374871 -0.056638 1.35687 -0.378246 -0.067386 1.3593 -0.371751 -0.087753 1.37193 -0.432508 -0.096071 1.37381 -0.427481 -0.114923 1.38067 -0.470979 -0.058411 1.37219 -0.374304 -0.089125 1.38379 -0.429457 -0.087753 1.37193 -0.432508 -0.056638 1.35687 -0.378246 -0.23258 0.684175 -0.17423 -0.240174 0.684966 -0.162303 -0.29716 0.665726 -0.21288 -0.303631 0.6664 -0.202716 -0.351956 0.65256 -0.237461 -0.240015 0.699933 -0.171603 -0.303496 0.679155 -0.210641 -0.23258 0.684175 -0.17423 -0.29716 0.665726 -0.21288 -0.033184 0.582968 -0.25488 -0.046314 0.583179 -0.249577 -0.060875 0.550054 -0.319336 -0.072065 0.550233 -0.314817 -0.088694 0.515758 -0.370729 -0.042469 0.597206 -0.259525 -0.068789 0.562187 -0.323294 -0.060875 0.550054 -0.319336 -0.033184 0.582968 -0.25488 -0.153525 0.623454 -0.240987 -0.16484 0.62411 -0.232495 -0.199973 0.603006 -0.299547 -0.209615 0.603565 -0.29231 -0.243547 0.579305 -0.345708 -0.161778 0.639018 -0.241376 -0.207007 0.61627 -0.299878 -0.153525 0.623454 -0.240987 -0.199973 0.603006 -0.299547 -0.041816 0.779835 -0.293064 -0.053162 0.778793 -0.287251 -0.073309 0.765705 -0.356048 -0.083837 0.764738 -0.350653 -0.106876 0.745794 -0.412072 -0.050207 0.793357 -0.292946 -0.081095 0.778253 -0.355938 -0.073309 0.765705 -0.356048 -0.041816 0.779835 -0.293064 -0.207624 1.21446 -0.283898 -0.221019 1.2122 -0.272443 -0.267316 1.20897 -0.348994 -0.274987 1.20767 -0.342433 -0.30423 1.20076 -0.383944 -0.272908 1.21978 -0.345498 -0.217389 1.23334 -0.277795 -0.207624 1.21446 -0.283898 -0.267316 1.20897 -0.348994 -0.243257 1.34711 -0.223988 -0.25581 1.34553 -0.211509 -0.300524 1.36141 -0.274211 -0.307713 1.3605 -0.267064 -0.348959 1.36408 -0.313814 -0.248882 1.36631 -0.214564 -0.303745 1.3724 -0.268814 -0.243257 1.34711 -0.223988 -0.300524 1.36141 -0.274211 -0.197334 1.40488 -0.278508 -0.251468 1.42498 -0.335822 -0.184781 1.40646 -0.290987 -0.243139 1.42603 -0.344103 -0.190407 1.42566 -0.281564 -0.246872 1.43877 -0.33785 -0.289177 1.43554 -0.380813 -0.243139 1.42603 -0.344103 -0.184781 1.40646 -0.290987 -0.302882 0.148354 0.057877 -0.348013 0.169436 0.057525 -0.30431 0.145448 0.049138 -0.349338 0.166739 0.049416 -0.38608 0.181349 0.052109 -0.300602 0.153752 0.044593 -0.345312 0.176698 0.050058 -0.349338 0.166739 0.049416 -0.30431 0.145448 0.049138 -0.238212 0.252235 -0.027055 -0.287129 0.243571 -0.023398 -0.239136 0.25282 -0.03631 -0.287986 0.244113 -0.031987 -0.326823 0.241257 -0.024012 -0.241113 0.262788 -0.036595 -0.289821 0.253397 -0.026864 -0.287986 0.244113 -0.031987 -0.239136 0.25282 -0.03631 -0.206049 0.342732 -0.118573 -0.211682 0.339446 -0.111915 -0.244889 0.344566 -0.149299 -0.250116 0.341516 -0.14312 -0.276041 0.343295 -0.170124 -0.211011 0.351019 -0.112157 -0.249493 0.352257 -0.143344 -0.244889 0.344566 -0.149299 -0.206049 0.342732 -0.118573 -0.262601 0.455635 -0.008784 -0.307679 0.436767 -0.018444 -0.26197 0.458347 -0.017678 -0.307093 0.439284 -0.026697 -0.341661 0.423017 -0.029697 -0.267321 0.466026 -0.010832 -0.312059 0.44641 -0.020344 -0.307093 0.439284 -0.026697 -0.26197 0.458347 -0.017678 -0.202059 0.760337 -0.243592 -0.210753 0.758348 -0.234115 -0.252224 0.744557 -0.291603 -0.259633 0.742862 -0.283527 -0.284891 0.731627 -0.316669 -0.210983 0.773391 -0.240104 -0.259829 0.755681 -0.288631 -0.202059 0.760337 -0.243592 -0.252224 0.744557 -0.291603 -0.236699 1.01169 -0.299408 -0.247727 1.01192 -0.292502 -0.274517 0.995206 -0.357448 -0.283915 0.9954 -0.351563 -0.301648 0.979795 -0.38892 -0.244316 1.02597 -0.29978 -0.281009 1.00738 -0.357765 -0.274517 0.995206 -0.357448 -0.236699 1.01169 -0.299408 -0.260842 0.860182 -0.226636 -0.268547 0.858916 -0.216225 -0.315243 0.84039 -0.268102 -0.321809 0.839311 -0.25923 -0.351814 0.831014 -0.290793 -0.269545 0.873431 -0.223333 -0.322659 0.851681 -0.265287 -0.315243 0.84039 -0.268102 -0.260842 0.860182 -0.226636 -0.322085 1.0141 0.180946 -0.310389 1.01196 0.192109 -0.3714 1.02206 0.238324 -0.363639 1.02064 0.245731 -0.393212 1.02019 0.268553 -0.314457 1.03145 0.188197 -0.366339 1.03358 0.243135 -0.3714 1.02206 0.238324 -0.322085 1.0141 0.180946 -0.277472 0.756449 0.11817 -0.272956 0.756422 0.130136 -0.350552 0.741387 0.146399 -0.346361 0.741362 0.157504 -0.390105 0.731918 0.166439 -0.279024 0.770424 0.125623 -0.355682 0.75247 0.154704 -0.350552 0.741387 0.146399 -0.277472 0.756449 0.11817 -0.293441 0.830903 0.154349 -0.288925 0.830876 0.166315 -0.366522 0.815841 0.182579 -0.362331 0.815816 0.193683 -0.404959 0.804206 0.202618 -0.294993 0.844878 0.161802 -0.371651 0.826924 0.190883 -0.366522 0.815841 0.182579 -0.293441 0.830903 0.154349 -0.322657 1.13872 0.212079 -0.309558 1.13649 0.223879 -0.372285 1.15508 0.274764 -0.363594 1.1536 0.282593 -0.406755 1.16844 0.322383 -0.312728 1.15757 0.218 -0.367566 1.16761 0.280771 -0.372285 1.15508 0.274764 -0.322657 1.13872 0.212079 -0.331015 1.21358 0.18884 -0.317638 1.21131 0.200315 -0.379131 1.22969 0.252757 -0.370255 1.22818 0.260371 -0.412454 1.24285 0.30124 -0.320946 1.23241 0.194598 -0.37427 1.24219 0.258701 -0.379131 1.22969 0.252757 -0.331015 1.21358 0.18884 -0.219319 1.03305 0.309911 -0.209 1.03332 0.317462 -0.256514 1.03729 0.363037 -0.248466 1.03751 0.368926 -0.279483 1.03507 0.403025 -0.214981 1.04772 0.314272 -0.253131 1.04874 0.366438 -0.256514 1.03729 0.363037 -0.219319 1.03305 0.309911 -0.218544 1.09794 0.311856 -0.208224 1.09822 0.319407 -0.256083 1.10776 0.365135 -0.248034 1.10798 0.371024 -0.278239 1.11465 0.403787 -0.213059 1.11262 0.314651 -0.251805 1.11921 0.367315 -0.256083 1.10776 0.365135 -0.218544 1.09794 0.311856 -0.074418 1.00974 -0.337624 -0.08683 1.01024 -0.330823 -0.108356 1.00158 -0.396785 -0.118933 1.002 -0.390989 -0.135711 0.996322 -0.433407 -0.081788 1.02575 -0.337503 -0.114636 1.01522 -0.396681 -0.108356 1.00158 -0.396785 -0.074418 1.00974 -0.337624 -0.149501 1.1235 -0.362658 -0.161913 1.124 -0.355857 -0.183439 1.11534 -0.421819 -0.194016 1.11576 -0.416023 -0.21009 1.10574 -0.45719 -0.156871 1.13951 -0.362537 -0.189719 1.12898 -0.421716 -0.183439 1.11534 -0.421819 -0.149501 1.1235 -0.362658 -0.251021 0.59312 -0.07851 -0.249778 0.592466 -0.065797 -0.310293 0.555589 -0.074183 -0.30914 0.554983 -0.062385 -0.35409 0.528875 -0.064707 -0.258896 0.604545 -0.070719 -0.317602 0.566192 -0.066952 -0.310293 0.555589 -0.074183 -0.251021 0.59312 -0.07851 -0.303522 0.694917 -0.05723 -0.300183 0.696721 -0.045016 -0.371251 0.697409 -0.038597 -0.368151 0.699082 -0.027263 -0.419494 0.701554 -0.019182 -0.302848 0.710238 -0.05298 -0.370625 0.711627 -0.034654 -0.371251 0.697409 -0.038597 -0.303522 0.694917 -0.05723 -0.31607 0.770886 -0.087366 -0.312731 0.77269 -0.075152 -0.383798 0.773378 -0.068733 -0.380699 0.775052 -0.057399 -0.432042 0.777524 -0.049319 -0.315396 0.786208 -0.083116 -0.383173 0.787597 -0.06479 -0.383798 0.773378 -0.068733 -0.31607 0.770886 -0.087366 -0.067072 0.130746 0.128631 -0.025833 0.201422 0.13975 -0.077681 0.137443 0.129869 -0.035424 0.207476 0.140869 -0.007891 0.245582 0.144798 -0.030157 0.207141 0.129785 -0.065893 0.132244 0.110719 -0.077681 0.137443 0.129869 -0.035424 0.207476 0.140869 -0.085753 0.142075 0.240946 -0.046321 0.205879 0.275494 -0.093252 0.15052 0.235344 -0.053101 0.213513 0.270429 -0.032757 0.243883 0.297653 -0.073642 0.14109 0.227649 -0.042391 0.210926 0.265017 -0.093252 0.15052 0.235344 -0.053101 0.213513 0.270429 -0.136558 1.50272 -0.245029 -0.143813 1.50362 -0.234534 -0.17495 1.55523 -0.275478 -0.181682 1.55606 -0.265738 -0.218229 1.60087 -0.302049 -0.131491 1.51369 -0.234667 -0.170248 1.56541 -0.265862 -0.136558 1.50272 -0.245029 -0.17495 1.55523 -0.275478 -0.160334 0.274078 0.023203 -0.143405 0.273363 0.028559 -0.180648 0.274502 0.097272 -0.169415 0.274027 0.100827 -0.190634 0.272952 0.148294 -0.151399 0.293927 0.027087 -0.174719 0.287672 0.099849 -0.180648 0.274502 0.097272 -0.160334 0.274078 0.023203 -0.206343 0.346213 0.041017 -0.189414 0.345499 0.046372 -0.226657 0.346637 0.115086 -0.215424 0.346163 0.11864 -0.236643 0.345088 0.166107 -0.197407 0.366063 0.0449 -0.220728 0.359808 0.117663 -0.226657 0.346637 0.115086 -0.206343 0.346213 0.041017 -0.146464 0.606656 0.218242 -0.135358 0.60658 0.224587 -0.180444 0.579349 0.278319 -0.170138 0.579278 0.284207 -0.205565 0.555311 0.333995 -0.177681 0.591899 0.285598 -0.143487 0.620179 0.226086 -0.146464 0.606656 0.218242 -0.180444 0.579349 0.278319 -0.140223 0.689273 0.261522 -0.128714 0.690105 0.267039 -0.170615 0.676166 0.32796 -0.159935 0.676938 0.33308 -0.1924 0.66503 0.38887 -0.167082 0.689838 0.332285 -0.136415 0.704006 0.266182 -0.140223 0.689273 0.261522 -0.170615 0.676166 0.32796 -0.347884 1.29431 -0.128626 -0.347973 1.2933 -0.1145 -0.419998 1.28998 -0.127992 -0.420074 1.28913 -0.115954 -0.471633 1.29006 -0.122652 -0.349175 1.30985 -0.120432 -0.421098 1.30323 -0.121009 -0.419998 1.28998 -0.127992 -0.347884 1.29431 -0.128626 -0.299848 1.41975 -0.051565 -0.299848 1.41975 -0.037403 -0.386797 1.42904 -0.050519 -0.386797 1.42904 -0.03845 -0.435486 1.43341 -0.044484 -0.298649 1.43584 -0.044484 -0.385774 1.44275 -0.044484 -0.386797 1.42904 -0.050519 -0.299848 1.41975 -0.051565 -0.361564 0.849366 0.051622 -0.353781 0.850902 0.061654 -0.41167 0.846587 0.091777 -0.404447 0.848013 0.101088 -0.448858 0.843231 0.128441 -0.359863 0.864532 0.056132 -0.410091 0.860662 0.095963 -0.41167 0.846587 0.091777 -0.361564 0.849366 0.051622 -0.200308 0.762305 0.257176 -0.229622 0.756911 0.322703 -0.212416 0.761264 0.251862 -0.240386 0.755985 0.317978 -0.254345 0.75264 0.365151 -0.208086 0.776765 0.255512 -0.236537 0.769766 0.321224 -0.212416 0.761264 0.251862 -0.240386 0.755985 0.317978 -0.17646 0.891629 0.299551 -0.161663 0.89263 0.309341 -0.213338 0.887489 0.361138 -0.20352 0.888154 0.367634 -0.235087 0.883041 0.405167 -0.17141 0.912184 0.305946 -0.209987 0.901129 0.365381 -0.213338 0.887489 0.361138 -0.17646 0.891629 0.299551 -0.143571 0.487201 0.159366 -0.136896 0.488805 0.170158 -0.19142 0.464122 0.192934 -0.185226 0.465611 0.20295 -0.22748 0.443383 0.225351 -0.146333 0.501112 0.166586 -0.193983 0.477032 0.199634 -0.19142 0.464122 0.192934 -0.143571 0.487201 0.159366 -0.259 0.62119 0.145116 -0.252583 0.619696 0.156079 -0.312232 0.6057 0.174703 -0.306277 0.604315 0.184876 -0.353418 0.589841 0.203574 -0.25875 0.634248 0.154209 -0.312 0.617819 0.183141 -0.312232 0.6057 0.174703 -0.259 0.62119 0.145116 -0.225325 0.128699 0.248391 -0.215077 0.135639 0.246375 -0.262395 0.196008 0.285911 -0.253661 0.201922 0.284193 -0.277469 0.232759 0.302564 -0.225532 0.13639 0.234816 -0.262571 0.202562 0.274343 -0.225325 0.128699 0.248391 -0.262395 0.196008 0.285911 -0.301785 0.088092 0.201242 -0.296429 0.099245 0.20329 -0.354253 0.105201 0.25096 -0.349688 0.114706 0.252706 -0.381005 0.118583 0.280771 -0.307502 0.099531 0.1923 -0.359125 0.114949 0.24334 -0.301785 0.088092 0.201242 -0.354253 0.105201 0.25096 -0.134797 0.140008 0.282444 -0.124291 0.134032 0.285787 -0.114075 0.197844 0.324194 -0.105122 0.192751 0.327043 -0.099007 0.227606 0.350091 -0.122592 0.143159 0.273246 -0.103674 0.20053 0.316355 -0.114075 0.197844 0.324194 -0.134797 0.140008 0.282444 -0.26435 0.151471 0.186254 -0.254102 0.158411 0.184238 -0.297372 0.210707 0.216554 -0.288639 0.216621 0.214836 -0.311562 0.246408 0.234092 -0.264557 0.159162 0.172679 -0.297548 0.217261 0.204986 -0.297372 0.210707 0.216554 -0.26435 0.151471 0.186254 -0.127443 0.241825 -0.104835 -0.139613 0.235964 -0.109091 -0.112591 0.25451 -0.168751 -0.122962 0.249515 -0.172377 -0.103014 0.262012 -0.221994 -0.140476 0.253457 -0.10715 -0.123698 0.264422 -0.170723 -0.112591 0.25451 -0.168751 -0.127443 0.241825 -0.104835 -0.31876 0.5622 -0.009375 -0.271347 0.548284 -0.156153 -0.246244 0.479354 -0.147158 -0.304378 0.647424 -0.172549 -0.257639 0.647213 -0.234399 -0.331312 0.772695 -0.187071 -0.342354 0.647424 -0.006057 -0.284209 0.772784 -0.259513 -0.215748 0.537338 -0.207715 -0.268513 0.337279 -0.01784 -0.287705 0.447997 -0.013584 -0.224455 0.366374 -0.138712 -0.225317 1.02324 -0.358234 -0.108463 1.02041 -0.403362 -0.217256 0.897967 -0.341311 -0.08761 0.647424 -0.322706 -0.204621 0.772695 -0.32312 -0.09686 0.772695 -0.360789 -0.180561 0.647424 -0.292202 -0.148961 0.528177 -0.243305 -0.18778 0.465135 -0.180508 -0.076386 0.522152 -0.265385 -0.308768 1.02324 -0.297147 -0.31265 1.14851 -0.300375 -0.22196 1.14851 -0.371024 -0.108796 1.14818 -0.417599 -0.209834 1.25478 -0.376937 -0.195002 1.38737 -0.359701 -0.099957 1.25235 -0.421915 -0.308503 1.25478 -0.292729 -0.291046 1.38862 -0.280969 -0.344741 1.38945 -0.181499 -0.372506 1.25478 -0.184954 -0.266348 1.46714 -0.261864 -0.316066 1.46965 -0.173859 -0.1738 1.46463 -0.334736 -0.094416 1.38532 -0.403184 -0.226283 1.53569 -0.231209 -0.143817 1.53537 -0.289003 -0.076556 1.53454 -0.320015 -0.088875 1.46297 -0.367172 0 1.46131 -0.380651 0 1.38328 -0.410537 -0.119179 1.58157 -0.248982 -0.064237 1.58157 -0.276639 -0.388811 1.39209 -0.024594 -0.352523 1.47304 -0.0246 -0.310433 1.53501 -0.025529 -0.274681 1.53601 -0.159164 -0.252726 1.58092 -0.026458 -0.222524 1.58157 -0.138666 -0.173761 1.61771 -0.024444 -0.150481 1.61771 -0.111325 0 1.6496 -0.023325 -0.187885 1.58157 -0.203851 -0.08688 1.61771 -0.174926 0 1.61771 -0.198205 0 1.6496 -0.023325 0 1.6496 -0.023325 0 1.58157 -0.283407 0 1.53372 -0.330138 -0.055555 0.420301 0.114688 -0.062678 0.454905 0.180714 -0.12053 0.42956 0.100309 0 0.452693 0.183816 0 0.515191 0.249779 -0.071184 0.517702 0.246351 -0.134778 0.465881 0.166153 -0.15179 0.524062 0.229937 -0.078933 0.647424 0.314261 -0.169697 0.647424 0.291408 -0.08923 0.772695 0.358068 -0.187149 0.772695 0.337366 0 0.772695 0.363599 0 0.647424 0.319691 -0.421529 1.02324 0.041448 -0.369136 0.897967 0.1765 -0.388212 1.02324 0.185485 -0.42704 1.14524 0.055724 -0.253337 0.64682 0.260492 -0.275171 0.772091 0.295376 -0.3429 0.772695 0.16091 -0.316664 0.647424 0.14433 -0.342354 0.647424 -0.006057 -0.372649 0.772695 -0.0144 -0.280087 0.548284 0.125337 -0.214353 0.535219 0.211482 -0.31876 0.5622 -0.009375 -0.287705 0.447997 -0.013584 -0.263388 0.479354 0.107286 -0.19065 0.474107 0.1736 -0.079187 0.334368 -0.023852 -0.11493 0.336654 0.059238 -0.112923 0.31352 0.053345 -0.079161 0.299355 -0.022828 -0.00553 0.045146 0.057925 -0.007967 0.101709 0.059045 0.004294 0.045146 0.169823 -0.024809 0.108486 -0.0567 -0.045927 0.165288 0.056895 -0.058028 0.168887 -0.04468 -0.042154 -0.00212 -0.057157 -0.024178 0.045146 -0.064333 -0.023902 -0.00212 0.058588 -0.013298 -0.00212 0.170978 -0.30099 0.165288 0.057316 -0.338423 0.101709 0.059045 -0.313253 0.160896 0.172639 -0.358233 0.045146 0.169823 -0.354128 0.101709 0.171435 -0.341502 0.045146 0.057925 -0.310535 0.108486 -0.0567 -0.340254 -0.00212 0.170979 -0.325776 -0.00212 0.058588 -0.300071 -0.00212 -0.057157 -0.311965 0.045146 -0.064333 -0.336886 0.041071 0.270188 -0.321724 -0.00212 0.26315 -0.256077 -0.00212 0.350367 -0.263636 0.036996 0.3656 -0.262808 0.088614 0.359558 -0.334026 0.095161 0.277918 -0.253841 0.146645 0.333801 -0.298807 0.155577 0.265969 -0.256164 0.17786 0.266571 -0.167953 0.189422 0.278786 -0.171862 0.158207 0.336206 -0.171676 0.088614 0.384613 -0.17064 0.036996 0.392617 -0.077644 0.036996 0.36336 -0.080061 0.088614 0.357437 -0.014631 0.095161 0.276858 -0.085608 0.146645 0.331681 -0.043563 0.155577 0.264379 -0.010753 0.041071 0.269069 0.000576 0.101709 0.171435 -0.079742 0.17786 0.264451 -0.168729 0.204898 0.186058 -0.087627 -0.00212 0.348247 -0.027316 -0.00212 0.26209 -0.172075 -0.00212 0.375423 0 1.57668 0.230423 0 1.61977 0.157032 -0.061161 1.57711 0.217294 -0.068152 1.5209 0.286974 0 1.52129 0.293525 -0.049975 1.4457 0.337701 0 1.44745 0.343835 -0.08688 1.62047 0.136333 -0.120303 1.5777 0.199815 -0.219598 1.57669 0.102017 -0.150481 1.61771 0.062436 -0.173761 1.61771 -0.024444 0 1.6496 -0.023325 0 1.6496 -0.023325 0 1.6496 -0.023325 -0.218085 1.51872 0.227236 -0.14381 1.53848 0.246793 -0.287031 1.52642 0.127583 -0.310433 1.53501 -0.025529 -0.252726 1.58092 -0.026458 -0.352523 1.47304 -0.0246 -0.325123 1.46965 0.149529 -0.362005 1.37945 0.167242 -0.257859 1.46192 0.247593 -0.291088 1.36755 0.279907 -0.395949 1.25047 0.177076 -0.312714 1.24727 0.296149 -0.388811 1.39209 -0.024594 -0.14896 1.5033 0.272409 -0.108238 1.48994 0.295452 -0.189616 1.33313 0.35105 -0.220853 1.38436 0.317537 -0.180131 1.371 0.34058 -0.133455 1.3829 0.350603 -0.098655 1.41553 0.343779 -0.088943 1.36795 0.365163 -0.037827 1.34443 0.375765 0 1.35395 0.374332 -0.060511 1.23337 0.395157 -0.060532 1.31022 0.38204 -0.108892 1.23656 0.385867 -0.071421 0.39899 -0.015854 -0.03571 0.391771 -0.023136 0 0.414944 0.104999 0 0.393064 -0.030418 -0.03571 0.391771 -0.023136 -0.071421 0.39899 -0.015854 -0.056417 0.406376 -0.152554 -0.12053 0.413779 -0.145103 -0.125877 0.453159 -0.192603 -0.068326 0.443588 -0.200928 0 0.393064 -0.030418 0 0.407589 -0.169035 0 0.439476 -0.203859 0 0.522152 -0.265624 0 0.647424 -0.327575 0 0.772695 -0.366993 0 1.01758 -0.412361 -0.104433 0.897967 -0.384979 0 1.1443 -0.428044 -0.079187 0.334368 -0.023852 -0.113384 0.358893 -0.136109 -0.076086 0.366923 -0.02027 -0.167353 0.362331 -0.159346 -0.218914 0.31563 -0.142376 -0.267633 0.300811 -0.025502 -0.092123 -0.00212 -0.15034 -0.024178 0.045146 -0.064333 -0.042154 -0.00212 -0.057157 -0.087627 -0.00212 0.348247 -0.172075 -0.00212 0.375423 -0.256077 -0.00212 0.350367 -0.027316 -0.00212 0.26209 -0.321724 -0.00212 0.26315 -0.013298 -0.00212 0.170978 -0.325776 -0.00212 0.058588 -0.340254 -0.00212 0.170979 -0.023902 -0.00212 0.058588 -0.300071 -0.00212 -0.057157 -0.042154 -0.00212 -0.057157 -0.238856 -0.00212 -0.147535 -0.092123 -0.00212 -0.15034 -0.163418 -0.00212 -0.167891 -0.355485 1.02324 -0.241299 -0.400891 0.910378 -0.183335 -0.405111 1.0241 -0.245534 -0.387897 1.1354 -0.17672 -0.421529 1.02324 0.041448 -0.446181 0.911697 -0.023904 -0.402032 0.911077 -0.017787 0 1.10548 0.35882 -0.037717 1.11485 0.357412 0 1.11324 0.408094 -0.037717 1.12258 0.406692 -0.060511 1.22561 0.345882 -0.037827 1.3367 0.322343 0 1.34619 0.320916 0 1.10548 0.35882 0 1.34619 0.320916 -0.037717 1.11485 0.357412 -0.037827 1.3367 0.322343 -0.060492 1.14876 0.352005 -0.133215 1.47757 0.229662 -0.073278 1.43068 0.279966 -0.092493 1.46421 0.252705 -0.08291 1.3898 0.301032 -0.21469 1.43303 0.226463 -0.224323 1.39215 0.247529 -0.11771 1.35717 0.307856 -0.164386 1.34526 0.297833 -0.204239 1.35997 0.277031 -0.11771 1.35717 0.307856 -0.164386 1.34526 0.297833 -0.204239 1.35997 0.277031 -0.240068 1.41788 0.290276 -0.224323 1.39215 0.247529 -0.08291 1.3898 0.301032 -0.230436 1.45877 0.26921 -0.17989 1.46566 0.219639 -0.133215 1.47757 0.229662 -0.073278 1.43068 0.279966 -0.046023 1.58641 -0.0532 -0.070952 1.65434 -0.098418 -0.032543 1.58641 -0.085743 -0.074034 1.67 -0.048245 -0.087519 1.65434 -0.066099 -0.146805 1.68662 -0.091713 -0.133506 1.68662 -0.123822 -0.214993 1.69891 -0.133496 -0.052547 1.66497 -0.098238 -0.050493 1.65434 -0.120363 -0.070781 1.69656 -0.175007 -0.014691 1.65434 -0.138639 -0.038672 1.69656 -0.188307 -0.085521 1.73242 -0.256914 0 1.58641 -0.099223 0 1.66189 -0.130908 -0.138773 1.71079 -0.010647 -0.086041 1.65434 -0.032548 -0.125473 1.71079 0.021462 -0.071114 1.65434 0.000163 -0.199851 1.73691 0.028291 -0.032543 1.58641 -0.020656 -0.054716 1.67295 0.00635 -0.074108 1.68476 0.083757 -0.047414 1.65434 0.017226 0 1.58641 -0.007176 0 1.6702 0.033817 -0.008616 1.65434 0.036152 -0.042 1.68476 0.097056 -0.101949 1.70878 0.188752 0.008616 1.65434 0.036152 0.047414 1.65434 0.017226 0.032543 1.58641 -0.020656 0.042 1.68476 0.097056 0.074108 1.68476 0.083757 0.054716 1.67295 0.00635 0.101949 1.70878 0.188752 0.046023 1.58641 -0.0532 0.086041 1.65434 -0.032548 0.125473 1.7209 0.021462 0.138773 1.7209 -0.010647 0.071114 1.65434 0.000163 0.182754 1.75403 0.028291 0.032543 1.58641 -0.085743 0.070952 1.65434 -0.098418 0.133506 1.68662 -0.123822 0.087519 1.65434 -0.066099 0.074034 1.67 -0.048245 0.146805 1.68662 -0.091713 0.214993 1.69891 -0.133496 0.050493 1.65434 -0.120363 0.052547 1.66497 -0.098238 0.038672 1.69656 -0.188307 0.014691 1.65434 -0.138639 0.070781 1.69656 -0.175007 0.085521 1.73242 -0.256914 -0.041783 1.69564 -0.091333 0 1.66176 -0.050266 0 1.69564 -0.108641 -0.019336 1.71862 -0.140223 -0.050674 1.71862 -0.127243 -0.052547 1.66497 -0.098238 -0.038672 1.72339 -0.172081 -0.059564 1.72339 -0.163427 -0.085521 1.73242 -0.256914 -0.038672 1.69656 -0.188307 -0.070781 1.69656 -0.175007 0.019336 1.71862 -0.140223 0.038672 1.72339 -0.172081 0.038672 1.69656 -0.188307 0.085521 1.73242 -0.256914 0.050674 1.71862 -0.127243 0.041783 1.69564 -0.091333 0.052547 1.66497 -0.098238 0.059564 1.72339 -0.163427 0.070781 1.69656 -0.175007 -0.041783 1.69564 -0.007765 -0.059091 1.69564 -0.04955 -0.091 1.72233 -0.029846 -0.07802 1.72233 0.001491 -0.054716 1.67295 0.00635 -0.122909 1.73144 -0.010424 -0.114256 1.73144 0.010467 -0.199851 1.73691 0.028291 -0.138773 1.71079 -0.010647 -0.125473 1.71079 0.021462 -0.082036 1.71283 -0.101631 -0.133506 1.68662 -0.123822 -0.122289 1.71245 -0.11219 -0.214993 1.69891 -0.133496 -0.130942 1.71245 -0.091298 -0.095016 1.71283 -0.070293 -0.059091 1.69564 -0.04955 -0.041783 1.69564 -0.091333 -0.074034 1.67 -0.048245 -0.146805 1.68662 -0.091713 -0.041783 1.69564 -0.007765 -0.052337 1.72053 0.032834 0 1.69564 0.01169 -0.021 1.72053 0.047427 -0.062892 1.72404 0.073124 -0.042 1.72404 0.082852 -0.101949 1.70878 0.188752 -0.074108 1.68476 0.083757 -0.042 1.68476 0.097056 0 1.6702 0.033817 0.021 1.72053 0.047427 0.042 1.68476 0.097056 0.042 1.72404 0.082852 0.101949 1.70878 0.188752 0.062892 1.72404 0.073124 0.052337 1.72053 0.032834 0.041783 1.69564 -0.007765 0.074108 1.68476 0.083757 -0.059091 1.69564 -0.04955 -0.069902 1.74329 -0.066191 -0.041783 1.69564 -0.091333 -0.055434 1.73311 -0.103264 -0.07699 1.7786 -0.114073 -0.088334 1.78437 -0.087396 -0.116671 1.82549 -0.120873 -0.032434 1.75131 -0.066191 -0.011558 1.71163 -0.061315 -0.066406 1.79607 -0.087396 0 1.66176 -0.050266 -0.032434 1.75131 -0.066191 -0.011558 1.71163 -0.061315 -0.066406 1.79607 -0.087396 0 1.66176 -0.050266 0 1.71376 -0.047548 0.041783 1.69564 -0.007765 0.034917 1.71978 -0.012675 0 1.7595 -0.038729 0.026992 1.7595 -0.013635 0.010755 1.81462 -0.016541 0.025439 1.80952 -0.000368 0.047895 1.87629 0.032368 -0.004886 1.8188 -0.001016 0.009915 1.81382 0.011233 0 1.7595 0.005248 -0.026992 1.7595 -0.013635 0 1.71518 0.005887 -0.034917 1.71978 -0.012675 -0.041783 1.69564 -0.007765 0 1.69564 0.01169 0.059091 1.69564 -0.04955 0.011558 1.71163 -0.061315 0.04044 1.7615 -0.072364 0.075014 1.7541 -0.072364 0.069258 1.79123 -0.088144 0.087522 1.77438 -0.087591 0.128734 1.81656 -0.120048 0.075835 1.77158 -0.114596 0.061664 1.74471 -0.106573 0.041783 1.69564 -0.091333 0.04044 1.7615 -0.072364 0.011558 1.71163 -0.061315 0.069258 1.79123 -0.088144 -0.431957 1.1354 -0.013309 -1.26738 0.789355 -0.208298 -1.34278 0.832626 -0.214419 -1.25859 0.814575 -0.286336 -1.3321 0.858998 -0.300501 -1.24707 0.917168 -0.359152 -1.13686 0.919697 -0.359414 -1.10652 0.820789 -0.262046 -1.03708 0.85334 -0.216348 -1.10087 0.785501 -0.192703 -1.2642 0.778077 -0.094868 -1.10015 0.779904 -0.095175 -0.984098 0.944987 -0.315628 -0.972175 0.860562 -0.205402 -0.916614 0.887717 -0.183509 -0.97091 0.836434 -0.095175 -0.916614 0.865436 -0.095175 -0.916614 0.887717 -0.00684 -0.972175 0.860562 0.01505 -1.03582 0.83546 -0.095175 -1.10089 0.785921 -0.004455 -1.03708 0.85334 0.025998 -1.03677 0.826268 0.063318 -1.02411 0.870599 0.182287 -0.951346 0.918522 0.113886 -1.14875 0.781306 0.141751 -1.18323 0.804709 0.095814 -1.20559 0.790218 0.147912 -1.17444 0.798798 0.187152 -1.13101 0.815151 0.19979 -0.916614 0.945895 0.068596 -0.954018 0.977141 0.141341 -1.10141 0.805033 0.047351 -1.26738 0.789355 0.008075 -1.25859 0.800634 0.074196 -1.23256 0.927818 0.133096 -1.316 0.858998 0.100507 -1.17549 0.957094 0.117876 -1.34278 0.832626 0.019118 -1.34853 0.820356 -0.094868 -0.985599 1.1704 -0.231942 -0.916614 1.16694 -0.197612 -0.988653 1.1166 -0.298686 -1.15765 1.15931 -0.27092 -0.916614 1.10475 -0.261758 -1.13956 1.10761 -0.326579 -1.26241 1.08243 -0.331809 -1.27554 1.14915 -0.277638 -1.35887 1.1018 -0.290998 -1.39464 1.11622 -0.208968 -1.27611 1.1818 -0.183988 -1.42731 1.01028 -0.219758 -1.38712 1.01357 -0.309348 -1.3321 0.858998 -0.300501 -1.34278 0.832626 -0.214419 -1.25474 0.996699 -0.36496 -1.24707 0.917168 -0.359152 -1.13686 0.919697 -0.359414 -1.13821 1.01639 -0.362476 -0.984098 0.944987 -0.315628 -0.986376 1.02676 -0.326637 -0.916614 1.02733 -0.271843 -1.43271 1.007 -0.094868 -1.34853 0.820356 -0.094868 -1.34278 0.832626 0.019118 -1.42731 1.01028 0.021036 -1.39464 1.11622 0.009469 -1.39525 1.12124 -0.094868 -1.27611 1.1818 -0.01207 -1.27669 1.18748 -0.093952 -1.15828 1.19303 -0.019346 -1.15891 1.19978 -0.095175 -0.982728 1.19105 -0.03217 -0.983532 1.19525 -0.095175 -0.982728 1.19105 -0.15818 -0.916614 1.18407 -0.095175 -1.15828 1.19303 -0.171004 -1.36389 1.1018 0.084517 -1.38001 1.01357 0.103684 -1.26039 1.0414 0.13258 -1.23256 0.927818 0.133096 -1.316 0.858998 0.100507 -1.27554 1.14751 0.069812 -1.16388 1.07216 0.1263 -1.15765 1.15767 0.063034 -1.07362 1.1029 0.107478 -0.981923 1.1704 0.030834 -0.974613 1.11697 0.099511 -0.960417 1.04109 0.123554 -0.916614 1.10158 0.061026 -0.916614 1.16694 0.005949 -1.02693 1.0496 0.150926 -1.07746 1.05168 0.118847 -1.17461 0.967942 0.127664 -1.17549 0.957094 0.117876 -1.11983 0.986164 0.180957 -1.04592 0.946721 0.199671 -0.954018 0.977141 0.141341 -1.02411 0.870599 0.182287 -1.15687 0.867436 0.218367 -1.13101 0.815151 0.19979 -1.19881 0.848794 0.204105 -1.2123 0.891879 0.177634 -1.23491 0.845783 0.165772 -1.2213 0.873651 0.121779 -1.22232 0.831636 0.114937 -1.17444 0.798798 0.187152 -1.22613 0.809473 0.157458 -1.20559 0.790218 0.147912 -1.18323 0.804709 0.095814 -1.20616 0.84093 0.098369 -1.2213 0.873651 0.121779 -1.22232 0.831636 0.114937 0.31876 0.5622 -0.009375 0.246243 0.479354 -0.147158 0.271347 0.548284 -0.156153 0.304378 0.647424 -0.172549 0.342354 0.647424 -0.006057 0.257639 0.647213 -0.234399 0.331312 0.772695 -0.187071 0.215748 0.537338 -0.207715 0.180561 0.647424 -0.292202 0.284209 0.772784 -0.259513 0.148961 0.528177 -0.243305 0.08761 0.647424 -0.322706 0.204621 0.772695 -0.32312 0.076386 0.522152 -0.265385 0.104433 0.897967 -0.384979 0 0.897967 -0.392517 0.108463 1.02041 -0.403362 0.308768 1.02324 -0.297147 0.217256 0.897967 -0.341311 0.225317 1.02324 -0.358234 0.31265 1.14851 -0.300375 0.22196 1.14851 -0.371024 0.108796 1.14818 -0.417599 0.209834 1.25478 -0.376937 0.099957 1.25235 -0.421915 0.195002 1.38737 -0.359701 0.308503 1.25478 -0.292729 0.094416 1.38532 -0.403184 0.344741 1.38945 -0.181499 0.372506 1.25478 -0.184954 0.388811 1.39209 -0.024594 0.266348 1.46714 -0.261864 0.291046 1.38862 -0.280969 0.316066 1.46965 -0.173859 0.1738 1.46463 -0.334736 0.226283 1.53569 -0.231209 0.143817 1.53537 -0.289003 0.076556 1.53454 -0.320015 0.088875 1.46297 -0.367172 0.119179 1.58157 -0.248982 0.064237 1.58157 -0.276639 0.352523 1.47304 -0.0246 0.310433 1.53501 -0.025529 0.274681 1.53601 -0.159164 0.252726 1.58092 -0.026458 0.222524 1.58157 -0.138666 0.173761 1.61771 -0.024444 0.150481 1.61771 -0.111325 0.187885 1.58157 -0.203851 0.08688 1.61771 -0.174926 0.055555 0.420301 0.114688 0.062678 0.454905 0.180714 0.12053 0.42956 0.100309 0.071184 0.517702 0.246351 0.134778 0.465881 0.166153 0.15179 0.524062 0.229937 0.078933 0.647424 0.314261 0.169697 0.647424 0.291408 0.08923 0.772695 0.358068 0.421529 1.02324 0.041448 0.369136 0.897967 0.1765 0.399792 0.908535 0.031852 0.42704 1.14524 0.055724 0.388212 1.02324 0.185485 0.253337 0.64682 0.260492 0.187149 0.772695 0.337366 0.3429 0.772695 0.16091 0.275171 0.772091 0.295376 0.316664 0.647424 0.14433 0.342354 0.647424 -0.006057 0.280087 0.548284 0.125337 0.214353 0.535219 0.211482 0.31876 0.5622 -0.009375 0.263388 0.479354 0.107286 0.287705 0.447997 -0.013584 0.19065 0.474107 0.1736 0.178769 0.448602 0.153365 0.079187 0.334368 -0.023852 0.11493 0.336654 0.059238 0.076086 0.366923 -0.02027 0.112923 0.31352 0.053345 0.079161 0.299355 -0.022828 0.30099 0.165288 0.057316 0.247997 0.193336 0.173843 0.313253 0.160896 0.172639 0.045927 0.165288 0.056895 0.089461 0.193336 0.171723 0.106408 0.19749 0.048684 0.007967 0.101709 0.059045 0.036047 0.160896 0.171579 -0.004294 0.045146 0.169823 -0.000576 0.101709 0.171436 0.00553 0.045146 0.057925 0.024809 0.108486 -0.0567 0.042154 -0.00212 -0.057157 0.023901 -0.00212 0.058588 0.013298 -0.00212 0.170979 0.338422 0.101709 0.059045 0.354128 0.101709 0.171436 0.358233 0.045146 0.169823 0.341501 0.045146 0.057925 0.310535 0.108486 -0.0567 0.340254 -0.00212 0.170979 0.325776 -0.00212 0.058588 0.300071 -0.00212 -0.057157 0.336886 0.041071 0.270188 0.256078 -0.00212 0.350368 0.321725 -0.00212 0.26315 0.263636 0.036996 0.3656 0.262808 0.088614 0.359558 0.334027 0.095161 0.277918 0.253841 0.146645 0.333801 0.298808 0.155577 0.265969 0.256164 0.17786 0.266571 0.167953 0.189422 0.278786 0.168729 0.204898 0.186058 0.171862 0.158207 0.336206 0.171676 0.088614 0.384613 0.17064 0.036996 0.392617 0.077644 0.036996 0.36336 0.080061 0.088614 0.357437 0.014631 0.095161 0.276859 0.085609 0.146645 0.331681 0.043563 0.155577 0.264379 0.010754 0.041071 0.269069 0.079742 0.17786 0.264451 0.087627 -0.00212 0.348247 0.027316 -0.00212 0.26209 0.172075 -0.00212 0.375423 0.061161 1.57711 0.217294 0.068152 1.5209 0.286974 0.14381 1.53848 0.246793 0.120303 1.5777 0.199815 0.049975 1.4457 0.337701 0.08688 1.62047 0.136333 0.219598 1.57669 0.102017 0.150481 1.61771 0.062436 0.173761 1.61771 -0.024444 0.218085 1.51872 0.227236 0.287031 1.52642 0.127583 0.310433 1.53501 -0.025529 0.252726 1.58092 -0.026458 0.352523 1.47304 -0.0246 0.325123 1.46965 0.149529 0.362005 1.37945 0.167242 0.257859 1.46192 0.247593 0.291088 1.36755 0.279907 0.395949 1.25047 0.177076 0.388811 1.39209 -0.024594 0.14896 1.5033 0.272409 0.108238 1.48994 0.295452 0.189616 1.33313 0.35105 0.312714 1.24727 0.296149 0.220853 1.38436 0.317537 0.180131 1.371 0.34058 0.133455 1.3829 0.350603 0.098655 1.41553 0.343779 0.088943 1.36795 0.365163 0.037827 1.34443 0.375765 0.060511 1.23337 0.395157 0.108892 1.23656 0.385867 0.060532 1.31022 0.38204 0.03571 0.391771 -0.023136 0.056417 0.406376 -0.152554 0.03571 0.391771 -0.023136 0.071421 0.39899 -0.015854 0.068326 0.443588 -0.200928 0.12053 0.413779 -0.145103 0.125877 0.453159 -0.192603 0.079187 0.334368 -0.023852 0.076086 0.366923 -0.02027 0.113384 0.358893 -0.136109 0.106408 0.231596 -0.142066 0.058028 0.168887 -0.04468 0.070512 0.197864 -0.032659 0.268513 0.337279 -0.01784 0.224455 0.366374 -0.138712 0.287705 0.447997 -0.013584 0.218914 0.315629 -0.142376 0.238856 -0.00212 -0.147535 0.311965 0.045146 -0.064333 0.300071 -0.00212 -0.057157 0.163418 -0.00212 -0.167891 0.247854 0.056047 -0.171742 0.092123 -0.00212 -0.15034 0.161082 0.056047 -0.19182 0.087627 -0.00212 0.348247 0.256078 -0.00212 0.350368 0.172075 -0.00212 0.375423 0.027316 -0.00212 0.26209 0.321725 -0.00212 0.26315 0.023901 -0.00212 0.058588 0.325776 -0.00212 0.058588 0.013298 -0.00212 0.170979 0.300071 -0.00212 -0.057157 0.042154 -0.00212 -0.057157 0.238856 -0.00212 -0.147535 0.092123 -0.00212 -0.15034 0.163418 -0.00212 -0.167891 0.355485 1.02324 -0.241299 0.387897 1.1354 -0.17672 0.405111 1.0241 -0.245534 0.421529 1.02324 0.041448 0.45394 1.0241 0.044537 0.431957 1.1354 -0.013309 0.44618 0.911697 -0.023905 0.037717 1.11485 0.357412 0.060511 1.22561 0.345882 0.060492 1.15652 0.404194 0.060532 1.30246 0.327802 0.037827 1.3367 0.322343 0.037717 1.11485 0.357412 0.060532 1.30246 0.327802 0.133215 1.47757 0.229662 0.21469 1.43303 0.226463 0.17989 1.46566 0.219638 0.08291 1.3898 0.301032 0.073278 1.43068 0.279966 0.224323 1.39215 0.247529 0.204239 1.35997 0.277031 0.164386 1.34526 0.297833 0.11771 1.35717 0.307856 0.11771 1.35717 0.307856 0.164386 1.34526 0.297833 0.204239 1.35997 0.277031 0.240068 1.41788 0.290276 0.224323 1.39215 0.247529 0.08291 1.3898 0.301032 0.230436 1.45877 0.26921 0.21469 1.43303 0.226463 0.133215 1.47757 0.229662 0.092493 1.46421 0.252705 0.041783 1.69564 -0.007765 0.059091 1.69564 -0.04955 0.091 1.72233 -0.029846 0.07802 1.72233 0.001491 0.054716 1.67295 0.00635 0.122909 1.74155 -0.010424 0.114256 1.74155 0.010467 0.182754 1.75403 0.028291 0.138773 1.7209 -0.010647 0.125473 1.7209 0.021462 0.082036 1.71283 -0.101631 0.122289 1.71245 -0.11219 0.133506 1.68662 -0.123822 0.214993 1.69891 -0.133496 0.130942 1.71245 -0.091298 0.095016 1.71283 -0.070293 0.059091 1.69564 -0.04955 0.041783 1.69564 -0.091333 0.074034 1.67 -0.048245 0.146805 1.68662 -0.091713 0.431957 1.1354 -0.013309 1.3321 0.858997 -0.300501 1.34278 0.832626 -0.214419 1.25859 0.814575 -0.286336 1.26738 0.789355 -0.208298 1.24707 0.917168 -0.359152 1.13686 0.919697 -0.359414 1.10652 0.820788 -0.262046 1.03708 0.85334 -0.216348 1.10087 0.785501 -0.192703 1.2642 0.778077 -0.094868 1.10015 0.779904 -0.095175 0.984097 0.944987 -0.315628 0.972174 0.860562 -0.205402 0.916614 0.953962 -0.251334 0.97091 0.836434 -0.095175 0.916614 0.887717 -0.183509 0.916614 0.887717 -0.00684 0.916614 0.865436 -0.095175 0.972174 0.860562 0.01505 1.03582 0.83546 -0.095175 1.10089 0.785921 -0.004455 1.03708 0.85334 0.025998 1.03677 0.826268 0.063318 1.02411 0.870599 0.182287 0.951345 0.918522 0.113886 1.14875 0.781306 0.141751 1.18323 0.804709 0.095814 1.20559 0.790218 0.147912 1.17444 0.798797 0.187152 1.13101 0.815151 0.19979 0.954017 0.97714 0.141341 0.916614 0.945895 0.068596 1.1014 0.805033 0.047351 1.26738 0.789355 0.008073 1.25859 0.800633 0.074196 1.23256 0.927817 0.133096 1.316 0.858997 0.100507 1.17549 0.957093 0.117876 1.34278 0.832626 0.019118 1.34853 0.820356 -0.094868 0.985598 1.1704 -0.231942 0.988653 1.1166 -0.298686 0.916614 1.16694 -0.197612 1.15765 1.15931 -0.27092 0.916614 1.10475 -0.261758 1.13956 1.10761 -0.326579 1.26241 1.08243 -0.331809 1.27554 1.14915 -0.277638 1.35887 1.1018 -0.290998 1.39464 1.11622 -0.208968 1.27611 1.1818 -0.183988 1.42731 1.01028 -0.219758 1.38712 1.01357 -0.309348 1.3321 0.858997 -0.300501 1.34278 0.832626 -0.214419 1.25474 0.996699 -0.36496 1.24707 0.917168 -0.359152 1.13686 0.919697 -0.359414 1.13821 1.01639 -0.362476 0.984097 0.944987 -0.315628 0.986375 1.02676 -0.326637 0.916614 1.02733 -0.271843 1.43271 1.007 -0.094868 1.39525 1.12124 -0.094868 1.39464 1.11622 0.009469 1.42731 1.01028 0.021036 1.27611 1.1818 -0.01207 1.27669 1.18748 -0.093952 1.15828 1.19303 -0.019346 1.15891 1.19978 -0.095175 0.982727 1.19105 -0.03217 0.983532 1.19525 -0.095175 0.982727 1.19105 -0.15818 0.916614 1.18407 -0.095175 1.15828 1.19303 -0.171004 1.34278 0.832626 0.019118 1.34853 0.820356 -0.094868 1.36389 1.1018 0.084517 1.38001 1.01357 0.103684 1.26039 1.0414 0.13258 1.23256 0.927817 0.133096 1.17461 0.967941 0.127664 1.16388 1.07216 0.1263 1.07746 1.05167 0.118847 1.27554 1.14751 0.069812 1.15765 1.15767 0.063034 1.07362 1.1029 0.107478 1.316 0.858997 0.100507 0.981923 1.1704 0.030834 0.974612 1.11697 0.099511 0.916614 1.10158 0.061026 0.960415 1.04109 0.123555 0.916614 1.02733 0.081493 0.916614 1.16694 0.005949 1.02693 1.0496 0.150926 1.11983 0.986164 0.180957 1.17549 0.957093 0.117876 1.04592 0.946721 0.199671 0.954017 0.97714 0.141341 1.02411 0.870599 0.182287 1.15687 0.867436 0.218367 1.13101 0.815151 0.19979 1.19881 0.848794 0.204105 1.2123 0.891878 0.177634 1.23491 0.845782 0.165772 1.2213 0.873651 0.121779 1.22232 0.831635 0.114937 1.17444 0.798797 0.187152 1.22613 0.809472 0.157458 1.20559 0.790218 0.147912 1.18323 0.804709 0.095814 1.20616 0.84093 0.098369 1.2213 0.873651 0.121779 1.22232 0.831635 0.114937 0.103512 0.297991 -0.027629 0.046621 0.293619 -0.020508 0.101869 0.296597 -0.040237 0.045096 0.292325 -0.032207 0.007514 0.288736 -0.020891 0.10079 0.31168 -0.035276 0.044094 0.306322 -0.027604 0.046621 0.293619 -0.020508 0.103512 0.297991 -0.027629 0.26435 0.151471 0.186254 0.297372 0.210707 0.216554 0.254102 0.158411 0.184238 0.288639 0.216621 0.214837 0.311562 0.246408 0.234092 0.264557 0.159162 0.17268 0.297548 0.217261 0.204986 0.297372 0.210707 0.216554 0.26435 0.151471 0.186254 -0.103512 0.297991 -0.027629 -0.101869 0.296597 -0.040237 -0.046621 0.293619 -0.020508 -0.045096 0.292325 -0.032207 -0.007514 0.288736 -0.020891 -0.10079 0.31168 -0.035276 -0.044094 0.306322 -0.027604 -0.046621 0.293619 -0.020508 -0.103512 0.297991 -0.027629 -0.372649 0.772695 -0.0144 -0.361291 0.914343 -0.189343 -0.402032 0.911077 -0.017787 -0.302153 0.897967 -0.280576 -0.355485 1.02324 -0.241299 -0.175719 0.438666 -0.174397 -0.387897 1.1354 -0.17672 -0.422016 1.25478 -0.024588 -0.431957 1.1354 -0.013309 -0.096385 0.897967 0.384094 -0.195976 0.897967 0.363359 -0.105739 1.02253 0.395467 -0.202555 1.02324 0.375928 -0.204722 1.14804 0.378142 -0.111315 1.15214 0.394273 -0.19825 1.2411 0.367641 0 1.02182 0.408031 0 0.897967 0.393506 -0.308625 1.02263 0.311398 -0.320244 1.14767 0.308302 -0.290385 0.897363 0.307866 -0.399792 0.908535 0.031852 -0.402032 0.911077 -0.017787 -0.397057 1.14851 0.186063 -0.422016 1.25478 -0.024588 -0.178769 0.448602 0.153365 -0.167308 0.39737 0.120505 -0.252388 0.423829 0.085245 -0.268513 0.337279 -0.01784 -0.235872 0.343911 0.063313 -0.233171 0.317409 0.056682 -0.165879 0.315465 0.092996 -0.166843 0.340282 0.099258 -0.164915 0.290648 0.086647 -0.23325 0.292462 0.049906 -0.168896 0.237227 0.082367 -0.235823 0.227209 0.043745 -0.267633 0.300811 -0.025502 -0.27419 0.204375 -0.032659 -0.11773 0.383107 0.079799 -0.076086 0.366923 -0.02027 -0.112611 0.286642 0.047423 -0.111871 0.233207 0.042083 -0.070512 0.197865 -0.032659 -0.106408 0.19749 0.048684 -0.166459 0.206164 0.102302 -0.089461 0.193336 0.171723 -0.247997 0.193336 0.173843 -0.24136 0.194087 0.056876 -0.036047 0.160896 0.171579 -0.284018 0.168887 -0.04468 -0.195635 1.4914 0.262386 -0.089023 1.45642 0.322713 -0.101599 1.31955 0.374398 -0.060492 1.15652 0.404194 0 1.24992 -0.430763 -0.110917 0.313037 -0.138418 -0.079161 0.299355 -0.022828 -0.164915 0.314333 -0.161457 -0.106408 0.231596 -0.142066 -0.070512 0.197865 -0.032659 -0.058028 0.168887 -0.04468 -0.102762 0.172394 -0.156546 -0.166459 0.231596 -0.168071 -0.164636 0.172394 -0.178666 -0.22651 0.231596 -0.1471 -0.27419 0.204375 -0.032659 -0.284018 0.168887 -0.04468 -0.228676 0.172394 -0.158666 -0.244125 0.117731 -0.172147 -0.310535 0.108486 -0.0567 -0.247854 0.056047 -0.171742 -0.311965 0.045146 -0.064333 -0.238856 -0.00212 -0.147535 -0.300071 -0.00212 -0.057157 -0.163418 -0.00212 -0.167891 -0.161082 0.056047 -0.19182 -0.078641 0.056047 -0.173991 -0.080443 0.117731 -0.170027 -0.024809 0.108486 -0.0567 -0.162284 0.117731 -0.192147 -0.446181 0.911697 -0.023904 -0.402032 0.911077 -0.017787 -0.361291 0.914343 -0.189343 -0.424155 1.13595 -0.177768 -0.460413 1.1365 -0.178816 -0.431957 1.1354 -0.013309 -0.457951 1.13595 -0.013327 -0.453941 1.0241 0.044537 -0.483945 1.1365 -0.013345 -0.615967 0.907808 -0.183512 -0.593268 0.907808 -0.021087 -0.621256 1.02431 -0.250803 -0.626545 1.14082 -0.181651 -0.601025 1.14082 -0.018966 -0.591809 1.02431 0.049851 -0.593268 0.907808 -0.021087 -0.657161 0.906836 -0.184237 -0.659681 1.02436 -0.25212 -0.662201 1.14189 -0.18236 -0.704446 1.02442 0.052508 -0.701087 1.14297 -0.017521 -0.697211 0.905864 -0.019679 -0.795822 1.02449 0.052133 -0.796813 1.14239 -0.017507 -0.70075 1.14297 -0.183068 -0.804591 1.14239 -0.182136 -0.803234 1.02449 -0.252114 -0.698106 1.02442 -0.253437 -0.801878 0.906595 -0.184019 -0.695461 0.905864 -0.184962 -0.794827 0.906595 -0.019653 -0.697211 0.905864 -0.019679 -0.794827 0.906595 -0.019653 -0.913889 1.14177 -0.017492 -0.913893 1.14177 -0.181154 -0.913893 1.02457 -0.250721 -0.913893 0.907363 -0.183026 -0.913893 0.907363 -0.019627 -0.913893 0.907363 -0.019627 -0.913893 1.02457 0.051738 -0.060492 1.14876 0.352005 -0.060532 1.30246 0.327802 -0.060511 1.22561 0.345882 -0.060532 1.30246 0.327802 -0.17989 1.46566 0.219639 -0.21469 1.43303 0.226463 -0.092493 1.46421 0.252705 0 1.66189 -0.130908 -0.074034 1.67 -0.048245 -0.052547 1.66497 -0.098238 -0.054716 1.67295 0.00635 0.054716 1.67295 0.00635 -0.805146 1.02744 -0.292332 -0.799507 1.02706 -0.26447 -0.799507 1.10026 -0.251953 -0.805146 1.11275 -0.277904 -0.805146 1.18325 -0.206115 -0.799507 1.16084 -0.190301 -0.805146 1.20254 -0.095175 -0.799507 1.17742 -0.095175 -0.799507 1.16084 -0.000049 -0.805146 1.18325 0.015698 -0.799507 1.09754 0.054732 -0.805146 1.10956 0.079391 -0.799507 1.02706 0.07412 -0.805146 1.02744 0.101981 -0.799507 1.02706 0.07412 -0.805146 1.02744 0.101981 -0.799507 0.950267 0.064709 -0.805146 0.937952 0.090867 -0.805146 0.871639 0.015055 -0.799507 0.893268 -0.000049 -0.805146 0.84696 -0.095175 -0.799507 0.872085 -0.095175 -0.799507 0.893268 -0.190301 -0.805146 0.871639 -0.205407 -0.799507 0.957621 -0.248183 -0.805146 0.946536 -0.273187 -0.799507 1.02706 -0.26447 -0.805146 1.02744 -0.292332 -0.916614 0.953962 -0.251334 -0.916614 1.02733 0.081493 -0.916614 1.02733 -0.271843 -0.916614 1.02733 0.081493 -0.913893 1.02457 0.051738 -0.913889 1.14177 -0.017492 -0.913893 1.14177 -0.181154 -0.913893 1.02457 -0.250721 -0.913893 0.907363 -0.183026 -0.913893 1.02457 -0.250721 -0.913893 0.907363 -0.019627 -0.913893 1.02457 0.051738 0.187779 0.465135 -0.180508 0.372649 0.772695 -0.0144 0.09686 0.772695 -0.360789 0.361291 0.914343 -0.189343 0.402032 0.911077 -0.017787 0.302153 0.897967 -0.280576 0.355485 1.02324 -0.241299 0.387897 1.1354 -0.17672 0.422016 1.25478 -0.024588 0.431957 1.1354 -0.013309 0.071421 0.39899 -0.015854 0.096385 0.897967 0.384094 0.195976 0.897967 0.363359 0.105739 1.02253 0.395467 0.19825 1.2411 0.367641 0.204722 1.14804 0.378142 0.111315 1.15214 0.394273 0.308625 1.02263 0.311398 0.202555 1.02324 0.375928 0.320244 1.14767 0.308302 0.290385 0.897363 0.307866 0.402032 0.911077 -0.017787 0.397057 1.14851 0.186063 0.422016 1.25478 -0.024588 0.372649 0.772695 -0.0144 0.167308 0.39737 0.120505 0.252388 0.423829 0.085245 0.268513 0.337279 -0.01784 0.235872 0.343911 0.063313 0.233171 0.317409 0.056682 0.165879 0.315465 0.092996 0.166843 0.340282 0.099258 0.164915 0.290648 0.086647 0.23325 0.292462 0.049906 0.168896 0.237227 0.082367 0.235824 0.227209 0.043745 0.267633 0.300811 -0.025502 0.27419 0.204375 -0.032659 0.11773 0.383107 0.079799 0.112611 0.286641 0.047423 0.111871 0.233207 0.042083 0.070512 0.197864 -0.032659 0.058028 0.168887 -0.04468 0.166459 0.206164 0.102302 0.24136 0.194087 0.056876 0.024178 0.045146 -0.064333 0.311965 0.045146 -0.064333 0.284018 0.168887 -0.04468 0.195635 1.4914 0.262385 0.089023 1.45642 0.322713 0.101599 1.31955 0.374398 0.037717 1.12258 0.406692 0.110917 0.313037 -0.138418 0.079161 0.299355 -0.022828 0.164915 0.314333 -0.161457 0.167353 0.362331 -0.159346 0.175719 0.438666 -0.174397 0.102762 0.172394 -0.156546 0.166459 0.231596 -0.168071 0.164636 0.172394 -0.178666 0.267633 0.300811 -0.025502 0.22651 0.231596 -0.1471 0.27419 0.204375 -0.032659 0.284018 0.168887 -0.04468 0.228675 0.172394 -0.158666 0.244125 0.117731 -0.172147 0.310535 0.108486 -0.0567 0.078641 0.056047 -0.173991 0.080443 0.117731 -0.170027 0.024809 0.108486 -0.0567 0.024178 0.045146 -0.064333 0.162284 0.117731 -0.192147 0.042154 -0.00212 -0.057157 0.340254 -0.00212 0.170979 0.40089 0.910378 -0.183336 0.361291 0.914343 -0.189343 0.402032 0.911077 -0.017787 0.44618 0.911697 -0.023905 0.424155 1.13595 -0.177768 0.460413 1.1365 -0.178816 0.457951 1.13595 -0.013327 0.483944 1.1365 -0.013345 0.402032 0.911077 -0.017787 0.615966 0.907808 -0.183512 0.593268 0.907808 -0.021088 0.621255 1.02431 -0.250803 0.626544 1.14081 -0.181651 0.601025 1.14081 -0.018967 0.591809 1.02431 0.049851 0.593268 0.907808 -0.021088 0.657161 0.906836 -0.184237 0.65968 1.02436 -0.25212 0.662201 1.14189 -0.18236 0.704446 1.02442 0.052508 0.701087 1.14297 -0.017521 0.697211 0.905864 -0.019679 0.795822 1.02449 0.052133 0.796812 1.14239 -0.017507 0.70075 1.14297 -0.183068 0.804591 1.14239 -0.182136 0.803234 1.02449 -0.252114 0.698106 1.02442 -0.253438 0.801878 0.906594 -0.184019 0.695461 0.905864 -0.184962 0.794827 0.906594 -0.019654 0.697211 0.905864 -0.019679 0.794827 0.906594 -0.019654 0.913888 1.14177 -0.017492 0.913892 1.14177 -0.181154 0.913892 1.02457 -0.250721 0.913892 0.907363 -0.183026 0.913892 0.907363 -0.019627 0.913892 0.907363 -0.019627 0.913892 1.02457 0.051738 0.060492 1.14876 0.352005 0.037827 1.3367 0.322343 0.060511 1.22561 0.345882 0.060492 1.14876 0.352005 0.092493 1.46421 0.252705 0.17989 1.46566 0.219638 0.073278 1.43068 0.279966 0.074034 1.67 -0.048245 0.052547 1.66497 -0.098238 0.805146 1.02744 -0.292332 0.805146 1.11274 -0.277904 0.799506 1.10026 -0.251953 0.799506 1.02706 -0.26447 0.805146 1.18325 -0.206116 0.799506 1.16084 -0.190301 0.805146 1.20254 -0.095175 0.799506 1.17742 -0.095175 0.799506 1.16084 -0.000049 0.805146 1.18325 0.015698 0.799506 1.09754 0.054732 0.805146 1.10956 0.07939 0.799506 1.02706 0.07412 0.805146 1.02744 0.101981 0.805146 0.937951 0.090867 0.805146 1.02744 0.101981 0.799506 0.950266 0.064709 0.799506 1.02706 0.07412 0.805146 0.871638 0.015055 0.799506 0.893268 -0.000049 0.805146 0.84696 -0.095175 0.799506 0.872085 -0.095175 0.799506 0.893268 -0.190301 0.805146 0.871638 -0.205407 0.799506 0.957621 -0.248183 0.805146 0.946536 -0.273187 0.799506 1.02706 -0.26447 0.805146 1.02744 -0.292332 0.916614 1.02733 0.081493 0.916614 1.02733 -0.271843 0.913892 1.02457 0.051738 0.913888 1.14177 -0.017492 0.913892 1.14177 -0.181154 0.913892 1.02457 -0.250721 0.913892 0.907363 -0.183026 0.913892 1.02457 -0.250721 0.913892 0.907363 -0.019627 0.913892 1.02457 0.051738</float_array>
          <technique_common>
            <accessor source="#GeometrySource-array" count="2458" stride="3">
              <param name="X" type="float"/>
              <param name="Y" type="float"/>
              <param name="Z" type="float"/>
            </accessor>
          </technique_common>
        </source>
        <source id="GeometrySource1" name="chr349Nrm">
          <float_array id="GeometrySource1-array" count="7374">0.311268 0.716993 0.623726 0.266219 0.689764 0.673315 0.781489 -0.342615 -0.52143 0.753808 -0.410033 -0.513465 0.281417 -0.642765 0.712501 -0.93745 -0.341171 -0.069216 -0.900803 -0.433158 0.030458 0.266219 0.689764 0.673315 0.311268 0.716993 0.623726 0.570799 0.043123 0.819957 0.514886 0.027375 0.856821 0.598349 0.006805 -0.801207 0.543786 -0.011292 -0.839148 0.225906 -0.973788 0.026521 -0.989007 -0.147225 -0.013764 -0.966178 -0.257643 -0.010956 0.514886 0.027375 0.856821 0.570799 0.043123 0.819957 0.510642 -0.095005 0.854528 0.470113 -0.153022 0.86924 0.629403 0.266465 -0.729965 0.593212 0.220627 -0.774224 0.284779 -0.939305 -0.191328 -0.978295 -0.173685 -0.113013 -0.941435 -0.306385 -0.140817 0.470113 -0.153022 0.86924 0.510642 -0.095005 0.854528 0.563194 0.073702 0.823031 0.520385 0.024018 0.853594 0.590944 0.037721 -0.80583 0.549108 -0.014496 -0.835626 0.215007 -0.976245 0.026795 -0.992333 -0.122779 -0.014191 -0.965367 -0.26066 -0.011078 0.520385 0.024018 0.853594 0.563194 0.073702 0.823031 0.772558 -0.223857 -0.594174 0.742995 -0.186351 -0.642831 0.065067 -0.526308 0.8478 0.003418 -0.502532 0.864552 -0.637698 0.754617 -0.15458 -0.563573 0.819418 -0.10459 0.699844 0.547826 0.458373 0.742995 -0.186351 -0.642831 0.772558 -0.223857 -0.594174 0.371294 -0.239574 -0.897076 0.448756 -0.406914 0.795638 0.373041 -0.324637 -0.869167 0.471031 -0.410756 0.780647 0.769776 0.63412 0.073062 -0.735906 0.668215 0.109228 -0.637551 0.767167 0.070591 0.371294 -0.239574 -0.897076 0.373041 -0.324637 -0.869167 0.329239 -0.369311 -0.869029 0.336419 -0.317436 -0.886598 0.400902 -0.506163 0.763594 0.414091 -0.453095 0.789452 0.816453 0.577395 0.004425 -0.619298 0.779586 0.093358 -0.534999 0.839365 0.096135 0.336419 -0.317436 -0.886598 0.329239 -0.369311 -0.869029 0.641211 0.573793 -0.50952 0.399042 -0.731766 0.552525 0.713922 0.584517 -0.385558 0.482118 -0.764546 0.427823 0.274217 0.694896 0.664774 -0.988818 0.141731 0.046389 -0.958781 0.188149 0.21293 0.641211 0.573793 -0.50952 0.713922 0.584517 -0.385558 0.675936 0.652833 -0.341935 0.650329 0.643463 -0.403767 0.465595 -0.839787 0.279247 0.415517 -0.816262 0.401325 0.243939 0.544734 0.802346 -0.977639 0.18177 0.105747 -0.958779 0.169044 0.228403 0.650329 0.643463 -0.403767 0.675936 0.652833 -0.341935 0.531919 -0.751383 0.390493 0.497008 -0.794969 0.34786 0.599677 0.787951 -0.139718 0.567164 0.798223 -0.20289 0.317458 -0.32347 -0.891397 -0.969709 -0.040285 -0.240917 -0.929933 -0.081945 -0.358483 0.497008 -0.794969 0.34786 0.531919 -0.751383 0.390493 0.72593 -0.271102 -0.632083 0.703214 -0.216409 -0.677243 -0.079595 -0.674971 0.733538 -0.142526 -0.641641 0.753647 0.798227 0.250592 0.547757 -0.445061 0.895494 0.003326 -0.348404 0.934673 0.070712 0.703214 -0.216409 -0.677243 0.72593 -0.271102 -0.632083 0.73374 -0.270643 -0.6232 0.703219 -0.214457 -0.677858 -0.068333 -0.672712 0.736742 -0.143318 -0.640108 0.754799 0.796125 0.256667 0.548003 -0.449361 0.89335 0.000244 -0.357839 0.931573 0.064212 0.703219 -0.214457 -0.677858 0.73374 -0.270643 -0.6232 0.533564 -0.487053 -0.691439 0.560785 -0.469808 -0.681762 -0.339311 -0.598692 0.725559 -0.316304 -0.578314 0.752001 0.84779 0.09583 0.521602 -0.157691 0.987223 -0.022889 -0.087253 0.995863 0.025361 0.560785 -0.469808 -0.681762 0.533564 -0.487053 -0.691439 0.536167 -0.487336 -0.689223 0.568597 -0.466634 -0.677458 -0.33694 -0.599412 0.72607 -0.309254 -0.574987 0.757464 0.849167 0.086674 0.520963 -0.158243 0.987117 -0.023652 -0.074527 0.996654 0.03357 0.568597 -0.466634 -0.677458 0.536167 -0.487336 -0.689223 0.53378 -0.729042 -0.428459 0.509028 -0.737219 -0.444297 0.612704 0.62775 0.480129 0.574956 0.693982 0.433376 0.179821 0.468414 -0.865016 -0.98724 0.116584 -0.108466 -0.96635 0.191292 -0.171974 0.509028 -0.737219 -0.444297 0.53378 -0.729042 -0.428459 0.549251 -0.690402 -0.470817 0.537633 -0.673292 -0.507571 0.5989 0.608788 0.520284 0.574861 0.672614 0.465968 0.094303 0.556271 -0.825633 -0.989107 0.10358 -0.104587 -0.978435 0.15531 -0.136175 0.537633 -0.673292 -0.507571 0.549251 -0.690402 -0.470817 0.430812 0.067753 -0.899895 0.617405 -0.221967 0.75468 0.469871 0.071139 -0.879864 0.650155 -0.261063 0.713544 0.32552 0.940241 0.09992 -0.941218 0.291552 0.170603 -0.920156 0.343617 0.187724 0.469871 0.071139 -0.879864 0.430812 0.067753 -0.899895 0.403799 -0.070499 -0.912127 0.391808 -0.061893 -0.917963 0.680295 -0.233103 0.694883 0.67337 -0.158393 0.722139 0.306012 0.951301 -0.037202 -0.896358 0.389826 0.211134 -0.909782 0.367148 0.193645 0.403799 -0.070499 -0.912127 0.391808 -0.061893 -0.917963 0.553008 -0.151162 -0.819349 0.542041 -0.143376 -0.828031 0.553008 -0.151162 0.819349 0.541463 -0.074313 0.837434 0.30553 0.948878 -0.079258 -0.920174 0.39113 0.017243 -0.93038 0.366597 0 0.553008 -0.151162 -0.819349 0.542041 -0.143376 -0.828031 -0.66294 -0.45904 -0.591433 -0.685672 -0.423788 -0.591826 0.830193 -0.548376 0.100318 0.848574 -0.515523 0.118993 0.418266 0.266158 -0.868455 -0.082187 0.950363 0.300094 -0.04587 0.973373 0.224589 -0.685672 -0.423788 -0.591826 -0.66294 -0.45904 -0.591433 -0.708014 -0.569457 -0.417655 -0.725881 -0.52796 -0.440857 0.773328 -0.557465 0.301988 0.802019 -0.515655 0.30144 0.436572 -0.062014 -0.897529 -0.021057 0.999422 0.026673 0.030427 0.996399 -0.079136 -0.725881 -0.52796 -0.440857 -0.708014 -0.569457 -0.417655 -0.525304 -0.693102 -0.493625 -0.550596 -0.655674 -0.516659 0.858709 -0.380967 0.342757 0.876877 -0.333697 0.346026 0.50064 0.088048 -0.861166 -0.25465 0.965099 0.061129 -0.196632 0.979652 -0.040223 -0.550596 -0.655674 -0.516659 -0.525304 -0.693102 -0.493625 -0.530187 -0.599283 -0.599802 -0.49295 -0.582616 -0.646188 0.352402 -0.507316 0.786412 0.386348 -0.48923 0.781914 0.830913 -0.293869 -0.472466 0.19795 0.961643 -0.189893 0.264085 0.934325 -0.239365 -0.49295 -0.582616 -0.646188 -0.530187 -0.599283 -0.599802 -0.842457 -0.531068 -0.090734 -0.860702 -0.492946 -0.127265 0.683516 -0.506533 0.525577 0.720872 -0.46759 0.511569 0.316609 -0.56571 -0.761401 0.157203 0.891581 -0.424702 0.198588 0.827925 -0.524503 -0.860702 -0.492946 -0.127265 -0.842457 -0.531068 -0.090734 -0.720956 -0.588167 -0.366445 -0.734452 -0.547032 -0.401667 0.594052 -0.511925 0.620512 0.628432 -0.468051 0.62129 0.560977 -0.416743 -0.715283 0.141274 0.954677 -0.261979 0.213388 0.910379 -0.354508 -0.734452 -0.547032 -0.401667 -0.720956 -0.588167 -0.366445 -0.81917 -0.488889 -0.299914 -0.833721 -0.443137 -0.329453 0.641065 -0.622967 0.448272 0.679881 -0.582097 0.446011 0.402215 -0.347127 -0.847187 0.167123 0.974203 -0.15165 0.221446 0.938735 -0.264081 -0.833721 -0.443137 -0.329453 -0.81917 -0.488889 -0.299914 -0.680984 -0.437071 -0.587563 -0.68004 -0.411924 -0.606518 0.580634 -0.650371 0.489777 0.58735 -0.632519 0.504916 0.63116 -0.219461 -0.743958 0.25145 0.961424 -0.111518 0.196512 0.979873 -0.035096 -0.680984 -0.437071 -0.587563 -0.68004 -0.411924 -0.606518 -0.516302 -0.462923 -0.72051 -0.5452 -0.424495 -0.722884 0.653665 -0.611456 0.445919 0.650461 -0.581792 0.488281 0.716426 -0.009704 -0.697596 0.006378 0.992991 0.118016 0.072023 0.996189 0.049196 -0.5452 -0.424495 -0.722884 -0.516302 -0.462923 -0.72051 -0.518948 -0.42562 -0.74131 0.68583 -0.57715 0.443323 -0.493496 -0.486049 -0.721261 0.665935 -0.622902 0.410517 -0.047792 0.982348 0.180856 0.019105 0.994561 0.102392 0.70783 0.095067 -0.699956 -0.518948 -0.42562 -0.74131 -0.493496 -0.486049 -0.721261 0.377586 -0.707347 -0.597569 0.082737 -0.148141 0.985499 0.400163 -0.841557 -0.362838 0.021881 -0.030183 0.999305 0.96509 0.261858 -0.005554 -0.278885 0.629003 -0.725657 -0.262406 0.917872 -0.297748 0.377586 -0.707347 -0.597569 0.400163 -0.841557 -0.362838 0.095982 -0.52444 -0.84602 -0.139899 -0.589078 0.795874 -0.059939 -0.69315 -0.718297 -0.14347 -0.434929 0.888962 0.98504 -0.148781 0.086949 0.207043 0.906975 -0.366782 0.232894 0.965697 0.114845 0.095982 -0.52444 -0.84602 -0.059939 -0.69315 -0.718297 -0.599484 -0.215983 -0.770695 -0.577142 -0.193703 -0.793338 0.394803 -0.810604 0.432495 0.44021 -0.790296 0.426201 0.744571 -0.07352 -0.663482 0.200328 0.937549 0.284378 0.303695 0.93013 0.206462 -0.577142 -0.193703 -0.793338 -0.599484 -0.215983 -0.770695 -0.242815 -0.236498 -0.940803 -0.121498 -0.732526 0.669809 -0.294053 -0.261031 -0.919454 -0.171302 -0.741454 0.648769 0.859757 -0.467097 -0.206493 0.432095 0.869591 0.238967 0.537905 0.816547 0.209546 -0.242815 -0.236498 -0.940803 -0.294053 -0.261031 -0.919454 -0.692267 -0.423942 -0.583985 -0.67728 -0.3839 -0.627625 0.407313 -0.675518 0.614631 0.459556 -0.643983 0.611633 0.643895 -0.371847 -0.668677 0.285719 0.956344 -0.061404 0.38549 0.908195 -0.163034 -0.67728 -0.3839 -0.627625 -0.692267 -0.423942 -0.583985 -0.753318 -0.569376 -0.329125 -0.765855 -0.520387 -0.377709 0.641481 -0.540646 0.544247 0.683542 -0.489836 0.541139 0.492577 -0.437674 -0.752203 0.12455 0.965029 -0.230667 0.209148 0.906147 -0.367635 -0.765855 -0.520387 -0.377709 -0.753318 -0.569376 -0.329125 -0.63733 -0.466057 -0.613678 -0.597108 -0.462335 -0.655522 0.337144 -0.626159 0.703036 0.406297 -0.624506 0.667019 0.734294 -0.294725 -0.611515 0.30214 0.947073 -0.108465 0.371048 0.915534 -0.15531 -0.597108 -0.462335 -0.655522 -0.63733 -0.466057 -0.613678 0.703409 -0.461605 -0.540497 0.730362 -0.3883 -0.561956 -0.465114 -0.676185 0.571352 -0.499015 -0.612484 0.613064 0.699159 -0.136817 0.701753 -0.113991 0.991061 0.069309 0.005493 0.980699 0.195444 0.730362 -0.3883 -0.561956 0.703409 -0.461605 -0.540497 0.19148 -0.569342 -0.79949 0.239487 -0.521244 -0.819116 -0.38692 -0.572994 0.722476 -0.34807 -0.524043 0.77732 0.899162 -0.307727 0.311145 0.189677 0.979179 0.07233 0.346297 0.927071 0.143591 0.239487 -0.521244 -0.819116 0.19148 -0.569342 -0.79949 0.19148 -0.569342 -0.79949 0.233077 -0.510499 -0.827687 -0.386918 -0.572961 0.722503 -0.363213 -0.51346 0.777454 0.879381 -0.358692 0.313097 0.189707 0.979175 0.072299 0.372605 0.915872 0.149481 0.233077 -0.510499 -0.827687 0.19148 -0.569342 -0.79949 0.753558 -0.450163 -0.479065 0.775444 -0.413511 -0.477175 -0.451017 -0.655223 0.606026 -0.449918 -0.617379 0.645304 0.662479 0.16169 0.731422 -0.175453 0.984449 -0.008728 -0.14005 0.989167 0.043977 0.775444 -0.413511 -0.477175 0.753558 -0.450163 -0.479065 0.764788 -0.44824 -0.462797 0.786623 -0.411638 -0.460194 -0.465353 -0.657623 0.592434 -0.465181 -0.619947 0.63188 0.64484 0.1587 0.74766 -0.175241 0.984485 -0.008942 -0.141059 0.988997 0.044588 0.786623 -0.411638 -0.460194 0.764788 -0.44824 -0.462797 0.673375 -0.606355 -0.422965 0.715208 -0.534049 -0.450854 -0.628056 -0.571534 0.528105 -0.665077 -0.496793 0.557557 0.582311 -0.131844 0.802204 0.008636 0.999631 -0.025758 0.096074 0.990865 0.094639 0.715208 -0.534049 -0.450854 0.673375 -0.606355 -0.422965 0.711531 -0.581793 -0.394006 0.748642 -0.542087 -0.381676 -0.610407 -0.545798 0.574028 -0.609378 -0.506162 0.610294 0.588478 0.067204 0.805716 -0.041964 0.994719 -0.093664 0.016083 0.999742 -0.016022 0.748642 -0.542087 -0.381676 0.711531 -0.581793 -0.394006 -0.724004 -0.604735 -0.331834 -0.72441 -0.567326 -0.391626 0.704905 -0.547394 0.451075 0.751584 -0.50832 0.420395 0.478814 -0.21873 -0.850232 0.043428 0.98748 -0.15165 0.10343 0.959806 -0.260911 -0.72441 -0.567326 -0.391626 -0.724004 -0.604735 -0.331834 -0.723983 -0.604774 -0.331808 -0.745354 -0.548166 -0.379422 0.704934 -0.547332 0.451105 0.752913 -0.488036 0.441524 0.46588 -0.314076 -0.827231 0.043428 0.98748 -0.15165 0.124 0.947169 -0.295794 -0.745354 -0.548166 -0.379422 -0.723983 -0.604774 -0.331808 -0.216655 -0.442466 -0.870221 -0.152108 -0.443779 -0.883133 -0.376238 -0.526453 0.762425 -0.323963 -0.526917 0.785752 0.81013 -0.583099 0.060702 0.540099 0.836135 0.095769 0.625462 0.77406 0.098119 -0.152108 -0.443779 -0.883133 -0.216655 -0.442466 -0.870221 0.217604 -0.680095 -0.700085 0.27522 -0.649535 -0.708772 -0.211254 -0.448449 0.868484 -0.171824 -0.415186 0.893363 0.960366 -0.02237 0.277843 0.017914 0.989809 -0.141271 0.120246 0.985983 -0.115668 0.27522 -0.649535 -0.708772 0.217604 -0.680095 -0.700085 -0.25337 -0.626741 -0.736885 -0.210765 -0.59494 -0.775644 0.322101 -0.510619 0.797195 0.369619 -0.478725 0.796369 0.940552 -0.029787 -0.33834 -0.037477 0.997405 -0.061466 0.060367 0.993073 -0.100806 -0.210765 -0.59494 -0.775644 -0.25337 -0.626741 -0.736885 0.232466 0.916405 0.325825 0.448947 -0.77844 0.438723 0.216166 0.952588 0.214121 0.583132 -0.598056 0.549805 -0.633192 -0.012818 0.773888 -0.805984 -0.154519 -0.571413 -0.684909 -0.552517 -0.474999 0.216166 0.952588 0.214121 0.232466 0.916405 0.325825 0.826913 0.561428 -0.031831 -0.251024 -0.563392 0.787132 0.835602 0.54244 -0.086764 -0.016419 -0.431114 0.902148 -0.318258 0.737382 0.595802 -0.71001 0.185102 -0.679429 -0.878376 -0.150277 -0.453731 0.835602 0.54244 -0.086764 0.826913 0.561428 -0.031831 -0.035707 -0.473319 -0.880167 -0.074039 -0.435629 -0.897076 0.772837 -0.323503 0.545957 0.763992 -0.28026 0.581181 0.680694 0.58047 -0.446889 -0.634961 0.718249 0.284504 -0.552334 0.801583 0.228893 -0.074039 -0.435629 -0.897076 -0.035707 -0.473319 -0.880167 0.821135 -0.525714 -0.222176 0.841851 -0.499361 -0.204756 -0.756514 -0.592076 0.277726 -0.765413 -0.567407 0.303632 0.303451 -0.110693 0.946396 -0.013794 0.995843 0.090031 0.014863 0.984041 0.177318 0.841851 -0.499361 -0.204756 0.821135 -0.525714 -0.222176 0.634487 -0.489919 -0.597834 0.66159 -0.465536 -0.587856 -0.596994 -0.626324 0.501315 -0.593399 -0.604843 0.531077 0.662692 -0.215251 0.717291 0.063999 0.97894 0.193859 0.125707 0.957501 0.259594 0.66159 -0.465536 -0.587856 0.634487 -0.489919 -0.597834 0.633823 -0.503323 -0.587312 0.654947 -0.509369 -0.5582 -0.822561 -0.513307 0.244766 -0.808246 -0.519318 0.277574 0.449946 -0.42965 0.782911 0.224437 0.887099 0.40334 0.184154 0.924584 0.333515 0.633823 -0.503323 -0.587312 0.654947 -0.509369 -0.5582 0.579802 -0.502131 -0.641634 0.34371 -0.802448 -0.487792 -0.75206 -0.520082 0.404871 -0.871233 -0.172098 0.459712 0.389237 -0.391618 0.833744 0.833774 0.534995 -0.136388 0.160076 0.849698 0.502384 0.34371 -0.802448 -0.487792 0.579802 -0.502131 -0.641634 -0.021607 -0.488587 -0.872248 0.032075 -0.490415 -0.870899 -0.019227 -0.608584 0.793256 0.044436 -0.605901 0.794298 0.99671 -0.078707 -0.019348 0.091985 0.993494 0.067142 0.169197 0.982952 0.071963 0.032075 -0.490415 -0.870899 -0.021607 -0.488587 -0.872248 0.068941 -0.551901 -0.831055 0.107549 -0.523431 -0.845254 0.068941 -0.551901 0.831055 0.10755 -0.523467 0.845231 0.999997 -0.002624 0 -0.079044 0.996871 0 0.044435 0.999012 0 0.107549 -0.523431 -0.845254 0.068941 -0.551901 -0.831055 0.447656 -0.659184 -0.604219 0.489531 -0.629676 -0.603215 -0.560944 -0.462122 0.686866 -0.541042 -0.42452 0.725987 0.769913 -0.162424 0.617133 0.12299 0.990662 -0.058839 0.220681 0.975043 0.024323 0.489531 -0.629676 -0.603215 0.447656 -0.659184 -0.604219 0.736553 -0.600803 -0.310686 -0.80303 -0.469146 0.367486 0.704018 -0.61948 -0.347279 -0.810953 -0.488153 0.322587 0.38418 -0.167064 0.908017 0.109198 0.992304 0.058383 0.156715 0.973895 0.164223 0.736553 -0.600803 -0.310686 0.704018 -0.61948 -0.347279 0.661599 -0.609289 -0.437098 0.691448 -0.582371 -0.427485 -0.713997 -0.516172 0.473048 -0.714158 -0.487306 0.502505 0.533264 -0.186839 0.825058 0.131599 0.986441 0.098058 0.183941 0.966462 0.179211 0.691448 -0.582371 -0.427485 0.661599 -0.609289 -0.437098 0.2216 -0.626927 -0.746898 0.272932 -0.606536 -0.746741 -0.638891 -0.420129 0.644446 -0.612665 -0.393601 0.685361 0.709753 -0.484888 0.511013 0.389578 0.914997 0.104925 0.487232 0.855746 0.174079 0.272932 -0.606536 -0.746741 0.2216 -0.626927 -0.746898 0.330375 -0.449707 -0.829829 0.375509 -0.418083 -0.827164 -0.49695 -0.642284 0.583534 -0.475954 -0.616161 0.627545 0.823247 -0.368729 0.431629 0.170509 0.958081 0.230235 0.281937 0.914693 0.289567 0.375509 -0.418083 -0.827164 0.330375 -0.449707 -0.829829 0.485685 -0.614202 0.621985 0.515109 -0.570319 0.639843 -0.882068 0.31209 0.352925 -0.856941 0.358872 0.36995 0.419668 0.762671 0.49215 0.38015 0.308124 -0.872093 0.422813 0.386129 -0.819838 0.485685 -0.614202 0.621985 0.515109 -0.570319 0.639843 0.04883 -0.959189 0.278518 0.101873 -0.954888 0.278946 -0.658778 0.514271 0.549124 -0.621769 0.551911 0.555695 0.634897 0.166362 0.754473 0.577699 0.407341 -0.707345 0.665649 0.431477 -0.608884 0.101873 -0.954888 0.278946 0.04883 -0.959189 0.278518 0.916678 0.096837 0.387717 0.907785 0.149085 0.392046 -0.510579 -0.743468 0.431932 -0.551729 -0.710216 0.437251 -0.299086 0.549067 0.780431 -0.378772 0.606597 -0.698979 -0.420642 0.683136 -0.596981 0.907785 0.149085 0.392046 0.916678 0.096837 0.387717 -0.966748 -0.170235 0.190835 -0.975964 -0.119573 0.182198 0.438412 -0.848289 -0.296985 0.474515 -0.8109 -0.342458 -0.307571 0.108159 -0.945358 0.44295 0.895759 0.037568 0.417252 0.905613 -0.07593 -0.975964 -0.119573 0.182198 -0.966748 -0.170235 0.190835 -0.311323 0.716979 0.623714 -0.781449 -0.342672 -0.521454 -0.266219 0.689764 0.673315 -0.753808 -0.410033 -0.513465 -0.281417 -0.642765 0.712501 0.93745 -0.341171 -0.069216 0.900803 -0.433158 0.030458 -0.266219 0.689764 0.673315 -0.311323 0.716979 0.623714 -0.570799 0.043123 0.819957 -0.59833 0.006775 -0.801221 -0.514922 0.027375 0.8568 -0.543786 -0.011292 -0.839148 -0.225935 -0.973782 0.02649 0.989003 -0.147255 -0.013764 0.966178 -0.257644 -0.010925 -0.570799 0.043123 0.819957 -0.514922 0.027375 0.8568 -0.510618 -0.095037 0.854539 -0.629486 0.266462 -0.729894 -0.470113 -0.153022 0.86924 -0.593198 0.220622 -0.774237 -0.28477 -0.939303 -0.191352 0.978302 -0.173686 -0.112953 0.941443 -0.306357 -0.140818 -0.470113 -0.153022 0.86924 -0.510618 -0.095037 0.854539 -0.563173 0.073704 0.823045 -0.590924 0.037722 -0.805845 -0.520443 0.024018 0.853559 -0.549037 -0.014527 -0.835672 -0.214978 -0.976251 0.026795 0.992329 -0.122809 -0.014191 0.965368 -0.26066 -0.011017 -0.520443 0.024018 0.853559 -0.563173 0.073704 0.823045 -0.772558 -0.223857 -0.594174 -0.065067 -0.526308 0.8478 -0.742957 -0.186319 -0.642885 -0.003448 -0.502554 0.864539 0.637698 0.754617 -0.15458 0.563594 0.819404 -0.104589 -0.699902 0.547854 0.458249 -0.742957 -0.186319 -0.642885 -0.772558 -0.223857 -0.594174 -0.471031 -0.410756 0.780647 -0.448756 -0.406914 0.795638 -0.373041 -0.324637 -0.869167 -0.371294 -0.239574 -0.897076 -0.769776 0.63412 0.073062 0.735906 0.668215 0.109228 0.637551 0.767167 0.070591 -0.371294 -0.239574 -0.897076 -0.373041 -0.324637 -0.869167 -0.329239 -0.369311 -0.869029 -0.400873 -0.506135 0.763628 -0.336416 -0.317463 -0.88659 -0.414086 -0.45306 0.789474 -0.816492 0.57734 0.004455 0.619298 0.779586 0.093358 0.535001 0.839368 0.096104 -0.336416 -0.317463 -0.88659 -0.329239 -0.369311 -0.869029 -0.482147 -0.764544 0.427792 -0.39904 -0.731793 0.552491 -0.713909 0.584537 -0.385551 -0.641209 0.573823 -0.509488 -0.274245 0.694891 0.664768 0.988825 0.14167 0.046419 0.958787 0.18815 0.212901 -0.713909 0.584537 -0.385551 -0.641209 0.573823 -0.509488 -0.675936 0.652833 -0.341935 -0.465571 -0.839799 0.279251 -0.65036 0.643432 -0.403766 -0.415461 -0.816273 0.401361 -0.244035 0.544714 0.80233 0.977639 0.18177 0.105747 0.958779 0.169044 0.228403 -0.65036 0.643432 -0.403766 -0.675936 0.652833 -0.341935 -0.531919 -0.751383 0.390493 -0.599699 0.78794 -0.139685 -0.496985 -0.794981 0.347865 -0.56713 0.798248 -0.202889 -0.317463 -0.323506 -0.891382 0.969715 -0.040315 -0.240888 0.92993 -0.081975 -0.358483 -0.496985 -0.794981 0.347865 -0.531919 -0.751383 0.390493 -0.725932 -0.271164 -0.632055 0.079595 -0.674971 0.733538 -0.703214 -0.216409 -0.677243 0.142558 -0.641587 0.753687 -0.798189 0.25059 0.547813 0.445061 0.895494 0.003296 0.348342 0.934701 0.070651 -0.703214 -0.216409 -0.677243 -0.725932 -0.271164 -0.632055 -0.733754 -0.270648 -0.623181 0.068301 -0.67273 0.736729 -0.703219 -0.214457 -0.677858 0.143318 -0.640108 0.754799 -0.796079 0.25657 0.548115 0.449336 0.893363 0.000183 0.357839 0.931573 0.064212 -0.703219 -0.214457 -0.677858 -0.733754 -0.270648 -0.623181 -0.533564 -0.487053 -0.691439 0.339311 -0.598692 0.725559 -0.560785 -0.469808 -0.681762 0.316304 -0.578314 0.752001 -0.84779 0.09583 0.521602 0.157691 0.987223 -0.022889 0.087253 0.995863 0.025361 -0.560785 -0.469808 -0.681762 -0.533564 -0.487053 -0.691439 -0.536167 -0.487336 -0.689223 0.33694 -0.599412 0.72607 -0.568597 -0.466634 -0.677458 0.309254 -0.574987 0.757464 -0.849167 0.086674 0.520963 0.158213 0.987122 -0.023652 0.074526 0.996653 0.033601 -0.568597 -0.466634 -0.677458 -0.536167 -0.487336 -0.689223 -0.533809 -0.72904 -0.428427 -0.612704 0.62775 0.480129 -0.509028 -0.737219 -0.444297 -0.574956 0.693982 0.433376 -0.179819 0.468438 -0.865004 0.98724 0.116584 -0.108466 0.96635 0.191292 -0.171974 -0.533809 -0.72904 -0.428427 -0.509028 -0.737219 -0.444297 -0.549251 -0.690402 -0.470817 -0.59891 0.608798 0.520262 -0.537666 -0.673265 -0.507573 -0.574828 0.672642 0.465966 -0.094303 0.556271 -0.825633 0.989106 0.103583 -0.10459 0.978435 0.15531 -0.136175 -0.537666 -0.673265 -0.507573 -0.549251 -0.690402 -0.470817 -0.650155 -0.261063 0.713544 -0.617405 -0.221967 0.75468 -0.469847 0.07114 -0.879876 -0.430812 0.067753 -0.899895 -0.325483 0.940254 0.099918 0.941218 0.291552 0.170603 0.920156 0.343617 0.187724 -0.469847 0.07114 -0.879876 -0.430812 0.067753 -0.899895 -0.567476 -0.081455 -0.819351 -0.567463 -0.081423 0.819363 -0.555661 -0.075076 -0.828013 -0.546499 -0.006622 0.837434 -0.185523 0.979434 -0.079317 0.968651 0.248427 0 0.961559 0.27406 0.017182 -0.567476 -0.081455 -0.819351 -0.555661 -0.075076 -0.828013 -0.552973 -0.15116 -0.819373 -0.552973 -0.15116 0.819373 -0.54209 -0.143381 -0.827998 -0.541477 -0.074315 0.837425 -0.305501 0.948885 -0.079289 0.920159 0.391167 0.017182 0.93038 0.366597 0 -0.552973 -0.15116 -0.819373 -0.54209 -0.143381 -0.827998 0.662913 -0.459074 -0.591437 -0.830193 -0.548376 0.100318 0.685681 -0.423763 -0.591833 -0.848552 -0.515558 0.118994 -0.418266 0.266158 -0.868455 0.082218 0.95036 0.300093 0.045839 0.973368 0.224619 0.685681 -0.423763 -0.591833 0.662913 -0.459074 -0.591437 0.708014 -0.569457 -0.417655 -0.773328 -0.557465 0.301988 0.725881 -0.52796 -0.440857 -0.802019 -0.515655 0.30144 -0.436572 -0.062014 -0.897529 0.021057 0.999422 0.026673 -0.030427 0.996399 -0.079136 0.725881 -0.52796 -0.440857 0.708014 -0.569457 -0.417655 0.525271 -0.693129 -0.493623 -0.858729 -0.380915 0.342765 0.550564 -0.655702 -0.516657 -0.876885 -0.333639 0.34606 -0.500642 0.088018 -0.861168 0.254678 0.965092 0.061128 0.196668 0.979645 -0.040224 0.550564 -0.655702 -0.516657 0.525271 -0.693129 -0.493623 0.530187 -0.599283 -0.599802 -0.352407 -0.507293 0.786424 0.49295 -0.582616 -0.646188 -0.386348 -0.48923 0.781914 -0.830913 -0.293869 -0.472466 -0.197979 0.961637 -0.189892 -0.264085 0.934325 -0.239365 0.530187 -0.599283 -0.599802 0.49295 -0.582616 -0.646188 0.842455 -0.531066 -0.090764 -0.683516 -0.506533 0.525577 0.860702 -0.492946 -0.127265 -0.720872 -0.46759 0.511569 -0.316609 -0.56571 -0.761401 -0.157203 0.891581 -0.424702 -0.198588 0.827925 -0.524503 0.860702 -0.492946 -0.127265 0.842455 -0.531066 -0.090764 0.720956 -0.588167 -0.366445 -0.594052 -0.511925 0.620512 0.734452 -0.547032 -0.401667 -0.628432 -0.468051 0.62129 -0.560977 -0.416743 -0.715283 -0.141274 0.954677 -0.261979 -0.213388 0.910379 -0.354508 0.720956 -0.588167 -0.366445 0.734452 -0.547032 -0.401667 0.819177 -0.488894 -0.299886 -0.641083 -0.622955 0.448264 0.833723 -0.443108 -0.329485 -0.679881 -0.582097 0.446011 -0.402179 -0.347123 -0.847206 -0.167124 0.974208 -0.15162 -0.221475 0.938728 -0.264079 0.833723 -0.443108 -0.329485 0.819177 -0.488894 -0.299886 0.680978 -0.437128 -0.587527 -0.580634 -0.650371 0.489777 0.680031 -0.41195 -0.60651 -0.58737 -0.632508 0.504907 -0.631146 -0.219436 -0.743977 -0.25142 0.961428 -0.111549 -0.196482 0.979878 -0.035127 0.680978 -0.437128 -0.587527 0.680031 -0.41195 -0.60651 0.516302 -0.462923 -0.72051 -0.653665 -0.611456 0.445919 0.5452 -0.424495 -0.722884 -0.650461 -0.581792 0.488281 -0.716426 -0.009704 -0.697596 -0.006378 0.992991 0.118016 -0.072023 0.996189 0.049196 0.516302 -0.462923 -0.72051 0.5452 -0.424495 -0.722884 -0.665935 -0.622902 0.410517 -0.68583 -0.57715 0.443323 0.493496 -0.486049 -0.721261 0.518948 -0.42562 -0.74131 0.047792 0.982348 0.180856 -0.019105 0.994561 0.102392 -0.70783 0.095067 -0.699956 0.518948 -0.42562 -0.74131 0.493496 -0.486049 -0.721261 -0.021881 -0.030183 0.999305 -0.082737 -0.148171 0.985495 -0.400163 -0.841557 -0.362838 -0.377587 -0.707319 -0.597602 -0.965091 0.261858 -0.005524 0.278885 0.629003 -0.725657 0.262435 0.917865 -0.297745 -0.377587 -0.707319 -0.597602 -0.400163 -0.841557 -0.362838 0.143502 -0.435024 0.88891 0.139898 -0.589043 0.7959 0.059939 -0.693087 -0.718357 -0.095982 -0.52444 -0.84602 -0.985039 -0.148751 0.08701 -0.207012 0.907032 -0.366658 -0.232889 0.965706 0.114781 -0.095982 -0.52444 -0.84602 0.059939 -0.693087 -0.718357 0.599484 -0.215983 -0.770695 -0.394803 -0.810604 0.432495 0.577142 -0.193703 -0.793338 -0.44021 -0.790296 0.426201 -0.744571 -0.07352 -0.663482 -0.200328 0.937549 0.284378 -0.303695 0.93013 0.206462 0.577142 -0.193703 -0.793338 0.599484 -0.215983 -0.770695 0.171302 -0.741454 0.648769 0.121498 -0.732526 0.669809 0.294053 -0.261031 -0.919454 0.242815 -0.236498 -0.940803 -0.859757 -0.467097 -0.206493 -0.432095 0.869591 0.238967 -0.537905 0.816547 0.209546 0.242815 -0.236498 -0.940803 0.294053 -0.261031 -0.919454 0.692267 -0.423942 -0.583985 -0.407313 -0.675518 0.614631 0.67728 -0.3839 -0.627625 -0.459556 -0.643983 0.611633 -0.643895 -0.371847 -0.668677 -0.285719 0.956344 -0.061404 -0.38549 0.908195 -0.163034 0.692267 -0.423942 -0.583985 0.67728 -0.3839 -0.627625 0.753318 -0.569376 -0.329125 -0.641481 -0.540646 0.544247 0.765855 -0.520387 -0.377709 -0.683542 -0.489836 0.541139 -0.492577 -0.437674 -0.752203 -0.12455 0.965029 -0.230667 -0.209148 0.906147 -0.367635 0.765855 -0.520387 -0.377709 0.753318 -0.569376 -0.329125 0.63733 -0.466057 -0.613678 -0.337144 -0.626159 0.703036 0.597108 -0.462335 -0.655522 -0.406297 -0.624506 0.667019 -0.734294 -0.294725 -0.611515 -0.30214 0.947073 -0.108465 -0.371048 0.915534 -0.15531 0.597108 -0.462335 -0.655522 0.63733 -0.466057 -0.613678 -0.703409 -0.461605 -0.540497 0.465114 -0.676185 0.571352 -0.730362 -0.3883 -0.561956 0.499015 -0.612484 0.613064 -0.699159 -0.136817 0.701753 0.113991 0.991061 0.069309 -0.005493 0.980699 0.195444 -0.730362 -0.3883 -0.561956 -0.703409 -0.461605 -0.540497 -0.19148 -0.569342 -0.79949 0.38692 -0.572994 0.722476 -0.239487 -0.521244 -0.819116 0.34807 -0.524043 0.77732 -0.899162 -0.307727 0.311145 -0.189677 0.979179 0.07233 -0.346297 0.927071 0.143591 -0.239487 -0.521244 -0.819116 -0.19148 -0.569342 -0.79949 -0.191476 -0.569363 -0.799476 0.386894 -0.573001 0.722484 -0.233042 -0.510489 -0.827703 0.363213 -0.51346 0.777454 -0.879372 -0.358689 0.313124 -0.189706 0.979173 0.07233 -0.372607 0.915876 0.149452 -0.233042 -0.510489 -0.827703 -0.191476 -0.569363 -0.799476 -0.753558 -0.450163 -0.479065 0.451017 -0.655223 0.606026 -0.775444 -0.413511 -0.477175 0.449918 -0.617379 0.645304 -0.662479 0.16169 0.731422 0.175453 0.984449 -0.008728 0.14005 0.989167 0.043977 -0.775444 -0.413511 -0.477175 -0.753558 -0.450163 -0.479065 -0.764788 -0.44824 -0.462797 0.465353 -0.657623 0.592434 -0.786634 -0.411644 -0.46017 0.465172 -0.619935 0.631898 -0.64484 0.1587 0.74766 0.175241 0.984485 -0.008942 0.141059 0.988997 0.044588 -0.786634 -0.411644 -0.46017 -0.764788 -0.44824 -0.462797 -0.673375 -0.606355 -0.422965 0.628056 -0.571534 0.528105 -0.715208 -0.534049 -0.450854 0.665077 -0.496793 0.557557 -0.582311 -0.131844 0.802204 -0.008636 0.999631 -0.025758 -0.096074 0.990865 0.094639 -0.715208 -0.534049 -0.450854 -0.673375 -0.606355 -0.422965 -0.711531 -0.581793 -0.394006 0.610407 -0.545798 0.574028 -0.748642 -0.542087 -0.381676 0.609378 -0.506162 0.610294 -0.588478 0.067204 0.805716 0.041964 0.994719 -0.093664 -0.016083 0.999742 -0.016022 -0.748642 -0.542087 -0.381676 -0.711531 -0.581793 -0.394006 0.723983 -0.604774 -0.331808 -0.704943 -0.54734 0.451081 0.72441 -0.567326 -0.391626 -0.751596 -0.508297 0.420402 -0.47885 -0.218733 -0.850211 -0.043428 0.98748 -0.15165 -0.1034 0.959809 -0.260912 0.72441 -0.567326 -0.391626 0.723983 -0.604774 -0.331808 0.723983 -0.604774 -0.331808 -0.704934 -0.547332 0.451105 0.745354 -0.548166 -0.379422 -0.752913 -0.488036 0.441524 -0.46588 -0.314076 -0.827231 -0.043428 0.98748 -0.15165 -0.124 0.947169 -0.295794 0.745354 -0.548166 -0.379422 0.723983 -0.604774 -0.331808 0.216652 -0.44249 -0.870209 0.376238 -0.526453 0.762425 0.152108 -0.443779 -0.883133 0.323963 -0.526917 0.785752 -0.81013 -0.583099 0.060702 -0.540099 0.836135 0.095769 -0.625462 0.77406 0.098119 0.152108 -0.443779 -0.883133 0.216652 -0.44249 -0.870209 -0.217604 -0.680095 -0.700085 0.211254 -0.448449 0.868484 -0.275225 -0.649486 -0.708816 0.171822 -0.415273 0.893323 -0.960365 -0.0224 0.277843 -0.017915 0.989808 -0.141275 -0.120246 0.985983 -0.115668 -0.275225 -0.649486 -0.708816 -0.217604 -0.680095 -0.700085 -0.217604 -0.680095 -0.700085 0.211251 -0.448473 0.868473 -0.27522 -0.649535 -0.708772 0.171822 -0.415211 0.893352 -0.960367 -0.022339 0.277843 -0.017914 0.989809 -0.141271 -0.120246 0.985983 -0.115668 -0.27522 -0.649535 -0.708772 -0.217604 -0.680095 -0.700085 0.643722 -0.415709 0.642501 0.780277 -0.449483 0.434895 -0.782968 0.357867 0.508815 -0.705608 0.386559 0.593877 0.482752 0.858809 0.171457 0.05054 0.246475 -0.967831 0.415669 0.033021 -0.908917 -0.782968 0.357867 0.508815 -0.705608 0.386559 0.593877 0.016449 -0.431114 0.902147 0.251052 -0.563388 0.787126 -0.835602 0.54244 -0.086764 -0.826889 0.561463 -0.031862 0.318286 0.737348 0.595829 0.878368 -0.150245 -0.453757 0.709995 0.185098 -0.679445 -0.835602 0.54244 -0.086764 -0.826889 0.561463 -0.031862 0.106574 -0.439299 -0.891997 -0.827225 -0.324267 0.458857 0.147196 -0.401972 -0.903743 -0.820704 -0.282734 0.496494 -0.62308 0.615115 -0.483119 0.621765 0.689731 0.371051 0.546542 0.7773 0.311603 0.106574 -0.439299 -0.891997 0.147196 -0.401972 -0.903743 -0.821148 -0.525692 -0.222179 0.756501 -0.592096 0.277721 -0.841886 -0.499302 -0.204757 0.765387 -0.567441 0.303634 -0.303451 -0.110693 0.946396 0.013764 0.995847 0.090001 -0.014862 0.984036 0.177348 -0.841886 -0.499302 -0.204757 -0.821148 -0.525692 -0.222179 -0.821125 -0.525728 -0.222181 0.756514 -0.592076 0.277726 -0.841851 -0.499361 -0.204756 0.765401 -0.56742 0.303639 -0.303451 -0.110693 0.946396 0.013794 0.995843 0.090031 -0.014862 0.984036 0.177348 -0.841851 -0.499361 -0.204756 -0.821125 -0.525728 -0.222181 -0.633834 -0.503332 -0.587292 0.822561 -0.513307 0.244766 -0.654975 -0.509336 -0.558198 0.808223 -0.519385 0.277516 -0.449981 -0.429655 0.782888 -0.224406 0.887094 0.403369 -0.184183 0.924578 0.333514 -0.633834 -0.503332 -0.587292 -0.654975 -0.509336 -0.558198 -0.683606 -0.590339 -0.429165 0.825701 -0.481199 0.29439 -0.702831 -0.589451 -0.398217 0.813515 -0.479851 0.328537 -0.40484 -0.242721 0.881584 -0.176433 0.958647 0.223311 -0.140203 0.979467 0.144872 -0.683606 -0.590339 -0.429165 -0.702831 -0.589451 -0.398217 0.021607 -0.488587 -0.872248 0.019227 -0.608584 0.793256 -0.032075 -0.490415 -0.870899 -0.044436 -0.605901 0.794298 -0.99671 -0.078707 -0.019348 -0.091985 0.993494 0.067142 -0.169197 0.982952 0.071963 -0.032075 -0.490415 -0.870899 0.021607 -0.488587 -0.872248 -0.068941 -0.551901 -0.831055 -0.068941 -0.551901 0.831055 -0.107549 -0.523431 -0.845254 -0.10755 -0.523467 0.845231 -0.999997 -0.002624 0 0.079044 0.996871 0 -0.044435 0.999012 0 -0.107549 -0.523431 -0.845254 -0.068941 -0.551901 -0.831055 -0.447656 -0.659184 -0.604219 0.560944 -0.462122 0.686866 -0.489531 -0.629676 -0.603215 0.541042 -0.42452 0.725987 -0.769913 -0.162424 0.617133 -0.12299 0.990662 -0.058839 -0.220681 0.975043 0.024323 -0.489531 -0.629676 -0.603215 -0.447656 -0.659184 -0.604219 0.810953 -0.488153 0.322587 0.80303 -0.469146 0.367486 -0.704018 -0.61948 -0.347279 -0.736553 -0.600803 -0.310686 -0.38418 -0.167064 0.908017 -0.109198 0.992304 0.058383 -0.156715 0.973895 0.164223 -0.704018 -0.61948 -0.347279 -0.736553 -0.600803 -0.310686 -0.661602 -0.609261 -0.437131 0.713997 -0.516202 0.473017 -0.691416 -0.582432 -0.427454 0.714158 -0.487306 0.502505 -0.533228 -0.186837 0.825082 -0.131568 0.986442 0.098088 -0.183941 0.966462 0.179211 -0.691416 -0.582432 -0.427454 -0.661602 -0.609261 -0.437131 -0.2216 -0.626927 -0.746898 0.638891 -0.420129 0.644446 -0.272965 -0.606512 -0.746748 0.612671 -0.393635 0.685337 -0.709754 -0.484919 0.510983 -0.389577 0.914994 0.104955 -0.487206 0.855754 0.174111 -0.272965 -0.606512 -0.746748 -0.2216 -0.626927 -0.746898 -0.330375 -0.449707 -0.829829 0.49695 -0.642284 0.583534 -0.375509 -0.418083 -0.827164 0.475954 -0.616161 0.627545 -0.823247 -0.368729 0.431629 -0.170509 0.958081 0.230235 -0.281937 0.914693 0.289567 -0.375509 -0.418083 -0.827164 -0.330375 -0.449707 -0.829829 -0.485653 -0.6142 0.622013 0.882068 0.31209 0.352925 -0.515109 -0.570319 0.639843 0.85695 0.358845 0.369954 -0.419668 0.762671 0.49215 -0.380206 0.308089 -0.872081 -0.422813 0.386129 -0.819838 -0.485653 -0.6142 0.622013 -0.515109 -0.570319 0.639843 -0.048861 -0.959195 0.27849 0.658789 0.51428 0.549102 -0.101873 -0.954888 0.278946 0.621769 0.551911 0.555695 -0.634897 0.166362 0.754473 -0.577672 0.407373 -0.707349 -0.665649 0.431477 -0.608884 -0.048861 -0.959195 0.27849 -0.101873 -0.954888 0.278946 -0.957507 0.180826 0.224682 0.430503 -0.608734 0.666416 -0.948005 0.232614 0.217202 0.47137 -0.5748 0.668891 0.20576 0.727731 0.654271 0.482937 0.418663 -0.769086 0.512688 0.518425 -0.684388 -0.948005 0.232614 0.217202 -0.957507 0.180826 0.224682 -0.48345 -0.596981 0.640226 0.870552 0.319991 0.373826 -0.527441 -0.568429 0.631422 0.857164 0.369252 0.359059 -0.406 0.750839 0.520966 -0.366776 0.284283 -0.88581 -0.422999 0.386559 -0.819538 -0.527441 -0.568429 0.631422 -0.48345 -0.596981 0.640226 0.966748 -0.170235 0.190835 -0.438437 -0.848278 -0.296981 0.975964 -0.119573 0.182198 -0.474515 -0.8109 -0.342458 0.307543 0.108161 -0.945367 -0.44295 0.895759 0.037568 -0.417264 0.905608 -0.075932 0.975964 -0.119573 0.182198 0.966748 -0.170235 0.190835 -0.955058 -0.295179 -0.0271 -0.814106 -0.365959 -0.450894 -0.759868 -0.321032 -0.565278 -0.866296 -0.284045 -0.410914 -0.66815 -0.322371 -0.670561 -0.892522 -0.227762 -0.389267 -0.968116 -0.249521 -0.022156 -0.716288 -0.249251 -0.65177 -0.559503 -0.422626 -0.712982 -0.992203 -0.123358 0.017762 -0.97327 -0.226296 -0.039185 -0.701457 -0.108222 -0.704448 -0.483637 -0.107305 -0.868666 -0.229502 -0.128698 -0.964762 -0.471371 -0.159342 -0.867421 -0.176369 -0.35933 -0.916393 -0.467407 -0.24498 -0.84942 -0.193004 -0.24803 -0.949332 -0.427815 -0.352677 -0.832222 -0.355063 -0.494689 -0.79323 -0.427391 -0.455774 -0.780773 -0.144113 -0.530062 -0.835623 -0.678847 -0.08695 -0.729113 -0.741035 0.024384 -0.671024 -0.501705 -0.034913 -0.864334 -0.24437 -0.063205 -0.96762 -0.508819 0.093663 -0.855763 -0.496609 0.267868 -0.825607 -0.232344 0.06641 -0.970364 -0.761784 0.121893 -0.63626 -0.742011 0.257215 -0.61908 -0.891385 0.269152 -0.364678 -0.904552 0.143958 -0.401325 -0.660013 0.475066 -0.581975 -0.827439 0.449976 -0.335956 -0.42636 0.492222 -0.758903 -0.228162 0.270706 -0.935233 -0.544459 0.660614 -0.516869 -0.367816 0.65961 -0.655459 -0.203353 0.634901 -0.745351 -0.213241 0.49335 -0.843288 0 0.478995 -0.877817 0 0.250412 -0.968139 -0.281327 0.81984 -0.498716 -0.163768 0.814843 -0.556067 -0.946049 0.318615 -0.058962 -0.875863 0.480978 -0.039033 -0.73656 0.676222 -0.014252 -0.680234 0.668942 -0.299664 -0.53903 0.842208 0.011505 -0.504759 0.83745 -0.209515 -0.325879 0.94538 0.007751 -0.273178 0.951347 -0.142525 0 0.999963 -0.008667 -0.421958 0.818646 -0.389577 -0.148078 0.955458 -0.255291 0 0.95728 -0.289165 0 0.999963 -0.008667 0 0.999963 -0.008667 0 0.819685 -0.572815 0 0.629451 -0.77704 -0.121405 -0.93599 0.33043 -0.144598 -0.810001 0.568322 0.295182 -0.743297 0.600314 0 -0.817608 0.575775 0 -0.604736 0.796426 -0.137856 -0.605718 0.783646 -0.074864 -0.796985 0.599341 -0.234267 -0.589331 0.77318 -0.141732 -0.400019 0.905482 -0.265852 -0.41039 0.872297 -0.136419 -0.280285 0.950174 -0.30022 -0.279863 0.911891 0 -0.282483 0.959272 0 -0.398732 0.917068 -0.712486 -0.142802 0.687002 -0.916543 -0.190804 0.351486 -0.916151 -0.116186 0.383624 -0.98942 0.021546 0.143469 -0.61134 -0.389156 0.689073 -0.671735 -0.248093 0.698013 -0.920173 -0.239786 0.309491 -0.899106 -0.297993 0.320638 -0.968116 -0.249521 -0.022156 -0.97187 -0.231637 -0.042573 -0.834728 -0.389454 0.389301 -0.533934 -0.529784 0.658972 -0.955058 -0.295179 -0.0271 -0.97327 -0.226296 -0.039185 -0.78063 -0.370385 0.50342 -0.368919 -0.646708 0.667583 0.998002 -0.042421 0.046816 0.781598 -0.152596 0.60483 0.780532 -0.103125 0.616551 0.994663 0.023499 0.100467 0.979728 -0.162057 -0.117774 0.954073 0.283344 -0.097266 0.989461 -0.142006 0.028291 0.923896 0.277172 -0.263804 0.696069 0.716029 -0.052827 0.865899 0.484527 -0.124306 0.566189 -0.80265 -0.18757 0.935233 -0.171793 -0.309557 0.568148 -0.819779 -0.071903 0.596797 -0.80222 0.016602 -0.684913 0.724374 -0.078587 -0.943282 0.289015 -0.163368 -0.671759 0.739695 0.039888 -0.989711 -0.140694 0.026032 -0.946634 0.320753 0.031648 -0.974587 -0.13062 -0.181984 -0.90707 0.254532 -0.335318 -0.606851 -0.794607 0.018189 -0.587688 -0.802425 -0.103615 -0.587398 -0.768039 -0.255108 -0.912857 -0.115851 -0.391499 -0.898382 -0.172798 0.403794 -0.561429 -0.788399 0.251446 -0.360984 -0.785296 0.502991 -0.550754 -0.142007 0.822499 -0.520773 0.245615 0.817599 -0.868473 0.240396 0.433549 -0.389759 0.650301 0.652071 -0.643869 0.701978 0.304401 -0.312242 0.911609 0.267348 0.005981 0.946168 0.323619 0.00177 0.750688 0.660655 0.007171 0.326738 0.945088 0.015869 -0.124549 0.992087 0.567785 -0.15748 0.807973 0.524812 0.250992 0.813373 0.890176 0.232188 0.392015 0.419732 0.631018 0.652412 0.698052 0.657521 0.28353 0.917594 -0.180858 0.353994 0.954673 0.295701 0.034059 0.351188 0.898738 0.262559 -0.000305 0.995698 0.092654 0.365223 -0.792401 0.488582 0.562649 -0.795448 0.225139 0.004577 -0.791642 0.610968 0 0.814206 0.580577 0 0.932252 0.36181 -0.12983 0.820915 0.556097 -0.155255 0.651202 0.742854 0 0.653416 0.756999 -0.130837 0.457183 0.879696 0 0.449727 0.893166 -0.189496 0.932524 0.307393 -0.2672 0.835263 0.480563 -0.46182 0.849265 0.255875 -0.309375 0.939479 0.147195 -0.325879 0.94538 0.007751 0 0.999963 -0.008667 0 0.999963 -0.008667 0 0.999963 -0.008667 -0.463248 0.695986 0.54864 -0.274708 0.717946 0.639601 -0.642925 0.71016 0.286914 -0.73656 0.676222 -0.014252 -0.53903 0.842208 0.011505 -0.875863 0.480978 -0.039033 -0.790964 0.509181 0.339281 -0.874274 0.337203 0.349197 -0.60292 0.52482 0.600875 -0.66254 0.313615 0.680211 -0.917716 0.161752 0.362814 -0.684057 0.169046 0.709571 -0.946049 0.318615 -0.058962 -0.351978 -0.088536 0.931812 -0.655674 -0.000366 0.755044 -0.364159 0.240738 0.899685 0.057468 0.76574 0.640578 -0.147072 0.880599 0.450462 -0.459346 0.786299 0.413201 -0.695164 0.56143 0.448936 -0.131689 0.303357 0.943733 0.327959 -0.27455 0.903916 0 -0.437163 0.899382 0.634948 0.109136 0.764807 0.540159 -0.026734 0.841138 -0.184608 0.131047 0.974036 0.490748 -0.864029 0.112341 -0.070773 -0.99675 0.038484 0 -0.954521 0.298143 0 -0.999978 0.006714 -0.070773 -0.99675 0.038484 0.490748 -0.864029 0.112341 -0.105202 -0.93369 -0.342279 0.300243 -0.617028 -0.727414 -0.197277 -0.66477 -0.720529 -0.130896 -0.713289 -0.688538 0 -0.999978 0.006714 0 -0.889485 -0.456965 0 -0.690825 -0.723022 0 -0.535032 -0.844832 0 -0.363817 -0.931471 0 -0.248118 -0.96873 0 -0.13996 -0.990157 -0.214521 -0.172343 -0.961394 0 -0.073764 -0.997276 0.998002 -0.042421 0.046816 0.757818 0.016663 -0.652253 0.991013 -0.12409 0.049959 0.023683 -0.060428 -0.997892 -0.678506 0.043276 -0.733319 -0.999773 0.019837 0.007812 0.388084 -0.778732 -0.492918 0.935233 -0.171793 -0.309557 0.566189 -0.80265 -0.18757 0.365223 -0.792401 0.488582 0.004577 -0.791642 0.610968 -0.360984 -0.785296 0.502991 0.562649 -0.795448 0.225139 -0.561429 -0.788399 0.251446 0.596797 -0.80222 0.016602 -0.587688 -0.802425 -0.103615 -0.606851 -0.794607 0.018189 0.568148 -0.819779 -0.071903 -0.587398 -0.768039 -0.255108 0.566189 -0.80265 -0.18757 -0.385792 -0.776314 -0.498499 0.388084 -0.778732 -0.492918 -0.00357 -0.793369 -0.60873 -0.535212 -0.057131 -0.842783 0.022217 -0.870709 -0.491296 0.051028 0.022767 -0.998438 -0.653424 0.46875 -0.594399 -0.712486 -0.142802 0.687002 -0.016815 -0.875127 0.483601 -0.783185 -0.593111 0.186656 0.000091 0.847274 0.531156 0.446831 0.722359 0.527768 0 0.690918 0.722933 0.28828 0.53652 0.793121 0.878298 0.04358 0.476123 0.452724 -0.522338 0.722637 0.000091 -0.648652 0.761085 0.000091 0.847274 0.531156 0.000091 -0.648652 0.761085 0.446831 0.722359 0.527768 0.452724 -0.522338 0.722637 0.728859 0.316209 0.60727 -0.338182 -0.346697 0.874891 -0.920199 0.123696 0.371394 -0.725041 -0.219554 0.652772 -0.820945 0.550206 0.15272 0.434252 0.08179 0.89707 0.534667 0.518888 0.666998 -0.482627 0.871438 0.087558 -0.041322 0.982217 0.183143 0.380668 0.858876 0.342672 -0.482627 0.871438 0.087558 -0.041322 0.982217 0.183143 0.380668 0.858876 0.342672 0.18583 0.559475 0.807747 0.534667 0.518888 0.666998 -0.820945 0.550206 0.15272 0.155252 0.276719 0.948327 0.094151 -0.236522 0.967054 -0.338182 -0.346697 0.874891 -0.920199 0.123696 0.371394 -0.843088 -0.537562 -0.015168 -0.229047 -0.563905 -0.793441 -0.606322 -0.506555 -0.613006 -0.993555 -0.112006 -0.017396 -0.707133 -0.627203 0.326465 -0.605751 -0.505525 0.614419 -0.024659 -0.463192 -0.885915 -0.9427 0.019287 -0.333084 -0.645599 -0.132239 -0.752141 -0.775167 -0.546392 -0.317129 -0.888896 -0.442769 -0.117559 0.176034 -0.600341 -0.78013 0.542178 -0.435177 -0.718794 -0.365047 0.26424 -0.892703 0 -0.522886 -0.852403 0 -0.213727 -0.976893 -0.718532 -0.374556 -0.58602 -0.814984 -0.517209 -0.261336 -0.14222 -0.335864 0.931112 -0.384634 -0.537536 0.750408 -0.922499 0.217448 0.318924 -0.582005 -0.542666 0.605627 -0.720838 -0.144815 0.677806 -0.825321 -0.564568 -0.010406 -0.728126 -0.606873 0.31865 0 -0.546107 0.837716 0 -0.083681 0.996493 0.358292 -0.606534 0.709749 0.569218 -0.557224 0.60456 -0.406696 0.06119 0.911512 -0.358292 -0.606534 0.709749 0.728126 -0.606873 0.31865 0.582005 -0.542666 0.605627 -0.569218 -0.557224 0.60456 0.825321 -0.564568 -0.010406 0.726056 -0.145913 0.671976 0.406696 0.06119 0.911512 0.843088 -0.537562 -0.015168 0.835002 -0.493189 -0.244 0.167124 -0.322682 0.931636 0.783419 -0.303662 -0.542259 0.409906 -0.515412 0.752548 0.851585 0.362907 0.378289 0.606322 -0.506555 -0.613006 0.229047 -0.563905 -0.793441 0.024659 -0.463192 -0.885915 0.707133 -0.627203 0.326465 0.993601 -0.112279 -0.012268 0.605751 -0.505525 0.614419 0.9427 0.019287 -0.333084 0.775167 -0.546392 -0.317129 0.645599 -0.132239 -0.752141 -0.542178 -0.435177 -0.718794 -0.176034 -0.600341 -0.78013 0.888896 -0.442769 -0.117559 0.365047 0.26424 -0.892703 0.04941 0.926096 -0.374039 0 0.985451 -0.169959 0 0.965602 0.260025 0.621611 0.782385 -0.038392 -0.474357 0.776068 0.415577 -0.645599 -0.132239 -0.752141 0.551642 0.805138 -0.217818 -0.549046 0.802083 0.23497 -0.365047 0.26424 -0.892703 0.542178 -0.435177 -0.718794 -0.888896 -0.442769 -0.117559 -0.621611 0.782385 -0.038392 -0.551642 0.805138 -0.217818 -0.542178 -0.435177 -0.718794 0.365047 0.26424 -0.892703 0.474357 0.776068 0.415577 -0.055454 0.920838 -0.385982 0.645599 -0.132239 -0.752141 0.549046 0.802083 0.23497 0.888896 -0.442769 -0.117559 -0.153999 0.982774 -0.102178 -0.070377 0.965563 0.25047 0.023957 0.747047 -0.66434 0.476956 0.763197 0.435938 -0.720838 -0.144815 0.677806 -0.151377 0.827812 -0.540196 0.257005 0.821708 0.508669 -0.922499 0.217448 0.318924 -0.718532 -0.374556 -0.58602 -0.14222 -0.335864 0.931112 0.327014 0.783338 -0.528624 -0.024659 -0.463192 -0.885915 0.089238 0.814039 -0.573914 -0.9427 0.019287 -0.333084 -0.331623 0.810685 0.482511 -0.143012 0.805029 0.57574 -0.070377 0.965563 0.25047 0.04941 0.926096 -0.374039 -0.993555 -0.112006 -0.017396 -0.605751 -0.505525 0.614419 -0.153999 0.982774 -0.102178 -0.478725 0.786298 -0.390586 0 0.890828 0.454341 0.615034 0.784389 0.080419 -0.584469 0.794775 -0.16349 0.529912 0.785698 0.319174 -0.406696 0.06119 0.911512 -0.825321 -0.564568 -0.010406 0.569218 -0.557224 0.60456 0 -0.083681 0.996493 -0.615034 0.784389 0.080419 -0.569218 -0.557224 0.60456 -0.529912 0.785698 0.319174 0.406696 0.06119 0.911512 0.584469 0.794775 -0.16349 0.478725 0.786298 -0.390586 0.153999 0.982774 -0.102178 0.825321 -0.564568 -0.010406 -0.070377 0.965563 0.25047 -0.792515 -0.033845 0.608913 0.04941 0.926096 -0.374039 -0.068973 -0.262284 -0.962523 0.002319 -0.204384 -0.978888 -0.817034 -0.074314 0.57178 -0.644111 0.650856 -0.401879 0.742442 0.559479 0.368459 0.905804 0.37221 0.202433 0.534788 0.780163 0.324572 0 0.985451 -0.169959 0.742442 0.559479 0.368459 0.905804 0.37221 0.202433 0.534788 0.780163 0.324572 0 0.985451 -0.169959 0 0.115575 -0.993299 0.153999 0.982774 -0.102178 0.964438 0.247053 0.093938 -0.025849 0.269426 -0.962674 0.996487 0.078343 0.029603 0.08109 0.460633 -0.883879 0.98602 -0.144723 0.082585 0.464533 0.778546 0.42199 -0.86811 0.49404 0.048067 -0.146827 -0.153449 0.977187 -0.039675 -0.03528 0.99859 -0.968755 0.243722 0.045961 0 0.204537 0.978859 -0.964438 0.247053 0.093938 -0.153999 0.982774 -0.102178 0 0.890828 0.454341 0.061892 0.965227 0.25398 -0.892213 0.396817 0.215622 -0.711105 0.622262 0.327291 0.783395 -0.042238 0.620087 -0.430044 0.848368 0.308761 0.820606 -0.231947 0.522309 0.755165 0.558073 -0.34392 -0.093999 -0.210858 -0.972987 0.066257 -0.252394 -0.965353 -0.055454 0.920838 -0.385982 -0.711105 0.622262 0.327291 -0.892213 0.396817 0.215622 -0.430044 0.848368 0.308761 -0.802484 0.539038 0.255846 -0.232125 -0.947179 -0.221291 -0.710787 -0.675965 -0.194559 -0.132729 -0.818166 -0.559453 -0.583347 -0.548677 -0.598882 -0.170265 -0.315535 -0.933513 0.199659 -0.373438 -0.905914 0.373064 -0.722049 -0.582639 0.424682 -0.805233 -0.413817 0.349565 -0.904615 -0.243878 -0.225441 -0.974245 0.004699 0.35094 -0.936389 0.004211 0.452482 -0.424496 -0.78426 0.345543 -0.846889 -0.404202 0.178569 -0.87075 -0.458158 0.250039 -0.968236 0 0.171091 -0.985255 0 0.175821 -0.895984 0.407798 0.43929 -0.876718 0.195932 0.400711 -0.916203 0.001495 0.348649 -0.916883 0.194345 0.287243 -0.943643 -0.164405 0.317493 -0.929376 -0.188304 0.556392 -0.484794 0.674836 0.783714 -0.456207 0.421507 0.138374 -0.99029 0.013367 -0.346244 -0.642558 -0.683546 -0.478668 -0.877985 -0.004516 -0.163399 -0.730046 0.663576 0.24525 -0.616146 0.748476 0.409903 -0.532895 0.740272 0.687389 0.047335 0.724745 0.371352 -0.676997 0.635431 -0.242626 -0.957107 0.158363 -0.131051 -0.802908 0.581519 0.044374 -0.213329 0.975972 -0.4866 -0.457912 0.744 -0.209241 0.053927 0.976376 -0.725709 -0.642759 0.245372 -0.722079 -0.691804 0.003112 0.168499 0.867917 -0.467256 0.068637 0.902453 -0.425285 0.300161 0.518468 -0.800684 -0.013428 0.848348 -0.529268 0.16935 0.452931 -0.875314 0.034303 0.55942 -0.828174 -0.165201 0.466242 -0.869096 -0.197395 0.807892 -0.555289 -0.544544 0.554768 -0.62905 -0.75215 0.622687 -0.215711 -0.266124 0.946054 -0.184822 -0.973835 -0.042818 -0.223186 -0.718883 0.050326 -0.693307 -0.583347 -0.548677 -0.598882 -0.710787 -0.675965 -0.194559 -0.195351 0.110692 -0.974467 -0.170265 -0.315535 -0.933513 0.199659 -0.373438 -0.905914 0.11289 0.167855 -0.979327 0.452482 -0.424496 -0.78426 0.41018 0.097387 -0.90679 0.243847 -0.02353 -0.969528 -0.997581 -0.069492 0.001617 -0.722079 -0.691804 0.003112 -0.725709 -0.642759 0.245372 -0.961368 -0.062105 0.268167 -0.747449 0.627691 0.217542 -0.764765 0.644308 0.001434 -0.265269 0.939581 0.216378 -0.295911 0.955211 0.002838 -0.033601 0.970889 0.23716 -0.042421 0.9991 -0.000274 0.115608 0.975768 0.185772 0.094701 0.995506 0 0.118474 0.978346 -0.169716 0.026002 0.999662 0.000793 -0.030549 0.979811 -0.19758 -0.520609 0.544933 0.657277 -0.642863 -0.013794 0.765857 -0.115118 0.206003 0.971756 0.044374 -0.213329 0.975972 -0.4866 -0.457912 0.744 -0.181989 0.765495 0.617169 0.021302 0.310868 0.950214 -0.010437 0.792155 0.61023 -0.039583 0.55722 0.829421 0.159983 0.846518 0.507752 0.300432 0.624609 0.720836 0.547931 0.288217 0.785304 0.209455 0.51639 0.830343 0.050967 0.873494 0.484159 0.066745 0.487025 0.870834 -0.274124 0.410637 0.869617 0.340749 -0.328785 0.88079 -0.209241 0.053927 0.976376 -0.397551 0.59419 0.699208 0.257091 0.16645 0.951945 0.687389 0.047335 0.724745 0.556392 -0.484794 0.674836 -0.135167 0.020844 0.990604 0.24525 -0.616146 0.748476 -0.488975 -0.096958 0.866892 -0.758431 0.456475 0.465203 -0.959991 0.010559 0.279833 -0.853631 0.317495 -0.412929 -0.831522 -0.232402 -0.504541 -0.163399 -0.730046 0.663576 -0.814976 -0.543846 0.200112 -0.478668 -0.877985 -0.004516 -0.346244 -0.642558 -0.683546 -0.562864 -0.000488 -0.826549 -0.853631 0.317495 -0.412929 -0.831522 -0.232402 -0.504541 0.955058 -0.295179 -0.0271 0.759856 -0.321039 -0.565291 0.814106 -0.365959 -0.450894 0.866296 -0.284045 -0.410914 0.968116 -0.249521 -0.022156 0.66815 -0.322371 -0.670561 0.892522 -0.227762 -0.389267 0.559503 -0.422626 -0.712982 0.427815 -0.352677 -0.832222 0.716288 -0.249251 -0.65177 0.355063 -0.494689 -0.79323 0.176369 -0.35933 -0.916393 0.467407 -0.24498 -0.84942 0.144113 -0.530062 -0.835623 0.214521 -0.172343 -0.961394 0 -0.17982 -0.9837 0.229502 -0.128698 -0.964762 0.678847 -0.08695 -0.729113 0.471371 -0.159342 -0.867421 0.483637 -0.107305 -0.868666 0.741035 0.024384 -0.671024 0.501705 -0.034913 -0.864334 0.24437 -0.063205 -0.96762 0.508819 0.093663 -0.855763 0.232344 0.06641 -0.970364 0.496609 0.267868 -0.825607 0.761784 0.121893 -0.63626 0.228162 0.270706 -0.935233 0.891385 0.269152 -0.364678 0.904552 0.143958 -0.401325 0.944953 0.321271 -0.062044 0.660013 0.475066 -0.581975 0.742011 0.257215 -0.61908 0.827439 0.449976 -0.335956 0.42636 0.492222 -0.758903 0.544459 0.660614 -0.516869 0.367816 0.65961 -0.655459 0.203353 0.634901 -0.745351 0.213241 0.49335 -0.843288 0.281327 0.81984 -0.498716 0.163768 0.814843 -0.556067 0.875863 0.480978 -0.039033 0.73656 0.676222 -0.014252 0.680234 0.668942 -0.299664 0.53903 0.842208 0.011505 0.504759 0.83745 -0.209515 0.325879 0.94538 0.007751 0.273178 0.951347 -0.142525 0.421958 0.818646 -0.389577 0.148078 0.955458 -0.255291 0.121405 -0.93599 0.33043 0.144598 -0.810001 0.568322 -0.295182 -0.743297 0.600314 0.137856 -0.605718 0.783646 0.074864 -0.796985 0.599341 0.234267 -0.589331 0.77318 0.141732 -0.400019 0.905482 0.265852 -0.41039 0.872297 0.136419 -0.280285 0.950174 0.712486 -0.142802 0.687002 0.916543 -0.190804 0.351486 0.971326 -0.209177 0.113012 0.98942 0.021546 0.143469 0.916151 -0.116186 0.383624 0.61134 -0.389156 0.689073 0.30022 -0.279863 0.911891 0.920173 -0.239786 0.309491 0.671735 -0.248093 0.698013 0.899106 -0.297993 0.320638 0.968116 -0.249521 -0.022156 0.834728 -0.389454 0.389301 0.533934 -0.529784 0.658972 0.955058 -0.295179 -0.0271 0.78063 -0.370385 0.50342 0.97327 -0.226296 -0.039185 0.368919 -0.646708 0.667583 0.162486 -0.679518 0.715439 -0.998002 -0.042421 0.046816 -0.781598 -0.152596 0.60483 -0.991013 -0.12409 0.049959 -0.780534 -0.103095 0.616553 -0.994663 0.023499 0.100467 0.684913 0.724374 -0.078587 0.301043 0.951746 0.059604 0.67176 0.739696 0.039858 -0.696069 0.716029 -0.052827 -0.340535 0.938624 0.054965 -0.655428 0.692509 0.301407 -0.954073 0.283344 -0.097266 -0.710852 0.702764 0.028504 -0.989461 -0.142006 0.028291 -0.954673 0.295701 0.034059 -0.979728 -0.162057 -0.117774 -0.923891 0.27718 -0.263812 -0.566189 -0.80265 -0.18757 -0.568148 -0.819779 -0.071903 -0.596797 -0.80222 0.016602 0.943282 0.289015 -0.163368 0.946634 0.320753 0.031648 0.989711 -0.140694 0.026032 0.974587 -0.13062 -0.181984 0.90707 0.254532 -0.335318 0.606851 -0.794607 0.018189 0.587708 -0.802411 -0.103613 0.587398 -0.768039 -0.255108 0.898382 -0.172798 0.403794 0.360984 -0.785296 0.502991 0.561442 -0.788387 0.251453 0.550756 -0.141977 0.822502 0.520773 0.245615 0.817599 0.868473 0.240396 0.433549 0.389759 0.650301 0.652071 0.643869 0.701978 0.304401 0.312214 0.911617 0.267351 -0.005981 0.946168 0.323619 0.000305 0.995698 0.092654 -0.00177 0.750688 0.660655 -0.007171 0.326738 0.945088 -0.015869 -0.124549 0.992087 -0.567785 -0.15748 0.807973 -0.524812 0.250992 0.813373 -0.890176 0.232188 0.392015 -0.419732 0.631018 0.652412 -0.698052 0.657521 0.28353 -0.917594 -0.180858 0.353994 -0.351214 0.898728 0.262556 -0.365223 -0.792401 0.488582 -0.562649 -0.795448 0.225139 -0.004577 -0.791642 0.610968 0.12983 0.820915 0.556097 0.155255 0.651202 0.742854 0.274708 0.717946 0.639601 0.2672 0.835263 0.480563 0.130837 0.457183 0.879696 0.189496 0.932524 0.307393 0.46182 0.849265 0.255875 0.309375 0.939479 0.147195 0.325879 0.94538 0.007751 0.463248 0.695986 0.54864 0.642925 0.71016 0.286914 0.73656 0.676222 -0.014252 0.53903 0.842208 0.011505 0.875863 0.480978 -0.039033 0.790964 0.509181 0.339281 0.871827 0.3401 0.352491 0.60292 0.52482 0.600875 0.66254 0.313615 0.680211 0.917091 0.15882 0.365677 0.944953 0.321271 -0.062044 0.351978 -0.088536 0.931812 0.655674 -0.000366 0.755044 0.364159 0.240738 0.899685 0.684057 0.169046 0.709571 -0.057468 0.76574 0.640578 0.147072 0.880599 0.450462 0.459346 0.786299 0.413201 0.695164 0.56143 0.448936 0.131689 0.303357 0.943733 -0.327959 -0.27455 0.903916 -0.634948 0.109136 0.764807 0.184608 0.131047 0.974036 -0.540159 -0.026734 0.841138 0.070773 -0.99675 0.038484 0.1052 -0.933681 -0.342306 0.070773 -0.99675 0.038484 -0.490748 -0.864029 0.112341 0.130896 -0.713289 -0.688538 -0.300243 -0.617028 -0.727414 0.197277 -0.66477 -0.720529 -0.998002 -0.042421 0.046816 -0.991013 -0.12409 0.049959 -0.757818 0.016663 -0.652253 -0.746811 0.158579 -0.645853 -0.865899 0.484527 -0.124306 -0.961748 0.235302 0.140266 0.992203 -0.123358 0.017762 0.701457 -0.108222 -0.704448 0.97327 -0.226296 -0.039185 0.678506 0.043276 -0.733319 0.385792 -0.776314 -0.498499 0.912857 -0.115851 -0.391499 0.587398 -0.768039 -0.255108 0.00357 -0.793369 -0.60873 0.580354 -0.165323 -0.797407 -0.388084 -0.778732 -0.492918 -0.006256 -0.186225 -0.982487 -0.365223 -0.792401 0.488582 0.360984 -0.785296 0.502991 -0.004577 -0.791642 0.610968 -0.562649 -0.795448 0.225139 0.561442 -0.788387 0.251453 -0.568148 -0.819779 -0.071903 0.587708 -0.802411 -0.103613 -0.596797 -0.80222 0.016602 0.587398 -0.768039 -0.255108 -0.566189 -0.80265 -0.18757 0.385792 -0.776314 -0.498499 -0.388084 -0.778732 -0.492918 0.00357 -0.793369 -0.60873 0.535212 -0.057131 -0.842783 0.653424 0.46875 -0.594399 -0.051028 0.022767 -0.998438 0.712486 -0.142802 0.687002 -0.06119 -0.031495 0.997629 0.802484 0.539038 0.255846 0.016816 -0.87514 0.483578 -0.450279 0.718511 0.530086 -0.87426 0.105963 0.473753 -0.510983 0.21278 0.832839 -0.731602 -0.113897 0.672151 -0.449615 -0.526768 0.721361 -0.450279 0.718511 0.530086 -0.731602 -0.113897 0.672151 0.338182 -0.346697 0.874891 -0.434252 0.08179 0.89707 -0.094151 -0.236522 0.967054 0.819752 0.551761 0.153513 0.920199 0.123696 0.371394 -0.531084 0.524553 0.665427 -0.339772 0.860768 0.378989 0.037935 0.977011 0.209789 0.482626 0.871436 0.087589 0.482626 0.871436 0.087589 0.037935 0.977011 0.209789 -0.339772 0.860768 0.378989 -0.18583 0.559475 0.807747 -0.531084 0.524553 0.665427 0.819752 0.551761 0.153513 -0.155282 0.276717 0.948322 -0.434252 0.08179 0.89707 0.338182 -0.346697 0.874891 0.725041 -0.219554 0.652772 0.153999 0.982774 -0.102178 0.061892 0.965227 0.25398 -0.086306 0.698907 -0.709986 -0.554144 0.717546 0.421964 0.726056 -0.145913 0.671976 0.041628 0.799024 -0.599856 -0.404416 0.793754 0.454315 0.851585 0.362907 0.378289 0.783419 -0.303662 -0.542259 0.167124 -0.322682 0.931636 -0.327014 0.783338 -0.528624 -0.089238 0.814039 -0.573914 0.024659 -0.463192 -0.885915 0.9427 0.019287 -0.333084 0.331623 0.810685 0.482511 0.143012 0.805029 0.57574 0.061892 0.965227 0.25398 -0.055454 0.920838 -0.385982 0.993601 -0.112279 -0.012268 0.605751 -0.505525 0.614419 0.802484 0.539038 0.255846 0.583347 -0.548677 -0.598882 0.710791 -0.675969 -0.194529 0.132759 -0.818163 -0.55945 0.232125 -0.947179 -0.221291 0.170265 -0.315535 -0.933513 -0.199659 -0.373438 -0.905914 -0.373064 -0.722049 -0.582639 -0.424682 -0.805233 -0.413817 -0.349565 -0.904615 -0.243878 0.225441 -0.974245 0.004699 -0.35094 -0.936389 0.004211 -0.452482 -0.424496 -0.78426 -0.345543 -0.846889 -0.404202 -0.253983 -0.520418 -0.815266 -0.250039 -0.968236 0 -0.178564 -0.870757 -0.458145 -0.175821 -0.895984 0.407798 -0.171091 -0.985255 0 -0.43929 -0.876718 0.195932 -0.400711 -0.916203 0.001495 -0.348649 -0.916883 0.194345 -0.287243 -0.943643 -0.164405 -0.317493 -0.929376 -0.188304 -0.556392 -0.484794 0.674836 -0.783735 -0.456202 0.421471 -0.138374 -0.99029 0.013367 0.346244 -0.642558 -0.683546 0.478667 -0.877985 -0.004547 0.163399 -0.730046 0.663576 -0.245255 -0.616127 0.74849 -0.687389 0.047335 0.724745 -0.409903 -0.532895 0.740272 -0.371352 -0.676997 0.635431 0.242626 -0.957107 0.158363 0.131051 -0.802908 0.581519 -0.044374 -0.213329 0.975972 0.4866 -0.457912 0.744 0.20927 0.053957 0.976368 0.725715 -0.642764 0.245343 0.722079 -0.691804 0.003112 -0.168496 0.867905 -0.467279 -0.300161 0.518468 -0.800684 -0.068637 0.902453 -0.425285 0.013428 0.848348 -0.529268 -0.16935 0.452931 -0.875314 -0.034303 0.55942 -0.828174 0.165201 0.466242 -0.869096 0.197395 0.807892 -0.555289 0.544523 0.554777 -0.629061 0.75215 0.622687 -0.215711 0.266124 0.946054 -0.184822 0.973835 -0.042818 -0.223186 0.718867 0.050325 -0.693323 0.583347 -0.548677 -0.598882 0.710791 -0.675969 -0.194529 0.195351 0.110692 -0.974467 0.170265 -0.315535 -0.933513 -0.199659 -0.373438 -0.905914 -0.11289 0.167855 -0.979327 -0.452482 -0.424496 -0.78426 -0.41018 0.097387 -0.90679 -0.243847 -0.02353 -0.969528 0.997581 -0.069492 0.001617 0.764752 0.644323 0.001434 0.747449 0.627691 0.217542 0.961368 -0.062105 0.268167 0.265269 0.939581 0.216378 0.295911 0.955211 0.002838 0.033601 0.970889 0.23716 0.042421 0.9991 -0.000274 -0.115607 0.975763 0.185801 -0.094701 0.995506 0 -0.118474 0.978346 -0.169716 -0.026033 0.999661 0.000793 0.030549 0.979811 -0.19758 0.725715 -0.642764 0.245343 0.722079 -0.691804 0.003112 0.520609 0.544933 0.657277 0.642881 -0.013794 0.765842 0.115118 0.206003 0.971756 -0.044374 -0.213329 0.975972 -0.340749 -0.328785 0.88079 -0.021302 0.310868 0.950214 0.274124 0.410637 0.869617 0.181989 0.765495 0.617169 0.010437 0.792155 0.61023 0.039583 0.55722 0.829421 0.4866 -0.457912 0.744 -0.159981 0.846505 0.507775 -0.30046 0.624603 0.720829 -0.209455 0.51639 0.830343 -0.547949 0.288196 0.785299 -0.369373 0.106359 0.923174 -0.050967 0.873494 0.484159 -0.066745 0.487025 0.870834 0.397551 0.59419 0.699208 0.20927 0.053957 0.976368 -0.257091 0.16645 0.951945 -0.687389 0.047335 0.724745 -0.556392 -0.484794 0.674836 0.135167 0.020844 0.990604 -0.245255 -0.616127 0.74849 0.489012 -0.096959 0.866872 0.758442 0.456481 0.465179 0.959991 0.010529 0.279833 0.853631 0.317495 -0.412929 0.831522 -0.232402 -0.504541 0.163399 -0.730046 0.663576 0.814976 -0.543846 0.200112 0.478667 -0.877985 -0.004547 0.346244 -0.642558 -0.683546 0.562864 -0.000488 -0.826549 0.853631 0.317495 -0.412929 0.831522 -0.232402 -0.504541 0.145056 -0.465381 0.873143 0.096897 -0.433917 0.895727 -0.058719 -0.647527 -0.759777 -0.116766 -0.617249 -0.778055 -0.964196 -0.218793 0.14985 -0.106086 0.990051 -0.092443 -0.264475 0.961584 -0.07355 0.096897 -0.433917 0.895727 0.145056 -0.465381 0.873143 0.483427 -0.59699 0.640236 0.527474 -0.568431 0.631393 -0.870544 0.319999 0.373836 -0.857164 0.369222 0.35909 0.406 0.750839 0.520966 0.366776 0.284283 -0.88581 0.422964 0.386555 -0.819559 0.527474 -0.568431 0.631393 0.483427 -0.59699 0.640236 -0.145056 -0.465381 0.873143 0.058719 -0.647527 -0.759777 -0.096897 -0.433917 0.895727 0.116766 -0.617249 -0.778055 0.964196 -0.218793 0.14985 0.106086 0.990051 -0.092443 0.264475 0.961584 -0.07355 -0.096897 -0.433917 0.895727 -0.145056 -0.465381 0.873143 -0.97187 -0.231637 -0.042573 -0.659066 -0.483305 -0.576236 -0.783185 -0.593111 0.186656 -0.716104 -0.176889 -0.675208 -0.535212 -0.057131 -0.842783 -0.226272 -0.368798 -0.901548 -0.653424 0.46875 -0.594399 -0.982051 0.168192 -0.085362 -0.802484 0.539038 0.255846 -0.15101 -0.158152 0.975799 -0.346115 -0.152411 0.92573 -0.163824 -0.055971 0.9849 -0.359366 -0.061801 0.931148 -0.352618 0.051607 0.934343 -0.18406 0.046938 0.981794 -0.360003 0.157082 0.919632 0 -0.065524 0.997851 0 -0.166848 0.985983 -0.700207 -0.087163 0.7086 -0.703614 0.043825 0.70923 -0.694579 -0.13941 0.70578 -0.971326 -0.209177 0.113012 -0.783185 -0.593111 0.186656 -0.919187 -0.002716 0.393811 -0.982051 0.168192 -0.085362 -0.162486 -0.679518 0.715439 0.061251 -0.43047 0.900524 -0.740591 -0.333183 0.583536 -0.992203 -0.123358 0.017762 -0.707585 -0.281294 0.648226 -0.719591 -0.208082 0.662489 0.074254 -0.242692 0.967257 0.066959 -0.304188 0.950256 0.089849 -0.168834 0.981541 -0.73929 -0.101201 0.665739 0.045961 0.221752 0.974019 -0.759163 0.16993 0.628327 -0.999773 0.019837 0.007812 -0.981849 0.179603 0.060945 0.759837 -0.227246 0.609103 0.991013 -0.12409 0.049959 0.77317 -0.091709 0.627533 0.768624 0.088963 0.633485 0.961755 0.235273 0.140267 0.655428 0.692509 0.301407 0.031252 0.946137 0.322256 0.340535 0.938624 0.054965 -0.301043 0.951746 0.059604 -0.588143 0.760365 0.275561 0.710852 0.702764 0.028504 -0.892079 0.411431 -0.18687 -0.068606 0.009643 0.997597 -0.780534 0.260849 0.568088 -0.176887 0.195412 0.964637 0.510983 0.21278 0.832839 0 0.060702 -0.998156 0.750981 0.069003 -0.656708 0.994663 0.023499 0.100467 0.041902 0.063814 -0.997082 0.746811 0.158579 -0.645853 0.961755 0.235273 0.140267 0.865899 0.484527 -0.124306 0.636418 0.301164 -0.710122 0.025788 0.143104 -0.989372 0.018189 0.209822 -0.97757 -0.689431 0.145272 -0.709635 -0.981849 0.179603 0.060945 -0.892079 0.411431 -0.18687 -0.614382 0.250166 -0.7483 -0.600042 0.193432 -0.776231 -0.90707 0.254532 -0.335318 -0.580354 -0.165323 -0.797407 -0.912857 -0.115851 -0.391499 -0.385792 -0.776314 -0.498499 -0.587398 -0.768039 -0.255108 -0.00357 -0.793369 -0.60873 0.006256 -0.186225 -0.982487 0.595403 -0.164713 -0.786362 0.63639 0.241317 -0.732648 0.923896 0.277172 -0.263804 0.015442 0.134069 -0.990852 -0.016815 -0.875127 0.483601 -0.783185 -0.593111 0.186656 -0.659066 -0.483305 -0.576236 0.027497 0.873038 -0.486876 0.027192 0.870586 -0.491265 -0.802484 0.539038 0.255846 0.017457 0.853231 0.521241 0.06119 -0.031495 0.997629 0.019623 0.854379 0.51928 0.02469 -0.86532 -0.500612 0.028291 -0.872005 0.488679 0.030336 0.007629 -0.999511 0.0347 0.868097 -0.495179 0.018708 0.873971 0.485618 0.023316 -0.013092 0.999642 0.028291 -0.872005 0.488679 0.029786 -0.865196 -0.500549 0.034364 0.006592 -0.999388 0.033845 0.868172 -0.495108 0.009674 -0.006225 0.999934 0.01059 0.868641 0.495329 0.008453 -0.871997 0.489438 -0.003692 -0.006653 0.999971 -0.004821 0.868417 0.495811 0.01175 0.8685 -0.495549 -0.009277 0.869025 -0.494681 -0.012573 0.005829 -0.999904 0.010773 0.006195 -0.999923 -0.010315 -0.86612 -0.49973 0.01059 -0.865413 -0.500948 -0.00592 -0.871726 0.489958 0.008453 -0.871997 0.489438 -0.00592 -0.871726 0.489958 0.977986 -0.198497 -0.064364 0.975101 -0.207862 0.077273 0.965612 0.081088 0.247018 0.966624 0.199349 0.160926 0.970812 0.239819 0.003448 0.970812 0.239819 0.003448 0.975672 -0.073734 -0.206463 0.728859 0.316209 0.60727 0.694919 -0.075992 0.715061 0.878298 0.04358 0.476123 0.694919 -0.075992 0.715061 0.094151 -0.236522 0.967054 0.434252 0.08179 0.89707 -0.725041 -0.219554 0.652772 0 -0.213727 -0.976893 -0.993555 -0.112006 -0.017396 -0.645599 -0.132239 -0.752141 -0.720838 -0.144815 0.677806 0.726056 -0.145913 0.671976 0.525794 -0.031313 -0.850035 0.855639 0.012451 0.517424 0.898835 -0.209633 0.384901 0.515409 0.395529 -0.760204 0.512505 0.763035 -0.393847 0.894074 -0.395962 0.209395 0.527585 0.849502 0.000366 0.881789 -0.471642 -0.001586 0.908586 -0.358203 -0.214855 0.503814 0.75041 0.427851 0.891684 -0.217359 -0.397057 0.520625 0.399037 0.754798 0.872891 -0.034914 -0.486665 0.520316 0.055361 0.852178 0.872891 -0.034914 -0.486665 0.520316 0.055361 0.852178 0.919774 0.183784 -0.346754 0.488892 -0.403773 0.773273 0.502285 -0.769206 0.39501 0.886365 0.406361 -0.221874 0.513539 -0.858066 0 0.885759 0.464136 -0.00299 0.887726 0.396146 0.234544 0.491089 -0.75026 -0.442654 0.880005 0.221481 0.420164 0.507688 -0.401419 -0.762309 0.855639 0.012451 0.517424 0.525794 -0.031313 -0.850035 0.253983 -0.520418 -0.815266 0.369373 0.106359 0.923174 0.243847 -0.02353 -0.969528 0.369373 0.106359 0.923174 0.975672 -0.073734 -0.206463 0.977986 -0.198497 -0.064364 0.975101 -0.207862 0.077273 0.965612 0.081088 0.247018 0.966624 0.199349 0.160926 0.965612 0.081088 0.247018 0.970812 0.239819 0.003448 0.975672 -0.073734 -0.206463 0.427391 -0.455774 -0.780773 0.97187 -0.231637 -0.042573 0.193004 -0.24803 -0.949332 0.659066 -0.483305 -0.576236 0.783185 -0.593111 0.186656 0.716104 -0.176889 -0.675208 0.535212 -0.057131 -0.842783 0.653424 0.46875 -0.594399 0.982266 0.165323 -0.088445 0.802484 0.539038 0.255846 -0.490748 -0.864029 0.112341 0.15101 -0.158152 0.975799 0.346115 -0.152411 0.92573 0.163854 -0.055971 0.984896 0.360003 0.157082 0.919632 0.352618 0.051607 0.934343 0.18406 0.046938 0.981794 0.700207 -0.087163 0.7086 0.359366 -0.061801 0.931148 0.703614 0.043825 0.70923 0.694579 -0.13941 0.70578 0.783185 -0.593111 0.186656 0.919187 -0.002716 0.393811 0.982266 0.165323 -0.088445 0.97187 -0.231637 -0.042573 -0.061251 -0.43047 0.900524 0.740591 -0.333183 0.583536 0.992203 -0.123358 0.017762 0.707585 -0.281294 0.648226 0.719591 -0.208082 0.662489 -0.074254 -0.242692 0.967257 -0.066959 -0.304188 0.950256 -0.089849 -0.168834 0.981541 0.73929 -0.101201 0.665739 -0.045961 0.221752 0.974019 0.759163 0.16993 0.628327 0.999773 0.019837 0.007812 0.981849 0.179603 0.060945 -0.759837 -0.227246 0.609103 -0.77317 -0.091709 0.627533 -0.768624 0.088963 0.633485 -0.961748 0.235302 0.140266 -0.865899 0.484527 -0.124306 -0.031252 0.946137 0.322256 0.588143 0.760365 0.275561 -0.935225 -0.171791 -0.309585 0.912857 -0.115851 -0.391499 0.892079 0.411431 -0.18687 0.068606 0.009643 0.997597 0.780534 0.260849 0.568088 0.176887 0.195412 0.964637 -0.28828 0.53652 0.793121 -0.750981 0.069003 -0.656708 -0.994663 0.023499 0.100467 -0.041902 0.063814 -0.997082 -0.023683 -0.060428 -0.997892 0.226272 -0.368798 -0.901548 -0.636418 0.301164 -0.710122 -0.025788 0.143104 -0.989372 -0.018189 0.209822 -0.97757 0.999773 0.019837 0.007812 0.689431 0.145272 -0.709635 0.981849 0.179603 0.060945 0.892079 0.411431 -0.18687 0.614363 0.25017 -0.748314 0.600042 0.193432 -0.776231 0.90707 0.254532 -0.335318 -0.595403 -0.164713 -0.786362 -0.63639 0.241317 -0.732648 -0.923891 0.27718 -0.263812 -0.935225 -0.171791 -0.309585 -0.015442 0.134069 -0.990852 -0.566189 -0.80265 -0.18757 0.606851 -0.794607 0.018189 -0.022217 -0.870709 -0.491296 0.659066 -0.483305 -0.576236 0.783185 -0.593111 0.186656 0.016816 -0.87514 0.483578 -0.027497 0.873038 -0.486876 -0.027192 0.870586 -0.491265 -0.017457 0.853231 0.521241 -0.019623 0.854379 0.51928 0.783185 -0.593111 0.186656 -0.024689 -0.865328 -0.500598 -0.028291 -0.872005 0.488679 -0.030336 0.007629 -0.999511 -0.0347 0.868084 -0.495202 -0.018708 0.873971 0.485618 -0.023316 -0.013092 0.999642 -0.028291 -0.872005 0.488679 -0.029786 -0.865196 -0.500549 -0.034364 0.006592 -0.999388 -0.033875 0.868171 -0.495108 -0.009674 -0.006225 0.999934 -0.01062 0.868641 0.495329 -0.008484 -0.871997 0.489438 0.003692 -0.006653 0.999971 0.004821 0.868417 0.495811 -0.011749 0.868508 -0.495536 0.009277 0.869025 -0.494681 0.012573 0.005829 -0.999904 -0.010773 0.006195 -0.999923 0.010315 -0.86612 -0.49973 -0.01059 -0.865413 -0.500948 0.00592 -0.871726 0.489958 -0.008484 -0.871997 0.489438 0.00592 -0.871726 0.489958 -0.977986 -0.198497 -0.064364 -0.975101 -0.207862 0.077273 -0.965612 0.081088 0.247018 -0.966624 0.199349 0.160926 -0.970812 0.239819 0.003448 -0.970812 0.239819 0.003448 -0.975672 -0.073734 -0.206463 -0.690955 0.29216 0.661229 -0.449615 -0.526768 0.721361 -0.87426 0.105963 0.473753 -0.690955 0.29216 0.661229 0.725041 -0.219554 0.652772 -0.094151 -0.236522 0.967054 0.920199 0.123696 0.371394 0.993601 -0.112279 -0.012268 0.645599 -0.132239 -0.752141 -0.52578 -0.031312 -0.850044 -0.515387 0.395536 -0.760216 -0.898852 -0.209606 0.384878 -0.85566 0.012451 0.517388 -0.512483 0.763047 -0.393853 -0.89408 -0.395951 0.20939 -0.52755 0.849524 0.000366 -0.881789 -0.471642 -0.001586 -0.908592 -0.358206 -0.214826 -0.503791 0.750422 0.427857 -0.891701 -0.217356 -0.39702 -0.520603 0.399043 0.75481 -0.872898 -0.034913 -0.486652 -0.520293 0.055362 0.852191 -0.488892 -0.403773 0.773273 -0.520293 0.055362 0.852191 -0.919789 0.183756 -0.346729 -0.872898 -0.034913 -0.486652 -0.502262 -0.769217 0.395016 -0.886382 0.406339 -0.221847 -0.513539 -0.858066 0 -0.885771 0.464112 -0.00299 -0.887733 0.396135 0.234537 -0.491089 -0.75026 -0.442654 -0.880011 0.221475 0.420153 -0.507688 -0.401419 -0.762309 -0.85566 0.012451 0.517388 -0.52578 -0.031312 -0.850044 -0.369373 0.106359 0.923174 -0.243847 -0.02353 -0.969528 -0.975672 -0.073734 -0.206463 -0.977986 -0.198497 -0.064364 -0.975101 -0.207862 0.077273 -0.965612 0.081088 0.247018 -0.966624 0.199349 0.160926 -0.965612 0.081088 0.247018 -0.970812 0.239819 0.003448 -0.975672 -0.073734 -0.206463</float_array>
          <technique_common>
            <accessor source="#GeometrySource1-array" count="2458" stride="3">
              <param name="X" type="float"/>
              <param name="Y" type="float"/>
              <param name="Z" type="float"/>
            </accessor>
          </technique_common>
        </source>
        <source id="GeometrySource2" name="chr349UV">
          <float_array id="GeometrySource2-array" count="4916">0.708889 0.626974 0.716393 0.682532 0.725101 0.624947 0.728132 0.680672 0.736723 0.760155 0.74501 0.625231 0.742666 0.680231 0.757058 0.682558 0.764792 0.627246 0.708889 0.626974 0.716393 0.682532 0.725101 0.624947 0.728132 0.680672 0.736723 0.760155 0.74501 0.625231 0.742666 0.680231 0.757058 0.682558 0.764792 0.627246 0.708889 0.626974 0.716393 0.682532 0.725101 0.624947 0.728132 0.680672 0.736723 0.760155 0.74501 0.625231 0.742666 0.680231 0.757058 0.682558 0.764792 0.627246 0.708889 0.626974 0.716393 0.682532 0.725101 0.624947 0.728132 0.680672 0.736723 0.760155 0.74501 0.625231 0.742666 0.680231 0.757058 0.682558 0.764792 0.627246 0.708889 0.626974 0.716393 0.682532 0.725101 0.624947 0.728132 0.680672 0.74501 0.625231 0.742666 0.680231 0.736723 0.760155 0.757058 0.682558 0.764792 0.627246 0.716393 0.682532 0.728132 0.680672 0.708889 0.626974 0.725101 0.624947 0.736723 0.760155 0.74501 0.625231 0.742666 0.680231 0.757058 0.682558 0.764792 0.627246 0.708889 0.626974 0.716393 0.682532 0.725101 0.624947 0.728132 0.680672 0.736723 0.760155 0.74501 0.625231 0.742666 0.680231 0.757058 0.682558 0.764792 0.627246 0.716393 0.682532 0.728132 0.680672 0.708889 0.626974 0.725101 0.624947 0.736723 0.760155 0.74501 0.625231 0.742666 0.680231 0.757058 0.682558 0.764792 0.627246 0.708889 0.626974 0.716393 0.682532 0.725101 0.624947 0.728132 0.680672 0.736723 0.760155 0.74501 0.625231 0.742666 0.680231 0.757058 0.682558 0.764792 0.627246 0.708889 0.626974 0.716393 0.682532 0.725101 0.624947 0.728132 0.680672 0.736723 0.760155 0.74501 0.625231 0.742666 0.680231 0.757058 0.682558 0.764792 0.627246 0.708889 0.626974 0.716393 0.682532 0.725101 0.624947 0.728132 0.680672 0.736723 0.760155 0.74501 0.625231 0.742666 0.680231 0.757058 0.682558 0.764792 0.627246 0.708889 0.626974 0.716393 0.682532 0.725101 0.624947 0.728132 0.680672 0.736723 0.760155 0.74501 0.625231 0.742666 0.680231 0.757058 0.682558 0.764792 0.627246 0.708889 0.626974 0.716393 0.682532 0.725101 0.624947 0.728132 0.680672 0.736723 0.760155 0.74501 0.625231 0.742666 0.680231 0.757058 0.682558 0.764792 0.627246 0.708889 0.626974 0.716393 0.682532 0.725101 0.624947 0.728132 0.680672 0.736723 0.760155 0.74501 0.625231 0.742666 0.680231 0.757058 0.682558 0.764792 0.627246 0.708889 0.626974 0.716393 0.682532 0.725101 0.624947 0.728132 0.680672 0.736723 0.760155 0.74501 0.625231 0.742666 0.680231 0.757058 0.682558 0.764792 0.627246 0.708889 0.626974 0.716393 0.682532 0.725101 0.624947 0.728132 0.680672 0.736723 0.760155 0.74501 0.625231 0.742666 0.680231 0.757058 0.682558 0.764792 0.627246 0.716393 0.682532 0.728132 0.680672 0.708889 0.626974 0.725101 0.624947 0.736723 0.760155 0.74501 0.625231 0.742666 0.680231 0.764792 0.627246 0.757058 0.682558 0.708889 0.626974 0.716393 0.682532 0.725101 0.624947 0.728132 0.680672 0.736723 0.760155 0.742666 0.680231 0.74501 0.625231 0.764792 0.627246 0.757058 0.682558 0.708889 0.626974 0.716393 0.682532 0.725101 0.624947 0.728132 0.680672 0.736723 0.760155 0.742666 0.680231 0.74501 0.625231 0.764792 0.627246 0.757058 0.682558 0.708889 0.626974 0.716393 0.682532 0.725101 0.624947 0.728132 0.680672 0.736723 0.760155 0.74501 0.625231 0.742666 0.680231 0.757058 0.682558 0.764792 0.627246 0.708889 0.626974 0.716393 0.682532 0.725101 0.624947 0.728132 0.680672 0.736723 0.760155 0.74501 0.625231 0.742666 0.680231 0.757058 0.682558 0.764792 0.627246 0.708889 0.626974 0.716393 0.682532 0.725101 0.624947 0.728132 0.680672 0.736723 0.760155 0.74501 0.625231 0.742666 0.680231 0.757058 0.682558 0.764792 0.627246 0.708889 0.626974 0.716393 0.682532 0.725101 0.624947 0.728132 0.680672 0.736723 0.760155 0.74501 0.625231 0.742666 0.680231 0.757058 0.682558 0.764792 0.627246 0.708889 0.626974 0.716393 0.682532 0.725101 0.624947 0.728132 0.680672 0.736723 0.760155 0.74501 0.625231 0.742666 0.680231 0.757058 0.682558 0.764792 0.627246 0.708889 0.626974 0.716393 0.682532 0.725101 0.624947 0.728132 0.680672 0.736723 0.760155 0.74501 0.625231 0.742666 0.680231 0.757058 0.682558 0.764792 0.627246 0.708889 0.626974 0.716393 0.682532 0.725101 0.624947 0.728132 0.680672 0.736723 0.760155 0.74501 0.625231 0.742666 0.680231 0.757058 0.682558 0.764792 0.627246 0.708889 0.626974 0.716393 0.682532 0.725101 0.624947 0.728132 0.680672 0.736723 0.760155 0.742666 0.680231 0.74501 0.625231 0.764792 0.627246 0.757058 0.682558 0.708889 0.626974 0.716393 0.682532 0.725101 0.624947 0.728132 0.680672 0.736723 0.760155 0.74501 0.625231 0.742666 0.680231 0.757058 0.682558 0.764792 0.627246 0.716393 0.682532 0.728132 0.680672 0.708889 0.626974 0.725101 0.624947 0.74501 0.625231 0.742666 0.680231 0.736723 0.760155 0.757058 0.682558 0.764792 0.627246 0.716393 0.682532 0.728132 0.680672 0.708889 0.626974 0.725101 0.624947 0.736723 0.760155 0.74501 0.625231 0.742666 0.680231 0.757058 0.682558 0.764792 0.627246 0.716393 0.682532 0.728132 0.680672 0.708889 0.626974 0.725101 0.624947 0.736723 0.760155 0.74501 0.625231 0.742666 0.680231 0.757058 0.682558 0.764792 0.627246 0.708889 0.626974 0.716393 0.682532 0.725101 0.624947 0.728132 0.680672 0.736723 0.760155 0.74501 0.625231 0.742666 0.680231 0.757058 0.682558 0.764792 0.627246 0.716393 0.682532 0.728132 0.680672 0.708889 0.626974 0.725101 0.624947 0.736723 0.760155 0.74501 0.625231 0.742666 0.680231 0.757058 0.682558 0.764792 0.627246 0.708889 0.626974 0.716393 0.682532 0.725101 0.624947 0.728132 0.680672 0.736723 0.760155 0.74501 0.625231 0.742666 0.680231 0.757058 0.682558 0.764792 0.627246 0.708889 0.626974 0.716393 0.682532 0.725101 0.624947 0.728132 0.680672 0.736723 0.760155 0.74501 0.625231 0.742666 0.680231 0.757058 0.682558 0.764792 0.627246 0.708889 0.626974 0.716393 0.682532 0.725101 0.624947 0.728132 0.680672 0.736723 0.760155 0.74501 0.625231 0.742666 0.680231 0.757058 0.682558 0.764792 0.627246 0.708889 0.626974 0.716393 0.682532 0.725101 0.624947 0.728132 0.680672 0.736723 0.760155 0.74501 0.625231 0.742666 0.680231 0.757058 0.682558 0.764792 0.627246 0.708889 0.626974 0.716393 0.682532 0.725101 0.624947 0.728132 0.680672 0.736723 0.760155 0.74501 0.625231 0.742666 0.680231 0.757058 0.682558 0.764792 0.627246 0.708889 0.626974 0.716393 0.682532 0.725101 0.624947 0.728132 0.680672 0.736723 0.760155 0.74501 0.625231 0.742666 0.680231 0.757058 0.682558 0.764792 0.627246 0.708889 0.626974 0.716393 0.682532 0.725101 0.624947 0.728132 0.680672 0.736723 0.760155 0.74501 0.625231 0.742666 0.680231 0.757058 0.682558 0.764792 0.627246 0.708889 0.626974 0.716393 0.682532 0.725101 0.624947 0.728132 0.680672 0.736723 0.760155 0.74501 0.625231 0.742666 0.680231 0.757058 0.682558 0.764792 0.627246 0.708889 0.626974 0.716393 0.682532 0.725101 0.624947 0.728132 0.680672 0.736723 0.760155 0.74501 0.625231 0.742666 0.680231 0.757058 0.682558 0.764792 0.627246 0.708889 0.626974 0.716393 0.682532 0.725101 0.624947 0.728132 0.680672 0.736723 0.760155 0.74501 0.625231 0.742666 0.680231 0.757058 0.682558 0.764792 0.627246 0.708889 0.626974 0.716393 0.682532 0.725101 0.624947 0.728132 0.680672 0.736723 0.760155 0.74501 0.625231 0.742666 0.680231 0.757058 0.682558 0.764792 0.627246 0.708889 0.626974 0.716393 0.682532 0.725101 0.624947 0.728132 0.680672 0.736723 0.760155 0.74501 0.625231 0.742666 0.680231 0.757058 0.682558 0.764792 0.627246 0.708889 0.626974 0.716393 0.682532 0.725101 0.624947 0.728132 0.680672 0.736723 0.760155 0.74501 0.625231 0.742666 0.680231 0.757058 0.682558 0.764792 0.627246 0.708889 0.626974 0.716393 0.682532 0.725101 0.624947 0.728132 0.680672 0.736723 0.760155 0.74501 0.625231 0.742666 0.680231 0.757058 0.682558 0.764792 0.627246 0.708889 0.626974 0.716393 0.682532 0.725101 0.624947 0.728132 0.680672 0.736723 0.760155 0.74501 0.625231 0.742666 0.680231 0.757058 0.682558 0.764792 0.627246 0.716393 0.682532 0.728132 0.680672 0.708889 0.626974 0.725101 0.624947 0.736723 0.760155 0.742666 0.680231 0.74501 0.625231 0.764792 0.627246 0.757058 0.682558 0.716393 0.682532 0.728132 0.680672 0.708889 0.626974 0.725101 0.624947 0.736723 0.760155 0.742666 0.680231 0.74501 0.625231 0.764792 0.627246 0.757058 0.682558 0.708889 0.626974 0.716393 0.682532 0.725101 0.624947 0.728132 0.680672 0.736723 0.760155 0.74501 0.625231 0.742666 0.680231 0.757058 0.682558 0.764792 0.627246 0.708889 0.626974 0.716393 0.682532 0.725101 0.624947 0.728132 0.680672 0.736723 0.760155 0.74501 0.625231 0.742666 0.680231 0.757058 0.682558 0.764792 0.627246 0.708889 0.626974 0.716393 0.682532 0.725101 0.624947 0.728132 0.680672 0.736723 0.760155 0.74501 0.625231 0.742666 0.680231 0.757058 0.682558 0.764792 0.627246 0.708889 0.626974 0.716393 0.682532 0.725101 0.624947 0.728132 0.680672 0.736723 0.760155 0.742666 0.680231 0.74501 0.625231 0.764792 0.627246 0.757058 0.682558 0.708889 0.626974 0.716393 0.682532 0.725101 0.624947 0.728132 0.680672 0.736723 0.760155 0.742666 0.680231 0.74501 0.625231 0.757058 0.682558 0.764792 0.627246 0.708889 0.626974 0.716393 0.682532 0.725101 0.624947 0.728132 0.680672 0.736723 0.760155 0.74501 0.625231 0.742666 0.680231 0.757058 0.682558 0.764792 0.627246 0.708889 0.626974 0.716393 0.682532 0.725101 0.624947 0.728132 0.680672 0.736723 0.760155 0.74501 0.625231 0.742666 0.680231 0.757058 0.682558 0.764792 0.627246 0.708889 0.626974 0.716393 0.682532 0.725101 0.624947 0.728132 0.680672 0.736723 0.760155 0.74501 0.625231 0.742666 0.680231 0.757058 0.682558 0.764792 0.627246 0.716393 0.682532 0.728132 0.680672 0.708889 0.626974 0.725101 0.624947 0.736723 0.760155 0.74501 0.625231 0.742666 0.680231 0.757058 0.682558 0.764792 0.627246 0.708889 0.626974 0.716393 0.682532 0.725101 0.624947 0.728132 0.680672 0.736723 0.760155 0.74501 0.625231 0.742666 0.680231 0.757058 0.682558 0.764792 0.627246 0.708889 0.626974 0.716393 0.682532 0.725101 0.624947 0.728132 0.680672 0.736723 0.760155 0.74501 0.625231 0.742666 0.680231 0.757058 0.682558 0.764792 0.627246 0.708889 0.626974 0.716393 0.682532 0.725101 0.624947 0.728132 0.680672 0.736723 0.760155 0.74501 0.625231 0.742666 0.680231 0.757058 0.682558 0.764792 0.627246 0.708889 0.626974 0.716393 0.682532 0.725101 0.624947 0.728132 0.680672 0.736723 0.760155 0.74501 0.625231 0.742666 0.680231 0.764792 0.627246 0.757058 0.682558 0.708889 0.626974 0.716393 0.682532 0.725101 0.624947 0.728132 0.680672 0.736723 0.760155 0.74501 0.625231 0.742666 0.680231 0.757058 0.682558 0.764792 0.627246 0.708889 0.626974 0.716393 0.682532 0.725101 0.624947 0.728132 0.680672 0.736723 0.760155 0.74501 0.625231 0.742666 0.680231 0.757058 0.682558 0.764792 0.627246 0.708889 0.626974 0.716393 0.682532 0.725101 0.624947 0.728132 0.680672 0.736723 0.760155 0.74501 0.625231 0.742666 0.680231 0.757058 0.682558 0.764792 0.627246 0.708889 0.626974 0.725101 0.624947 0.716393 0.682532 0.728132 0.680672 0.736723 0.760155 0.74501 0.625231 0.742666 0.680231 0.757058 0.682558 0.764792 0.627246 0.708889 0.626974 0.725101 0.624947 0.716393 0.682532 0.728132 0.680672 0.736723 0.760155 0.74501 0.625231 0.742666 0.680231 0.764792 0.627246 0.757058 0.682558 0.708889 0.626974 0.725101 0.624947 0.716393 0.682532 0.728132 0.680672 0.736723 0.760155 0.74501 0.625231 0.742666 0.680231 0.757058 0.682558 0.764792 0.627246 0.708889 0.626974 0.725101 0.624947 0.716393 0.682532 0.728132 0.680672 0.736723 0.760155 0.74501 0.625231 0.742666 0.680231 0.757058 0.682558 0.764792 0.627246 0.708889 0.626974 0.725101 0.624947 0.716393 0.682532 0.728132 0.680672 0.74501 0.625231 0.742666 0.680231 0.736723 0.760155 0.757058 0.682558 0.764792 0.627246 0.725101 0.624947 0.728132 0.680672 0.708889 0.626974 0.716393 0.682532 0.736723 0.760155 0.74501 0.625231 0.742666 0.680231 0.757058 0.682558 0.764792 0.627246 0.708889 0.626974 0.725101 0.624947 0.716393 0.682532 0.728132 0.680672 0.736723 0.760155 0.74501 0.625231 0.742666 0.680231 0.757058 0.682558 0.764792 0.627246 0.725101 0.624947 0.728132 0.680672 0.708889 0.626974 0.716393 0.682532 0.736723 0.760155 0.74501 0.625231 0.742666 0.680231 0.764792 0.627246 0.757058 0.682558 0.708889 0.626974 0.725101 0.624947 0.716393 0.682532 0.728132 0.680672 0.736723 0.760155 0.74501 0.625231 0.742666 0.680231 0.757058 0.682558 0.764792 0.627246 0.708889 0.626974 0.725101 0.624947 0.716393 0.682532 0.728132 0.680672 0.736723 0.760155 0.74501 0.625231 0.742666 0.680231 0.757058 0.682558 0.764792 0.627246 0.708889 0.626974 0.725101 0.624947 0.716393 0.682532 0.728132 0.680672 0.736723 0.760155 0.74501 0.625231 0.742666 0.680231 0.757058 0.682558 0.764792 0.627246 0.708889 0.626974 0.725101 0.624947 0.716393 0.682532 0.728132 0.680672 0.736723 0.760155 0.74501 0.625231 0.742666 0.680231 0.757058 0.682558 0.764792 0.627246 0.708889 0.626974 0.725101 0.624947 0.716393 0.682532 0.728132 0.680672 0.736723 0.760155 0.74501 0.625231 0.742666 0.680231 0.757058 0.682558 0.764792 0.627246 0.708889 0.626974 0.725101 0.624947 0.716393 0.682532 0.728132 0.680672 0.736723 0.760155 0.74501 0.625231 0.742666 0.680231 0.757058 0.682558 0.764792 0.627246 0.708889 0.626974 0.725101 0.624947 0.716393 0.682532 0.728132 0.680672 0.736723 0.760155 0.74501 0.625231 0.742666 0.680231 0.764792 0.627246 0.757058 0.682558 0.708889 0.626974 0.725101 0.624947 0.716393 0.682532 0.728132 0.680672 0.736723 0.760155 0.74501 0.625231 0.742666 0.680231 0.757058 0.682558 0.764792 0.627246 0.725101 0.624947 0.728132 0.680672 0.708889 0.626974 0.716393 0.682532 0.736723 0.760155 0.74501 0.625231 0.742666 0.680231 0.764792 0.627246 0.757058 0.682558 0.708889 0.626974 0.725101 0.624947 0.716393 0.682532 0.728132 0.680672 0.736723 0.760155 0.74501 0.625231 0.742666 0.680231 0.764792 0.627246 0.757058 0.682558 0.708889 0.626974 0.725101 0.624947 0.716393 0.682532 0.728132 0.680672 0.736723 0.760155 0.742666 0.680231 0.74501 0.625231 0.764792 0.627246 0.757058 0.682558 0.708889 0.626974 0.725101 0.624947 0.716393 0.682532 0.728132 0.680672 0.736723 0.760155 0.74501 0.625231 0.742666 0.680231 0.757058 0.682558 0.764792 0.627246 0.708889 0.626974 0.725101 0.624947 0.716393 0.682532 0.728132 0.680672 0.736723 0.760155 0.74501 0.625231 0.742666 0.680231 0.757058 0.682558 0.764792 0.627246 0.708889 0.626974 0.725101 0.624947 0.716393 0.682532 0.728132 0.680672 0.736723 0.760155 0.74501 0.625231 0.742666 0.680231 0.757058 0.682558 0.764792 0.627246 0.708889 0.626974 0.725101 0.624947 0.716393 0.682532 0.728132 0.680672 0.736723 0.760155 0.74501 0.625231 0.742666 0.680231 0.764792 0.627246 0.757058 0.682558 0.708889 0.626974 0.725101 0.624947 0.716393 0.682532 0.728132 0.680672 0.736723 0.760155 0.74501 0.625231 0.742666 0.680231 0.757058 0.682558 0.764792 0.627246 0.708889 0.626974 0.725101 0.624947 0.716393 0.682532 0.728132 0.680672 0.736723 0.760155 0.74501 0.625231 0.742666 0.680231 0.764792 0.627246 0.757058 0.682558 0.708889 0.626974 0.725101 0.624947 0.716393 0.682532 0.728132 0.680672 0.736723 0.760155 0.74501 0.625231 0.742666 0.680231 0.757058 0.682558 0.764792 0.627246 0.708889 0.626974 0.725101 0.624947 0.716393 0.682532 0.728132 0.680672 0.736723 0.760155 0.742666 0.680231 0.74501 0.625231 0.764792 0.627246 0.757058 0.682558 0.708889 0.626974 0.725101 0.624947 0.716393 0.682532 0.728132 0.680672 0.736723 0.760155 0.74501 0.625231 0.742666 0.680231 0.764792 0.627246 0.757058 0.682558 0.725101 0.624947 0.728132 0.680672 0.708889 0.626974 0.716393 0.682532 0.74501 0.625231 0.742666 0.680231 0.736723 0.760155 0.757058 0.682558 0.764792 0.627246 0.725101 0.624947 0.728132 0.680672 0.708889 0.626974 0.716393 0.682532 0.736723 0.760155 0.74501 0.625231 0.742666 0.680231 0.757058 0.682558 0.764792 0.627246 0.725101 0.624947 0.728132 0.680672 0.708889 0.626974 0.716393 0.682532 0.736723 0.760155 0.74501 0.625231 0.742666 0.680231 0.757058 0.682558 0.764792 0.627246 0.708889 0.626974 0.725101 0.624947 0.716393 0.682532 0.728132 0.680672 0.736723 0.760155 0.74501 0.625231 0.742666 0.680231 0.757058 0.682558 0.764792 0.627246 0.725101 0.624947 0.728132 0.680672 0.708889 0.626974 0.716393 0.682532 0.736723 0.760155 0.74501 0.625231 0.742666 0.680231 0.757058 0.682558 0.764792 0.627246 0.708889 0.626974 0.725101 0.624947 0.716393 0.682532 0.728132 0.680672 0.736723 0.760155 0.74501 0.625231 0.742666 0.680231 0.764792 0.627246 0.757058 0.682558 0.708889 0.626974 0.725101 0.624947 0.716393 0.682532 0.728132 0.680672 0.736723 0.760155 0.74501 0.625231 0.742666 0.680231 0.757058 0.682558 0.764792 0.627246 0.708889 0.626974 0.725101 0.624947 0.716393 0.682532 0.728132 0.680672 0.736723 0.760155 0.74501 0.625231 0.742666 0.680231 0.757058 0.682558 0.764792 0.627246 0.708889 0.626974 0.725101 0.624947 0.716393 0.682532 0.728132 0.680672 0.736723 0.760155 0.74501 0.625231 0.742666 0.680231 0.757058 0.682558 0.764792 0.627246 0.708889 0.626974 0.725101 0.624947 0.716393 0.682532 0.728132 0.680672 0.736723 0.760155 0.74501 0.625231 0.742666 0.680231 0.757058 0.682558 0.764792 0.627246 0.708889 0.626974 0.725101 0.624947 0.716393 0.682532 0.728132 0.680672 0.736723 0.760155 0.74501 0.625231 0.742666 0.680231 0.757058 0.682558 0.764792 0.627246 0.708889 0.626974 0.725101 0.624947 0.716393 0.682532 0.728132 0.680672 0.736723 0.760155 0.74501 0.625231 0.742666 0.680231 0.757058 0.682558 0.764792 0.627246 0.708889 0.626974 0.725101 0.624947 0.716393 0.682532 0.728132 0.680672 0.736723 0.760155 0.74501 0.625231 0.742666 0.680231 0.757058 0.682558 0.764792 0.627246 0.708889 0.626974 0.725101 0.624947 0.716393 0.682532 0.728132 0.680672 0.736723 0.760155 0.74501 0.625231 0.742666 0.680231 0.757058 0.682558 0.764792 0.627246 0.708889 0.626974 0.725101 0.624947 0.716393 0.682532 0.728132 0.680672 0.736723 0.760155 0.74501 0.625231 0.742666 0.680231 0.757058 0.682558 0.764792 0.627246 0.708889 0.626974 0.725101 0.624947 0.716393 0.682532 0.728132 0.680672 0.736723 0.760155 0.74501 0.625231 0.742666 0.680231 0.757058 0.682558 0.764792 0.627246 0.708889 0.626974 0.725101 0.624947 0.716393 0.682532 0.728132 0.680672 0.736723 0.760155 0.74501 0.625231 0.742666 0.680231 0.757058 0.682558 0.764792 0.627246 0.708889 0.626974 0.725101 0.624947 0.716393 0.682532 0.728132 0.680672 0.736723 0.760155 0.74501 0.625231 0.742666 0.680231 0.757058 0.682558 0.764792 0.627246 0.708889 0.626974 0.725101 0.624947 0.716393 0.682532 0.728132 0.680672 0.736723 0.760155 0.74501 0.625231 0.742666 0.680231 0.757058 0.682558 0.764792 0.627246 0.708889 0.626974 0.725101 0.624947 0.716393 0.682532 0.728132 0.680672 0.736723 0.760155 0.74501 0.625231 0.742666 0.680231 0.757058 0.682558 0.764792 0.627246 0.725101 0.624947 0.728132 0.680672 0.708889 0.626974 0.716393 0.682532 0.736723 0.760155 0.742666 0.680231 0.74501 0.625231 0.764792 0.627246 0.757058 0.682558 0.725101 0.624947 0.728132 0.680672 0.708889 0.626974 0.716393 0.682532 0.736723 0.760155 0.74501 0.625231 0.742666 0.680231 0.764792 0.627246 0.757058 0.682558 0.708889 0.626974 0.725101 0.624947 0.716393 0.682532 0.728132 0.680672 0.736723 0.760155 0.74501 0.625231 0.742666 0.680231 0.764792 0.627246 0.757058 0.682558 0.708889 0.626974 0.725101 0.624947 0.716393 0.682532 0.728132 0.680672 0.736723 0.760155 0.74501 0.625231 0.742666 0.680231 0.757058 0.682558 0.764792 0.627246 0.708889 0.626974 0.725101 0.624947 0.716393 0.682532 0.728132 0.680672 0.736723 0.760155 0.74501 0.625231 0.742666 0.680231 0.757058 0.682558 0.764792 0.627246 0.708889 0.626974 0.725101 0.624947 0.716393 0.682532 0.728132 0.680672 0.736723 0.760155 0.742666 0.680231 0.74501 0.625231 0.764792 0.627246 0.757058 0.682558 0.708889 0.626974 0.725101 0.624947 0.716393 0.682532 0.728132 0.680672 0.736723 0.760155 0.742666 0.680231 0.74501 0.625231 0.764792 0.627246 0.757058 0.682558 0.708889 0.626974 0.725101 0.624947 0.716393 0.682532 0.728132 0.680672 0.736723 0.760155 0.74501 0.625231 0.742666 0.680231 0.757058 0.682558 0.764792 0.627246 0.708889 0.626974 0.725101 0.624947 0.716393 0.682532 0.728132 0.680672 0.736723 0.760155 0.74501 0.625231 0.742666 0.680231 0.757058 0.682558 0.764792 0.627246 0.708889 0.626974 0.725101 0.624947 0.716393 0.682532 0.728132 0.680672 0.736723 0.760155 0.74501 0.625231 0.742666 0.680231 0.757058 0.682558 0.764792 0.627246 0.725101 0.624947 0.728132 0.680672 0.708889 0.626974 0.716393 0.682532 0.736723 0.760155 0.74501 0.625231 0.742666 0.680231 0.764792 0.627246 0.757058 0.682558 0.708889 0.626974 0.725101 0.624947 0.716393 0.682532 0.728132 0.680672 0.736723 0.760155 0.74501 0.625231 0.742666 0.680231 0.757058 0.682558 0.764792 0.627246 0.708889 0.626974 0.725101 0.624947 0.716393 0.682532 0.728132 0.680672 0.736723 0.760155 0.74501 0.625231 0.742666 0.680231 0.757058 0.682558 0.764792 0.627246 0.708889 0.626974 0.725101 0.624947 0.716393 0.682532 0.728132 0.680672 0.736723 0.760155 0.74501 0.625231 0.742666 0.680231 0.757058 0.682558 0.764792 0.627246 0.708889 0.626974 0.725101 0.624947 0.716393 0.682532 0.728132 0.680672 0.736723 0.760155 0.74501 0.625231 0.742666 0.680231 0.764792 0.627246 0.757058 0.682558 0.708889 0.626974 0.725101 0.624947 0.716393 0.682532 0.728132 0.680672 0.736723 0.760155 0.74501 0.625231 0.742666 0.680231 0.764792 0.627246 0.757058 0.682558 0.708889 0.626974 0.725101 0.624947 0.716393 0.682532 0.728132 0.680672 0.736723 0.760155 0.74501 0.625231 0.742666 0.680231 0.757058 0.682558 0.764792 0.627246 0.708889 0.626974 0.725101 0.624947 0.716393 0.682532 0.728132 0.680672 0.736723 0.760155 0.74501 0.625231 0.742666 0.680231 0.757058 0.682558 0.764792 0.627246 0.708889 0.626974 0.725101 0.624947 0.716393 0.682532 0.728132 0.680672 0.736723 0.760155 0.74501 0.625231 0.742666 0.680231 0.757058 0.682558 0.764792 0.627246 0.563545 0.443639 0.485243 0.44284 0.475022 0.406901 0.498881 0.487352 0.46037 0.488805 0.512036 0.536985 0.578778 0.481433 0.468886 0.539136 0.447045 0.441401 0.502496 0.303806 0.525371 0.373723 0.457081 0.356412 0.435957 0.64848 0.385078 0.649026 0.433482 0.594629 0.374451 0.486639 0.429012 0.54089 0.380789 0.542494 0.41693 0.489991 0.403404 0.440202 0.43534 0.406055 0.372953 0.436276 0.484809 0.64809 0.488891 0.703643 0.434377 0.701582 0.384082 0.700385 0.430532 0.749327 0.425887 0.798216 0.379462 0.745748 0.486805 0.753077 0.474647 0.803836 0.52365 0.811046 0.533428 0.758228 0.46449 0.839798 0.50401 0.854573 0.417004 0.834826 0.378437 0.79732 0.445147 0.875866 0.406096 0.873985 0.371882 0.871 0.37769 0.833695 0.337908 0.831401 0.337908 0.794885 0.396077 0.90487 0.36553 0.90069 0.584177 0.819574 0.56495 0.876077 0.533872 0.915217 0.48403 0.883064 0.504272 0.937464 0.465812 0.906851 0.47691 0.957957 0.426479 0.946575 0.416575 0.997114 0.428273 0.903966 0.375428 0.945048 0.337908 0.945048 0.371702 0.988358 0.337908 0.988358 0.337908 0.901985 0.337908 0.870026 0.076469 0.362648 0.080072 0.389509 0.103411 0.371651 0.04914 0.395616 0.04914 0.42588 0.083676 0.42588 0.108802 0.395107 0.114761 0.42588 0.08779 0.481433 0.124815 0.486228 0.091176 0.536985 0.131506 0.541967 0.04914 0.536985 0.04914 0.481433 0.305113 0.65133 0.244118 0.594859 0.24756 0.651271 0.299029 0.713348 0.16259 0.487121 0.172807 0.543084 0.233963 0.53862 0.215447 0.48369 0.280051 0.471398 0.300661 0.524649 0.194385 0.437854 0.14923 0.431674 0.265169 0.443639 0.227351 0.373723 0.177217 0.399543 0.138856 0.397433 0.066037 0.302515 0.096542 0.305074 0.095646 0.294816 0.064021 0.288534 0.023114 0.185697 0.045926 0.197084 0.038842 0.145008 0.032196 0.236569 0.060263 0.210995 0.049512 0.244617 0.007187 0.222523 0.016293 0.230894 0.008832 0.182964 0.01742 0.133335 0.176968 0.214198 0.210946 0.19842 0.17707 0.172453 0.223564 0.144022 0.203464 0.156524 0.234812 0.188715 0.223902 0.238775 0.235863 0.13308 0.248866 0.183096 0.250556 0.227277 0.237131 0.234259 0.206106 0.104661 0.218012 0.092453 0.173497 0.056392 0.166196 0.07052 0.16004 0.08993 0.189032 0.118528 0.152552 0.113998 0.168783 0.138295 0.151902 0.145496 0.123629 0.144831 0.125714 0.116196 0.126603 0.08135 0.126156 0.061228 0.086137 0.069923 0.093004 0.089725 0.07306 0.121141 0.097938 0.113638 0.080551 0.13646 0.057176 0.10683 0.058133 0.159185 0.095127 0.144513 0.122304 0.18859 0.080269 0.054648 0.035869 0.087939 0.12748 0.045528 0.04914 0.907707 0.049141 0.945048 0.078924 0.910531 0.078676 0.86969 0.04914 0.872654 0.071187 0.833825 0.04914 0.837073 0.098556 0.947765 0.10748 0.909896 0.170638 0.923086 0.148193 0.957419 0.199966 0.961371 0.049043 0.987061 0.112545 0.993923 0.125104 0.996648 0.151833 0.866692 0.112752 0.878917 0.195773 0.886966 0.263724 0.915217 0.235144 0.937464 0.290942 0.881421 0.209124 0.85705 0.230784 0.806555 0.167226 0.837884 0.178876 0.794676 0.243378 0.75697 0.187378 0.744986 0.312919 0.819574 0.114571 0.857269 0.098332 0.851949 0.133455 0.780967 0.143854 0.803092 0.130133 0.798471 0.110168 0.803994 0.096168 0.819037 0.089117 0.796093 0.066851 0.785822 0.04914 0.790375 0.079826 0.741565 0.077979 0.771 0.102555 0.742155 0.069997 0.339506 0.063268 0.335616 0.049527 0.365351 0.049527 0.331726 0.35892 0.335616 0.369837 0.339506 0.366488 0.375085 0.389667 0.38482 0.393886 0.40535 0.370092 0.400483 0.337908 0.331726 0.337908 0.365351 0.337908 0.398637 0.337908 0.431602 0.337908 0.4875 0.337908 0.542493 0.337908 0.645194 0.383995 0.596636 0.337908 0.693985 0.36005 0.302515 0.388516 0.344222 0.363656 0.321011 0.424086 0.350317 0.450219 0.290239 0.499542 0.28918 0.382069 0.169402 0.349882 0.195101 0.351157 0.169402 0.308904 0.10041 0.301345 0.075201 0.309274 0.050434 0.334101 0.118809 0.335533 0.031481 0.361042 0.123507 0.39623 0.031492 0.362981 0.026532 0.39444 0.121029 0.430408 0.039802 0.428879 0.116301 0.456851 0.058495 0.456813 0.102033 0.462442 0.080991 0.757461 0.582559 0.704552 0.546026 0.757108 0.542195 0.814833 0.575409 0.927271 0.559442 0.98055 0.536753 0.977765 0.567559 0.04907 0.712669 0.056074 0.714544 0.04914 0.691337 0.066406 0.69582 0.062946 0.740913 0.056332 0.766945 0.04907 0.768894 0.849122 0.636502 0.848229 0.743554 0.862976 0.640724 0.862171 0.7395 0.871339 0.655817 0.914247 0.742797 0.887088 0.707094 0.897305 0.732854 0.887496 0.675357 0.942322 0.707534 0.942736 0.675798 0.898356 0.649765 0.915573 0.640032 0.931948 0.650198 0.118968 0.819248 0.126229 0.816999 0.131897 0.817437 0.150983 0.816776 0.133037 0.821847 0.112871 0.82602 0.150389 0.834059 0.124075 0.835055 0.116452 0.838283 0.109548 0.8329 0.675322 0.819899 0.642831 0.88851 0.653274 0.819899 0.675322 0.88851 0.669929 0.88851 0.665675 0.929104 0.643921 0.929104 0.654887 0.967639 0.631815 0.88851 0.620358 0.88851 0.615961 0.929104 0.583524 0.88851 0.577092 0.929104 0.588093 0.967639 0.625852 0.819899 0.578205 0.88851 0.687275 0.929104 0.683135 0.88851 0.709029 0.929104 0.713265 0.88851 0.697518 0.967639 0.697371 0.819899 0.71883 0.88851 0.731578 0.929104 0.725686 0.88851 0.723759 0.819899 0.771406 0.88851 0.763097 0.88851 0.772514 0.929104 0.755706 0.967639 0.763097 0.88851 0.725686 0.88851 0.697371 0.819899 0.772514 0.929104 0.731578 0.929104 0.71883 0.88851 0.755706 0.967639 0.675322 0.819899 0.683135 0.88851 0.709029 0.929104 0.687275 0.929104 0.713265 0.88851 0.697518 0.967639 0.653274 0.819899 0.642831 0.88851 0.643921 0.929104 0.669929 0.88851 0.675322 0.88851 0.665675 0.929104 0.654887 0.967639 0.620358 0.88851 0.631815 0.88851 0.577092 0.929104 0.583524 0.88851 0.615961 0.929104 0.588093 0.967639 0.82807 0.870705 0.816106 0.836649 0.799421 0.870705 0.803357 0.894467 0.824844 0.894467 0.85677 0.88851 0.807293 0.919028 0.821617 0.919028 0.812641 0.967639 0.786502 0.929104 0.843875 0.929104 0.803357 0.894467 0.807293 0.919028 0.786502 0.929104 0.812641 0.967639 0.824844 0.894467 0.82807 0.870705 0.85677 0.88851 0.821617 0.919028 0.843875 0.929104 0.82807 0.870705 0.799421 0.870705 0.803357 0.894467 0.824844 0.894467 0.85677 0.88851 0.807293 0.919028 0.821617 0.919028 0.812641 0.967639 0.786502 0.929104 0.843875 0.929104 0.803357 0.894467 0.786502 0.929104 0.807293 0.919028 0.812641 0.967639 0.821617 0.919028 0.824844 0.894467 0.82807 0.870705 0.799421 0.870705 0.85677 0.88851 0.843875 0.929104 0.799421 0.870705 0.803357 0.894467 0.82807 0.870705 0.824844 0.894467 0.807293 0.919028 0.821617 0.919028 0.812641 0.967639 0.786502 0.929104 0.843875 0.929104 0.85677 0.88851 0.824844 0.894467 0.843875 0.929104 0.821617 0.919028 0.812641 0.967639 0.807293 0.919028 0.803357 0.894467 0.799421 0.870705 0.786502 0.929104 0.918675 0.870705 0.90994 0.9189 0.886677 0.870705 0.893231 0.9189 0.895685 0.943351 0.906399 0.943351 0.90007 0.987058 0.875953 0.927297 0.867596 0.881973 0.884605 0.948736 0.859239 0.836649 0.924758 0.927297 0.935109 0.881973 0.915901 0.948736 0.945461 0.836649 0.949481 0.879352 0.97377 0.870705 0.971231 0.893653 0.952392 0.910265 0.969394 0.910265 0.96283 0.954768 0.971331 0.954768 0.975794 0.997049 0.971331 0.954768 0.977728 0.954768 0.982187 0.910265 0.969394 0.910265 0.984188 0.893653 0.971231 0.893653 0.97377 0.870705 0.986951 0.870705 0.918675 0.870705 0.935109 0.881973 0.924758 0.927297 0.90994 0.9189 0.915901 0.948736 0.906399 0.943351 0.90007 0.987058 0.895685 0.943351 0.893231 0.9189 0.886677 0.870705 0.875953 0.927297 0.867596 0.881973 0.884605 0.948736 0.323382 0.708474 0.688315 0.060638 0.698062 0.032821 0.714115 0.068672 0.730658 0.044861 0.752958 0.08022 0.753033 0.132703 0.704762 0.121198 0.694674 0.147003 0.681241 0.117311 0.653685 0.056815 0.650969 0.115086 0.745576 0.168189 0.688987 0.169824 0.683403 0.1925 0.655014 0.169824 0.650949 0.1925 0.610121 0.1925 0.599743 0.164717 0.650598 0.145247 0.621875 0.113489 0.58913 0.1354 0.56703 0.140495 0.537292 0.15709 0.571307 0.174731 0.544365 0.116585 0.553625 0.097825 0.534761 0.093154 0.521615 0.120071 0.524129 0.126008 0.589147 0.1925 0.557005 0.18137 0.606404 0.113897 0.622775 0.058011 0.603328 0.063212 0.570011 0.080766 0.584348 0.048992 0.57302 0.104814 0.612357 0.031738 0.654255 0.026287 0.926762 0.169823 0.922547 0.1925 0.953564 0.169006 0.932248 0.121772 0.949081 0.1925 0.959389 0.120138 0.960897 0.082488 0.93534 0.084757 0.937397 0.071119 0.919284 0.06719 0.91498 0.084757 0.925043 0.051201 0.94558 0.05949 0.972184 0.042429 0.941358 0.028561 0.976907 0.081354 0.992917 0.080219 0.992993 0.132702 0.976191 0.12642 0.985535 0.168189 0.969549 0.168597 0.969856 0.1925 0.89601 0.047171 0.894348 0.019342 0.850942 0.032682 0.870079 0.052318 0.873812 0.067661 0.89543 0.066574 0.873491 0.084757 0.89462 0.084757 0.875589 0.121773 0.894973 0.121773 0.879078 0.169823 0.894973 0.169823 0.910868 0.169823 0.894958 0.1925 0.913611 0.121772 0.858079 0.071142 0.851256 0.060994 0.833651 0.082761 0.80997 0.080765 0.823182 0.046578 0.852362 0.084757 0.835463 0.116524 0.856206 0.121773 0.841924 0.144741 0.863184 0.169823 0.837117 0.173973 0.813768 0.176397 0.844724 0.1925 0.867674 0.1925 0.82107 0.155103 0.824154 0.143684 0.815211 0.105976 0.812979 0.104814 0.802094 0.135016 0.789673 0.146052 0.803244 0.17749 0.777251 0.157089 0.77741 0.121108 0.764313 0.126007 0.775383 0.116344 0.786543 0.109064 0.778994 0.098905 0.795237 0.09842 0.794348 0.0981 0.759155 0.12007 0.771523 0.091692 0.766925 0.080521 0.793585 0.097824 0.561025 0.09633 0.567162 0.092478 0.556477 0.092878 0.563545 0.443639 0.475022 0.406901 0.485243 0.44284 0.498881 0.487352 0.578778 0.481433 0.46037 0.488805 0.512036 0.536985 0.447045 0.441401 0.41693 0.489991 0.468886 0.539136 0.403404 0.440202 0.374451 0.486639 0.429012 0.54089 0.372953 0.436276 0.383995 0.596636 0.337908 0.595502 0.385078 0.649026 0.484809 0.64809 0.433482 0.594629 0.435957 0.64848 0.488891 0.703643 0.434377 0.701582 0.384082 0.700385 0.430532 0.749327 0.379462 0.745748 0.425887 0.798216 0.486805 0.753077 0.378437 0.79732 0.52365 0.811046 0.533428 0.758228 0.584177 0.819574 0.46449 0.839798 0.474647 0.803836 0.50401 0.854573 0.417004 0.834826 0.445147 0.875866 0.406096 0.873985 0.371882 0.871 0.37769 0.833695 0.396077 0.90487 0.36553 0.90069 0.56495 0.876077 0.533872 0.915217 0.48403 0.883064 0.504272 0.937464 0.465812 0.906851 0.47691 0.957957 0.426479 0.946575 0.428273 0.903966 0.375428 0.945048 0.076469 0.362648 0.080072 0.389509 0.103411 0.371651 0.083676 0.42588 0.108802 0.395107 0.114761 0.42588 0.08779 0.481433 0.124815 0.486228 0.091176 0.536985 0.305113 0.65133 0.244118 0.594859 0.302293 0.594026 0.299029 0.713348 0.24756 0.651271 0.16259 0.487121 0.131506 0.541967 0.233963 0.53862 0.172807 0.543084 0.215447 0.48369 0.280051 0.471398 0.194385 0.437854 0.14923 0.431674 0.265169 0.443639 0.177217 0.399543 0.227351 0.373723 0.138856 0.397433 0.135121 0.386329 0.066037 0.302515 0.096542 0.305074 0.067588 0.321011 0.095646 0.294816 0.064021 0.288534 0.176968 0.214198 0.149588 0.185555 0.17707 0.172453 0.060263 0.210995 0.094848 0.184354 0.094228 0.258509 0.045926 0.197084 0.071485 0.17027 0.038842 0.145008 0.058133 0.159185 0.023114 0.185697 0.032196 0.236569 0.007187 0.222523 0.008832 0.182964 0.01742 0.133335 0.210946 0.19842 0.203464 0.156524 0.223564 0.144022 0.234812 0.188715 0.223902 0.238775 0.235863 0.13308 0.248866 0.183096 0.250556 0.227277 0.206106 0.104661 0.173497 0.056392 0.218012 0.092453 0.166196 0.07052 0.16004 0.08993 0.189032 0.118528 0.152552 0.113998 0.168783 0.138295 0.151902 0.145496 0.123629 0.144831 0.122304 0.18859 0.125714 0.116196 0.126603 0.08135 0.126156 0.061228 0.086137 0.069923 0.093004 0.089725 0.07306 0.121141 0.097938 0.113638 0.080551 0.13646 0.057176 0.10683 0.095127 0.144513 0.080269 0.054648 0.035869 0.087939 0.12748 0.045528 0.078924 0.910531 0.078676 0.86969 0.112752 0.878917 0.10748 0.909896 0.071187 0.833825 0.098556 0.947765 0.170638 0.923086 0.148193 0.957419 0.199966 0.961371 0.151833 0.866692 0.195773 0.886966 0.263724 0.915217 0.235144 0.937464 0.290942 0.881421 0.209124 0.85705 0.230784 0.806555 0.167226 0.837884 0.178876 0.794676 0.243378 0.75697 0.312919 0.819574 0.114571 0.857269 0.098332 0.851949 0.133455 0.780967 0.187378 0.744986 0.143854 0.803092 0.130133 0.798471 0.110168 0.803994 0.096168 0.819037 0.089117 0.796093 0.066851 0.785822 0.079826 0.741565 0.102555 0.742155 0.077979 0.771 0.063268 0.335616 0.366488 0.375085 0.35892 0.335616 0.369837 0.339506 0.370092 0.400483 0.389667 0.38482 0.393886 0.40535 0.36005 0.302515 0.363656 0.321011 0.388516 0.344222 0.384428 0.260975 0.351196 0.240887 0.353785 0.260975 0.502496 0.303806 0.457081 0.356412 0.525371 0.373723 0.450219 0.290239 0.449351 0.169402 0.498349 0.195101 0.498349 0.169402 0.416058 0.169402 0.449351 0.195101 0.382069 0.169402 0.416058 0.195101 0.308904 0.10041 0.309274 0.050434 0.301345 0.075201 0.334101 0.118809 0.335533 0.031481 0.39444 0.121029 0.39623 0.031492 0.361042 0.123507 0.430408 0.039802 0.428879 0.116301 0.456851 0.058495 0.456813 0.102033 0.462442 0.080991 0.757461 0.582559 0.814833 0.575409 0.757108 0.542195 0.927271 0.559442 0.927605 0.530009 0.880775 0.562583 0.98055 0.536753 0.056074 0.714544 0.062946 0.740913 0.077326 0.711006 0.061827 0.759626 0.862171 0.7395 0.862976 0.640724 0.870645 0.724369 0.914247 0.742797 0.942322 0.707534 0.931442 0.733125 0.887496 0.675357 0.887088 0.707094 0.942736 0.675798 0.931948 0.650198 0.915573 0.640032 0.898356 0.649765 0.118968 0.819248 0.126229 0.816999 0.131897 0.817437 0.150983 0.816776 0.133037 0.821847 0.112871 0.82602 0.150389 0.834059 0.130215 0.828999 0.116452 0.838283 0.110783 0.837348 0.82807 0.870705 0.799421 0.870705 0.803357 0.894467 0.824844 0.894467 0.85677 0.88851 0.807293 0.919028 0.821617 0.919028 0.812641 0.967639 0.786502 0.929104 0.843875 0.929104 0.803357 0.894467 0.807293 0.919028 0.786502 0.929104 0.812641 0.967639 0.821617 0.919028 0.824844 0.894467 0.82807 0.870705 0.799421 0.870705 0.85677 0.88851 0.843875 0.929104 0.323382 0.708474 0.730658 0.044861 0.698062 0.032821 0.714115 0.068672 0.688315 0.060638 0.752958 0.08022 0.753033 0.132703 0.704762 0.121198 0.694674 0.147003 0.681241 0.117311 0.653685 0.056815 0.650969 0.115086 0.745576 0.168189 0.688987 0.169824 0.715295 0.1925 0.655014 0.169824 0.683403 0.1925 0.610121 0.1925 0.650949 0.1925 0.599743 0.164717 0.650598 0.145247 0.621875 0.113489 0.58913 0.1354 0.56703 0.140495 0.537292 0.15709 0.571307 0.174731 0.544365 0.116585 0.553625 0.097825 0.534761 0.093154 0.521615 0.120071 0.524129 0.126008 0.557005 0.18137 0.589147 0.1925 0.606404 0.113897 0.622775 0.058011 0.603328 0.063212 0.570011 0.080766 0.584348 0.048992 0.57302 0.104814 0.612357 0.031738 0.654255 0.026287 0.926762 0.169823 0.953564 0.169006 0.922547 0.1925 0.932248 0.121772 0.949081 0.1925 0.959389 0.120138 0.960897 0.082488 0.93534 0.084757 0.937397 0.071119 0.919284 0.06719 0.91498 0.084757 0.925043 0.051201 0.94558 0.05949 0.972184 0.042429 0.941358 0.028561 0.976907 0.081354 0.992917 0.080219 0.992993 0.132702 0.976191 0.12642 0.985535 0.168189 0.969549 0.168597 0.969856 0.1925 0.89601 0.047171 0.89543 0.066574 0.873812 0.067661 0.870079 0.052318 0.873491 0.084757 0.89462 0.084757 0.875589 0.121773 0.894973 0.121773 0.879078 0.169823 0.894973 0.169823 0.910868 0.169823 0.894958 0.1925 0.913611 0.121772 0.850942 0.032682 0.894348 0.019342 0.858079 0.071142 0.851256 0.060994 0.833651 0.082761 0.80997 0.080765 0.815149 0.105944 0.835463 0.116524 0.824154 0.143684 0.852362 0.084757 0.856206 0.121773 0.841924 0.144741 0.823182 0.046578 0.863184 0.169823 0.837117 0.173973 0.844724 0.1925 0.813767 0.176397 0.814542 0.1925 0.867674 0.1925 0.82107 0.155103 0.802094 0.135016 0.812979 0.104814 0.789673 0.146052 0.803244 0.17749 0.777251 0.157089 0.77741 0.121108 0.764313 0.126007 0.775383 0.116344 0.786543 0.109064 0.778994 0.098905 0.795237 0.09842 0.794348 0.0981 0.759155 0.12007 0.771523 0.091692 0.766925 0.080521 0.793585 0.097824 0.561025 0.09633 0.567162 0.092478 0.556477 0.092878 0.708889 0.626974 0.716393 0.682532 0.725101 0.624947 0.728132 0.680672 0.736723 0.760155 0.74501 0.625231 0.742666 0.680231 0.757058 0.682558 0.764792 0.627246 0.708889 0.626974 0.716393 0.682532 0.725101 0.624947 0.728132 0.680672 0.736723 0.760155 0.74501 0.625231 0.742666 0.680231 0.757058 0.682558 0.764792 0.627246 0.708889 0.626974 0.725101 0.624947 0.716393 0.682532 0.728132 0.680672 0.736723 0.760155 0.74501 0.625231 0.742666 0.680231 0.757058 0.682558 0.764792 0.627246 0.590604 0.536985 0.53357 0.592538 0.60243 0.592538 0.479844 0.592538 0.520656 0.64809 0.427737 0.392445 0.54292 0.703643 0.599574 0.769084 0.611399 0.703643 0.094562 0.592538 0.137871 0.596378 0.096426 0.648477 0.142459 0.649455 0.142325 0.701051 0.098723 0.705455 0.138912 0.742652 0.04914 0.647461 0.04914 0.592538 0.186404 0.649441 0.189499 0.70126 0.180197 0.596601 0.302293 0.594026 0.323949 0.590928 0.247111 0.706214 0.322607 0.769084 0.135121 0.386329 0.128773 0.351272 0.168636 0.356731 0.198042 0.303806 0.160549 0.308293 0.156591 0.29654 0.12684 0.295678 0.12684 0.306683 0.12684 0.284673 0.156591 0.285477 0.12684 0.271591 0.156813 0.271993 0.197648 0.28918 0.19771 0.260975 0.101189 0.344947 0.067588 0.321011 0.094748 0.283868 0.094731 0.271189 0.054621 0.260975 0.094228 0.258509 0.12684 0.258509 0.094848 0.184354 0.149588 0.185555 0.157077 0.258509 0.071485 0.17027 0.209357 0.247927 0.135323 0.851348 0.091425 0.837431 0.095556 0.77524 0.077326 0.711006 0.337908 0.741 0.385241 0.289089 0.356317 0.288534 0.419545 0.289664 0.384428 0.260975 0.353785 0.260975 0.351196 0.240887 0.383699 0.240887 0.418117 0.260975 0.417088 0.240887 0.450209 0.260975 0.499542 0.260975 0.499542 0.240887 0.44978 0.240887 0.449351 0.220799 0.498349 0.220799 0.449351 0.195101 0.498349 0.195101 0.449351 0.169402 0.498349 0.169402 0.416058 0.169402 0.416058 0.195101 0.382069 0.195101 0.382069 0.220799 0.348607 0.220799 0.416058 0.220799 0.636272 0.5368 0.636272 0.56771 0.707557 0.58158 0.815945 0.557431 0.817058 0.539454 0.880775 0.562583 0.879645 0.545328 0.927605 0.530009 0.878515 0.528074 0.703753 0.467564 0.636272 0.461763 0.756147 0.463398 0.815948 0.46065 0.879648 0.454575 0.928568 0.457279 0.981574 0.461646 0.703681 0.446204 0.755981 0.443471 0.815671 0.442164 0.928815 0.431724 0.880214 0.430039 0.981536 0.43509 0.929439 0.36198 0.88049 0.361044 0.815393 0.422178 0.815123 0.35789 0.755307 0.358437 0.755814 0.423545 0.702883 0.360109 0.703633 0.426344 0.636272 0.36436 0.636272 0.435237 0.982523 0.364237 0.880781 0.322863 0.814839 0.322863 0.754772 0.322863 0.702094 0.322863 0.636272 0.322863 0.983679 0.322733 0.93018 0.321564 0.061525 0.721881 0.061827 0.759626 0.871191 0.689688 0.870645 0.724369 0.931442 0.733125 0.130215 0.828999 0.110783 0.837348 0.776505 0.88851 0.776505 0.88851 0.776505 0.88851 0.776505 0.88851 0.776505 0.88851 0.971271 0.229606 0.97145 0.240227 0.949525 0.240227 0.949386 0.229606 0.922215 0.229606 0.922305 0.240227 0.894973 0.229606 0.894973 0.240227 0.867642 0.240227 0.867731 0.229606 0.84987 0.240227 0.850151 0.229606 0.834807 0.240227 0.83525 0.229606 0.594847 0.240227 0.594368 0.229606 0.607767 0.240227 0.605076 0.229606 0.624318 0.229606 0.628371 0.240227 0.653509 0.229606 0.654328 0.240227 0.679142 0.240227 0.681517 0.229606 0.708043 0.240227 0.709897 0.229606 0.731491 0.240227 0.731312 0.229606 0.715295 0.1925 0.574142 0.1925 0.736533 0.1925 0.814542 0.1925 0.832725 0.269756 0.864601 0.269756 0.917667 0.269756 0.965377 0.269756 0.66868 0.269757 0.729802 0.269757 0.641348 0.269757 0.59802 0.269757 0.43534 0.406055 0.590604 0.536985 0.380789 0.542494 0.53357 0.592538 0.60243 0.592538 0.479844 0.592538 0.520656 0.64809 0.54292 0.703643 0.599574 0.769084 0.611399 0.703643 0.069997 0.339506 0.094562 0.592538 0.137871 0.596378 0.096426 0.648477 0.138912 0.742652 0.142325 0.701051 0.098723 0.705455 0.186404 0.649441 0.142459 0.649455 0.189499 0.70126 0.180197 0.596601 0.323949 0.590928 0.247111 0.706214 0.322607 0.769084 0.300661 0.524649 0.128773 0.351272 0.168636 0.356731 0.198042 0.303806 0.160549 0.308293 0.156591 0.29654 0.12684 0.295678 0.12684 0.306683 0.12684 0.284673 0.156591 0.285477 0.12684 0.271591 0.156813 0.271993 0.197648 0.28918 0.19771 0.260975 0.101189 0.344947 0.094748 0.283868 0.094731 0.271189 0.054621 0.260975 0.049512 0.244617 0.12684 0.258509 0.157077 0.258509 0.016293 0.230894 0.237131 0.234259 0.209357 0.247927 0.135323 0.851348 0.091425 0.837431 0.095556 0.77524 0.066406 0.69582 0.385241 0.289089 0.356317 0.288534 0.419545 0.289664 0.424086 0.350317 0.427737 0.392445 0.383699 0.240887 0.418117 0.260975 0.417088 0.240887 0.499542 0.28918 0.450209 0.260975 0.499542 0.260975 0.499542 0.240887 0.44978 0.240887 0.449351 0.220799 0.498349 0.220799 0.382069 0.195101 0.382069 0.220799 0.348607 0.220799 0.349882 0.195101 0.416058 0.220799 0.351157 0.169402 0.362981 0.026532 0.704552 0.546026 0.707557 0.58158 0.636272 0.56771 0.636272 0.5368 0.815945 0.557431 0.817058 0.539454 0.879645 0.545328 0.878515 0.528074 0.977765 0.567559 0.703753 0.467564 0.636272 0.461763 0.756147 0.463398 0.815948 0.46065 0.879648 0.454575 0.928568 0.457279 0.981574 0.461646 0.703681 0.446204 0.755981 0.443471 0.815671 0.442164 0.928815 0.431724 0.880214 0.430039 0.981536 0.43509 0.929439 0.36198 0.88049 0.361044 0.815393 0.422178 0.815123 0.35789 0.755307 0.358437 0.755814 0.423545 0.702883 0.360109 0.703633 0.426344 0.636272 0.36436 0.636272 0.435237 0.982523 0.364237 0.880781 0.322863 0.814839 0.322863 0.754772 0.322863 0.702094 0.322863 0.636272 0.322863 0.983679 0.322733 0.93018 0.321564 0.061525 0.721881 0.056332 0.766945 0.871191 0.689688 0.871339 0.655817 0.897305 0.732854 0.124075 0.835055 0.109548 0.8329 0.776505 0.88851 0.776505 0.88851 0.971271 0.229606 0.949386 0.229606 0.949525 0.240227 0.97145 0.240227 0.922215 0.229606 0.922305 0.240227 0.894973 0.229606 0.894973 0.240227 0.867642 0.240227 0.867731 0.229606 0.84987 0.240227 0.850151 0.229606 0.834807 0.240227 0.83525 0.229606 0.605076 0.229606 0.594368 0.229606 0.607767 0.240227 0.594847 0.240227 0.624318 0.229606 0.628371 0.240227 0.653509 0.229606 0.654328 0.240227 0.679142 0.240227 0.681517 0.229606 0.708043 0.240227 0.709897 0.229606 0.731491 0.240227 0.731312 0.229606 0.574142 0.1925 0.736533 0.1925 0.832725 0.269756 0.864601 0.269756 0.917667 0.269756 0.965377 0.269756 0.66868 0.269757 0.729802 0.269757 0.641348 0.269757 0.59802 0.269757</float_array>
          <technique_common>
            <accessor source="#GeometrySource2-array" count="2458" stride="2">
              <param name="S" type="float"/>
              <param name="T" type="float"/>
            </accessor>
          </technique_common>
        </source>
        <vertices id="Geometry-vertices">
          <input semantic="POSITION" source="#GeometrySource"/>
          <input semantic="NORMAL" source="#GeometrySource1"/>
          <input semantic="TEXCOORD" source="#GeometrySource2"/>
        </vertices>
        <triangles material="VisualMaterial0" count="3136">
          <input semantic="VERTEX" source="#Geometry-vertices" offset="0"/>
          <p>0 1 2 2 1 3 1 4 3 2 3 5 5 3 6 3 4 6 6 7 5 6 4 7 5 7 8 9 10 11 11 10 12 10 13 12 11 12 14 12 13 15 14 12 15 15 16 14 15 13 16 14 16 17 18 19 20 20 19 21 19 22 21 20 21 23 23 21 24 21 22 24 24 22 25 24 25 23 23 25 26 27 28 29 29 28 30 28 31 30 29 30 32 30 31 33 32 30 33 33 34 32 33 31 34 32 34 35 36 37 38 38 37 39 38 39 40 40 39 41 37 42 39 39 42 41 41 42 43 41 43 40 40 43 44 45 46 47 47 46 48 45 49 46 48 46 50 50 46 51 46 49 51 51 52 50 51 49 52 50 52 53 54 55 56 56 55 57 55 58 57 56 57 59 59 57 60 57 58 60 60 61 59 60 58 61 59 61 62 63 64 65 65 64 66 63 67 64 66 64 68 68 64 69 64 67 69 69 70 68 69 67 70 68 70 71 72 73 74 74 73 75 73 76 75 74 75 77 77 75 78 75 76 78 78 76 79 78 79 77 77 79 80 81 82 83 83 82 84 82 85 84 83 84 86 86 84 87 84 85 87 87 85 88 87 88 86 86 88 89 90 91 92 92 91 93 91 94 93 92 93 95 95 93 96 93 94 96 96 94 97 96 97 95 95 97 98 99 100 101 101 100 102 100 103 102 101 102 104 102 103 105 104 102 105 105 103 106 105 106 104 104 106 107 108 109 110 110 109 111 109 112 111 110 111 113 113 111 114 111 112 114 114 115 113 114 112 115 113 115 116 117 118 119 119 118 120 118 121 120 119 120 122 122 120 123 120 121 123 123 124 122 123 121 124 122 124 125 126 127 128 128 127 129 127 130 129 128 129 131 131 129 132 129 130 132 132 133 131 132 130 133 131 133 134 135 136 137 137 136 138 136 139 138 137 138 140 138 139 141 140 138 141 141 139 142 141 142 140 140 142 143 144 145 146 146 145 147 144 148 145 147 145 149 149 145 150 145 148 150 149 150 151 151 150 152 150 148 152 153 154 155 155 154 156 154 157 156 156 158 155 156 157 158 155 158 159 159 158 160 160 158 161 158 157 161 162 163 164 164 163 165 163 166 165 165 166 167 165 167 164 164 167 168 168 167 169 169 167 170 167 166 170 171 172 173 173 172 174 172 175 174 173 174 176 176 174 177 174 175 177 177 175 178 177 178 176 176 178 179 180 181 182 182 181 183 181 184 183 182 183 185 183 184 186 185 183 186 186 187 185 186 184 187 185 187 188 189 190 191 191 190 192 190 193 192 191 192 194 194 192 195 192 193 195 195 193 196 195 196 194 194 196 197 198 199 200 200 199 201 199 202 201 200 201 203 201 202 204 203 201 204 204 205 203 204 202 205 203 205 206 207 208 209 209 208 210 208 211 210 209 210 212 210 211 213 212 210 213 213 211 214 213 214 212 212 214 215 216 217 218 218 217 219 217 220 219 218 219 221 219 220 222 221 219 222 222 223 221 222 220 223 221 223 224 225 226 227 227 226 228 226 229 228 227 228 230 230 228 231 228 229 231 231 229 232 231 232 230 230 232 233 234 235 236 236 235 237 235 238 237 237 238 239 237 239 236 236 239 240 240 239 241 241 239 242 239 238 242 243 244 245 245 244 246 244 247 246 245 246 248 248 246 249 246 247 249 249 250 248 249 247 250 248 250 251 252 253 254 254 253 255 255 253 256 256 253 257 253 258 257 252 258 253 257 258 259 257 259 256 256 259 260 261 262 263 263 262 264 261 265 262 264 262 266 266 262 267 262 265 267 267 268 266 267 265 268 266 268 269 270 271 272 272 271 273 270 274 271 273 271 275 275 271 276 271 274 276 276 274 277 276 277 275 275 277 278 279 280 281 281 280 282 280 283 282 281 282 284 284 282 285 282 283 285 285 286 284 285 283 286 284 286 287 288 289 290 290 289 291 288 292 289 291 289 293 289 292 294 293 289 294 294 292 295 294 295 293 293 295 296 297 298 299 299 298 300 298 301 300 299 300 302 300 301 303 302 300 303 303 301 304 303 304 302 302 304 305 306 307 308 308 307 309 307 310 309 308 309 311 309 310 312 311 309 312 312 310 313 312 313 311 311 313 314 315 316 317 317 316 318 316 319 318 317 318 320 318 319 321 320 318 321 321 322 320 321 319 322 320 322 323 324 325 326 326 325 327 325 328 327 326 327 329 329 327 330 327 328 330 330 328 331 330 331 329 329 331 332 333 334 335 335 334 336 334 337 336 335 336 338 338 336 339 336 337 339 339 340 338 339 337 340 338 340 341 342 343 344 344 343 345 343 346 345 344 345 347 345 346 348 347 345 348 348 349 347 348 346 349 347 349 350 351 352 353 353 352 354 352 355 354 353 354 356 356 354 357 354 355 357 357 355 358 357 358 356 356 358 359 360 361 362 362 361 363 361 364 363 362 363 365 365 363 366 363 364 366 366 364 367 366 367 365 365 367 368 369 370 371 371 370 372 370 373 372 371 372 374 374 372 375 372 373 375 375 373 376 375 376 374 374 376 377 378 379 380 380 379 381 379 382 381 380 381 383 381 382 384 383 381 384 384 382 385 384 385 383 383 385 386 387 388 389 389 388 390 388 391 390 389 390 392 392 390 393 390 391 393 393 394 392 393 391 394 392 394 395 396 397 398 398 397 399 397 400 399 398 399 401 401 399 402 399 400 402 402 400 403 402 403 401 401 403 404 405 406 407 407 406 408 406 409 408 407 408 410 410 408 411 408 409 411 411 409 412 411 412 410 410 412 413 414 415 416 416 415 417 415 418 417 416 417 419 417 418 420 419 417 420 420 421 419 420 418 421 419 421 422 423 424 425 425 424 426 424 427 426 425 426 428 426 427 429 428 426 429 429 430 428 429 427 430 428 430 431 432 433 434 434 433 435 432 436 433 433 436 437 433 437 435 435 437 438 438 437 439 437 436 440 439 437 440 441 442 443 443 442 444 441 445 442 442 445 446 442 446 444 444 446 447 447 446 448 448 446 449 446 445 449 450 451 452 452 451 453 451 454 453 452 453 455 455 453 456 453 454 456 456 454 457 456 457 455 455 457 458 459 460 461 461 460 462 460 463 462 461 462 464 464 462 465 462 463 465 465 466 464 465 463 466 464 466 467 468 469 470 470 469 471 469 472 471 470 471 473 471 472 474 473 471 474 474 475 473 474 472 475 473 475 476 477 478 479 479 478 480 478 481 480 480 481 482 480 482 479 479 482 483 483 482 484 484 482 485 482 481 485 486 487 488 488 487 489 487 490 489 489 491 488 489 490 491 488 491 492 491 490 493 494 491 493 492 491 494 495 496 497 497 496 498 496 499 498 497 498 500 500 498 501 498 499 501 501 502 500 501 499 502 500 502 503 504 505 506 506 505 507 505 508 507 506 507 509 509 507 510 507 508 510 510 508 511 510 511 509 509 511 512 513 514 515 515 514 516 514 517 516 515 516 518 516 517 519 518 516 519 519 520 518 519 517 520 518 520 521 522 523 524 524 523 525 522 526 523 525 523 527 527 523 528 523 526 528 528 526 529 528 529 527 527 529 530 531 532 533 533 532 534 532 535 534 533 534 536 534 535 537 536 534 537 537 535 538 537 538 536 536 538 539 540 541 542 542 541 543 541 544 543 542 543 545 545 543 546 543 544 546 546 547 545 546 544 547 545 547 548 549 550 551 551 550 552 550 553 552 551 552 554 554 552 555 552 553 555 555 553 556 555 556 554 554 556 557 558 559 560 560 559 561 559 562 561 560 561 563 563 561 564 561 562 564 563 564 565 564 562 566 565 564 566 567 568 569 569 568 570 568 571 570 569 570 572 570 571 573 572 570 573 573 574 572 573 571 574 572 574 575 576 577 578 578 577 579 577 580 579 578 579 581 581 579 582 579 580 582 582 580 583 582 583 581 581 583 584 585 586 587 587 586 588 586 589 588 587 588 590 590 588 591 588 589 591 591 589 592 591 592 590 590 592 593 594 595 596 596 595 597 596 597 598 595 599 597 597 600 598 597 599 600 600 601 598 599 601 600 602 601 599 603 604 605 605 604 606 605 606 607 604 608 606 606 608 609 606 609 607 610 611 608 608 611 609 609 611 607 612 613 614 614 613 615 614 615 616 613 617 615 615 618 616 615 617 618 618 619 616 617 619 618 620 619 617 621 622 623 623 622 624 623 624 625 622 626 624 624 627 625 624 626 627 626 628 627 627 628 625 629 628 626 630 631 632 632 631 633 631 634 633 633 634 635 632 633 636 633 635 636 635 637 636 634 637 635 638 637 634 639 640 641 641 640 642 642 640 643 639 644 640 640 644 645 640 645 643 644 646 645 645 646 643 647 646 644 648 649 650 650 649 651 650 651 652 649 653 651 651 653 654 651 654 652 653 655 654 654 655 652 656 655 653 657 658 659 659 658 660 660 658 661 657 662 658 658 662 663 658 663 661 664 665 662 662 665 663 663 665 661 666 667 668 668 667 669 668 669 670 667 671 669 669 671 672 669 672 670 672 673 670 671 673 672 674 673 671 675 676 677 677 676 678 677 678 679 676 680 678 678 680 681 678 681 679 681 682 679 680 682 681 683 682 680 684 685 686 686 685 687 686 687 688 685 689 687 687 690 688 687 689 690 690 691 688 689 691 690 692 691 689 693 694 695 695 694 696 695 696 697 694 698 696 696 698 699 696 699 697 699 700 697 698 700 699 701 700 698 702 703 704 704 703 705 704 705 706 703 707 705 705 707 708 705 708 706 708 709 706 707 709 708 710 709 707 711 712 713 713 712 714 713 714 715 712 716 714 714 716 717 714 717 715 717 718 715 716 718 717 719 718 716 720 721 722 722 721 723 722 723 724 721 725 723 723 725 726 723 726 724 727 728 725 725 728 726 726 728 724 729 730 731 731 730 732 731 732 733 730 734 732 732 734 735 732 735 733 735 736 733 734 736 735 737 736 734 738 739 740 740 739 741 741 739 742 738 743 739 739 743 744 739 744 742 743 745 744 744 746 742 744 745 746 747 748 749 749 748 750 749 750 751 752 753 748 748 753 750 750 753 751 752 754 753 753 754 755 753 755 751 756 757 758 758 757 759 758 759 760 759 761 760 757 761 759 762 761 757 762 763 761 761 763 764 761 764 760 765 766 767 767 766 768 767 768 769 766 770 768 768 770 771 768 771 769 771 772 769 770 772 771 773 772 770 774 775 776 776 775 777 776 777 778 775 779 777 777 779 780 777 780 778 780 781 778 779 781 780 782 781 779 783 784 785 785 784 786 785 786 787 784 788 786 786 788 789 786 789 787 788 790 789 789 790 787 791 790 788 792 793 794 794 793 795 794 795 796 793 797 795 795 797 798 795 798 796 799 800 797 797 800 798 798 800 796 801 802 803 803 802 804 803 804 805 802 806 804 804 806 807 804 807 805 807 808 805 806 808 807 809 808 806 810 811 812 812 811 813 812 813 814 811 815 813 813 815 816 813 816 814 817 818 815 815 818 816 816 818 814 819 820 821 821 820 822 821 822 823 820 824 822 822 824 825 822 825 823 824 826 825 825 826 823 827 826 824 828 829 830 830 829 831 830 831 832 831 833 832 829 833 831 834 833 829 834 835 833 833 836 832 833 835 836 837 838 839 839 838 840 839 840 841 838 842 840 840 842 843 840 843 841 844 845 842 842 845 843 843 845 841 846 847 848 848 847 849 846 850 847 847 850 851 847 851 852 849 847 852 850 853 851 851 853 852 854 853 850 855 856 857 857 856 858 858 856 859 855 860 856 856 861 859 856 860 861 861 862 859 860 862 861 863 862 860 864 865 866 866 865 867 867 865 868 864 869 865 865 870 868 865 869 870 870 871 868 869 871 870 872 871 869 873 874 875 875 874 876 875 876 877 874 878 876 876 878 879 876 879 877 878 880 879 879 880 877 881 880 878 882 883 884 884 883 885 885 883 886 882 887 883 883 887 888 883 888 886 887 889 888 888 889 886 890 889 887 891 892 893 893 892 894 893 894 895 892 896 894 894 897 895 894 896 897 898 899 896 896 899 897 897 899 895 900 901 902 902 901 903 902 903 904 901 905 903 903 905 906 903 906 904 905 907 906 906 907 904 908 907 905 909 910 911 911 910 912 911 912 913 910 914 912 912 915 913 912 914 915 914 916 915 915 916 913 917 916 914 918 919 920 920 919 921 920 921 922 919 923 921 921 923 924 921 924 922 923 925 924 924 925 922 926 925 923 927 928 929 929 928 930 929 930 931 928 932 930 930 932 933 930 933 931 932 934 933 933 934 931 935 934 932 936 937 938 938 937 939 938 939 940 937 941 939 939 942 940 939 941 942 942 943 940 941 943 942 944 943 941 945 946 947 947 946 948 947 948 949 946 950 948 948 951 949 948 950 951 950 952 951 951 952 949 953 952 950 954 955 956 956 955 957 956 957 958 955 959 957 957 960 958 957 959 960 959 961 960 960 961 958 962 961 959 963 964 965 965 964 966 965 966 967 964 968 966 966 969 967 966 968 969 968 970 969 969 970 967 971 970 968 972 973 974 974 973 975 974 975 976 973 977 975 975 977 978 975 978 976 977 979 978 978 979 976 980 979 977 981 982 983 983 982 984 983 984 985 982 986 984 984 986 987 984 987 985 987 988 985 986 988 987 989 988 986 990 991 992 992 991 993 992 993 994 991 995 993 993 996 994 993 995 996 995 997 996 996 997 994 998 997 995 999 1000 1001 1001 1000 1002 1001 1002 1003 1000 1004 1002 1002 1005 1003 1002 1004 1005 1004 1006 1005 1005 1006 1003 1007 1006 1004 1008 1009 1010 1010 1009 1011 1010 1011 1012 1009 1013 1011 1011 1014 1012 1011 1013 1014 1013 1015 1014 1014 1015 1012 1016 1015 1013 1017 1018 1019 1019 1018 1020 1019 1020 1021 1018 1022 1020 1020 1023 1021 1020 1022 1023 1022 1024 1023 1023 1024 1021 1025 1024 1022 1026 1027 1028 1028 1027 1029 1029 1027 1030 1026 1031 1027 1027 1031 1030 1032 1031 1026 1032 1033 1031 1031 1033 1034 1031 1034 1030 1035 1036 1037 1037 1036 1038 1038 1036 1039 1040 1041 1035 1035 1041 1036 1036 1041 1039 1040 1042 1041 1041 1042 1043 1041 1043 1039 1044 1045 1046 1046 1045 1047 1046 1047 1048 1045 1049 1047 1047 1050 1048 1047 1049 1050 1051 1052 1049 1049 1052 1050 1050 1052 1048 1053 1054 1055 1055 1054 1056 1055 1056 1057 1054 1058 1056 1056 1058 1059 1056 1059 1057 1058 1060 1059 1059 1060 1057 1061 1060 1058 1062 1063 1064 1064 1063 1065 1064 1065 1066 1063 1067 1065 1065 1068 1066 1065 1067 1068 1068 1069 1066 1067 1069 1068 1070 1069 1067 1071 1072 1073 1073 1072 1074 1073 1074 1075 1074 1076 1075 1072 1076 1074 1077 1076 1072 1077 1078 1076 1076 1079 1075 1076 1078 1079 1080 1081 1082 1082 1081 1083 1082 1083 1084 1081 1085 1083 1083 1085 1084 1086 1085 1081 1086 1087 1085 1085 1088 1084 1085 1087 1088 1089 1090 1091 1091 1090 1092 1091 1092 1093 1090 1094 1092 1092 1094 1095 1092 1095 1093 1094 1096 1095 1095 1096 1093 1097 1096 1094 1098 1099 1100 1100 1099 1101 1100 1101 1102 1099 1103 1101 1101 1103 1104 1101 1104 1102 1103 1105 1104 1104 1105 1102 1106 1105 1103 1107 1108 1109 1109 1108 1110 1109 1110 1111 1108 1112 1110 1110 1112 1113 1110 1113 1111 1112 1114 1113 1113 1114 1111 1115 1114 1112 1116 1117 1118 1118 1117 1119 1119 1117 1120 1116 1121 1117 1117 1121 1122 1117 1122 1120 1123 1124 1121 1121 1124 1122 1122 1124 1120 1125 1126 1127 1127 1126 1128 1127 1128 1129 1126 1130 1128 1128 1130 1131 1128 1131 1129 1131 1132 1129 1130 1132 1131 1133 1132 1130 1134 1135 1136 1136 1135 1137 1136 1137 1138 1135 1139 1137 1137 1139 1140 1137 1140 1138 1139 1141 1140 1140 1141 1138 1142 1141 1139 1143 1144 1145 1145 1144 1146 1145 1146 1147 1144 1148 1146 1146 1148 1149 1146 1149 1147 1148 1150 1149 1149 1150 1147 1151 1150 1148 1152 1153 1154 1154 1153 1155 1154 1155 1156 1153 1157 1155 1155 1158 1156 1155 1157 1158 1157 1159 1158 1158 1159 1160 1158 1160 1156 1161 1162 1163 1163 1162 1164 1163 1164 1165 1162 1166 1164 1164 1166 1167 1164 1167 1165 1168 1169 1166 1166 1169 1167 1167 1169 1165 1170 1171 1172 1172 1171 1173 1172 1173 1174 1171 1175 1173 1173 1175 1176 1173 1176 1174 1176 1177 1174 1175 1177 1176 1178 1177 1175 1179 1180 1181 1181 1180 1182 1181 1182 1183 1180 1184 1182 1182 1184 1185 1182 1185 1183 1184 1186 1185 1185 1186 1183 1187 1186 1184 1188 1189 1190 1190 1189 1191 1190 1191 1192 1189 1193 1191 1191 1194 1192 1191 1193 1194 1193 1195 1194 1194 1195 1192 1196 1195 1193 1197 1198 1199 1198 1197 1200 1201 1198 1200 1200 1202 1201 1200 1197 1203 1200 1203 1202 1201 1202 1204 1198 1205 1199 1205 1198 1201 1206 1207 1208 1209 1210 1211 1212 1213 1214 1215 1213 1212 1215 1205 1201 1215 1204 1213 1201 1204 1215 1212 1216 1215 1216 1205 1215 1205 1216 1217 1218 1216 1212 1219 1220 1209 1209 1220 1221 1209 1221 1210 1210 1221 1222 1223 1224 1225 1223 1226 1224 1224 1226 1227 1228 1226 1229 1227 1230 1224 1230 1227 1231 1231 1227 1228 1224 1230 1232 1224 1232 1233 1230 1234 1232 1232 1234 1235 1236 1232 1235 1237 1232 1236 1233 1232 1237 1238 1233 1237 1239 1233 1238 1239 1225 1233 1235 1240 1236 1236 1240 1241 1242 1243 1228 1228 1243 1231 1243 1244 1231 1231 1245 1230 1230 1245 1234 1231 1244 1245 1244 1246 1245 1245 1246 1247 1247 1234 1245 1246 1248 1247 1247 1248 1249 1249 1248 1250 1251 1235 1234 1240 1235 1251 1251 1234 1247 1247 1249 1251 1240 1252 1241 1252 1240 1251 1249 1252 1251 1252 1253 1241 1252 1249 1254 1253 1252 1255 1253 1256 1241 1236 1241 1257 1238 1237 1257 1257 1237 1236 1257 1241 1256 1258 1259 1260 1258 1261 1259 1261 1262 1259 1259 1262 1263 1259 1263 1264 1264 1263 1265 1263 1266 1265 1265 1266 1267 1266 1268 1267 1267 1268 1269 1266 1270 1268 1271 1270 1266 1263 1271 1266 1262 1271 1263 1272 1273 1274 1272 1274 1275 1267 1269 1276 1276 1269 1277 1276 1278 1279 1279 1278 1280 1280 1278 1281 1282 1276 1279 1283 1276 1282 1267 1283 1265 1276 1283 1267 1284 1279 1280 1282 1279 1284 1284 1285 1286 1282 1287 1283 1264 1265 1287 1287 1265 1283 1288 1289 1290 1288 1290 1291 1292 1293 1294 1293 1292 1295 1293 1295 1296 1296 1295 1297 1292 1298 1299 1300 1298 1292 1300 1292 1301 1302 1303 1304 1303 1305 1306 1307 1305 1303 1302 1308 1303 1307 1309 1305 1310 1309 1307 1310 1307 1311 1311 1307 1312 1313 1306 1305 1313 1309 1314 1314 1315 1313 1313 1315 1316 1317 1313 1316 1318 1313 1317 1318 1306 1313 1319 1318 1317 1320 1318 1319 1320 1306 1318 1321 1320 1319 1321 1304 1320 1321 1319 1322 1322 1319 1323 1324 1319 1317 1323 1319 1324 1316 1324 1317 1325 1324 1316 1326 1324 1325 1327 1324 1326 1327 1326 1328 1329 1322 1323 1329 1324 1327 1328 1329 1327 1329 1323 1324 1330 1329 1328 1331 1301 1294 1328 1326 1331 1328 1331 1332 1333 1322 1329 1330 1333 1329 1333 1334 1322 1325 1335 1326 1326 1335 1331 1336 1301 1331 1331 1335 1336 1337 1335 1325 1325 1316 1337 1337 1316 1315 1338 1339 1340 1340 1341 1338 1338 1341 1342 1342 1343 1344 1340 1339 1345 1340 1345 1346 1346 1345 1347 1347 1345 1348 1347 1348 1349 1345 1339 1350 1348 1345 1351 1349 1348 1352 1347 1353 1346 1346 1353 1354 1355 1347 1356 1347 1349 1357 1356 1347 1357 1358 1355 1356 1359 1355 1358 1358 1360 1359 1361 1355 1359 1359 1360 1361 1361 1360 1362 1360 1363 1362 1362 1363 1364 1360 1358 1365 1366 1367 1354 1362 1368 1369 1369 1368 1370 1368 1371 1370 1372 1373 1343 1372 1371 1373 1344 1374 1375 1376 1377 1378 1258 1379 1380 1380 1381 1258 1381 1261 1258 1382 1381 1380 1383 1384 1385 1385 1384 1386 1218 1387 1216 1388 1387 1218 1383 1385 1389 1389 1385 1390 1388 1391 1385 1385 1391 1390 1391 1388 1392 1392 1388 1218 1392 1218 1393 1393 1218 1212 1212 1394 1393 1210 1395 1396 1395 1210 1397 1398 1399 1400 1208 1401 1402 1208 1402 1206 1206 1402 1403 1404 1405 1406 1407 1408 1409 1407 1409 1410 1410 1409 1411 1410 1411 1412 1413 1412 1414 1415 1412 1413 1416 1415 1413 1417 1415 1416 1418 1417 1416 1419 1417 1418 1420 1419 1418 1421 1422 1423 1421 1423 1424 1425 1426 1427 1428 1429 1430 1430 1429 1431 1376 1432 1377 1375 1433 1434 1435 1436 1437 1436 1438 1439 1440 1441 1442 1443 1444 1445 1443 1445 1446 1446 1445 1447 1448 1447 1445 1371 1449 1370 1370 1449 1450 1370 1451 1369 1450 1451 1370 1369 1451 1452 1362 1369 1452 1362 1452 1361 1452 1451 1453 1371 1454 1449 1372 1454 1371 1452 1453 1455 1452 1455 1361 1366 1456 1457 1366 1457 1367 1372 1458 1454 1459 1460 1461 1459 1462 1463 1464 1465 1463 1465 1464 1466 1461 1467 1468 1469 1470 1468 1471 1470 1469 1471 1469 1472 1461 1468 1473 1473 1468 1470 1471 1474 1470 1475 1476 1477 1477 1476 1478 1475 1477 1479 1480 1476 1459 1480 1481 1478 1482 1481 1483 1484 1483 1480 1484 1485 1486 1487 1483 1486 1482 1483 1487 1482 1487 1488 1484 1489 1485 1484 1490 1489 1491 1490 1484 1492 1490 1493 1493 1490 1494 1493 1495 1492 1496 1497 1491 1498 1497 1499 1491 1497 1500 1491 1500 1494 1499 1501 1498 1502 1503 1496 1504 1505 1503 1496 1503 1505 1496 1505 1506 1507 1505 1504 1504 1508 1507 1502 1473 1509 1502 1509 1510 1511 1512 1474 1513 1512 1511 1511 1514 1513 1515 1516 1517 1517 1518 1515 1515 1518 1519 1515 1519 1520 1518 1521 1519 1519 1521 1522 1522 1521 1523 1521 1524 1523 1518 1524 1521 1519 1525 1520 1525 1522 1523 1525 1519 1522 1526 1527 1528 1527 1529 1528 1530 1527 1526 1531 1517 1516 1517 1531 1526 1526 1531 1530 1531 1532 1530 1533 1529 1527 1533 1527 1530 1534 1533 1530 1534 1529 1533 1530 1532 1534 1535 1516 1536 1536 1537 1535 1535 1537 1538 1535 1538 1539 1537 1540 1538 1538 1540 1541 1541 1540 1542 1540 1543 1542 1537 1543 1540 1544 1538 1541 1538 1544 1539 1544 1541 1542 1545 1546 1547 1547 1546 1548 1549 1547 1548 1549 1545 1547 1550 1545 1549 1551 1545 1550 1552 1545 1551 1551 1550 1553 1550 1554 1553 1554 1550 1549 1554 1549 1548 1555 1556 1557 1557 1556 1558 1556 1559 1558 1558 1559 1560 1560 1559 1561 1559 1562 1561 1556 1562 1559 1563 1560 1561 1563 1558 1560 1558 1563 1564 1557 1558 1564 1557 1564 1565 1565 1564 1566 1566 1567 1565 1566 1568 1567 1567 1569 1565 1567 1568 1569 1565 1569 1570 1570 1557 1565 1571 1557 1570 1569 1568 1572 1570 1569 1572 1573 1574 1575 1575 1574 1576 1576 1574 1577 1577 1574 1578 1577 1578 1579 1575 1576 1580 1575 1580 1581 1582 1576 1577 1582 1577 1579 1580 1576 1582 1575 1581 1583 1573 1584 1574 1585 1584 1573 1586 1579 1578 1584 1586 1574 1574 1586 1578 1587 1585 1573 1587 1588 1589 1589 1588 1590 1588 1591 1590 1590 1591 1592 1591 1593 1592 1592 1593 1594 1593 1595 1594 1593 1596 1595 1596 1597 1595 1594 1595 1597 1592 1594 1598 1596 1598 1597 1598 1594 1597 1593 1599 1596 1591 1599 1593 1599 1598 1596 1600 1592 1598 1598 1599 1600 1590 1592 1600 1600 1589 1590 1599 1591 1601 1600 1599 1601 1601 1591 1588 1601 1588 1602 1602 1600 1601 1602 1588 1587 1603 1589 1600 1603 1600 1602 1587 1604 1605 1605 1604 1606 1604 1607 1606 1607 1608 1606 1609 1608 1607 1608 1609 1610 1607 1611 1609 1611 1610 1609 1612 1611 1607 1607 1613 1612 1604 1613 1607 1613 1614 1612 1613 1615 1614 1613 1583 1615 1614 1616 1612 1612 1616 1611 1616 1610 1611 1272 1275 1617 1618 1619 1620 1620 1619 1621 1622 1620 1621 1623 1620 1622 1620 1624 1618 1624 1620 1623 1623 1625 1624 1618 1624 1626 1624 1625 1626 1626 1627 1618 1628 1627 1626 1629 1625 1623 1629 1630 1625 1630 1631 1632 1632 1631 1633 1632 1634 1635 1635 1636 1632 1636 1628 1626 1625 1630 1636 1625 1636 1626 1636 1630 1632 1628 1636 1637 1628 1637 1627 1636 1638 1637 1638 1636 1635 1635 1639 1638 1635 1640 1639 1635 1641 1640 1639 1640 1642 1643 1639 1642 1643 1638 1639 1643 1642 1644 1644 1642 1645 1642 1646 1645 1642 1640 1646 1635 1647 1641 1641 1648 1640 1638 1649 1637 1627 1637 1650 1637 1649 1650 1650 1649 1651 1651 1649 1652 1651 1652 1653 1652 1649 1654 1638 1654 1649 1655 1651 1653 1650 1651 1655 1627 1650 1656 1627 1656 1618 1656 1650 1655 1618 1656 1619 1657 1658 1659 1660 1657 1659 1659 1658 1661 1660 1659 1662 1663 1660 1662 1664 1660 1663 1664 1663 1665 1666 1664 1665 1667 1664 1666 1667 1660 1664 1665 1668 1666 1665 1663 1669 1669 1668 1665 1670 1668 1669 1671 1668 1670 1669 1663 1672 1669 1672 1673 1669 1673 1670 1672 1674 1673 1675 1674 1672 1663 1675 1672 1662 1675 1663 1675 1676 1674 1662 1677 1675 1659 1677 1662 1677 1676 1675 1659 1678 1677 1659 1661 1678 1671 1679 1668 1668 1679 1666 1680 1679 1671 1680 1681 1679 1679 1681 1682 1683 1679 1682 1684 1679 1683 1666 1679 1684 1684 1667 1666 1685 1684 1683 1686 1684 1685 1686 1667 1684 1685 1687 1686 1686 1687 1688 1687 1689 1688 1688 1689 1690 1690 1691 1688 1690 1692 1691 1686 1693 1667 1693 1660 1667 1693 1657 1660 1688 1691 1693 1691 1657 1693 1688 1693 1686 1683 1682 1694 1694 1682 1695 1681 1695 1682 1695 1696 1694 1696 1695 1697 1698 1695 1681 1697 1695 1698 1683 1699 1685 1694 1696 1699 1694 1699 1683 1696 1700 1699 1685 1701 1687 1699 1701 1685 1699 1700 1701 1700 1702 1701 1701 1702 1703 1687 1703 1689 1701 1703 1687 1703 1702 1704 1705 1706 1704 1703 1707 1689 1708 1704 1702 1708 1705 1704 1700 1709 1702 1702 1709 1708 1710 1696 1697 1700 1696 1710 1710 1709 1700 1711 1709 1710 1711 1710 1697 1711 1712 1709 1709 1712 1708 1713 1708 1712 1708 1714 1705 1708 1713 1714 1714 1713 1715 1712 1716 1713 1716 1715 1713 1717 1715 1716 1718 1717 1716 1711 1719 1712 1719 1718 1716 1719 1716 1712 1720 1718 1719 1721 1719 1711 1721 1720 1719 1722 1720 1721 1723 1717 1718 1724 1718 1720 1723 1718 1724 1724 1720 1722 1725 1723 1724 1722 1725 1724 1726 1725 1722 1638 1643 1727 1654 1638 1727 1654 1727 1728 1727 1729 1728 1643 1729 1727 1730 1731 1732 1732 1733 1730 1733 1734 1730 1732 1735 1733 1733 1735 1736 1737 1735 1732 1735 1737 1738 1735 1738 1739 1738 1737 1740 1740 1741 1738 1738 1741 1742 1743 1741 1740 1743 1393 1741 1392 1393 1743 1395 1744 1745 1395 1397 1746 1746 1744 1395 1747 1748 1749 1749 1750 1747 1746 1751 1749 1746 1397 1752 1753 1752 1754 1753 1755 1756 1239 1238 1757 1757 1755 1754 1758 1759 1756 1760 1759 1758 1755 1761 1762 1763 1758 1762 1761 1763 1762 1764 1761 1755 1757 1764 1755 1761 1764 1765 1765 1764 1766 1764 1767 1766 1768 1767 1764 1757 1238 1768 1768 1257 1767 1768 1764 1757 1238 1257 1768 1767 1769 1766 1256 1770 1257 1257 1770 1767 1770 1769 1767 1253 1770 1256 1760 1758 1771 1771 1758 1763 1763 1772 1771 1761 1773 1763 1765 1773 1761 1773 1772 1763 1773 1774 1772 1773 1765 1775 1775 1774 1773 1774 1775 1776 1775 1777 1776 1777 1250 1776 1775 1765 1778 1775 1778 1777 1765 1766 1778 1778 1766 1769 1779 1778 1769 1253 1255 1779 1777 1778 1779 1779 1254 1777 1779 1770 1253 1769 1770 1779 1381 1780 1261 1261 1781 1262 1261 1780 1781 1780 1782 1781 1262 1781 1783 1783 1271 1262 1781 1782 1784 1781 1784 1783 1783 1784 1785 1785 1786 1783 1786 1271 1783 1271 1786 1270 1787 1786 1785 1786 1787 1788 1789 1790 1791 1789 1792 1793 1787 1794 1795 1794 1796 1797 1798 1796 1794 1798 1799 1796 1798 1794 1800 1800 1794 1801 1785 1801 1787 1787 1801 1794 1799 1798 1802 1802 1798 1800 1802 1803 1804 1801 1785 1805 1805 1800 1801 1805 1785 1784 1784 1806 1805 1807 1808 1809 1807 1810 1808 1807 1811 1810 1812 1813 1814 1815 1816 1817 1818 1819 1815 1818 1820 1821 1822 1820 1818 1815 1823 1818 1822 1824 1825 1825 1826 1822 1822 1826 1820 1812 1814 1827 1827 1814 1828 1827 1829 1830 1830 1831 1827 1830 1832 1833 1834 1830 1833 1835 1836 1837 1838 1836 1835 1838 1835 1839 1839 1835 1840 1840 1835 1828 1839 1840 1841 1842 1828 1814 1840 1828 1842 1841 1840 1842 1843 1841 1842 1844 1841 1843 1844 1843 1845 1846 1841 1844 1846 1847 1841 1847 1839 1841 1847 1838 1839 1848 1838 1847 1847 1849 1848 1850 1849 1847 1851 1849 1850 1852 1847 1846 1850 1852 1851 1844 1852 1846 1852 1850 1847 1851 1853 1821 1851 1852 1853 1854 1849 1851 1855 1852 1844 1853 1855 1819 1853 1852 1855 1849 1856 1848 1849 1854 1856 1857 1854 1826 1856 1854 1857 1848 1856 1858 1836 1838 1858 1858 1838 1848 1338 1859 1339 1859 1338 1860 1859 1861 1862 1344 1863 1342 1342 1863 1860 1859 1862 1864 1864 1350 1339 1859 1864 1339 1862 1865 1864 1866 1351 1864 1864 1865 1866 1865 1867 1866 1867 1352 1866 1865 1862 1868 1869 1870 1865 1865 1870 1871 1865 1871 1867 1869 1872 1870 1873 1872 1869 1872 1873 1874 1869 1875 1873 1875 1874 1873 1876 1874 1875 1876 1877 1874 1874 1878 1872 1879 1861 1880 1876 1881 1882 1876 1883 1881 1881 1883 1884 1885 1881 1884 1886 1863 1887 1886 1887 1885 1344 1375 1888 1889 1890 1891 1892 1381 1382 1780 1381 1892 1391 1893 1390 1390 1893 1389 1389 1893 1894 1894 1893 1895 1896 1893 1391 1896 1392 1743 1391 1392 1896 1893 1896 1897 1896 1743 1898 1899 1900 1901 1902 1903 1904 1905 1906 1907 1905 1908 1906 1909 1910 1911 1912 1913 1909 1914 1915 1912 1916 1917 1918 1919 1917 1916 1920 1917 1919 1921 1922 1923 1921 1924 1922 1925 1924 1921 1925 1926 1924 1927 1926 1925 1928 1926 1927 1929 1930 1931 1932 1933 1934 1932 1935 1933 1430 1936 1428 1889 1891 1937 1889 1937 1938 1937 1891 1939 1436 1435 1940 1435 1941 1942 1943 1944 1945 1946 1944 1947 1948 1944 1946 1948 1946 1949 1949 1946 1950 1946 1951 1950 1885 1884 1952 1952 1884 1953 1883 1954 1884 1884 1954 1953 1883 1955 1954 1876 1875 1955 1876 1955 1883 1954 1955 1956 1957 1885 1952 1886 1885 1957 1955 1875 1958 1955 1958 1956 1956 1958 1959 1879 1880 1960 1960 1880 1961 1962 1963 1516 1963 1962 1964 1964 1962 1965 1962 1966 1965 1965 1967 1964 1968 1967 1965 1968 1969 1967 1964 1967 1970 1967 1969 1970 1965 1966 1971 1971 1968 1965 1971 1969 1968 1972 1973 1974 1973 1975 1974 1972 1976 1973 1976 1975 1973 1977 1976 1972 1972 1978 1977 1979 1978 1972 1978 1980 1977 1981 1976 1977 1981 1975 1976 1977 1980 1981 1789 1982 1792 1983 1984 1985 1985 1984 1986 1987 1983 1985 1987 1985 1988 1988 1985 1989 1985 1986 1989 1988 1989 1990 1989 1991 1990 1989 1986 1991 1986 1992 1991 1991 1992 1993 1994 1988 1990 1994 1990 1995 1994 1995 1996 1995 1997 1998 1997 1999 2000 2001 1999 1997 2002 1995 1990 2002 2001 1997 1997 1995 2002 2002 1991 1993 1990 1991 2002 1992 2003 1993 1993 2003 2002 2002 2003 2004 2004 2001 2002 2001 2004 2005 2001 2005 2006 2001 2006 2007 2005 2008 2006 2009 2008 2005 2009 2005 2004 2009 2010 2008 2010 2011 2008 2008 2011 2012 2008 2012 2006 2007 2006 2013 2007 2013 2014 2004 2003 2015 2016 2003 1992 2003 2016 2015 2015 2016 2017 2017 2018 2015 2017 2019 2018 2004 2015 2020 2018 2020 2015 2016 2021 2017 2017 2021 2019 2021 2016 2022 1984 2022 1986 2022 2016 1992 1986 2022 1992 2023 2024 2025 2026 2024 2023 2024 2027 2025 2026 2028 2024 2026 2029 2028 2030 2029 2026 2030 2031 2029 2030 2032 2031 2033 2032 2030 2030 2026 2033 2034 2031 2032 2035 2031 2034 2031 2035 2029 2034 2036 2035 2037 2036 2034 2035 2038 2029 2035 2039 2038 2035 2036 2039 2039 2040 2038 2038 2040 2041 2038 2041 2029 2029 2041 2028 2040 2042 2041 2041 2043 2028 2041 2042 2043 2028 2043 2024 2024 2044 2027 2024 2043 2044 2034 2032 2045 2045 2037 2034 2032 2033 2046 2045 2032 2046 2047 2045 2046 2048 2045 2047 2047 2046 2049 2049 2046 2050 2046 2033 2050 2049 2050 2051 2051 2050 2052 2051 2052 2053 2053 2052 2054 2052 2055 2054 2054 2055 2056 2055 2057 2023 2023 2057 2026 2050 2057 2052 2033 2057 2050 2033 2026 2057 2057 2055 2052 2058 2045 2048 2059 2037 2045 2059 2045 2058 2060 2048 2047 2048 2061 2058 2061 2048 2060 2061 2060 2062 2062 2063 2061 2063 2062 2064 2064 2062 2065 2066 2064 2065 2060 2047 2067 2060 2067 2062 2067 2047 2049 2062 2067 2065 2067 2049 2068 2065 2067 2068 2068 2049 2051 2065 2069 2066 2065 2068 2069 2063 2070 2061 2058 2061 2070 2071 2051 2053 2068 2051 2071 2068 2071 2069 2071 2072 2069 2071 2073 2072 2072 2073 2074 2074 2073 2075 2071 2053 2076 2077 2069 2072 2077 2072 2074 2066 2069 2077 2066 2077 2078 2079 2064 2066 2079 2066 2078 2079 2063 2064 2080 2078 2077 2077 2081 2080 2074 2075 2081 2077 2074 2081 2081 2082 2080 2080 2083 2078 2080 2082 2083 2083 2082 2084 2083 2084 2085 2079 2078 2086 2086 2083 2085 2078 2083 2086 2087 2086 2085 2088 2086 2087 2088 2079 2086 2088 2087 2089 2085 2084 2090 2091 2087 2085 2090 2091 2085 2089 2087 2091 2092 2089 2091 2092 2091 2090 2093 2089 2092 2020 2094 2004 2004 2094 2009 2020 2095 2094 2094 2095 2096 2009 2094 2096 1199 1207 1197 1199 1208 1207 1199 1205 1217 1211 1219 1209 1221 1223 1222 1220 1223 1221 1222 1223 1225 1220 1226 1223 1226 1228 1227 1220 1229 1226 1225 1224 1233 1229 1242 1228 1260 1259 1264 1277 1278 1276 1278 1277 1273 1286 1282 1284 1286 1287 1282 1295 1292 1299 1301 1292 1294 1304 1303 1306 1308 1307 1303 1312 1307 1308 1305 1309 1313 1304 1306 1320 1332 1331 1294 1332 1330 1328 1294 1293 1332 1334 1321 1322 1341 1343 1342 1354 1340 1346 1341 1340 1354 1353 1347 1355 1353 1355 1361 1354 1367 1341 1364 1368 1362 1373 1371 1368 1374 1344 1343 1373 1374 1343 1374 1373 1377 1260 1379 1258 1386 1388 1385 1387 1388 1386 1217 1216 1387 1214 1394 1212 1214 1213 1396 1211 1210 1396 1396 1213 1211 1225 1397 1222 1397 1210 1222 1384 1399 1386 1400 1399 1384 1199 1401 1208 1412 1411 1414 1374 1433 1375 1437 1436 1439 1441 1444 1443 1463 1460 1459 1462 1464 1463 1463 1465 1460 1460 1467 1461 1460 1465 1467 1467 1469 1468 1470 1474 1473 1476 1462 1459 1476 1475 1462 1478 1476 1480 1481 1477 1478 1483 1481 1480 1486 1483 1484 1485 1487 1486 1485 1489 1492 1489 1490 1492 1490 1491 1494 1494 1500 1498 1500 1497 1498 1497 1506 1499 1497 1496 1506 1506 1505 1507 1503 1510 1504 1503 1502 1510 1509 1473 1512 1512 1473 1474 1510 1509 1513 1509 1512 1513 1633 1634 1632 1634 1647 1635 1647 1648 1641 1678 1676 1677 1658 1657 1691 1692 1690 1689 1692 1658 1691 1706 1703 1704 1707 1703 1706 1707 1692 1689 1736 1734 1733 1731 1737 1732 1736 1735 1739 1394 1741 1393 1739 1738 1742 1396 1395 1745 1394 1214 1745 1745 1214 1396 1742 1744 1748 1744 1746 1748 1748 1746 1749 1751 1750 1749 1752 1751 1746 1751 1752 1753 1750 1751 1753 1752 1397 1754 1754 1755 1753 1750 1753 1756 1754 1239 1757 1750 1756 1759 1756 1755 1762 1756 1762 1758 1270 1786 1788 1793 1790 1789 1788 1787 1795 1796 1791 1790 1796 1790 1797 1795 1794 1797 1803 1802 1800 1803 1800 1805 1782 1806 1784 1806 1803 1805 1819 1816 1815 1821 1819 1818 1823 1822 1818 1828 1829 1827 1831 1812 1827 1829 1832 1830 1828 1835 1829 1829 1835 1832 1832 1835 1837 1813 1843 1814 1814 1843 1842 1845 1843 1813 1821 1853 1819 1821 1854 1851 1820 1854 1821 1826 1854 1820 1819 1855 1816 1845 1855 1844 1816 1855 1845 1860 1338 1342 1860 1861 1859 1868 1862 1861 1868 1869 1865 1868 1875 1869 1877 1878 1874 1880 1861 1860 1882 1877 1876 1887 1881 1885 1888 1863 1344 1887 1863 1888 1891 1887 1888 1895 1893 1897 1898 1743 1740 1897 1896 1898 1895 1901 1900 1897 1901 1895 1731 1730 1907 1731 1907 1906 1913 1910 1909 1915 1913 1912 1923 1920 1919 1938 1890 1889 1891 1888 1939 1940 1435 1942 1996 1995 1998 1998 1997 2000 2014 2001 2007 1999 2001 2014 2044 2043 2042 2025 2055 2023 2056 2053 2054 2056 2055 2025 2076 2053 2056 2076 2073 2071 2097 2098 2099 2099 2098 2100 2098 2101 2100 2099 2100 2102 2100 2101 2103 2102 2100 2103 2103 2101 2104 2103 2104 2102 2102 2104 2105 2106 2107 2108 2108 2107 2109 2107 2110 2109 2108 2109 2111 2111 2109 2112 2109 2110 2112 2112 2113 2111 2112 2110 2113 2111 2113 2114 2115 2116 2117 2117 2116 2118 2117 2118 2119 2116 2120 2118 2118 2120 2121 2118 2121 2119 2120 2122 2121 2121 2122 2119 2123 2122 2120 1202 1203 2124 1202 2124 2125 2125 2124 2126 2127 1219 1211 2127 1204 1202 2127 1202 2125 1213 2127 1211 1213 1204 2127 2127 2128 1219 2125 2128 2127 1220 1219 2128 1199 1217 2129 2129 1217 1387 1386 1399 2129 1387 1386 2129 2129 1401 1199 2129 1399 1401 2130 1229 1220 1220 2128 2130 2130 2131 1229 2131 1242 1229 2132 2131 2130 1268 2133 1269 1269 2133 2134 1269 2134 1277 2133 2135 2134 2134 2135 2136 2137 2136 2138 2139 2138 1378 2139 1368 1364 2137 2138 2139 2133 2140 2135 1431 2135 2140 1431 2140 1430 1270 2141 1268 1268 2141 2133 1788 2141 1270 2141 2140 2133 1273 2142 1274 2136 2137 2142 2137 2139 2143 2143 2139 1364 2142 2137 2143 2142 2143 1274 2144 2142 1273 1277 2134 2144 1273 1277 2144 2144 2136 2142 2134 2136 2144 1278 2145 1281 1273 2145 1278 2145 1273 1272 1281 2145 2146 2145 1272 2146 1363 2147 1364 2147 1363 1275 1275 1274 2147 1364 2147 2143 1274 2143 2147 1275 2148 1617 2148 1360 1365 2148 1275 1363 2148 1363 1360 1260 1264 2149 2149 1264 1287 2149 1287 1286 2149 1286 2150 2150 1286 2151 1286 1285 2151 1285 2152 2151 2151 2152 2153 2151 2153 2150 2153 2152 2154 1289 2155 1290 2155 2153 2154 2156 2153 2155 2150 2153 2156 2156 2155 1289 2155 2154 2157 2155 2157 1290 2157 2154 2158 2157 2158 2159 2159 2158 2160 2158 2161 2160 2154 2161 2158 2154 2152 2161 2160 2161 2162 2150 2156 2163 1260 2163 1379 2163 2156 1289 2149 2163 1260 2150 2163 2149 2163 1289 2164 2164 1289 1288 1379 2163 2164 1290 2157 2165 1291 1290 2165 2157 2159 2165 2165 2159 2166 2165 2166 1291 1291 2166 2167 2166 2168 2167 2168 1297 2167 2168 1296 1297 2166 2159 2168 2168 2159 2169 1334 2170 2169 2170 1334 1333 2170 1296 2168 2169 2170 2168 2171 1304 1321 2171 1321 1334 2171 1302 1304 2169 2171 1334 2172 1302 2171 2160 2172 2159 2172 2171 2169 2162 2172 2160 2159 2172 2169 2170 1333 2173 1332 1293 2173 2173 1330 1332 2173 1296 2170 2173 1293 1296 2173 1333 1330 2172 2174 1302 2172 2162 2174 2174 1308 1302 1353 1361 2175 1354 2175 1366 1353 2175 1354 2175 1361 1455 2175 1456 1366 1341 2176 1343 1341 1367 2176 2176 1372 1343 2176 1458 1372 2139 2177 1368 1373 1368 2177 1378 2177 2139 1378 1377 2177 1377 1373 2177 2178 1432 1376 2178 1376 1378 1431 2178 2138 1754 1397 2179 2179 1225 1239 2179 1397 1225 2179 1239 1754 1399 1398 2180 2180 1398 2181 2182 1399 2180 1401 1399 2182 1402 1401 2182 2180 2181 2183 2183 2181 2184 2184 2185 2183 2183 2185 2186 2182 2187 1402 2187 2180 2183 2182 2180 2187 2183 2186 2187 2187 2186 2188 1402 2187 2189 1402 2189 1403 1403 2189 2190 2190 2189 2191 2191 2189 2192 2189 2187 2192 2192 2187 2188 2192 2193 2191 2191 2193 2194 2193 2195 2194 2194 2195 2196 2195 2197 2196 2196 2197 2198 2195 2199 2197 2200 2199 2195 2193 2200 2195 2200 1404 2199 2201 1405 1404 2201 1404 2200 2200 2202 2201 2185 2202 2186 2203 2202 2185 2201 2203 1405 2202 2203 2201 2188 2204 2192 2202 2204 2186 2186 2204 2188 2192 2204 2193 2204 2200 2193 2204 2202 2200 2205 1422 2206 2206 1422 2207 2207 1422 1421 1424 1423 2208 2209 2208 1423 1424 2208 2210 2208 2209 2211 2210 2208 2211 2210 2212 1425 2212 2210 2211 2212 1426 1425 2211 2209 2213 2213 2212 2211 1422 2205 2214 1422 2214 1423 2214 2205 2215 1423 2214 2216 1423 2216 2209 2209 2216 2217 2209 2217 2213 2213 2217 2218 2212 2213 2219 2219 2213 2218 1426 2212 2220 2220 2212 2219 2214 2215 2221 2214 2221 2216 2216 2222 2217 2216 2221 2222 2218 2217 2223 2217 2222 2223 2219 2218 2224 2218 2223 2225 2224 2218 2225 2226 2219 2224 2220 2219 2226 2224 2225 2227 2227 2225 2228 2225 2223 2229 2225 2229 2228 2228 2229 2230 2229 2231 2230 2223 2232 2229 2232 2231 2229 2222 2232 2223 2232 2233 2231 2221 2234 2222 2222 2234 2232 2234 2233 2232 2234 2235 2233 2221 2215 2236 2236 2235 2234 2221 2236 2234 2237 2224 2227 2226 2224 2237 2228 2230 2238 2238 2230 2239 2231 2240 2230 2230 2240 2239 2231 2241 2240 2233 2241 2231 2235 2242 2233 2233 2242 2241 2227 2243 2237 2238 2244 2228 2228 2244 2227 2244 2243 2227 1429 2245 1431 1431 2245 2178 2245 1432 2178 1377 2246 1374 1374 2246 1433 1377 1432 2246 1439 1438 2247 2248 2247 1438 2249 1441 1440 1444 1441 2249 2175 2250 1456 1455 2250 2175 1455 1453 2250 1367 1457 2251 1367 2251 2176 2176 2251 1458 2252 1518 1517 2252 1526 1528 2252 1524 1518 2252 1517 1526 2253 1537 1536 2253 1543 1537 2254 1546 1545 2254 1545 1552 2255 1556 1555 2255 1562 1556 2256 1570 1572 2256 1571 1570 1678 1661 2257 2258 2257 2259 2257 1661 2260 2259 2257 2260 2260 1661 2261 2261 2259 2260 2261 1661 1658 2262 2259 2261 1658 2263 2261 2263 2262 2261 1692 2263 1658 1692 1707 2263 2264 2262 2263 2264 2263 2265 2263 1707 2266 2265 2263 2266 2265 2266 2267 2267 2266 2268 2268 1707 1706 2266 1707 2268 2268 2269 2267 2270 2269 2268 2271 2272 2273 2272 1647 2274 2273 2272 2274 2275 2273 2274 2274 1647 2275 2275 1647 1634 2276 2273 2275 1633 1631 2277 1634 2277 2275 2277 2276 2275 1633 2277 1634 2278 2276 2277 2278 2277 2279 2277 1631 2280 2279 2277 2280 2279 2280 2281 2281 2280 2282 2281 2282 2283 2283 2282 2284 2280 2285 2282 1631 1630 2285 2285 1630 1629 1631 2285 2280 2286 1647 2272 2286 1648 1647 2287 2285 1629 2282 2287 2284 2285 2287 2282 2288 1705 1714 2288 2268 1706 2270 2268 2288 2288 1706 1705 2269 2289 2267 2267 2290 2265 2289 2290 2267 2265 2290 2264 2290 2291 2264 2262 2291 2259 2264 2291 2262 2258 2259 2292 2292 2259 2291 2279 2281 2293 2279 2293 2278 2293 2281 2294 2283 2294 2281 2278 2295 2276 2273 2276 2295 2293 2295 2278 2271 2273 2296 2296 2273 2295 1898 1740 2297 2297 1740 1737 2297 1737 1731 2298 1734 1736 2299 1741 1394 2299 1745 1744 1742 1741 2299 1394 1745 2299 2299 1744 1742 1736 2300 2298 2298 2300 2301 2302 2300 1736 1739 2302 1736 1742 2302 1739 2302 1748 1747 1742 1748 2302 1750 2303 1747 2302 1747 2303 2300 2302 2303 2304 1750 1759 1750 2304 2303 2305 2304 1759 2305 1759 1760 2306 2304 2305 2307 1780 1892 1782 1780 2307 2308 2141 1788 2141 2308 2140 1795 2308 1788 1797 2309 1795 2309 2308 1795 2140 2308 2310 2308 2309 2310 1882 1881 2311 2312 2311 2313 2314 1790 1793 2314 2312 2315 1793 2316 2314 2316 2312 2314 2311 2316 1882 2312 2316 2311 2317 1790 2314 2315 2317 2314 1797 1790 2317 2317 2309 1797 2309 2317 2315 1791 2318 1789 1882 2319 1877 2319 1792 1877 2316 2319 1882 1793 1792 2319 2319 2316 1793 1792 1982 2320 1877 2320 1878 2320 1877 1792 1796 1799 2321 2321 1791 1796 2321 2318 1791 2322 1803 1806 1803 2323 1804 2323 1803 2322 2323 2324 1804 2325 2324 2323 2322 2325 2323 2325 2326 2324 1810 2327 1808 2325 2327 2326 2328 2327 2325 1808 2327 2328 2328 2325 2322 2327 2329 2326 1810 2329 2327 2326 2329 2330 2329 2331 2330 2330 2331 2332 2330 2332 2333 2326 2330 2333 2326 2333 2324 2333 2332 2334 2322 1806 2335 2335 2328 2322 1808 2328 2335 2335 1806 1782 1782 2307 2335 1809 1808 2335 2335 2307 1809 2336 2329 1810 2336 2331 2329 1811 2336 1810 2337 1817 2331 2337 2331 2336 1811 2337 2336 2337 2338 1817 2338 2337 1811 1817 2338 2339 1817 2339 1815 2339 1823 1815 2331 1817 2340 1816 2340 1817 1845 2340 1816 1813 2340 1845 2341 1813 1812 2341 2340 1813 2341 2331 2340 2332 2331 2341 2334 2332 2341 2342 1824 1822 2342 1822 1823 2343 1831 1830 2343 1830 1834 2341 2344 2334 2344 1812 1831 2341 1812 2344 1958 1875 2345 2345 1861 1879 2345 1875 1868 1958 2345 1959 1868 1861 2345 1880 2346 1961 1860 1863 2346 1860 2346 1880 2346 1863 1886 1890 2347 1891 1890 2311 2347 1887 2347 1881 2348 2313 1938 2140 2310 2348 2348 1430 2140 2348 1936 1430 2349 1899 1901 2349 1902 2350 2350 1902 1904 2350 1899 2349 2349 1901 2351 2351 1901 2352 2352 1731 1906 1908 2352 1906 2351 2352 1908 1897 2353 1901 1898 2353 1897 1731 2353 2297 1901 2353 2352 2353 1731 2352 2297 2353 1898 2354 1903 1902 2351 2355 2349 2355 2354 1902 1908 2355 2351 2349 2355 1902 2356 2354 2355 2357 1908 1905 2357 2358 1908 2358 2355 1908 2359 2358 2357 2359 2360 2358 2358 2361 2355 2358 2360 2361 2355 2361 2356 1913 1915 2362 2360 2362 2361 2363 1913 2362 2363 2362 2360 1910 1913 2363 2364 1915 1914 2354 2365 1903 2365 1915 2364 1903 2365 2366 2365 2364 2366 2366 2364 2367 2364 1914 2367 2362 1915 2368 2368 1915 2365 2356 2361 2368 2368 2361 2362 2354 2368 2365 2356 2368 2354 2367 1914 2369 1923 1922 2370 2370 1920 1923 2371 1929 1931 2372 1929 2371 2372 2371 2373 2373 2371 2374 1931 1930 2375 1930 1934 2375 2376 1931 2375 1934 1933 2377 2375 2377 2376 2375 1934 2377 2378 2377 1933 2376 2377 2378 2379 1935 1932 2371 2380 2374 1931 2380 2371 2374 2380 2381 2376 2382 1931 2382 2380 1931 2378 2383 2376 2383 2382 2376 2384 2383 2378 2378 2385 2384 1933 2385 2378 1933 2386 2385 1935 2386 1933 2382 2387 2380 2380 2387 2381 2383 2388 2382 2388 2387 2382 2389 2388 2383 2384 2389 2383 2385 2390 2384 2384 2391 2389 2384 2390 2391 2385 2392 2390 2386 2392 2385 2390 2393 2391 2391 2393 2394 2391 2394 2395 2391 2395 2389 2395 2394 2396 2396 2397 2395 2389 2398 2388 2395 2398 2389 2395 2397 2398 2397 2399 2398 2398 2400 2388 2398 2399 2400 2388 2400 2387 2399 2401 2400 2387 2400 2402 2400 2401 2402 2387 2402 2381 2392 2403 2390 2390 2403 2393 2394 2404 2396 2396 2404 2405 2397 2396 2406 2406 2396 2405 2407 2397 2406 2399 2397 2407 2408 2399 2407 2401 2399 2408 2403 2409 2393 2394 2410 2404 2393 2410 2394 2393 2409 2410 2348 2411 1936 1938 2411 2348 1938 1937 2411 1939 1888 2412 2412 1375 1434 1888 1375 2412 1942 1941 2413 1941 2414 2413 2415 1944 1943 1947 1944 2415 2416 1879 1960 2345 1879 2416 1959 2345 2416 1961 2346 2417 2346 1886 2417 2417 1886 1957 2418 1963 1964 2418 1964 1970 2419 1979 1972 2419 1972 1974 2420 2027 2044 2421 2027 2420 2421 2420 2422 2422 2420 2423 2025 2027 2424 2422 2424 2421 2424 2027 2421 2425 2424 2422 2426 2076 2056 2426 2025 2424 2424 2425 2426 2056 2025 2426 2426 2425 2427 2428 2426 2427 2429 2426 2428 2429 2076 2426 2430 2429 2428 2429 2431 2076 2076 2431 2073 2073 2431 2075 2431 2429 2430 2432 2431 2430 2075 2431 2433 2433 2431 2432 2434 2014 2435 2434 2435 2436 2436 2435 2437 2434 2438 2014 2014 2438 1999 2436 2438 2434 2439 2438 2436 2440 1998 2000 2440 1999 2438 2438 2439 2440 2000 1999 2440 2440 2439 2441 2442 2440 2441 2443 1998 2440 2443 1996 1998 2443 2440 2442 2444 2443 2442 2445 1996 2443 2445 2443 2444 2446 2445 2444 2447 2445 2446 2435 2014 2448 2014 2013 2448 2445 2449 1996 2449 1994 1996 2447 2449 2445 2432 2430 2450 2430 2428 2451 2428 2427 2451 2450 2430 2451 2427 2425 2452 2425 2422 2452 2451 2427 2452 2453 2452 2422 2423 2453 2422 2442 2441 2454 2442 2454 2444 2446 2444 2455 2454 2455 2444 2454 2441 2456 2441 2439 2456 2456 2439 2436 2437 2457 2436 2457 2456 2436 2310 2309 2315 2310 2315 2313 2347 2311 1881 2347 1887 1891 2310 2313 2348 2138 2135 1431 2138 2136 2135 2138 2178 1378 2313 2311 1890 2313 1890 1938 2313 2315 2312</p>
        </triangles>
      </mesh>
    </geometry>
  </library_geometries>
  <library_controllers>
    <controller id="Controller">
      <skin source="#Geometry">
        <bind_shape_matrix>1 0 0 0 0 1 0 0 0 0 1 0 0 0 0 1</bind_shape_matrix>
        <source id="Controller-joints">
          <Name_array id="Controller-joints-array" count="33">J_joint10 J_tuma_L J_ashi_L J_hiza_L J_momo_L J_kuti J_koukaku J_me_L CharacterFaceCenterTarget HUDTarget J_me_R J_ke J_atama J_joint14 J_te_L J_hiji_L J_ude_L J_joint15 J_te_R J_hiji_R J_ude_R CharacterCenterTarget J_mune J_joint13 J_tuma_R J_ashi_R J_hiza_R J_momo_R J_center J_root_028 GRP_joint GRP_mesh chr349</Name_array>
          <technique_common>
            <accessor source="#Controller-joints-array" count="33" stride="1">
              <param name="JOINT" type="Name"/>
            </accessor>
          </technique_common>
        </source>
        <source id="Controller-bind_poses">
          <float_array id="Controller-bind_poses-array" count="528">1 0 0 -0.177021 0 1 0 -0.119059 0 0 1 -0.358147 0 0 0 1 1 0 0 -0.171177 0 1 0 -0.120767 0 0 1 -0.14645 0 0 0 1 1 0 0 -0.164499 0 1 0 -0.125893 0 0 1 0.087773 0 0 0 1 1 0 0 -0.175517 0 1 0 -0.317734 0 0 1 0.031368 0 0 0 1 1 0 0 -0.18532 0 1 0 -0.467356 0 0 1 0.0024 0 0 0 1 1 0 0 0 0 1 0 -1.23139 0 0 1 -0.365659 0 0 0 1 1 0 0 0 0 1 0 -1.2314 0 0 1 -0.338009 0 0 0 1 1 0 0 -0.143604 0 1 0 -1.45245 0 0 1 -0.260164 0 0 0 1 1 0 0 0 0 1 0 -1.24383 0 0 1 0.01586 0 0 0 1 1 0 0 0 0 1 0 -1.84325 0 0 1 0.044698 0 0 0 1 1 0 0 0.143608 0 1 0 -1.45245 0 0 1 -0.260164 0 0 0 1 1 0 0 0 0 1 0 -1.64586 0 0 1 0.046403 0 0 0 1 1 0 0 0 0 1 0 -1.13259 0 0 1 0.01586 0 0 0 1 1 0 0 -1.32148 0 1 0 -1.02815 0 0 1 0.084112 0 0 0 1 1 0 0 -0.863558 0 1 0 -1.02815 0 0 1 0.089584 0 0 0 1 1 0 0 -0.657944 0 1 0 -1.02815 0 0 1 0.098765 0 0 0 1 1 0 0 -0.408425 0 1 0 -1.02815 0 0 1 0.089458 0 0 0 1 1 0 0 1.32148 0 1 0 -1.02815 0 0 1 0.084112 0 0 0 1 1 0 0 0.863561 0 1 0 -1.02815 0 0 1 0.089584 0 0 0 1 1 0 0 0.657944 0 1 0 -1.02815 0 0 1 0.098765 0 0 0 1 1 0 0 0.408425 0 1 0 -1.02815 0 0 1 0.089458 0 0 0 1 1 0 0 0 0 1 0 -0.918098 0 0 1 0.004414 0 0 0 1 1 0 0 0 0 1 0 -0.800684 0 0 1 0.004414 0 0 0 1 1 0 0 0.17702 0 1 0 -0.119059 0 0 1 -0.358147 0 0 0 1 1 0 0 0.171176 0 1 0 -0.120767 0 0 1 -0.14645 0 0 0 1 1 0 0 0.164499 0 1 0 -0.125893 0 0 1 0.087773 0 0 0 1 1 0 0 0.175517 0 1 0 -0.317734 0 0 1 0.031368 0 0 0 1 1 0 0 0.18532 0 1 0 -0.467356 0 0 1 0.0024 0 0 0 1 1 0 0 0 0 1 0 -0.800684 0 0 1 0.004414 0 0 0 1 1 0 0 0 0 1 0 0 0 0 1 0 0 0 0 1 1 0 0 0 0 1 0 0 0 0 1 0 0 0 0 1 1 0 0 0 0 1 0 0 0 0 1 0 0 0 0 1 1 0 0 0 0 1 0 0 0 0 1 0 0 0 0 1</float_array>
          <technique_common>
            <accessor source="#Controller-bind_poses-array" count="33" stride="16">
              <param name="TRANSFORM" type="float4x4"/>
            </accessor>
          </technique_common>
        </source>
        <source id="Controller-weights">
          <float_array id="Controller-weights-array" count="1155">1 0.8 0.2 0.6 0.4 0.7 0.3 0.2 0.8 0.4 0.6 0.7 0.3 0.7 0.3 0.8 0.2 0.8 0.2 0.8 0.2 0.7 0.3 0.2 0.8 0.2 0.8 0.2 0.8 0.8 0.2 0.5 0.5 0.5 0.5 0.5 0.5 0.2 0.8 0.7 0.3 0.8 0.2 0.5 0.5 0.5 0.5 0.6 0.4 0.2 0.8 0.7 0.3 0.9 0.1 0.5 0.5 0.1 0.9 0.5 0.5 0.2 0.8 0.4 0.6 0.1 0.9 0.5 0.5 0.5 0.5 0.5 0.5 0.5 0.5 0.2 0.8 0.5 0.5 0.1 0.9 0.5 0.5 0.5 0.5 0.8 0.2 0.8 0.2 0.6 0.4 0.2 0.8 0.2 0.8 0.3 0.7 0.9 0.1 0.7 0.3 0.4 0.6 0.6 0.4 0.8 0.2 0.8 0.2 0.8 0.2 0.8 0.2 0.7 0.3 0.4 0.6 0.5 0.5 0.1 0.9 0.2 0.8 0.1 0.9 0.2 0.8 0.1 0.9 0.1 0.9 0.5 0.5 0.5 0.5 0.2 0.8 0.2 0.8 0.8 0.2 0.2 0.8 0.2 0.8 0.7 0.3 0.7 0.3 0.7 0.3 0.7 0.3 0.7 0.3 0.4 0.6 0.8 0.2 0.3 0.7 0.8 0.2 0.8 0.2 0.3 0.7 0.8 0.2 0.5 0.5 0.2 0.8 0.5 0.5 0.2 0.8 0.5 0.5 0.5 0.5 0.2 0.8 0.5 0.5 0.5 0.5 0.2 0.8 0.5 0.5 0.2 0.8 0.5 0.5 0.5 0.5 0.5 0.5 0.2 0.8 0.5 0.5 0.5 0.5 0.5 0.5 0.5 0.5 0.2 0.8 0.5 0.5 0.2 0.8 0.5 0.5 0.2 0.8 0.2 0.8 0.2 0.8 0.2 0.8 0.2 0.8 0.8 0.2 0.2 0.8 0.2 0.8 0.2 0.8 0.2 0.8 0.2 0.8 0.2 0.8 0.2 0.8 0.2 0.8 0.2 0.8 0.2 0.8 0.8 0.2 0.6 0.4 0.7 0.3 0.7 0.3 0.4 0.6 0.4 0.6 0.4 0.6 0.8 0.2 0.8 0.2 0.7 0.3 0.2 0.8 0.2 0.8 0.2 0.8 0.8 0.2 0.5 0.5 0.2 0.8 0.2 0.8 0.8 0.2 0.7 0.3 0.5 0.5 0.5 0.5 0.5 0.5 0.7 0.3 0.2 0.8 0.8 0.2 0.9 0.1 0.2 0.8 0.5 0.5 0.1 0.9 0.5 0.5 0.5 0.5 0.5 0.5 0.3 0.7 0.5 0.5 0.5 0.5 0.5 0.5 0.2 0.8 0.5 0.5 0.5 0.5 0.5 0.5 0.2 0.8 0.5 0.5 0.5 0.5 0.8 0.2 0.6 0.4 0.8 0.2 0.2 0.8 0.3 0.7 0.2 0.8 0.9 0.1 0.7 0.3 0.6 0.4 0.4 0.6 0.8 0.2 0.8 0.2 0.8 0.2 0.2 0.8 0.1 0.9 0.4 0.6 0.8 0.2 0.2 0.8 0.2 0.8 0.1 0.9 0.1 0.9 0.1 0.9 0.5 0.5 0.8 0.2 0.2 0.8 0.2 0.8 0.8 0.2 0.2 0.8 0.7 0.3 0.4 0.6 0.4 0.6 0.7 0.3 0.7 0.3 0.4 0.6 0.8 0.2 0.3 0.7 0.8 0.2 0.8 0.2 0.8 0.2 0.3 0.7 0.2 0.8 0.2 0.8 0.8 0.2 0.2 0.8 0.2 0.8 0.2 0.8 0.2 0.8 0.2 0.8 0.2 0.8 0.2 0.8 0.2 0.8 0.2 0.8 0.2 0.8 0.2 0.8 0.2 0.8 0.1 0.9 0.1 0.9 0.1 0.9 0.1 0.9 0.1 0.9 0.1 0.9 0.1 0.9 0.1 0.9 0.1 0.9 0.5 0.5 0.5 0.5 0.5 0.5 0.5 0.5 0.5 0.5 0.5 0.5 0.5 0.5 0.5 0.5 0.5 0.5 0.1 0.9 0.1 0.9 0.1 0.9 0.1 0.9 0.1 0.9 0.1 0.9 0.1 0.9 0.1 0.9 0.1 0.9 0.6 0.4 0.2 0.8 0.2 0.8 0.4 0.6 0.7 0.3 0.8 0.2 0.2 0.8 0.8 0.2 0.2 0.8 0.2 0.8 0.7 0.2 0.1 0.7 0.3 0.4 0.6 0.2 0.4 0.1 0.3 0.2 0.8 0.7 0.3 0.2 0.8 0.7 0.3 0.4 0.6 0.2 0.8 0.2 0.8 0.2 0.8 0.4 0.6 0.2 0.8 0.8 0.2 0.2 0.8 0.2 0.8 0.9 0.1 0.5 0.5 0.5 0.5 0.9 0.1 0.1 0.9 0.1 0.9 0.8 0.2 0.8 0.2 0.1 0.9 0.8 0.2 0.2 0.8 0.2 0.8 0.1 0.9 0.8 0.2 0.8 0.2 0.3 0.7 0.3 0.7 0.5 0.5 0.5 0.5 0.3 0.7 0.5 0.5 0.4 0.6 0.3 0.7 0.8 0.2 0.6 0.1 0.3 0.4 0.6 0.1 0.9 0.2 0.8 0.1 0.9 0.2 0.8 0.7 0.3 0.8 0.2 0.4 0.6 0.4 0.6 0.7 0.3 0.4 0.6 0.7 0.3 0.8 0.2 0.4 0.6 0.4 0.6 0.2 0.8 0.2 0.8 0.1 0.9 0.1 0.9 0.1 0.9 0.1 0.9 0.2 0.8 0.2 0.8 0.2 0.8 0.2 0.8 0.2 0.8 0.2 0.8 0.6 0.4 0.2 0.8 0.8 0.2 0.6 0.4 0.2 0.8 0.2 0.8 0.9 0.1 0.9 0.1 0.9 0.1 0.9 0.1 0.9 0.1 0.9 0.1 0.9 0.1 0.5 0.5 0.5 0.5 0.5 0.5 0.2 0.8 0.2 0.8 0.2 0.8 0.8 0.2 0.8 0.2 0.2 0.8 0.8 0.2 0.8 0.2 0.2 0.8 0.8 0.2 0.2 0.8 0.8 0.2 0.2 0.8 0.8 0.2 0.2 0.8 0.2 0.8 0.2 0.8 0.2 0.8 0.2 0.8 0.2 0.8 0.2 0.8 0.4 0.6 0.4 0.6 0.4 0.6 0.3 0.7 0.8 0.2 0.3 0.7 0.2 0.8 0.2 0.8 0.2 0.8 0.2 0.8 0.2 0.8 0.4 0.6 0.4 0.6 0.4 0.6 0.4 0.6 0.4 0.6 0.4 0.6 0.4 0.6 0.4 0.6 0.4 0.6 0.4 0.6 0.4 0.6 0.4 0.6 0.4 0.6 0.4 0.6 0.4 0.6 0.4 0.6 0.4 0.6 0.4 0.6 0.4 0.6 0.4 0.6 0.4 0.6 0.4 0.6 0.4 0.6 0.4 0.6 0.4 0.6 0.4 0.6 0.4 0.6 0.4 0.6 0.2 0.8 0.2 0.8 0.2 0.8 0.2 0.8 0.2 0.8 0.2 0.8 0.2 0.8 0.2 0.8 0.2 0.8 0.2 0.8 0.2 0.8 0.2 0.8 0.8 0.2 0.6 0.4 0.7 0.3 0.2 0.8 0.2 0.8 0.4 0.6 0.8 0.2 0.2 0.8 0.8 0.2 0.8 0.2 0.2 0.8 0.2 0.8 0.7 0.2 0.1 0.2 0.8 0.4 0.6 0.2 0.4 0.1 0.3 0.7 0.3 0.7 0.3 0.4 0.6 0.2 0.8 0.2 0.8 0.4 0.6 0.2 0.8 0.6 0.4 0.2 0.8 0.2 0.8 0.9 0.1 0.5 0.5 0.5 0.5 0.9 0.1 0.1 0.9 0.1 0.9 0.8 0.2 0.8 0.2 0.1 0.9 0.8 0.2 0.2 0.8 0.1 0.9 0.8 0.2 0.8 0.2 0.4 0.6 0.3 0.7 0.3 0.7 0.1 0.9 0.1 0.9 0.4 0.6 0.3 0.7 0.8 0.2 0.6 0.1 0.3 0.7 0.3 0.2 0.8 0.1 0.9 0.2 0.8 0.1 0.9 0.7 0.3 0.4 0.6 0.7 0.3 0.4 0.6 0.1 0.9 0.7 0.3 0.8 0.2 0.4 0.6 0.4 0.6 0.2 0.8 0.2 0.8 0.1 0.9 0.2 0.8 0.2 0.8 0.1 0.9 0.2 0.8 0.5 0.5 0.2 0.8 0.2 0.8 0.2 0.8 0.2 0.8 0.6 0.4 0.2 0.8 0.6 0.4 0.2 0.8 0.2 0.8 0.9 0.1 0.9 0.1 0.9 0.1 0.9 0.1 0.9 0.1 0.9 0.1 0.9 0.1 0.5 0.5 0.5 0.5 0.5 0.5 0.2 0.8 0.2 0.8 0.2 0.8 0.8 0.2 0.8 0.2 0.2 0.8 0.8 0.2 0.8 0.2 0.2 0.8 0.8 0.2 0.2 0.8 0.8 0.2 0.2 0.8 0.8 0.2 0.2 0.8 0.2 0.8 0.2 0.8 0.2 0.8 0.2 0.8 0.2 0.8 0.2 0.8 0.4 0.6 0.7 0.3 0.4 0.6 0.3 0.7 0.3 0.7 0.8 0.2 0.2 0.8 0.2 0.8 0.4 0.6 0.4 0.6 0.4 0.6 0.4 0.6 0.4 0.6 0.4 0.6 0.4 0.6 0.4 0.6 0.4 0.6 0.4 0.6 0.4 0.6 0.4 0.6 0.4 0.6 0.4 0.6 0.4 0.6 0.4 0.6 0.4 0.6 0.4 0.6 0.4 0.6 0.4 0.6 0.4 0.6 0.4 0.6 0.4 0.6 0.4 0.6 0.4 0.6 0.4 0.6 0.4 0.6 0.4 0.6 0.2 0.8 0.2 0.8 0.2 0.8 0.2 0.8 0.2 0.8 0.2 0.8 0.2 0.8 0.2 0.8 0.2 0.8 0.2 0.8</float_array>
          <technique_common>
            <accessor source="#Controller-weights-array" count="1155" stride="1">
              <param name="WEIGHT" type="float"/>
            </accessor>
          </technique_common>
        </source>
        <joints>
          <input semantic="JOINT" source="#Controller-joints"/>
          <input semantic="INV_BIND_MATRIX" source="#Controller-bind_poses"/>
        </joints>
        <vertex_weights count="2458">
          <input semantic="JOINT" source="#Controller-joints" offset="0"/>
          <input semantic="WEIGHT" source="#Controller-weights" offset="1"/>
          <vcount>1 1 1 1 1 1 1 1 1 1 1 1 1 1 1 1 1 1 1 1 1 1 1 1 1 1 1 1 1 1 1 1 1 1 1 1 1 1 1 1 1 1 1 1 1 1 1 1 1 1 1 1 1 1 1 1 1 1 1 1 1 1 1 1 1 1 1 1 1 1 1 1 1 1 1 1 1 1 1 1 1 1 1 1 1 1 1 1 1 1 1 1 1 1 1 1 1 1 1 1 1 1 1 1 1 1 1 1 1 1 1 1 1 1 1 1 1 1 1 1 1 1 1 1 1 1 1 1 1 1 1 1 1 1 1 1 1 1 1 1 1 1 1 1 1 1 1 1 1 1 1 1 1 1 1 1 1 1 1 1 1 1 1 1 1 1 1 1 1 1 1 1 1 1 1 1 1 1 1 1 1 1 1 1 1 1 1 1 1 1 1 1 1 1 1 1 1 1 1 1 1 1 1 1 1 1 1 1 1 1 1 1 1 1 1 1 1 1 1 1 1 1 1 1 1 1 1 1 1 1 1 1 1 1 1 1 1 1 1 1 1 1 1 1 1 1 1 1 1 1 1 1 1 1 1 1 1 1 1 1 1 1 1 1 1 1 1 1 1 1 1 1 1 1 1 1 1 1 1 1 1 1 1 1 1 1 1 1 1 1 1 1 1 1 1 1 1 1 1 1 1 1 1 1 1 1 1 1 1 1 1 1 1 1 1 1 1 1 1 1 1 1 1 1 1 1 1 1 1 1 1 1 1 1 1 1 1 1 1 1 1 1 1 1 1 1 1 1 1 1 1 1 1 1 1 1 1 1 1 1 1 1 1 1 1 1 1 1 1 1 1 1 1 1 1 1 1 1 1 1 1 1 1 1 1 1 1 1 1 1 1 1 1 1 1 1 1 1 1 1 1 1 1 1 1 1 1 1 1 1 1 1 1 1 1 1 1 1 1 1 1 1 1 1 1 1 1 1 1 1 1 1 1 1 1 1 1 1 1 1 1 1 1 1 1 1 1 1 1 1 1 1 1 1 1 1 1 1 1 1 1 1 1 1 1 1 1 1 1 1 1 1 1 1 1 1 1 1 1 1 1 1 1 1 1 1 1 1 1 1 1 1 1 1 1 1 1 1 1 1 1 1 1 1 1 1 1 1 1 1 1 1 1 1 1 1 1 1 1 1 1 1 1 1 1 1 1 1 1 1 1 1 1 1 1 1 1 1 1 1 1 1 1 1 1 1 1 1 1 1 1 1 1 1 1 1 1 1 1 1 1 1 1 1 1 1 1 1 1 1 1 1 1 1 1 1 1 1 1 1 1 1 1 1 1 1 1 1 1 1 1 1 1 1 1 1 1 1 1 1 1 1 1 1 1 1 1 1 1 1 1 1 1 1 1 1 1 1 1 1 1 1 1 1 1 1 1 1 1 1 1 1 1 1 1 1 1 1 1 1 1 1 1 1 1 1 1 1 1 1 1 1 1 1 1 1 1 1 1 1 1 1 1 1 1 1 1 1 1 1 1 1 1 1 1 1 1 1 1 1 1 1 1 1 1 1 1 1 1 1 1 1 1 1 1 1 1 1 1 1 1 1 1 1 1 1 1 1 1 1 1 1 1 1 1 1 1 1 1 1 1 1 1 1 1 1 1 1 1 1 1 1 1 1 1 1 1 1 1 1 1 1 1 1 1 1 1 1 1 1 1 1 1 1 1 1 1 1 1 1 1 1 1 1 1 1 1 1 1 1 1 1 1 1 1 1 1 1 1 1 1 1 1 1 1 1 1 1 1 1 1 1 1 1 1 1 1 1 1 1 1 1 1 1 1 1 1 1 1 1 1 1 1 1 1 1 1 1 1 1 1 1 1 1 1 1 1 1 1 1 1 1 1 1 1 1 1 1 1 1 1 1 1 1 1 1 1 1 1 1 1 1 1 1 1 1 1 1 1 1 1 1 1 1 1 1 1 1 1 1 1 1 1 1 1 1 1 1 1 1 1 1 1 1 1 1 1 1 1 1 1 1 1 1 1 1 1 1 1 1 1 1 1 1 1 1 1 1 1 1 1 1 1 1 1 1 1 1 1 1 1 1 1 1 1 1 1 1 1 1 1 1 1 1 1 1 1 1 1 1 1 1 1 1 1 1 1 1 1 1 1 1 1 1 1 1 1 1 1 1 1 1 1 1 1 1 1 1 1 1 1 1 1 1 1 1 1 1 1 1 1 1 1 1 1 1 1 1 1 1 1 1 1 1 1 1 1 1 1 1 1 1 1 1 1 1 1 1 1 1 1 1 1 1 1 1 1 1 1 1 1 1 1 1 1 1 1 1 1 1 1 1 1 1 1 1 1 1 1 1 1 1 1 1 1 1 1 1 1 1 1 1 1 1 1 1 1 1 1 1 1 1 1 1 1 1 1 1 1 1 1 1 1 1 1 1 1 1 1 1 1 1 1 1 1 1 1 1 1 1 1 1 1 1 1 1 1 1 1 1 1 1 1 1 1 1 1 1 1 1 1 1 1 1 1 1 1 1 1 1 1 1 1 1 1 1 1 1 1 1 1 1 1 1 1 1 1 1 1 1 1 1 1 1 1 1 1 1 1 1 1 1 1 1 1 1 1 1 1 1 1 1 1 1 1 1 1 1 1 1 1 1 1 1 1 1 1 1 1 1 1 1 1 1 1 1 1 1 1 1 1 1 1 1 1 1 1 1 1 2 1 1 2 1 2 1 1 2 1 1 1 2 1 2 2 1 1 2 1 1 2 2 2 1 1 2 2 1 1 2 1 1 1 1 1 1 1 1 1 1 1 1 1 1 1 1 1 1 1 1 1 1 1 1 1 1 1 1 1 1 2 1 1 1 1 1 1 1 2 2 2 1 1 2 2 2 1 2 2 1 1 2 1 1 1 2 2 1 1 2 2 2 1 1 2 2 1 2 1 2 1 2 1 1 2 2 2 1 2 2 1 1 2 1 1 1 1 1 1 1 1 1 1 1 1 1 1 1 1 1 1 1 2 1 2 1 1 1 1 1 1 2 1 1 1 1 1 1 1 1 1 1 1 2 2 1 1 1 1 1 1 1 1 2 2 1 1 2 1 1 1 1 1 2 2 1 1 2 2 2 1 1 1 1 2 1 2 2 1 1 1 1 1 1 2 1 2 2 1 2 2 2 2 2 1 2 1 1 1 1 1 1 2 1 2 1 1 1 1 1 1 1 2 2 2 1 2 2 1 2 1 2 1 2 1 1 1 2 2 2 1 2 2 1 2 1 1 1 1 1 1 1 1 1 1 2 2 1 2 1 2 1 2 2 1 1 1 2 2 1 2 1 1 1 2 1 2 1 2 1 1 2 1 2 1 2 2 1 1 2 2 1 1 1 2 1 1 2 1 1 2 1 1 2 1 2 2 1 1 2 2 1 2 1 1 1 1 1 1 1 2 1 1 1 1 1 1 1 1 1 1 1 2 1 1 1 1 1 1 2 1 1 1 1 1 1 1 1 1 1 1 1 1 2 1 1 1 1 1 1 1 1 1 1 2 1 1 1 1 1 1 1 1 1 1 1 1 1 1 1 1 1 1 1 1 1 1 1 1 1 1 1 1 1 1 1 1 1 1 1 1 1 1 1 1 1 1 1 1 1 1 1 1 1 1 1 1 2 1 1 1 1 1 1 1 1 1 1 1 1 1 2 1 2 2 1 1 1 1 1 1 1 1 1 1 1 1 2 1 1 1 1 1 1 1 1 1 1 2 1 1 2 1 1 1 1 1 1 1 1 1 1 1 1 1 1 1 1 2 1 1 1 1 1 1 1 1 1 1 1 1 1 2 1 1 1 1 1 1 1 1 1 1 1 1 1 2 2 1 1 1 1 1 1 1 1 1 1 1 1 1 1 1 1 1 1 1 1 1 1 1 2 1 1 1 1 2 1 1 2 1 1 2 1 2 2 1 1 2 1 2 2 2 1 2 1 2 1 1 2 1 1 1 1 1 1 1 1 1 1 1 1 1 1 1 1 1 1 1 1 1 1 2 1 1 1 1 1 2 1 2 2 2 2 1 2 2 2 1 1 1 1 1 2 2 1 2 1 2 2 2 2 1 2 2 1 2 2 1 2 2 2 1 2 1 1 2 1 2 2 1 2 2 1 1 1 1 1 1 1 1 1 1 1 1 2 1 1 1 1 1 1 1 1 1 1 1 1 1 1 2 2 1 1 1 1 1 1 2 1 1 1 1 1 1 1 1 2 1 1 2 1 2 1 1 1 1 2 2 1 2 2 1 1 1 2 1 2 2 1 2 2 1 2 2 1 1 2 2 1 2 1 1 2 1 2 1 1 1 1 1 1 1 2 1 1 1 1 1 1 2 2 1 2 2 2 2 1 2 2 2 2 2 1 2 2 1 2 1 1 1 1 1 1 1 1 1 1 2 2 1 2 1 1 1 1 2 1 1 1 1 1 1 1 1 1 1 1 1 1 2 1 2 1 1 1 1 1 1 1 1 1 1 1 1 1 2 1 2 2 2 1 1 1 1 1 1 1 1 1 1 1 1 1 2 1 1 1 1 1 1 1 1 1 1 2 1 2 1 1 1 1 1 1 1 1 1 1 1 1 1 1 1 1 2 1 1 1 1 1 1 1 1 1 1 1 2 1 1 1 1 1 1 1 1 1 1 1 1 1 1 1 1 2 1 2 2 1 1 1 1 1 1 1 1 1 1 1 1 1 1 1 1 1 1 1 1 2 2 2 2 2 2 2 2 2 2 2 2 2 2 2 2 2 2 2 2 2 2 2 2 2 2 2 2 2 2 2 1 2 2 2 2 2 2 3 2 2 4 2 2 2 2 2 2 2 2 2 2 2 2 2 1 2 2 2 2 2 2 2 2 2 2 2 2 2 2 2 2 2 2 2 2 2 2 2 2 3 2 2 2 2 2 2 2 2 2 2 2 2 2 2 2 2 2 2 2 1 1 1 2 2 2 2 2 2 2 2 2 2 2 2 2 2 2 2 2 2 2 2 2 2 2 2 2 2 2 2 2 2 2 2 2 2 2 2 2 2 2 2 2 2 2 2 2 2 2 1 2 2 2 2 2 2 2 2 2 2 2 2 2 2 2 2 2 2 2 2 2 2 2 2 2 2 2 2 2 2 2 2 2 2 2 2 2 2 2 2 2 2 2 2 2 2 2 2 2 2 2 2 2 2 2 1 2 2 2 2 2 2 3 2 2 4 2 2 2 2 2 2 2 2 2 2 1 2 2 2 2 2 2 2 2 2 2 2 2 2 2 2 2 2 2 2 2 2 2 3 2 2 2 2 2 2 2 2 2 2 2 2 2 2 2 2 2 2 2 2 2 1 2 2 2 2 2 2 2 2 2 2 2 2 2 2 2 2 2 2 2 2 2 2 2 2 2 2 2 2 2 2 2 2 2 2 2 2 2 2 2 2 2 2 2 1 2 2 2 2 2 2 2 2 2 2 2 2 2 2 2 2 2 2 2 2 2 2 2 2 2 2 2 2 2 2 2 2 2 2 2 2 2 2 2 2 2 2 2 2 </vcount>
          <v>16 0 16 0 16 0 16 0 16 0 16 0 16 0 16 0 16 0 15 0 15 0 15 0 15 0 15 0 15 0 15 0 15 0 15 0 16 0 16 0 16 0 16 0 16 0 16 0 16 0 16 0 16 0 16 0 16 0 16 0 16 0 16 0 16 0 16 0 16 0 16 0 12 0 12 0 12 0 12 0 12 0 12 0 12 0 12 0 12 0 12 0 12 0 12 0 12 0 12 0 12 0 12 0 12 0 12 0 12 0 12 0 12 0 12 0 12 0 12 0 12 0 12 0 12 0 16 0 16 0 16 0 16 0 16 0 16 0 16 0 16 0 16 0 15 0 15 0 15 0 15 0 15 0 15 0 15 0 15 0 15 0 16 0 16 0 16 0 16 0 16 0 16 0 16 0 16 0 16 0 12 0 12 0 12 0 12 0 12 0 12 0 12 0 12 0 12 0 12 0 12 0 12 0 12 0 12 0 12 0 12 0 12 0 12 0 12 0 12 0 12 0 12 0 12 0 12 0 12 0 12 0 12 0 12 0 12 0 12 0 12 0 12 0 12 0 12 0 12 0 12 0 15 0 15 0 15 0 15 0 15 0 15 0 15 0 15 0 15 0 16 0 16 0 16 0 16 0 16 0 16 0 16 0 16 0 16 0 16 0 16 0 16 0 16 0 16 0 16 0 16 0 16 0 16 0 15 0 15 0 15 0 15 0 15 0 15 0 15 0 15 0 15 0 16 0 16 0 16 0 16 0 16 0 16 0 16 0 16 0 16 0 12 0 12 0 12 0 12 0 12 0 12 0 12 0 12 0 12 0 12 0 12 0 12 0 12 0 12 0 12 0 12 0 12 0 12 0 12 0 12 0 12 0 12 0 12 0 12 0 12 0 12 0 12 0 28 0 28 0 28 0 28 0 28 0 28 0 28 0 28 0 28 0 28 0 28 0 28 0 28 0 28 0 28 0 28 0 28 0 28 0 28 0 28 0 28 0 28 0 28 0 28 0 28 0 28 0 28 0 22 0 22 0 22 0 22 0 22 0 22 0 22 0 22 0 22 0 12 0 12 0 12 0 12 0 12 0 12 0 12 0 12 0 12 0 12 0 12 0 12 0 12 0 12 0 12 0 12 0 12 0 12 0 12 0 12 0 12 0 12 0 12 0 12 0 12 0 12 0 12 0 2 0 2 0 2 0 2 0 2 0 2 0 2 0 2 0 2 0 3 0 3 0 3 0 3 0 3 0 3 0 3 0 3 0 3 0 4 0 4 0 4 0 4 0 4 0 4 0 4 0 4 0 4 0 4 0 4 0 4 0 4 0 4 0 4 0 4 0 4 0 4 0 28 0 28 0 28 0 28 0 28 0 28 0 28 0 28 0 28 0 22 0 22 0 22 0 22 0 22 0 22 0 22 0 22 0 22 0 22 0 22 0 22 0 22 0 22 0 22 0 22 0 22 0 22 0 22 0 22 0 22 0 22 0 22 0 22 0 22 0 22 0 22 0 28 0 28 0 28 0 28 0 28 0 28 0 28 0 28 0 28 0 22 0 22 0 22 0 22 0 22 0 22 0 22 0 22 0 22 0 12 0 12 0 12 0 12 0 12 0 12 0 12 0 12 0 12 0 12 0 12 0 12 0 12 0 12 0 12 0 12 0 12 0 12 0 22 0 22 0 22 0 22 0 22 0 22 0 22 0 22 0 22 0 22 0 22 0 22 0 22 0 22 0 22 0 22 0 22 0 22 0 22 0 22 0 22 0 22 0 22 0 22 0 22 0 22 0 22 0 12 0 12 0 12 0 12 0 12 0 12 0 12 0 12 0 12 0 28 0 28 0 28 0 28 0 28 0 28 0 28 0 28 0 28 0 28 0 28 0 28 0 28 0 28 0 28 0 28 0 28 0 28 0 28 0 28 0 28 0 28 0 28 0 28 0 28 0 28 0 28 0 3 0 3 0 3 0 3 0 3 0 3 0 3 0 3 0 3 0 1 0 1 0 1 0 1 0 1 0 1 0 1 0 1 0 1 0 12 0 12 0 12 0 12 0 12 0 12 0 12 0 12 0 12 0 3 0 3 0 3 0 3 0 3 0 3 0 3 0 3 0 3 0 4 0 4 0 4 0 4 0 4 0 4 0 4 0 4 0 4 0 28 0 28 0 28 0 28 0 28 0 28 0 28 0 28 0 28 0 28 0 28 0 28 0 28 0 28 0 28 0 28 0 28 0 28 0 12 0 12 0 12 0 12 0 12 0 12 0 12 0 12 0 12 0 12 0 12 0 12 0 12 0 12 0 12 0 12 0 12 0 12 0 22 0 22 0 22 0 22 0 22 0 22 0 22 0 22 0 22 0 28 0 28 0 28 0 28 0 28 0 28 0 28 0 28 0 28 0 22 0 22 0 22 0 22 0 22 0 22 0 22 0 22 0 22 0 28 0 28 0 28 0 28 0 28 0 28 0 28 0 28 0 28 0 28 0 28 0 28 0 28 0 28 0 28 0 28 0 28 0 28 0 1 0 1 0 1 0 1 0 1 0 1 0 1 0 1 0 1 0 1 0 1 0 1 0 1 0 1 0 1 0 1 0 1 0 1 0 1 0 1 0 1 0 1 0 1 0 1 0 1 0 1 0 1 0 3 0 3 0 3 0 3 0 3 0 3 0 3 0 3 0 3 0 20 0 20 0 20 0 20 0 20 0 20 0 20 0 20 0 20 0 19 0 19 0 19 0 19 0 19 0 19 0 19 0 19 0 19 0 20 0 20 0 20 0 20 0 20 0 20 0 20 0 20 0 20 0 20 0 20 0 20 0 20 0 20 0 20 0 20 0 20 0 20 0 12 0 12 0 12 0 12 0 12 0 12 0 12 0 12 0 12 0 12 0 12 0 12 0 12 0 12 0 12 0 12 0 12 0 12 0 12 0 12 0 12 0 12 0 12 0 12 0 12 0 12 0 12 0 20 0 20 0 20 0 20 0 20 0 20 0 20 0 20 0 20 0 19 0 19 0 19 0 19 0 19 0 19 0 19 0 19 0 19 0 20 0 20 0 20 0 20 0 20 0 20 0 20 0 20 0 20 0 12 0 12 0 12 0 12 0 12 0 12 0 12 0 12 0 12 0 12 0 12 0 12 0 12 0 12 0 12 0 12 0 12 0 12 0 12 0 12 0 12 0 12 0 12 0 12 0 12 0 12 0 12 0 12 0 12 0 12 0 12 0 12 0 12 0 12 0 12 0 12 0 19 0 19 0 19 0 19 0 19 0 19 0 19 0 19 0 19 0 20 0 20 0 20 0 20 0 20 0 20 0 20 0 20 0 20 0 20 0 20 0 20 0 20 0 20 0 20 0 20 0 20 0 20 0 19 0 19 0 19 0 19 0 19 0 19 0 19 0 19 0 19 0 20 0 20 0 20 0 20 0 20 0 20 0 20 0 20 0 20 0 12 0 12 0 12 0 12 0 12 0 12 0 12 0 12 0 12 0 12 0 12 0 12 0 12 0 12 0 12 0 12 0 12 0 12 0 12 0 12 0 12 0 12 0 12 0 12 0 12 0 12 0 12 0 28 0 28 0 28 0 28 0 28 0 28 0 28 0 28 0 28 0 28 0 28 0 28 0 28 0 28 0 28 0 28 0 28 0 28 0 28 0 28 0 28 0 28 0 28 0 28 0 28 0 28 0 28 0 28 0 28 0 28 0 28 0 28 0 28 0 28 0 28 0 28 0 12 0 12 0 12 0 12 0 12 0 12 0 12 0 12 0 12 0 12 0 12 0 12 0 12 0 12 0 12 0 12 0 12 0 12 0 12 0 12 0 12 0 12 0 12 0 12 0 12 0 12 0 12 0 25 0 25 0 25 0 25 0 25 0 25 0 25 0 25 0 25 0 26 0 26 0 26 0 26 0 26 0 26 0 26 0 26 0 26 0 27 0 27 0 27 0 27 0 27 0 27 0 27 0 27 0 27 0 27 0 27 0 27 0 27 0 27 0 27 0 27 0 27 0 27 0 28 0 28 0 28 0 28 0 28 0 28 0 28 0 28 0 28 0 22 0 22 0 22 0 22 0 22 0 22 0 22 0 22 0 22 0 22 0 22 0 22 0 22 0 22 0 22 0 22 0 22 0 22 0 22 0 22 0 22 0 22 0 22 0 22 0 22 0 22 0 22 0 28 0 28 0 28 0 28 0 28 0 28 0 28 0 28 0 28 0 22 0 22 0 22 0 22 0 22 0 22 0 22 0 22 0 22 0 12 0 12 0 12 0 12 0 12 0 12 0 12 0 12 0 12 0 12 0 12 0 12 0 12 0 12 0 12 0 12 0 12 0 12 0 22 0 22 0 22 0 22 0 22 0 22 0 22 0 22 0 22 0 22 0 22 0 22 0 22 0 22 0 22 0 22 0 22 0 22 0 22 0 22 0 22 0 22 0 22 0 22 0 22 0 22 0 22 0 12 0 12 0 12 0 12 0 12 0 12 0 12 0 12 0 12 0 28 0 28 0 28 0 28 0 28 0 28 0 28 0 28 0 28 0 28 0 28 0 28 0 28 0 28 0 28 0 28 0 28 0 28 0 28 0 28 0 28 0 28 0 28 0 28 0 28 0 28 0 28 0 25 0 25 0 25 0 25 0 25 0 25 0 25 0 25 0 25 0 24 0 24 0 24 0 24 0 24 0 24 0 24 0 24 0 24 0 12 0 12 0 12 0 12 0 12 0 12 0 12 0 12 0 12 0 26 0 26 0 26 0 26 0 26 0 26 0 26 0 26 0 26 0 27 0 27 0 27 0 27 0 27 0 27 0 27 0 27 0 27 0 28 0 28 0 28 0 28 0 28 0 28 0 28 0 28 0 28 0 28 0 28 0 28 0 28 0 28 0 28 0 28 0 28 0 28 0 12 0 12 0 12 0 12 0 12 0 12 0 12 0 12 0 12 0 12 0 12 0 12 0 12 0 12 0 12 0 12 0 12 0 12 0 22 0 22 0 22 0 22 0 22 0 22 0 22 0 22 0 22 0 28 0 28 0 28 0 28 0 28 0 28 0 28 0 28 0 28 0 22 0 22 0 22 0 22 0 22 0 22 0 22 0 22 0 22 0 28 0 28 0 28 0 28 0 28 0 28 0 28 0 28 0 28 0 28 0 28 0 28 0 28 0 28 0 28 0 28 0 28 0 28 0 24 0 24 0 24 0 24 0 24 0 24 0 24 0 24 0 24 0 24 0 24 0 24 0 24 0 24 0 24 0 24 0 24 0 24 0 24 0 24 0 24 0 24 0 24 0 24 0 24 0 24 0 24 0 24 0 24 0 24 0 24 0 24 0 24 0 24 0 24 0 24 0 26 0 26 0 26 0 26 0 26 0 26 0 26 0 26 0 26 0 28 0 28 0 28 1 27 2 28 0 28 0 28 3 22 4 28 0 28 5 22 6 28 0 27 0 28 7 27 8 27 0 22 0 22 0 28 9 22 10 28 0 28 11 22 12 28 13 22 14 28 0 28 0 28 15 27 16 28 0 22 0 22 17 12 18 22 19 12 20 22 21 12 22 12 0 12 0 22 23 12 24 22 25 12 26 12 0 12 0 22 27 12 28 12 0 12 0 12 0 12 0 12 0 12 0 12 0 12 0 12 0 12 0 12 0 12 0 12 0 12 0 12 0 12 0 12 0 12 0 12 0 12 0 12 0 12 0 12 0 12 0 12 0 12 0 12 0 12 0 28 0 28 0 28 29 27 30 28 0 28 0 28 0 28 0 28 0 28 0 28 0 28 31 22 32 28 33 22 34 28 35 22 36 28 0 22 0 28 37 22 38 22 39 12 40 22 41 12 42 28 0 28 43 22 44 28 45 22 46 28 0 28 0 28 47 22 48 28 0 28 0 28 0 28 49 27 50 28 51 27 52 28 0 27 0 27 53 26 54 27 55 26 56 27 57 26 58 25 0 25 0 25 59 24 60 26 61 25 62 25 0 26 63 25 64 25 0 26 65 25 66 25 0 25 67 24 68 25 0 25 0 25 69 24 70 25 71 24 72 25 73 24 74 25 0 26 75 25 76 25 77 24 78 25 0 25 0 26 79 25 80 24 0 24 0 24 0 24 0 24 0 24 0 24 0 24 0 24 0 24 0 24 0 24 0 24 0 24 0 24 0 24 0 24 0 24 0 24 0 25 81 24 82 24 0 25 83 24 84 24 0 24 0 24 0 12 0 12 0 12 0 12 85 10 86 12 0 12 0 12 0 12 0 12 0 12 0 12 0 12 0 12 0 12 0 12 0 12 87 10 88 12 89 10 90 12 0 12 0 12 0 12 0 12 0 12 0 12 0 12 0 22 91 12 92 22 93 12 94 12 0 10 0 12 95 10 96 12 0 12 0 12 0 12 0 12 0 12 97 6 98 5 99 6 100 5 0 6 0 5 101 6 102 12 103 6 104 28 105 27 106 28 0 28 0 28 0 28 0 28 107 27 108 28 0 28 109 27 110 28 111 27 112 28 0 28 0 28 0 28 0 28 0 28 0 28 113 22 114 22 0 28 115 22 116 22 117 12 118 27 0 28 119 27 120 28 121 27 122 28 123 27 124 27 125 26 126 27 127 26 128 25 0 26 129 25 130 25 0 24 0 24 0 24 0 24 0 24 0 25 131 24 132 25 0 25 133 24 134 25 0 25 0 25 0 25 0 25 0 25 0 22 0 22 135 20 136 22 137 20 138 22 139 12 140 22 0 22 141 20 142 28 143 22 144 5 0 5 145 6 146 5 0 5 147 6 148 6 0 5 149 6 150 5 0 5 0 5 0 5 151 6 152 5 153 6 154 5 155 6 156 10 0 12 157 10 158 12 159 10 160 12 0 12 161 10 162 12 0 12 0 12 0 12 0 12 0 12 0 12 0 12 0 12 0 12 0 12 163 10 164 12 165 10 166 10 0 12 167 10 168 12 0 12 169 11 170 12 0 12 171 11 172 12 173 11 174 11 0 11 0 11 0 12 175 11 176 12 177 11 178 11 0 12 179 11 180 11 0 11 0 12 0 12 181 11 182 11 0 12 183 11 184 11 0 12 185 11 186 11 0 12 0 12 187 11 188 11 0 12 189 11 190 12 0 12 191 11 192 12 193 11 194 11 0 11 0 12 195 11 196 12 197 11 198 12 0 11 0 11 0 12 199 11 200 11 0 12 0 12 201 11 202 11 0 11 0 12 203 11 204 11 0 12 0 12 205 11 206 11 0 12 207 11 208 12 209 11 210 11 0 11 0 12 211 11 212 12 213 11 214 11 0 12 215 11 216 11 0 11 0 11 0 11 0 11 0 11 0 11 0 12 217 11 218 11 0 11 0 11 0 11 0 11 0 11 0 11 0 11 0 11 0 11 0 11 0 12 219 11 220 11 0 11 0 11 0 11 0 11 0 11 0 12 221 11 222 11 0 11 0 11 0 11 0 11 0 11 0 11 0 11 0 11 0 11 0 11 0 11 0 11 0 12 223 11 224 11 0 11 0 11 0 11 0 11 0 11 0 11 0 11 0 11 0 11 0 12 225 11 226 11 0 11 0 11 0 11 0 11 0 11 0 11 0 11 0 11 0 11 0 11 0 11 0 11 0 11 0 11 0 11 0 11 0 11 0 11 0 11 0 11 0 11 0 11 0 11 0 11 0 11 0 11 0 11 0 11 0 11 0 11 0 11 0 11 0 11 0 11 0 11 0 11 0 11 0 11 0 11 0 11 0 11 0 11 0 11 0 11 0 11 0 11 0 11 0 11 0 11 0 11 0 11 0 22 227 12 228 18 0 18 0 18 0 18 0 18 0 18 0 18 0 18 0 18 0 18 0 18 0 18 0 18 0 19 229 18 230 18 0 19 231 18 232 19 233 18 234 18 0 18 0 18 0 18 0 18 0 18 0 18 0 18 0 18 0 18 0 18 0 18 0 19 235 18 236 18 0 18 0 18 0 18 0 18 0 18 0 18 0 18 0 18 0 18 0 19 237 18 238 18 0 18 0 19 239 18 240 18 0 18 0 18 0 18 0 18 0 18 0 18 0 18 0 18 0 18 0 18 0 18 0 18 0 18 0 18 0 18 0 19 241 18 242 18 0 18 0 18 0 18 0 18 0 18 0 18 0 18 0 18 0 18 0 18 0 18 0 18 0 19 243 18 244 18 0 18 0 18 0 18 0 18 0 18 0 18 0 18 0 18 0 18 0 18 0 18 0 18 0 19 245 18 246 19 247 18 248 18 0 18 0 18 0 18 0 18 0 18 0 18 0 18 0 18 0 18 0 18 0 18 0 18 0 18 0 18 0 18 0 18 0 18 0 18 0 18 0 18 0 18 0 28 0 28 249 4 250 28 0 28 0 28 0 28 0 28 251 22 252 28 0 28 0 28 253 22 254 28 0 28 0 28 255 22 256 28 0 28 257 22 258 28 259 22 260 22 0 22 0 28 261 22 262 22 0 22 263 12 264 22 265 12 266 22 267 12 268 12 0 22 269 12 270 12 0 22 271 12 272 12 0 12 0 22 273 12 274 12 0 12 0 12 0 12 0 12 0 12 0 12 0 12 0 12 0 12 0 12 0 12 0 12 0 12 0 12 0 12 0 12 0 12 0 12 0 12 0 28 0 28 0 28 275 4 276 28 0 28 0 28 0 28 0 28 0 28 277 22 278 22 0 28 279 22 280 28 281 22 282 22 283 12 284 22 285 12 286 28 0 28 287 22 288 28 289 22 290 28 291 22 292 28 0 28 0 28 0 28 0 28 0 28 293 4 294 28 295 4 296 28 0 28 297 4 298 4 0 4 299 3 300 28 301 4 302 4 303 3 304 4 305 3 306 2 0 2 307 1 308 2 309 1 310 2 0 2 311 1 312 3 313 2 314 2 0 2 315 1 316 2 317 1 318 2 319 1 320 2 0 3 321 2 322 2 0 2 0 2 323 1 324 2 0 2 325 1 326 2 327 1 328 2 0 3 329 2 330 2 331 1 332 2 0 2 0 1 0 1 0 1 0 1 0 1 0 1 0 1 0 1 0 1 0 1 0 2 333 1 334 1 0 1 0 1 0 1 0 1 0 1 0 1 0 1 0 1 0 1 0 1 0 1 0 1 0 12 0 12 335 7 336 12 337 7 338 12 0 12 0 12 0 12 0 12 0 12 0 12 339 7 340 12 0 12 0 12 0 12 0 12 0 12 0 12 0 12 0 22 341 12 342 12 0 7 0 12 343 7 344 12 0 22 345 12 346 12 0 12 0 12 0 12 0 12 347 6 348 5 349 6 350 6 0 12 351 6 352 5 353 6 354 28 0 28 0 28 0 28 355 4 356 28 0 28 357 4 358 28 359 4 360 4 0 28 361 4 362 28 363 4 364 3 0 3 365 2 366 3 367 2 368 4 0 4 0 28 369 4 370 4 371 3 372 2 0 3 373 2 374 2 0 2 0 3 375 2 376 2 0 3 377 2 378 1 0 1 0 1 0 1 0 1 0 2 0 2 0 2 379 1 380 2 0 2 0 2 0 2 0 2 0 22 0 22 381 12 382 22 383 16 384 22 0 22 385 16 386 22 387 12 388 22 389 16 390 5 391 6 392 6 0 5 393 6 394 5 395 6 396 5 397 6 398 5 399 6 400 5 401 6 402 7 0 12 403 7 404 12 405 7 406 12 0 12 407 7 408 12 0 12 0 12 0 12 0 12 0 12 0 12 0 12 0 12 0 12 0 12 409 7 410 12 411 7 412 7 0 12 413 7 414 11 0 11 0 11 0 11 0 12 415 11 416 11 0 11 0 11 0 11 0 11 0 11 0 11 0 11 0 11 0 11 0 11 0 11 0 11 0 12 417 11 418 11 0 22 419 12 420 14 0 14 0 14 0 14 0 14 0 14 0 14 0 14 0 14 0 14 0 14 0 14 0 14 0 15 421 14 422 14 0 15 423 14 424 15 425 14 426 15 427 14 428 14 0 14 0 14 0 14 0 14 0 14 0 14 0 14 0 14 0 14 0 14 0 14 0 14 0 15 429 14 430 14 0 14 0 14 0 14 0 14 0 14 0 14 0 14 0 14 0 14 0 15 431 14 432 14 0 15 433 14 434 14 0 14 0 14 0 14 0 14 0 14 0 14 0 14 0 14 0 14 0 14 0 14 0 14 0 14 0 14 0 14 0 15 435 14 436 14 0 14 0 14 0 14 0 14 0 14 0 14 0 14 0 14 0 14 0 14 0 15 437 14 438 14 0 14 0 14 0 14 0 14 0 14 0 14 0 14 0 14 0 14 0 14 0 14 0 14 0 14 0 14 0 14 0 15 439 14 440 14 0 15 441 14 442 15 443 14 444 14 0 14 0 14 0 14 0 14 0 14 0 14 0 14 0 14 0 14 0 14 0 14 0 14 0 14 0 14 0 14 0 14 0 14 0 14 0 14 0 4 445 3 446 4 447 3 448 4 449 3 450 4 451 3 452 4 453 3 454 4 455 3 456 4 457 3 458 4 459 3 460 4 461 3 462 2 463 1 464 2 465 1 466 2 467 1 468 2 469 1 470 2 471 1 472 2 473 1 474 2 475 1 476 2 477 1 478 2 479 1 480 27 481 26 482 27 483 26 484 27 485 26 486 27 487 26 488 27 489 26 490 27 491 26 492 27 493 26 494 27 495 26 496 27 497 26 498 28 499 22 500 28 501 22 502 28 503 22 504 28 505 22 506 22 0 28 507 27 508 22 509 12 510 22 511 12 512 22 513 12 514 28 515 22 516 28 517 22 518 22 519 12 520 6 521 22 522 12 523 22 524 12 525 22 526 12 527 5 528 6 529 22 530 12 531 22 532 12 533 28 534 22 535 22 536 12 537 22 538 12 539 28 540 22 541 28 542 22 543 28 544 22 545 22 546 12 547 22 548 12 549 28 550 27 551 28 552 27 553 28 554 27 555 27 0 27 556 26 557 27 558 26 559 27 560 26 561 27 562 26 563 27 564 26 565 27 566 26 567 26 568 25 569 26 570 25 571 27 572 26 573 26 574 25 575 28 576 27 577 28 578 27 579 27 580 26 581 26 582 25 583 26 584 25 585 26 586 25 587 26 588 25 589 25 590 24 591 25 592 24 593 26 594 25 595 25 596 24 597 26 598 25 599 12 600 10 601 12 602 10 603 12 604 5 605 6 606 5 607 6 608 22 609 12 610 27 611 26 612 27 613 26 614 27 615 26 616 26 617 25 618 26 619 25 620 26 621 25 622 26 623 25 624 26 625 25 626 26 627 25 628 26 629 25 630 26 631 25 632 26 633 25 634 26 635 25 636 26 637 25 638 26 639 25 640 26 641 25 642 26 643 25 644 25 0 25 0 25 0 26 645 25 646 26 647 25 648 26 649 25 650 26 651 25 652 26 653 25 654 22 655 20 656 28 657 22 658 28 659 22 660 22 661 20 662 22 663 20 664 22 665 12 666 22 667 20 668 22 669 20 670 22 671 20 672 20 673 19 674 20 675 19 676 20 677 19 678 20 679 19 680 20 681 19 682 20 683 19 684 20 685 19 686 20 687 19 688 20 689 19 690 20 691 19 692 20 693 19 694 20 695 19 696 20 697 19 698 19 699 18 700 19 701 18 702 20 703 19 704 19 705 18 706 19 707 18 708 20 709 19 710 19 711 18 712 20 713 19 714 19 715 18 716 20 717 19 718 19 719 18 720 19 721 18 722 19 723 18 724 19 725 18 726 19 727 18 728 19 729 18 730 19 731 18 732 19 733 18 734 5 735 6 736 5 737 6 738 6 0 5 739 6 740 12 741 10 742 12 743 10 744 12 745 10 746 12 747 11 748 12 749 11 750 12 751 11 752 12 753 11 754 12 755 11 756 19 757 18 758 19 759 18 760 19 761 18 762 19 763 18 764 19 765 18 766 19 767 18 768 19 769 18 770 19 771 18 772 19 773 18 774 19 775 18 776 19 777 18 778 19 779 18 780 19 781 18 782 19 783 18 784 19 785 18 786 19 787 18 788 19 789 18 790 19 791 18 792 19 793 18 794 19 795 18 796 19 797 18 798 19 799 18 800 19 801 18 802 19 803 18 804 19 805 18 806 19 807 18 808 19 809 18 810 19 811 18 812 19 813 18 814 19 815 18 816 19 817 18 818 19 819 18 820 19 821 18 822 19 823 18 824 19 825 18 826 19 827 18 828 19 829 18 830 19 831 18 832 19 833 18 834 19 835 18 836 28 837 4 838 28 839 22 840 28 841 22 842 28 843 22 844 28 845 22 846 28 847 22 848 22 0 22 849 12 850 22 851 12 852 22 853 12 854 28 855 4 856 28 857 22 858 28 859 22 860 22 861 12 862 6 863 22 864 12 865 22 866 12 867 22 868 12 869 5 870 6 871 22 872 12 873 22 874 12 875 22 876 12 877 28 878 22 879 28 880 22 881 22 882 12 883 22 884 12 885 28 886 22 887 28 888 4 889 28 890 4 891 4 0 4 892 3 893 4 894 3 895 4 896 3 897 4 898 3 899 4 900 3 901 4 902 3 903 3 904 2 905 3 906 2 907 4 908 3 909 3 910 2 911 28 912 4 913 4 914 3 915 3 916 2 917 3 918 2 919 3 920 2 921 3 922 2 923 3 924 2 925 3 926 2 927 3 928 2 929 3 930 2 931 12 932 7 933 12 934 7 935 12 936 5 937 6 938 5 939 6 940 4 941 3 942 4 943 3 944 4 945 3 946 28 947 4 948 28 949 4 950 3 951 2 952 3 953 2 954 3 955 2 956 4 957 3 958 3 959 2 960 3 961 2 962 3 963 2 964 3 965 2 966 3 967 2 968 3 969 2 970 3 971 2 972 3 973 2 974 3 975 2 976 3 977 2 978 3 979 2 980 2 0 2 981 1 982 22 983 16 984 28 985 22 986 28 987 22 988 22 989 16 990 22 991 16 992 22 993 16 994 22 995 16 996 22 997 16 998 28 999 22 1000 16 1001 15 1002 16 1003 15 1004 16 1005 15 1006 16 1007 15 1008 16 1009 15 1010 16 1011 15 1012 16 1013 15 1014 16 1015 15 1016 16 1017 15 1018 16 1019 15 1020 16 1021 15 1022 16 1023 15 1024 16 1025 15 1026 15 1027 14 1028 15 1029 14 1030 16 1031 15 1032 15 1033 14 1034 15 1035 14 1036 16 1037 15 1038 15 1039 14 1040 16 1041 15 1042 15 1043 14 1044 16 1045 15 1046 15 1047 14 1048 15 1049 14 1050 15 1051 14 1052 15 1053 14 1054 15 1055 14 1056 15 1057 14 1058 15 1059 14 1060 15 1061 14 1062 5 1063 6 1064 5 1065 6 1066 6 0 5 1067 6 1068 12 1069 7 1070 12 1071 7 1072 12 1073 7 1074 12 1075 11 1076 12 1077 11 1078 15 1079 14 1080 15 1081 14 1082 15 1083 14 1084 15 1085 14 1086 15 1087 14 1088 15 1089 14 1090 15 1091 14 1092 15 1093 14 1094 15 1095 14 1096 15 1097 14 1098 15 1099 14 1100 15 1101 14 1102 15 1103 14 1104 15 1105 14 1106 15 1107 14 1108 15 1109 14 1110 15 1111 14 1112 15 1113 14 1114 15 1115 14 1116 15 1117 14 1118 15 1119 14 1120 15 1121 14 1122 15 1123 14 1124 15 1125 14 1126 15 1127 14 1128 15 1129 14 1130 15 1131 14 1132 15 1133 14 1134 15 1135 14 1136 15 1137 14 1138 15 1139 14 1140 15 1141 14 1142 15 1143 14 1144 15 1145 14 1146 15 1147 14 1148 15 1149 14 1150 15 1151 14 1152 15 1153 14 1154</v>
        </vertex_weights>
      </skin>
      <extra>
        <technique profile="FCOLLADA">
          <user_properties>SkinController</user_properties>
        </technique>
      </extra>
    </controller>
  </library_controllers>
  <library_visual_scenes>
    <visual_scene id="VisualSceneNode" name="rdmscene">
      <node id="VisualSceneNode1" name="chr349" sid="chr349" type="JOINT">
        <matrix>1 0 0 0 0 1 0 0 0 0 1 0 0 0 0 1</matrix>
        <node id="VisualSceneNode2" name="GRP_joint" sid="GRP_joint" type="JOINT">
          <matrix>1 0 0 0 0 1 0 0 0 0 1 0 0 0 0 1</matrix>
          <node id="VisualSceneNode3" name="J_root_028" sid="J_root_028" type="JOINT">
            <matrix>1 0 0 0 0 1 0 0 0 0 1 0 0 0 0 1</matrix>
            <node id="VisualSceneNode4" name="J_center" sid="J_center" type="JOINT">
              <matrix>1 0 0 0 0 1 0 0.800684 0 0 1 -0.004414 0 0 0 1</matrix>
              <node id="VisualSceneNode5" name="J_momo_L" sid="J_momo_L" type="JOINT">
                <matrix>1 0 0 0.18532 0 1 0 -0.333328 0 0 1 0.002014 0 0 0 1</matrix>
                <node id="VisualSceneNode6" name="J_hiza_L" sid="J_hiza_L" type="JOINT">
                  <matrix>1 0 0 -0.009803 0 1 0 -0.149622 0 0 1 -0.028968 0 0 0 1</matrix>
                  <node id="VisualSceneNode7" name="J_ashi_L" sid="J_ashi_L" type="JOINT">
                    <matrix>1 0 0 -0.011018 0 1 0 -0.191841 0 0 1 -0.056405 0 0 0 1</matrix>
                    <node id="VisualSceneNode8" name="J_tuma_L" sid="J_tuma_L" type="JOINT">
                      <matrix>1 0 0 0.006678 0 1 0 -0.005126 0 0 1 0.234223 0 0 0 1</matrix>
                      <node id="VisualSceneNode9" name="J_joint10" sid="J_joint10" type="JOINT">
                        <matrix>1 0 0 0.005844 0 1 0 -0.001708 0 0 1 0.211697 0 0 0 1</matrix>
                      </node>
                    </node>
                  </node>
                </node>
              </node>
              <node id="VisualSceneNode10" name="J_mune" sid="J_mune" type="JOINT">
                <matrix>1 0 0 0 0 1 0 0 0 0 1 0 0 0 0 1</matrix>
                <node id="VisualSceneNode11" name="J_atama" sid="J_atama" type="JOINT">
                  <matrix>1 0 0 0 0 1 0 0.331909 0 0 1 -0.011446 0 0 0 1</matrix>
                  <node id="VisualSceneNode12" name="J_kuti" sid="J_kuti" type="JOINT">
                    <matrix>1 0 0 0 0 1 0 0.098801 0 0 1 0.381519 0 0 0 1</matrix>
                  </node>
                  <node id="VisualSceneNode13" name="J_koukaku" sid="J_koukaku" type="JOINT">
                    <matrix>1 0 0 0 0 1 0 0.098803 0 0 1 0.353869 0 0 0 1</matrix>
                  </node>
                  <node id="VisualSceneNode14" name="J_me_L" sid="J_me_L" type="JOINT">
                    <matrix>1 0 0 0.143604 0 1 0 0.319859 0 0 1 0.276024 0 0 0 1</matrix>
                  </node>
                  <node id="VisualSceneNode15" name="CharacterFaceCenterTarget" sid="CharacterFaceCenterTarget" type="JOINT">
                    <matrix>1 0 0 0 0 1 0 0.111234 0 0 1 0 0 0 0 1</matrix>
                  </node>
                  <node id="VisualSceneNode16" name="HUDTarget" sid="HUDTarget" type="JOINT">
                    <matrix>1 0 0 0 0 1 0 0.710662 0 0 1 -0.028838 0 0 0 1</matrix>
                  </node>
                  <node id="VisualSceneNode17" name="J_me_R" sid="J_me_R" type="JOINT">
                    <matrix>1 0 0 -0.143608 0 1 0 0.319858 0 0 1 0.276024 0 0 0 1</matrix>
                  </node>
                  <node id="VisualSceneNode18" name="J_ke" sid="J_ke" type="JOINT">
                    <matrix>1 0 0 0 0 1 0 0.513269 0 0 1 -0.030543 0 0 0 1</matrix>
                  </node>
                </node>
                <node id="VisualSceneNode19" name="J_ude_L" sid="J_ude_L" type="JOINT">
                  <matrix>1 0 0 0.408425 0 1 0 0.227468 0 0 1 -0.085044 0 0 0 1</matrix>
                  <node id="VisualSceneNode20" name="J_hiji_L" sid="J_hiji_L" type="JOINT">
                    <matrix>1 0 0 0.249519 0 1 0 0 0 0 1 -0.009306 0 0 0 1</matrix>
                    <node id="VisualSceneNode21" name="J_te_L" sid="J_te_L" type="JOINT">
                      <matrix>1 0 0 0.205614 0 1 0 0 0 0 1 0.009181 0 0 0 1</matrix>
                      <node id="VisualSceneNode22" name="J_joint14" sid="J_joint14" type="JOINT">
                        <matrix>1 0 0 0.457924 0 1 0 0 0 0 1 0.005472 0 0 0 1</matrix>
                      </node>
                    </node>
                  </node>
                </node>
                <node id="VisualSceneNode23" name="J_ude_R" sid="J_ude_R" type="JOINT">
                  <matrix>1 0 0 -0.408425 0 1 0 0.227468 0 0 1 -0.085044 0 0 0 1</matrix>
                  <node id="VisualSceneNode24" name="J_hiji_R" sid="J_hiji_R" type="JOINT">
                    <matrix>1 0 0 -0.249519 0 1 0 0 0 0 1 -0.009306 0 0 0 1</matrix>
                    <node id="VisualSceneNode25" name="J_te_R" sid="J_te_R" type="JOINT">
                      <matrix>1 0 0 -0.205617 0 1 0 0 0 0 1 0.009181 0 0 0 1</matrix>
                      <node id="VisualSceneNode26" name="J_joint15" sid="J_joint15" type="JOINT">
                        <matrix>1 0 0 -0.45792 0 1 0 0 0 0 1 0.005472 0 0 0 1</matrix>
                      </node>
                    </node>
                  </node>
                </node>
                <node id="VisualSceneNode27" name="CharacterCenterTarget" sid="CharacterCenterTarget" type="JOINT">
                  <matrix>1 0 0 0 0 1 0 0.117414 0 0 1 0 0 0 0 1</matrix>
                </node>
              </node>
              <node id="VisualSceneNode28" name="J_momo_R" sid="J_momo_R" type="JOINT">
                <matrix>1 0 0 -0.18532 0 1 0 -0.333328 0 0 1 0.002014 0 0 0 1</matrix>
                <node id="VisualSceneNode29" name="J_hiza_R" sid="J_hiza_R" type="JOINT">
                  <matrix>1 0 0 0.009803 0 1 0 -0.149622 0 0 1 -0.028968 0 0 0 1</matrix>
                  <node id="VisualSceneNode30" name="J_ashi_R" sid="J_ashi_R" type="JOINT">
                    <matrix>1 0 0 0.011018 0 1 0 -0.191841 0 0 1 -0.056405 0 0 0 1</matrix>
                    <node id="VisualSceneNode31" name="J_tuma_R" sid="J_tuma_R" type="JOINT">
                      <matrix>1 0 0 -0.006677 0 1 0 -0.005126 0 0 1 0.234223 0 0 0 1</matrix>
                      <node id="VisualSceneNode32" name="J_joint13" sid="J_joint13" type="JOINT">
                        <matrix>1 0 0 -0.005844 0 1 0 -0.001708 0 0 1 0.211697 0 0 0 1</matrix>
                      </node>
                    </node>
                  </node>
                </node>
              </node>
            </node>
          </node>
        </node>
        <node id="VisualSceneNode33" name="GRP_mesh" sid="GRP_mesh" type="JOINT">
          <matrix>1 0 0 0 0 1 0 0 0 0 1 0 0 0 0 1</matrix>
        </node>
      </node>
      <node id="VisualSceneNode34" name="chr349" type="NODE">
        <matrix>1 0 0 0 0 1 0 0 0 0 1 0 0 0 0 1</matrix>
        <instance_controller url="#Controller">
          <skeleton>#VisualSceneNode1</skeleton>
          <bind_material>
            <technique_common>
              <instance_material symbol="VisualMaterial0" target="#VisualMaterial"/>
            </technique_common>
          </bind_material>
        </instance_controller>
      </node>
    </visual_scene>
  </library_visual_scenes>
  <scene>
    <instance_visual_scene url="#VisualSceneNode"/>
  </scene>
</COLLADA>
