version 1
nodes
  0 "prefab"  -1
  1 "chr009"  0
  2 "GRP_joint"  1
  3 "CP01"  2
  4 "FP01"  2
  5 "GP01"  2
  6 "J_joint_A"  2
  7 "J_center"  6
  8 "J_joint_E"  7
  9 "J_joint_F"  7
  10 "J_spine01"  7
  11 "J_spine02"  10
  12 "CharacterCenterTarget"  7
  13 "CharacterFaceCenterTarget"  7
  14 "HUDTarget"  7
  15 "TP01"  2
  16 "GRP_mesh"  1
end
skeleton
time 0
  0 0.000000 0.000000 0.000000 0.000000 -0.000000 0.000000
  1 0.000000 0.000000 0.000000 0.000000 -0.000000 0.000000
  2 0.000000 0.000000 0.000000 0.000000 -0.000000 0.000000
  3 0.000000 0.400854 -0.000000 0.000000 -0.000000 0.000000
  4 0.000000 0.400854 0.233661 0.000000 -0.000000 0.000000
  5 0.000000 -0.000000 0.024562 0.000000 -0.000000 0.000000
  6 0.000000 0.000000 0.000000 0.000000 -0.000000 0.000000
  7 0.000000 0.400854 -0.000000 0.000000 -0.000000 0.000000
  8 0.400854 -0.120256 -0.060128 0.000000 -0.000000 0.000000
  9 -0.400854 -0.120256 -0.060128 0.000000 -0.000000 0.000000
  10 0.000374 0.000000 -0.008017 0.000000 -0.000000 0.000000
  11 0.000000 0.000000 -0.052111 0.000000 -0.000000 0.000000
  12 0.000000 -0.000000 0.000000 -0.000000 -0.000000 0.000000
  13 0.000000 -0.000000 0.000000 -0.000000 -0.000000 0.000000
  14 0.000000 0.362346 -0.000000 -0.000000 -0.000000 0.000000
  15 0.000000 0.805188 -0.000000 0.000000 -0.000000 0.000000
  16 0.000000 0.000000 0.000000 0.000000 -0.000000 0.000000
end
triangles
chr009a01
  7 0.141464 0.456401 0.093890 0.520033 0.112974 0.846642 0.783095 -0.849312 1 7 1.000000
  7 0.103032 0.440482 0.119621 0.220971 -0.000000 0.975280 0.690258 -0.887768 1 7 1.000000
  7 0.144631 0.440482 0.093111 0.537417 -0.000000 0.843317 0.790745 -0.887768 1 7 1.000000
chr009a01
  7 0.144631 0.440482 0.093111 0.537417 -0.000000 0.843317 0.790745 -0.887768 1 7 1.000000
  7 0.103032 0.440482 0.119621 0.220971 -0.000000 0.975280 0.690258 -0.887768 1 7 1.000000
  7 0.141464 0.424562 0.093890 0.520033 -0.112975 0.846642 0.783095 -0.926222 1 7 1.000000
chr009a01
  7 0.132447 0.469897 0.096598 0.454760 0.220579 0.862867 0.761313 -0.816712 1 7 1.000000
  7 0.103032 0.440482 0.119621 0.220971 -0.000000 0.975280 0.690258 -0.887768 1 7 1.000000
  7 0.141464 0.456401 0.093890 0.520033 0.112974 0.846642 0.783095 -0.849312 1 7 1.000000
chr009a01
  7 0.141464 0.424562 0.093890 0.520033 -0.112975 0.846642 0.783095 -0.926222 1 7 1.000000
  7 0.103032 0.440482 0.119621 0.220971 -0.000000 0.975280 0.690258 -0.887768 1 7 1.000000
  7 0.132447 0.411067 0.096598 0.454760 -0.220579 0.862867 0.761313 -0.958822 1 7 1.000000
chr009a01
  7 0.132447 0.411067 0.096598 0.454760 -0.220579 0.862867 0.761313 -0.958822 1 7 1.000000
  7 0.103032 0.440482 0.119621 0.220971 -0.000000 0.975280 0.690258 -0.887768 1 7 1.000000
  7 0.118951 0.402049 0.099850 0.380334 -0.293608 0.877006 0.728712 -0.980606 1 7 1.000000
chr009a01
  7 0.118951 0.402049 0.099850 0.380334 -0.293608 0.877006 0.728712 -0.980606 1 7 1.000000
  7 0.103032 0.440482 0.119621 0.220971 -0.000000 0.975280 0.690258 -0.887768 1 7 1.000000
  7 0.103032 0.398883 0.105210 0.259480 -0.316131 0.912541 0.690258 -0.988255 1 7 1.000000
chr009a01
  7 0.103032 0.398883 0.105210 0.259480 -0.316131 0.912541 0.690258 -0.988255 1 7 1.000000
  7 0.103032 0.440482 0.119621 0.220971 -0.000000 0.975280 0.690258 -0.887768 1 7 1.000000
  7 0.087112 0.402049 0.108763 0.084069 -0.303000 0.949275 0.651802 -0.980606 1 7 1.000000
chr009a01
  7 0.087112 0.402049 0.108763 0.084069 -0.303000 0.949275 0.651802 -0.980606 1 7 1.000000
  7 0.103032 0.440482 0.119621 0.220971 -0.000000 0.975280 0.690258 -0.887768 1 7 1.000000
  7 0.073616 0.411067 0.111650 -0.020948 -0.241925 0.970069 0.619202 -0.958822 1 7 1.000000
chr009a01
  7 0.073616 0.411067 0.111650 -0.020948 -0.241925 0.970069 0.619202 -0.958822 1 7 1.000000
  7 0.103032 0.440482 0.119621 0.220971 -0.000000 0.975280 0.690258 -0.887768 1 7 1.000000
  7 0.064599 0.424562 0.113867 -0.095701 -0.125836 0.987424 0.597420 -0.926222 1 7 1.000000
chr009a01
  7 0.064599 0.424562 0.113867 -0.095701 -0.125836 0.987424 0.597420 -0.926222 1 7 1.000000
  7 0.103032 0.440482 0.119621 0.220971 -0.000000 0.975280 0.690258 -0.887768 1 7 1.000000
  7 0.061432 0.440482 0.114213 -0.128923 -0.000000 0.991655 0.589771 -0.887768 1 7 1.000000
chr009a01
  7 0.118951 0.478915 0.099850 0.380334 0.293608 0.877006 0.728712 -0.794929 1 7 1.000000
  7 0.103032 0.440482 0.119621 0.220971 -0.000000 0.975280 0.690258 -0.887768 1 7 1.000000
  7 0.132447 0.469897 0.096598 0.454760 0.220579 0.862867 0.761313 -0.816712 1 7 1.000000
chr009a01
  7 0.103032 0.482081 0.105210 0.259481 0.316130 0.912541 0.690258 -0.787281 1 7 1.000000
  7 0.103032 0.440482 0.119621 0.220971 -0.000000 0.975280 0.690258 -0.887768 1 7 1.000000
  7 0.118951 0.478915 0.099850 0.380334 0.293608 0.877006 0.728712 -0.794929 1 7 1.000000
chr009a01
  7 0.087112 0.478915 0.108763 0.084070 0.302999 0.949275 0.651802 -0.794929 1 7 1.000000
  7 0.103032 0.440482 0.119621 0.220971 -0.000000 0.975280 0.690258 -0.887768 1 7 1.000000
  7 0.103032 0.482081 0.105210 0.259481 0.316130 0.912541 0.690258 -0.787281 1 7 1.000000
chr009a01
  7 0.073616 0.469897 0.111650 -0.020949 0.241925 0.970069 0.619202 -0.816712 1 7 1.000000
  7 0.103032 0.440482 0.119621 0.220971 -0.000000 0.975280 0.690258 -0.887768 1 7 1.000000
  7 0.087112 0.478915 0.108763 0.084070 0.302999 0.949275 0.651802 -0.794929 1 7 1.000000
chr009a01
  7 0.061432 0.440482 0.114213 -0.128923 -0.000000 0.991655 0.589771 -0.887768 1 7 1.000000
  7 0.103032 0.440482 0.119621 0.220971 -0.000000 0.975280 0.690258 -0.887768 1 7 1.000000
  7 0.064599 0.456401 0.113867 -0.095701 0.125836 0.987424 0.597420 -0.849312 1 7 1.000000
chr009a01
  7 0.064599 0.456401 0.113867 -0.095701 0.125836 0.987424 0.597420 -0.849312 1 7 1.000000
  7 0.103032 0.440482 0.119621 0.220971 -0.000000 0.975280 0.690258 -0.887768 1 7 1.000000
  7 0.073616 0.469897 0.111650 -0.020949 0.241925 0.970069 0.619202 -0.816712 1 7 1.000000
chr009a01
  7 -0.103032 0.440482 0.119621 -0.214481 -0.000000 0.976728 0.690354 -0.888100 1 7 1.000000
  7 -0.073616 0.469897 0.111109 0.018209 0.261080 0.965145 0.761234 -0.817219 1 7 1.000000
  7 -0.087112 0.478915 0.107693 -0.101284 0.332901 0.937507 0.728715 -0.795490 1 7 1.000000
chr009a01
  7 -0.103032 0.440482 0.119621 -0.214481 -0.000000 0.976728 0.690354 -0.888100 1 7 1.000000
  7 -0.087112 0.478915 0.107693 -0.101284 0.332901 0.937507 0.728715 -0.795490 1 7 1.000000
  7 -0.103032 0.482081 0.103677 -0.227030 0.348542 0.909382 0.690354 -0.787860 1 7 1.000000
chr009a01
  7 -0.103032 0.440482 0.119621 -0.214481 -0.000000 0.976728 0.690354 -0.888100 1 7 1.000000
  7 -0.103032 0.482081 0.103677 -0.227030 0.348542 0.909382 0.690354 -0.787860 1 7 1.000000
  7 -0.118951 0.478915 0.099850 -0.346018 0.311871 0.884877 0.651994 -0.795490 1 7 1.000000
chr009a01
  7 -0.103032 0.440482 0.119621 -0.214481 -0.000000 0.976728 0.690354 -0.888100 1 7 1.000000
  7 -0.118951 0.478915 0.099850 -0.346018 0.311871 0.884877 0.651994 -0.795490 1 7 1.000000
  7 -0.132447 0.469897 0.096598 -0.454759 0.220579 0.862867 0.619473 -0.817219 1 7 1.000000
chr009a01
  7 -0.103032 0.440482 0.119621 -0.214481 -0.000000 0.976728 0.690354 -0.888100 1 7 1.000000
  7 -0.132447 0.469897 0.096598 -0.454759 0.220579 0.862867 0.619473 -0.817219 1 7 1.000000
  7 -0.141464 0.456401 0.093890 -0.520033 0.112974 0.846642 0.597744 -0.849740 1 7 1.000000
chr009a01
  7 -0.103032 0.440482 0.119621 -0.214481 -0.000000 0.976728 0.690354 -0.888100 1 7 1.000000
  7 -0.141464 0.456401 0.093890 -0.520033 0.112974 0.846642 0.597744 -0.849740 1 7 1.000000
  7 -0.144631 0.440482 0.093111 -0.537417 -0.000000 0.843317 0.590113 -0.888100 1 7 1.000000
chr009a01
  7 -0.103032 0.440482 0.119621 -0.214481 -0.000000 0.976728 0.690354 -0.888100 1 7 1.000000
  7 -0.144631 0.440482 0.093111 -0.537417 -0.000000 0.843317 0.590113 -0.888100 1 7 1.000000
  7 -0.141464 0.424562 0.093890 -0.520033 -0.112975 0.846642 0.597744 -0.926461 1 7 1.000000
chr009a01
  7 -0.103032 0.440482 0.119621 -0.214481 -0.000000 0.976728 0.690354 -0.888100 1 7 1.000000
  7 -0.064599 0.456401 0.113326 0.100752 0.145902 0.984155 0.782964 -0.849740 1 7 1.000000
  7 -0.073616 0.469897 0.111109 0.018209 0.261080 0.965145 0.761234 -0.817219 1 7 1.000000
chr009a01
  7 -0.103032 0.440482 0.119621 -0.214481 -0.000000 0.976728 0.690354 -0.888100 1 7 1.000000
  7 -0.061432 0.440482 0.114213 0.128923 -0.000000 0.991655 0.790595 -0.888100 1 7 1.000000
  7 -0.064599 0.456401 0.113326 0.100752 0.145902 0.984155 0.782964 -0.849740 1 7 1.000000
chr009a01
  7 -0.103032 0.440482 0.119621 -0.214481 -0.000000 0.976728 0.690354 -0.888100 1 7 1.000000
  7 -0.064599 0.424562 0.113326 0.100752 -0.145902 0.984155 0.782964 -0.926461 1 7 1.000000
  7 -0.061432 0.440482 0.114213 0.128923 -0.000000 0.991655 0.790595 -0.888100 1 7 1.000000
chr009a01
  7 -0.103032 0.440482 0.119621 -0.214481 -0.000000 0.976728 0.690354 -0.888100 1 7 1.000000
  7 -0.073616 0.411067 0.111109 0.018209 -0.261080 0.965145 0.761234 -0.958982 1 7 1.000000
  7 -0.064599 0.424562 0.113326 0.100752 -0.145902 0.984155 0.782964 -0.926461 1 7 1.000000
chr009a01
  7 -0.103032 0.440482 0.119621 -0.214481 -0.000000 0.976728 0.690354 -0.888100 1 7 1.000000
  7 -0.087112 0.402049 0.107693 -0.101284 -0.332901 0.937507 0.728715 -0.980711 1 7 1.000000
  7 -0.073616 0.411067 0.111109 0.018209 -0.261080 0.965145 0.761234 -0.958982 1 7 1.000000
chr009a01
  7 -0.103032 0.440482 0.119621 -0.214481 -0.000000 0.976728 0.690354 -0.888100 1 7 1.000000
  7 -0.103032 0.398883 0.103677 -0.227030 -0.348542 0.909382 0.690354 -0.988340 1 7 1.000000
  7 -0.087112 0.402049 0.107693 -0.101284 -0.332901 0.937507 0.728715 -0.980711 1 7 1.000000
chr009a01
  7 -0.103032 0.440482 0.119621 -0.214481 -0.000000 0.976728 0.690354 -0.888100 1 7 1.000000
  7 -0.118951 0.402049 0.099850 -0.346019 -0.311871 0.884877 0.651994 -0.980711 1 7 1.000000
  7 -0.103032 0.398883 0.103677 -0.227030 -0.348542 0.909382 0.690354 -0.988340 1 7 1.000000
chr009a01
  7 -0.103032 0.440482 0.119621 -0.214481 -0.000000 0.976728 0.690354 -0.888100 1 7 1.000000
  7 -0.132447 0.411067 0.096598 -0.454760 -0.220580 0.862867 0.619473 -0.958982 1 7 1.000000
  7 -0.118951 0.402049 0.099850 -0.346019 -0.311871 0.884877 0.651994 -0.980711 1 7 1.000000
chr009a01
  7 -0.103032 0.440482 0.119621 -0.214481 -0.000000 0.976728 0.690354 -0.888100 1 7 1.000000
  7 -0.141464 0.424562 0.093890 -0.520033 -0.112975 0.846642 0.597744 -0.926461 1 7 1.000000
  7 -0.132447 0.411067 0.096598 -0.454760 -0.220580 0.862867 0.619473 -0.958982 1 7 1.000000
chr009a01
  7 -0.079011 0.498474 0.127872 -0.467482 -0.548139 0.693545 0.982634 -0.889350 1 7 1.000000
  7 -0.073616 0.469897 0.111109 -0.615299 -0.435789 0.656883 0.926393 -0.834242 1 7 1.000000
  7 -0.058646 0.484867 0.136048 -0.688239 -0.386547 0.613929 0.927493 -0.889774 1 7 1.000000
chr009a01
  7 -0.087112 0.478915 0.107693 -0.408345 -0.562624 0.718825 0.981820 -0.833821 1 7 1.000000
  7 -0.073616 0.469897 0.111109 -0.615299 -0.435789 0.656883 0.926393 -0.834242 1 7 1.000000
  7 -0.079011 0.498474 0.127872 -0.467482 -0.548139 0.693545 0.982634 -0.889350 1 7 1.000000
chr009a01
  7 -0.132447 0.411067 0.096598 0.425870 0.603643 0.673981 0.981820 -0.833821 1 7 1.000000
  7 -0.161024 0.416461 0.113977 0.569900 0.419425 0.706609 0.927493 -0.889774 1 7 1.000000
  7 -0.147417 0.396097 0.120134 0.389869 0.653074 0.649227 0.982634 -0.889350 1 7 1.000000
chr009a01
  7 -0.132447 0.411067 0.096598 0.425870 0.603643 0.673981 0.981820 -0.833821 1 7 1.000000
  7 -0.141464 0.424562 0.093890 0.572841 0.348739 0.741778 0.926393 -0.834242 1 7 1.000000
  7 -0.161024 0.416461 0.113977 0.569900 0.419425 0.706609 0.927493 -0.889774 1 7 1.000000
chr009a01
  7 -0.058646 0.396097 0.147698 -0.661895 0.560732 0.497469 0.982634 -0.889350 1 7 1.000000
  7 -0.087112 0.402049 0.107693 -0.414529 0.753598 0.510153 0.926393 -0.834242 1 7 1.000000
  7 -0.079011 0.382490 0.143417 -0.458626 0.728300 0.509158 0.927493 -0.889774 1 7 1.000000
chr009a01
  7 -0.073616 0.411067 0.111109 -0.656153 0.560593 0.505172 0.981820 -0.833821 1 7 1.000000
  7 -0.087112 0.402049 0.107693 -0.414529 0.753598 0.510153 0.926393 -0.834242 1 7 1.000000
  7 -0.058646 0.396097 0.147698 -0.661895 0.560732 0.497469 0.982634 -0.889350 1 7 1.000000
chr009a01
  7 -0.103032 0.503252 0.120941 -0.203731 -0.624345 0.754114 0.982634 -0.889350 1 7 1.000000
  7 -0.087112 0.478915 0.107693 -0.408345 -0.562624 0.718825 0.926393 -0.834242 1 7 1.000000
  7 -0.079011 0.498474 0.127872 -0.467482 -0.548139 0.693545 0.927493 -0.889774 1 7 1.000000
chr009a01
  7 -0.103032 0.482081 0.103677 -0.173729 -0.622373 0.763197 0.981820 -0.833821 1 7 1.000000
  7 -0.087112 0.478915 0.107693 -0.408345 -0.562624 0.718825 0.926393 -0.834242 1 7 1.000000
  7 -0.103032 0.503252 0.120941 -0.203731 -0.624345 0.754114 0.982634 -0.889350 1 7 1.000000
chr009a01
  7 -0.118951 0.478915 0.099850 0.051720 -0.596159 0.801199 0.981820 -0.833821 1 7 1.000000
  7 -0.103032 0.503252 0.120941 -0.203731 -0.624345 0.754114 0.927493 -0.889774 1 7 1.000000
  7 -0.127053 0.498474 0.115478 0.032342 -0.615677 0.787335 0.982634 -0.889350 1 7 1.000000
chr009a01
  7 -0.118951 0.478915 0.099850 0.051720 -0.596159 0.801199 0.981820 -0.833821 1 7 1.000000
  7 -0.103032 0.482081 0.103677 -0.173729 -0.622373 0.763197 0.926393 -0.834242 1 7 1.000000
  7 -0.103032 0.503252 0.120941 -0.203731 -0.624345 0.754114 0.927493 -0.889774 1 7 1.000000
chr009a01
  7 -0.045040 0.416461 0.149274 -0.801569 0.323391 0.502896 0.982634 -0.889350 1 7 1.000000
  7 -0.073616 0.411067 0.111109 -0.656153 0.560593 0.505172 0.926393 -0.834242 1 7 1.000000
  7 -0.058646 0.396097 0.147698 -0.661895 0.560732 0.497469 0.927493 -0.889774 1 7 1.000000
chr009a01
  7 -0.064599 0.424562 0.113326 -0.803134 0.298123 0.515847 0.981820 -0.833821 1 7 1.000000
  7 -0.073616 0.411067 0.111109 -0.656153 0.560593 0.505172 0.926393 -0.834242 1 7 1.000000
  7 -0.045040 0.416461 0.149274 -0.801569 0.323391 0.502896 0.982634 -0.889350 1 7 1.000000
chr009a01
  7 -0.103032 0.398883 0.103677 -0.134902 0.820011 0.556223 0.981820 -0.833821 1 7 1.000000
  7 -0.127053 0.382490 0.127065 0.113008 0.797403 0.592772 0.927493 -0.889774 1 7 1.000000
  7 -0.103032 0.377712 0.135241 -0.210261 0.811928 0.544577 0.982634 -0.889350 1 7 1.000000
chr009a01
  7 -0.103032 0.398883 0.103677 -0.134902 0.820011 0.556223 0.981820 -0.833821 1 7 1.000000
  7 -0.118951 0.402049 0.099850 0.176458 0.765578 0.618670 0.926393 -0.834242 1 7 1.000000
  7 -0.127053 0.382490 0.127065 0.113008 0.797403 0.592772 0.927493 -0.889774 1 7 1.000000
chr009a01
  7 -0.147417 0.484867 0.108882 0.240082 -0.482907 0.842117 0.982634 -0.889350 1 7 1.000000
  7 -0.118951 0.478915 0.099850 0.051720 -0.596159 0.801199 0.926393 -0.834242 1 7 1.000000
  7 -0.127053 0.498474 0.115478 0.032342 -0.615677 0.787335 0.927493 -0.889774 1 7 1.000000
chr009a01
  7 -0.132447 0.469897 0.096598 0.243270 -0.458203 0.854909 0.981820 -0.833821 1 7 1.000000
  7 -0.118951 0.478915 0.099850 0.051720 -0.596159 0.801199 0.926393 -0.834242 1 7 1.000000
  7 -0.147417 0.484867 0.108882 0.240082 -0.482907 0.842117 0.982634 -0.889350 1 7 1.000000
chr009a01
  7 -0.141464 0.456401 0.093890 0.416018 -0.257115 0.872251 0.981820 -0.833821 1 7 1.000000
  7 -0.147417 0.484867 0.108882 0.240082 -0.482907 0.842117 0.927493 -0.889774 1 7 1.000000
  7 -0.161024 0.464503 0.105859 0.469488 -0.220054 0.855077 0.982634 -0.889350 1 7 1.000000
chr009a01
  7 -0.141464 0.456401 0.093890 0.416018 -0.257115 0.872251 0.981820 -0.833821 1 7 1.000000
  7 -0.132447 0.469897 0.096598 0.243270 -0.458203 0.854909 0.926393 -0.834242 1 7 1.000000
  7 -0.147417 0.484867 0.108882 0.240082 -0.482907 0.842117 0.927493 -0.889774 1 7 1.000000
chr009a01
  7 -0.040262 0.440482 0.148060 -0.851016 0.056655 0.522075 0.982634 -0.889350 1 7 1.000000
  7 -0.064599 0.424562 0.113326 -0.803134 0.298123 0.515847 0.926393 -0.834242 1 7 1.000000
  7 -0.045040 0.416461 0.149274 -0.801569 0.323391 0.502896 0.927493 -0.889774 1 7 1.000000
chr009a01
  7 -0.061432 0.440482 0.114213 -0.841742 0.011424 0.539759 0.981820 -0.833821 1 7 1.000000
  7 -0.064599 0.424562 0.113326 -0.803134 0.298123 0.515847 0.926393 -0.834242 1 7 1.000000
  7 -0.040262 0.440482 0.148060 -0.851016 0.056655 0.522075 0.982634 -0.889350 1 7 1.000000
chr009a01
  7 -0.144631 0.440482 0.093111 0.568634 0.039514 0.821641 0.981820 -0.833821 1 7 1.000000
  7 -0.161024 0.464503 0.105859 0.469488 -0.220054 0.855077 0.927493 -0.889774 1 7 1.000000
  7 -0.165802 0.440482 0.108882 0.613480 0.120279 0.780497 0.982634 -0.889350 1 7 1.000000
chr009a01
  7 -0.144631 0.440482 0.093111 0.568634 0.039514 0.821641 0.981820 -0.833821 1 7 1.000000
  7 -0.141464 0.456401 0.093890 0.416018 -0.257115 0.872251 0.926393 -0.834242 1 7 1.000000
  7 -0.161024 0.464503 0.105859 0.469488 -0.220054 0.855077 0.927493 -0.889774 1 7 1.000000
chr009a01
  7 -0.045040 0.464503 0.144224 -0.814942 -0.179970 0.550891 0.982634 -0.889350 1 7 1.000000
  7 -0.061432 0.440482 0.114213 -0.841742 0.011424 0.539759 0.926393 -0.834242 1 7 1.000000
  7 -0.040262 0.440482 0.148060 -0.851016 0.056655 0.522075 0.927493 -0.889774 1 7 1.000000
chr009a01
  7 -0.064599 0.456401 0.113326 -0.775477 -0.238121 0.584751 0.981820 -0.833821 1 7 1.000000
  7 -0.061432 0.440482 0.114213 -0.841742 0.011424 0.539759 0.926393 -0.834242 1 7 1.000000
  7 -0.045040 0.464503 0.144224 -0.814942 -0.179970 0.550891 0.982634 -0.889350 1 7 1.000000
chr009a01
  7 -0.079011 0.382490 0.143417 -0.458626 0.728300 0.509158 0.982634 -0.889350 1 7 1.000000
  7 -0.103032 0.398883 0.103677 -0.134902 0.820011 0.556223 0.926393 -0.834242 1 7 1.000000
  7 -0.103032 0.377712 0.135241 -0.210261 0.811928 0.544577 0.927493 -0.889774 1 7 1.000000
chr009a01
  7 -0.087112 0.402049 0.107693 -0.414529 0.753598 0.510153 0.981820 -0.833821 1 7 1.000000
  7 -0.103032 0.398883 0.103677 -0.134902 0.820011 0.556223 0.926393 -0.834242 1 7 1.000000
  7 -0.079011 0.382490 0.143417 -0.458626 0.728300 0.509158 0.982634 -0.889350 1 7 1.000000
chr009a01
  7 -0.118951 0.402049 0.099850 0.176458 0.765578 0.618670 0.981820 -0.833821 1 7 1.000000
  7 -0.147417 0.396097 0.120134 0.389869 0.653074 0.649227 0.927493 -0.889774 1 7 1.000000
  7 -0.127053 0.382490 0.127065 0.113008 0.797403 0.592772 0.982634 -0.889350 1 7 1.000000
chr009a01
  7 -0.118951 0.402049 0.099850 0.176458 0.765578 0.618670 0.981820 -0.833821 1 7 1.000000
  7 -0.132447 0.411067 0.096598 0.425870 0.603643 0.673981 0.926393 -0.834242 1 7 1.000000
  7 -0.147417 0.396097 0.120134 0.389869 0.653074 0.649227 0.927493 -0.889774 1 7 1.000000
chr009a01
  7 -0.058646 0.484867 0.136048 -0.688239 -0.386547 0.613929 0.982634 -0.889350 1 7 1.000000
  7 -0.064599 0.456401 0.113326 -0.775477 -0.238121 0.584751 0.926393 -0.834242 1 7 1.000000
  7 -0.045040 0.464503 0.144224 -0.814942 -0.179970 0.550891 0.927493 -0.889774 1 7 1.000000
chr009a01
  7 -0.073616 0.469897 0.111109 -0.615299 -0.435789 0.656883 0.981820 -0.833821 1 7 1.000000
  7 -0.064599 0.456401 0.113326 -0.775477 -0.238121 0.584751 0.926393 -0.834242 1 7 1.000000
  7 -0.058646 0.484867 0.136048 -0.688239 -0.386547 0.613929 0.982634 -0.889350 1 7 1.000000
chr009a01
  7 -0.141464 0.424562 0.093890 0.572841 0.348739 0.741778 0.981820 -0.833821 1 7 1.000000
  7 -0.165802 0.440482 0.108882 0.613480 0.120279 0.780497 0.927493 -0.889774 1 7 1.000000
  7 -0.161024 0.416461 0.113977 0.569900 0.419425 0.706609 0.982634 -0.889350 1 7 1.000000
chr009a01
  7 -0.141464 0.424562 0.093890 0.572841 0.348739 0.741778 0.981820 -0.833821 1 7 1.000000
  7 -0.144631 0.440482 0.093111 0.568634 0.039514 0.821641 0.926393 -0.834242 1 7 1.000000
  7 -0.165802 0.440482 0.108882 0.613480 0.120279 0.780497 0.927493 -0.889774 1 7 1.000000
chr009a01
  7 0.073616 0.411067 0.111650 0.686750 0.647595 0.330146 0.931350 -0.879768 1 7 1.000000
  7 0.064599 0.424562 0.113867 0.875170 0.350068 0.333961 0.976855 -0.879768 1 7 1.000000
  7 0.059203 0.411196 0.152134 0.756025 0.501538 0.420577 0.954114 -0.845549 1 7 1.000000
chr009a01
  7 0.064599 0.424562 0.113867 0.875170 0.350068 0.333961 0.976855 -0.879768 1 7 1.000000
  7 0.041730 0.415090 0.154369 0.788319 0.326532 0.521470 0.976855 -0.845549 1 7 1.000000
  7 0.059203 0.411196 0.152134 0.756025 0.501538 0.420577 0.954114 -0.845549 1 7 1.000000
chr009a01
  7 0.056114 0.393564 0.152704 0.674965 0.529742 0.513610 0.931350 -0.845549 1 7 1.000000
  7 0.073616 0.411067 0.111650 0.686750 0.647595 0.330146 0.931350 -0.879768 1 7 1.000000
  7 0.059203 0.411196 0.152134 0.756025 0.501538 0.420577 0.954114 -0.845549 1 7 1.000000
chr009a01
  7 0.041730 0.415090 0.154369 0.788319 0.326532 0.521470 0.931350 -0.845549 1 7 1.000000
  7 0.064599 0.424562 0.113867 0.875170 0.350068 0.333961 0.931350 -0.879768 1 7 1.000000
  7 0.051332 0.430198 0.152134 0.886153 0.172087 0.430254 0.954114 -0.845549 1 7 1.000000
chr009a01
  7 0.064599 0.424562 0.113867 0.875170 0.350068 0.333961 0.931350 -0.879768 1 7 1.000000
  7 0.061432 0.440482 0.114213 0.937249 0.004813 0.348628 0.976855 -0.879768 1 7 1.000000
  7 0.051332 0.430198 0.152134 0.886153 0.172087 0.430254 0.954114 -0.845549 1 7 1.000000
chr009a01
  7 0.061432 0.440482 0.114213 0.937249 0.004813 0.348628 0.976855 -0.879768 1 7 1.000000
  7 0.036680 0.440482 0.153086 0.841424 0.070374 0.535774 0.976855 -0.845549 1 7 1.000000
  7 0.051332 0.430198 0.152134 0.886153 0.172087 0.430254 0.954114 -0.845549 1 7 1.000000
chr009a01
  7 0.036680 0.440482 0.153086 0.841424 0.070374 0.535774 0.931350 -0.845549 1 7 1.000000
  7 0.061432 0.440482 0.114213 0.937249 0.004813 0.348628 0.931350 -0.879768 1 7 1.000000
  7 0.051332 0.450766 0.150356 0.874427 -0.182451 0.449543 0.954114 -0.845549 1 7 1.000000
chr009a01
  7 0.061432 0.440482 0.114213 0.937249 0.004813 0.348628 0.931350 -0.879768 1 7 1.000000
  7 0.064599 0.456401 0.113867 0.866401 -0.320239 0.383140 0.976855 -0.879768 1 7 1.000000
  7 0.051332 0.450766 0.150356 0.874427 -0.182451 0.449543 0.954114 -0.845549 1 7 1.000000
chr009a01
  7 0.064599 0.456401 0.113867 0.866401 -0.320239 0.383140 0.976855 -0.879768 1 7 1.000000
  7 0.041730 0.465874 0.149031 0.827623 -0.069514 0.556963 0.976855 -0.845549 1 7 1.000000
  7 0.051332 0.450766 0.150356 0.874427 -0.182451 0.449543 0.954114 -0.845549 1 7 1.000000
chr009a01
  7 0.103032 0.482081 0.105210 0.102997 -0.830871 0.546850 0.976855 -0.879768 1 7 1.000000
  7 0.103032 0.506834 0.124419 0.203672 -0.600248 0.773447 0.976855 -0.845549 1 7 1.000000
  7 0.092748 0.492182 0.130421 0.183555 -0.758001 0.625894 0.954114 -0.845549 1 7 1.000000
chr009a01
  7 0.087112 0.478915 0.108763 0.403885 -0.759360 0.510146 0.931350 -0.879768 1 7 1.000000
  7 0.103032 0.482081 0.105210 0.102997 -0.830871 0.546850 0.976855 -0.879768 1 7 1.000000
  7 0.092748 0.492182 0.130421 0.183555 -0.758001 0.625894 0.954114 -0.845549 1 7 1.000000
chr009a01
  7 0.077640 0.501783 0.131746 0.493775 -0.506127 0.707123 0.931350 -0.845549 1 7 1.000000
  7 0.087112 0.478915 0.108763 0.403885 -0.759360 0.510146 0.931350 -0.879768 1 7 1.000000
  7 0.092748 0.492182 0.130421 0.183555 -0.758001 0.625894 0.954114 -0.845549 1 7 1.000000
chr009a01
  7 0.103032 0.398883 0.105210 0.069069 0.924421 0.375067 0.976855 -0.879768 1 7 1.000000
  7 0.103032 0.374130 0.139535 0.268868 0.781238 0.563363 0.976855 -0.845549 1 7 1.000000
  7 0.113315 0.388782 0.136035 -0.167908 0.857832 0.485727 0.954114 -0.845549 1 7 1.000000
chr009a01
  7 0.118951 0.402049 0.099850 -0.290018 0.866012 0.407325 0.931350 -0.879768 1 7 1.000000
  7 0.103032 0.398883 0.105210 0.069069 0.924421 0.375067 0.976855 -0.879768 1 7 1.000000
  7 0.113315 0.388782 0.136035 -0.167908 0.857832 0.485727 0.954114 -0.845549 1 7 1.000000
chr009a01
  7 0.128423 0.379181 0.130893 -0.060802 0.794676 0.603981 0.931350 -0.845549 1 7 1.000000
  7 0.118951 0.402049 0.099850 -0.290018 0.866012 0.407325 0.931350 -0.879768 1 7 1.000000
  7 0.113315 0.388782 0.136035 -0.167908 0.857832 0.485727 0.954114 -0.845549 1 7 1.000000
chr009a01
  7 0.041730 0.465874 0.149031 0.827623 -0.069514 0.556963 0.931350 -0.845549 1 7 1.000000
  7 0.064599 0.456401 0.113867 0.866401 -0.320239 0.383140 0.931350 -0.879768 1 7 1.000000
  7 0.059203 0.469767 0.143889 0.725307 -0.472950 0.500248 0.954114 -0.845549 1 7 1.000000
chr009a01
  7 0.064599 0.456401 0.113867 0.866401 -0.320239 0.383140 0.931350 -0.879768 1 7 1.000000
  7 0.073616 0.469897 0.111650 0.675268 -0.587237 0.446280 0.976855 -0.879768 1 7 1.000000
  7 0.059203 0.469767 0.143889 0.725307 -0.472950 0.500248 0.954114 -0.845549 1 7 1.000000
chr009a01
  7 0.073616 0.469897 0.111650 0.675268 -0.587237 0.446280 0.976855 -0.879768 1 7 1.000000
  7 0.056114 0.487400 0.140388 0.711344 -0.317900 0.626841 0.976855 -0.845549 1 7 1.000000
  7 0.059203 0.469767 0.143889 0.725307 -0.472950 0.500248 0.954114 -0.845549 1 7 1.000000
chr009a01
  7 0.132447 0.469897 0.096598 -0.524619 -0.624186 0.578936 0.976855 -0.879768 1 7 1.000000
  7 0.149950 0.487400 0.111672 -0.257343 -0.469847 0.844404 0.976855 -0.845549 1 7 1.000000
  7 0.132317 0.484311 0.121720 -0.416808 -0.630180 0.655091 0.954114 -0.845549 1 7 1.000000
chr009a01
  7 0.118951 0.478915 0.099850 -0.240016 -0.796485 0.554981 0.931350 -0.879768 1 7 1.000000
  7 0.132447 0.469897 0.096598 -0.524619 -0.624186 0.578936 0.976855 -0.879768 1 7 1.000000
  7 0.132317 0.484311 0.121720 -0.416808 -0.630180 0.655091 0.954114 -0.845549 1 7 1.000000
chr009a01
  7 0.128423 0.501783 0.118644 -0.089330 -0.610040 0.787319 0.931350 -0.845549 1 7 1.000000
  7 0.118951 0.478915 0.099850 -0.240016 -0.796485 0.554981 0.931350 -0.879768 1 7 1.000000
  7 0.132317 0.484311 0.121720 -0.416808 -0.630180 0.655091 0.954114 -0.845549 1 7 1.000000
chr009a01
  7 0.056114 0.487400 0.140388 0.711344 -0.317900 0.626841 0.931350 -0.845549 1 7 1.000000
  7 0.073616 0.469897 0.111650 0.675268 -0.587237 0.446280 0.931350 -0.879768 1 7 1.000000
  7 0.073746 0.484311 0.136888 0.476094 -0.673309 0.565676 0.954114 -0.845549 1 7 1.000000
chr009a01
  7 0.073616 0.469897 0.111650 0.675268 -0.587237 0.446280 0.931350 -0.879768 1 7 1.000000
  7 0.087112 0.478915 0.108763 0.403885 -0.759360 0.510146 0.976855 -0.879768 1 7 1.000000
  7 0.073746 0.484311 0.136888 0.476094 -0.673309 0.565676 0.954114 -0.845549 1 7 1.000000
chr009a01
  7 0.087112 0.478915 0.108763 0.403885 -0.759360 0.510146 0.976855 -0.879768 1 7 1.000000
  7 0.077640 0.501783 0.131746 0.493775 -0.506127 0.707123 0.976855 -0.845549 1 7 1.000000
  7 0.073746 0.484311 0.136888 0.476094 -0.673309 0.565676 0.954114 -0.845549 1 7 1.000000
chr009a01
  7 0.132447 0.411067 0.096598 -0.597587 0.672180 0.437109 0.976855 -0.879768 1 7 1.000000
  7 0.149950 0.393564 0.123566 -0.375961 0.646645 0.663704 0.976855 -0.845549 1 7 1.000000
  7 0.146860 0.411196 0.124617 -0.699397 0.453456 0.552469 0.954114 -0.845549 1 7 1.000000
chr009a01
  7 0.141464 0.424562 0.093890 -0.803218 0.367007 0.469197 0.931350 -0.879768 1 7 1.000000
  7 0.132447 0.411067 0.096598 -0.597587 0.672180 0.437109 0.976855 -0.879768 1 7 1.000000
  7 0.146860 0.411196 0.124617 -0.699397 0.453456 0.552469 0.954114 -0.845549 1 7 1.000000
chr009a01
  7 0.164333 0.415090 0.117058 -0.585942 0.360493 0.725753 0.931350 -0.845549 1 7 1.000000
  7 0.141464 0.424562 0.093890 -0.803218 0.367007 0.469197 0.931350 -0.879768 1 7 1.000000
  7 0.146860 0.411196 0.124617 -0.699397 0.453456 0.552469 0.954114 -0.845549 1 7 1.000000
chr009a01
  7 0.103032 0.506834 0.124419 0.203672 -0.600248 0.773447 0.931350 -0.845549 1 7 1.000000
  7 0.103032 0.482081 0.105210 0.102997 -0.830871 0.546850 0.931350 -0.879768 1 7 1.000000
  7 0.113315 0.492182 0.125471 -0.110821 -0.752557 0.649135 0.954114 -0.845549 1 7 1.000000
chr009a01
  7 0.103032 0.482081 0.105210 0.102997 -0.830871 0.546850 0.931350 -0.879768 1 7 1.000000
  7 0.118951 0.478915 0.099850 -0.240016 -0.796485 0.554981 0.976855 -0.879768 1 7 1.000000
  7 0.113315 0.492182 0.125471 -0.110821 -0.752557 0.649135 0.954114 -0.845549 1 7 1.000000
chr009a01
  7 0.118951 0.478915 0.099850 -0.240016 -0.796485 0.554981 0.976855 -0.879768 1 7 1.000000
  7 0.128423 0.501783 0.118644 -0.089330 -0.610040 0.787319 0.976855 -0.845549 1 7 1.000000
  7 0.113315 0.492182 0.125471 -0.110821 -0.752557 0.649135 0.954114 -0.845549 1 7 1.000000
chr009a01
  7 0.087112 0.402049 0.108763 0.401292 0.848362 0.345320 0.976855 -0.879768 1 7 1.000000
  7 0.077640 0.379181 0.148177 0.542271 0.663595 0.515348 0.976855 -0.845549 1 7 1.000000
  7 0.092748 0.388782 0.143035 0.171611 0.875986 0.450775 0.954114 -0.845549 1 7 1.000000
chr009a01
  7 0.103032 0.398883 0.105210 0.069069 0.924421 0.375067 0.931350 -0.879768 1 7 1.000000
  7 0.087112 0.402049 0.108763 0.401292 0.848362 0.345320 0.976855 -0.879768 1 7 1.000000
  7 0.092748 0.388782 0.143035 0.171611 0.875986 0.450775 0.954114 -0.845549 1 7 1.000000
chr009a01
  7 0.103032 0.374130 0.139535 0.268868 0.781238 0.563363 0.931350 -0.845549 1 7 1.000000
  7 0.103032 0.398883 0.105210 0.069069 0.924421 0.375067 0.931350 -0.879768 1 7 1.000000
  7 0.092748 0.388782 0.143035 0.171611 0.875986 0.450775 0.954114 -0.845549 1 7 1.000000
chr009a01
  7 0.118951 0.402049 0.099850 -0.290018 0.866012 0.407325 0.976855 -0.879768 1 7 1.000000
  7 0.128423 0.379181 0.130893 -0.060802 0.794676 0.603981 0.976855 -0.845549 1 7 1.000000
  7 0.132317 0.396653 0.129567 -0.481301 0.708014 0.516784 0.954114 -0.845549 1 7 1.000000
chr009a01
  7 0.132447 0.411067 0.096598 -0.597587 0.672180 0.437109 0.931350 -0.879768 1 7 1.000000
  7 0.118951 0.402049 0.099850 -0.290018 0.866012 0.407325 0.976855 -0.879768 1 7 1.000000
  7 0.132317 0.396653 0.129567 -0.481301 0.708014 0.516784 0.954114 -0.845549 1 7 1.000000
chr009a01
  7 0.149950 0.393564 0.123566 -0.375961 0.646645 0.663704 0.931350 -0.845549 1 7 1.000000
  7 0.132447 0.411067 0.096598 -0.597587 0.672180 0.437109 0.931350 -0.879768 1 7 1.000000
  7 0.132317 0.396653 0.129567 -0.481301 0.708014 0.516784 0.954114 -0.845549 1 7 1.000000
chr009a01
  7 0.149950 0.487400 0.111672 -0.257343 -0.469847 0.844404 0.931350 -0.845549 1 7 1.000000
  7 0.132447 0.469897 0.096598 -0.524619 -0.624186 0.578936 0.931350 -0.879768 1 7 1.000000
  7 0.146860 0.469767 0.117746 -0.603480 -0.413932 0.681522 0.954114 -0.845549 1 7 1.000000
chr009a01
  7 0.132447 0.469897 0.096598 -0.524619 -0.624186 0.578936 0.931350 -0.879768 1 7 1.000000
  7 0.141464 0.456401 0.093890 -0.743055 -0.334471 0.579654 0.976855 -0.879768 1 7 1.000000
  7 0.146860 0.469767 0.117746 -0.603480 -0.413932 0.681522 0.954114 -0.845549 1 7 1.000000
chr009a01
  7 0.141464 0.456401 0.093890 -0.743055 -0.334471 0.579654 0.976855 -0.879768 1 7 1.000000
  7 0.164333 0.465874 0.108476 -0.469043 -0.194284 0.861541 0.976855 -0.845549 1 7 1.000000
  7 0.146860 0.469767 0.117746 -0.603480 -0.413932 0.681522 0.954114 -0.845549 1 7 1.000000
chr009a01
  7 0.073616 0.411067 0.111650 0.686750 0.647595 0.330146 0.976855 -0.879768 1 7 1.000000
  7 0.056114 0.393564 0.152704 0.674965 0.529742 0.513610 0.976855 -0.845549 1 7 1.000000
  7 0.073746 0.396653 0.149503 0.500080 0.755665 0.422954 0.954114 -0.845549 1 7 1.000000
chr009a01
  7 0.087112 0.402049 0.108763 0.401292 0.848362 0.345320 0.931350 -0.879768 1 7 1.000000
  7 0.073616 0.411067 0.111650 0.686750 0.647595 0.330146 0.976855 -0.879768 1 7 1.000000
  7 0.073746 0.396653 0.149503 0.500080 0.755665 0.422954 0.954114 -0.845549 1 7 1.000000
chr009a01
  7 0.077640 0.379181 0.148177 0.542271 0.663595 0.515348 0.931350 -0.845549 1 7 1.000000
  7 0.087112 0.402049 0.108763 0.401292 0.848362 0.345320 0.931350 -0.879768 1 7 1.000000
  7 0.073746 0.396653 0.149503 0.500080 0.755665 0.422954 0.954114 -0.845549 1 7 1.000000
chr009a01
  7 0.164333 0.465874 0.108476 -0.469043 -0.194284 0.861541 0.931350 -0.845549 1 7 1.000000
  7 0.141464 0.456401 0.093890 -0.743055 -0.334471 0.579654 0.931350 -0.879768 1 7 1.000000
  7 0.154731 0.450766 0.117746 -0.741932 -0.165282 0.649784 0.954114 -0.845549 1 7 1.000000
chr009a01
  7 0.141464 0.456401 0.093890 -0.743055 -0.334471 0.579654 0.931350 -0.879768 1 7 1.000000
  7 0.144631 0.440482 0.093111 -0.853724 0.019854 0.520347 0.976855 -0.879768 1 7 1.000000
  7 0.154731 0.450766 0.117746 -0.741932 -0.165282 0.649784 0.954114 -0.845549 1 7 1.000000
chr009a01
  7 0.144631 0.440482 0.093111 -0.853724 0.019854 0.520347 0.976855 -0.879768 1 7 1.000000
  7 0.169384 0.440482 0.111672 -0.593553 0.145316 0.791567 0.976855 -0.845549 1 7 1.000000
  7 0.154731 0.450766 0.117746 -0.741932 -0.165282 0.649784 0.954114 -0.845549 1 7 1.000000
chr009a01
  7 0.169384 0.440482 0.111672 -0.593553 0.145316 0.791567 0.931350 -0.845549 1 7 1.000000
  7 0.144631 0.440482 0.093111 -0.853724 0.019854 0.520347 0.931350 -0.879768 1 7 1.000000
  7 0.154731 0.430198 0.121720 -0.799796 0.133130 0.585324 0.954114 -0.845549 1 7 1.000000
chr009a01
  7 0.144631 0.440482 0.093111 -0.853724 0.019854 0.520347 0.931350 -0.879768 1 7 1.000000
  7 0.141464 0.424562 0.093890 -0.803218 0.367007 0.469197 0.976855 -0.879768 1 7 1.000000
  7 0.154731 0.430198 0.121720 -0.799796 0.133130 0.585324 0.954114 -0.845549 1 7 1.000000
chr009a01
  7 0.141464 0.424562 0.093890 -0.803218 0.367007 0.469197 0.976855 -0.879768 1 7 1.000000
  7 0.164333 0.415090 0.117058 -0.585942 0.360493 0.725753 0.976855 -0.845549 1 7 1.000000
  7 0.154731 0.430198 0.121720 -0.799796 0.133130 0.585324 0.954114 -0.845549 1 7 1.000000
chr009a01
  7 0.128423 0.379181 0.130893 -0.559469 0.755918 -0.339974 0.971347 -0.701402 1 7 1.000000
  7 0.126115 0.384753 0.146299 -0.264141 0.901328 -0.343275 0.971347 -0.745241 1 7 1.000000
  7 0.129655 0.400637 0.145241 -0.719028 0.628932 -0.295708 0.949501 -0.745241 1 7 1.000000
chr009a01
  7 0.132317 0.396653 0.129567 -0.513978 0.799890 -0.309844 0.949501 -0.701402 1 7 1.000000
  7 0.128423 0.379181 0.130893 -0.559469 0.755918 -0.339974 0.971347 -0.701402 1 7 1.000000
  7 0.129655 0.400637 0.145241 -0.719028 0.628932 -0.295708 0.949501 -0.745241 1 7 1.000000
chr009a01
  7 0.132317 0.396653 0.129567 -0.513978 0.799890 -0.309844 0.949501 -0.701402 1 7 1.000000
  7 0.129655 0.400637 0.145241 -0.719028 0.628932 -0.295708 0.949501 -0.745241 1 7 1.000000
  7 0.145684 0.397829 0.136794 -0.600878 0.694701 -0.395393 0.927651 -0.745241 1 7 1.000000
chr009a01
  7 0.149950 0.393564 0.123566 -0.767329 0.505771 -0.394212 0.927651 -0.701402 1 7 1.000000
  7 0.132317 0.396653 0.129567 -0.513978 0.799890 -0.309844 0.949501 -0.701402 1 7 1.000000
  7 0.145684 0.397829 0.136794 -0.600878 0.694701 -0.395393 0.927651 -0.745241 1 7 1.000000
chr009a01
  7 0.041730 0.415090 0.154369 0.871522 0.361632 -0.331166 0.971347 -0.701402 1 7 1.000000
  7 0.047303 0.417398 0.172271 0.873865 0.355942 -0.331157 0.971347 -0.745241 1 7 1.000000
  7 0.063187 0.413859 0.168754 0.772062 0.576513 -0.267493 0.949501 -0.745241 1 7 1.000000
chr009a01
  7 0.059203 0.411196 0.152134 0.809275 0.522753 -0.267963 0.949501 -0.701402 1 7 1.000000
  7 0.041730 0.415090 0.154369 0.871522 0.361632 -0.331166 0.971347 -0.701402 1 7 1.000000
  7 0.063187 0.413859 0.168754 0.772062 0.576513 -0.267493 0.949501 -0.745241 1 7 1.000000
chr009a01
  7 0.059203 0.411196 0.152134 0.809275 0.522753 -0.267963 0.949501 -0.701402 1 7 1.000000
  7 0.063187 0.413859 0.168754 0.772062 0.576513 -0.267493 0.949501 -0.745241 1 7 1.000000
  7 0.056114 0.393564 0.152704 0.599674 0.725317 -0.338093 0.927651 -0.701402 1 7 1.000000
chr009a01
  7 0.063187 0.413859 0.168754 0.772062 0.576513 -0.267493 0.949501 -0.745241 1 7 1.000000
  7 0.060379 0.397829 0.170135 0.711013 0.616518 -0.338180 0.927651 -0.745241 1 7 1.000000
  7 0.056114 0.393564 0.152704 0.599674 0.725317 -0.338093 0.927651 -0.701402 1 7 1.000000
chr009a01
  7 0.149950 0.393564 0.123566 -0.767329 0.505771 -0.394212 0.971347 -0.701402 1 7 1.000000
  7 0.145684 0.397829 0.136794 -0.600878 0.694701 -0.395393 0.971347 -0.745241 1 7 1.000000
  7 0.142876 0.413859 0.137273 -0.882437 0.311395 -0.352615 0.949501 -0.745241 1 7 1.000000
chr009a01
  7 0.146860 0.411196 0.124617 -0.783745 0.500835 -0.367299 0.949501 -0.701402 1 7 1.000000
  7 0.149950 0.393564 0.123566 -0.767329 0.505771 -0.394212 0.971347 -0.701402 1 7 1.000000
  7 0.142876 0.413859 0.137273 -0.882437 0.311395 -0.352615 0.949501 -0.745241 1 7 1.000000
chr009a01
  7 0.077640 0.379181 0.148177 0.159551 0.925411 -0.343740 0.971347 -0.701402 1 7 1.000000
  7 0.079948 0.384753 0.163905 0.431464 0.831074 -0.350933 0.971347 -0.745241 1 7 1.000000
  7 0.093683 0.393482 0.160223 0.007706 0.963222 -0.268597 0.949501 -0.745241 1 7 1.000000
chr009a01
  7 0.092748 0.388782 0.143035 0.264686 0.925413 -0.271203 0.949501 -0.701402 1 7 1.000000
  7 0.077640 0.379181 0.148177 0.159551 0.925411 -0.343740 0.971347 -0.701402 1 7 1.000000
  7 0.093683 0.393482 0.160223 0.007706 0.963222 -0.268597 0.949501 -0.745241 1 7 1.000000
chr009a01
  7 0.092748 0.388782 0.143035 0.264686 0.925413 -0.271203 0.949501 -0.701402 1 7 1.000000
  7 0.093683 0.393482 0.160223 0.007706 0.963222 -0.268597 0.949501 -0.745241 1 7 1.000000
  7 0.103032 0.374130 0.139535 -0.229008 0.920725 -0.315943 0.927651 -0.701402 1 7 1.000000
chr009a01
  7 0.093683 0.393482 0.160223 0.007706 0.963222 -0.268597 0.949501 -0.745241 1 7 1.000000
  7 0.103032 0.380162 0.156974 0.089180 0.941962 -0.323658 0.927651 -0.745241 1 7 1.000000
  7 0.103032 0.374130 0.139535 -0.229008 0.920725 -0.315943 0.927651 -0.701402 1 7 1.000000
chr009a01
  7 0.112380 0.487482 0.138101 -0.401363 -0.844005 -0.355757 0.949501 -0.745241 1 7 1.000000
  7 0.103032 0.500802 0.137729 0.067580 -0.916306 -0.394737 0.927651 -0.745241 1 7 1.000000
  7 0.103032 0.506834 0.124419 -0.184994 -0.900479 -0.393593 0.927651 -0.701402 1 7 1.000000
chr009a01
  7 0.113315 0.492182 0.125471 -0.203390 -0.905944 -0.371347 0.949501 -0.701402 1 7 1.000000
  7 0.112380 0.487482 0.138101 -0.401363 -0.844005 -0.355757 0.949501 -0.745241 1 7 1.000000
  7 0.103032 0.506834 0.124419 -0.184994 -0.900479 -0.393593 0.927651 -0.701402 1 7 1.000000
chr009a01
  7 0.056032 0.449831 0.165850 0.903735 -0.322647 -0.281357 0.949501 -0.745241 1 7 1.000000
  7 0.042712 0.440482 0.170648 0.938976 0.065291 -0.337728 0.927651 -0.745241 1 7 1.000000
  7 0.036680 0.440482 0.153086 0.938919 -0.062416 -0.338432 0.927651 -0.701402 1 7 1.000000
chr009a01
  7 0.051332 0.450766 0.150356 0.945014 -0.159115 -0.285713 0.949501 -0.701402 1 7 1.000000
  7 0.056032 0.449831 0.165850 0.903735 -0.322647 -0.281357 0.949501 -0.745241 1 7 1.000000
  7 0.036680 0.440482 0.153086 0.938919 -0.062416 -0.338432 0.927651 -0.701402 1 7 1.000000
chr009a01
  7 0.051332 0.450766 0.150356 0.945014 -0.159115 -0.285713 0.949501 -0.701402 1 7 1.000000
  7 0.041730 0.465874 0.149031 0.766909 -0.540856 -0.345435 0.971347 -0.701402 1 7 1.000000
  7 0.056032 0.449831 0.165850 0.903735 -0.322647 -0.281357 0.949501 -0.745241 1 7 1.000000
chr009a01
  7 0.041730 0.465874 0.149031 0.766909 -0.540856 -0.345435 0.971347 -0.701402 1 7 1.000000
  7 0.047303 0.463565 0.164784 0.889840 -0.288847 -0.353202 0.971347 -0.745241 1 7 1.000000
  7 0.056032 0.449831 0.165850 0.903735 -0.322647 -0.281357 0.949501 -0.745241 1 7 1.000000
chr009a01
  7 0.056114 0.487400 0.140388 0.491209 -0.812655 -0.313536 0.971347 -0.701402 1 7 1.000000
  7 0.060379 0.483135 0.157853 0.722637 -0.611722 -0.321857 0.971347 -0.745241 1 7 1.000000
  7 0.063187 0.467105 0.161072 0.686697 -0.675565 -0.268441 0.949501 -0.745241 1 7 1.000000
chr009a01
  7 0.059203 0.469767 0.143889 0.841610 -0.467154 -0.271036 0.949501 -0.701402 1 7 1.000000
  7 0.056114 0.487400 0.140388 0.491209 -0.812655 -0.313536 0.971347 -0.701402 1 7 1.000000
  7 0.063187 0.467105 0.161072 0.686697 -0.675565 -0.268441 0.949501 -0.745241 1 7 1.000000
chr009a01
  7 0.059203 0.469767 0.143889 0.841610 -0.467154 -0.271036 0.949501 -0.701402 1 7 1.000000
  7 0.063187 0.467105 0.161072 0.686697 -0.675565 -0.268441 0.949501 -0.745241 1 7 1.000000
  7 0.041730 0.465874 0.149031 0.766909 -0.540856 -0.345435 0.927651 -0.701402 1 7 1.000000
chr009a01
  7 0.063187 0.467105 0.161072 0.686697 -0.675565 -0.268441 0.949501 -0.745241 1 7 1.000000
  7 0.047303 0.463565 0.164784 0.889840 -0.288847 -0.353202 0.927651 -0.745241 1 7 1.000000
  7 0.041730 0.465874 0.149031 0.766909 -0.540856 -0.345435 0.927651 -0.701402 1 7 1.000000
chr009a01
  7 0.103032 0.500802 0.137729 0.067580 -0.916306 -0.394737 0.971347 -0.745241 1 7 1.000000
  7 0.093683 0.487482 0.146069 -0.076568 -0.953757 -0.290661 0.949501 -0.745241 1 7 1.000000
  7 0.092748 0.492182 0.130421 0.200897 -0.930314 -0.306848 0.949501 -0.701402 1 7 1.000000
chr009a01
  7 0.103032 0.506834 0.124419 -0.184994 -0.900479 -0.393593 0.971347 -0.701402 1 7 1.000000
  7 0.103032 0.500802 0.137729 0.067580 -0.916306 -0.394737 0.971347 -0.745241 1 7 1.000000
  7 0.092748 0.492182 0.130421 0.200897 -0.930314 -0.306848 0.949501 -0.701402 1 7 1.000000
chr009a01
  7 0.092748 0.492182 0.130421 0.200897 -0.930314 -0.306848 0.949501 -0.701402 1 7 1.000000
  7 0.093683 0.487482 0.146069 -0.076568 -0.953757 -0.290661 0.949501 -0.745241 1 7 1.000000
  7 0.077640 0.501783 0.131746 0.139755 -0.933000 -0.331631 0.927651 -0.701402 1 7 1.000000
chr009a01
  7 0.093683 0.487482 0.146069 -0.076568 -0.953757 -0.290661 0.949501 -0.745241 1 7 1.000000
  7 0.079948 0.496210 0.147898 0.466452 -0.819268 -0.333499 0.927651 -0.745241 1 7 1.000000
  7 0.077640 0.501783 0.131746 0.139755 -0.933000 -0.331631 0.927651 -0.701402 1 7 1.000000
chr009a01
  7 0.129655 0.480326 0.133080 -0.661092 -0.635599 -0.398713 0.949501 -0.745241 1 7 1.000000
  7 0.126115 0.496210 0.129394 -0.329869 -0.824786 -0.459255 0.927651 -0.745241 1 7 1.000000
  7 0.128423 0.501783 0.118644 -0.467307 -0.757046 -0.456624 0.927651 -0.701402 1 7 1.000000
chr009a01
  7 0.132317 0.484311 0.121720 -0.537328 -0.738373 -0.407534 0.949501 -0.701402 1 7 1.000000
  7 0.129655 0.480326 0.133080 -0.661092 -0.635599 -0.398713 0.949501 -0.745241 1 7 1.000000
  7 0.128423 0.501783 0.118644 -0.467307 -0.757046 -0.456624 0.927651 -0.701402 1 7 1.000000
chr009a01
  7 0.145684 0.483135 0.122503 -0.645310 -0.609765 -0.460176 0.971347 -0.745241 1 7 1.000000
  7 0.129655 0.480326 0.133080 -0.661092 -0.635599 -0.398713 0.949501 -0.745241 1 7 1.000000
  7 0.132317 0.484311 0.121720 -0.537328 -0.738373 -0.407534 0.949501 -0.701402 1 7 1.000000
chr009a01
  7 0.149950 0.487400 0.111672 -0.723633 -0.518752 -0.455249 0.971347 -0.701402 1 7 1.000000
  7 0.145684 0.483135 0.122503 -0.645310 -0.609765 -0.460176 0.971347 -0.745241 1 7 1.000000
  7 0.132317 0.484311 0.121720 -0.537328 -0.738373 -0.407534 0.949501 -0.701402 1 7 1.000000
chr009a01
  7 0.154731 0.430198 0.121720 -0.897011 0.123110 -0.424517 0.949501 -0.701402 1 7 1.000000
  7 0.150031 0.431133 0.132252 -0.910231 -0.013067 -0.413895 0.949501 -0.745241 1 7 1.000000
  7 0.163352 0.440482 0.121737 -0.876756 -0.038826 -0.479366 0.927651 -0.745241 1 7 1.000000
chr009a01
  7 0.169384 0.440482 0.111672 -0.868548 -0.146814 -0.473361 0.927651 -0.701402 1 7 1.000000
  7 0.154731 0.430198 0.121720 -0.897011 0.123110 -0.424517 0.949501 -0.701402 1 7 1.000000
  7 0.163352 0.440482 0.121737 -0.876756 -0.038826 -0.479366 0.927651 -0.745241 1 7 1.000000
chr009a01
  7 0.154731 0.430198 0.121720 -0.897011 0.123110 -0.424517 0.949501 -0.701402 1 7 1.000000
  7 0.164333 0.415090 0.117058 -0.858219 0.236761 -0.455417 0.971347 -0.701402 1 7 1.000000
  7 0.150031 0.431133 0.132252 -0.910231 -0.013067 -0.413895 0.949501 -0.745241 1 7 1.000000
chr009a01
  7 0.164333 0.415090 0.117058 -0.858219 0.236761 -0.455417 0.971347 -0.701402 1 7 1.000000
  7 0.158760 0.417398 0.128382 -0.815104 0.357860 -0.455568 0.971347 -0.745241 1 7 1.000000
  7 0.150031 0.431133 0.132252 -0.910231 -0.013067 -0.413895 0.949501 -0.745241 1 7 1.000000
chr009a01
  7 0.077640 0.501783 0.131746 0.139755 -0.933000 -0.331631 0.971347 -0.701402 1 7 1.000000
  7 0.079948 0.496210 0.147898 0.466452 -0.819268 -0.333499 0.971347 -0.745241 1 7 1.000000
  7 0.076408 0.480326 0.155601 0.310135 -0.916644 -0.252152 0.949501 -0.745241 1 7 1.000000
chr009a01
  7 0.073746 0.484311 0.136888 0.581895 -0.769625 -0.262821 0.949501 -0.701402 1 7 1.000000
  7 0.077640 0.501783 0.131746 0.139755 -0.933000 -0.331631 0.971347 -0.701402 1 7 1.000000
  7 0.076408 0.480326 0.155601 0.310135 -0.916644 -0.252152 0.949501 -0.745241 1 7 1.000000
chr009a01
  7 0.073746 0.484311 0.136888 0.581895 -0.769625 -0.262821 0.949501 -0.701402 1 7 1.000000
  7 0.076408 0.480326 0.155601 0.310135 -0.916644 -0.252152 0.949501 -0.745241 1 7 1.000000
  7 0.056114 0.487400 0.140388 0.491209 -0.812655 -0.313536 0.927651 -0.701402 1 7 1.000000
chr009a01
  7 0.076408 0.480326 0.155601 0.310135 -0.916644 -0.252152 0.949501 -0.745241 1 7 1.000000
  7 0.060379 0.483135 0.157853 0.722637 -0.611722 -0.321857 0.927651 -0.745241 1 7 1.000000
  7 0.056114 0.487400 0.140388 0.491209 -0.812655 -0.313536 0.927651 -0.701402 1 7 1.000000
chr009a01
  7 0.036680 0.440482 0.153086 0.938919 -0.062416 -0.338432 0.971347 -0.701402 1 7 1.000000
  7 0.042712 0.440482 0.170648 0.938976 0.065291 -0.337728 0.971347 -0.745241 1 7 1.000000
  7 0.056032 0.431133 0.168995 0.952337 0.150399 -0.265393 0.949501 -0.745241 1 7 1.000000
chr009a01
  7 0.051332 0.430198 0.152134 0.943152 0.199727 -0.265657 0.949501 -0.701402 1 7 1.000000
  7 0.036680 0.440482 0.153086 0.938919 -0.062416 -0.338432 0.971347 -0.701402 1 7 1.000000
  7 0.056032 0.431133 0.168995 0.952337 0.150399 -0.265393 0.949501 -0.745241 1 7 1.000000
chr009a01
  7 0.051332 0.430198 0.152134 0.943152 0.199727 -0.265657 0.949501 -0.701402 1 7 1.000000
  7 0.056032 0.431133 0.168995 0.952337 0.150399 -0.265393 0.949501 -0.745241 1 7 1.000000
  7 0.041730 0.415090 0.154369 0.871522 0.361632 -0.331166 0.927651 -0.701402 1 7 1.000000
chr009a01
  7 0.056032 0.431133 0.168995 0.952337 0.150399 -0.265393 0.949501 -0.745241 1 7 1.000000
  7 0.047303 0.417398 0.172271 0.873865 0.355942 -0.331157 0.927651 -0.745241 1 7 1.000000
  7 0.041730 0.415090 0.154369 0.871522 0.361632 -0.331166 0.927651 -0.701402 1 7 1.000000
chr009a01
  7 0.163352 0.440482 0.121737 -0.876756 -0.038826 -0.479366 0.971347 -0.745241 1 7 1.000000
  7 0.150031 0.449831 0.129659 -0.871370 -0.267535 -0.411265 0.949501 -0.745241 1 7 1.000000
  7 0.154731 0.450766 0.117746 -0.888025 -0.201541 -0.413271 0.949501 -0.701402 1 7 1.000000
chr009a01
  7 0.169384 0.440482 0.111672 -0.868548 -0.146814 -0.473361 0.971347 -0.701402 1 7 1.000000
  7 0.163352 0.440482 0.121737 -0.876756 -0.038826 -0.479366 0.971347 -0.745241 1 7 1.000000
  7 0.154731 0.450766 0.117746 -0.888025 -0.201541 -0.413271 0.949501 -0.701402 1 7 1.000000
chr009a01
  7 0.146860 0.469767 0.117746 -0.777039 -0.479859 -0.407364 0.949501 -0.701402 1 7 1.000000
  7 0.142876 0.467105 0.129659 -0.818023 -0.409753 -0.403659 0.949501 -0.745241 1 7 1.000000
  7 0.145684 0.483135 0.122503 -0.645310 -0.609765 -0.460176 0.927651 -0.745241 1 7 1.000000
chr009a01
  7 0.149950 0.487400 0.111672 -0.723633 -0.518752 -0.455249 0.927651 -0.701402 1 7 1.000000
  7 0.146860 0.469767 0.117746 -0.777039 -0.479859 -0.407364 0.949501 -0.701402 1 7 1.000000
  7 0.145684 0.483135 0.122503 -0.645310 -0.609765 -0.460176 0.927651 -0.745241 1 7 1.000000
chr009a01
  7 0.154731 0.450766 0.117746 -0.888025 -0.201541 -0.413271 0.949501 -0.701402 1 7 1.000000
  7 0.150031 0.449831 0.129659 -0.871370 -0.267535 -0.411265 0.949501 -0.745241 1 7 1.000000
  7 0.158760 0.463565 0.118470 -0.817244 -0.338508 -0.466395 0.927651 -0.745241 1 7 1.000000
chr009a01
  7 0.164333 0.465874 0.108476 -0.817242 -0.338513 -0.466395 0.927651 -0.701402 1 7 1.000000
  7 0.154731 0.450766 0.117746 -0.888025 -0.201541 -0.413271 0.949501 -0.701402 1 7 1.000000
  7 0.158760 0.463565 0.118470 -0.817244 -0.338508 -0.466395 0.927651 -0.745241 1 7 1.000000
chr009a01
  7 0.103032 0.374130 0.139535 -0.229008 0.920725 -0.315943 0.971347 -0.701402 1 7 1.000000
  7 0.103032 0.380162 0.156974 0.089180 0.941962 -0.323658 0.971347 -0.745241 1 7 1.000000
  7 0.112380 0.393482 0.154225 -0.443164 0.858893 -0.256728 0.949501 -0.745241 1 7 1.000000
chr009a01
  7 0.113315 0.388782 0.136035 -0.137608 0.952965 -0.270041 0.949501 -0.701402 1 7 1.000000
  7 0.103032 0.374130 0.139535 -0.229008 0.920725 -0.315943 0.971347 -0.701402 1 7 1.000000
  7 0.112380 0.393482 0.154225 -0.443164 0.858893 -0.256728 0.949501 -0.745241 1 7 1.000000
chr009a01
  7 0.113315 0.388782 0.136035 -0.137608 0.952965 -0.270041 0.949501 -0.701402 1 7 1.000000
  7 0.112380 0.393482 0.154225 -0.443164 0.858893 -0.256728 0.949501 -0.745241 1 7 1.000000
  7 0.128423 0.379181 0.130893 -0.559469 0.755918 -0.339974 0.927651 -0.701402 1 7 1.000000
chr009a01
  7 0.112380 0.393482 0.154225 -0.443164 0.858893 -0.256728 0.949501 -0.745241 1 7 1.000000
  7 0.126115 0.384753 0.146299 -0.264141 0.901328 -0.343275 0.927651 -0.745241 1 7 1.000000
  7 0.128423 0.379181 0.130893 -0.559469 0.755918 -0.339974 0.927651 -0.701402 1 7 1.000000
chr009a01
  7 0.146860 0.411196 0.124617 -0.783745 0.500835 -0.367299 0.949501 -0.701402 1 7 1.000000
  7 0.142876 0.413859 0.137273 -0.882437 0.311395 -0.352615 0.949501 -0.745241 1 7 1.000000
  7 0.158760 0.417398 0.128382 -0.815104 0.357860 -0.455568 0.927651 -0.745241 1 7 1.000000
chr009a01
  7 0.164333 0.415090 0.117058 -0.858219 0.236761 -0.455417 0.927651 -0.701402 1 7 1.000000
  7 0.146860 0.411196 0.124617 -0.783745 0.500835 -0.367299 0.949501 -0.701402 1 7 1.000000
  7 0.158760 0.417398 0.128382 -0.815104 0.357860 -0.455568 0.927651 -0.745241 1 7 1.000000
chr009a01
  7 0.126115 0.496210 0.129394 -0.329869 -0.824786 -0.459255 0.971347 -0.745241 1 7 1.000000
  7 0.112380 0.487482 0.138101 -0.401363 -0.844005 -0.355757 0.949501 -0.745241 1 7 1.000000
  7 0.113315 0.492182 0.125471 -0.203390 -0.905944 -0.371347 0.949501 -0.701402 1 7 1.000000
chr009a01
  7 0.128423 0.501783 0.118644 -0.467307 -0.757046 -0.456624 0.971347 -0.701402 1 7 1.000000
  7 0.126115 0.496210 0.129394 -0.329869 -0.824786 -0.459255 0.971347 -0.745241 1 7 1.000000
  7 0.113315 0.492182 0.125471 -0.203390 -0.905944 -0.371347 0.949501 -0.701402 1 7 1.000000
chr009a01
  7 0.076408 0.400637 0.165395 0.402309 0.872160 -0.278361 0.949501 -0.745241 1 7 1.000000
  7 0.079948 0.384753 0.163905 0.431464 0.831074 -0.350933 0.927651 -0.745241 1 7 1.000000
  7 0.077640 0.379181 0.148177 0.159551 0.925411 -0.343740 0.927651 -0.701402 1 7 1.000000
chr009a01
  7 0.073746 0.396653 0.149503 0.560453 0.778289 -0.283123 0.949501 -0.701402 1 7 1.000000
  7 0.076408 0.400637 0.165395 0.402309 0.872160 -0.278361 0.949501 -0.745241 1 7 1.000000
  7 0.077640 0.379181 0.148177 0.159551 0.925411 -0.343740 0.927651 -0.701402 1 7 1.000000
chr009a01
  7 0.073746 0.396653 0.149503 0.560453 0.778289 -0.283123 0.949501 -0.701402 1 7 1.000000
  7 0.056114 0.393564 0.152704 0.599674 0.725317 -0.338093 0.971347 -0.701402 1 7 1.000000
  7 0.076408 0.400637 0.165395 0.402309 0.872160 -0.278361 0.949501 -0.745241 1 7 1.000000
chr009a01
  7 0.056114 0.393564 0.152704 0.599674 0.725317 -0.338093 0.971347 -0.701402 1 7 1.000000
  7 0.060379 0.397829 0.170135 0.711013 0.616518 -0.338180 0.971347 -0.745241 1 7 1.000000
  7 0.076408 0.400637 0.165395 0.402309 0.872160 -0.278361 0.949501 -0.745241 1 7 1.000000
chr009a01
  7 0.158760 0.463565 0.118470 -0.817244 -0.338508 -0.466395 0.971347 -0.745241 1 7 1.000000
  7 0.142876 0.467105 0.129659 -0.818023 -0.409753 -0.403659 0.949501 -0.745241 1 7 1.000000
  7 0.146860 0.469767 0.117746 -0.777039 -0.479859 -0.407364 0.949501 -0.701402 1 7 1.000000
chr009a01
  7 0.164333 0.465874 0.108476 -0.817242 -0.338513 -0.466395 0.971347 -0.701402 1 7 1.000000
  7 0.158760 0.463565 0.118470 -0.817244 -0.338508 -0.466395 0.971347 -0.745241 1 7 1.000000
  7 0.146860 0.469767 0.117746 -0.777039 -0.479859 -0.407364 0.949501 -0.701402 1 7 1.000000
chr009a01
  7 -0.058646 0.484867 0.136048 -0.586964 -0.767764 -0.256927 0.845753 -0.734171 1 7 1.000000
  7 -0.062681 0.480832 0.158132 -0.650834 -0.714247 -0.257423 0.845753 -0.757973 1 7 1.000000
  7 -0.081194 0.493202 0.148714 -0.323456 -0.908485 -0.264636 0.877131 -0.757973 1 7 1.000000
chr009a01
  7 -0.079011 0.498474 0.127872 -0.243025 -0.931715 -0.269900 0.877131 -0.734171 1 7 1.000000
  7 -0.058646 0.484867 0.136048 -0.586964 -0.767764 -0.256927 0.845753 -0.734171 1 7 1.000000
  7 -0.081194 0.493202 0.148714 -0.323456 -0.908485 -0.264636 0.877131 -0.757973 1 7 1.000000
chr009a01
  7 -0.079011 0.498474 0.127872 -0.243025 -0.931715 -0.269900 0.877131 -0.734171 1 7 1.000000
  7 -0.081194 0.493202 0.148714 -0.323456 -0.908485 -0.264636 0.877131 -0.757973 1 7 1.000000
  7 -0.103032 0.497545 0.139094 0.052198 -0.954302 -0.294250 0.909122 -0.757973 1 7 1.000000
chr009a01
  7 -0.103032 0.503252 0.120941 0.121267 -0.945708 -0.301547 0.909122 -0.734171 1 7 1.000000
  7 -0.079011 0.498474 0.127872 -0.243025 -0.931715 -0.269900 0.877131 -0.734171 1 7 1.000000
  7 -0.103032 0.497545 0.139094 0.052198 -0.954302 -0.294250 0.909122 -0.757973 1 7 1.000000
chr009a01
  7 -0.058646 0.484867 0.136048 -0.586964 -0.767764 -0.256927 0.845753 -0.734171 1 7 1.000000
  7 -0.045040 0.464503 0.144224 -0.851685 -0.455652 -0.258871 0.809575 -0.734171 1 7 1.000000
  7 -0.062681 0.480832 0.158132 -0.650834 -0.714247 -0.257423 0.845753 -0.757973 1 7 1.000000
chr009a01
  7 -0.045040 0.464503 0.144224 -0.851685 -0.455652 -0.258871 0.809575 -0.734171 1 7 1.000000
  7 -0.050312 0.462319 0.164688 -0.879533 -0.399280 -0.258840 0.809575 -0.757973 1 7 1.000000
  7 -0.062681 0.480832 0.158132 -0.650834 -0.714247 -0.257423 0.845753 -0.757973 1 7 1.000000
chr009a01
  7 -0.045040 0.464503 0.144224 -0.851685 -0.455652 -0.258871 0.809575 -0.734171 1 7 1.000000
  7 -0.040262 0.440482 0.148060 -0.966096 -0.045618 -0.254121 0.772009 -0.734171 1 7 1.000000
  7 -0.050312 0.462319 0.164688 -0.879533 -0.399280 -0.258840 0.809575 -0.757973 1 7 1.000000
chr009a01
  7 -0.040262 0.440482 0.148060 -0.966096 -0.045618 -0.254121 0.772009 -0.734171 1 7 1.000000
  7 -0.045968 0.440482 0.170236 -0.967343 -0.011377 -0.253214 0.772009 -0.757973 1 7 1.000000
  7 -0.050312 0.462319 0.164688 -0.879533 -0.399280 -0.258840 0.809575 -0.757973 1 7 1.000000
chr009a01
  7 -0.103032 0.497545 0.139094 0.052198 -0.954302 -0.294250 0.772009 -0.757973 1 7 1.000000
  7 -0.124869 0.493202 0.131209 0.413673 -0.849867 -0.326498 0.809575 -0.757973 1 7 1.000000
  7 -0.127053 0.498474 0.115478 0.467917 -0.819865 -0.329962 0.809575 -0.734171 1 7 1.000000
chr009a01
  7 -0.103032 0.503252 0.120941 0.121267 -0.945708 -0.301547 0.772009 -0.734171 1 7 1.000000
  7 -0.103032 0.497545 0.139094 0.052198 -0.954302 -0.294250 0.772009 -0.757973 1 7 1.000000
  7 -0.127053 0.498474 0.115478 0.467917 -0.819865 -0.329962 0.809575 -0.734171 1 7 1.000000
chr009a01
  7 -0.127053 0.498474 0.115478 0.467917 -0.819865 -0.329962 0.809575 -0.734171 1 7 1.000000
  7 -0.124869 0.493202 0.131209 0.413673 -0.849867 -0.326498 0.809575 -0.757973 1 7 1.000000
  7 -0.143382 0.480832 0.124689 0.699503 -0.628073 -0.340911 0.845753 -0.757973 1 7 1.000000
chr009a01
  7 -0.147417 0.484867 0.108882 0.726300 -0.596302 -0.341923 0.845753 -0.734171 1 7 1.000000
  7 -0.127053 0.498474 0.115478 0.467917 -0.819865 -0.329962 0.809575 -0.734171 1 7 1.000000
  7 -0.143382 0.480832 0.124689 0.699503 -0.628073 -0.340911 0.845753 -0.757973 1 7 1.000000
chr009a01
  7 -0.147417 0.484867 0.108882 0.726300 -0.596302 -0.341923 0.845753 -0.734171 1 7 1.000000
  7 -0.143382 0.480832 0.124689 0.699503 -0.628073 -0.340911 0.845753 -0.757973 1 7 1.000000
  7 -0.161024 0.464503 0.105859 0.866927 -0.357037 -0.347796 0.877131 -0.734171 1 7 1.000000
chr009a01
  7 -0.143382 0.480832 0.124689 0.699503 -0.628073 -0.340911 0.845753 -0.757973 1 7 1.000000
  7 -0.155752 0.462319 0.120874 0.866502 -0.358097 -0.347766 0.877131 -0.757973 1 7 1.000000
  7 -0.161024 0.464503 0.105859 0.866927 -0.357037 -0.347796 0.877131 -0.734171 1 7 1.000000
chr009a01
  7 -0.161024 0.464503 0.105859 0.866927 -0.357037 -0.347796 0.877131 -0.734171 1 7 1.000000
  7 -0.155752 0.462319 0.120874 0.866502 -0.358097 -0.347766 0.877131 -0.757973 1 7 1.000000
  7 -0.160095 0.440482 0.123965 0.937347 -0.043953 -0.345613 0.909122 -0.757973 1 7 1.000000
chr009a01
  7 -0.165802 0.440482 0.108882 0.934372 -0.080541 -0.347076 0.909122 -0.734171 1 7 1.000000
  7 -0.161024 0.464503 0.105859 0.866927 -0.357037 -0.347796 0.877131 -0.734171 1 7 1.000000
  7 -0.160095 0.440482 0.123965 0.937347 -0.043953 -0.345613 0.909122 -0.757973 1 7 1.000000
chr009a01
  7 -0.147417 0.396097 0.120134 0.756326 0.580481 -0.301682 0.845753 -0.734171 1 7 1.000000
  7 -0.143382 0.400132 0.138210 0.712286 0.636371 -0.296109 0.845753 -0.757973 1 7 1.000000
  7 -0.124869 0.387762 0.147201 0.416179 0.868576 -0.269017 0.877131 -0.757973 1 7 1.000000
chr009a01
  7 -0.127053 0.382490 0.127065 0.487157 0.829052 -0.274502 0.877131 -0.734171 1 7 1.000000
  7 -0.147417 0.396097 0.120134 0.756326 0.580481 -0.301682 0.845753 -0.734171 1 7 1.000000
  7 -0.124869 0.387762 0.147201 0.416179 0.868576 -0.269017 0.877131 -0.757973 1 7 1.000000
chr009a01
  7 -0.155752 0.418645 0.130251 0.893280 0.310964 -0.324580 0.809575 -0.757973 1 7 1.000000
  7 -0.143382 0.400132 0.138210 0.712286 0.636371 -0.296109 0.845753 -0.757973 1 7 1.000000
  7 -0.147417 0.396097 0.120134 0.756326 0.580481 -0.301682 0.845753 -0.734171 1 7 1.000000
chr009a01
  7 -0.161024 0.416461 0.113977 0.909234 0.255138 -0.328935 0.809575 -0.734171 1 7 1.000000
  7 -0.155752 0.418645 0.130251 0.893280 0.310964 -0.324580 0.809575 -0.757973 1 7 1.000000
  7 -0.147417 0.396097 0.120134 0.756326 0.580481 -0.301682 0.845753 -0.734171 1 7 1.000000
chr009a01
  7 -0.127053 0.382490 0.127065 0.487157 0.829052 -0.274502 0.877131 -0.734171 1 7 1.000000
  7 -0.124869 0.387762 0.147201 0.416179 0.868576 -0.269017 0.877131 -0.757973 1 7 1.000000
  7 -0.103032 0.377712 0.135241 0.130890 0.956812 -0.259573 0.909122 -0.734171 1 7 1.000000
chr009a01
  7 -0.124869 0.387762 0.147201 0.416179 0.868576 -0.269017 0.877131 -0.757973 1 7 1.000000
  7 -0.103032 0.383418 0.157300 0.044898 0.964763 -0.259261 0.909122 -0.757973 1 7 1.000000
  7 -0.103032 0.377712 0.135241 0.130890 0.956812 -0.259573 0.909122 -0.734171 1 7 1.000000
chr009a01
  7 -0.161024 0.416461 0.113977 0.909234 0.255138 -0.328935 0.809575 -0.734171 1 7 1.000000
  7 -0.165802 0.440482 0.108882 0.934372 -0.080541 -0.347076 0.772009 -0.734171 1 7 1.000000
  7 -0.155752 0.418645 0.130251 0.893280 0.310964 -0.324580 0.809575 -0.757973 1 7 1.000000
chr009a01
  7 -0.165802 0.440482 0.108882 0.934372 -0.080541 -0.347076 0.772009 -0.734171 1 7 1.000000
  7 -0.160095 0.440482 0.123965 0.937347 -0.043953 -0.345613 0.772009 -0.757973 1 7 1.000000
  7 -0.155752 0.418645 0.130251 0.893280 0.310964 -0.324580 0.809575 -0.757973 1 7 1.000000
chr009a01
  7 -0.081194 0.387762 0.163857 -0.337756 0.904815 -0.259288 0.809575 -0.757973 1 7 1.000000
  7 -0.062681 0.400132 0.169750 -0.674352 0.693408 -0.253841 0.845753 -0.757973 1 7 1.000000
  7 -0.058646 0.396097 0.147698 -0.645882 0.719634 -0.254880 0.845753 -0.734171 1 7 1.000000
chr009a01
  7 -0.079011 0.382490 0.143417 -0.276927 0.925261 -0.259235 0.809575 -0.734171 1 7 1.000000
  7 -0.081194 0.387762 0.163857 -0.337756 0.904815 -0.259288 0.809575 -0.757973 1 7 1.000000
  7 -0.058646 0.396097 0.147698 -0.645882 0.719634 -0.254880 0.845753 -0.734171 1 7 1.000000
chr009a01
  7 -0.058646 0.396097 0.147698 -0.645882 0.719634 -0.254880 0.845753 -0.734171 1 7 1.000000
  7 -0.062681 0.400132 0.169750 -0.674352 0.693408 -0.253841 0.845753 -0.757973 1 7 1.000000
  7 -0.045040 0.416461 0.149274 -0.893651 0.373583 -0.248643 0.877131 -0.734171 1 7 1.000000
chr009a01
  7 -0.062681 0.400132 0.169750 -0.674352 0.693408 -0.253841 0.845753 -0.757973 1 7 1.000000
  7 -0.050312 0.418645 0.171771 -0.894569 0.371382 -0.248639 0.877131 -0.757973 1 7 1.000000
  7 -0.045040 0.416461 0.149274 -0.893651 0.373583 -0.248643 0.877131 -0.734171 1 7 1.000000
chr009a01
  7 -0.045040 0.416461 0.149274 -0.893651 0.373583 -0.248643 0.877131 -0.734171 1 7 1.000000
  7 -0.050312 0.418645 0.171771 -0.894569 0.371382 -0.248639 0.877131 -0.757973 1 7 1.000000
  7 -0.040262 0.440482 0.148060 -0.966096 -0.045618 -0.254121 0.909122 -0.734171 1 7 1.000000
chr009a01
  7 -0.050312 0.418645 0.171771 -0.894569 0.371382 -0.248639 0.877131 -0.757973 1 7 1.000000
  7 -0.045968 0.440482 0.170236 -0.967343 -0.011377 -0.253214 0.909122 -0.757973 1 7 1.000000
  7 -0.040262 0.440482 0.148060 -0.966096 -0.045618 -0.254121 0.909122 -0.734171 1 7 1.000000
chr009a01
  7 -0.103032 0.383418 0.157300 0.044898 0.964763 -0.259261 0.772009 -0.757973 1 7 1.000000
  7 -0.081194 0.387762 0.163857 -0.337756 0.904815 -0.259288 0.809575 -0.757973 1 7 1.000000
  7 -0.079011 0.382490 0.143417 -0.276927 0.925261 -0.259235 0.809575 -0.734171 1 7 1.000000
chr009a01
  7 -0.103032 0.377712 0.135241 0.130890 0.956812 -0.259573 0.772009 -0.734171 1 7 1.000000
  7 -0.103032 0.383418 0.157300 0.044898 0.964763 -0.259261 0.772009 -0.757973 1 7 1.000000
  7 -0.079011 0.382490 0.143417 -0.276927 0.925261 -0.259235 0.809575 -0.734171 1 7 1.000000
chr009a01
  7 -0.056869 0.400854 -0.184530 -0.195552 0.000000 -0.980693 0.196594 -0.645579 1 7 1.000000
  7 0.000000 0.400854 -0.189857 0.000000 0.000000 -1.000000 0.227372 -0.645579 1 7 1.000000
  7 -0.054931 0.386136 -0.184530 -0.188889 -0.050612 -0.980693 0.197642 -0.653545 1 7 1.000000
chr009a01
  7 -0.054931 0.386136 -0.184530 -0.188889 -0.050612 -0.980693 0.197642 -0.653545 1 7 1.000000
  7 0.000000 0.400854 -0.189857 0.000000 0.000000 -1.000000 0.227372 -0.645579 1 7 1.000000
  7 -0.049250 0.372420 -0.184530 -0.169353 -0.097776 -0.980693 0.200718 -0.660968 1 7 1.000000
chr009a01
  7 -0.054931 0.386136 -0.184530 -0.188889 -0.050612 -0.980693 0.197642 -0.653545 1 7 1.000000
  7 -0.106670 0.372272 -0.168858 -0.371544 -0.099555 -0.923062 0.168076 -0.661467 1 7 1.000000
  7 -0.056869 0.400854 -0.184530 -0.195552 0.000000 -0.980693 0.196594 -0.645579 1 7 1.000000
chr009a01
  7 -0.106670 0.372272 -0.168858 -0.371544 -0.099555 -0.923062 0.168076 -0.661467 1 7 1.000000
  7 -0.110433 0.400854 -0.168858 -0.384651 0.000000 -0.923062 0.165984 -0.645579 1 7 1.000000
  7 -0.056869 0.400854 -0.184530 -0.195552 0.000000 -0.980693 0.196594 -0.645579 1 7 1.000000
chr009a01
  7 -0.056869 0.400854 -0.184530 -0.195552 0.000000 -0.980693 0.196594 -0.645579 1 7 1.000000
  7 -0.110433 0.400854 -0.168858 -0.384651 0.000000 -0.923062 0.165984 -0.645579 1 7 1.000000
  7 -0.054931 0.415573 -0.184530 -0.188889 0.050613 -0.980693 0.197642 -0.637614 1 7 1.000000
chr009a01
  7 -0.054931 0.415573 -0.184530 -0.188889 0.050613 -0.980693 0.197642 -0.637614 1 7 1.000000
  7 0.000000 0.400854 -0.189857 0.000000 0.000000 -1.000000 0.227372 -0.645579 1 7 1.000000
  7 -0.056869 0.400854 -0.184530 -0.195552 0.000000 -0.980693 0.196594 -0.645579 1 7 1.000000
chr009a01
  7 -0.049250 0.372420 -0.184530 -0.169353 -0.097776 -0.980693 0.200718 -0.660968 1 7 1.000000
  7 -0.095638 0.345638 -0.168858 -0.333117 -0.192325 -0.923062 0.174208 -0.676273 1 7 1.000000
  7 -0.054931 0.386136 -0.184530 -0.188889 -0.050612 -0.980693 0.197642 -0.653545 1 7 1.000000
chr009a01
  7 -0.095638 0.345638 -0.168858 -0.333117 -0.192325 -0.923062 0.174208 -0.676273 1 7 1.000000
  7 -0.106670 0.372272 -0.168858 -0.371544 -0.099555 -0.923062 0.168076 -0.661467 1 7 1.000000
  7 -0.054931 0.386136 -0.184530 -0.188889 -0.050612 -0.980693 0.197642 -0.653545 1 7 1.000000
chr009a01
  7 -0.049250 0.372420 -0.184530 -0.169353 -0.097776 -0.980693 0.200718 -0.660968 1 7 1.000000
  7 0.000000 0.400854 -0.189857 0.000000 0.000000 -1.000000 0.227372 -0.645579 1 7 1.000000
  7 -0.040212 0.360642 -0.184530 -0.138276 -0.138276 -0.980693 0.205608 -0.667342 1 7 1.000000
chr009a01
  7 -0.106670 0.372272 -0.168858 -0.371544 -0.099555 -0.923062 0.168076 -0.661467 1 7 1.000000
  7 -0.152209 0.360070 -0.143751 -0.553829 -0.148398 -0.819299 0.138726 -0.669332 1 7 1.000000
  7 -0.110433 0.400854 -0.168858 -0.384651 0.000000 -0.923062 0.165984 -0.645579 1 7 1.000000
chr009a01
  7 -0.152209 0.360070 -0.143751 -0.553829 -0.148398 -0.819299 0.138726 -0.669332 1 7 1.000000
  7 -0.157579 0.400854 -0.143751 -0.573366 0.000000 -0.819299 0.135599 -0.645580 1 7 1.000000
  7 -0.110433 0.400854 -0.168858 -0.384651 0.000000 -0.923062 0.165984 -0.645579 1 7 1.000000
chr009a01
  7 -0.110433 0.400854 -0.168858 -0.384651 0.000000 -0.923062 0.165984 -0.645579 1 7 1.000000
  7 -0.157579 0.400854 -0.143751 -0.573366 0.000000 -0.819299 0.135599 -0.645580 1 7 1.000000
  7 -0.106670 0.429436 -0.168858 -0.371544 0.099555 -0.923062 0.168076 -0.629691 1 7 1.000000
chr009a01
  7 -0.110433 0.400854 -0.168858 -0.384651 0.000000 -0.923062 0.165984 -0.645579 1 7 1.000000
  7 -0.106670 0.429436 -0.168858 -0.371544 0.099555 -0.923062 0.168076 -0.629691 1 7 1.000000
  7 -0.054931 0.415573 -0.184530 -0.188889 0.050613 -0.980693 0.197642 -0.637614 1 7 1.000000
chr009a01
  7 -0.054931 0.415573 -0.184530 -0.188889 0.050613 -0.980693 0.197642 -0.637614 1 7 1.000000
  7 -0.106670 0.429436 -0.168858 -0.371544 0.099555 -0.923062 0.168076 -0.629691 1 7 1.000000
  7 -0.049250 0.429289 -0.184530 -0.169353 0.097776 -0.980693 0.200718 -0.630190 1 7 1.000000
chr009a01
  7 -0.049250 0.429289 -0.184530 -0.169353 0.097776 -0.980693 0.200718 -0.630190 1 7 1.000000
  7 0.000000 0.400854 -0.189857 0.000000 0.000000 -1.000000 0.227372 -0.645579 1 7 1.000000
  7 -0.054931 0.415573 -0.184530 -0.188889 0.050613 -0.980693 0.197642 -0.637614 1 7 1.000000
chr009a01
  7 -0.136467 0.322065 -0.143751 -0.496550 -0.286683 -0.819299 0.147894 -0.691465 1 7 1.000000
  7 -0.152209 0.360070 -0.143751 -0.553829 -0.148398 -0.819299 0.138726 -0.669332 1 7 1.000000
  7 -0.106670 0.372272 -0.168858 -0.371544 -0.099555 -0.923062 0.168076 -0.661467 1 7 1.000000
chr009a01
  7 -0.095638 0.345638 -0.168858 -0.333117 -0.192325 -0.923062 0.174208 -0.676273 1 7 1.000000
  7 -0.136467 0.322065 -0.143751 -0.496550 -0.286683 -0.819299 0.147894 -0.691465 1 7 1.000000
  7 -0.106670 0.372272 -0.168858 -0.371544 -0.099555 -0.923062 0.168076 -0.661467 1 7 1.000000
chr009a01
  7 -0.040212 0.360642 -0.184530 -0.138276 -0.138276 -0.980693 0.205608 -0.667342 1 7 1.000000
  7 -0.078088 0.322767 -0.168858 -0.271989 -0.271989 -0.923062 0.183964 -0.688987 1 7 1.000000
  7 -0.049250 0.372420 -0.184530 -0.169353 -0.097776 -0.980693 0.200718 -0.660968 1 7 1.000000
chr009a01
  7 -0.078088 0.322767 -0.168858 -0.271989 -0.271989 -0.923062 0.183964 -0.688987 1 7 1.000000
  7 -0.095638 0.345638 -0.168858 -0.333117 -0.192325 -0.923062 0.174208 -0.676273 1 7 1.000000
  7 -0.049250 0.372420 -0.184530 -0.169353 -0.097776 -0.980693 0.200718 -0.660968 1 7 1.000000
chr009a01
  7 -0.040212 0.360642 -0.184530 -0.138276 -0.138276 -0.980693 0.205608 -0.667342 1 7 1.000000
  7 0.000000 0.400854 -0.189857 0.000000 0.000000 -1.000000 0.227372 -0.645579 1 7 1.000000
  7 -0.028434 0.351604 -0.184530 -0.097776 -0.169353 -0.980693 0.211983 -0.672234 1 7 1.000000
chr009a01
  7 -0.152209 0.360070 -0.143751 -0.553829 -0.148398 -0.819299 0.138726 -0.669332 1 7 1.000000
  7 -0.188903 0.350238 -0.110670 -0.726915 -0.194776 -0.658526 0.109401 -0.677189 1 7 1.000000
  7 -0.157579 0.400854 -0.143751 -0.573366 0.000000 -0.819299 0.135599 -0.645580 1 7 1.000000
chr009a01
  7 -0.188903 0.350238 -0.110670 -0.726915 -0.194776 -0.658526 0.109401 -0.677189 1 7 1.000000
  7 -0.195567 0.400854 -0.110670 -0.752558 0.000000 -0.658526 0.105240 -0.645579 1 7 1.000000
  7 -0.157579 0.400854 -0.143751 -0.573366 0.000000 -0.819299 0.135599 -0.645580 1 7 1.000000
chr009a01
  7 -0.157579 0.400854 -0.143751 -0.573366 0.000000 -0.819299 0.135599 -0.645580 1 7 1.000000
  7 -0.152209 0.441639 -0.143751 -0.553829 0.148398 -0.819299 0.138726 -0.621826 1 7 1.000000
  7 -0.106670 0.429436 -0.168858 -0.371544 0.099555 -0.923062 0.168076 -0.629691 1 7 1.000000
chr009a01
  7 -0.157579 0.400854 -0.143751 -0.573366 0.000000 -0.819299 0.135599 -0.645580 1 7 1.000000
  7 -0.195567 0.400854 -0.110670 -0.752558 0.000000 -0.658526 0.105240 -0.645579 1 7 1.000000
  7 -0.152209 0.441639 -0.143751 -0.553829 0.148398 -0.819299 0.138726 -0.621826 1 7 1.000000
chr009a01
  7 -0.106670 0.429436 -0.168858 -0.371544 0.099555 -0.923062 0.168076 -0.629691 1 7 1.000000
  7 -0.152209 0.441639 -0.143751 -0.553829 0.148398 -0.819299 0.138726 -0.621826 1 7 1.000000
  7 -0.095638 0.456071 -0.168858 -0.333117 0.192326 -0.923062 0.174209 -0.614886 1 7 1.000000
chr009a01
  7 -0.106670 0.429436 -0.168858 -0.371544 0.099555 -0.923062 0.168076 -0.629691 1 7 1.000000
  7 -0.095638 0.456071 -0.168858 -0.333117 0.192326 -0.923062 0.174209 -0.614886 1 7 1.000000
  7 -0.049250 0.429289 -0.184530 -0.169353 0.097776 -0.980693 0.200718 -0.630190 1 7 1.000000
chr009a01
  7 -0.136467 0.322065 -0.143751 -0.496550 -0.286683 -0.819299 0.147894 -0.691465 1 7 1.000000
  7 -0.169366 0.303071 -0.110670 -0.651735 -0.376279 -0.658526 0.121602 -0.706645 1 7 1.000000
  7 -0.152209 0.360070 -0.143751 -0.553829 -0.148398 -0.819299 0.138726 -0.669332 1 7 1.000000
chr009a01
  7 -0.169366 0.303071 -0.110670 -0.651735 -0.376279 -0.658526 0.121602 -0.706645 1 7 1.000000
  7 -0.188903 0.350238 -0.110670 -0.726915 -0.194776 -0.658526 0.109401 -0.677189 1 7 1.000000
  7 -0.152209 0.360070 -0.143751 -0.553829 -0.148398 -0.819299 0.138726 -0.669332 1 7 1.000000
chr009a01
  7 -0.078088 0.322767 -0.168858 -0.271989 -0.271989 -0.923062 0.183964 -0.688987 1 7 1.000000
  7 -0.111425 0.289429 -0.143751 -0.405431 -0.405431 -0.819299 0.162478 -0.710472 1 7 1.000000
  7 -0.095638 0.345638 -0.168858 -0.333117 -0.192325 -0.923062 0.174208 -0.676273 1 7 1.000000
chr009a01
  7 -0.111425 0.289429 -0.143751 -0.405431 -0.405431 -0.819299 0.162478 -0.710472 1 7 1.000000
  7 -0.136467 0.322065 -0.143751 -0.496550 -0.286683 -0.819299 0.147894 -0.691465 1 7 1.000000
  7 -0.095638 0.345638 -0.168858 -0.333117 -0.192325 -0.923062 0.174208 -0.676273 1 7 1.000000
chr009a01
  7 -0.055216 0.305217 -0.168858 -0.192325 -0.333117 -0.923062 0.196678 -0.698742 1 7 1.000000
  7 -0.078088 0.322767 -0.168858 -0.271989 -0.271989 -0.923062 0.183964 -0.688987 1 7 1.000000
  7 -0.040212 0.360642 -0.184530 -0.138276 -0.138276 -0.980693 0.205608 -0.667342 1 7 1.000000
chr009a01
  7 -0.028434 0.351604 -0.184530 -0.097776 -0.169353 -0.980693 0.211983 -0.672234 1 7 1.000000
  7 -0.055216 0.305217 -0.168858 -0.192325 -0.333117 -0.923062 0.196678 -0.698742 1 7 1.000000
  7 -0.040212 0.360642 -0.184530 -0.138276 -0.138276 -0.980693 0.205608 -0.667342 1 7 1.000000
chr009a01
  7 -0.188903 0.350238 -0.110670 -0.726915 -0.194776 -0.658526 0.109401 -0.677189 1 7 1.000000
  7 -0.214618 0.343348 -0.071536 -0.870538 -0.233260 -0.433305 0.076606 -0.685977 1 7 1.000000
  7 -0.195567 0.400854 -0.110670 -0.752558 0.000000 -0.658526 0.105240 -0.645579 1 7 1.000000
chr009a01
  7 -0.214618 0.343348 -0.071536 -0.870538 -0.233260 -0.433305 0.076606 -0.685977 1 7 1.000000
  7 -0.222189 0.400854 -0.071536 -0.901247 0.000000 -0.433305 0.071287 -0.645579 1 7 1.000000
  7 -0.195567 0.400854 -0.110670 -0.752558 0.000000 -0.658526 0.105240 -0.645579 1 7 1.000000
chr009a01
  7 -0.195567 0.400854 -0.110670 -0.752558 0.000000 -0.658526 0.105240 -0.645579 1 7 1.000000
  7 -0.222189 0.400854 -0.071536 -0.901247 0.000000 -0.433305 0.071287 -0.645579 1 7 1.000000
  7 -0.188903 0.451471 -0.110670 -0.726915 0.194776 -0.658526 0.109401 -0.613969 1 7 1.000000
chr009a01
  7 -0.195567 0.400854 -0.110670 -0.752558 0.000000 -0.658526 0.105240 -0.645579 1 7 1.000000
  7 -0.188903 0.451471 -0.110670 -0.726915 0.194776 -0.658526 0.109401 -0.613969 1 7 1.000000
  7 -0.152209 0.441639 -0.143751 -0.553829 0.148398 -0.819299 0.138726 -0.621826 1 7 1.000000
chr009a01
  7 -0.152209 0.441639 -0.143751 -0.553829 0.148398 -0.819299 0.138726 -0.621826 1 7 1.000000
  7 -0.136467 0.479644 -0.143751 -0.496550 0.286683 -0.819299 0.147894 -0.599693 1 7 1.000000
  7 -0.095638 0.456071 -0.168858 -0.333117 0.192326 -0.923062 0.174209 -0.614886 1 7 1.000000
chr009a01
  7 -0.152209 0.441639 -0.143751 -0.553829 0.148398 -0.819299 0.138726 -0.621826 1 7 1.000000
  7 -0.188903 0.451471 -0.110670 -0.726915 0.194776 -0.658526 0.109401 -0.613969 1 7 1.000000
  7 -0.136467 0.479644 -0.143751 -0.496550 0.286683 -0.819299 0.147894 -0.599693 1 7 1.000000
chr009a01
  7 -0.040212 0.441067 -0.184530 -0.138276 0.138276 -0.980693 0.205609 -0.623816 1 7 1.000000
  7 0.000000 0.400854 -0.189857 0.000000 0.000000 -1.000000 0.227372 -0.645579 1 7 1.000000
  7 -0.049250 0.429289 -0.184530 -0.169353 0.097776 -0.980693 0.200718 -0.630190 1 7 1.000000
chr009a01
  7 -0.049250 0.429289 -0.184530 -0.169353 0.097776 -0.980693 0.200718 -0.630190 1 7 1.000000
  7 -0.095638 0.456071 -0.168858 -0.333117 0.192326 -0.923062 0.174209 -0.614886 1 7 1.000000
  7 -0.040212 0.441067 -0.184530 -0.138276 0.138276 -0.980693 0.205609 -0.623816 1 7 1.000000
chr009a01
  7 -0.028434 0.351604 -0.184530 -0.097776 -0.169353 -0.980693 0.211983 -0.672234 1 7 1.000000
  7 0.000000 0.400854 -0.189857 0.000000 0.000000 -1.000000 0.227372 -0.645579 1 7 1.000000
  7 -0.014719 0.345923 -0.184530 -0.050612 -0.188889 -0.980693 0.219406 -0.675308 1 7 1.000000
chr009a01
  7 -0.095638 0.456071 -0.168858 -0.333117 0.192326 -0.923062 0.174209 -0.614886 1 7 1.000000
  7 -0.136467 0.479644 -0.143751 -0.496550 0.286683 -0.819299 0.147894 -0.599693 1 7 1.000000
  7 -0.078088 0.478942 -0.168858 -0.271989 0.271989 -0.923062 0.183964 -0.602172 1 7 1.000000
chr009a01
  7 -0.095638 0.456071 -0.168858 -0.333117 0.192326 -0.923062 0.174209 -0.614886 1 7 1.000000
  7 -0.078088 0.478942 -0.168858 -0.271989 0.271989 -0.923062 0.183964 -0.602172 1 7 1.000000
  7 -0.040212 0.441067 -0.184530 -0.138276 0.138276 -0.980693 0.205609 -0.623816 1 7 1.000000
chr009a01
  7 -0.028434 0.450104 -0.184530 -0.097776 0.169353 -0.980693 0.211983 -0.618924 1 7 1.000000
  7 0.000000 0.400854 -0.189857 0.000000 0.000000 -1.000000 0.227372 -0.645579 1 7 1.000000
  7 -0.040212 0.441067 -0.184530 -0.138276 0.138276 -0.980693 0.205609 -0.623816 1 7 1.000000
chr009a01
  7 -0.040212 0.441067 -0.184530 -0.138276 0.138276 -0.980693 0.205609 -0.623816 1 7 1.000000
  7 -0.078088 0.478942 -0.168858 -0.271989 0.271989 -0.923062 0.183964 -0.602172 1 7 1.000000
  7 -0.028434 0.450104 -0.184530 -0.097776 0.169353 -0.980693 0.211983 -0.618924 1 7 1.000000
chr009a01
  7 -0.169366 0.303071 -0.110670 -0.651735 -0.376279 -0.658526 0.121602 -0.706645 1 7 1.000000
  7 -0.192422 0.289760 -0.071536 -0.780503 -0.450624 -0.433305 0.092198 -0.723622 1 7 1.000000
  7 -0.188903 0.350238 -0.110670 -0.726915 -0.194776 -0.658526 0.109401 -0.677189 1 7 1.000000
chr009a01
  7 -0.192422 0.289760 -0.071536 -0.780503 -0.450624 -0.433305 0.092198 -0.723622 1 7 1.000000
  7 -0.214618 0.343348 -0.071536 -0.870538 -0.233260 -0.433305 0.076606 -0.685977 1 7 1.000000
  7 -0.188903 0.350238 -0.110670 -0.726915 -0.194776 -0.658526 0.109401 -0.677189 1 7 1.000000
chr009a01
  7 -0.014719 0.345923 -0.184530 -0.050612 -0.188889 -0.980693 0.219406 -0.675308 1 7 1.000000
  7 0.000000 0.400854 -0.189857 0.000000 0.000000 -1.000000 0.227372 -0.645579 1 7 1.000000
  7 0.000000 0.343985 -0.184530 0.000000 -0.195552 -0.980693 0.227371 -0.676357 1 7 1.000000
chr009a01
  7 -0.214618 0.343348 -0.071536 -0.870538 -0.233260 -0.433305 0.076606 -0.685977 1 7 1.000000
  7 -0.227861 0.339799 -0.028624 -0.954689 -0.255808 -0.152089 0.052318 -0.692485 1 7 1.000000
  7 -0.222189 0.400854 -0.071536 -0.901247 0.000000 -0.433305 0.071287 -0.645579 1 7 1.000000
chr009a01
  7 -0.227861 0.339799 -0.028624 -0.954689 -0.255808 -0.152089 0.052318 -0.692485 1 7 1.000000
  7 -0.235899 0.400854 -0.028624 -0.988367 0.000000 -0.152089 0.046143 -0.645579 1 7 1.000000
  7 -0.222189 0.400854 -0.071536 -0.901247 0.000000 -0.433305 0.071287 -0.645579 1 7 1.000000
chr009a01
  7 -0.222189 0.400854 -0.071536 -0.901247 0.000000 -0.433305 0.071287 -0.645579 1 7 1.000000
  7 -0.214618 0.458361 -0.071536 -0.870538 0.233260 -0.433305 0.076606 -0.605182 1 7 1.000000
  7 -0.188903 0.451471 -0.110670 -0.726915 0.194776 -0.658526 0.109401 -0.613969 1 7 1.000000
chr009a01
  7 -0.222189 0.400854 -0.071536 -0.901247 0.000000 -0.433305 0.071287 -0.645579 1 7 1.000000
  7 -0.235899 0.400854 -0.028624 -0.988367 0.000000 -0.152089 0.046143 -0.645579 1 7 1.000000
  7 -0.214618 0.458361 -0.071536 -0.870538 0.233260 -0.433305 0.076606 -0.605182 1 7 1.000000
chr009a01
  7 -0.188903 0.451471 -0.110670 -0.726915 0.194776 -0.658526 0.109401 -0.613969 1 7 1.000000
  7 -0.214618 0.458361 -0.071536 -0.870538 0.233260 -0.433305 0.076606 -0.605182 1 7 1.000000
  7 -0.169366 0.498638 -0.110670 -0.651734 0.376279 -0.658526 0.121602 -0.584513 1 7 1.000000
chr009a01
  7 -0.188903 0.451471 -0.110670 -0.726915 0.194776 -0.658526 0.109401 -0.613969 1 7 1.000000
  7 -0.169366 0.498638 -0.110670 -0.651734 0.376279 -0.658526 0.121602 -0.584513 1 7 1.000000
  7 -0.136467 0.479644 -0.143751 -0.496550 0.286683 -0.819299 0.147894 -0.599693 1 7 1.000000
chr009a01
  7 -0.136467 0.479644 -0.143751 -0.496550 0.286683 -0.819299 0.147894 -0.599693 1 7 1.000000
  7 -0.169366 0.498638 -0.110670 -0.651734 0.376279 -0.658526 0.121602 -0.584513 1 7 1.000000
  7 -0.111425 0.512279 -0.143751 -0.405431 0.405431 -0.819299 0.162478 -0.580686 1 7 1.000000
chr009a01
  7 -0.136467 0.479644 -0.143751 -0.496550 0.286683 -0.819299 0.147894 -0.599693 1 7 1.000000
  7 -0.111425 0.512279 -0.143751 -0.405431 0.405431 -0.819299 0.162478 -0.580686 1 7 1.000000
  7 -0.078088 0.478942 -0.168858 -0.271989 0.271989 -0.923062 0.183964 -0.602172 1 7 1.000000
chr009a01
  7 -0.078088 0.478942 -0.168858 -0.271989 0.271989 -0.923062 0.183964 -0.602172 1 7 1.000000
  7 -0.111425 0.512279 -0.143751 -0.405431 0.405431 -0.819299 0.162478 -0.580686 1 7 1.000000
  7 -0.055216 0.496492 -0.168858 -0.192325 0.333117 -0.923062 0.196678 -0.592416 1 7 1.000000
chr009a01
  7 -0.078088 0.478942 -0.168858 -0.271989 0.271989 -0.923062 0.183964 -0.602172 1 7 1.000000
  7 -0.055216 0.496492 -0.168858 -0.192325 0.333117 -0.923062 0.196678 -0.592416 1 7 1.000000
  7 -0.028434 0.450104 -0.184530 -0.097776 0.169353 -0.980693 0.211983 -0.618924 1 7 1.000000
chr009a01
  7 -0.014719 0.455785 -0.184530 -0.050613 0.188889 -0.980693 0.219405 -0.615850 1 7 1.000000
  7 0.000000 0.400854 -0.189857 0.000000 0.000000 -1.000000 0.227372 -0.645579 1 7 1.000000
  7 -0.028434 0.450104 -0.184530 -0.097776 0.169353 -0.980693 0.211983 -0.618924 1 7 1.000000
chr009a01
  7 -0.028434 0.450104 -0.184530 -0.097776 0.169353 -0.980693 0.211983 -0.618924 1 7 1.000000
  7 -0.055216 0.496492 -0.168858 -0.192325 0.333117 -0.923062 0.196678 -0.592416 1 7 1.000000
  7 -0.014719 0.455785 -0.184530 -0.050613 0.188889 -0.980693 0.219405 -0.615850 1 7 1.000000
chr009a01
  7 0.000000 0.343985 -0.184530 0.000000 -0.195552 -0.980693 0.227371 -0.676357 1 7 1.000000
  7 0.000000 0.290421 -0.168858 0.000000 -0.384651 -0.923062 0.227372 -0.706967 1 7 1.000000
  7 -0.014719 0.345923 -0.184530 -0.050612 -0.188889 -0.980693 0.219406 -0.675308 1 7 1.000000
chr009a01
  7 -0.014719 0.345923 -0.184530 -0.050612 -0.188889 -0.980693 0.219406 -0.675308 1 7 1.000000
  7 -0.028582 0.294184 -0.168858 -0.099555 -0.371544 -0.923062 0.211484 -0.704875 1 7 1.000000
  7 -0.028434 0.351604 -0.184530 -0.097776 -0.169353 -0.980693 0.211983 -0.672234 1 7 1.000000
chr009a01
  7 -0.028582 0.294184 -0.168858 -0.099555 -0.371544 -0.923062 0.211484 -0.704875 1 7 1.000000
  7 -0.055216 0.305217 -0.168858 -0.192325 -0.333117 -0.923062 0.196678 -0.698742 1 7 1.000000
  7 -0.028434 0.351604 -0.184530 -0.097776 -0.169353 -0.980693 0.211983 -0.672234 1 7 1.000000
chr009a01
  7 0.000000 0.290421 -0.168858 0.000000 -0.384651 -0.923062 0.227372 -0.706967 1 7 1.000000
  7 -0.028582 0.294184 -0.168858 -0.099555 -0.371544 -0.923062 0.211484 -0.704875 1 7 1.000000
  7 -0.014719 0.345923 -0.184530 -0.050612 -0.188889 -0.980693 0.219406 -0.675308 1 7 1.000000
chr009a01
  7 -0.028582 0.294184 -0.168858 -0.099555 -0.371544 -0.923062 0.211484 -0.704875 1 7 1.000000
  7 -0.040784 0.248645 -0.143751 -0.148398 -0.553829 -0.819299 0.203619 -0.734225 1 7 1.000000
  7 -0.055216 0.305217 -0.168858 -0.192325 -0.333117 -0.923062 0.196678 -0.698742 1 7 1.000000
chr009a01
  7 -0.040784 0.248645 -0.143751 -0.148398 -0.553829 -0.819299 0.203619 -0.734225 1 7 1.000000
  7 -0.078789 0.264387 -0.143751 -0.286683 -0.496550 -0.819299 0.181485 -0.725057 1 7 1.000000
  7 -0.055216 0.305217 -0.168858 -0.192325 -0.333117 -0.923062 0.196678 -0.698742 1 7 1.000000
chr009a01
  7 -0.055216 0.305217 -0.168858 -0.192325 -0.333117 -0.923062 0.196678 -0.698742 1 7 1.000000
  7 -0.078789 0.264387 -0.143751 -0.286683 -0.496550 -0.819299 0.181485 -0.725057 1 7 1.000000
  7 -0.078088 0.322767 -0.168858 -0.271989 -0.271989 -0.923062 0.183964 -0.688987 1 7 1.000000
chr009a01
  7 -0.078789 0.264387 -0.143751 -0.286683 -0.496550 -0.819299 0.181485 -0.725057 1 7 1.000000
  7 -0.111425 0.289429 -0.143751 -0.405431 -0.405431 -0.819299 0.162478 -0.710472 1 7 1.000000
  7 -0.078088 0.322767 -0.168858 -0.271989 -0.271989 -0.923062 0.183964 -0.688987 1 7 1.000000
chr009a01
  7 -0.078789 0.264387 -0.143751 -0.286683 -0.496550 -0.819299 0.181485 -0.725057 1 7 1.000000
  7 -0.097783 0.231488 -0.110670 -0.376279 -0.651734 -0.658526 0.166306 -0.751348 1 7 1.000000
  7 -0.111425 0.289429 -0.143751 -0.405431 -0.405431 -0.819299 0.162478 -0.710472 1 7 1.000000
chr009a01
  7 -0.111425 0.289429 -0.143751 -0.405431 -0.405431 -0.819299 0.162478 -0.710472 1 7 1.000000
  7 -0.138287 0.262568 -0.110670 -0.532139 -0.532139 -0.658526 0.141011 -0.731940 1 7 1.000000
  7 -0.136467 0.322065 -0.143751 -0.496550 -0.286683 -0.819299 0.147894 -0.691465 1 7 1.000000
chr009a01
  7 -0.138287 0.262568 -0.110670 -0.532139 -0.532139 -0.658526 0.141011 -0.731940 1 7 1.000000
  7 -0.169366 0.303071 -0.110670 -0.651735 -0.376279 -0.658526 0.121602 -0.706645 1 7 1.000000
  7 -0.136467 0.322065 -0.143751 -0.496550 -0.286683 -0.819299 0.147894 -0.691465 1 7 1.000000
chr009a01
  7 -0.097783 0.231488 -0.110670 -0.376279 -0.651734 -0.658526 0.166306 -0.751348 1 7 1.000000
  7 -0.138287 0.262568 -0.110670 -0.532139 -0.532139 -0.658526 0.141011 -0.731940 1 7 1.000000
  7 -0.111425 0.289429 -0.143751 -0.405431 -0.405431 -0.819299 0.162478 -0.710472 1 7 1.000000
chr009a01
  7 -0.138287 0.262568 -0.110670 -0.532139 -0.532139 -0.658526 0.141011 -0.731940 1 7 1.000000
  7 -0.157112 0.243743 -0.071536 -0.637278 -0.637278 -0.433306 0.117003 -0.755948 1 7 1.000000
  7 -0.169366 0.303071 -0.110670 -0.651735 -0.376279 -0.658526 0.121602 -0.706645 1 7 1.000000
chr009a01
  7 -0.157112 0.243743 -0.071536 -0.637278 -0.637278 -0.433306 0.117003 -0.755948 1 7 1.000000
  7 -0.192422 0.289760 -0.071536 -0.780503 -0.450624 -0.433305 0.092198 -0.723622 1 7 1.000000
  7 -0.169366 0.303071 -0.110670 -0.651735 -0.376279 -0.658526 0.121602 -0.706645 1 7 1.000000
chr009a01
  7 -0.055216 0.496492 -0.168858 -0.192325 0.333117 -0.923062 0.196678 -0.592416 1 7 1.000000
  7 -0.028582 0.507524 -0.168858 -0.099555 0.371544 -0.923062 0.211484 -0.586284 1 7 1.000000
  7 -0.014719 0.455785 -0.184530 -0.050613 0.188889 -0.980693 0.219405 -0.615850 1 7 1.000000
chr009a01
  7 -0.157112 0.243743 -0.071536 -0.637278 -0.637278 -0.433306 0.117003 -0.755948 1 7 1.000000
  7 -0.166806 0.234049 -0.028624 -0.698881 -0.698881 -0.152089 0.099223 -0.773728 1 7 1.000000
  7 -0.192422 0.289760 -0.071536 -0.780503 -0.450624 -0.433305 0.092198 -0.723622 1 7 1.000000
chr009a01
  7 -0.192422 0.289760 -0.071536 -0.780503 -0.450624 -0.433305 0.092198 -0.723622 1 7 1.000000
  7 -0.204294 0.282905 -0.028624 -0.855951 -0.494183 -0.152089 0.070423 -0.736193 1 7 1.000000
  7 -0.214618 0.343348 -0.071536 -0.870538 -0.233260 -0.433305 0.076606 -0.685977 1 7 1.000000
chr009a01
  7 -0.204294 0.282905 -0.028624 -0.855951 -0.494183 -0.152089 0.070423 -0.736193 1 7 1.000000
  7 -0.227861 0.339799 -0.028624 -0.954689 -0.255808 -0.152089 0.052318 -0.692485 1 7 1.000000
  7 -0.214618 0.343348 -0.071536 -0.870538 -0.233260 -0.433305 0.076606 -0.685977 1 7 1.000000
chr009a01
  7 -0.166806 0.234049 -0.028624 -0.698881 -0.698881 -0.152089 0.099223 -0.773728 1 7 1.000000
  7 -0.204294 0.282905 -0.028624 -0.855951 -0.494183 -0.152089 0.070423 -0.736193 1 7 1.000000
  7 -0.192422 0.289760 -0.071536 -0.780503 -0.450624 -0.433305 0.092198 -0.723622 1 7 1.000000
chr009a01
  7 -0.204294 0.282905 -0.028624 -0.855951 -0.494183 -0.152089 0.070423 -0.736193 1 7 1.000000
  7 -0.204294 0.282905 0.015572 -0.855951 -0.494183 0.152088 0.038424 -0.754668 1 7 1.000000
  7 -0.227861 0.339799 -0.028624 -0.954689 -0.255808 -0.152089 0.052318 -0.692485 1 7 1.000000
chr009a01
  7 -0.204294 0.282905 0.015572 -0.855951 -0.494183 0.152088 0.038424 -0.754668 1 7 1.000000
  7 -0.227861 0.339799 0.015572 -0.954689 -0.255808 0.152088 0.016628 -0.702048 1 7 1.000000
  7 -0.227861 0.339799 -0.028624 -0.954689 -0.255808 -0.152089 0.052318 -0.692485 1 7 1.000000
chr009a01
  7 -0.227861 0.339799 -0.028624 -0.954689 -0.255808 -0.152089 0.052318 -0.692485 1 7 1.000000
  7 -0.227861 0.339799 0.015572 -0.954689 -0.255808 0.152088 0.016628 -0.702048 1 7 1.000000
  7 -0.235899 0.400854 -0.028624 -0.988367 0.000000 -0.152089 0.046143 -0.645579 1 7 1.000000
chr009a01
  7 -0.227861 0.339799 0.015572 -0.954689 -0.255808 0.152088 0.016628 -0.702048 1 7 1.000000
  7 -0.235899 0.400854 0.015572 -0.988367 -0.000000 0.152088 0.009194 -0.645579 1 7 1.000000
  7 -0.235899 0.400854 -0.028624 -0.988367 0.000000 -0.152089 0.046143 -0.645579 1 7 1.000000
chr009a01
  7 -0.097783 0.231488 -0.110670 -0.376279 -0.651734 -0.658526 0.166306 -0.751348 1 7 1.000000
  7 -0.111095 0.208433 -0.071536 -0.450624 -0.780503 -0.433305 0.149329 -0.780753 1 7 1.000000
  7 -0.138287 0.262568 -0.110670 -0.532139 -0.532139 -0.658526 0.141011 -0.731940 1 7 1.000000
chr009a01
  7 -0.111095 0.208433 -0.071536 -0.450624 -0.780503 -0.433305 0.149329 -0.780753 1 7 1.000000
  7 -0.157112 0.243743 -0.071536 -0.637278 -0.637278 -0.433306 0.117003 -0.755948 1 7 1.000000
  7 -0.138287 0.262568 -0.110670 -0.532139 -0.532139 -0.658526 0.141011 -0.731940 1 7 1.000000
chr009a01
  7 -0.235899 0.400854 -0.028624 -0.988367 0.000000 -0.152089 0.046143 -0.645579 1 7 1.000000
  7 -0.227861 0.461909 -0.028624 -0.954689 0.255808 -0.152088 0.052318 -0.598673 1 7 1.000000
  7 -0.214618 0.458361 -0.071536 -0.870538 0.233260 -0.433305 0.076606 -0.605182 1 7 1.000000
chr009a01
  7 -0.235899 0.400854 -0.028624 -0.988367 0.000000 -0.152089 0.046143 -0.645579 1 7 1.000000
  7 -0.235899 0.400854 0.015572 -0.988367 -0.000000 0.152088 0.009194 -0.645579 1 7 1.000000
  7 -0.227861 0.461909 -0.028624 -0.954689 0.255808 -0.152088 0.052318 -0.598673 1 7 1.000000
chr009a01
  7 -0.235899 0.400854 0.015572 -0.988367 -0.000000 0.152088 0.009194 -0.645579 1 7 1.000000
  7 -0.227861 0.461909 0.015572 -0.954689 0.255808 0.152088 0.016628 -0.589111 1 7 1.000000
  7 -0.227861 0.461909 -0.028624 -0.954689 0.255808 -0.152088 0.052318 -0.598673 1 7 1.000000
chr009a01
  7 -0.214618 0.458361 -0.071536 -0.870538 0.233260 -0.433305 0.076606 -0.605182 1 7 1.000000
  7 -0.192422 0.511949 -0.071536 -0.780503 0.450624 -0.433305 0.092198 -0.567537 1 7 1.000000
  7 -0.169366 0.498638 -0.110670 -0.651734 0.376279 -0.658526 0.121602 -0.584513 1 7 1.000000
chr009a01
  7 -0.214618 0.458361 -0.071536 -0.870538 0.233260 -0.433305 0.076606 -0.605182 1 7 1.000000
  7 -0.227861 0.461909 -0.028624 -0.954689 0.255808 -0.152088 0.052318 -0.598673 1 7 1.000000
  7 -0.192422 0.511949 -0.071536 -0.780503 0.450624 -0.433305 0.092198 -0.567537 1 7 1.000000
chr009a01
  7 -0.227861 0.461909 -0.028624 -0.954689 0.255808 -0.152088 0.052318 -0.598673 1 7 1.000000
  7 -0.227861 0.461909 0.015572 -0.954689 0.255808 0.152088 0.016628 -0.589111 1 7 1.000000
  7 -0.204294 0.518804 -0.028624 -0.855951 0.494183 -0.152088 0.070423 -0.554965 1 7 1.000000
chr009a01
  7 -0.227861 0.461909 -0.028624 -0.954689 0.255808 -0.152088 0.052318 -0.598673 1 7 1.000000
  7 -0.204294 0.518804 -0.028624 -0.855951 0.494183 -0.152088 0.070423 -0.554965 1 7 1.000000
  7 -0.192422 0.511949 -0.071536 -0.780503 0.450624 -0.433305 0.092198 -0.567537 1 7 1.000000
chr009a01
  7 -0.169366 0.498638 -0.110670 -0.651734 0.376279 -0.658526 0.121602 -0.584513 1 7 1.000000
  7 -0.138287 0.539141 -0.110670 -0.532139 0.532139 -0.658526 0.141011 -0.559219 1 7 1.000000
  7 -0.111425 0.512279 -0.143751 -0.405431 0.405431 -0.819299 0.162478 -0.580686 1 7 1.000000
chr009a01
  7 -0.169366 0.498638 -0.110670 -0.651734 0.376279 -0.658526 0.121602 -0.584513 1 7 1.000000
  7 -0.192422 0.511949 -0.071536 -0.780503 0.450624 -0.433305 0.092198 -0.567537 1 7 1.000000
  7 -0.138287 0.539141 -0.110670 -0.532139 0.532139 -0.658526 0.141011 -0.559219 1 7 1.000000
chr009a01
  7 -0.192422 0.511949 -0.071536 -0.780503 0.450624 -0.433305 0.092198 -0.567537 1 7 1.000000
  7 -0.157112 0.557966 -0.071536 -0.637278 0.637278 -0.433305 0.117003 -0.535211 1 7 1.000000
  7 -0.138287 0.539141 -0.110670 -0.532139 0.532139 -0.658526 0.141011 -0.559219 1 7 1.000000
chr009a01
  7 -0.192422 0.511949 -0.071536 -0.780503 0.450624 -0.433305 0.092198 -0.567537 1 7 1.000000
  7 -0.204294 0.518804 -0.028624 -0.855951 0.494183 -0.152088 0.070423 -0.554965 1 7 1.000000
  7 -0.157112 0.557966 -0.071536 -0.637278 0.637278 -0.433305 0.117003 -0.535211 1 7 1.000000
chr009a01
  7 -0.111425 0.512279 -0.143751 -0.405431 0.405431 -0.819299 0.162478 -0.580686 1 7 1.000000
  7 -0.078789 0.537322 -0.143751 -0.286683 0.496550 -0.819299 0.181485 -0.566102 1 7 1.000000
  7 -0.055216 0.496492 -0.168858 -0.192325 0.333117 -0.923062 0.196678 -0.592416 1 7 1.000000
chr009a01
  7 -0.055216 0.496492 -0.168858 -0.192325 0.333117 -0.923062 0.196678 -0.592416 1 7 1.000000
  7 -0.078789 0.537322 -0.143751 -0.286683 0.496550 -0.819299 0.181485 -0.566102 1 7 1.000000
  7 -0.028582 0.507524 -0.168858 -0.099555 0.371544 -0.923062 0.211484 -0.586284 1 7 1.000000
chr009a01
  7 -0.111425 0.512279 -0.143751 -0.405431 0.405431 -0.819299 0.162478 -0.580686 1 7 1.000000
  7 -0.138287 0.539141 -0.110670 -0.532139 0.532139 -0.658526 0.141011 -0.559219 1 7 1.000000
  7 -0.078789 0.537322 -0.143751 -0.286683 0.496550 -0.819299 0.181485 -0.566102 1 7 1.000000
chr009a01
  7 -0.138287 0.539141 -0.110670 -0.532139 0.532139 -0.658526 0.141011 -0.559219 1 7 1.000000
  7 -0.157112 0.557966 -0.071536 -0.637278 0.637278 -0.433305 0.117003 -0.535211 1 7 1.000000
  7 -0.097783 0.570220 -0.110670 -0.376279 0.651735 -0.658526 0.166306 -0.539810 1 7 1.000000
chr009a01
  7 -0.138287 0.539141 -0.110670 -0.532139 0.532139 -0.658526 0.141011 -0.559219 1 7 1.000000
  7 -0.097783 0.570220 -0.110670 -0.376279 0.651735 -0.658526 0.166306 -0.539810 1 7 1.000000
  7 -0.078789 0.537322 -0.143751 -0.286683 0.496550 -0.819299 0.181485 -0.566102 1 7 1.000000
chr009a01
  7 -0.078789 0.537322 -0.143751 -0.286683 0.496550 -0.819299 0.181485 -0.566102 1 7 1.000000
  7 -0.040784 0.553064 -0.143751 -0.148398 0.553829 -0.819299 0.203620 -0.556934 1 7 1.000000
  7 -0.028582 0.507524 -0.168858 -0.099555 0.371544 -0.923062 0.211484 -0.586284 1 7 1.000000
chr009a01
  7 -0.078789 0.537322 -0.143751 -0.286683 0.496550 -0.819299 0.181485 -0.566102 1 7 1.000000
  7 -0.097783 0.570220 -0.110670 -0.376279 0.651735 -0.658526 0.166306 -0.539810 1 7 1.000000
  7 -0.040784 0.553064 -0.143751 -0.148398 0.553829 -0.819299 0.203620 -0.556934 1 7 1.000000
chr009a01
  7 -0.057507 0.186236 -0.071536 -0.233260 -0.870538 -0.433305 0.186974 -0.796345 1 7 1.000000
  7 -0.111095 0.208433 -0.071536 -0.450624 -0.780503 -0.433305 0.149329 -0.780753 1 7 1.000000
  7 -0.097783 0.231488 -0.110670 -0.376279 -0.651734 -0.658526 0.166306 -0.751348 1 7 1.000000
chr009a01
  7 -0.050616 0.211951 -0.110670 -0.194777 -0.726915 -0.658526 0.195761 -0.763550 1 7 1.000000
  7 -0.057507 0.186236 -0.071536 -0.233260 -0.870538 -0.433305 0.186974 -0.796345 1 7 1.000000
  7 -0.097783 0.231488 -0.110670 -0.376279 -0.651734 -0.658526 0.166306 -0.751348 1 7 1.000000
chr009a01
  7 -0.040784 0.248645 -0.143751 -0.148398 -0.553829 -0.819299 0.203619 -0.734225 1 7 1.000000
  7 -0.050616 0.211951 -0.110670 -0.194777 -0.726915 -0.658526 0.195761 -0.763550 1 7 1.000000
  7 -0.078789 0.264387 -0.143751 -0.286683 -0.496550 -0.819299 0.181485 -0.725057 1 7 1.000000
chr009a01
  7 -0.050616 0.211951 -0.110670 -0.194777 -0.726915 -0.658526 0.195761 -0.763550 1 7 1.000000
  7 -0.097783 0.231488 -0.110670 -0.376279 -0.651734 -0.658526 0.166306 -0.751348 1 7 1.000000
  7 -0.078789 0.264387 -0.143751 -0.286683 -0.496550 -0.819299 0.181485 -0.725057 1 7 1.000000
chr009a01
  7 -0.227861 0.461909 0.015572 -0.954689 0.255808 0.152088 0.016628 -0.589111 1 7 1.000000
  7 -0.204294 0.518804 0.015572 -0.855951 0.494183 0.152089 0.038424 -0.536490 1 7 1.000000
  7 -0.204294 0.518804 -0.028624 -0.855951 0.494183 -0.152088 0.070423 -0.554965 1 7 1.000000
chr009a01
  7 -0.204294 0.518804 -0.028624 -0.855951 0.494183 -0.152088 0.070423 -0.554965 1 7 1.000000
  7 -0.166806 0.567660 -0.028624 -0.698881 0.698881 -0.152089 0.099224 -0.517431 1 7 1.000000
  7 -0.157112 0.557966 -0.071536 -0.637278 0.637278 -0.433305 0.117003 -0.535211 1 7 1.000000
chr009a01
  7 -0.204294 0.518804 -0.028624 -0.855951 0.494183 -0.152088 0.070423 -0.554965 1 7 1.000000
  7 -0.204294 0.518804 0.015572 -0.855951 0.494183 0.152089 0.038424 -0.536490 1 7 1.000000
  7 -0.166806 0.567660 -0.028624 -0.698881 0.698881 -0.152089 0.099224 -0.517431 1 7 1.000000
chr009a01
  7 -0.157112 0.557966 -0.071536 -0.637278 0.637278 -0.433305 0.117003 -0.535211 1 7 1.000000
  7 -0.111095 0.593276 -0.071536 -0.450623 0.780503 -0.433305 0.149329 -0.510406 1 7 1.000000
  7 -0.097783 0.570220 -0.110670 -0.376279 0.651735 -0.658526 0.166306 -0.539810 1 7 1.000000
chr009a01
  7 -0.157112 0.557966 -0.071536 -0.637278 0.637278 -0.433305 0.117003 -0.535211 1 7 1.000000
  7 -0.166806 0.567660 -0.028624 -0.698881 0.698881 -0.152089 0.099224 -0.517431 1 7 1.000000
  7 -0.111095 0.593276 -0.071536 -0.450623 0.780503 -0.433305 0.149329 -0.510406 1 7 1.000000
chr009a01
  7 -0.097783 0.570220 -0.110670 -0.376279 0.651735 -0.658526 0.166306 -0.539810 1 7 1.000000
  7 -0.111095 0.593276 -0.071536 -0.450623 0.780503 -0.433305 0.149329 -0.510406 1 7 1.000000
  7 -0.050616 0.589757 -0.110670 -0.194776 0.726916 -0.658526 0.195762 -0.527609 1 7 1.000000
chr009a01
  7 -0.097783 0.570220 -0.110670 -0.376279 0.651735 -0.658526 0.166306 -0.539810 1 7 1.000000
  7 -0.050616 0.589757 -0.110670 -0.194776 0.726916 -0.658526 0.195762 -0.527609 1 7 1.000000
  7 -0.040784 0.553064 -0.143751 -0.148398 0.553829 -0.819299 0.203620 -0.556934 1 7 1.000000
chr009a01
  7 -0.028582 0.507524 -0.168858 -0.099555 0.371544 -0.923062 0.211484 -0.586284 1 7 1.000000
  7 -0.040784 0.553064 -0.143751 -0.148398 0.553829 -0.819299 0.203620 -0.556934 1 7 1.000000
  7 0.000000 0.511287 -0.168858 0.000000 0.384651 -0.923062 0.227371 -0.584192 1 7 1.000000
chr009a01
  7 0.000000 0.457723 -0.184530 0.000000 0.195552 -0.980693 0.227372 -0.614802 1 7 1.000000
  7 0.000000 0.400854 -0.189857 0.000000 0.000000 -1.000000 0.227372 -0.645579 1 7 1.000000
  7 -0.014719 0.455785 -0.184530 -0.050613 0.188889 -0.980693 0.219405 -0.615850 1 7 1.000000
chr009a01
  7 -0.014719 0.455785 -0.184530 -0.050613 0.188889 -0.980693 0.219405 -0.615850 1 7 1.000000
  7 -0.028582 0.507524 -0.168858 -0.099555 0.371544 -0.923062 0.211484 -0.586284 1 7 1.000000
  7 0.000000 0.457723 -0.184530 0.000000 0.195552 -0.980693 0.227372 -0.614802 1 7 1.000000
chr009a01
  7 -0.028582 0.507524 -0.168858 -0.099555 0.371544 -0.923062 0.211484 -0.586284 1 7 1.000000
  7 0.000000 0.511287 -0.168858 0.000000 0.384651 -0.923062 0.227371 -0.584192 1 7 1.000000
  7 0.000000 0.457723 -0.184530 0.000000 0.195552 -0.980693 0.227372 -0.614802 1 7 1.000000
chr009a01
  7 0.014719 0.455785 -0.184530 0.050613 0.188889 -0.980693 0.235338 -0.615850 1 7 1.000000
  7 0.000000 0.400854 -0.189857 0.000000 0.000000 -1.000000 0.227372 -0.645579 1 7 1.000000
  7 0.000000 0.457723 -0.184530 0.000000 0.195552 -0.980693 0.227372 -0.614802 1 7 1.000000
chr009a01
  7 0.000000 0.457723 -0.184530 0.000000 0.195552 -0.980693 0.227372 -0.614802 1 7 1.000000
  7 0.000000 0.511287 -0.168858 0.000000 0.384651 -0.923062 0.227371 -0.584192 1 7 1.000000
  7 0.014719 0.455785 -0.184530 0.050613 0.188889 -0.980693 0.235338 -0.615850 1 7 1.000000
chr009a01
  7 -0.040784 0.553064 -0.143751 -0.148398 0.553829 -0.819299 0.203620 -0.556934 1 7 1.000000
  7 -0.050616 0.589757 -0.110670 -0.194776 0.726916 -0.658526 0.195762 -0.527609 1 7 1.000000
  7 0.000000 0.558433 -0.143751 0.000000 0.573366 -0.819299 0.227371 -0.553806 1 7 1.000000
chr009a01
  7 -0.040784 0.553064 -0.143751 -0.148398 0.553829 -0.819299 0.203620 -0.556934 1 7 1.000000
  7 0.000000 0.558433 -0.143751 0.000000 0.573366 -0.819299 0.227371 -0.553806 1 7 1.000000
  7 0.000000 0.511287 -0.168858 0.000000 0.384651 -0.923062 0.227371 -0.584192 1 7 1.000000
chr009a01
  7 0.000000 0.511287 -0.168858 0.000000 0.384651 -0.923062 0.227371 -0.584192 1 7 1.000000
  7 0.000000 0.558433 -0.143751 0.000000 0.573366 -0.819299 0.227371 -0.553806 1 7 1.000000
  7 0.028582 0.507524 -0.168858 0.099555 0.371544 -0.923062 0.243260 -0.586283 1 7 1.000000
chr009a01
  7 0.000000 0.511287 -0.168858 0.000000 0.384651 -0.923062 0.227371 -0.584192 1 7 1.000000
  7 0.028582 0.507524 -0.168858 0.099555 0.371544 -0.923062 0.243260 -0.586283 1 7 1.000000
  7 0.014719 0.455785 -0.184530 0.050613 0.188889 -0.980693 0.235338 -0.615850 1 7 1.000000
chr009a01
  7 0.028434 0.450104 -0.184530 0.097776 0.169353 -0.980693 0.242760 -0.618924 1 7 1.000000
  7 0.000000 0.400854 -0.189857 0.000000 0.000000 -1.000000 0.227372 -0.645579 1 7 1.000000
  7 0.014719 0.455785 -0.184530 0.050613 0.188889 -0.980693 0.235338 -0.615850 1 7 1.000000
chr009a01
  7 0.014719 0.455785 -0.184530 0.050613 0.188889 -0.980693 0.235338 -0.615850 1 7 1.000000
  7 0.028582 0.507524 -0.168858 0.099555 0.371544 -0.923062 0.243260 -0.586283 1 7 1.000000
  7 0.028434 0.450104 -0.184530 0.097776 0.169353 -0.980693 0.242760 -0.618924 1 7 1.000000
chr009a01
  7 0.000000 0.178665 -0.071536 0.000000 -0.901247 -0.433305 0.227372 -0.801664 1 7 1.000000
  7 -0.057507 0.186236 -0.071536 -0.233260 -0.870538 -0.433305 0.186974 -0.796345 1 7 1.000000
  7 -0.050616 0.211951 -0.110670 -0.194777 -0.726915 -0.658526 0.195761 -0.763550 1 7 1.000000
chr009a01
  7 0.000000 0.205287 -0.110670 0.000000 -0.752558 -0.658526 0.227372 -0.767711 1 7 1.000000
  7 -0.050616 0.211951 -0.110670 -0.194777 -0.726915 -0.658526 0.195761 -0.763550 1 7 1.000000
  7 -0.040784 0.248645 -0.143751 -0.148398 -0.553829 -0.819299 0.203619 -0.734225 1 7 1.000000
chr009a01
  7 0.000000 0.205287 -0.110670 0.000000 -0.752558 -0.658526 0.227372 -0.767711 1 7 1.000000
  7 0.000000 0.178665 -0.071536 0.000000 -0.901247 -0.433305 0.227372 -0.801664 1 7 1.000000
  7 -0.050616 0.211951 -0.110670 -0.194777 -0.726915 -0.658526 0.195761 -0.763550 1 7 1.000000
chr009a01
  7 0.000000 0.243275 -0.143751 0.000000 -0.573366 -0.819299 0.227371 -0.737352 1 7 1.000000
  7 0.000000 0.205287 -0.110670 0.000000 -0.752558 -0.658526 0.227372 -0.767711 1 7 1.000000
  7 -0.040784 0.248645 -0.143751 -0.148398 -0.553829 -0.819299 0.203619 -0.734225 1 7 1.000000
chr009a01
  7 0.000000 0.243275 -0.143751 0.000000 -0.573366 -0.819299 0.227371 -0.737352 1 7 1.000000
  7 -0.040784 0.248645 -0.143751 -0.148398 -0.553829 -0.819299 0.203619 -0.734225 1 7 1.000000
  7 -0.028582 0.294184 -0.168858 -0.099555 -0.371544 -0.923062 0.211484 -0.704875 1 7 1.000000
chr009a01
  7 0.000000 0.290421 -0.168858 0.000000 -0.384651 -0.923062 0.227372 -0.706967 1 7 1.000000
  7 0.000000 0.243275 -0.143751 0.000000 -0.573366 -0.819299 0.227371 -0.737352 1 7 1.000000
  7 -0.028582 0.294184 -0.168858 -0.099555 -0.371544 -0.923062 0.211484 -0.704875 1 7 1.000000
chr009a01
  7 0.040784 0.248645 -0.143751 0.148398 -0.553829 -0.819299 0.251124 -0.734225 1 7 1.000000
  7 0.000000 0.243275 -0.143751 0.000000 -0.573366 -0.819299 0.227371 -0.737352 1 7 1.000000
  7 0.000000 0.290421 -0.168858 0.000000 -0.384651 -0.923062 0.227372 -0.706967 1 7 1.000000
chr009a01
  7 0.028582 0.294184 -0.168858 0.099555 -0.371544 -0.923062 0.243260 -0.704875 1 7 1.000000
  7 0.000000 0.290421 -0.168858 0.000000 -0.384651 -0.923062 0.227372 -0.706967 1 7 1.000000
  7 0.000000 0.343985 -0.184530 0.000000 -0.195552 -0.980693 0.227371 -0.676357 1 7 1.000000
chr009a01
  7 0.028582 0.294184 -0.168858 0.099555 -0.371544 -0.923062 0.243260 -0.704875 1 7 1.000000
  7 0.040784 0.248645 -0.143751 0.148398 -0.553829 -0.819299 0.251124 -0.734225 1 7 1.000000
  7 0.000000 0.290421 -0.168858 0.000000 -0.384651 -0.923062 0.227372 -0.706967 1 7 1.000000
chr009a01
  7 0.000000 0.343985 -0.184530 0.000000 -0.195552 -0.980693 0.227371 -0.676357 1 7 1.000000
  7 0.000000 0.400854 -0.189857 0.000000 0.000000 -1.000000 0.227372 -0.645579 1 7 1.000000
  7 0.014719 0.345923 -0.184530 0.050612 -0.188889 -0.980693 0.235338 -0.675308 1 7 1.000000
chr009a01
  7 0.014719 0.345923 -0.184530 0.050612 -0.188889 -0.980693 0.235338 -0.675308 1 7 1.000000
  7 0.028582 0.294184 -0.168858 0.099555 -0.371544 -0.923062 0.243260 -0.704875 1 7 1.000000
  7 0.000000 0.343985 -0.184530 0.000000 -0.195552 -0.980693 0.227371 -0.676357 1 7 1.000000
chr009a01
  7 0.014719 0.345923 -0.184530 0.050612 -0.188889 -0.980693 0.235338 -0.675308 1 7 1.000000
  7 0.000000 0.400854 -0.189857 0.000000 0.000000 -1.000000 0.227372 -0.645579 1 7 1.000000
  7 0.028435 0.351604 -0.184530 0.097776 -0.169353 -0.980693 0.242760 -0.672234 1 7 1.000000
chr009a01
  7 0.055216 0.305217 -0.168858 0.192325 -0.333117 -0.923062 0.258065 -0.698742 1 7 1.000000
  7 0.028582 0.294184 -0.168858 0.099555 -0.371544 -0.923062 0.243260 -0.704875 1 7 1.000000
  7 0.014719 0.345923 -0.184530 0.050612 -0.188889 -0.980693 0.235338 -0.675308 1 7 1.000000
chr009a01
  7 0.028435 0.351604 -0.184530 0.097776 -0.169353 -0.980693 0.242760 -0.672234 1 7 1.000000
  7 0.055216 0.305217 -0.168858 0.192325 -0.333117 -0.923062 0.258065 -0.698742 1 7 1.000000
  7 0.014719 0.345923 -0.184530 0.050612 -0.188889 -0.980693 0.235338 -0.675308 1 7 1.000000
chr009a01
  7 0.028435 0.351604 -0.184530 0.097776 -0.169353 -0.980693 0.242760 -0.672234 1 7 1.000000
  7 0.000000 0.400854 -0.189857 0.000000 0.000000 -1.000000 0.227372 -0.645579 1 7 1.000000
  7 0.040212 0.360642 -0.184530 0.138276 -0.138276 -0.980693 0.249135 -0.667343 1 7 1.000000
chr009a01
  7 0.040784 0.248645 -0.143751 0.148398 -0.553829 -0.819299 0.251124 -0.734225 1 7 1.000000
  7 0.050616 0.211951 -0.110670 0.194776 -0.726915 -0.658526 0.258982 -0.763550 1 7 1.000000
  7 0.000000 0.243275 -0.143751 0.000000 -0.573366 -0.819299 0.227371 -0.737352 1 7 1.000000
chr009a01
  7 0.050616 0.211951 -0.110670 0.194776 -0.726915 -0.658526 0.258982 -0.763550 1 7 1.000000
  7 0.000000 0.205287 -0.110670 0.000000 -0.752558 -0.658526 0.227372 -0.767711 1 7 1.000000
  7 0.000000 0.243275 -0.143751 0.000000 -0.573366 -0.819299 0.227371 -0.737352 1 7 1.000000
chr009a01
  7 0.055216 0.305217 -0.168858 0.192325 -0.333117 -0.923062 0.258065 -0.698742 1 7 1.000000
  7 0.078789 0.264387 -0.143751 0.286683 -0.496550 -0.819299 0.273258 -0.725057 1 7 1.000000
  7 0.028582 0.294184 -0.168858 0.099555 -0.371544 -0.923062 0.243260 -0.704875 1 7 1.000000
chr009a01
  7 0.078789 0.264387 -0.143751 0.286683 -0.496550 -0.819299 0.273258 -0.725057 1 7 1.000000
  7 0.040784 0.248645 -0.143751 0.148398 -0.553829 -0.819299 0.251124 -0.734225 1 7 1.000000
  7 0.028582 0.294184 -0.168858 0.099555 -0.371544 -0.923062 0.243260 -0.704875 1 7 1.000000
chr009a01
  7 0.078088 0.322766 -0.168858 0.271989 -0.271989 -0.923062 0.270779 -0.688986 1 7 1.000000
  7 0.055216 0.305217 -0.168858 0.192325 -0.333117 -0.923062 0.258065 -0.698742 1 7 1.000000
  7 0.028435 0.351604 -0.184530 0.097776 -0.169353 -0.980693 0.242760 -0.672234 1 7 1.000000
chr009a01
  7 0.040212 0.360642 -0.184530 0.138276 -0.138276 -0.980693 0.249135 -0.667343 1 7 1.000000
  7 0.078088 0.322766 -0.168858 0.271989 -0.271989 -0.923062 0.270779 -0.688986 1 7 1.000000
  7 0.028435 0.351604 -0.184530 0.097776 -0.169353 -0.980693 0.242760 -0.672234 1 7 1.000000
chr009a01
  7 0.040212 0.360642 -0.184530 0.138276 -0.138276 -0.980693 0.249135 -0.667343 1 7 1.000000
  7 0.000000 0.400854 -0.189857 0.000000 0.000000 -1.000000 0.227372 -0.645579 1 7 1.000000
  7 0.049250 0.372420 -0.184530 0.169353 -0.097776 -0.980693 0.254025 -0.660968 1 7 1.000000
chr009a01
  7 0.049250 0.372420 -0.184530 0.169353 -0.097776 -0.980693 0.254025 -0.660968 1 7 1.000000
  7 0.000000 0.400854 -0.189857 0.000000 0.000000 -1.000000 0.227372 -0.645579 1 7 1.000000
  7 0.054931 0.386136 -0.184530 0.188889 -0.050613 -0.980693 0.257101 -0.653545 1 7 1.000000
chr009a01
  7 0.078789 0.264387 -0.143751 0.286683 -0.496550 -0.819299 0.273258 -0.725057 1 7 1.000000
  7 0.097783 0.231488 -0.110670 0.376279 -0.651734 -0.658526 0.288438 -0.751348 1 7 1.000000
  7 0.040784 0.248645 -0.143751 0.148398 -0.553829 -0.819299 0.251124 -0.734225 1 7 1.000000
chr009a01
  7 0.097783 0.231488 -0.110670 0.376279 -0.651734 -0.658526 0.288438 -0.751348 1 7 1.000000
  7 0.050616 0.211951 -0.110670 0.194776 -0.726915 -0.658526 0.258982 -0.763550 1 7 1.000000
  7 0.040784 0.248645 -0.143751 0.148398 -0.553829 -0.819299 0.251124 -0.734225 1 7 1.000000
chr009a01
  7 0.111425 0.289429 -0.143751 0.405431 -0.405431 -0.819299 0.292265 -0.710472 1 7 1.000000
  7 0.078789 0.264387 -0.143751 0.286683 -0.496550 -0.819299 0.273258 -0.725057 1 7 1.000000
  7 0.055216 0.305217 -0.168858 0.192325 -0.333117 -0.923062 0.258065 -0.698742 1 7 1.000000
chr009a01
  7 0.078088 0.322766 -0.168858 0.271989 -0.271989 -0.923062 0.270779 -0.688986 1 7 1.000000
  7 0.111425 0.289429 -0.143751 0.405431 -0.405431 -0.819299 0.292265 -0.710472 1 7 1.000000
  7 0.055216 0.305217 -0.168858 0.192325 -0.333117 -0.923062 0.258065 -0.698742 1 7 1.000000
chr009a01
  7 0.049250 0.372420 -0.184530 0.169353 -0.097776 -0.980693 0.254025 -0.660968 1 7 1.000000
  7 0.095638 0.345638 -0.168858 0.333117 -0.192325 -0.923062 0.280535 -0.676273 1 7 1.000000
  7 0.040212 0.360642 -0.184530 0.138276 -0.138276 -0.980693 0.249135 -0.667343 1 7 1.000000
chr009a01
  7 0.095638 0.345638 -0.168858 0.333117 -0.192325 -0.923062 0.280535 -0.676273 1 7 1.000000
  7 0.078088 0.322766 -0.168858 0.271989 -0.271989 -0.923062 0.270779 -0.688986 1 7 1.000000
  7 0.040212 0.360642 -0.184530 0.138276 -0.138276 -0.980693 0.249135 -0.667343 1 7 1.000000
chr009a01
  7 0.054931 0.386136 -0.184530 0.188889 -0.050613 -0.980693 0.257101 -0.653545 1 7 1.000000
  7 0.000000 0.400854 -0.189857 0.000000 0.000000 -1.000000 0.227372 -0.645579 1 7 1.000000
  7 0.056869 0.400854 -0.184530 0.195552 0.000000 -0.980693 0.258150 -0.645579 1 7 1.000000
chr009a01
  7 0.056869 0.400854 -0.184530 0.195552 0.000000 -0.980693 0.258150 -0.645579 1 7 1.000000
  7 0.000000 0.400854 -0.189857 0.000000 0.000000 -1.000000 0.227372 -0.645579 1 7 1.000000
  7 0.054931 0.415573 -0.184530 0.188889 0.050613 -0.980693 0.257101 -0.637614 1 7 1.000000
chr009a01
  7 0.054931 0.415573 -0.184530 0.188889 0.050613 -0.980693 0.257101 -0.637614 1 7 1.000000
  7 0.000000 0.400854 -0.189857 0.000000 0.000000 -1.000000 0.227372 -0.645579 1 7 1.000000
  7 0.049250 0.429289 -0.184530 0.169353 0.097776 -0.980693 0.254025 -0.630190 1 7 1.000000
chr009a01
  7 0.049250 0.429289 -0.184530 0.169353 0.097776 -0.980693 0.254025 -0.630190 1 7 1.000000
  7 0.000000 0.400854 -0.189857 0.000000 0.000000 -1.000000 0.227372 -0.645579 1 7 1.000000
  7 0.040212 0.441067 -0.184530 0.138276 0.138276 -0.980693 0.249135 -0.623816 1 7 1.000000
chr009a01
  7 0.040212 0.441067 -0.184530 0.138276 0.138276 -0.980693 0.249135 -0.623816 1 7 1.000000
  7 0.000000 0.400854 -0.189857 0.000000 0.000000 -1.000000 0.227372 -0.645579 1 7 1.000000
  7 0.028434 0.450104 -0.184530 0.097776 0.169353 -0.980693 0.242760 -0.618924 1 7 1.000000
chr009a01
  7 0.028582 0.507524 -0.168858 0.099555 0.371544 -0.923062 0.243260 -0.586283 1 7 1.000000
  7 0.055216 0.496492 -0.168858 0.192326 0.333117 -0.923062 0.258065 -0.592417 1 7 1.000000
  7 0.028434 0.450104 -0.184530 0.097776 0.169353 -0.980693 0.242760 -0.618924 1 7 1.000000
chr009a01
  7 0.028434 0.450104 -0.184530 0.097776 0.169353 -0.980693 0.242760 -0.618924 1 7 1.000000
  7 0.055216 0.496492 -0.168858 0.192326 0.333117 -0.923062 0.258065 -0.592417 1 7 1.000000
  7 0.040212 0.441067 -0.184530 0.138276 0.138276 -0.980693 0.249135 -0.623816 1 7 1.000000
chr009a01
  7 0.000000 0.558433 -0.143751 0.000000 0.573366 -0.819299 0.227371 -0.553806 1 7 1.000000
  7 0.040784 0.553064 -0.143751 0.148398 0.553829 -0.819299 0.251124 -0.556933 1 7 1.000000
  7 0.028582 0.507524 -0.168858 0.099555 0.371544 -0.923062 0.243260 -0.586283 1 7 1.000000
chr009a01
  7 0.028582 0.507524 -0.168858 0.099555 0.371544 -0.923062 0.243260 -0.586283 1 7 1.000000
  7 0.040784 0.553064 -0.143751 0.148398 0.553829 -0.819299 0.251124 -0.556933 1 7 1.000000
  7 0.055216 0.496492 -0.168858 0.192326 0.333117 -0.923062 0.258065 -0.592417 1 7 1.000000
chr009a01
  7 -0.050616 0.589757 -0.110670 -0.194776 0.726916 -0.658526 0.195762 -0.527609 1 7 1.000000
  7 0.000000 0.596421 -0.110670 0.000000 0.752558 -0.658526 0.227372 -0.523448 1 7 1.000000
  7 0.000000 0.558433 -0.143751 0.000000 0.573366 -0.819299 0.227371 -0.553806 1 7 1.000000
chr009a01
  7 0.000000 0.558433 -0.143751 0.000000 0.573366 -0.819299 0.227371 -0.553806 1 7 1.000000
  7 0.000000 0.596421 -0.110670 0.000000 0.752558 -0.658526 0.227372 -0.523448 1 7 1.000000
  7 0.040784 0.553064 -0.143751 0.148398 0.553829 -0.819299 0.251124 -0.556933 1 7 1.000000
chr009a01
  7 -0.050616 0.589757 -0.110670 -0.194776 0.726916 -0.658526 0.195762 -0.527609 1 7 1.000000
  7 -0.057507 0.615473 -0.071536 -0.233260 0.870538 -0.433305 0.186974 -0.494813 1 7 1.000000
  7 0.000000 0.596421 -0.110670 0.000000 0.752558 -0.658526 0.227372 -0.523448 1 7 1.000000
chr009a01
  7 -0.111095 0.593276 -0.071536 -0.450623 0.780503 -0.433305 0.149329 -0.510406 1 7 1.000000
  7 -0.057507 0.615473 -0.071536 -0.233260 0.870538 -0.433305 0.186974 -0.494813 1 7 1.000000
  7 -0.050616 0.589757 -0.110670 -0.194776 0.726916 -0.658526 0.195762 -0.527609 1 7 1.000000
chr009a01
  7 -0.166806 0.567660 -0.028624 -0.698881 0.698881 -0.152089 0.099224 -0.517431 1 7 1.000000
  7 -0.117949 0.605149 -0.028624 -0.494183 0.855951 -0.152088 0.136757 -0.488630 1 7 1.000000
  7 -0.111095 0.593276 -0.071536 -0.450623 0.780503 -0.433305 0.149329 -0.510406 1 7 1.000000
chr009a01
  7 -0.111095 0.593276 -0.071536 -0.450623 0.780503 -0.433305 0.149329 -0.510406 1 7 1.000000
  7 -0.117949 0.605149 -0.028624 -0.494183 0.855951 -0.152088 0.136757 -0.488630 1 7 1.000000
  7 -0.057507 0.615473 -0.071536 -0.233260 0.870538 -0.433305 0.186974 -0.494813 1 7 1.000000
chr009a01
  7 -0.204294 0.518804 0.015572 -0.855951 0.494183 0.152089 0.038424 -0.536490 1 7 1.000000
  7 -0.166806 0.567660 0.015572 -0.698881 0.698881 0.152089 0.073097 -0.491304 1 7 1.000000
  7 -0.166806 0.567660 -0.028624 -0.698881 0.698881 -0.152089 0.099224 -0.517431 1 7 1.000000
chr009a01
  7 -0.166806 0.567660 -0.028624 -0.698881 0.698881 -0.152089 0.099224 -0.517431 1 7 1.000000
  7 -0.166806 0.567660 0.015572 -0.698881 0.698881 0.152089 0.073097 -0.491304 1 7 1.000000
  7 -0.117949 0.605149 -0.028624 -0.494183 0.855951 -0.152088 0.136757 -0.488630 1 7 1.000000
chr009a01
  7 -0.166806 0.567660 0.015572 -0.698881 0.698881 0.152089 0.073097 -0.491304 1 7 1.000000
  7 -0.117949 0.605149 0.015572 -0.494183 0.855951 0.152089 0.118283 -0.456632 1 7 1.000000
  7 -0.117949 0.605149 -0.028624 -0.494183 0.855951 -0.152088 0.136757 -0.488630 1 7 1.000000
chr009a01
  7 -0.117949 0.605149 -0.028624 -0.494183 0.855951 -0.152088 0.136757 -0.488630 1 7 1.000000
  7 -0.061055 0.628715 -0.028624 -0.255808 0.954689 -0.152088 0.180466 -0.470526 1 7 1.000000
  7 -0.057507 0.615473 -0.071536 -0.233260 0.870538 -0.433305 0.186974 -0.494813 1 7 1.000000
chr009a01
  7 -0.117949 0.605149 -0.028624 -0.494183 0.855951 -0.152088 0.136757 -0.488630 1 7 1.000000
  7 -0.117949 0.605149 0.015572 -0.494183 0.855951 0.152089 0.118283 -0.456632 1 7 1.000000
  7 -0.061055 0.628715 -0.028624 -0.255808 0.954689 -0.152088 0.180466 -0.470526 1 7 1.000000
chr009a01
  7 -0.057507 0.615473 -0.071536 -0.233260 0.870538 -0.433305 0.186974 -0.494813 1 7 1.000000
  7 -0.061055 0.628715 -0.028624 -0.255808 0.954689 -0.152088 0.180466 -0.470526 1 7 1.000000
  7 0.000000 0.623044 -0.071536 0.000000 0.901247 -0.433305 0.227372 -0.489495 1 7 1.000000
chr009a01
  7 -0.057507 0.615473 -0.071536 -0.233260 0.870538 -0.433305 0.186974 -0.494813 1 7 1.000000
  7 0.000000 0.623044 -0.071536 0.000000 0.901247 -0.433305 0.227372 -0.489495 1 7 1.000000
  7 0.000000 0.596421 -0.110670 0.000000 0.752558 -0.658526 0.227372 -0.523448 1 7 1.000000
chr009a01
  7 0.000000 0.596421 -0.110670 0.000000 0.752558 -0.658526 0.227372 -0.523448 1 7 1.000000
  7 0.000000 0.623044 -0.071536 0.000000 0.901247 -0.433305 0.227372 -0.489495 1 7 1.000000
  7 0.050616 0.589757 -0.110670 0.194776 0.726915 -0.658526 0.258982 -0.527609 1 7 1.000000
chr009a01
  7 0.000000 0.596421 -0.110670 0.000000 0.752558 -0.658526 0.227372 -0.523448 1 7 1.000000
  7 0.050616 0.589757 -0.110670 0.194776 0.726915 -0.658526 0.258982 -0.527609 1 7 1.000000
  7 0.040784 0.553064 -0.143751 0.148398 0.553829 -0.819299 0.251124 -0.556933 1 7 1.000000
chr009a01
  7 0.040784 0.553064 -0.143751 0.148398 0.553829 -0.819299 0.251124 -0.556933 1 7 1.000000
  7 0.078789 0.537322 -0.143751 0.286683 0.496550 -0.819299 0.273258 -0.566102 1 7 1.000000
  7 0.055216 0.496492 -0.168858 0.192326 0.333117 -0.923062 0.258065 -0.592417 1 7 1.000000
chr009a01
  7 0.040784 0.553064 -0.143751 0.148398 0.553829 -0.819299 0.251124 -0.556933 1 7 1.000000
  7 0.050616 0.589757 -0.110670 0.194776 0.726915 -0.658526 0.258982 -0.527609 1 7 1.000000
  7 0.078789 0.537322 -0.143751 0.286683 0.496550 -0.819299 0.273258 -0.566102 1 7 1.000000
chr009a01
  7 -0.117949 0.605149 0.015572 -0.494183 0.855951 0.152089 0.118283 -0.456632 1 7 1.000000
  7 -0.061055 0.628715 0.015572 -0.255808 0.954689 0.152088 0.170903 -0.434836 1 7 1.000000
  7 -0.061055 0.628715 -0.028624 -0.255808 0.954689 -0.152088 0.180466 -0.470526 1 7 1.000000
chr009a01
  7 -0.061055 0.628715 -0.028624 -0.255808 0.954689 -0.152088 0.180466 -0.470526 1 7 1.000000
  7 -0.061055 0.628715 0.015572 -0.255808 0.954689 0.152088 0.170903 -0.434836 1 7 1.000000
  7 0.000000 0.636753 -0.028624 0.000000 0.988367 -0.152088 0.227372 -0.464350 1 7 1.000000
chr009a01
  7 -0.061055 0.628715 -0.028624 -0.255808 0.954689 -0.152088 0.180466 -0.470526 1 7 1.000000
  7 0.000000 0.636753 -0.028624 0.000000 0.988367 -0.152088 0.227372 -0.464350 1 7 1.000000
  7 0.000000 0.623044 -0.071536 0.000000 0.901247 -0.433305 0.227372 -0.489495 1 7 1.000000
chr009a01
  7 0.000000 0.623044 -0.071536 0.000000 0.901247 -0.433305 0.227372 -0.489495 1 7 1.000000
  7 0.000000 0.636753 -0.028624 0.000000 0.988367 -0.152088 0.227372 -0.464350 1 7 1.000000
  7 0.057507 0.615473 -0.071536 0.233260 0.870538 -0.433305 0.267769 -0.494813 1 7 1.000000
chr009a01
  7 0.000000 0.623044 -0.071536 0.000000 0.901247 -0.433305 0.227372 -0.489495 1 7 1.000000
  7 0.057507 0.615473 -0.071536 0.233260 0.870538 -0.433305 0.267769 -0.494813 1 7 1.000000
  7 0.050616 0.589757 -0.110670 0.194776 0.726915 -0.658526 0.258982 -0.527609 1 7 1.000000
chr009a01
  7 0.050616 0.589757 -0.110670 0.194776 0.726915 -0.658526 0.258982 -0.527609 1 7 1.000000
  7 0.097783 0.570220 -0.110670 0.376279 0.651735 -0.658526 0.288438 -0.539810 1 7 1.000000
  7 0.078789 0.537322 -0.143751 0.286683 0.496550 -0.819299 0.273258 -0.566102 1 7 1.000000
chr009a01
  7 0.050616 0.589757 -0.110670 0.194776 0.726915 -0.658526 0.258982 -0.527609 1 7 1.000000
  7 0.057507 0.615473 -0.071536 0.233260 0.870538 -0.433305 0.267769 -0.494813 1 7 1.000000
  7 0.097783 0.570220 -0.110670 0.376279 0.651735 -0.658526 0.288438 -0.539810 1 7 1.000000
chr009a01
  7 -0.061055 0.628715 0.015572 -0.255808 0.954689 0.152088 0.170903 -0.434836 1 7 1.000000
  7 0.000000 0.636753 0.015572 0.000000 0.988367 0.152088 0.227372 -0.427402 1 7 1.000000
  7 0.000000 0.636753 -0.028624 0.000000 0.988367 -0.152088 0.227372 -0.464350 1 7 1.000000
chr009a01
  7 0.000000 0.636753 -0.028624 0.000000 0.988367 -0.152088 0.227372 -0.464350 1 7 1.000000
  7 0.000000 0.636753 0.015572 0.000000 0.988367 0.152088 0.227372 -0.427402 1 7 1.000000
  7 0.061055 0.628715 -0.028624 0.255808 0.954689 -0.152088 0.274277 -0.470526 1 7 1.000000
chr009a01
  7 0.000000 0.636753 -0.028624 0.000000 0.988367 -0.152088 0.227372 -0.464350 1 7 1.000000
  7 0.061055 0.628715 -0.028624 0.255808 0.954689 -0.152088 0.274277 -0.470526 1 7 1.000000
  7 0.057507 0.615473 -0.071536 0.233260 0.870538 -0.433305 0.267769 -0.494813 1 7 1.000000
chr009a01
  7 0.057507 0.615473 -0.071536 0.233260 0.870538 -0.433305 0.267769 -0.494813 1 7 1.000000
  7 0.061055 0.628715 -0.028624 0.255808 0.954689 -0.152088 0.274277 -0.470526 1 7 1.000000
  7 0.111095 0.593276 -0.071536 0.450624 0.780503 -0.433305 0.305414 -0.510406 1 7 1.000000
chr009a01
  7 0.057507 0.615473 -0.071536 0.233260 0.870538 -0.433305 0.267769 -0.494813 1 7 1.000000
  7 0.111095 0.593276 -0.071536 0.450624 0.780503 -0.433305 0.305414 -0.510406 1 7 1.000000
  7 0.097783 0.570220 -0.110670 0.376279 0.651735 -0.658526 0.288438 -0.539810 1 7 1.000000
chr009a01
  7 0.078789 0.537322 -0.143751 0.286683 0.496550 -0.819299 0.273258 -0.566102 1 7 1.000000
  7 0.097783 0.570220 -0.110670 0.376279 0.651735 -0.658526 0.288438 -0.539810 1 7 1.000000
  7 0.111425 0.512279 -0.143751 0.405431 0.405431 -0.819299 0.292264 -0.580685 1 7 1.000000
chr009a01
  7 0.055216 0.496492 -0.168858 0.192326 0.333117 -0.923062 0.258065 -0.592417 1 7 1.000000
  7 0.078789 0.537322 -0.143751 0.286683 0.496550 -0.819299 0.273258 -0.566102 1 7 1.000000
  7 0.078088 0.478942 -0.168858 0.271989 0.271989 -0.923062 0.270779 -0.602172 1 7 1.000000
chr009a01
  7 0.055216 0.496492 -0.168858 0.192326 0.333117 -0.923062 0.258065 -0.592417 1 7 1.000000
  7 0.078088 0.478942 -0.168858 0.271989 0.271989 -0.923062 0.270779 -0.602172 1 7 1.000000
  7 0.040212 0.441067 -0.184530 0.138276 0.138276 -0.980693 0.249135 -0.623816 1 7 1.000000
chr009a01
  7 0.040212 0.441067 -0.184530 0.138276 0.138276 -0.980693 0.249135 -0.623816 1 7 1.000000
  7 0.078088 0.478942 -0.168858 0.271989 0.271989 -0.923062 0.270779 -0.602172 1 7 1.000000
  7 0.049250 0.429289 -0.184530 0.169353 0.097776 -0.980693 0.254025 -0.630190 1 7 1.000000
chr009a01
  7 0.078789 0.537322 -0.143751 0.286683 0.496550 -0.819299 0.273258 -0.566102 1 7 1.000000
  7 0.111425 0.512279 -0.143751 0.405431 0.405431 -0.819299 0.292264 -0.580685 1 7 1.000000
  7 0.078088 0.478942 -0.168858 0.271989 0.271989 -0.923062 0.270779 -0.602172 1 7 1.000000
chr009a01
  7 0.078088 0.478942 -0.168858 0.271989 0.271989 -0.923062 0.270779 -0.602172 1 7 1.000000
  7 0.095638 0.456071 -0.168858 0.333117 0.192325 -0.923062 0.280535 -0.614885 1 7 1.000000
  7 0.049250 0.429289 -0.184530 0.169353 0.097776 -0.980693 0.254025 -0.630190 1 7 1.000000
chr009a01
  7 0.078088 0.478942 -0.168858 0.271989 0.271989 -0.923062 0.270779 -0.602172 1 7 1.000000
  7 0.111425 0.512279 -0.143751 0.405431 0.405431 -0.819299 0.292264 -0.580685 1 7 1.000000
  7 0.095638 0.456071 -0.168858 0.333117 0.192325 -0.923062 0.280535 -0.614885 1 7 1.000000
chr009a01
  7 0.049250 0.429289 -0.184530 0.169353 0.097776 -0.980693 0.254025 -0.630190 1 7 1.000000
  7 0.095638 0.456071 -0.168858 0.333117 0.192325 -0.923062 0.280535 -0.614885 1 7 1.000000
  7 0.054931 0.415573 -0.184530 0.188889 0.050613 -0.980693 0.257101 -0.637614 1 7 1.000000
chr009a01
  7 0.054931 0.415573 -0.184530 0.188889 0.050613 -0.980693 0.257101 -0.637614 1 7 1.000000
  7 0.106670 0.429436 -0.168858 0.371544 0.099555 -0.923062 0.286667 -0.629691 1 7 1.000000
  7 0.056869 0.400854 -0.184530 0.195552 0.000000 -0.980693 0.258150 -0.645579 1 7 1.000000
chr009a01
  7 0.095638 0.456071 -0.168858 0.333117 0.192325 -0.923062 0.280535 -0.614885 1 7 1.000000
  7 0.106670 0.429436 -0.168858 0.371544 0.099555 -0.923062 0.286667 -0.629691 1 7 1.000000
  7 0.054931 0.415573 -0.184530 0.188889 0.050613 -0.980693 0.257101 -0.637614 1 7 1.000000
chr009a01
  7 0.056869 0.400854 -0.184530 0.195552 0.000000 -0.980693 0.258150 -0.645579 1 7 1.000000
  7 0.110433 0.400854 -0.168858 0.384651 0.000000 -0.923062 0.288759 -0.645579 1 7 1.000000
  7 0.054931 0.386136 -0.184530 0.188889 -0.050613 -0.980693 0.257101 -0.653545 1 7 1.000000
chr009a01
  7 0.106670 0.429436 -0.168858 0.371544 0.099555 -0.923062 0.286667 -0.629691 1 7 1.000000
  7 0.110433 0.400854 -0.168858 0.384651 0.000000 -0.923062 0.288759 -0.645579 1 7 1.000000
  7 0.056869 0.400854 -0.184530 0.195552 0.000000 -0.980693 0.258150 -0.645579 1 7 1.000000
chr009a01
  7 0.110433 0.400854 -0.168858 0.384651 0.000000 -0.923062 0.288759 -0.645579 1 7 1.000000
  7 0.106670 0.372272 -0.168858 0.371544 -0.099555 -0.923062 0.286667 -0.661467 1 7 1.000000
  7 0.054931 0.386136 -0.184530 0.188889 -0.050613 -0.980693 0.257101 -0.653545 1 7 1.000000
chr009a01
  7 0.054931 0.386136 -0.184530 0.188889 -0.050613 -0.980693 0.257101 -0.653545 1 7 1.000000
  7 0.106670 0.372272 -0.168858 0.371544 -0.099555 -0.923062 0.286667 -0.661467 1 7 1.000000
  7 0.049250 0.372420 -0.184530 0.169353 -0.097776 -0.980693 0.254025 -0.660968 1 7 1.000000
chr009a01
  7 0.106670 0.372272 -0.168858 0.371544 -0.099555 -0.923062 0.286667 -0.661467 1 7 1.000000
  7 0.095638 0.345638 -0.168858 0.333117 -0.192325 -0.923062 0.280535 -0.676273 1 7 1.000000
  7 0.049250 0.372420 -0.184530 0.169353 -0.097776 -0.980693 0.254025 -0.660968 1 7 1.000000
chr009a01
  7 0.106670 0.372272 -0.168858 0.371544 -0.099555 -0.923062 0.286667 -0.661467 1 7 1.000000
  7 0.152210 0.360070 -0.143751 0.553829 -0.148398 -0.819299 0.316017 -0.669332 1 7 1.000000
  7 0.095638 0.345638 -0.168858 0.333117 -0.192325 -0.923062 0.280535 -0.676273 1 7 1.000000
chr009a01
  7 0.095638 0.345638 -0.168858 0.333117 -0.192325 -0.923062 0.280535 -0.676273 1 7 1.000000
  7 0.136467 0.322065 -0.143751 0.496550 -0.286683 -0.819299 0.306849 -0.691466 1 7 1.000000
  7 0.078088 0.322766 -0.168858 0.271989 -0.271989 -0.923062 0.270779 -0.688986 1 7 1.000000
chr009a01
  7 0.136467 0.322065 -0.143751 0.496550 -0.286683 -0.819299 0.306849 -0.691466 1 7 1.000000
  7 0.111425 0.289429 -0.143751 0.405431 -0.405431 -0.819299 0.292265 -0.710472 1 7 1.000000
  7 0.078088 0.322766 -0.168858 0.271989 -0.271989 -0.923062 0.270779 -0.688986 1 7 1.000000
chr009a01
  7 0.152210 0.360070 -0.143751 0.553829 -0.148398 -0.819299 0.316017 -0.669332 1 7 1.000000
  7 0.136467 0.322065 -0.143751 0.496550 -0.286683 -0.819299 0.306849 -0.691466 1 7 1.000000
  7 0.095638 0.345638 -0.168858 0.333117 -0.192325 -0.923062 0.280535 -0.676273 1 7 1.000000
chr009a01
  7 0.136467 0.322065 -0.143751 0.496550 -0.286683 -0.819299 0.306849 -0.691466 1 7 1.000000
  7 0.169366 0.303071 -0.110670 0.651734 -0.376279 -0.658526 0.333141 -0.706645 1 7 1.000000
  7 0.111425 0.289429 -0.143751 0.405431 -0.405431 -0.819299 0.292265 -0.710472 1 7 1.000000
chr009a01
  7 0.169366 0.303071 -0.110670 0.651734 -0.376279 -0.658526 0.333141 -0.706645 1 7 1.000000
  7 0.138287 0.262568 -0.110670 0.532139 -0.532139 -0.658526 0.313732 -0.731939 1 7 1.000000
  7 0.111425 0.289429 -0.143751 0.405431 -0.405431 -0.819299 0.292265 -0.710472 1 7 1.000000
chr009a01
  7 0.111425 0.289429 -0.143751 0.405431 -0.405431 -0.819299 0.292265 -0.710472 1 7 1.000000
  7 0.138287 0.262568 -0.110670 0.532139 -0.532139 -0.658526 0.313732 -0.731939 1 7 1.000000
  7 0.078789 0.264387 -0.143751 0.286683 -0.496550 -0.819299 0.273258 -0.725057 1 7 1.000000
chr009a01
  7 0.138287 0.262568 -0.110670 0.532139 -0.532139 -0.658526 0.313732 -0.731939 1 7 1.000000
  7 0.097783 0.231488 -0.110670 0.376279 -0.651734 -0.658526 0.288438 -0.751348 1 7 1.000000
  7 0.078789 0.264387 -0.143751 0.286683 -0.496550 -0.819299 0.273258 -0.725057 1 7 1.000000
chr009a01
  7 0.138287 0.262568 -0.110670 0.532139 -0.532139 -0.658526 0.313732 -0.731939 1 7 1.000000
  7 0.157112 0.243743 -0.071536 0.637278 -0.637278 -0.433305 0.337740 -0.755948 1 7 1.000000
  7 0.097783 0.231488 -0.110670 0.376279 -0.651734 -0.658526 0.288438 -0.751348 1 7 1.000000
chr009a01
  7 0.097783 0.231488 -0.110670 0.376279 -0.651734 -0.658526 0.288438 -0.751348 1 7 1.000000
  7 0.111095 0.208433 -0.071536 0.450623 -0.780503 -0.433305 0.305414 -0.780752 1 7 1.000000
  7 0.050616 0.211951 -0.110670 0.194776 -0.726915 -0.658526 0.258982 -0.763550 1 7 1.000000
chr009a01
  7 0.157112 0.243743 -0.071536 0.637278 -0.637278 -0.433305 0.337740 -0.755948 1 7 1.000000
  7 0.111095 0.208433 -0.071536 0.450623 -0.780503 -0.433305 0.305414 -0.780752 1 7 1.000000
  7 0.097783 0.231488 -0.110670 0.376279 -0.651734 -0.658526 0.288438 -0.751348 1 7 1.000000
chr009a01
  7 0.111095 0.208433 -0.071536 0.450623 -0.780503 -0.433305 0.305414 -0.780752 1 7 1.000000
  7 0.057507 0.186236 -0.071536 0.233260 -0.870538 -0.433306 0.267769 -0.796345 1 7 1.000000
  7 0.050616 0.211951 -0.110670 0.194776 -0.726915 -0.658526 0.258982 -0.763550 1 7 1.000000
chr009a01
  7 0.050616 0.211951 -0.110670 0.194776 -0.726915 -0.658526 0.258982 -0.763550 1 7 1.000000
  7 0.057507 0.186236 -0.071536 0.233260 -0.870538 -0.433306 0.267769 -0.796345 1 7 1.000000
  7 0.000000 0.205287 -0.110670 0.000000 -0.752558 -0.658526 0.227372 -0.767711 1 7 1.000000
chr009a01
  7 0.057507 0.186236 -0.071536 0.233260 -0.870538 -0.433306 0.267769 -0.796345 1 7 1.000000
  7 0.000000 0.178665 -0.071536 0.000000 -0.901247 -0.433305 0.227372 -0.801664 1 7 1.000000
  7 0.000000 0.205287 -0.110670 0.000000 -0.752558 -0.658526 0.227372 -0.767711 1 7 1.000000
chr009a01
  7 0.057507 0.186236 -0.071536 0.233260 -0.870538 -0.433306 0.267769 -0.796345 1 7 1.000000
  7 0.061055 0.172993 -0.028624 0.255808 -0.954689 -0.152088 0.274277 -0.820633 1 7 1.000000
  7 0.000000 0.178665 -0.071536 0.000000 -0.901247 -0.433305 0.227372 -0.801664 1 7 1.000000
chr009a01
  7 0.000000 0.178665 -0.071536 0.000000 -0.901247 -0.433305 0.227372 -0.801664 1 7 1.000000
  7 0.000000 0.164955 -0.028624 0.000000 -0.988367 -0.152089 0.227372 -0.826808 1 7 1.000000
  7 -0.057507 0.186236 -0.071536 -0.233260 -0.870538 -0.433305 0.186974 -0.796345 1 7 1.000000
chr009a01
  7 0.061055 0.172993 -0.028624 0.255808 -0.954689 -0.152088 0.274277 -0.820633 1 7 1.000000
  7 0.000000 0.164955 -0.028624 0.000000 -0.988367 -0.152089 0.227372 -0.826808 1 7 1.000000
  7 0.000000 0.178665 -0.071536 0.000000 -0.901247 -0.433305 0.227372 -0.801664 1 7 1.000000
chr009a01
  7 -0.057507 0.186236 -0.071536 -0.233260 -0.870538 -0.433305 0.186974 -0.796345 1 7 1.000000
  7 -0.061055 0.172993 -0.028624 -0.255808 -0.954689 -0.152089 0.180466 -0.820633 1 7 1.000000
  7 -0.111095 0.208433 -0.071536 -0.450624 -0.780503 -0.433305 0.149329 -0.780753 1 7 1.000000
chr009a01
  7 0.000000 0.164955 -0.028624 0.000000 -0.988367 -0.152089 0.227372 -0.826808 1 7 1.000000
  7 -0.061055 0.172993 -0.028624 -0.255808 -0.954689 -0.152089 0.180466 -0.820633 1 7 1.000000
  7 -0.057507 0.186236 -0.071536 -0.233260 -0.870538 -0.433305 0.186974 -0.796345 1 7 1.000000
chr009a01
  7 -0.061055 0.172993 -0.028624 -0.255808 -0.954689 -0.152089 0.180466 -0.820633 1 7 1.000000
  7 -0.117949 0.196560 -0.028624 -0.494183 -0.855951 -0.152089 0.136757 -0.802528 1 7 1.000000
  7 -0.111095 0.208433 -0.071536 -0.450624 -0.780503 -0.433305 0.149329 -0.780753 1 7 1.000000
chr009a01
  7 -0.111095 0.208433 -0.071536 -0.450624 -0.780503 -0.433305 0.149329 -0.780753 1 7 1.000000
  7 -0.117949 0.196560 -0.028624 -0.494183 -0.855951 -0.152089 0.136757 -0.802528 1 7 1.000000
  7 -0.157112 0.243743 -0.071536 -0.637278 -0.637278 -0.433306 0.117003 -0.755948 1 7 1.000000
chr009a01
  7 -0.117949 0.196560 -0.028624 -0.494183 -0.855951 -0.152089 0.136757 -0.802528 1 7 1.000000
  7 -0.166806 0.234049 -0.028624 -0.698881 -0.698881 -0.152089 0.099223 -0.773728 1 7 1.000000
  7 -0.157112 0.243743 -0.071536 -0.637278 -0.637278 -0.433306 0.117003 -0.755948 1 7 1.000000
chr009a01
  7 -0.117949 0.196560 -0.028624 -0.494183 -0.855951 -0.152089 0.136757 -0.802528 1 7 1.000000
  7 -0.117949 0.196560 0.015572 -0.494183 -0.855951 0.152088 0.118283 -0.834527 1 7 1.000000
  7 -0.166806 0.234049 -0.028624 -0.698881 -0.698881 -0.152089 0.099223 -0.773728 1 7 1.000000
chr009a01
  7 -0.166806 0.234049 -0.028624 -0.698881 -0.698881 -0.152089 0.099223 -0.773728 1 7 1.000000
  7 -0.166806 0.234049 0.015572 -0.698881 -0.698881 0.152088 0.073097 -0.799854 1 7 1.000000
  7 -0.204294 0.282905 -0.028624 -0.855951 -0.494183 -0.152089 0.070423 -0.736193 1 7 1.000000
chr009a01
  7 -0.166806 0.234049 0.015572 -0.698881 -0.698881 0.152088 0.073097 -0.799854 1 7 1.000000
  7 -0.204294 0.282905 0.015572 -0.855951 -0.494183 0.152088 0.038424 -0.754668 1 7 1.000000
  7 -0.204294 0.282905 -0.028624 -0.855951 -0.494183 -0.152089 0.070423 -0.736193 1 7 1.000000
chr009a01
  7 -0.117949 0.196560 0.015572 -0.494183 -0.855951 0.152088 0.118283 -0.834527 1 7 1.000000
  7 -0.166806 0.234049 0.015572 -0.698881 -0.698881 0.152088 0.073097 -0.799854 1 7 1.000000
  7 -0.166806 0.234049 -0.028624 -0.698881 -0.698881 -0.152089 0.099223 -0.773728 1 7 1.000000
chr009a01
  7 -0.061055 0.172993 0.015572 -0.255808 -0.954689 0.152088 0.170903 -0.856323 1 7 1.000000
  7 -0.117949 0.196560 0.015572 -0.494183 -0.855951 0.152088 0.118283 -0.834527 1 7 1.000000
  7 -0.117949 0.196560 -0.028624 -0.494183 -0.855951 -0.152089 0.136757 -0.802528 1 7 1.000000
chr009a01
  7 -0.061055 0.172993 -0.028624 -0.255808 -0.954689 -0.152089 0.180466 -0.820633 1 7 1.000000
  7 -0.061055 0.172993 0.015572 -0.255808 -0.954689 0.152088 0.170903 -0.856323 1 7 1.000000
  7 -0.117949 0.196560 -0.028624 -0.494183 -0.855951 -0.152089 0.136757 -0.802528 1 7 1.000000
chr009a01
  7 0.000000 0.164955 -0.028624 0.000000 -0.988367 -0.152089 0.227372 -0.826808 1 7 1.000000
  7 0.000000 0.164955 0.015572 0.000000 -0.988367 0.152088 0.227372 -0.863757 1 7 1.000000
  7 -0.061055 0.172993 -0.028624 -0.255808 -0.954689 -0.152089 0.180466 -0.820633 1 7 1.000000
chr009a01
  7 0.000000 0.164955 0.015572 0.000000 -0.988367 0.152088 0.227372 -0.863757 1 7 1.000000
  7 -0.061055 0.172993 0.015572 -0.255808 -0.954689 0.152088 0.170903 -0.856323 1 7 1.000000
  7 -0.061055 0.172993 -0.028624 -0.255808 -0.954689 -0.152089 0.180466 -0.820633 1 7 1.000000
chr009a01
  7 0.061055 0.172993 -0.028624 0.255808 -0.954689 -0.152088 0.274277 -0.820633 1 7 1.000000
  7 0.061055 0.172993 0.015572 0.255808 -0.954689 0.152088 0.283840 -0.856323 1 7 1.000000
  7 0.000000 0.164955 -0.028624 0.000000 -0.988367 -0.152089 0.227372 -0.826808 1 7 1.000000
chr009a01
  7 0.061055 0.172993 0.015572 0.255808 -0.954689 0.152088 0.283840 -0.856323 1 7 1.000000
  7 0.000000 0.164955 0.015572 0.000000 -0.988367 0.152088 0.227372 -0.863757 1 7 1.000000
  7 0.000000 0.164955 -0.028624 0.000000 -0.988367 -0.152089 0.227372 -0.826808 1 7 1.000000
chr009a01
  7 0.117949 0.196560 0.015572 0.494183 -0.855951 0.152088 0.336460 -0.834527 1 7 1.000000
  7 0.061055 0.172993 0.015572 0.255808 -0.954689 0.152088 0.283840 -0.856323 1 7 1.000000
  7 0.061055 0.172993 -0.028624 0.255808 -0.954689 -0.152088 0.274277 -0.820633 1 7 1.000000
chr009a01
  7 0.117949 0.196560 -0.028624 0.494183 -0.855951 -0.152088 0.317986 -0.802528 1 7 1.000000
  7 0.117949 0.196560 0.015572 0.494183 -0.855951 0.152088 0.336460 -0.834527 1 7 1.000000
  7 0.061055 0.172993 -0.028624 0.255808 -0.954689 -0.152088 0.274277 -0.820633 1 7 1.000000
chr009a01
  7 0.117949 0.196560 -0.028624 0.494183 -0.855951 -0.152088 0.317986 -0.802528 1 7 1.000000
  7 0.061055 0.172993 -0.028624 0.255808 -0.954689 -0.152088 0.274277 -0.820633 1 7 1.000000
  7 0.057507 0.186236 -0.071536 0.233260 -0.870538 -0.433306 0.267769 -0.796345 1 7 1.000000
chr009a01
  7 0.111095 0.208433 -0.071536 0.450623 -0.780503 -0.433305 0.305414 -0.780752 1 7 1.000000
  7 0.117949 0.196560 -0.028624 0.494183 -0.855951 -0.152088 0.317986 -0.802528 1 7 1.000000
  7 0.057507 0.186236 -0.071536 0.233260 -0.870538 -0.433306 0.267769 -0.796345 1 7 1.000000
chr009a01
  7 0.166806 0.234049 0.015572 0.698881 -0.698881 0.152088 0.381647 -0.799854 1 7 1.000000
  7 0.117949 0.196560 0.015572 0.494183 -0.855951 0.152088 0.336460 -0.834527 1 7 1.000000
  7 0.117949 0.196560 -0.028624 0.494183 -0.855951 -0.152088 0.317986 -0.802528 1 7 1.000000
chr009a01
  7 0.166806 0.234049 -0.028624 0.698881 -0.698881 -0.152088 0.355520 -0.773727 1 7 1.000000
  7 0.166806 0.234049 0.015572 0.698881 -0.698881 0.152088 0.381647 -0.799854 1 7 1.000000
  7 0.117949 0.196560 -0.028624 0.494183 -0.855951 -0.152088 0.317986 -0.802528 1 7 1.000000
chr009a01
  7 0.157112 0.243743 -0.071536 0.637278 -0.637278 -0.433305 0.337740 -0.755948 1 7 1.000000
  7 0.166806 0.234049 -0.028624 0.698881 -0.698881 -0.152088 0.355520 -0.773727 1 7 1.000000
  7 0.111095 0.208433 -0.071536 0.450623 -0.780503 -0.433305 0.305414 -0.780752 1 7 1.000000
chr009a01
  7 0.166806 0.234049 -0.028624 0.698881 -0.698881 -0.152088 0.355520 -0.773727 1 7 1.000000
  7 0.117949 0.196560 -0.028624 0.494183 -0.855951 -0.152088 0.317986 -0.802528 1 7 1.000000
  7 0.111095 0.208433 -0.071536 0.450623 -0.780503 -0.433305 0.305414 -0.780752 1 7 1.000000
chr009a01
  7 0.204294 0.282905 -0.028624 0.855951 -0.494184 -0.152088 0.384320 -0.736194 1 7 1.000000
  7 0.166806 0.234049 -0.028624 0.698881 -0.698881 -0.152088 0.355520 -0.773727 1 7 1.000000
  7 0.157112 0.243743 -0.071536 0.637278 -0.637278 -0.433305 0.337740 -0.755948 1 7 1.000000
chr009a01
  7 0.192422 0.289760 -0.071536 0.780503 -0.450624 -0.433305 0.362545 -0.723621 1 7 1.000000
  7 0.204294 0.282905 -0.028624 0.855951 -0.494184 -0.152088 0.384320 -0.736194 1 7 1.000000
  7 0.157112 0.243743 -0.071536 0.637278 -0.637278 -0.433305 0.337740 -0.755948 1 7 1.000000
chr009a01
  7 0.192422 0.289760 -0.071536 0.780503 -0.450624 -0.433305 0.362545 -0.723621 1 7 1.000000
  7 0.157112 0.243743 -0.071536 0.637278 -0.637278 -0.433305 0.337740 -0.755948 1 7 1.000000
  7 0.138287 0.262568 -0.110670 0.532139 -0.532139 -0.658526 0.313732 -0.731939 1 7 1.000000
chr009a01
  7 0.169366 0.303071 -0.110670 0.651734 -0.376279 -0.658526 0.333141 -0.706645 1 7 1.000000
  7 0.192422 0.289760 -0.071536 0.780503 -0.450624 -0.433305 0.362545 -0.723621 1 7 1.000000
  7 0.138287 0.262568 -0.110670 0.532139 -0.532139 -0.658526 0.313732 -0.731939 1 7 1.000000
chr009a01
  7 0.214618 0.343347 -0.071536 0.870538 -0.233260 -0.433305 0.378138 -0.685977 1 7 1.000000
  7 0.192422 0.289760 -0.071536 0.780503 -0.450624 -0.433305 0.362545 -0.723621 1 7 1.000000
  7 0.169366 0.303071 -0.110670 0.651734 -0.376279 -0.658526 0.333141 -0.706645 1 7 1.000000
chr009a01
  7 0.188903 0.350238 -0.110670 0.726915 -0.194776 -0.658526 0.345342 -0.677190 1 7 1.000000
  7 0.169366 0.303071 -0.110670 0.651734 -0.376279 -0.658526 0.333141 -0.706645 1 7 1.000000
  7 0.136467 0.322065 -0.143751 0.496550 -0.286683 -0.819299 0.306849 -0.691466 1 7 1.000000
chr009a01
  7 0.152210 0.360070 -0.143751 0.553829 -0.148398 -0.819299 0.316017 -0.669332 1 7 1.000000
  7 0.188903 0.350238 -0.110670 0.726915 -0.194776 -0.658526 0.345342 -0.677190 1 7 1.000000
  7 0.136467 0.322065 -0.143751 0.496550 -0.286683 -0.819299 0.306849 -0.691466 1 7 1.000000
chr009a01
  7 0.188903 0.350238 -0.110670 0.726915 -0.194776 -0.658526 0.345342 -0.677190 1 7 1.000000
  7 0.214618 0.343347 -0.071536 0.870538 -0.233260 -0.433305 0.378138 -0.685977 1 7 1.000000
  7 0.169366 0.303071 -0.110670 0.651734 -0.376279 -0.658526 0.333141 -0.706645 1 7 1.000000
chr009a01
  7 0.195567 0.400854 -0.110670 0.752558 0.000000 -0.658526 0.349504 -0.645579 1 7 1.000000
  7 0.188903 0.350238 -0.110670 0.726915 -0.194776 -0.658526 0.345342 -0.677190 1 7 1.000000
  7 0.152210 0.360070 -0.143751 0.553829 -0.148398 -0.819299 0.316017 -0.669332 1 7 1.000000
chr009a01
  7 0.157579 0.400854 -0.143751 0.573366 0.000000 -0.819299 0.319145 -0.645579 1 7 1.000000
  7 0.152210 0.360070 -0.143751 0.553829 -0.148398 -0.819299 0.316017 -0.669332 1 7 1.000000
  7 0.106670 0.372272 -0.168858 0.371544 -0.099555 -0.923062 0.286667 -0.661467 1 7 1.000000
chr009a01
  7 0.110433 0.400854 -0.168858 0.384651 0.000000 -0.923062 0.288759 -0.645579 1 7 1.000000
  7 0.157579 0.400854 -0.143751 0.573366 0.000000 -0.819299 0.319145 -0.645579 1 7 1.000000
  7 0.106670 0.372272 -0.168858 0.371544 -0.099555 -0.923062 0.286667 -0.661467 1 7 1.000000
chr009a01
  7 0.157579 0.400854 -0.143751 0.573366 0.000000 -0.819299 0.319145 -0.645579 1 7 1.000000
  7 0.195567 0.400854 -0.110670 0.752558 0.000000 -0.658526 0.349504 -0.645579 1 7 1.000000
  7 0.152210 0.360070 -0.143751 0.553829 -0.148398 -0.819299 0.316017 -0.669332 1 7 1.000000
chr009a01
  7 0.106670 0.429436 -0.168858 0.371544 0.099555 -0.923062 0.286667 -0.629691 1 7 1.000000
  7 0.152209 0.441639 -0.143751 0.553829 0.148399 -0.819299 0.316017 -0.621827 1 7 1.000000
  7 0.110433 0.400854 -0.168858 0.384651 0.000000 -0.923062 0.288759 -0.645579 1 7 1.000000
chr009a01
  7 0.152209 0.441639 -0.143751 0.553829 0.148399 -0.819299 0.316017 -0.621827 1 7 1.000000
  7 0.157579 0.400854 -0.143751 0.573366 0.000000 -0.819299 0.319145 -0.645579 1 7 1.000000
  7 0.110433 0.400854 -0.168858 0.384651 0.000000 -0.923062 0.288759 -0.645579 1 7 1.000000
chr009a01
  7 0.136467 0.479644 -0.143751 0.496550 0.286683 -0.819299 0.306850 -0.599693 1 7 1.000000
  7 0.152209 0.441639 -0.143751 0.553829 0.148399 -0.819299 0.316017 -0.621827 1 7 1.000000
  7 0.106670 0.429436 -0.168858 0.371544 0.099555 -0.923062 0.286667 -0.629691 1 7 1.000000
chr009a01
  7 0.095638 0.456071 -0.168858 0.333117 0.192325 -0.923062 0.280535 -0.614885 1 7 1.000000
  7 0.136467 0.479644 -0.143751 0.496550 0.286683 -0.819299 0.306850 -0.599693 1 7 1.000000
  7 0.106670 0.429436 -0.168858 0.371544 0.099555 -0.923062 0.286667 -0.629691 1 7 1.000000
chr009a01
  7 0.111425 0.512279 -0.143751 0.405431 0.405431 -0.819299 0.292264 -0.580685 1 7 1.000000
  7 0.136467 0.479644 -0.143751 0.496550 0.286683 -0.819299 0.306850 -0.599693 1 7 1.000000
  7 0.095638 0.456071 -0.168858 0.333117 0.192325 -0.923062 0.280535 -0.614885 1 7 1.000000
chr009a01
  7 0.097783 0.570220 -0.110670 0.376279 0.651735 -0.658526 0.288438 -0.539810 1 7 1.000000
  7 0.138287 0.539141 -0.110670 0.532139 0.532139 -0.658526 0.313732 -0.559219 1 7 1.000000
  7 0.111425 0.512279 -0.143751 0.405431 0.405431 -0.819299 0.292264 -0.580685 1 7 1.000000
chr009a01
  7 0.097783 0.570220 -0.110670 0.376279 0.651735 -0.658526 0.288438 -0.539810 1 7 1.000000
  7 0.111095 0.593276 -0.071536 0.450624 0.780503 -0.433305 0.305414 -0.510406 1 7 1.000000
  7 0.138287 0.539141 -0.110670 0.532139 0.532139 -0.658526 0.313732 -0.559219 1 7 1.000000
chr009a01
  7 0.111425 0.512279 -0.143751 0.405431 0.405431 -0.819299 0.292264 -0.580685 1 7 1.000000
  7 0.138287 0.539141 -0.110670 0.532139 0.532139 -0.658526 0.313732 -0.559219 1 7 1.000000
  7 0.136467 0.479644 -0.143751 0.496550 0.286683 -0.819299 0.306850 -0.599693 1 7 1.000000
chr009a01
  7 0.111095 0.593276 -0.071536 0.450624 0.780503 -0.433305 0.305414 -0.510406 1 7 1.000000
  7 0.157112 0.557966 -0.071536 0.637278 0.637278 -0.433305 0.337740 -0.535210 1 7 1.000000
  7 0.138287 0.539141 -0.110670 0.532139 0.532139 -0.658526 0.313732 -0.559219 1 7 1.000000
chr009a01
  7 0.138287 0.539141 -0.110670 0.532139 0.532139 -0.658526 0.313732 -0.559219 1 7 1.000000
  7 0.169366 0.498638 -0.110670 0.651735 0.376279 -0.658526 0.333141 -0.584513 1 7 1.000000
  7 0.136467 0.479644 -0.143751 0.496550 0.286683 -0.819299 0.306850 -0.599693 1 7 1.000000
chr009a01
  7 0.136467 0.479644 -0.143751 0.496550 0.286683 -0.819299 0.306850 -0.599693 1 7 1.000000
  7 0.169366 0.498638 -0.110670 0.651735 0.376279 -0.658526 0.333141 -0.584513 1 7 1.000000
  7 0.152209 0.441639 -0.143751 0.553829 0.148399 -0.819299 0.316017 -0.621827 1 7 1.000000
chr009a01
  7 0.138287 0.539141 -0.110670 0.532139 0.532139 -0.658526 0.313732 -0.559219 1 7 1.000000
  7 0.157112 0.557966 -0.071536 0.637278 0.637278 -0.433305 0.337740 -0.535210 1 7 1.000000
  7 0.169366 0.498638 -0.110670 0.651735 0.376279 -0.658526 0.333141 -0.584513 1 7 1.000000
chr009a01
  7 0.188903 0.451471 -0.110670 0.726915 0.194777 -0.658526 0.345342 -0.613969 1 7 1.000000
  7 0.195567 0.400854 -0.110670 0.752558 0.000000 -0.658526 0.349504 -0.645579 1 7 1.000000
  7 0.157579 0.400854 -0.143751 0.573366 0.000000 -0.819299 0.319145 -0.645579 1 7 1.000000
chr009a01
  7 0.152209 0.441639 -0.143751 0.553829 0.148399 -0.819299 0.316017 -0.621827 1 7 1.000000
  7 0.188903 0.451471 -0.110670 0.726915 0.194777 -0.658526 0.345342 -0.613969 1 7 1.000000
  7 0.157579 0.400854 -0.143751 0.573366 0.000000 -0.819299 0.319145 -0.645579 1 7 1.000000
chr009a01
  7 0.169366 0.498638 -0.110670 0.651735 0.376279 -0.658526 0.333141 -0.584513 1 7 1.000000
  7 0.188903 0.451471 -0.110670 0.726915 0.194777 -0.658526 0.345342 -0.613969 1 7 1.000000
  7 0.152209 0.441639 -0.143751 0.553829 0.148399 -0.819299 0.316017 -0.621827 1 7 1.000000
chr009a01
  7 0.061055 0.628715 -0.028624 0.255808 0.954689 -0.152088 0.274277 -0.470526 1 7 1.000000
  7 0.117949 0.605149 -0.028624 0.494184 0.855951 -0.152088 0.317986 -0.488630 1 7 1.000000
  7 0.111095 0.593276 -0.071536 0.450624 0.780503 -0.433305 0.305414 -0.510406 1 7 1.000000
chr009a01
  7 0.111095 0.593276 -0.071536 0.450624 0.780503 -0.433305 0.305414 -0.510406 1 7 1.000000
  7 0.117949 0.605149 -0.028624 0.494184 0.855951 -0.152088 0.317986 -0.488630 1 7 1.000000
  7 0.157112 0.557966 -0.071536 0.637278 0.637278 -0.433305 0.337740 -0.535210 1 7 1.000000
chr009a01
  7 0.061055 0.628715 -0.028624 0.255808 0.954689 -0.152088 0.274277 -0.470526 1 7 1.000000
  7 0.061055 0.628715 0.015572 0.255808 0.954689 0.152088 0.283840 -0.434836 1 7 1.000000
  7 0.117949 0.605149 -0.028624 0.494184 0.855951 -0.152088 0.317986 -0.488630 1 7 1.000000
chr009a01
  7 0.000000 0.636753 0.015572 0.000000 0.988367 0.152088 0.227372 -0.427402 1 7 1.000000
  7 0.061055 0.628715 0.015572 0.255808 0.954689 0.152088 0.283840 -0.434836 1 7 1.000000
  7 0.061055 0.628715 -0.028624 0.255808 0.954689 -0.152088 0.274277 -0.470526 1 7 1.000000
chr009a01
  7 0.061055 0.628715 0.015572 0.255808 0.954689 0.152088 0.283840 -0.434836 1 7 1.000000
  7 0.117949 0.605149 0.015572 0.494184 0.855951 0.152088 0.336460 -0.456632 1 7 1.000000
  7 0.117949 0.605149 -0.028624 0.494184 0.855951 -0.152088 0.317986 -0.488630 1 7 1.000000
chr009a01
  7 0.117949 0.605149 -0.028624 0.494184 0.855951 -0.152088 0.317986 -0.488630 1 7 1.000000
  7 0.117949 0.605149 0.015572 0.494184 0.855951 0.152088 0.336460 -0.456632 1 7 1.000000
  7 0.166806 0.567660 -0.028624 0.698881 0.698881 -0.152088 0.355520 -0.517431 1 7 1.000000
chr009a01
  7 0.117949 0.605149 -0.028624 0.494184 0.855951 -0.152088 0.317986 -0.488630 1 7 1.000000
  7 0.166806 0.567660 -0.028624 0.698881 0.698881 -0.152088 0.355520 -0.517431 1 7 1.000000
  7 0.157112 0.557966 -0.071536 0.637278 0.637278 -0.433305 0.337740 -0.535210 1 7 1.000000
chr009a01
  7 0.169366 0.498638 -0.110670 0.651735 0.376279 -0.658526 0.333141 -0.584513 1 7 1.000000
  7 0.192422 0.511949 -0.071536 0.780503 0.450623 -0.433305 0.362545 -0.567537 1 7 1.000000
  7 0.188903 0.451471 -0.110670 0.726915 0.194777 -0.658526 0.345342 -0.613969 1 7 1.000000
chr009a01
  7 0.157112 0.557966 -0.071536 0.637278 0.637278 -0.433305 0.337740 -0.535210 1 7 1.000000
  7 0.166806 0.567660 -0.028624 0.698881 0.698881 -0.152088 0.355520 -0.517431 1 7 1.000000
  7 0.192422 0.511949 -0.071536 0.780503 0.450623 -0.433305 0.362545 -0.567537 1 7 1.000000
chr009a01
  7 0.157112 0.557966 -0.071536 0.637278 0.637278 -0.433305 0.337740 -0.535210 1 7 1.000000
  7 0.192422 0.511949 -0.071536 0.780503 0.450623 -0.433305 0.362545 -0.567537 1 7 1.000000
  7 0.169366 0.498638 -0.110670 0.651735 0.376279 -0.658526 0.333141 -0.584513 1 7 1.000000
chr009a01
  7 0.192422 0.511949 -0.071536 0.780503 0.450623 -0.433305 0.362545 -0.567537 1 7 1.000000
  7 0.214618 0.458361 -0.071536 0.870538 0.233261 -0.433305 0.378138 -0.605182 1 7 1.000000
  7 0.188903 0.451471 -0.110670 0.726915 0.194777 -0.658526 0.345342 -0.613969 1 7 1.000000
chr009a01
  7 0.188903 0.451471 -0.110670 0.726915 0.194777 -0.658526 0.345342 -0.613969 1 7 1.000000
  7 0.214618 0.458361 -0.071536 0.870538 0.233261 -0.433305 0.378138 -0.605182 1 7 1.000000
  7 0.195567 0.400854 -0.110670 0.752558 0.000000 -0.658526 0.349504 -0.645579 1 7 1.000000
chr009a01
  7 0.195567 0.400854 -0.110670 0.752558 0.000000 -0.658526 0.349504 -0.645579 1 7 1.000000
  7 0.222189 0.400854 -0.071536 0.901247 0.000000 -0.433305 0.383456 -0.645580 1 7 1.000000
  7 0.188903 0.350238 -0.110670 0.726915 -0.194776 -0.658526 0.345342 -0.677190 1 7 1.000000
chr009a01
  7 0.222189 0.400854 -0.071536 0.901247 0.000000 -0.433305 0.383456 -0.645580 1 7 1.000000
  7 0.214618 0.343347 -0.071536 0.870538 -0.233260 -0.433305 0.378138 -0.685977 1 7 1.000000
  7 0.188903 0.350238 -0.110670 0.726915 -0.194776 -0.658526 0.345342 -0.677190 1 7 1.000000
chr009a01
  7 0.214618 0.458361 -0.071536 0.870538 0.233261 -0.433305 0.378138 -0.605182 1 7 1.000000
  7 0.222189 0.400854 -0.071536 0.901247 0.000000 -0.433305 0.383456 -0.645580 1 7 1.000000
  7 0.195567 0.400854 -0.110670 0.752558 0.000000 -0.658526 0.349504 -0.645579 1 7 1.000000
chr009a01
  7 0.117949 0.605149 0.015572 0.494184 0.855951 0.152088 0.336460 -0.456632 1 7 1.000000
  7 0.166806 0.567660 0.015572 0.698881 0.698881 0.152088 0.381647 -0.491304 1 7 1.000000
  7 0.166806 0.567660 -0.028624 0.698881 0.698881 -0.152088 0.355520 -0.517431 1 7 1.000000
chr009a01
  7 0.166806 0.567660 -0.028624 0.698881 0.698881 -0.152088 0.355520 -0.517431 1 7 1.000000
  7 0.204294 0.518804 -0.028624 0.855951 0.494183 -0.152088 0.384320 -0.554965 1 7 1.000000
  7 0.192422 0.511949 -0.071536 0.780503 0.450623 -0.433305 0.362545 -0.567537 1 7 1.000000
chr009a01
  7 0.192422 0.511949 -0.071536 0.780503 0.450623 -0.433305 0.362545 -0.567537 1 7 1.000000
  7 0.204294 0.518804 -0.028624 0.855951 0.494183 -0.152088 0.384320 -0.554965 1 7 1.000000
  7 0.214618 0.458361 -0.071536 0.870538 0.233261 -0.433305 0.378138 -0.605182 1 7 1.000000
chr009a01
  7 0.166806 0.567660 -0.028624 0.698881 0.698881 -0.152088 0.355520 -0.517431 1 7 1.000000
  7 0.166806 0.567660 0.015572 0.698881 0.698881 0.152088 0.381647 -0.491304 1 7 1.000000
  7 0.204294 0.518804 -0.028624 0.855951 0.494183 -0.152088 0.384320 -0.554965 1 7 1.000000
chr009a01
  7 0.214618 0.458361 -0.071536 0.870538 0.233261 -0.433305 0.378138 -0.605182 1 7 1.000000
  7 0.227861 0.461909 -0.028624 0.954689 0.255809 -0.152088 0.402425 -0.598674 1 7 1.000000
  7 0.222189 0.400854 -0.071536 0.901247 0.000000 -0.433305 0.383456 -0.645580 1 7 1.000000
chr009a01
  7 0.204294 0.518804 -0.028624 0.855951 0.494183 -0.152088 0.384320 -0.554965 1 7 1.000000
  7 0.227861 0.461909 -0.028624 0.954689 0.255809 -0.152088 0.402425 -0.598674 1 7 1.000000
  7 0.214618 0.458361 -0.071536 0.870538 0.233261 -0.433305 0.378138 -0.605182 1 7 1.000000
chr009a01
  7 0.222189 0.400854 -0.071536 0.901247 0.000000 -0.433305 0.383456 -0.645580 1 7 1.000000
  7 0.235899 0.400854 -0.028624 0.988367 0.000000 -0.152088 0.408600 -0.645579 1 7 1.000000
  7 0.214618 0.343347 -0.071536 0.870538 -0.233260 -0.433305 0.378138 -0.685977 1 7 1.000000
chr009a01
  7 0.227861 0.461909 -0.028624 0.954689 0.255809 -0.152088 0.402425 -0.598674 1 7 1.000000
  7 0.235899 0.400854 -0.028624 0.988367 0.000000 -0.152088 0.408600 -0.645579 1 7 1.000000
  7 0.222189 0.400854 -0.071536 0.901247 0.000000 -0.433305 0.383456 -0.645580 1 7 1.000000
chr009a01
  7 0.235899 0.400854 -0.028624 0.988367 0.000000 -0.152088 0.408600 -0.645579 1 7 1.000000
  7 0.227861 0.339799 -0.028624 0.954689 -0.255808 -0.152088 0.402426 -0.692485 1 7 1.000000
  7 0.214618 0.343347 -0.071536 0.870538 -0.233260 -0.433305 0.378138 -0.685977 1 7 1.000000
chr009a01
  7 0.214618 0.343347 -0.071536 0.870538 -0.233260 -0.433305 0.378138 -0.685977 1 7 1.000000
  7 0.227861 0.339799 -0.028624 0.954689 -0.255808 -0.152088 0.402426 -0.692485 1 7 1.000000
  7 0.192422 0.289760 -0.071536 0.780503 -0.450624 -0.433305 0.362545 -0.723621 1 7 1.000000
chr009a01
  7 0.227861 0.339799 -0.028624 0.954689 -0.255808 -0.152088 0.402426 -0.692485 1 7 1.000000
  7 0.204294 0.282905 -0.028624 0.855951 -0.494184 -0.152088 0.384320 -0.736194 1 7 1.000000
  7 0.192422 0.289760 -0.071536 0.780503 -0.450624 -0.433305 0.362545 -0.723621 1 7 1.000000
chr009a01
  7 0.227861 0.339799 -0.028624 0.954689 -0.255808 -0.152088 0.402426 -0.692485 1 7 1.000000
  7 0.227861 0.339799 0.015572 0.954689 -0.255808 0.152088 0.438115 -0.702048 1 7 1.000000
  7 0.204294 0.282905 -0.028624 0.855951 -0.494184 -0.152088 0.384320 -0.736194 1 7 1.000000
chr009a01
  7 0.204294 0.282905 -0.028624 0.855951 -0.494184 -0.152088 0.384320 -0.736194 1 7 1.000000
  7 0.204294 0.282905 0.015572 0.855951 -0.494184 0.152088 0.416319 -0.754668 1 7 1.000000
  7 0.166806 0.234049 -0.028624 0.698881 -0.698881 -0.152088 0.355520 -0.773727 1 7 1.000000
chr009a01
  7 0.204294 0.282905 0.015572 0.855951 -0.494184 0.152088 0.416319 -0.754668 1 7 1.000000
  7 0.166806 0.234049 0.015572 0.698881 -0.698881 0.152088 0.381647 -0.799854 1 7 1.000000
  7 0.166806 0.234049 -0.028624 0.698881 -0.698881 -0.152088 0.355520 -0.773727 1 7 1.000000
chr009a01
  7 0.227861 0.339799 0.015572 0.954689 -0.255808 0.152088 0.438115 -0.702048 1 7 1.000000
  7 0.204294 0.282905 0.015572 0.855951 -0.494184 0.152088 0.416319 -0.754668 1 7 1.000000
  7 0.204294 0.282905 -0.028624 0.855951 -0.494184 -0.152088 0.384320 -0.736194 1 7 1.000000
chr009a01
  7 0.204294 0.518804 -0.028624 0.855951 0.494183 -0.152088 0.384320 -0.554965 1 7 1.000000
  7 0.204294 0.518804 0.015572 0.855951 0.494183 0.152088 0.416319 -0.536490 1 7 1.000000
  7 0.227861 0.461909 -0.028624 0.954689 0.255809 -0.152088 0.402425 -0.598674 1 7 1.000000
chr009a01
  7 0.166806 0.567660 0.015572 0.698881 0.698881 0.152088 0.381647 -0.491304 1 7 1.000000
  7 0.204294 0.518804 0.015572 0.855951 0.494183 0.152088 0.416319 -0.536490 1 7 1.000000
  7 0.204294 0.518804 -0.028624 0.855951 0.494183 -0.152088 0.384320 -0.554965 1 7 1.000000
chr009a01
  7 0.204294 0.518804 0.015572 0.855951 0.494183 0.152088 0.416319 -0.536490 1 7 1.000000
  7 0.227861 0.461909 0.015572 0.954689 0.255809 0.152088 0.438115 -0.589111 1 7 1.000000
  7 0.227861 0.461909 -0.028624 0.954689 0.255809 -0.152088 0.402425 -0.598674 1 7 1.000000
chr009a01
  7 0.227861 0.461909 -0.028624 0.954689 0.255809 -0.152088 0.402425 -0.598674 1 7 1.000000
  7 0.227861 0.461909 0.015572 0.954689 0.255809 0.152088 0.438115 -0.589111 1 7 1.000000
  7 0.235899 0.400854 -0.028624 0.988367 0.000000 -0.152088 0.408600 -0.645579 1 7 1.000000
chr009a01
  7 0.235899 0.400854 0.015572 0.988367 -0.000000 0.152088 0.445549 -0.645579 1 7 1.000000
  7 0.227861 0.339799 0.015572 0.954689 -0.255808 0.152088 0.438115 -0.702048 1 7 1.000000
  7 0.227861 0.339799 -0.028624 0.954689 -0.255808 -0.152088 0.402426 -0.692485 1 7 1.000000
chr009a01
  7 0.235899 0.400854 -0.028624 0.988367 0.000000 -0.152088 0.408600 -0.645579 1 7 1.000000
  7 0.235899 0.400854 0.015572 0.988367 -0.000000 0.152088 0.445549 -0.645579 1 7 1.000000
  7 0.227861 0.339799 -0.028624 0.954689 -0.255808 -0.152088 0.402426 -0.692485 1 7 1.000000
chr009a01
  7 0.227861 0.461909 0.015572 0.954689 0.255809 0.152088 0.438115 -0.589111 1 7 1.000000
  7 0.235899 0.400854 0.015572 0.988367 -0.000000 0.152088 0.445549 -0.645579 1 7 1.000000
  7 0.235899 0.400854 -0.028624 0.988367 0.000000 -0.152088 0.408600 -0.645579 1 7 1.000000
chr009a01
  7 -0.063674 0.279274 0.132703 -0.286197 -0.415144 0.863566 0.790713 -0.278566 1 7 1.000000
  7 -0.037365 0.265390 0.131814 -0.267956 -0.479739 0.835494 0.800284 -0.283617 1 7 1.000000
  7 -0.030168 0.288267 0.146966 -0.264292 -0.471250 0.841471 0.802902 -0.277121 1 7 1.000000
chr009a01
  7 -0.055216 0.305217 0.146856 -0.303963 -0.394363 0.867228 0.793790 -0.270956 1 7 1.000000
  7 -0.063674 0.279274 0.132703 -0.286197 -0.415144 0.863566 0.790713 -0.278566 1 7 1.000000
  7 -0.030168 0.288267 0.146966 -0.264292 -0.471250 0.841471 0.802902 -0.277121 1 7 1.000000
chr009a01
  7 -0.055216 0.305217 0.146856 -0.303963 -0.394363 0.867228 0.793790 -0.270956 1 7 1.000000
  7 -0.078088 0.322766 0.145159 -0.318633 -0.391784 0.863121 0.785470 -0.264572 1 7 1.000000
  7 -0.063674 0.279274 0.132703 -0.286197 -0.415144 0.863566 0.790713 -0.278566 1 7 1.000000
chr009a01
  7 -0.037365 0.265390 0.131814 -0.267956 -0.479739 0.835494 0.800284 -0.283617 1 7 1.000000
  7 0.000000 0.245672 0.130552 0.000000 -0.533937 0.845524 0.813875 -0.290789 1 7 1.000000
  7 -0.030168 0.288267 0.146966 -0.264292 -0.471250 0.841471 0.802902 -0.277121 1 7 1.000000
chr009a01
  7 0.000000 0.245672 0.130552 0.000000 -0.533937 0.845524 0.813875 -0.290789 1 7 1.000000
  7 -0.000000 0.271312 0.148540 0.000000 -0.533937 0.845524 0.813875 -0.283289 1 7 1.000000
  7 -0.030168 0.288267 0.146966 -0.264292 -0.471250 0.841471 0.802902 -0.277121 1 7 1.000000
chr009a01
  7 -0.000000 0.271312 0.148540 0.000000 -0.533937 0.845524 0.813875 -0.283289 1 7 1.000000
  7 0.000000 0.245672 0.130552 0.000000 -0.533937 0.845524 0.813875 -0.290789 1 7 1.000000
  7 0.030168 0.288267 0.146966 0.264292 -0.471250 0.841471 0.824848 -0.277121 1 7 1.000000
chr009a01
  7 0.000000 0.245672 0.130552 0.000000 -0.533937 0.845524 0.813875 -0.290789 1 7 1.000000
  7 0.037365 0.265390 0.131814 0.267956 -0.479739 0.835494 0.827466 -0.283617 1 7 1.000000
  7 0.030168 0.288267 0.146966 0.264292 -0.471250 0.841471 0.824848 -0.277121 1 7 1.000000
chr009a01
  7 0.037365 0.265390 0.131814 0.267956 -0.479739 0.835494 0.827466 -0.283617 1 7 1.000000
  7 0.063674 0.279274 0.132703 0.286197 -0.415144 0.863566 0.837036 -0.278566 1 7 1.000000
  7 0.030168 0.288267 0.146966 0.264292 -0.471250 0.841471 0.824848 -0.277121 1 7 1.000000
chr009a01
  7 0.063674 0.279274 0.132703 0.286197 -0.415144 0.863566 0.837036 -0.278566 1 7 1.000000
  7 0.055216 0.305217 0.146856 0.303963 -0.394363 0.867228 0.833960 -0.270956 1 7 1.000000
  7 0.030168 0.288267 0.146966 0.264292 -0.471250 0.841471 0.824848 -0.277121 1 7 1.000000
chr009a01
  7 -0.078088 0.322766 0.145159 -0.318633 -0.391784 0.863121 0.785470 -0.264572 1 7 1.000000
  7 -0.110718 0.294708 0.123413 -0.407098 -0.453216 0.793011 0.773601 -0.274779 1 7 1.000000
  7 -0.063674 0.279274 0.132703 -0.286197 -0.415144 0.863566 0.790713 -0.278566 1 7 1.000000
chr009a01
  7 -0.110718 0.294708 0.123413 -0.407098 -0.453216 0.793011 0.773601 -0.274779 1 7 1.000000
  7 -0.104918 0.275109 0.112956 -0.352945 -0.430939 0.830495 0.775711 -0.280082 1 7 1.000000
  7 -0.063674 0.279274 0.132703 -0.286197 -0.415144 0.863566 0.790713 -0.278566 1 7 1.000000
chr009a01
  7 -0.127711 0.303747 0.117867 -0.479720 -0.477429 0.736160 0.769700 -0.272538 1 7 1.000000
  7 -0.104918 0.275109 0.112956 -0.352945 -0.430939 0.830495 0.775711 -0.280082 1 7 1.000000
  7 -0.110718 0.294708 0.123413 -0.407098 -0.453216 0.793011 0.773601 -0.274779 1 7 1.000000
chr009a01
  7 -0.138896 0.320040 0.119953 0.300967 0.079594 0.950307 0.768645 -0.269887 1 7 1.000000
  7 -0.127711 0.303747 0.117867 -0.479720 -0.477429 0.736160 0.769700 -0.272538 1 7 1.000000
  7 -0.110718 0.294708 0.123413 -0.407098 -0.453216 0.793011 0.773601 -0.274779 1 7 1.000000
chr009a01
  7 0.078088 0.322766 0.145159 0.318633 -0.391783 0.863121 0.842279 -0.264572 1 7 1.000000
  7 0.055216 0.305217 0.146856 0.303963 -0.394363 0.867228 0.833960 -0.270956 1 7 1.000000
  7 0.063674 0.279274 0.132703 0.286197 -0.415144 0.863566 0.837036 -0.278566 1 7 1.000000
chr009a01
  7 0.110718 0.294708 0.123413 0.413773 -0.472275 0.778298 0.854149 -0.274779 1 7 1.000000
  7 0.078088 0.322766 0.145159 0.318633 -0.391783 0.863121 0.842279 -0.264572 1 7 1.000000
  7 0.063674 0.279274 0.132703 0.286197 -0.415144 0.863566 0.837036 -0.278566 1 7 1.000000
chr009a01
  7 0.104918 0.275109 0.112956 0.355493 -0.439682 0.824806 0.852039 -0.280082 1 7 1.000000
  7 0.110718 0.294708 0.123413 0.413773 -0.472275 0.778298 0.854149 -0.274779 1 7 1.000000
  7 0.063674 0.279274 0.132703 0.286197 -0.415144 0.863566 0.837036 -0.278566 1 7 1.000000
chr009a01
  7 0.104918 0.275109 0.112956 0.355493 -0.439682 0.824806 0.852039 -0.280082 1 7 1.000000
  7 0.127711 0.303747 0.117867 0.501706 -0.518102 0.692720 0.859195 -0.271042 1 7 1.000000
  7 0.110718 0.294708 0.123413 0.413773 -0.472275 0.778298 0.854149 -0.274779 1 7 1.000000
chr009a01
  7 0.127711 0.303747 0.117867 0.501706 -0.518102 0.692720 0.859195 -0.271042 1 7 1.000000
  7 0.130611 0.313547 0.123096 0.501707 -0.518102 0.692720 0.860250 -0.268390 1 7 1.000000
  7 0.110718 0.294708 0.123413 0.413773 -0.472275 0.778298 0.854149 -0.274779 1 7 1.000000
chr009a01
  7 0.127711 0.303747 0.117867 0.501706 -0.518102 0.692720 0.859195 -0.271042 1 7 1.000000
  7 0.150503 0.332386 0.122779 0.501707 -0.518103 0.692719 0.866351 -0.262002 1 7 1.000000
  7 0.130611 0.313547 0.123096 0.501707 -0.518102 0.692720 0.860250 -0.268390 1 7 1.000000
chr009a01
  7 -0.138896 0.320040 0.119953 0.300967 0.079594 0.950307 0.768645 -0.269887 1 7 1.000000
  7 -0.150503 0.332386 0.122779 0.366172 0.133481 0.920924 0.763688 -0.264995 1 7 1.000000
  7 -0.127711 0.303747 0.117867 -0.479720 -0.477429 0.736160 0.769700 -0.272538 1 7 1.000000
chr009a01
  7 -0.065267 0.274980 0.142109 0.431510 0.792169 0.431587 0.880282 -0.801565 1 7 1.000000
  7 -0.038427 0.260167 0.142530 0.436876 0.749570 0.497276 0.837442 -0.801565 1 7 1.000000
  7 -0.037365 0.265390 0.131814 0.436432 0.754335 0.490414 0.837442 -0.779151 1 7 1.000000
chr009a01
  7 -0.063674 0.279274 0.132703 0.431510 0.792169 0.431587 0.880282 -0.779151 1 7 1.000000
  7 -0.065267 0.274980 0.142109 0.431510 0.792169 0.431587 0.880282 -0.801565 1 7 1.000000
  7 -0.037365 0.265390 0.131814 0.436432 0.754335 0.490414 0.837442 -0.779151 1 7 1.000000
chr009a01
  7 -0.037365 0.265390 0.131814 0.436432 0.754335 0.490414 0.837442 -0.779151 1 7 1.000000
  7 -0.038427 0.260167 0.142530 0.436876 0.749570 0.497276 0.837442 -0.801565 1 7 1.000000
  7 0.000000 0.245672 0.130552 0.000000 0.787005 0.616946 0.783749 -0.779151 1 7 1.000000
chr009a01
  7 -0.038427 0.260167 0.142530 0.436876 0.749570 0.497276 0.837442 -0.801565 1 7 1.000000
  7 0.000000 0.238885 0.135999 0.000000 0.787005 0.616946 0.783749 -0.801565 1 7 1.000000
  7 0.000000 0.245672 0.130552 0.000000 0.787005 0.616946 0.783749 -0.779151 1 7 1.000000
chr009a01
  7 -0.104918 0.275109 0.112956 -0.262680 0.894723 0.361206 0.926202 -0.779151 1 7 1.000000
  7 -0.105187 0.270291 0.124764 -0.262680 0.894723 0.361206 0.926202 -0.801565 1 7 1.000000
  7 -0.065267 0.274980 0.142109 -0.262680 0.894723 0.361206 0.880282 -0.801565 1 7 1.000000
chr009a01
  7 -0.063674 0.279274 0.132703 -0.262680 0.894723 0.361206 0.880282 -0.779151 1 7 1.000000
  7 -0.104918 0.275109 0.112956 -0.262680 0.894723 0.361206 0.926202 -0.779151 1 7 1.000000
  7 -0.065267 0.274980 0.142109 -0.262680 0.894723 0.361206 0.880282 -0.801565 1 7 1.000000
chr009a01
  7 -0.127845 0.301338 0.123772 0.777711 0.575636 0.252605 0.957986 -0.796499 1 7 1.000000
  7 -0.127711 0.303747 0.117867 0.777711 0.575636 0.252605 0.957986 -0.785292 1 7 1.000000
  7 -0.150503 0.332386 0.122779 0.777711 0.575636 0.252605 0.989769 -0.791434 1 7 1.000000
chr009a01
  7 -0.127845 0.301338 0.123772 0.777711 0.575636 0.252605 0.957986 -0.796499 1 7 1.000000
  7 -0.105187 0.270291 0.124764 0.777711 0.575636 0.252605 0.926202 -0.801565 1 7 1.000000
  7 -0.127711 0.303747 0.117867 0.777711 0.575636 0.252605 0.957986 -0.785292 1 7 1.000000
chr009a01
  7 -0.105187 0.270291 0.124764 0.777711 0.575636 0.252605 0.926202 -0.801565 1 7 1.000000
  7 -0.104918 0.275109 0.112956 0.777711 0.575636 0.252605 0.926202 -0.779151 1 7 1.000000
  7 -0.127711 0.303747 0.117867 0.777711 0.575636 0.252605 0.957986 -0.785292 1 7 1.000000
chr009a01
  7 0.065267 0.274980 0.142109 -0.431510 0.792169 0.431587 0.880282 -0.801565 1 7 1.000000
  7 0.063674 0.279274 0.132703 -0.431510 0.792169 0.431587 0.880282 -0.779151 1 7 1.000000
  7 0.037365 0.265390 0.131814 -0.436432 0.754335 0.490414 0.837442 -0.779151 1 7 1.000000
chr009a01
  7 0.038427 0.260167 0.142530 -0.436876 0.749570 0.497276 0.837442 -0.801565 1 7 1.000000
  7 0.065267 0.274980 0.142109 -0.431510 0.792169 0.431587 0.880282 -0.801565 1 7 1.000000
  7 0.037365 0.265390 0.131814 -0.436432 0.754335 0.490414 0.837442 -0.779151 1 7 1.000000
chr009a01
  7 0.038427 0.260167 0.142530 -0.436876 0.749570 0.497276 0.837442 -0.801565 1 7 1.000000
  7 0.037365 0.265390 0.131814 -0.436432 0.754335 0.490414 0.837442 -0.779151 1 7 1.000000
  7 0.000000 0.245672 0.130552 0.000000 0.787005 0.616946 0.783749 -0.779151 1 7 1.000000
chr009a01
  7 0.000000 0.238885 0.135999 0.000000 0.787005 0.616946 0.783749 -0.801565 1 7 1.000000
  7 0.038427 0.260167 0.142530 -0.436876 0.749570 0.497276 0.837442 -0.801565 1 7 1.000000
  7 0.000000 0.245672 0.130552 0.000000 0.787005 0.616946 0.783749 -0.779151 1 7 1.000000
chr009a01
  7 0.104918 0.275109 0.112956 0.262680 0.894723 0.361206 0.926202 -0.779151 1 7 1.000000
  7 0.063674 0.279274 0.132703 0.262680 0.894723 0.361206 0.880282 -0.779151 1 7 1.000000
  7 0.065267 0.274980 0.142109 0.262680 0.894723 0.361206 0.880282 -0.801565 1 7 1.000000
chr009a01
  7 0.105187 0.270291 0.124764 0.262680 0.894723 0.361206 0.926202 -0.801565 1 7 1.000000
  7 0.104918 0.275109 0.112956 0.262680 0.894723 0.361206 0.926202 -0.779151 1 7 1.000000
  7 0.065267 0.274980 0.142109 0.262680 0.894723 0.361206 0.880282 -0.801565 1 7 1.000000
chr009a01
  7 0.105187 0.270291 0.124764 -0.777711 0.575636 0.252605 0.926202 -0.801565 1 7 1.000000
  7 0.127845 0.301338 0.123772 -0.777711 0.575636 0.252605 0.957986 -0.796499 1 7 1.000000
  7 0.127711 0.303747 0.117867 -0.777711 0.575636 0.252605 0.957986 -0.785292 1 7 1.000000
chr009a01
  7 0.104918 0.275109 0.112956 -0.777711 0.575636 0.252605 0.926202 -0.779151 1 7 1.000000
  7 0.105187 0.270291 0.124764 -0.777711 0.575636 0.252605 0.926202 -0.801565 1 7 1.000000
  7 0.127711 0.303747 0.117867 -0.777711 0.575636 0.252605 0.957986 -0.785292 1 7 1.000000
chr009a01
  7 0.127711 0.303747 0.117867 -0.777711 0.575636 0.252605 0.957986 -0.785292 1 7 1.000000
  7 0.127845 0.301338 0.123772 -0.777711 0.575636 0.252605 0.957986 -0.796499 1 7 1.000000
  7 0.150503 0.332386 0.122779 0.024508 -0.872153 0.488619 0.989769 -0.791434 1 7 1.000000
chr009a01
  7 0.078088 0.322766 0.145159 0.608762 -0.793353 -0.000000 0.906902 -0.777326 1 7 1.000000
  7 0.078088 0.322766 0.154540 0.608762 -0.793353 -0.000000 0.906902 -0.805739 1 7 1.000000
  7 0.055216 0.305217 0.156392 0.608762 -0.793353 -0.000000 0.861825 -0.805739 1 7 1.000000
chr009a01
  7 0.055216 0.305217 0.146856 0.608762 -0.793353 -0.000000 0.861825 -0.777326 1 7 1.000000
  7 0.078088 0.322766 0.145159 0.608762 -0.793353 -0.000000 0.906902 -0.777326 1 7 1.000000
  7 0.055216 0.305217 0.156392 0.608762 -0.793353 -0.000000 0.861825 -0.805739 1 7 1.000000
chr009a01
  7 -0.150503 0.332386 0.122779 -0.728563 -0.684979 -0.000000 0.988818 -0.777326 1 7 1.000000
  7 -0.138896 0.320040 0.119953 -0.699764 -0.713731 -0.030325 0.969060 -0.777326 1 7 1.000000
  7 -0.138896 0.320040 0.126301 -0.696780 -0.716509 -0.033357 0.969060 -0.791533 1 7 1.000000
chr009a01
  7 -0.138896 0.320040 0.126301 -0.696780 -0.716509 -0.033357 0.969060 -0.791533 1 7 1.000000
  7 -0.138896 0.320040 0.119953 -0.699764 -0.713731 -0.030325 0.969060 -0.777326 1 7 1.000000
  7 -0.110718 0.294708 0.123413 -0.670739 -0.739339 -0.059057 0.949301 -0.777326 1 7 1.000000
chr009a01
  7 -0.111661 0.294226 0.133796 -0.670739 -0.739339 -0.059057 0.949301 -0.805739 1 7 1.000000
  7 -0.138896 0.320040 0.126301 -0.696780 -0.716509 -0.033357 0.969060 -0.791533 1 7 1.000000
  7 -0.110718 0.294708 0.123413 -0.670739 -0.739339 -0.059057 0.949301 -0.777326 1 7 1.000000
chr009a01
  7 -0.078088 0.322766 0.154540 -0.122013 -0.992508 0.006328 0.906902 -0.805739 1 7 1.000000
  7 -0.111661 0.294226 0.133796 0.645241 -0.763882 0.012181 0.949301 -0.805739 1 7 1.000000
  7 -0.110718 0.294708 0.123413 0.645241 -0.763882 0.012181 0.949301 -0.777326 1 7 1.000000
chr009a01
  7 -0.078088 0.322766 0.145159 0.141826 -0.989851 0.008917 0.906902 -0.777326 1 7 1.000000
  7 -0.078088 0.322766 0.154540 -0.122013 -0.992508 0.006328 0.906902 -0.805739 1 7 1.000000
  7 -0.110718 0.294708 0.123413 0.645241 -0.763882 0.012181 0.949301 -0.777326 1 7 1.000000
chr009a01
  7 -0.055216 0.305217 0.156392 -0.608762 -0.793353 0.000001 0.861825 -0.805739 1 7 1.000000
  7 -0.078088 0.322766 0.154540 -0.122013 -0.992508 0.006328 0.906902 -0.805739 1 7 1.000000
  7 -0.078088 0.322766 0.145159 0.141826 -0.989851 0.008917 0.906902 -0.777326 1 7 1.000000
chr009a01
  7 -0.055216 0.305217 0.146856 -0.608762 -0.793353 0.000001 0.861825 -0.777326 1 7 1.000000
  7 -0.055216 0.305217 0.156392 -0.608762 -0.793353 0.000001 0.861825 -0.805739 1 7 1.000000
  7 -0.078088 0.322766 0.145159 0.141826 -0.989851 0.008917 0.906902 -0.777326 1 7 1.000000
chr009a01
  7 -0.030168 0.288267 0.157957 -0.524529 -0.851393 -0.000000 0.816748 -0.805739 1 7 1.000000
  7 -0.055216 0.305217 0.156392 -0.560419 -0.828209 -0.000000 0.861825 -0.805739 1 7 1.000000
  7 -0.055216 0.305217 0.146856 -0.560419 -0.828209 -0.000000 0.861825 -0.777326 1 7 1.000000
chr009a01
  7 -0.030168 0.288267 0.146966 -0.526196 -0.850363 -0.000000 0.816748 -0.777326 1 7 1.000000
  7 -0.030168 0.288267 0.157957 -0.524529 -0.851393 -0.000000 0.816748 -0.805739 1 7 1.000000
  7 -0.055216 0.305217 0.146856 -0.560419 -0.828209 -0.000000 0.861825 -0.777326 1 7 1.000000
chr009a01
  7 -0.030168 0.288267 0.157957 -0.524529 -0.851393 -0.000000 0.816748 -0.805739 1 7 1.000000
  7 -0.030168 0.288267 0.146966 -0.526196 -0.850363 -0.000000 0.816748 -0.777326 1 7 1.000000
  7 -0.000000 0.271312 0.159582 0.000000 -1.000000 -0.000000 0.779887 -0.805739 1 7 1.000000
chr009a01
  7 -0.030168 0.288267 0.146966 -0.526196 -0.850363 -0.000000 0.816748 -0.777326 1 7 1.000000
  7 -0.000000 0.271312 0.148540 0.000000 -1.000000 -0.000000 0.779887 -0.777326 1 7 1.000000
  7 -0.000000 0.271312 0.159582 0.000000 -1.000000 -0.000000 0.779887 -0.805739 1 7 1.000000
chr009a01
  7 -0.000000 0.271312 0.159582 0.000000 -1.000000 -0.000000 0.779887 -0.805739 1 7 1.000000
  7 -0.000000 0.271312 0.148540 0.000000 -1.000000 -0.000000 0.779887 -0.777326 1 7 1.000000
  7 0.030168 0.288267 0.146966 0.489956 -0.871747 -0.000000 0.816748 -0.777326 1 7 1.000000
chr009a01
  7 0.030168 0.288267 0.157957 0.489956 -0.871747 -0.000000 0.816748 -0.805739 1 7 1.000000
  7 -0.000000 0.271312 0.159582 0.000000 -1.000000 -0.000000 0.779887 -0.805739 1 7 1.000000
  7 0.030168 0.288267 0.146966 0.489956 -0.871747 -0.000000 0.816748 -0.777326 1 7 1.000000
chr009a01
  7 0.110718 0.294708 0.123413 -0.645241 -0.763882 0.012181 0.949301 -0.777326 1 7 1.000000
  7 0.111661 0.294226 0.133796 -0.645241 -0.763882 0.012181 0.949301 -0.805739 1 7 1.000000
  7 0.078088 0.322766 0.154540 -0.645241 -0.763882 0.012181 0.906902 -0.805739 1 7 1.000000
chr009a01
  7 0.078088 0.322766 0.145159 -0.645241 -0.763882 0.012181 0.906902 -0.777326 1 7 1.000000
  7 0.110718 0.294708 0.123413 -0.645241 -0.763882 0.012181 0.949301 -0.777326 1 7 1.000000
  7 0.078088 0.322766 0.154540 -0.645241 -0.763882 0.012181 0.906902 -0.805739 1 7 1.000000
chr009a01
  7 0.131082 0.313306 0.128288 0.683669 -0.723503 -0.095605 0.969060 -0.791533 1 7 1.000000
  7 0.130611 0.313547 0.123096 0.683668 -0.723503 -0.095605 0.969060 -0.777326 1 7 1.000000
  7 0.150503 0.332386 0.122779 0.024508 -0.872153 0.488619 0.988818 -0.777326 1 7 1.000000
chr009a01
  7 0.110718 0.294708 0.123413 0.683668 -0.723503 -0.095604 0.949301 -0.777326 1 7 1.000000
  7 0.130611 0.313547 0.123096 0.683668 -0.723503 -0.095605 0.969060 -0.777326 1 7 1.000000
  7 0.131082 0.313306 0.128288 0.683669 -0.723503 -0.095605 0.969060 -0.791533 1 7 1.000000
chr009a01
  7 0.111661 0.294226 0.133796 0.683668 -0.723503 -0.095604 0.949301 -0.805739 1 7 1.000000
  7 0.110718 0.294708 0.123413 0.683668 -0.723503 -0.095604 0.949301 -0.777326 1 7 1.000000
  7 0.131082 0.313306 0.128288 0.683669 -0.723503 -0.095605 0.969060 -0.791533 1 7 1.000000
chr009a01
  7 0.055216 0.305217 0.146856 0.560419 -0.828209 -0.000000 0.861825 -0.777326 1 7 1.000000
  7 0.055216 0.305217 0.156392 0.560419 -0.828209 -0.000000 0.861825 -0.805739 1 7 1.000000
  7 0.030168 0.288267 0.157957 0.560419 -0.828209 -0.000000 0.816748 -0.805739 1 7 1.000000
chr009a01
  7 0.030168 0.288267 0.146966 0.560419 -0.828209 -0.000000 0.816748 -0.777326 1 7 1.000000
  7 0.055216 0.305217 0.146856 0.560419 -0.828209 -0.000000 0.861825 -0.777326 1 7 1.000000
  7 0.030168 0.288267 0.157957 0.560419 -0.828209 -0.000000 0.816748 -0.805739 1 7 1.000000
chr009a01
  7 -0.044610 0.234367 0.123571 -0.213433 -0.633407 0.743802 0.619140 -0.522611 1 7 1.000000
  7 -0.050616 0.211951 0.097618 -0.224502 -0.767288 0.600723 0.609835 -0.564944 1 7 1.000000
  7 0.000000 0.199952 0.096513 0.000000 -0.807886 0.589338 0.674290 -0.572817 1 7 1.000000
chr009a01
  7 0.000000 0.221172 0.122210 0.000000 -0.686027 0.727576 0.674406 -0.533112 1 7 1.000000
  7 -0.044610 0.234367 0.123571 -0.213433 -0.633407 0.743802 0.619140 -0.522611 1 7 1.000000
  7 0.000000 0.199952 0.096513 0.000000 -0.807886 0.589338 0.674290 -0.572817 1 7 1.000000
chr009a01
  7 -0.044610 0.234367 0.123571 -0.213433 -0.633407 0.743802 0.619140 -0.522611 1 7 1.000000
  7 -0.081416 0.249628 0.123574 -0.318527 -0.551706 0.770818 0.573720 -0.507985 1 7 1.000000
  7 -0.050616 0.211951 0.097618 -0.224502 -0.767288 0.600723 0.609835 -0.564944 1 7 1.000000
chr009a01
  7 -0.081416 0.249628 0.123574 -0.318527 -0.551706 0.770818 0.573720 -0.507985 1 7 1.000000
  7 -0.096874 0.228480 0.097618 -0.385810 -0.682790 0.620443 0.552324 -0.548327 1 7 1.000000
  7 -0.050616 0.211951 0.097618 -0.224502 -0.767288 0.600723 0.609835 -0.564944 1 7 1.000000
chr009a01
  7 0.000000 0.199952 0.096513 0.000000 -0.807886 0.589338 0.674290 -0.572817 1 7 1.000000
  7 -0.050616 0.211951 0.097618 -0.224502 -0.767288 0.600723 0.609835 -0.564944 1 7 1.000000
  7 0.000000 0.178665 0.058484 0.000000 -0.909188 0.416385 0.674271 -0.619930 1 7 1.000000
chr009a01
  7 -0.050616 0.211951 0.097618 -0.224502 -0.767288 0.600723 0.609835 -0.564944 1 7 1.000000
  7 -0.096874 0.228480 0.097618 -0.385810 -0.682790 0.620443 0.552324 -0.548327 1 7 1.000000
  7 -0.057507 0.186236 0.058484 -0.238621 -0.876198 0.418732 0.598458 -0.610975 1 7 1.000000
chr009a01
  7 -0.050616 0.211951 0.097618 -0.224502 -0.767288 0.600723 0.609835 -0.564944 1 7 1.000000
  7 -0.057507 0.186236 0.058484 -0.238621 -0.876198 0.418732 0.598458 -0.610975 1 7 1.000000
  7 0.000000 0.178665 0.058484 0.000000 -0.909188 0.416385 0.674271 -0.619930 1 7 1.000000
chr009a01
  7 0.000000 0.178665 0.058484 0.000000 -0.909188 0.416385 0.674271 -0.619930 1 7 1.000000
  7 -0.057507 0.186236 0.058484 -0.238621 -0.876198 0.418732 0.598458 -0.610975 1 7 1.000000
  7 0.000000 0.164955 0.015572 0.000000 -0.988367 0.152088 0.674230 -0.642493 1 7 1.000000
chr009a01
  7 -0.057507 0.186236 0.058484 -0.238621 -0.876198 0.418732 0.598458 -0.610975 1 7 1.000000
  7 -0.061055 0.172993 0.015572 -0.255808 -0.954689 0.152088 0.592150 -0.631687 1 7 1.000000
  7 0.000000 0.164955 0.015572 0.000000 -0.988367 0.152088 0.674230 -0.642493 1 7 1.000000
chr009a01
  7 -0.096874 0.228480 0.097618 -0.385810 -0.682790 0.620443 0.552324 -0.548327 1 7 1.000000
  7 -0.111095 0.208433 0.058484 -0.451785 -0.785529 0.422888 0.527659 -0.584170 1 7 1.000000
  7 -0.057507 0.186236 0.058484 -0.238621 -0.876198 0.418732 0.598458 -0.610975 1 7 1.000000
chr009a01
  7 -0.057507 0.186236 0.058484 -0.238621 -0.876198 0.418732 0.598458 -0.610975 1 7 1.000000
  7 -0.111095 0.208433 0.058484 -0.451785 -0.785529 0.422888 0.527659 -0.584170 1 7 1.000000
  7 -0.061055 0.172993 0.015572 -0.255808 -0.954689 0.152088 0.592150 -0.631687 1 7 1.000000
chr009a01
  7 -0.111095 0.208433 0.058484 -0.451785 -0.785529 0.422888 0.527659 -0.584170 1 7 1.000000
  7 -0.117949 0.196560 0.015572 -0.494183 -0.855951 0.152088 0.515664 -0.600005 1 7 1.000000
  7 -0.061055 0.172993 0.015572 -0.255808 -0.954689 0.152088 0.592150 -0.631687 1 7 1.000000
chr009a01
  7 -0.111095 0.208433 0.058484 -0.451785 -0.785529 0.422888 0.527659 -0.584170 1 7 1.000000
  7 -0.157112 0.243743 0.058484 -0.642147 -0.636220 0.427635 0.465626 -0.539664 1 7 1.000000
  7 -0.117949 0.196560 0.015572 -0.494183 -0.855951 0.152088 0.515664 -0.600005 1 7 1.000000
chr009a01
  7 -0.157112 0.243743 0.058484 -0.642147 -0.636220 0.427635 0.465626 -0.539664 1 7 1.000000
  7 -0.166806 0.234049 0.015572 -0.698881 -0.698881 0.152088 0.449984 -0.549607 1 7 1.000000
  7 -0.117949 0.196560 0.015572 -0.494183 -0.855951 0.152088 0.515664 -0.600005 1 7 1.000000
chr009a01
  7 -0.096874 0.228480 0.097618 -0.385810 -0.682790 0.620443 0.552324 -0.548327 1 7 1.000000
  7 -0.134559 0.259314 0.099129 -0.542298 -0.526028 0.655139 0.503700 -0.512635 1 7 1.000000
  7 -0.111095 0.208433 0.058484 -0.451785 -0.785529 0.422888 0.527659 -0.584170 1 7 1.000000
chr009a01
  7 -0.134559 0.259314 0.099129 -0.542298 -0.526028 0.655139 0.503700 -0.512635 1 7 1.000000
  7 -0.157112 0.243743 0.058484 -0.642147 -0.636220 0.427635 0.465626 -0.539664 1 7 1.000000
  7 -0.111095 0.208433 0.058484 -0.451785 -0.785529 0.422888 0.527659 -0.584170 1 7 1.000000
chr009a01
  7 -0.157112 0.243743 0.058484 -0.642147 -0.636220 0.427635 0.465626 -0.539664 1 7 1.000000
  7 -0.192422 0.289760 0.058484 -0.780569 -0.450585 0.433226 0.417423 -0.473789 1 7 1.000000
  7 -0.166806 0.234049 0.015572 -0.698881 -0.698881 0.152088 0.449984 -0.549607 1 7 1.000000
chr009a01
  7 -0.192422 0.289760 0.058484 -0.780569 -0.450585 0.433226 0.417423 -0.473789 1 7 1.000000
  7 -0.204294 0.282905 0.015572 -0.855951 -0.494183 0.152088 0.399586 -0.483926 1 7 1.000000
  7 -0.166806 0.234049 0.015572 -0.698881 -0.698881 0.152088 0.449984 -0.549607 1 7 1.000000
chr009a01
  7 -0.192422 0.289760 0.058484 -0.780569 -0.450585 0.433226 0.417423 -0.473789 1 7 1.000000
  7 -0.214618 0.343347 0.058484 -0.870538 -0.233260 0.433305 0.377507 -0.405044 1 7 1.000000
  7 -0.204294 0.282905 0.015572 -0.855951 -0.494183 0.152088 0.399586 -0.483926 1 7 1.000000
chr009a01
  7 -0.214618 0.343347 0.058484 -0.870538 -0.233260 0.433305 0.377507 -0.405044 1 7 1.000000
  7 -0.227861 0.339799 0.015572 -0.954689 -0.255808 0.152088 0.367904 -0.407440 1 7 1.000000
  7 -0.204294 0.282905 0.015572 -0.855951 -0.494183 0.152088 0.399586 -0.483926 1 7 1.000000
chr009a01
  7 -0.134559 0.259314 0.099129 -0.542298 -0.526028 0.655139 0.503700 -0.512635 1 7 1.000000
  7 -0.169366 0.303071 0.097618 -0.643465 -0.375538 0.667027 0.453405 -0.452799 1 7 1.000000
  7 -0.157112 0.243743 0.058484 -0.642147 -0.636220 0.427635 0.465626 -0.539664 1 7 1.000000
chr009a01
  7 -0.169366 0.303071 0.097618 -0.643465 -0.375538 0.667027 0.453405 -0.452799 1 7 1.000000
  7 -0.192422 0.289760 0.058484 -0.780569 -0.450585 0.433226 0.417423 -0.473789 1 7 1.000000
  7 -0.157112 0.243743 0.058484 -0.642147 -0.636220 0.427635 0.465626 -0.539664 1 7 1.000000
chr009a01
  7 -0.169366 0.303071 0.097618 -0.643465 -0.375538 0.667027 0.453405 -0.452799 1 7 1.000000
  7 -0.188903 0.350238 0.097618 -0.725924 -0.189111 0.661265 0.420277 -0.393407 1 7 1.000000
  7 -0.192422 0.289760 0.058484 -0.780569 -0.450585 0.433226 0.417423 -0.473789 1 7 1.000000
chr009a01
  7 -0.188903 0.350238 0.097618 -0.725924 -0.189111 0.661265 0.420277 -0.393407 1 7 1.000000
  7 -0.214618 0.343347 0.058484 -0.870538 -0.233260 0.433305 0.377507 -0.405044 1 7 1.000000
  7 -0.192422 0.289760 0.058484 -0.780569 -0.450585 0.433226 0.417423 -0.473789 1 7 1.000000
chr009a01
  7 -0.188903 0.350238 0.097618 -0.725924 -0.189111 0.661265 0.420277 -0.393407 1 7 1.000000
  7 -0.169366 0.303071 0.097618 -0.643465 -0.375538 0.667027 0.453405 -0.452799 1 7 1.000000
  7 -0.165572 0.331339 0.110199 -0.587526 -0.275115 0.761003 0.451642 -0.418813 1 7 1.000000
chr009a01
  7 -0.169366 0.303071 0.097618 -0.643465 -0.375538 0.667027 0.453405 -0.452799 1 7 1.000000
  7 -0.127845 0.301338 0.123772 -0.522852 -0.355505 0.774753 0.503503 -0.453135 1 7 1.000000
  7 -0.165572 0.331339 0.110199 -0.587526 -0.275115 0.761003 0.451642 -0.418813 1 7 1.000000
chr009a01
  7 -0.169366 0.303071 0.097618 -0.643465 -0.375538 0.667027 0.453405 -0.452799 1 7 1.000000
  7 -0.134559 0.259314 0.099129 -0.542298 -0.526028 0.655139 0.503700 -0.512635 1 7 1.000000
  7 -0.127845 0.301338 0.123772 -0.522852 -0.355505 0.774753 0.503503 -0.453135 1 7 1.000000
chr009a01
  7 -0.165572 0.331339 0.110199 -0.587526 -0.275115 0.761003 0.451642 -0.418813 1 7 1.000000
  7 -0.150503 0.332386 0.122779 -0.550561 -0.279558 0.786594 0.471900 -0.417407 1 7 1.000000
  7 -0.188903 0.350238 0.097618 -0.725924 -0.189111 0.661265 0.420277 -0.393407 1 7 1.000000
chr009a01
  7 -0.127845 0.301338 0.123772 -0.522852 -0.355505 0.774753 0.503503 -0.453135 1 7 1.000000
  7 -0.150503 0.332386 0.122779 -0.550561 -0.279558 0.786594 0.471900 -0.417407 1 7 1.000000
  7 -0.165572 0.331339 0.110199 -0.587526 -0.275115 0.761003 0.451642 -0.418813 1 7 1.000000
chr009a01
  7 -0.227861 0.339799 0.015572 -0.954689 -0.255808 0.152088 0.367904 -0.407440 1 7 1.000000
  7 -0.214618 0.343347 0.058484 -0.870538 -0.233260 0.433305 0.377507 -0.405044 1 7 1.000000
  7 -0.235899 0.400854 0.015572 -0.988367 -0.000000 0.152088 0.357098 -0.325360 1 7 1.000000
chr009a01
  7 -0.214618 0.343347 0.058484 -0.870538 -0.233260 0.433305 0.377507 -0.405044 1 7 1.000000
  7 -0.188903 0.350238 0.097618 -0.725924 -0.189111 0.661265 0.420277 -0.393407 1 7 1.000000
  7 -0.222189 0.400854 0.058484 -0.901247 -0.000000 0.433305 0.367040 -0.325537 1 7 1.000000
chr009a01
  7 -0.214618 0.343347 0.058484 -0.870538 -0.233260 0.433305 0.377507 -0.405044 1 7 1.000000
  7 -0.222189 0.400854 0.058484 -0.901247 -0.000000 0.433305 0.367040 -0.325537 1 7 1.000000
  7 -0.235899 0.400854 0.015572 -0.988367 -0.000000 0.152088 0.357098 -0.325360 1 7 1.000000
chr009a01
  7 -0.188903 0.350238 0.097618 -0.725924 -0.189111 0.661265 0.420277 -0.393407 1 7 1.000000
  7 -0.195567 0.400854 0.097618 -0.750440 -0.002396 0.660934 0.411319 -0.325360 1 7 1.000000
  7 -0.222189 0.400854 0.058484 -0.901247 -0.000000 0.433305 0.367040 -0.325537 1 7 1.000000
chr009a01
  7 -0.235899 0.400854 0.015572 -0.988367 -0.000000 0.152088 0.357098 -0.325360 1 7 1.000000
  7 -0.222189 0.400854 0.058484 -0.901247 -0.000000 0.433305 0.367040 -0.325537 1 7 1.000000
  7 -0.227861 0.461909 0.015572 -0.954689 0.255808 0.152088 0.367904 -0.243280 1 7 1.000000
chr009a01
  7 -0.222189 0.400854 0.058484 -0.901247 -0.000000 0.433305 0.367040 -0.325537 1 7 1.000000
  7 -0.195567 0.400854 0.097618 -0.750440 -0.002396 0.660934 0.411319 -0.325360 1 7 1.000000
  7 -0.214618 0.458361 0.058484 -0.870538 0.233260 0.433305 0.377507 -0.246030 1 7 1.000000
chr009a01
  7 -0.222189 0.400854 0.058484 -0.901247 -0.000000 0.433305 0.367040 -0.325537 1 7 1.000000
  7 -0.214618 0.458361 0.058484 -0.870538 0.233260 0.433305 0.377507 -0.246030 1 7 1.000000
  7 -0.227861 0.461909 0.015572 -0.954689 0.255808 0.152088 0.367904 -0.243280 1 7 1.000000
chr009a01
  7 -0.169056 0.413134 0.119297 -0.642001 0.025716 0.766272 0.446959 -0.308852 1 7 1.000000
  7 -0.195567 0.400854 0.097618 -0.750440 -0.002396 0.660934 0.411319 -0.325360 1 7 1.000000
  7 -0.188903 0.350238 0.097618 -0.725924 -0.189111 0.661265 0.420277 -0.393407 1 7 1.000000
chr009a01
  7 -0.153563 0.389950 0.132074 -0.571536 -0.044910 0.819347 0.467786 -0.340019 1 7 1.000000
  7 -0.169056 0.413134 0.119297 -0.642001 0.025716 0.766272 0.446959 -0.308852 1 7 1.000000
  7 -0.188903 0.350238 0.097618 -0.725924 -0.189111 0.661265 0.420277 -0.393407 1 7 1.000000
chr009a01
  7 -0.153563 0.389950 0.132074 -0.571536 -0.044910 0.819347 0.467786 -0.340019 1 7 1.000000
  7 -0.143382 0.400132 0.138210 -0.526825 -0.030635 0.849421 0.481474 -0.326331 1 7 1.000000
  7 -0.169056 0.413134 0.119297 -0.642001 0.025716 0.766272 0.446959 -0.308852 1 7 1.000000
chr009a01
  7 -0.153563 0.389950 0.132074 -0.571536 -0.044910 0.819347 0.467786 -0.340019 1 7 1.000000
  7 -0.130379 0.374460 0.143334 -0.449193 -0.092911 0.888591 0.498955 -0.360843 1 7 1.000000
  7 -0.143382 0.400132 0.138210 -0.526825 -0.030635 0.849421 0.481474 -0.326331 1 7 1.000000
chr009a01
  7 -0.130379 0.374460 0.143334 -0.449193 -0.092911 0.888591 0.498955 -0.360843 1 7 1.000000
  7 -0.124869 0.387762 0.147201 -0.451897 -0.064331 0.889748 0.506362 -0.342961 1 7 1.000000
  7 -0.143382 0.400132 0.138210 -0.526825 -0.030635 0.849421 0.481474 -0.326331 1 7 1.000000
chr009a01
  7 -0.130379 0.374460 0.143334 -0.449193 -0.092911 0.888591 0.498955 -0.360843 1 7 1.000000
  7 -0.103032 0.369022 0.156431 -0.364758 -0.098997 0.925825 0.535719 -0.368154 1 7 1.000000
  7 -0.124869 0.387762 0.147201 -0.451897 -0.064331 0.889748 0.506362 -0.342961 1 7 1.000000
chr009a01
  7 -0.103032 0.369022 0.156431 -0.364758 -0.098997 0.925825 0.535719 -0.368154 1 7 1.000000
  7 -0.103032 0.383418 0.157300 -0.354920 -0.064562 0.932665 0.535719 -0.348800 1 7 1.000000
  7 -0.124869 0.387762 0.147201 -0.451897 -0.064331 0.889748 0.506362 -0.342961 1 7 1.000000
chr009a01
  7 -0.103032 0.369022 0.156431 -0.364758 -0.098997 0.925825 0.535719 -0.368154 1 7 1.000000
  7 -0.075685 0.374462 0.164502 -0.257516 -0.080774 0.962892 0.572482 -0.360841 1 7 1.000000
  7 -0.103032 0.383418 0.157300 -0.354920 -0.064562 0.932665 0.535719 -0.348800 1 7 1.000000
chr009a01
  7 -0.075685 0.374462 0.164502 -0.257516 -0.080774 0.962892 0.572482 -0.360841 1 7 1.000000
  7 -0.081194 0.387762 0.163857 -0.266694 -0.063633 0.961678 0.565076 -0.342961 1 7 1.000000
  7 -0.103032 0.383418 0.157300 -0.354920 -0.064562 0.932665 0.535719 -0.348800 1 7 1.000000
chr009a01
  7 -0.075685 0.374462 0.164502 -0.257516 -0.080774 0.962892 0.572482 -0.360841 1 7 1.000000
  7 -0.052503 0.389953 0.171753 -0.167117 -0.043321 0.984985 0.603647 -0.340015 1 7 1.000000
  7 -0.081194 0.387762 0.163857 -0.266694 -0.063633 0.961678 0.565076 -0.342961 1 7 1.000000
chr009a01
  7 -0.052503 0.389953 0.171753 -0.167117 -0.043321 0.984985 0.603647 -0.340015 1 7 1.000000
  7 -0.062681 0.400132 0.169750 -0.199088 -0.028255 0.979574 0.589964 -0.326331 1 7 1.000000
  7 -0.081194 0.387762 0.163857 -0.266694 -0.063633 0.961678 0.565076 -0.342961 1 7 1.000000
chr009a01
  7 -0.050312 0.418645 0.171771 -0.115652 0.041752 0.992412 0.606594 -0.301443 1 7 1.000000
  7 -0.062681 0.400132 0.169750 -0.199088 -0.028255 0.979574 0.589964 -0.326331 1 7 1.000000
  7 -0.052503 0.389953 0.171753 -0.167117 -0.043321 0.984985 0.603647 -0.340015 1 7 1.000000
chr009a01
  7 -0.037013 0.413136 0.173131 -0.100308 0.036141 0.994300 0.624472 -0.308849 1 7 1.000000
  7 -0.050312 0.418645 0.171771 -0.115652 0.041752 0.992412 0.606594 -0.301443 1 7 1.000000
  7 -0.052503 0.389953 0.171753 -0.167117 -0.043321 0.984985 0.603647 -0.340015 1 7 1.000000
chr009a01
  7 -0.037013 0.413136 0.173131 -0.100308 0.036141 0.994300 0.624472 -0.308849 1 7 1.000000
  7 -0.030004 0.445293 0.171749 -0.103988 0.137076 0.985087 0.633894 -0.265619 1 7 1.000000
  7 -0.050312 0.418645 0.171771 -0.115652 0.041752 0.992412 0.606594 -0.301443 1 7 1.000000
chr009a01
  7 -0.030004 0.445293 0.171749 -0.103988 0.137076 0.985087 0.633894 -0.265619 1 7 1.000000
  7 -0.045968 0.440482 0.170236 -0.122095 0.132674 0.983611 0.612433 -0.272086 1 7 1.000000
  7 -0.050312 0.418645 0.171771 -0.115652 0.041752 0.992412 0.606594 -0.301443 1 7 1.000000
chr009a01
  7 -0.030004 0.445293 0.171749 -0.103988 0.137076 0.985087 0.633894 -0.265619 1 7 1.000000
  7 -0.037012 0.467828 0.165677 -0.148597 0.230393 0.961685 0.624473 -0.235324 1 7 1.000000
  7 -0.045968 0.440482 0.170236 -0.122095 0.132674 0.983611 0.612433 -0.272086 1 7 1.000000
chr009a01
  7 -0.037012 0.467828 0.165677 -0.148597 0.230393 0.961685 0.624473 -0.235324 1 7 1.000000
  7 -0.050312 0.462319 0.164688 -0.162786 0.218736 0.962110 0.606594 -0.242730 1 7 1.000000
  7 -0.045968 0.440482 0.170236 -0.122095 0.132674 0.983611 0.612433 -0.272086 1 7 1.000000
chr009a01
  7 -0.037012 0.467828 0.165677 -0.148597 0.230393 0.961685 0.624473 -0.235324 1 7 1.000000
  7 -0.052502 0.491011 0.157577 -0.192143 0.303124 0.933379 0.603649 -0.204157 1 7 1.000000
  7 -0.050312 0.462319 0.164688 -0.162786 0.218736 0.962110 0.606594 -0.242730 1 7 1.000000
chr009a01
  7 -0.052502 0.491011 0.157577 -0.192143 0.303124 0.933379 0.603649 -0.204157 1 7 1.000000
  7 -0.062681 0.480832 0.158132 -0.211148 0.282815 0.935645 0.589964 -0.217842 1 7 1.000000
  7 -0.050312 0.462319 0.164688 -0.162786 0.218736 0.962110 0.606594 -0.242730 1 7 1.000000
chr009a01
  7 -0.052502 0.491011 0.157577 -0.192143 0.303124 0.933379 0.603649 -0.204157 1 7 1.000000
  7 -0.075685 0.506503 0.144847 -0.289873 0.350296 0.890655 0.572483 -0.183330 1 7 1.000000
  7 -0.062681 0.480832 0.158132 -0.211148 0.282815 0.935645 0.589964 -0.217842 1 7 1.000000
chr009a01
  7 -0.075685 0.506503 0.144847 -0.289873 0.350296 0.890655 0.572483 -0.183330 1 7 1.000000
  7 -0.081194 0.493202 0.148714 -0.277167 0.349114 0.895153 0.565076 -0.201212 1 7 1.000000
  7 -0.062681 0.480832 0.158132 -0.211148 0.282815 0.935645 0.589964 -0.217842 1 7 1.000000
chr009a01
  7 -0.103032 0.497545 0.139094 -0.360350 0.374831 0.854195 0.535719 -0.195373 1 7 1.000000
  7 -0.081194 0.493202 0.148714 -0.277167 0.349114 0.895153 0.565076 -0.201212 1 7 1.000000
  7 -0.075685 0.506503 0.144847 -0.289873 0.350296 0.890655 0.572483 -0.183330 1 7 1.000000
chr009a01
  7 -0.103032 0.511944 0.133587 -0.379766 0.418148 0.825185 0.535719 -0.176016 1 7 1.000000
  7 -0.103032 0.497545 0.139094 -0.360350 0.374831 0.854195 0.535719 -0.195373 1 7 1.000000
  7 -0.075685 0.506503 0.144847 -0.289873 0.350296 0.890655 0.572483 -0.183330 1 7 1.000000
chr009a01
  7 -0.103032 0.511944 0.133587 -0.379766 0.418148 0.825185 0.535719 -0.176016 1 7 1.000000
  7 -0.130380 0.506506 0.120578 -0.485191 0.406185 0.774341 0.498953 -0.183326 1 7 1.000000
  7 -0.103032 0.497545 0.139094 -0.360350 0.374831 0.854195 0.535719 -0.195373 1 7 1.000000
chr009a01
  7 -0.130380 0.506506 0.120578 -0.485191 0.406185 0.774341 0.498953 -0.183326 1 7 1.000000
  7 -0.124869 0.493202 0.131209 -0.468224 0.389271 0.793243 0.506362 -0.201212 1 7 1.000000
  7 -0.103032 0.497545 0.139094 -0.360350 0.374831 0.854195 0.535719 -0.195373 1 7 1.000000
chr009a01
  7 -0.130380 0.506506 0.120578 -0.485191 0.406185 0.774341 0.498953 -0.183326 1 7 1.000000
  7 -0.153565 0.491015 0.112705 -0.562735 0.333294 0.756468 0.467784 -0.204152 1 7 1.000000
  7 -0.124869 0.493202 0.131209 -0.468224 0.389271 0.793243 0.506362 -0.201212 1 7 1.000000
chr009a01
  7 -0.153565 0.491015 0.112705 -0.562735 0.333294 0.756468 0.467784 -0.204152 1 7 1.000000
  7 -0.143382 0.480832 0.124689 -0.563767 0.328741 0.757691 0.481474 -0.217842 1 7 1.000000
  7 -0.124869 0.493202 0.131209 -0.468224 0.389271 0.793243 0.506362 -0.201212 1 7 1.000000
chr009a01
  7 -0.153565 0.491015 0.112705 -0.562735 0.333294 0.756468 0.467784 -0.204152 1 7 1.000000
  7 -0.169057 0.467830 0.108224 -0.611040 0.241647 0.753815 0.446957 -0.235320 1 7 1.000000
  7 -0.143382 0.480832 0.124689 -0.563767 0.328741 0.757691 0.481474 -0.217842 1 7 1.000000
chr009a01
  7 -0.169057 0.467830 0.108224 -0.611040 0.241647 0.753815 0.446957 -0.235320 1 7 1.000000
  7 -0.155752 0.462319 0.120874 -0.621461 0.240251 0.745698 0.464845 -0.242730 1 7 1.000000
  7 -0.143382 0.480832 0.124689 -0.563767 0.328741 0.757691 0.481474 -0.217842 1 7 1.000000
chr009a01
  7 -0.195567 0.400854 0.097618 -0.750440 -0.002396 0.660934 0.411319 -0.325360 1 7 1.000000
  7 -0.169056 0.413134 0.119297 -0.642001 0.025716 0.766272 0.446959 -0.308852 1 7 1.000000
  7 -0.174497 0.440482 0.111424 -0.638624 0.140777 0.756533 0.439645 -0.272086 1 7 1.000000
chr009a01
  7 -0.169057 0.467830 0.108224 -0.611040 0.241647 0.753815 0.446957 -0.235320 1 7 1.000000
  7 -0.174497 0.440482 0.111424 -0.638624 0.140777 0.756533 0.439645 -0.272086 1 7 1.000000
  7 -0.155752 0.462319 0.120874 -0.621461 0.240251 0.745698 0.464845 -0.242730 1 7 1.000000
chr009a01
  7 -0.174497 0.440482 0.111424 -0.638624 0.140777 0.756533 0.439645 -0.272086 1 7 1.000000
  7 -0.169056 0.413134 0.119297 -0.642001 0.025716 0.766272 0.446959 -0.308852 1 7 1.000000
  7 -0.160095 0.440482 0.123965 -0.645373 0.148600 0.749274 0.459005 -0.272086 1 7 1.000000
chr009a01
  7 -0.174497 0.440482 0.111424 -0.638624 0.140777 0.756533 0.439645 -0.272086 1 7 1.000000
  7 -0.160095 0.440482 0.123965 -0.645373 0.148600 0.749274 0.459005 -0.272086 1 7 1.000000
  7 -0.155752 0.462319 0.120874 -0.621461 0.240251 0.745698 0.464845 -0.242730 1 7 1.000000
chr009a01
  7 -0.143382 0.400132 0.138210 -0.526825 -0.030635 0.849421 0.481474 -0.326331 1 7 1.000000
  7 -0.155752 0.418645 0.130251 -0.620318 0.041937 0.783228 0.464845 -0.301443 1 7 1.000000
  7 -0.169056 0.413134 0.119297 -0.642001 0.025716 0.766272 0.446959 -0.308852 1 7 1.000000
chr009a01
  7 -0.169056 0.413134 0.119297 -0.642001 0.025716 0.766272 0.446959 -0.308852 1 7 1.000000
  7 -0.155752 0.418645 0.130251 -0.620318 0.041937 0.783228 0.464845 -0.301443 1 7 1.000000
  7 -0.160095 0.440482 0.123965 -0.645373 0.148600 0.749274 0.459005 -0.272086 1 7 1.000000
chr009a01
  7 -0.169057 0.467830 0.108224 -0.611040 0.241647 0.753815 0.446957 -0.235320 1 7 1.000000
  7 -0.153565 0.491015 0.112705 -0.562735 0.333294 0.756468 0.467784 -0.204152 1 7 1.000000
  7 -0.169366 0.498638 0.097618 -0.651115 0.375357 0.659664 0.446542 -0.193904 1 7 1.000000
chr009a01
  7 -0.153565 0.491015 0.112705 -0.562735 0.333294 0.756468 0.467784 -0.204152 1 7 1.000000
  7 -0.130380 0.506506 0.120578 -0.485191 0.406185 0.774341 0.498953 -0.183326 1 7 1.000000
  7 -0.169366 0.498638 0.097618 -0.651115 0.375357 0.659664 0.446542 -0.193904 1 7 1.000000
chr009a01
  7 -0.130380 0.506506 0.120578 -0.485191 0.406185 0.774341 0.498953 -0.183326 1 7 1.000000
  7 -0.138287 0.539141 0.097618 -0.529530 0.529403 0.662820 0.488324 -0.139453 1 7 1.000000
  7 -0.169366 0.498638 0.097618 -0.651115 0.375357 0.659664 0.446542 -0.193904 1 7 1.000000
chr009a01
  7 -0.130380 0.506506 0.120578 -0.485191 0.406185 0.774341 0.498953 -0.183326 1 7 1.000000
  7 -0.103032 0.511944 0.133587 -0.379766 0.418148 0.825185 0.535719 -0.176016 1 7 1.000000
  7 -0.138287 0.539141 0.097618 -0.529530 0.529403 0.662820 0.488324 -0.139453 1 7 1.000000
chr009a01
  7 -0.169366 0.498638 0.097618 -0.651115 0.375357 0.659664 0.446542 -0.193904 1 7 1.000000
  7 -0.138287 0.539141 0.097618 -0.529530 0.529403 0.662820 0.488324 -0.139453 1 7 1.000000
  7 -0.157112 0.557966 0.058484 -0.637278 0.637278 0.433305 0.457014 -0.108320 1 7 1.000000
chr009a01
  7 -0.192422 0.511949 0.058484 -0.780503 0.450624 0.433305 0.408196 -0.171942 1 7 1.000000
  7 -0.169366 0.498638 0.097618 -0.651115 0.375357 0.659664 0.446542 -0.193904 1 7 1.000000
  7 -0.157112 0.557966 0.058484 -0.637278 0.637278 0.433305 0.457014 -0.108320 1 7 1.000000
chr009a01
  7 -0.169057 0.467830 0.108224 -0.611040 0.241647 0.753815 0.446957 -0.235320 1 7 1.000000
  7 -0.169366 0.498638 0.097618 -0.651115 0.375357 0.659664 0.446542 -0.193904 1 7 1.000000
  7 -0.188903 0.451471 0.097618 -0.721404 0.194917 0.664518 0.420277 -0.257314 1 7 1.000000
chr009a01
  7 -0.214618 0.458361 0.058484 -0.870538 0.233260 0.433305 0.377507 -0.246030 1 7 1.000000
  7 -0.188903 0.451471 0.097618 -0.721404 0.194917 0.664518 0.420277 -0.257314 1 7 1.000000
  7 -0.192422 0.511949 0.058484 -0.780503 0.450624 0.433305 0.408196 -0.171942 1 7 1.000000
chr009a01
  7 -0.195567 0.400854 0.097618 -0.750440 -0.002396 0.660934 0.411319 -0.325360 1 7 1.000000
  7 -0.188903 0.451471 0.097618 -0.721404 0.194917 0.664518 0.420277 -0.257314 1 7 1.000000
  7 -0.214618 0.458361 0.058484 -0.870538 0.233260 0.433305 0.377507 -0.246030 1 7 1.000000
chr009a01
  7 -0.188903 0.451471 0.097618 -0.721404 0.194917 0.664518 0.420277 -0.257314 1 7 1.000000
  7 -0.169366 0.498638 0.097618 -0.651115 0.375357 0.659664 0.446542 -0.193904 1 7 1.000000
  7 -0.192422 0.511949 0.058484 -0.780503 0.450624 0.433305 0.408196 -0.171942 1 7 1.000000
chr009a01
  7 -0.174497 0.440482 0.111424 -0.638624 0.140777 0.756533 0.439645 -0.272086 1 7 1.000000
  7 -0.169057 0.467830 0.108224 -0.611040 0.241647 0.753815 0.446957 -0.235320 1 7 1.000000
  7 -0.188903 0.451471 0.097618 -0.721404 0.194917 0.664518 0.420277 -0.257314 1 7 1.000000
chr009a01
  7 -0.188903 0.451471 0.097618 -0.721404 0.194917 0.664518 0.420277 -0.257314 1 7 1.000000
  7 -0.195567 0.400854 0.097618 -0.750440 -0.002396 0.660934 0.411319 -0.325360 1 7 1.000000
  7 -0.174497 0.440482 0.111424 -0.638624 0.140777 0.756533 0.439645 -0.272086 1 7 1.000000
chr009a01
  7 -0.227861 0.461909 0.015572 -0.954689 0.255808 0.152088 0.367904 -0.243280 1 7 1.000000
  7 -0.214618 0.458361 0.058484 -0.870538 0.233260 0.433305 0.377507 -0.246030 1 7 1.000000
  7 -0.204294 0.518804 0.015572 -0.855951 0.494183 0.152089 0.399586 -0.166794 1 7 1.000000
chr009a01
  7 -0.214618 0.458361 0.058484 -0.870538 0.233260 0.433305 0.377507 -0.246030 1 7 1.000000
  7 -0.192422 0.511949 0.058484 -0.780503 0.450624 0.433305 0.408196 -0.171942 1 7 1.000000
  7 -0.204294 0.518804 0.015572 -0.855951 0.494183 0.152089 0.399586 -0.166794 1 7 1.000000
chr009a01
  7 -0.204294 0.518804 0.015572 -0.855951 0.494183 0.152089 0.399586 -0.166794 1 7 1.000000
  7 -0.192422 0.511949 0.058484 -0.780503 0.450624 0.433305 0.408196 -0.171942 1 7 1.000000
  7 -0.166806 0.567660 0.015572 -0.698881 0.698881 0.152089 0.449984 -0.101114 1 7 1.000000
chr009a01
  7 -0.192422 0.511949 0.058484 -0.780503 0.450624 0.433305 0.408196 -0.171942 1 7 1.000000
  7 -0.157112 0.557966 0.058484 -0.637278 0.637278 0.433305 0.457014 -0.108320 1 7 1.000000
  7 -0.166806 0.567660 0.015572 -0.698881 0.698881 0.152089 0.449984 -0.101114 1 7 1.000000
chr009a01
  7 -0.166806 0.567660 0.015572 -0.698881 0.698881 0.152089 0.449984 -0.101114 1 7 1.000000
  7 -0.157112 0.557966 0.058484 -0.637278 0.637278 0.433305 0.457014 -0.108320 1 7 1.000000
  7 -0.117949 0.605149 0.015572 -0.494183 0.855951 0.152089 0.515664 -0.050715 1 7 1.000000
chr009a01
  7 -0.157112 0.557966 0.058484 -0.637278 0.637278 0.433305 0.457014 -0.108320 1 7 1.000000
  7 -0.111095 0.593276 0.058484 -0.450623 0.780503 0.433305 0.520635 -0.059502 1 7 1.000000
  7 -0.117949 0.605149 0.015572 -0.494183 0.855951 0.152089 0.515664 -0.050715 1 7 1.000000
chr009a01
  7 -0.157112 0.557966 0.058484 -0.637278 0.637278 0.433305 0.457014 -0.108320 1 7 1.000000
  7 -0.138287 0.539141 0.097618 -0.529530 0.529403 0.662820 0.488324 -0.139453 1 7 1.000000
  7 -0.111095 0.593276 0.058484 -0.450623 0.780503 0.433305 0.520635 -0.059502 1 7 1.000000
chr009a01
  7 -0.138287 0.539141 0.097618 -0.529530 0.529403 0.662820 0.488324 -0.139453 1 7 1.000000
  7 -0.103032 0.511944 0.133587 -0.379766 0.418148 0.825185 0.535719 -0.176016 1 7 1.000000
  7 -0.097783 0.570220 0.097618 -0.377913 0.648052 0.661219 0.542775 -0.097672 1 7 1.000000
chr009a01
  7 -0.138287 0.539141 0.097618 -0.529530 0.529403 0.662820 0.488324 -0.139453 1 7 1.000000
  7 -0.097783 0.570220 0.097618 -0.377913 0.648052 0.661219 0.542775 -0.097672 1 7 1.000000
  7 -0.111095 0.593276 0.058484 -0.450623 0.780503 0.433305 0.520635 -0.059502 1 7 1.000000
chr009a01
  7 -0.117949 0.605149 0.015572 -0.494183 0.855951 0.152089 0.515664 -0.050715 1 7 1.000000
  7 -0.111095 0.593276 0.058484 -0.450623 0.780503 0.433305 0.520635 -0.059502 1 7 1.000000
  7 -0.061055 0.628715 0.015572 -0.255808 0.954689 0.152088 0.592151 -0.019034 1 7 1.000000
chr009a01
  7 -0.111095 0.593276 0.058484 -0.450623 0.780503 0.433305 0.520635 -0.059502 1 7 1.000000
  7 -0.097783 0.570220 0.097618 -0.377913 0.648052 0.661219 0.542775 -0.097672 1 7 1.000000
  7 -0.057507 0.615473 0.058484 -0.233260 0.870538 0.433305 0.594724 -0.028813 1 7 1.000000
chr009a01
  7 -0.111095 0.593276 0.058484 -0.450623 0.780503 0.433305 0.520635 -0.059502 1 7 1.000000
  7 -0.057507 0.615473 0.058484 -0.233260 0.870538 0.433305 0.594724 -0.028813 1 7 1.000000
  7 -0.061055 0.628715 0.015572 -0.255808 0.954689 0.152088 0.592151 -0.019034 1 7 1.000000
chr009a01
  7 -0.103032 0.511944 0.133587 -0.379766 0.418148 0.825185 0.535719 -0.176016 1 7 1.000000
  7 -0.078789 0.537322 0.130700 -0.297873 0.498971 0.813818 0.564296 -0.136774 1 7 1.000000
  7 -0.097783 0.570220 0.097618 -0.377913 0.648052 0.661219 0.542775 -0.097672 1 7 1.000000
chr009a01
  7 -0.097783 0.570220 0.097618 -0.377913 0.648052 0.661219 0.542775 -0.097672 1 7 1.000000
  7 -0.078789 0.537322 0.130700 -0.297873 0.498971 0.813818 0.564296 -0.136774 1 7 1.000000
  7 -0.050616 0.589757 0.097618 -0.194776 0.726915 0.658526 0.606184 -0.075447 1 7 1.000000
chr009a01
  7 -0.097783 0.570220 0.097618 -0.377913 0.648052 0.661219 0.542775 -0.097672 1 7 1.000000
  7 -0.050616 0.589757 0.097618 -0.194776 0.726915 0.658526 0.606184 -0.075447 1 7 1.000000
  7 -0.057507 0.615473 0.058484 -0.233260 0.870538 0.433305 0.594724 -0.028813 1 7 1.000000
chr009a01
  7 -0.061055 0.628715 0.015572 -0.255808 0.954689 0.152088 0.592151 -0.019034 1 7 1.000000
  7 -0.057507 0.615473 0.058484 -0.233260 0.870538 0.433305 0.594724 -0.028813 1 7 1.000000
  7 0.000000 0.636753 0.015572 0.000000 0.988367 0.152088 0.674230 -0.008228 1 7 1.000000
chr009a01
  7 -0.057507 0.615473 0.058484 -0.233260 0.870538 0.433305 0.594724 -0.028813 1 7 1.000000
  7 -0.050616 0.589757 0.097618 -0.194776 0.726915 0.658526 0.606184 -0.075447 1 7 1.000000
  7 0.000000 0.623044 0.058484 0.000000 0.901247 0.433305 0.674230 -0.018346 1 7 1.000000
chr009a01
  7 -0.057507 0.615473 0.058484 -0.233260 0.870538 0.433305 0.594724 -0.028813 1 7 1.000000
  7 0.000000 0.623044 0.058484 0.000000 0.901247 0.433305 0.674230 -0.018346 1 7 1.000000
  7 0.000000 0.636753 0.015572 0.000000 0.988367 0.152088 0.674230 -0.008228 1 7 1.000000
chr009a01
  7 -0.065646 0.514167 0.145453 -0.245297 0.382529 0.890787 0.585979 -0.173028 1 7 1.000000
  7 -0.078789 0.537322 0.130700 -0.297873 0.498971 0.813818 0.564296 -0.136774 1 7 1.000000
  7 -0.103032 0.511944 0.133587 -0.379766 0.418148 0.825185 0.535719 -0.176016 1 7 1.000000
chr009a01
  7 -0.075685 0.506503 0.144847 -0.289873 0.350296 0.890655 0.572483 -0.183330 1 7 1.000000
  7 -0.065646 0.514167 0.145453 -0.245297 0.382529 0.890787 0.585979 -0.173028 1 7 1.000000
  7 -0.103032 0.511944 0.133587 -0.379766 0.418148 0.825185 0.535719 -0.176016 1 7 1.000000
chr009a01
  7 -0.075685 0.506503 0.144847 -0.289873 0.350296 0.890655 0.572483 -0.183330 1 7 1.000000
  7 -0.052502 0.491011 0.157577 -0.192143 0.303124 0.933379 0.603649 -0.204157 1 7 1.000000
  7 -0.065646 0.514167 0.145453 -0.245297 0.382529 0.890787 0.585979 -0.173028 1 7 1.000000
chr009a01
  7 -0.078789 0.537322 0.130700 -0.297873 0.498971 0.813818 0.564296 -0.136774 1 7 1.000000
  7 -0.040784 0.553064 0.130700 -0.153375 0.565241 0.810542 0.617324 -0.115611 1 7 1.000000
  7 -0.050616 0.589757 0.097618 -0.194776 0.726915 0.658526 0.606184 -0.075447 1 7 1.000000
chr009a01
  7 -0.078789 0.537322 0.130700 -0.297873 0.498971 0.813818 0.564296 -0.136774 1 7 1.000000
  7 -0.065646 0.514167 0.145453 -0.245297 0.382529 0.890787 0.585979 -0.173028 1 7 1.000000
  7 -0.040784 0.553064 0.130700 -0.153375 0.565241 0.810542 0.617324 -0.115611 1 7 1.000000
chr009a01
  7 -0.050616 0.589757 0.097618 -0.194776 0.726915 0.658526 0.606184 -0.075447 1 7 1.000000
  7 -0.040784 0.553064 0.130700 -0.153375 0.565241 0.810542 0.617324 -0.115611 1 7 1.000000
  7 0.000000 0.596421 0.097618 0.000000 0.752558 0.658526 0.674230 -0.066489 1 7 1.000000
chr009a01
  7 -0.050616 0.589757 0.097618 -0.194776 0.726915 0.658526 0.606184 -0.075447 1 7 1.000000
  7 0.000000 0.596421 0.097618 0.000000 0.752558 0.658526 0.674230 -0.066489 1 7 1.000000
  7 0.000000 0.623044 0.058484 0.000000 0.901247 0.433305 0.674230 -0.018346 1 7 1.000000
chr009a01
  7 0.000000 0.636753 0.015572 0.000000 0.988367 0.152088 0.674230 -0.008228 1 7 1.000000
  7 0.000000 0.623044 0.058484 0.000000 0.901247 0.433305 0.674230 -0.018346 1 7 1.000000
  7 0.061055 0.628715 0.015572 0.255808 0.954689 0.152088 0.756310 -0.019034 1 7 1.000000
chr009a01
  7 0.000000 0.623044 0.058484 0.000000 0.901247 0.433305 0.674230 -0.018346 1 7 1.000000
  7 0.000000 0.596421 0.097618 0.000000 0.752558 0.658526 0.674230 -0.066489 1 7 1.000000
  7 0.057507 0.615473 0.058484 0.233260 0.870538 0.433305 0.753737 -0.028813 1 7 1.000000
chr009a01
  7 0.000000 0.623044 0.058484 0.000000 0.901247 0.433305 0.674230 -0.018346 1 7 1.000000
  7 0.057507 0.615473 0.058484 0.233260 0.870538 0.433305 0.753737 -0.028813 1 7 1.000000
  7 0.061055 0.628715 0.015572 0.255808 0.954689 0.152088 0.756310 -0.019034 1 7 1.000000
chr009a01
  7 -0.065646 0.514167 0.145453 -0.245297 0.382529 0.890787 0.585979 -0.173028 1 7 1.000000
  7 -0.033585 0.526195 0.146914 -0.127350 0.441816 0.888021 0.629080 -0.156857 1 7 1.000000
  7 -0.040784 0.553064 0.130700 -0.153375 0.565241 0.810542 0.617324 -0.115611 1 7 1.000000
chr009a01
  7 -0.065646 0.514167 0.145453 -0.245297 0.382529 0.890787 0.585979 -0.173028 1 7 1.000000
  7 -0.052502 0.491011 0.157577 -0.192143 0.303124 0.933379 0.603649 -0.204157 1 7 1.000000
  7 -0.033585 0.526195 0.146914 -0.127350 0.441816 0.888021 0.629080 -0.156857 1 7 1.000000
chr009a01
  7 -0.040784 0.553064 0.130700 -0.153375 0.565241 0.810542 0.617324 -0.115611 1 7 1.000000
  7 0.000000 0.558433 0.130700 0.000000 0.587889 0.808942 0.674230 -0.108392 1 7 1.000000
  7 0.000000 0.596421 0.097618 0.000000 0.752558 0.658526 0.674230 -0.066489 1 7 1.000000
chr009a01
  7 -0.040784 0.553064 0.130700 -0.153375 0.565241 0.810542 0.617324 -0.115611 1 7 1.000000
  7 -0.033585 0.526195 0.146914 -0.127350 0.441816 0.888021 0.629080 -0.156857 1 7 1.000000
  7 0.000000 0.558433 0.130700 0.000000 0.587889 0.808942 0.674230 -0.108392 1 7 1.000000
chr009a01
  7 0.000000 0.596421 0.097618 0.000000 0.752558 0.658526 0.674230 -0.066489 1 7 1.000000
  7 0.000000 0.558433 0.130700 0.000000 0.587889 0.808942 0.674230 -0.108392 1 7 1.000000
  7 0.050616 0.589757 0.097618 0.194777 0.726915 0.658526 0.742277 -0.075447 1 7 1.000000
chr009a01
  7 0.000000 0.596421 0.097618 0.000000 0.752558 0.658526 0.674230 -0.066489 1 7 1.000000
  7 0.050616 0.589757 0.097618 0.194777 0.726915 0.658526 0.742277 -0.075447 1 7 1.000000
  7 0.057507 0.615473 0.058484 0.233260 0.870538 0.433305 0.753737 -0.028813 1 7 1.000000
chr009a01
  7 0.061055 0.628715 0.015572 0.255808 0.954689 0.152088 0.756310 -0.019034 1 7 1.000000
  7 0.057507 0.615473 0.058484 0.233260 0.870538 0.433305 0.753737 -0.028813 1 7 1.000000
  7 0.117949 0.605149 0.015572 0.494184 0.855951 0.152088 0.832797 -0.050715 1 7 1.000000
chr009a01
  7 0.057507 0.615473 0.058484 0.233260 0.870538 0.433305 0.753737 -0.028813 1 7 1.000000
  7 0.050616 0.589757 0.097618 0.194777 0.726915 0.658526 0.742277 -0.075447 1 7 1.000000
  7 0.111095 0.593276 0.058484 0.450624 0.780503 0.433305 0.827826 -0.059502 1 7 1.000000
chr009a01
  7 0.057507 0.615473 0.058484 0.233260 0.870538 0.433305 0.753737 -0.028813 1 7 1.000000
  7 0.111095 0.593276 0.058484 0.450624 0.780503 0.433305 0.827826 -0.059502 1 7 1.000000
  7 0.117949 0.605149 0.015572 0.494184 0.855951 0.152088 0.832797 -0.050715 1 7 1.000000
chr009a01
  7 0.000000 0.558433 0.130700 0.000000 0.587889 0.808942 0.674230 -0.108392 1 7 1.000000
  7 0.040784 0.553064 0.130700 0.152506 0.567107 0.809402 0.731137 -0.115611 1 7 1.000000
  7 0.050616 0.589757 0.097618 0.194777 0.726915 0.658526 0.742277 -0.075447 1 7 1.000000
chr009a01
  7 0.050616 0.589757 0.097618 0.194777 0.726915 0.658526 0.742277 -0.075447 1 7 1.000000
  7 0.097783 0.570220 0.097618 0.377545 0.648885 0.660612 0.805686 -0.097672 1 7 1.000000
  7 0.111095 0.593276 0.058484 0.450624 0.780503 0.433305 0.827826 -0.059502 1 7 1.000000
chr009a01
  7 0.050616 0.589757 0.097618 0.194777 0.726915 0.658526 0.742277 -0.075447 1 7 1.000000
  7 0.040784 0.553064 0.130700 0.152506 0.567107 0.809402 0.731137 -0.115611 1 7 1.000000
  7 0.097783 0.570220 0.097618 0.377545 0.648885 0.660612 0.805686 -0.097672 1 7 1.000000
chr009a01
  7 0.117949 0.605149 0.015572 0.494184 0.855951 0.152088 0.832797 -0.050715 1 7 1.000000
  7 0.111095 0.593276 0.058484 0.450624 0.780503 0.433305 0.827826 -0.059502 1 7 1.000000
  7 0.166806 0.567660 0.015572 0.698881 0.698881 0.152088 0.898477 -0.101114 1 7 1.000000
chr009a01
  7 0.111095 0.593276 0.058484 0.450624 0.780503 0.433305 0.827826 -0.059502 1 7 1.000000
  7 0.157112 0.557966 0.058484 0.637278 0.637278 0.433305 0.891447 -0.108320 1 7 1.000000
  7 0.166806 0.567660 0.015572 0.698881 0.698881 0.152088 0.898477 -0.101114 1 7 1.000000
chr009a01
  7 0.111095 0.593276 0.058484 0.450624 0.780503 0.433305 0.827826 -0.059502 1 7 1.000000
  7 0.097783 0.570220 0.097618 0.377545 0.648885 0.660612 0.805686 -0.097672 1 7 1.000000
  7 0.157112 0.557966 0.058484 0.637278 0.637278 0.433305 0.891447 -0.108320 1 7 1.000000
chr009a01
  7 0.040784 0.553064 0.130700 0.152506 0.567107 0.809402 0.731137 -0.115611 1 7 1.000000
  7 0.078789 0.537322 0.130700 0.298267 0.500687 0.812619 0.784165 -0.136774 1 7 1.000000
  7 0.097783 0.570220 0.097618 0.377545 0.648885 0.660612 0.805686 -0.097672 1 7 1.000000
chr009a01
  7 0.097783 0.570220 0.097618 0.377545 0.648885 0.660612 0.805686 -0.097672 1 7 1.000000
  7 0.078789 0.537322 0.130700 0.298267 0.500687 0.812619 0.784165 -0.136774 1 7 1.000000
  7 0.138287 0.539141 0.097618 0.529859 0.529729 0.662297 0.860137 -0.139454 1 7 1.000000
chr009a01
  7 0.097783 0.570220 0.097618 0.377545 0.648885 0.660612 0.805686 -0.097672 1 7 1.000000
  7 0.138287 0.539141 0.097618 0.529859 0.529729 0.662297 0.860137 -0.139454 1 7 1.000000
  7 0.157112 0.557966 0.058484 0.637278 0.637278 0.433305 0.891447 -0.108320 1 7 1.000000
chr009a01
  7 0.166806 0.567660 0.015572 0.698881 0.698881 0.152088 0.898477 -0.101114 1 7 1.000000
  7 0.157112 0.557966 0.058484 0.637278 0.637278 0.433305 0.891447 -0.108320 1 7 1.000000
  7 0.204294 0.518804 0.015572 0.855951 0.494183 0.152088 0.948875 -0.166794 1 7 1.000000
chr009a01
  7 0.157112 0.557966 0.058484 0.637278 0.637278 0.433305 0.891447 -0.108320 1 7 1.000000
  7 0.138287 0.539141 0.097618 0.529859 0.529729 0.662297 0.860137 -0.139454 1 7 1.000000
  7 0.192422 0.511949 0.058484 0.780503 0.450623 0.433305 0.940265 -0.171942 1 7 1.000000
chr009a01
  7 0.157112 0.557966 0.058484 0.637278 0.637278 0.433305 0.891447 -0.108320 1 7 1.000000
  7 0.192422 0.511949 0.058484 0.780503 0.450623 0.433305 0.940265 -0.171942 1 7 1.000000
  7 0.204294 0.518804 0.015572 0.855951 0.494183 0.152088 0.948875 -0.166794 1 7 1.000000
chr009a01
  7 0.204294 0.518804 0.015572 0.855951 0.494183 0.152088 0.948875 -0.166794 1 7 1.000000
  7 0.192422 0.511949 0.058484 0.780503 0.450623 0.433305 0.940265 -0.171942 1 7 1.000000
  7 0.227861 0.461909 0.015572 0.954689 0.255809 0.152088 0.980557 -0.243280 1 7 1.000000
chr009a01
  7 0.192422 0.511949 0.058484 0.780503 0.450623 0.433305 0.940265 -0.171942 1 7 1.000000
  7 0.214618 0.458361 0.058484 0.870538 0.233261 0.433305 0.970954 -0.246030 1 7 1.000000
  7 0.227861 0.461909 0.015572 0.954689 0.255809 0.152088 0.980557 -0.243280 1 7 1.000000
chr009a01
  7 0.227861 0.461909 0.015572 0.954689 0.255809 0.152088 0.980557 -0.243280 1 7 1.000000
  7 0.214618 0.458361 0.058484 0.870538 0.233261 0.433305 0.970954 -0.246030 1 7 1.000000
  7 0.235899 0.400854 0.015572 0.988367 -0.000000 0.152088 0.991363 -0.325360 1 7 1.000000
chr009a01
  7 0.214618 0.458361 0.058484 0.870538 0.233261 0.433305 0.970954 -0.246030 1 7 1.000000
  7 0.222189 0.400854 0.058484 0.901247 -0.000000 0.433305 0.981421 -0.325537 1 7 1.000000
  7 0.235899 0.400854 0.015572 0.988367 -0.000000 0.152088 0.991363 -0.325360 1 7 1.000000
chr009a01
  7 0.235899 0.400854 0.015572 0.988367 -0.000000 0.152088 0.991363 -0.325360 1 7 1.000000
  7 0.222189 0.400854 0.058484 0.901247 -0.000000 0.433305 0.981421 -0.325537 1 7 1.000000
  7 0.227861 0.339799 0.015572 0.954689 -0.255808 0.152088 0.980557 -0.407440 1 7 1.000000
chr009a01
  7 0.222189 0.400854 0.058484 0.901247 -0.000000 0.433305 0.981421 -0.325537 1 7 1.000000
  7 0.214618 0.343347 0.058484 0.870538 -0.233260 0.433305 0.970954 -0.405044 1 7 1.000000
  7 0.227861 0.339799 0.015572 0.954689 -0.255808 0.152088 0.980557 -0.407440 1 7 1.000000
chr009a01
  7 0.227861 0.339799 0.015572 0.954689 -0.255808 0.152088 0.980557 -0.407440 1 7 1.000000
  7 0.214618 0.343347 0.058484 0.870538 -0.233260 0.433305 0.970954 -0.405044 1 7 1.000000
  7 0.204294 0.282905 0.015572 0.855951 -0.494184 0.152088 0.948875 -0.483926 1 7 1.000000
chr009a01
  7 0.214618 0.343347 0.058484 0.870538 -0.233260 0.433305 0.970954 -0.405044 1 7 1.000000
  7 0.192422 0.289760 0.058484 0.780569 -0.450585 0.433226 0.940265 -0.479132 1 7 1.000000
  7 0.204294 0.282905 0.015572 0.855951 -0.494184 0.152088 0.948875 -0.483926 1 7 1.000000
chr009a01
  7 0.204294 0.282905 0.015572 0.855951 -0.494184 0.152088 0.948875 -0.483926 1 7 1.000000
  7 0.192422 0.289760 0.058484 0.780569 -0.450585 0.433226 0.940265 -0.479132 1 7 1.000000
  7 0.166806 0.234049 0.015572 0.698881 -0.698881 0.152088 0.898477 -0.549607 1 7 1.000000
chr009a01
  7 0.192422 0.289760 0.058484 0.780569 -0.450585 0.433226 0.940265 -0.479132 1 7 1.000000
  7 0.157112 0.243743 0.058484 0.642147 -0.636220 0.427635 0.885562 -0.541276 1 7 1.000000
  7 0.166806 0.234049 0.015572 0.698881 -0.698881 0.152088 0.898477 -0.549607 1 7 1.000000
chr009a01
  7 0.166806 0.234049 0.015572 0.698881 -0.698881 0.152088 0.898477 -0.549607 1 7 1.000000
  7 0.157112 0.243743 0.058484 0.642147 -0.636220 0.427635 0.885562 -0.541276 1 7 1.000000
  7 0.117949 0.196560 0.015572 0.494183 -0.855951 0.152088 0.832797 -0.600005 1 7 1.000000
chr009a01
  7 0.157112 0.243743 0.058484 0.642147 -0.636220 0.427635 0.885562 -0.541276 1 7 1.000000
  7 0.111095 0.208433 0.058484 0.451785 -0.785529 0.422888 0.821567 -0.584639 1 7 1.000000
  7 0.117949 0.196560 0.015572 0.494183 -0.855951 0.152088 0.832797 -0.600005 1 7 1.000000
chr009a01
  7 0.117949 0.196560 0.015572 0.494183 -0.855951 0.152088 0.832797 -0.600005 1 7 1.000000
  7 0.111095 0.208433 0.058484 0.451785 -0.785529 0.422888 0.821567 -0.584639 1 7 1.000000
  7 0.061055 0.172993 0.015572 0.255808 -0.954689 0.152088 0.756310 -0.631687 1 7 1.000000
chr009a01
  7 0.061055 0.172993 0.015572 0.255808 -0.954689 0.152088 0.756310 -0.631687 1 7 1.000000
  7 0.057507 0.186236 0.058484 0.238621 -0.876198 0.418732 0.750204 -0.611101 1 7 1.000000
  7 0.000000 0.164955 0.015572 0.000000 -0.988367 0.152088 0.674230 -0.642493 1 7 1.000000
chr009a01
  7 0.057507 0.186236 0.058484 0.238621 -0.876198 0.418732 0.750204 -0.611101 1 7 1.000000
  7 0.000000 0.178665 0.058484 0.000000 -0.909188 0.416385 0.674271 -0.619930 1 7 1.000000
  7 0.000000 0.164955 0.015572 0.000000 -0.988367 0.152088 0.674230 -0.642493 1 7 1.000000
chr009a01
  7 0.111095 0.208433 0.058484 0.451785 -0.785529 0.422888 0.821567 -0.584639 1 7 1.000000
  7 0.057507 0.186236 0.058484 0.238621 -0.876198 0.418732 0.750204 -0.611101 1 7 1.000000
  7 0.061055 0.172993 0.015572 0.255808 -0.954689 0.152088 0.756310 -0.631687 1 7 1.000000
chr009a01
  7 0.050616 0.211951 0.097618 0.224502 -0.767288 0.600723 0.738857 -0.565059 1 7 1.000000
  7 0.000000 0.199952 0.096513 0.000000 -0.807886 0.589338 0.674290 -0.572817 1 7 1.000000
  7 0.000000 0.178665 0.058484 0.000000 -0.909188 0.416385 0.674271 -0.619930 1 7 1.000000
chr009a01
  7 0.057507 0.186236 0.058484 0.238621 -0.876198 0.418732 0.750204 -0.611101 1 7 1.000000
  7 0.050616 0.211951 0.097618 0.224502 -0.767288 0.600723 0.738857 -0.565059 1 7 1.000000
  7 0.000000 0.178665 0.058484 0.000000 -0.909188 0.416385 0.674271 -0.619930 1 7 1.000000
chr009a01
  7 0.044610 0.234367 0.123571 0.213433 -0.633407 0.743802 0.729994 -0.522630 1 7 1.000000
  7 0.000000 0.221172 0.122210 0.000000 -0.686027 0.727576 0.674406 -0.533112 1 7 1.000000
  7 0.000000 0.199952 0.096513 0.000000 -0.807886 0.589338 0.674290 -0.572817 1 7 1.000000
chr009a01
  7 0.050616 0.211951 0.097618 0.224502 -0.767288 0.600723 0.738857 -0.565059 1 7 1.000000
  7 0.044610 0.234367 0.123571 0.213433 -0.633407 0.743802 0.729994 -0.522630 1 7 1.000000
  7 0.000000 0.199952 0.096513 0.000000 -0.807886 0.589338 0.674290 -0.572817 1 7 1.000000
chr009a01
  7 0.081416 0.249628 0.123574 0.318527 -0.551706 0.770818 0.776053 -0.508431 1 7 1.000000
  7 0.044610 0.234367 0.123571 0.213433 -0.633407 0.743802 0.729994 -0.522630 1 7 1.000000
  7 0.050616 0.211951 0.097618 0.224502 -0.767288 0.600723 0.738857 -0.565059 1 7 1.000000
chr009a01
  7 0.111095 0.208433 0.058484 0.451785 -0.785529 0.422888 0.821567 -0.584639 1 7 1.000000
  7 0.096874 0.228480 0.097618 0.385810 -0.682790 0.620443 0.796868 -0.548748 1 7 1.000000
  7 0.057507 0.186236 0.058484 0.238621 -0.876198 0.418732 0.750204 -0.611101 1 7 1.000000
chr009a01
  7 0.096874 0.228480 0.097618 0.385810 -0.682790 0.620443 0.796868 -0.548748 1 7 1.000000
  7 0.081416 0.249628 0.123574 0.318527 -0.551706 0.770818 0.776053 -0.508431 1 7 1.000000
  7 0.050616 0.211951 0.097618 0.224502 -0.767288 0.600723 0.738857 -0.565059 1 7 1.000000
chr009a01
  7 0.096874 0.228480 0.097618 0.385810 -0.682790 0.620443 0.796868 -0.548748 1 7 1.000000
  7 0.050616 0.211951 0.097618 0.224502 -0.767288 0.600723 0.738857 -0.565059 1 7 1.000000
  7 0.057507 0.186236 0.058484 0.238621 -0.876198 0.418732 0.750204 -0.611101 1 7 1.000000
chr009a01
  7 0.157112 0.243743 0.058484 0.642147 -0.636220 0.427635 0.885562 -0.541276 1 7 1.000000
  7 0.134559 0.259314 0.099129 0.542298 -0.526028 0.655139 0.847134 -0.514020 1 7 1.000000
  7 0.111095 0.208433 0.058484 0.451785 -0.785529 0.422888 0.821567 -0.584639 1 7 1.000000
chr009a01
  7 0.134559 0.259314 0.099129 0.542298 -0.526028 0.655139 0.847134 -0.514020 1 7 1.000000
  7 0.096874 0.228480 0.097618 0.385810 -0.682790 0.620443 0.796868 -0.548748 1 7 1.000000
  7 0.111095 0.208433 0.058484 0.451785 -0.785529 0.422888 0.821567 -0.584639 1 7 1.000000
chr009a01
  7 0.192422 0.289760 0.058484 0.780569 -0.450585 0.433226 0.940265 -0.479132 1 7 1.000000
  7 0.169366 0.303071 0.097618 0.643464 -0.375538 0.667027 0.901919 -0.456816 1 7 1.000000
  7 0.157112 0.243743 0.058484 0.642147 -0.636220 0.427635 0.885562 -0.541276 1 7 1.000000
chr009a01
  7 0.169366 0.303071 0.097618 0.643464 -0.375538 0.667027 0.901919 -0.456816 1 7 1.000000
  7 0.134559 0.259314 0.099129 0.542298 -0.526028 0.655139 0.847134 -0.514020 1 7 1.000000
  7 0.157112 0.243743 0.058484 0.642147 -0.636220 0.427635 0.885562 -0.541276 1 7 1.000000
chr009a01
  7 0.214618 0.343347 0.058484 0.870538 -0.233260 0.433305 0.970954 -0.405044 1 7 1.000000
  7 0.188903 0.350238 0.097618 0.726542 -0.193805 0.659224 0.928184 -0.393407 1 7 1.000000
  7 0.192422 0.289760 0.058484 0.780569 -0.450585 0.433226 0.940265 -0.479132 1 7 1.000000
chr009a01
  7 0.188903 0.350238 0.097618 0.726542 -0.193805 0.659224 0.928184 -0.393407 1 7 1.000000
  7 0.169366 0.303071 0.097618 0.643464 -0.375538 0.667027 0.901919 -0.456816 1 7 1.000000
  7 0.192422 0.289760 0.058484 0.780569 -0.450585 0.433226 0.940265 -0.479132 1 7 1.000000
chr009a01
  7 0.000000 0.221172 0.122210 0.000000 -0.686027 0.727576 0.674406 -0.533112 1 7 1.000000
  7 0.044610 0.234367 0.123571 0.213433 -0.633407 0.743802 0.729994 -0.522630 1 7 1.000000
  7 0.000000 0.238885 0.135999 0.000000 -0.586131 0.810216 0.674413 -0.506184 1 7 1.000000
chr009a01
  7 -0.044610 0.234367 0.123571 -0.213433 -0.633407 0.743802 0.619140 -0.522611 1 7 1.000000
  7 0.000000 0.221172 0.122210 0.000000 -0.686027 0.727576 0.674406 -0.533112 1 7 1.000000
  7 0.000000 0.238885 0.135999 0.000000 -0.586131 0.810216 0.674413 -0.506184 1 7 1.000000
chr009a01
  7 -0.038427 0.260167 0.142530 -0.210445 -0.534666 0.818441 0.625949 -0.483748 1 7 1.000000
  7 -0.044610 0.234367 0.123571 -0.213433 -0.633407 0.743802 0.619140 -0.522611 1 7 1.000000
  7 0.000000 0.238885 0.135999 0.000000 -0.586131 0.810216 0.674413 -0.506184 1 7 1.000000
chr009a01
  7 -0.081416 0.249628 0.123574 -0.318527 -0.551706 0.770818 0.573720 -0.507985 1 7 1.000000
  7 -0.044610 0.234367 0.123571 -0.213433 -0.633407 0.743802 0.619140 -0.522611 1 7 1.000000
  7 -0.065267 0.274980 0.142109 -0.268579 -0.475305 0.837825 0.592370 -0.469917 1 7 1.000000
chr009a01
  7 -0.044610 0.234367 0.123571 -0.213433 -0.633407 0.743802 0.619140 -0.522611 1 7 1.000000
  7 -0.038427 0.260167 0.142530 -0.210445 -0.534666 0.818441 0.625949 -0.483748 1 7 1.000000
  7 -0.065267 0.274980 0.142109 -0.268579 -0.475305 0.837825 0.592370 -0.469917 1 7 1.000000
chr009a01
  7 -0.105187 0.270291 0.124764 -0.436377 -0.466745 0.769236 0.535106 -0.488864 1 7 1.000000
  7 -0.134559 0.259314 0.099129 -0.542298 -0.526028 0.655139 0.503700 -0.512635 1 7 1.000000
  7 -0.096874 0.228480 0.097618 -0.385810 -0.682790 0.620443 0.552324 -0.548327 1 7 1.000000
chr009a01
  7 -0.081416 0.249628 0.123574 -0.318527 -0.551706 0.770818 0.573720 -0.507985 1 7 1.000000
  7 -0.105187 0.270291 0.124764 -0.436377 -0.466745 0.769236 0.535106 -0.488864 1 7 1.000000
  7 -0.096874 0.228480 0.097618 -0.385810 -0.682790 0.620443 0.552324 -0.548327 1 7 1.000000
chr009a01
  7 -0.105187 0.270291 0.124764 -0.436377 -0.466745 0.769236 0.535106 -0.488864 1 7 1.000000
  7 -0.081416 0.249628 0.123574 -0.318527 -0.551706 0.770818 0.573720 -0.507985 1 7 1.000000
  7 -0.065267 0.274980 0.142109 -0.268579 -0.475305 0.837825 0.592370 -0.469917 1 7 1.000000
chr009a01
  7 -0.134559 0.259314 0.099129 -0.542298 -0.526028 0.655139 0.503700 -0.512635 1 7 1.000000
  7 -0.105187 0.270291 0.124764 -0.436377 -0.466745 0.769236 0.535106 -0.488864 1 7 1.000000
  7 -0.127845 0.301338 0.123772 -0.522852 -0.355505 0.774753 0.503503 -0.453135 1 7 1.000000
chr009a01
  7 0.169366 0.303071 0.097618 0.643464 -0.375538 0.667027 0.901919 -0.456816 1 7 1.000000
  7 0.188903 0.350238 0.097618 0.726542 -0.193805 0.659224 0.928184 -0.393407 1 7 1.000000
  7 0.165572 0.331339 0.110199 0.587525 -0.275115 0.761003 0.896819 -0.418813 1 7 1.000000
chr009a01
  7 0.105187 0.270291 0.124764 0.436377 -0.466745 0.769236 0.815413 -0.490267 1 7 1.000000
  7 0.081416 0.249628 0.123574 0.318527 -0.551706 0.770818 0.776053 -0.508431 1 7 1.000000
  7 0.096874 0.228480 0.097618 0.385810 -0.682790 0.620443 0.796868 -0.548748 1 7 1.000000
chr009a01
  7 0.134559 0.259314 0.099129 0.542298 -0.526028 0.655139 0.847134 -0.514020 1 7 1.000000
  7 0.105187 0.270291 0.124764 0.436377 -0.466745 0.769236 0.815413 -0.490267 1 7 1.000000
  7 0.096874 0.228480 0.097618 0.385810 -0.682790 0.620443 0.796868 -0.548748 1 7 1.000000
chr009a01
  7 0.105187 0.270291 0.124764 0.436377 -0.466745 0.769236 0.815413 -0.490267 1 7 1.000000
  7 0.134559 0.259314 0.099129 0.542298 -0.526028 0.655139 0.847134 -0.514020 1 7 1.000000
  7 0.169366 0.303071 0.097618 0.643464 -0.375538 0.667027 0.901919 -0.456816 1 7 1.000000
chr009a01
  7 0.127845 0.301338 0.123772 0.522852 -0.355505 0.774753 0.845987 -0.453837 1 7 1.000000
  7 0.169366 0.303071 0.097618 0.643464 -0.375538 0.667027 0.901919 -0.456816 1 7 1.000000
  7 0.165572 0.331339 0.110199 0.587525 -0.275115 0.761003 0.896819 -0.418813 1 7 1.000000
chr009a01
  7 0.127845 0.301338 0.123772 0.522852 -0.355505 0.774753 0.845987 -0.453837 1 7 1.000000
  7 0.105187 0.270291 0.124764 0.436377 -0.466745 0.769236 0.815413 -0.490267 1 7 1.000000
  7 0.169366 0.303071 0.097618 0.643464 -0.375538 0.667027 0.901919 -0.456816 1 7 1.000000
chr009a01
  7 0.222189 0.400854 0.058484 0.901247 -0.000000 0.433305 0.981421 -0.325537 1 7 1.000000
  7 0.195567 0.400854 0.097618 0.750451 0.000011 0.660926 0.937142 -0.325360 1 7 1.000000
  7 0.214618 0.343347 0.058484 0.870538 -0.233260 0.433305 0.970954 -0.405044 1 7 1.000000
chr009a01
  7 0.195567 0.400854 0.097618 0.750451 0.000011 0.660926 0.937142 -0.325360 1 7 1.000000
  7 0.188903 0.350238 0.097618 0.726542 -0.193805 0.659224 0.928184 -0.393407 1 7 1.000000
  7 0.214618 0.343347 0.058484 0.870538 -0.233260 0.433305 0.970954 -0.405044 1 7 1.000000
chr009a01
  7 0.188903 0.451471 0.097618 0.719759 0.195041 0.666263 0.928184 -0.257314 1 7 1.000000
  7 0.195567 0.400854 0.097618 0.750451 0.000011 0.660926 0.937142 -0.325360 1 7 1.000000
  7 0.222189 0.400854 0.058484 0.901247 -0.000000 0.433305 0.981421 -0.325537 1 7 1.000000
chr009a01
  7 0.214618 0.458361 0.058484 0.870538 0.233261 0.433305 0.970954 -0.246030 1 7 1.000000
  7 0.188903 0.451471 0.097618 0.719759 0.195041 0.666263 0.928184 -0.257314 1 7 1.000000
  7 0.222189 0.400854 0.058484 0.901247 -0.000000 0.433305 0.981421 -0.325537 1 7 1.000000
chr009a01
  7 0.169366 0.498638 0.097618 0.651270 0.375529 0.659412 0.901919 -0.193904 1 7 1.000000
  7 0.188903 0.451471 0.097618 0.719759 0.195041 0.666263 0.928184 -0.257314 1 7 1.000000
  7 0.214618 0.458361 0.058484 0.870538 0.233261 0.433305 0.970954 -0.246030 1 7 1.000000
chr009a01
  7 0.138287 0.539141 0.097618 0.529859 0.529729 0.662297 0.860137 -0.139454 1 7 1.000000
  7 0.169366 0.498638 0.097618 0.651270 0.375529 0.659412 0.901919 -0.193904 1 7 1.000000
  7 0.192422 0.511949 0.058484 0.780503 0.450623 0.433305 0.940265 -0.171942 1 7 1.000000
chr009a01
  7 0.192422 0.511949 0.058484 0.780503 0.450623 0.433305 0.940265 -0.171942 1 7 1.000000
  7 0.169366 0.498638 0.097618 0.651270 0.375529 0.659412 0.901919 -0.193904 1 7 1.000000
  7 0.214618 0.458361 0.058484 0.870538 0.233261 0.433305 0.970954 -0.246030 1 7 1.000000
chr009a01
  7 0.169366 0.498638 0.097618 0.651270 0.375529 0.659412 0.901919 -0.193904 1 7 1.000000
  7 0.138287 0.539141 0.097618 0.529859 0.529729 0.662297 0.860137 -0.139454 1 7 1.000000
  7 0.131017 0.508045 0.119311 0.489626 0.413107 0.767860 0.850364 -0.181257 1 7 1.000000
chr009a01
  7 0.155224 0.491472 0.111305 0.568928 0.337832 0.749793 0.882907 -0.203538 1 7 1.000000
  7 0.169366 0.498638 0.097618 0.651270 0.375529 0.659412 0.901919 -0.193904 1 7 1.000000
  7 0.131017 0.508045 0.119311 0.489626 0.413107 0.767860 0.850364 -0.181257 1 7 1.000000
chr009a01
  7 0.131017 0.508045 0.119311 0.489626 0.413107 0.767860 0.850364 -0.181257 1 7 1.000000
  7 0.126115 0.496210 0.129394 0.463576 0.371769 0.804292 0.842099 -0.201212 1 7 1.000000
  7 0.155224 0.491472 0.111305 0.568928 0.337832 0.749793 0.882907 -0.203538 1 7 1.000000
chr009a01
  7 0.103032 0.500802 0.137729 0.359388 0.358876 0.861422 0.812742 -0.195373 1 7 1.000000
  7 0.126115 0.496210 0.129394 0.463576 0.371769 0.804292 0.842099 -0.201212 1 7 1.000000
  7 0.131017 0.508045 0.119311 0.489626 0.413107 0.767860 0.850364 -0.181257 1 7 1.000000
chr009a01
  7 0.078789 0.537322 0.130700 0.298267 0.500687 0.812619 0.784165 -0.136774 1 7 1.000000
  7 0.103032 0.513612 0.132877 0.382867 0.422966 0.821288 0.812742 -0.173774 1 7 1.000000
  7 0.138287 0.539141 0.097618 0.529859 0.529729 0.662297 0.860137 -0.139454 1 7 1.000000
chr009a01
  7 0.103032 0.513612 0.132877 0.382867 0.422966 0.821288 0.812742 -0.173774 1 7 1.000000
  7 0.103032 0.500802 0.137729 0.359388 0.358876 0.861422 0.812742 -0.195373 1 7 1.000000
  7 0.131017 0.508045 0.119311 0.489626 0.413107 0.767860 0.850364 -0.181257 1 7 1.000000
chr009a01
  7 0.138287 0.539141 0.097618 0.529859 0.529729 0.662297 0.860137 -0.139454 1 7 1.000000
  7 0.103032 0.513612 0.132877 0.382867 0.422966 0.821288 0.812742 -0.173774 1 7 1.000000
  7 0.131017 0.508045 0.119311 0.489626 0.413107 0.767860 0.850364 -0.181257 1 7 1.000000
chr009a01
  7 0.126115 0.496210 0.129394 0.463576 0.371769 0.804292 0.842099 -0.201212 1 7 1.000000
  7 0.145684 0.483135 0.122503 0.565306 0.320537 0.760056 0.866987 -0.217842 1 7 1.000000
  7 0.155224 0.491472 0.111305 0.568928 0.337832 0.749793 0.882907 -0.203538 1 7 1.000000
chr009a01
  7 0.169366 0.498638 0.097618 0.651270 0.375529 0.659412 0.901919 -0.193904 1 7 1.000000
  7 0.155224 0.491472 0.111305 0.568928 0.337832 0.749793 0.882907 -0.203538 1 7 1.000000
  7 0.170595 0.468468 0.106762 0.617246 0.243637 0.748097 0.903571 -0.234464 1 7 1.000000
chr009a01
  7 0.188903 0.451471 0.097618 0.719759 0.195041 0.666263 0.928184 -0.257314 1 7 1.000000
  7 0.169366 0.498638 0.097618 0.651270 0.375529 0.659412 0.901919 -0.193904 1 7 1.000000
  7 0.170595 0.468468 0.106762 0.617246 0.243637 0.748097 0.903571 -0.234464 1 7 1.000000
chr009a01
  7 0.155224 0.491472 0.111305 0.568928 0.337832 0.749793 0.882907 -0.203538 1 7 1.000000
  7 0.145684 0.483135 0.122503 0.565306 0.320537 0.760056 0.866987 -0.217842 1 7 1.000000
  7 0.170595 0.468468 0.106762 0.617246 0.243637 0.748097 0.903571 -0.234464 1 7 1.000000
chr009a01
  7 0.145684 0.483135 0.122503 0.565306 0.320537 0.760056 0.866987 -0.217842 1 7 1.000000
  7 0.158760 0.463565 0.118470 0.625687 0.241397 0.741784 0.883616 -0.242730 1 7 1.000000
  7 0.170595 0.468468 0.106762 0.617246 0.243637 0.748097 0.903571 -0.234464 1 7 1.000000
chr009a01
  7 0.195567 0.400854 0.097618 0.750451 0.000011 0.660926 0.937142 -0.325360 1 7 1.000000
  7 0.188903 0.451471 0.097618 0.719759 0.195041 0.666263 0.928184 -0.257314 1 7 1.000000
  7 0.176162 0.440482 0.109974 0.646529 0.137942 0.750315 0.911055 -0.272086 1 7 1.000000
chr009a01
  7 0.170595 0.468468 0.106762 0.617246 0.243637 0.748097 0.903571 -0.234464 1 7 1.000000
  7 0.158760 0.463565 0.118470 0.625687 0.241397 0.741784 0.883616 -0.242730 1 7 1.000000
  7 0.176162 0.440482 0.109974 0.646529 0.137942 0.750315 0.911055 -0.272086 1 7 1.000000
chr009a01
  7 0.170595 0.468468 0.106762 0.617246 0.243637 0.748097 0.903571 -0.234464 1 7 1.000000
  7 0.176162 0.440482 0.109974 0.646529 0.137942 0.750315 0.911055 -0.272086 1 7 1.000000
  7 0.188903 0.451471 0.097618 0.719759 0.195041 0.666263 0.928184 -0.257314 1 7 1.000000
chr009a01
  7 0.158760 0.463565 0.118470 0.625687 0.241397 0.741784 0.883616 -0.242730 1 7 1.000000
  7 0.163352 0.440482 0.121737 0.640809 0.156951 0.751485 0.889456 -0.272086 1 7 1.000000
  7 0.176162 0.440482 0.109974 0.646529 0.137942 0.750315 0.911055 -0.272086 1 7 1.000000
chr009a01
  7 0.176162 0.440482 0.109974 0.646529 0.137942 0.750315 0.911055 -0.272086 1 7 1.000000
  7 0.163352 0.440482 0.121737 0.640809 0.156951 0.751485 0.889456 -0.272086 1 7 1.000000
  7 0.170595 0.412496 0.118030 0.644812 0.044120 0.763067 0.903571 -0.309709 1 7 1.000000
chr009a01
  7 0.170595 0.412496 0.118030 0.644812 0.044120 0.763067 0.903571 -0.309709 1 7 1.000000
  7 0.195567 0.400854 0.097618 0.750451 0.000011 0.660926 0.937142 -0.325360 1 7 1.000000
  7 0.176162 0.440482 0.109974 0.646529 0.137942 0.750315 0.911055 -0.272086 1 7 1.000000
chr009a01
  7 0.163352 0.440482 0.121737 0.640809 0.156951 0.751485 0.889456 -0.272086 1 7 1.000000
  7 0.158760 0.417398 0.128382 0.601673 0.053374 0.796957 0.883616 -0.301443 1 7 1.000000
  7 0.170595 0.412496 0.118030 0.644812 0.044120 0.763067 0.903571 -0.309709 1 7 1.000000
chr009a01
  7 0.079948 0.496210 0.147898 0.282608 0.346304 0.894542 0.783385 -0.201212 1 7 1.000000
  7 0.103032 0.500802 0.137729 0.359388 0.358876 0.861422 0.812742 -0.195373 1 7 1.000000
  7 0.103032 0.513612 0.132877 0.382867 0.422966 0.821288 0.812742 -0.173774 1 7 1.000000
chr009a01
  7 0.075046 0.508045 0.144399 0.305201 0.343177 0.888303 0.775119 -0.181257 1 7 1.000000
  7 0.079948 0.496210 0.147898 0.282608 0.346304 0.894542 0.783385 -0.201212 1 7 1.000000
  7 0.103032 0.513612 0.132877 0.382867 0.422966 0.821288 0.812742 -0.173774 1 7 1.000000
chr009a01
  7 0.103032 0.513612 0.132877 0.382867 0.422966 0.821288 0.812742 -0.173774 1 7 1.000000
  7 0.078789 0.537322 0.130700 0.298267 0.500687 0.812619 0.784165 -0.136774 1 7 1.000000
  7 0.075046 0.508045 0.144399 0.305201 0.343177 0.888303 0.775119 -0.181257 1 7 1.000000
chr009a01
  7 0.060379 0.483135 0.157853 0.206917 0.278684 0.937828 0.758497 -0.217842 1 7 1.000000
  7 0.079948 0.496210 0.147898 0.282608 0.346304 0.894542 0.783385 -0.201212 1 7 1.000000
  7 0.075046 0.508045 0.144399 0.305201 0.343177 0.888303 0.775119 -0.181257 1 7 1.000000
chr009a01
  7 0.054139 0.494500 0.156443 0.203830 0.307825 0.929353 0.747013 -0.199467 1 7 1.000000
  7 0.060379 0.483135 0.157853 0.206917 0.278684 0.937828 0.758497 -0.217842 1 7 1.000000
  7 0.075046 0.508045 0.144399 0.305201 0.343177 0.888303 0.775119 -0.181257 1 7 1.000000
chr009a01
  7 0.047303 0.463565 0.164784 0.172272 0.215595 0.961167 0.741867 -0.242730 1 7 1.000000
  7 0.060379 0.483135 0.157853 0.206917 0.278684 0.937828 0.758497 -0.217842 1 7 1.000000
  7 0.054139 0.494500 0.156443 0.203830 0.307825 0.929353 0.747013 -0.199467 1 7 1.000000
chr009a01
  7 0.035468 0.468468 0.165677 0.150082 0.229136 0.961755 0.721913 -0.234464 1 7 1.000000
  7 0.047303 0.463565 0.164784 0.172272 0.215595 0.961167 0.741867 -0.242730 1 7 1.000000
  7 0.054139 0.494500 0.156443 0.203830 0.307825 0.929353 0.747013 -0.199467 1 7 1.000000
chr009a01
  7 0.042712 0.440482 0.170648 0.140800 0.137283 0.980474 0.736028 -0.272086 1 7 1.000000
  7 0.047303 0.463565 0.164784 0.172272 0.215595 0.961167 0.741867 -0.242730 1 7 1.000000
  7 0.035468 0.468468 0.165677 0.150082 0.229136 0.961755 0.721913 -0.234464 1 7 1.000000
chr009a01
  7 0.029901 0.444730 0.171797 0.103607 0.136363 0.985226 0.714429 -0.266375 1 7 1.000000
  7 0.042712 0.440482 0.170648 0.140800 0.137283 0.980474 0.736028 -0.272086 1 7 1.000000
  7 0.035468 0.468468 0.165677 0.150082 0.229136 0.961755 0.721913 -0.234464 1 7 1.000000
chr009a01
  7 0.047303 0.417398 0.172271 0.137848 0.050120 0.989185 0.741867 -0.301443 1 7 1.000000
  7 0.042712 0.440482 0.170648 0.140800 0.137283 0.980474 0.736028 -0.272086 1 7 1.000000
  7 0.029901 0.444730 0.171797 0.103607 0.136363 0.985226 0.714429 -0.266375 1 7 1.000000
chr009a01
  7 0.036074 0.411590 0.173269 0.097464 0.031840 0.994730 0.722727 -0.310928 1 7 1.000000
  7 0.047303 0.417398 0.172271 0.137848 0.050120 0.989185 0.741867 -0.301443 1 7 1.000000
  7 0.029901 0.444730 0.171797 0.103607 0.136363 0.985226 0.714429 -0.266375 1 7 1.000000
chr009a01
  7 0.170595 0.412496 0.118030 0.644812 0.044120 0.763067 0.903571 -0.309709 1 7 1.000000
  7 0.158760 0.417398 0.128382 0.601673 0.053374 0.796957 0.883616 -0.301443 1 7 1.000000
  7 0.154742 0.388771 0.131363 0.576078 -0.045329 0.816137 0.882259 -0.341604 1 7 1.000000
chr009a01
  7 0.170595 0.412496 0.118030 0.644812 0.044120 0.763067 0.903571 -0.309709 1 7 1.000000
  7 0.154742 0.388771 0.131363 0.576078 -0.045329 0.816137 0.882259 -0.341604 1 7 1.000000
  7 0.195567 0.400854 0.097618 0.750451 0.000011 0.660926 0.937142 -0.325360 1 7 1.000000
chr009a01
  7 0.158760 0.417398 0.128382 0.601673 0.053374 0.796957 0.883616 -0.301443 1 7 1.000000
  7 0.145684 0.397829 0.136794 0.513394 -0.019561 0.857930 0.866987 -0.326331 1 7 1.000000
  7 0.154742 0.388771 0.131363 0.576078 -0.045329 0.816137 0.882259 -0.341604 1 7 1.000000
chr009a01
  7 0.060379 0.397829 0.170135 0.213578 -0.019044 0.976740 0.758497 -0.326332 1 7 1.000000
  7 0.047303 0.417398 0.172271 0.137848 0.050120 0.989185 0.741867 -0.301443 1 7 1.000000
  7 0.036074 0.411590 0.173269 0.097464 0.031840 0.994730 0.722727 -0.310928 1 7 1.000000
chr009a01
  7 0.051321 0.388771 0.171849 0.163964 -0.045576 0.985413 0.743224 -0.341604 1 7 1.000000
  7 0.060379 0.397829 0.170135 0.213578 -0.019044 0.976740 0.758497 -0.326332 1 7 1.000000
  7 0.036074 0.411590 0.173269 0.097464 0.031840 0.994730 0.722727 -0.310928 1 7 1.000000
chr009a01
  7 0.051321 0.388771 0.171849 0.163964 -0.045576 0.985413 0.743224 -0.341604 1 7 1.000000
  7 0.075046 0.372919 0.164502 0.257473 -0.079362 0.963021 0.775119 -0.362916 1 7 1.000000
  7 0.060379 0.397829 0.170135 0.213578 -0.019044 0.976740 0.758497 -0.326332 1 7 1.000000
chr009a01
  7 0.075046 0.372919 0.164502 0.257473 -0.079362 0.963021 0.775119 -0.362916 1 7 1.000000
  7 0.079948 0.384753 0.163905 0.271482 -0.053342 0.960964 0.783385 -0.342961 1 7 1.000000
  7 0.060379 0.397829 0.170135 0.213578 -0.019044 0.976740 0.758497 -0.326332 1 7 1.000000
chr009a01
  7 0.103032 0.380162 0.156974 0.356771 -0.067844 0.931725 0.812742 -0.348800 1 7 1.000000
  7 0.079948 0.384753 0.163905 0.271482 -0.053342 0.960964 0.783385 -0.342961 1 7 1.000000
  7 0.075046 0.372919 0.164502 0.257473 -0.079362 0.963021 0.775119 -0.362916 1 7 1.000000
chr009a01
  7 0.103032 0.367352 0.156243 0.364997 -0.098852 0.925746 0.812742 -0.370399 1 7 1.000000
  7 0.103032 0.380162 0.156974 0.356771 -0.067844 0.931725 0.812742 -0.348800 1 7 1.000000
  7 0.075046 0.372919 0.164502 0.257473 -0.079362 0.963021 0.775119 -0.362916 1 7 1.000000
chr009a01
  7 0.126115 0.384753 0.146299 0.450536 -0.067637 0.890192 0.842099 -0.342961 1 7 1.000000
  7 0.103032 0.380162 0.156974 0.356771 -0.067844 0.931725 0.812742 -0.348800 1 7 1.000000
  7 0.103032 0.367352 0.156243 0.364997 -0.098852 0.925746 0.812742 -0.370399 1 7 1.000000
chr009a01
  7 0.154742 0.388771 0.131363 0.576078 -0.045329 0.816137 0.882259 -0.341604 1 7 1.000000
  7 0.145684 0.397829 0.136794 0.513394 -0.019561 0.857930 0.866987 -0.326331 1 7 1.000000
  7 0.131017 0.372919 0.142886 0.448716 -0.093464 0.888774 0.850364 -0.362916 1 7 1.000000
chr009a01
  7 0.131017 0.372919 0.142886 0.448716 -0.093464 0.888774 0.850364 -0.362916 1 7 1.000000
  7 0.126115 0.384753 0.146299 0.450536 -0.067637 0.890192 0.842099 -0.342961 1 7 1.000000
  7 0.103032 0.367352 0.156243 0.364997 -0.098852 0.925746 0.812742 -0.370399 1 7 1.000000
chr009a01
  7 0.145684 0.397829 0.136794 0.513394 -0.019561 0.857930 0.866987 -0.326331 1 7 1.000000
  7 0.126115 0.384753 0.146299 0.450536 -0.067637 0.890192 0.842099 -0.342961 1 7 1.000000
  7 0.131017 0.372919 0.142886 0.448716 -0.093464 0.888774 0.850364 -0.362916 1 7 1.000000
chr009a01
  7 0.060379 0.397829 0.170135 0.213578 -0.019044 0.976740 0.758497 -0.326332 1 7 1.000000
  7 0.079948 0.384753 0.163905 0.271482 -0.053342 0.960964 0.783385 -0.342961 1 7 1.000000
  7 0.076408 0.400637 0.165395 0.287581 -0.025725 0.957411 0.778883 -0.322760 1 7 1.000000
chr009a01
  7 0.112380 0.393482 0.154225 0.436561 -0.122410 0.891308 0.824631 -0.331860 1 7 1.000000
  7 0.103032 0.380162 0.156974 0.356771 -0.067844 0.931725 0.812742 -0.348800 1 7 1.000000
  7 0.126115 0.384753 0.146299 0.450536 -0.067637 0.890192 0.842099 -0.342961 1 7 1.000000
chr009a01
  7 0.056032 0.431133 0.168995 0.196433 0.107565 0.974599 0.752968 -0.283976 1 7 1.000000
  7 0.042712 0.440482 0.170648 0.140800 0.137283 0.980474 0.736028 -0.272086 1 7 1.000000
  7 0.047303 0.417398 0.172271 0.137848 0.050120 0.989185 0.741867 -0.301443 1 7 1.000000
chr009a01
  7 0.093683 0.393482 0.160223 0.280624 -0.036945 0.959107 0.800852 -0.331860 1 7 1.000000
  7 0.079948 0.384753 0.163905 0.271482 -0.053342 0.960964 0.783385 -0.342961 1 7 1.000000
  7 0.103032 0.380162 0.156974 0.356771 -0.067844 0.931725 0.812742 -0.348800 1 7 1.000000
chr009a01
  7 0.063187 0.413859 0.168754 0.225337 0.044330 0.973272 0.762068 -0.305945 1 7 1.000000
  7 0.047303 0.417398 0.172271 0.137848 0.050120 0.989185 0.741867 -0.301443 1 7 1.000000
  7 0.060379 0.397829 0.170135 0.213578 -0.019044 0.976740 0.758497 -0.326332 1 7 1.000000
chr009a01
  7 0.129655 0.400637 0.145241 0.459769 -0.043375 0.886979 0.846600 -0.322760 1 7 1.000000
  7 0.126115 0.384753 0.146299 0.450536 -0.067637 0.890192 0.842099 -0.342961 1 7 1.000000
  7 0.145684 0.397829 0.136794 0.513394 -0.019561 0.857930 0.866987 -0.326331 1 7 1.000000
chr009a01
  7 0.131017 0.372919 0.142886 0.448716 -0.093464 0.888774 0.850364 -0.362916 1 7 1.000000
  7 0.152210 0.360070 0.130700 0.551967 -0.153073 0.819696 0.878855 -0.380189 1 7 1.000000
  7 0.154742 0.388771 0.131363 0.576078 -0.045329 0.816137 0.882259 -0.341604 1 7 1.000000
chr009a01
  7 0.154742 0.388771 0.131363 0.576078 -0.045329 0.816137 0.882259 -0.341604 1 7 1.000000
  7 0.152210 0.360070 0.130700 0.551967 -0.153073 0.819696 0.878855 -0.380189 1 7 1.000000
  7 0.195567 0.400854 0.097618 0.750451 0.000011 0.660926 0.937142 -0.325360 1 7 1.000000
chr009a01
  7 0.152210 0.360070 0.130700 0.551967 -0.153073 0.819696 0.878855 -0.380189 1 7 1.000000
  7 0.188903 0.350238 0.097618 0.726542 -0.193805 0.659224 0.928184 -0.393407 1 7 1.000000
  7 0.195567 0.400854 0.097618 0.750451 0.000011 0.660926 0.937142 -0.325360 1 7 1.000000
chr009a01
  7 0.103032 0.367352 0.156243 0.364997 -0.098852 0.925746 0.812742 -0.370399 1 7 1.000000
  7 0.095638 0.345638 0.155806 0.332338 -0.202855 0.921087 0.802141 -0.398354 1 7 1.000000
  7 0.131017 0.372919 0.142886 0.448716 -0.093464 0.888774 0.850364 -0.362916 1 7 1.000000
chr009a01
  7 0.095638 0.345638 0.155806 0.332338 -0.202855 0.921087 0.802141 -0.398354 1 7 1.000000
  7 0.122943 0.335219 0.141060 0.442179 -0.232785 0.866192 0.839005 -0.411607 1 7 1.000000
  7 0.131017 0.372919 0.142886 0.448716 -0.093464 0.888774 0.850364 -0.362916 1 7 1.000000
chr009a01
  7 0.122943 0.335219 0.141060 0.442179 -0.232785 0.866192 0.839005 -0.411607 1 7 1.000000
  7 0.152210 0.360070 0.130700 0.551967 -0.153073 0.819696 0.878855 -0.380189 1 7 1.000000
  7 0.131017 0.372919 0.142886 0.448716 -0.093464 0.888774 0.850364 -0.362916 1 7 1.000000
chr009a01
  7 0.069586 0.360679 0.165094 0.229023 -0.135723 0.963913 0.767779 -0.379371 1 7 1.000000
  7 0.095638 0.345638 0.155806 0.332338 -0.202855 0.921087 0.802141 -0.398354 1 7 1.000000
  7 0.103032 0.367352 0.156243 0.364997 -0.098852 0.925746 0.812742 -0.370399 1 7 1.000000
chr009a01
  7 0.075046 0.372919 0.164502 0.257473 -0.079362 0.963021 0.775119 -0.362916 1 7 1.000000
  7 0.069586 0.360679 0.165094 0.229023 -0.135723 0.963913 0.767779 -0.379371 1 7 1.000000
  7 0.103032 0.367352 0.156243 0.364997 -0.098852 0.925746 0.812742 -0.370399 1 7 1.000000
chr009a01
  7 0.075046 0.372919 0.164502 0.257473 -0.079362 0.963021 0.775119 -0.362916 1 7 1.000000
  7 0.051321 0.388771 0.171849 0.163964 -0.045576 0.985413 0.743224 -0.341604 1 7 1.000000
  7 0.069586 0.360679 0.165094 0.229023 -0.135723 0.963913 0.767779 -0.379371 1 7 1.000000
chr009a01
  7 0.051321 0.388771 0.171849 0.163964 -0.045576 0.985413 0.743224 -0.341604 1 7 1.000000
  7 0.046641 0.376486 0.171478 0.147881 -0.089624 0.984936 0.736932 -0.358119 1 7 1.000000
  7 0.069586 0.360679 0.165094 0.229023 -0.135723 0.963913 0.767779 -0.379371 1 7 1.000000
chr009a01
  7 0.069586 0.360679 0.165094 0.229023 -0.135723 0.963913 0.767779 -0.379371 1 7 1.000000
  7 0.046641 0.376486 0.171478 0.147881 -0.089624 0.984936 0.736932 -0.358119 1 7 1.000000
  7 0.057192 0.343662 0.164939 0.207003 -0.179498 0.961733 0.751263 -0.401386 1 7 1.000000
chr009a01
  7 0.046641 0.376486 0.171478 0.147881 -0.089624 0.984936 0.736932 -0.358119 1 7 1.000000
  7 0.038082 0.366098 0.171478 0.120604 -0.106675 0.986952 0.725426 -0.372085 1 7 1.000000
  7 0.057192 0.343662 0.164939 0.207003 -0.179498 0.961733 0.751263 -0.401386 1 7 1.000000
chr009a01
  7 0.057192 0.343662 0.164939 0.207003 -0.179498 0.961733 0.751263 -0.401386 1 7 1.000000
  7 0.038082 0.366098 0.171478 0.120604 -0.106675 0.986952 0.725426 -0.372085 1 7 1.000000
  7 0.040164 0.331289 0.166615 0.158960 -0.186165 0.969574 0.728556 -0.417938 1 7 1.000000
chr009a01
  7 0.038082 0.366098 0.171478 0.120604 -0.106675 0.986952 0.725426 -0.372085 1 7 1.000000
  7 0.026928 0.358126 0.171478 0.080557 -0.117044 0.989854 0.710431 -0.382802 1 7 1.000000
  7 0.040164 0.331289 0.166615 0.158960 -0.186165 0.969574 0.728556 -0.417938 1 7 1.000000
chr009a01
  7 0.046641 0.376486 0.171478 0.147881 -0.089624 0.984936 0.736932 -0.358119 1 7 1.000000
  7 0.000000 0.400854 0.176806 -0.000035 -0.005888 0.999983 0.674230 -0.325360 1 7 1.000000
  7 0.038082 0.366098 0.171478 0.120604 -0.106675 0.986952 0.725426 -0.372085 1 7 1.000000
chr009a01
  7 0.051321 0.388771 0.171849 0.163964 -0.045576 0.985413 0.743224 -0.341604 1 7 1.000000
  7 0.000000 0.400854 0.176806 -0.000035 -0.005888 0.999983 0.674230 -0.325360 1 7 1.000000
  7 0.046641 0.376486 0.171478 0.147881 -0.089624 0.984936 0.736932 -0.358119 1 7 1.000000
chr009a01
  7 0.036074 0.411590 0.173269 0.097464 0.031840 0.994730 0.722727 -0.310928 1 7 1.000000
  7 0.029901 0.444730 0.171797 0.103607 0.136363 0.985226 0.714429 -0.266375 1 7 1.000000
  7 0.000000 0.400854 0.176806 -0.000035 -0.005888 0.999983 0.674230 -0.325360 1 7 1.000000
chr009a01
  7 0.051321 0.388771 0.171849 0.163964 -0.045576 0.985413 0.743224 -0.341604 1 7 1.000000
  7 0.036074 0.411590 0.173269 0.097464 0.031840 0.994730 0.722727 -0.310928 1 7 1.000000
  7 0.000000 0.400854 0.176806 -0.000035 -0.005888 0.999983 0.674230 -0.325360 1 7 1.000000
chr009a01
  7 -0.037013 0.413136 0.173131 -0.100308 0.036141 0.994300 0.624472 -0.308849 1 7 1.000000
  7 -0.052503 0.389953 0.171753 -0.167117 -0.043321 0.984985 0.603647 -0.340015 1 7 1.000000
  7 0.000000 0.400854 0.176806 -0.000035 -0.005888 0.999983 0.674230 -0.325360 1 7 1.000000
chr009a01
  7 -0.037013 0.413136 0.173131 -0.100308 0.036141 0.994300 0.624472 -0.308849 1 7 1.000000
  7 0.000000 0.400854 0.176806 -0.000035 -0.005888 0.999983 0.674230 -0.325360 1 7 1.000000
  7 -0.030004 0.445293 0.171749 -0.103988 0.137076 0.985087 0.633894 -0.265619 1 7 1.000000
chr009a01
  7 0.038082 0.366098 0.171478 0.120604 -0.106675 0.986952 0.725426 -0.372085 1 7 1.000000
  7 0.000000 0.400854 0.176806 -0.000035 -0.005888 0.999983 0.674230 -0.325360 1 7 1.000000
  7 0.026928 0.358126 0.171478 0.080557 -0.117044 0.989854 0.710431 -0.382802 1 7 1.000000
chr009a01
  7 0.026928 0.358126 0.171478 0.080557 -0.117044 0.989854 0.710431 -0.382802 1 7 1.000000
  7 0.000000 0.400854 0.176806 -0.000035 -0.005888 0.999983 0.674230 -0.325360 1 7 1.000000
  7 0.013939 0.353115 0.171478 0.040566 -0.124598 0.991378 0.692969 -0.389539 1 7 1.000000
chr009a01
  7 0.013939 0.353115 0.171478 0.040566 -0.124598 0.991378 0.692969 -0.389539 1 7 1.000000
  7 0.000000 0.400854 0.176806 -0.000035 -0.005888 0.999983 0.674230 -0.325360 1 7 1.000000
  7 0.000000 0.351406 0.171478 0.000000 -0.123352 0.992363 0.674230 -0.391837 1 7 1.000000
chr009a01
  7 0.000000 0.351406 0.171478 0.000000 -0.123352 0.992363 0.674230 -0.391837 1 7 1.000000
  7 0.000000 0.400854 0.176806 -0.000035 -0.005888 0.999983 0.674230 -0.325360 1 7 1.000000
  7 -0.013939 0.353115 0.171478 -0.040566 -0.124598 0.991378 0.655492 -0.389539 1 7 1.000000
chr009a01
  7 -0.013939 0.353115 0.171478 -0.040566 -0.124598 0.991378 0.655492 -0.389539 1 7 1.000000
  7 0.000000 0.400854 0.176806 -0.000035 -0.005888 0.999983 0.674230 -0.325360 1 7 1.000000
  7 -0.026928 0.358126 0.171478 -0.080092 -0.117077 0.989888 0.638030 -0.382802 1 7 1.000000
chr009a01
  7 -0.026928 0.358126 0.171478 -0.080092 -0.117077 0.989888 0.638030 -0.382802 1 7 1.000000
  7 0.000000 0.400854 0.176806 -0.000035 -0.005888 0.999983 0.674230 -0.325360 1 7 1.000000
  7 -0.038082 0.366098 0.171478 -0.120213 -0.106396 0.987030 0.623035 -0.372085 1 7 1.000000
chr009a01
  7 -0.038082 0.366098 0.171478 -0.120213 -0.106396 0.987030 0.623035 -0.372085 1 7 1.000000
  7 0.000000 0.400854 0.176806 -0.000035 -0.005888 0.999983 0.674230 -0.325360 1 7 1.000000
  7 -0.046641 0.376486 0.171478 -0.147160 -0.088926 0.985107 0.611529 -0.358119 1 7 1.000000
chr009a01
  7 -0.046641 0.376486 0.171478 -0.147160 -0.088926 0.985107 0.611529 -0.358119 1 7 1.000000
  7 0.000000 0.400854 0.176806 -0.000035 -0.005888 0.999983 0.674230 -0.325360 1 7 1.000000
  7 -0.052503 0.389953 0.171753 -0.167117 -0.043321 0.984985 0.603647 -0.340015 1 7 1.000000
chr009a01
  7 -0.075685 0.374462 0.164502 -0.257516 -0.080774 0.962892 0.572482 -0.360841 1 7 1.000000
  7 -0.103032 0.369022 0.156431 -0.364758 -0.098997 0.925825 0.535719 -0.368154 1 7 1.000000
  7 -0.069566 0.360691 0.165101 -0.228971 -0.136676 0.963790 0.580709 -0.379355 1 7 1.000000
chr009a01
  7 -0.069566 0.360691 0.165101 -0.228971 -0.136676 0.963790 0.580709 -0.379355 1 7 1.000000
  7 -0.046641 0.376486 0.171478 -0.147160 -0.088926 0.985107 0.611529 -0.358119 1 7 1.000000
  7 -0.052503 0.389953 0.171753 -0.167117 -0.043321 0.984985 0.603647 -0.340015 1 7 1.000000
chr009a01
  7 -0.075685 0.374462 0.164502 -0.257516 -0.080774 0.962892 0.572482 -0.360841 1 7 1.000000
  7 -0.069566 0.360691 0.165101 -0.228971 -0.136676 0.963790 0.580709 -0.379355 1 7 1.000000
  7 -0.052503 0.389953 0.171753 -0.167117 -0.043321 0.984985 0.603647 -0.340015 1 7 1.000000
chr009a01
  7 -0.038082 0.366098 0.171478 -0.120213 -0.106396 0.987030 0.623035 -0.372085 1 7 1.000000
  7 -0.046641 0.376486 0.171478 -0.147160 -0.088926 0.985107 0.611529 -0.358119 1 7 1.000000
  7 -0.069566 0.360691 0.165101 -0.228971 -0.136676 0.963790 0.580709 -0.379355 1 7 1.000000
chr009a01
  7 -0.030004 0.445293 0.171749 -0.103988 0.137076 0.985087 0.633894 -0.265619 1 7 1.000000
  7 0.000000 0.400854 0.176806 -0.000035 -0.005888 0.999983 0.674230 -0.325360 1 7 1.000000
  7 -0.014719 0.455785 0.171478 -0.061350 0.164669 0.984439 0.654443 -0.251513 1 7 1.000000
chr009a01
  7 -0.014719 0.455785 0.171478 -0.061350 0.164669 0.984439 0.654443 -0.251513 1 7 1.000000
  7 0.000000 0.400854 0.176806 -0.000035 -0.005888 0.999983 0.674230 -0.325360 1 7 1.000000
  7 0.000000 0.457723 0.171478 0.000000 0.167641 0.985848 0.674230 -0.248908 1 7 1.000000
chr009a01
  7 -0.037012 0.467828 0.165677 -0.148597 0.230393 0.961685 0.624473 -0.235324 1 7 1.000000
  7 -0.030004 0.445293 0.171749 -0.103988 0.137076 0.985087 0.633894 -0.265619 1 7 1.000000
  7 -0.019482 0.473564 0.167128 -0.086478 0.255349 0.962974 0.648039 -0.227612 1 7 1.000000
chr009a01
  7 -0.037012 0.467828 0.165677 -0.148597 0.230393 0.961685 0.624473 -0.235324 1 7 1.000000
  7 -0.019482 0.473564 0.167128 -0.086478 0.255349 0.962974 0.648039 -0.227612 1 7 1.000000
  7 -0.052502 0.491011 0.157577 -0.192143 0.303124 0.933379 0.603649 -0.204157 1 7 1.000000
chr009a01
  7 -0.030004 0.445293 0.171749 -0.103988 0.137076 0.985087 0.633894 -0.265619 1 7 1.000000
  7 -0.014719 0.455785 0.171478 -0.061350 0.164669 0.984439 0.654443 -0.251513 1 7 1.000000
  7 -0.019482 0.473564 0.167128 -0.086478 0.255349 0.962974 0.648039 -0.227612 1 7 1.000000
chr009a01
  7 0.000000 0.457723 0.171478 0.000000 0.167641 0.985848 0.674230 -0.248908 1 7 1.000000
  7 0.000000 0.400854 0.176806 -0.000035 -0.005888 0.999983 0.674230 -0.325360 1 7 1.000000
  7 0.014719 0.455785 0.171478 0.063251 0.164799 0.984297 0.694018 -0.251513 1 7 1.000000
chr009a01
  7 0.014719 0.455785 0.171478 0.063251 0.164799 0.984297 0.694018 -0.251513 1 7 1.000000
  7 0.000000 0.400854 0.176806 -0.000035 -0.005888 0.999983 0.674230 -0.325360 1 7 1.000000
  7 0.029901 0.444730 0.171797 0.103607 0.136363 0.985226 0.714429 -0.266375 1 7 1.000000
chr009a01
  7 0.014719 0.455785 0.171478 0.063251 0.164799 0.984297 0.694018 -0.251513 1 7 1.000000
  7 0.029901 0.444730 0.171797 0.103607 0.136363 0.985226 0.714429 -0.266375 1 7 1.000000
  7 0.035468 0.468468 0.165677 0.150082 0.229136 0.961755 0.721913 -0.234464 1 7 1.000000
chr009a01
  7 -0.019482 0.473564 0.167128 -0.086478 0.255349 0.962974 0.648039 -0.227612 1 7 1.000000
  7 -0.014719 0.455785 0.171478 -0.061350 0.164669 0.984439 0.654443 -0.251513 1 7 1.000000
  7 0.000000 0.476129 0.167128 0.000000 0.271548 0.962425 0.674230 -0.224164 1 7 1.000000
chr009a01
  7 -0.014719 0.455785 0.171478 -0.061350 0.164669 0.984439 0.654443 -0.251513 1 7 1.000000
  7 0.000000 0.457723 0.171478 0.000000 0.167641 0.985848 0.674230 -0.248908 1 7 1.000000
  7 0.000000 0.476129 0.167128 0.000000 0.271548 0.962425 0.674230 -0.224164 1 7 1.000000
chr009a01
  7 0.019483 0.473564 0.167128 0.087325 0.254667 0.963078 0.700422 -0.227612 1 7 1.000000
  7 0.035468 0.468468 0.165677 0.150082 0.229136 0.961755 0.721913 -0.234464 1 7 1.000000
  7 0.054139 0.494500 0.156443 0.203830 0.307825 0.929353 0.747013 -0.199467 1 7 1.000000
chr009a01
  7 0.019483 0.473564 0.167128 0.087325 0.254667 0.963078 0.700422 -0.227612 1 7 1.000000
  7 0.014719 0.455785 0.171478 0.063251 0.164799 0.984297 0.694018 -0.251513 1 7 1.000000
  7 0.035468 0.468468 0.165677 0.150082 0.229136 0.961755 0.721913 -0.234464 1 7 1.000000
chr009a01
  7 0.000000 0.476129 0.167128 0.000000 0.271548 0.962425 0.674230 -0.224164 1 7 1.000000
  7 0.000000 0.457723 0.171478 0.000000 0.167641 0.985848 0.674230 -0.248908 1 7 1.000000
  7 0.019483 0.473564 0.167128 0.087325 0.254667 0.963078 0.700422 -0.227612 1 7 1.000000
chr009a01
  7 0.000000 0.457723 0.171478 0.000000 0.167641 0.985848 0.674230 -0.248908 1 7 1.000000
  7 0.014719 0.455785 0.171478 0.063251 0.164799 0.984297 0.694018 -0.251513 1 7 1.000000
  7 0.019483 0.473564 0.167128 0.087325 0.254667 0.963078 0.700422 -0.227612 1 7 1.000000
chr009a01
  7 0.000000 0.476129 0.167128 0.000000 0.271548 0.962425 0.674230 -0.224164 1 7 1.000000
  7 0.019483 0.473564 0.167128 0.087325 0.254667 0.963078 0.700422 -0.227612 1 7 1.000000
  7 0.028582 0.507524 0.155806 0.103281 0.351038 0.930648 0.712655 -0.181957 1 7 1.000000
chr009a01
  7 0.028582 0.507524 0.155806 0.103281 0.351038 0.930648 0.712655 -0.181957 1 7 1.000000
  7 0.019483 0.473564 0.167128 0.087325 0.254667 0.963078 0.700422 -0.227612 1 7 1.000000
  7 0.054139 0.494500 0.156443 0.203830 0.307825 0.929353 0.747013 -0.199467 1 7 1.000000
chr009a01
  7 0.000000 0.511287 0.155806 0.000000 0.367178 0.930151 0.674230 -0.176899 1 7 1.000000
  7 0.000000 0.476129 0.167128 0.000000 0.271548 0.962425 0.674230 -0.224164 1 7 1.000000
  7 0.028582 0.507524 0.155806 0.103281 0.351038 0.930648 0.712655 -0.181957 1 7 1.000000
chr009a01
  7 -0.019482 0.473564 0.167128 -0.086478 0.255349 0.962974 0.648039 -0.227612 1 7 1.000000
  7 0.000000 0.476129 0.167128 0.000000 0.271548 0.962425 0.674230 -0.224164 1 7 1.000000
  7 0.000000 0.511287 0.155806 0.000000 0.367178 0.930151 0.674230 -0.176899 1 7 1.000000
chr009a01
  7 0.040784 0.553064 0.130700 0.152506 0.567107 0.809402 0.731137 -0.115611 1 7 1.000000
  7 0.033585 0.526195 0.146914 0.123638 0.445802 0.886552 0.719381 -0.156857 1 7 1.000000
  7 0.078789 0.537322 0.130700 0.298267 0.500687 0.812619 0.784165 -0.136774 1 7 1.000000
chr009a01
  7 0.000000 0.511287 0.155806 0.000000 0.367178 0.930151 0.674230 -0.176899 1 7 1.000000
  7 0.028582 0.507524 0.155806 0.103281 0.351038 0.930648 0.712655 -0.181957 1 7 1.000000
  7 0.033585 0.526195 0.146914 0.123638 0.445802 0.886552 0.719381 -0.156857 1 7 1.000000
chr009a01
  7 0.000000 0.530617 0.146914 0.000000 0.464450 0.885599 0.674230 -0.150913 1 7 1.000000
  7 0.033585 0.526195 0.146914 0.123638 0.445802 0.886552 0.719381 -0.156857 1 7 1.000000
  7 0.040784 0.553064 0.130700 0.152506 0.567107 0.809402 0.731137 -0.115611 1 7 1.000000
chr009a01
  7 0.000000 0.558433 0.130700 0.000000 0.587889 0.808942 0.674230 -0.108392 1 7 1.000000
  7 0.000000 0.530617 0.146914 0.000000 0.464450 0.885599 0.674230 -0.150913 1 7 1.000000
  7 0.040784 0.553064 0.130700 0.152506 0.567107 0.809402 0.731137 -0.115611 1 7 1.000000
chr009a01
  7 -0.033585 0.526195 0.146914 -0.127350 0.441816 0.888021 0.629080 -0.156857 1 7 1.000000
  7 0.000000 0.530617 0.146914 0.000000 0.464450 0.885599 0.674230 -0.150913 1 7 1.000000
  7 0.000000 0.558433 0.130700 0.000000 0.587889 0.808942 0.674230 -0.108392 1 7 1.000000
chr009a01
  7 0.000000 0.530617 0.146914 0.000000 0.464450 0.885599 0.674230 -0.150913 1 7 1.000000
  7 0.000000 0.511287 0.155806 0.000000 0.367178 0.930151 0.674230 -0.176899 1 7 1.000000
  7 0.033585 0.526195 0.146914 0.123638 0.445802 0.886552 0.719381 -0.156857 1 7 1.000000
chr009a01
  7 -0.019482 0.473564 0.167128 -0.086478 0.255349 0.962974 0.648039 -0.227612 1 7 1.000000
  7 -0.028582 0.507524 0.155806 -0.107701 0.350675 0.930283 0.635806 -0.181957 1 7 1.000000
  7 -0.052502 0.491011 0.157577 -0.192143 0.303124 0.933379 0.603649 -0.204157 1 7 1.000000
chr009a01
  7 -0.033585 0.526195 0.146914 -0.127350 0.441816 0.888021 0.629080 -0.156857 1 7 1.000000
  7 -0.028582 0.507524 0.155806 -0.107701 0.350675 0.930283 0.635806 -0.181957 1 7 1.000000
  7 0.000000 0.530617 0.146914 0.000000 0.464450 0.885599 0.674230 -0.150913 1 7 1.000000
chr009a01
  7 -0.028582 0.507524 0.155806 -0.107701 0.350675 0.930283 0.635806 -0.181957 1 7 1.000000
  7 -0.019482 0.473564 0.167128 -0.086478 0.255349 0.962974 0.648039 -0.227612 1 7 1.000000
  7 0.000000 0.511287 0.155806 0.000000 0.367178 0.930151 0.674230 -0.176899 1 7 1.000000
chr009a01
  7 -0.028582 0.507524 0.155806 -0.107701 0.350675 0.930283 0.635806 -0.181957 1 7 1.000000
  7 0.000000 0.511287 0.155806 0.000000 0.367178 0.930151 0.674230 -0.176899 1 7 1.000000
  7 0.000000 0.530617 0.146914 0.000000 0.464450 0.885599 0.674230 -0.150913 1 7 1.000000
chr009a01
  7 -0.052502 0.491011 0.157577 -0.192143 0.303124 0.933379 0.603649 -0.204157 1 7 1.000000
  7 -0.028582 0.507524 0.155806 -0.107701 0.350675 0.930283 0.635806 -0.181957 1 7 1.000000
  7 -0.033585 0.526195 0.146914 -0.127350 0.441816 0.888021 0.629080 -0.156857 1 7 1.000000
chr009a01
  7 0.033585 0.526195 0.146914 0.123638 0.445802 0.886552 0.719381 -0.156857 1 7 1.000000
  7 0.028582 0.507524 0.155806 0.103281 0.351038 0.930648 0.712655 -0.181957 1 7 1.000000
  7 0.066464 0.515911 0.144886 0.252736 0.386132 0.887145 0.763582 -0.170683 1 7 1.000000
chr009a01
  7 0.028582 0.507524 0.155806 0.103281 0.351038 0.930648 0.712655 -0.181957 1 7 1.000000
  7 0.054139 0.494500 0.156443 0.203830 0.307825 0.929353 0.747013 -0.199467 1 7 1.000000
  7 0.066464 0.515911 0.144886 0.252736 0.386132 0.887145 0.763582 -0.170683 1 7 1.000000
chr009a01
  7 0.078789 0.537322 0.130700 0.298267 0.500687 0.812619 0.784165 -0.136774 1 7 1.000000
  7 0.066464 0.515911 0.144886 0.252736 0.386132 0.887145 0.763582 -0.170683 1 7 1.000000
  7 0.075046 0.508045 0.144399 0.305201 0.343177 0.888303 0.775119 -0.181257 1 7 1.000000
chr009a01
  7 0.066464 0.515911 0.144886 0.252736 0.386132 0.887145 0.763582 -0.170683 1 7 1.000000
  7 0.054139 0.494500 0.156443 0.203830 0.307825 0.929353 0.747013 -0.199467 1 7 1.000000
  7 0.075046 0.508045 0.144399 0.305201 0.343177 0.888303 0.775119 -0.181257 1 7 1.000000
chr009a01
  7 0.033585 0.526195 0.146914 0.123638 0.445802 0.886552 0.719381 -0.156857 1 7 1.000000
  7 0.066464 0.515911 0.144886 0.252736 0.386132 0.887145 0.763582 -0.170683 1 7 1.000000
  7 0.078789 0.537322 0.130700 0.298267 0.500687 0.812619 0.784165 -0.136774 1 7 1.000000
chr009a01
  7 0.044610 0.234367 0.123571 0.213433 -0.633407 0.743802 0.729994 -0.522630 1 7 1.000000
  7 0.038427 0.260167 0.142530 0.210445 -0.534666 0.818441 0.723434 -0.483348 1 7 1.000000
  7 0.000000 0.238885 0.135999 0.000000 -0.586131 0.810216 0.674413 -0.506184 1 7 1.000000
chr009a01
  7 0.038427 0.260167 0.142530 0.210445 -0.534666 0.818441 0.723434 -0.483348 1 7 1.000000
  7 0.044610 0.234367 0.123571 0.213433 -0.633407 0.743802 0.729994 -0.522630 1 7 1.000000
  7 0.065267 0.274980 0.142109 0.268579 -0.475305 0.837825 0.757850 -0.469695 1 7 1.000000
chr009a01
  7 0.044610 0.234367 0.123571 0.213433 -0.633407 0.743802 0.729994 -0.522630 1 7 1.000000
  7 0.081416 0.249628 0.123574 0.318527 -0.551706 0.770818 0.776053 -0.508431 1 7 1.000000
  7 0.065267 0.274980 0.142109 0.268579 -0.475305 0.837825 0.757850 -0.469695 1 7 1.000000
chr009a01
  7 0.081416 0.249628 0.123574 0.318527 -0.551706 0.770818 0.776053 -0.508431 1 7 1.000000
  7 0.105187 0.270291 0.124764 0.436377 -0.466745 0.769236 0.815413 -0.490267 1 7 1.000000
  7 0.065267 0.274980 0.142109 0.268579 -0.475305 0.837825 0.757850 -0.469695 1 7 1.000000
chr009a01
  7 0.112380 0.487482 0.138101 0.375401 0.288056 0.880964 0.824631 -0.212313 1 7 1.000000
  7 0.126115 0.496210 0.129394 0.463576 0.371769 0.804292 0.842099 -0.201212 1 7 1.000000
  7 0.103032 0.500802 0.137729 0.359388 0.358876 0.861422 0.812742 -0.195373 1 7 1.000000
chr009a01
  7 0.129655 0.480326 0.133080 0.488496 0.299050 0.819720 0.846600 -0.221413 1 7 1.000000
  7 0.145684 0.483135 0.122503 0.565306 0.320537 0.760056 0.866987 -0.217842 1 7 1.000000
  7 0.126115 0.496210 0.129394 0.463576 0.371769 0.804292 0.842099 -0.201212 1 7 1.000000
chr009a01
  7 0.142876 0.467105 0.129659 0.594250 0.238783 0.768017 0.863415 -0.238228 1 7 1.000000
  7 0.158760 0.463565 0.118470 0.625687 0.241397 0.741784 0.883616 -0.242730 1 7 1.000000
  7 0.145684 0.483135 0.122503 0.565306 0.320537 0.760056 0.866987 -0.217842 1 7 1.000000
chr009a01
  7 0.150031 0.449831 0.129659 0.611214 0.228827 0.757665 0.872515 -0.260197 1 7 1.000000
  7 0.163352 0.440482 0.121737 0.640809 0.156951 0.751485 0.889456 -0.272086 1 7 1.000000
  7 0.158760 0.463565 0.118470 0.625687 0.241397 0.741784 0.883616 -0.242730 1 7 1.000000
chr009a01
  7 0.163352 0.440482 0.121737 0.640809 0.156951 0.751485 0.889456 -0.272086 1 7 1.000000
  7 0.150031 0.431133 0.132252 0.559388 0.124635 0.819482 0.872515 -0.283976 1 7 1.000000
  7 0.158760 0.417398 0.128382 0.601673 0.053374 0.796957 0.883616 -0.301443 1 7 1.000000
chr009a01
  7 0.093683 0.487482 0.146069 0.325833 0.326733 0.887175 0.800852 -0.212313 1 7 1.000000
  7 0.103032 0.500802 0.137729 0.359388 0.358876 0.861422 0.812742 -0.195373 1 7 1.000000
  7 0.079948 0.496210 0.147898 0.282608 0.346304 0.894542 0.783385 -0.201212 1 7 1.000000
chr009a01
  7 0.076408 0.480326 0.155601 0.195059 0.392409 0.898870 0.778883 -0.221413 1 7 1.000000
  7 0.079948 0.496210 0.147898 0.282608 0.346304 0.894542 0.783385 -0.201212 1 7 1.000000
  7 0.060379 0.483135 0.157853 0.206917 0.278684 0.937828 0.758497 -0.217842 1 7 1.000000
chr009a01
  7 0.063187 0.467105 0.161072 0.174441 0.223112 0.959058 0.762068 -0.238228 1 7 1.000000
  7 0.060379 0.483135 0.157853 0.206917 0.278684 0.937828 0.758497 -0.217842 1 7 1.000000
  7 0.047303 0.463565 0.164784 0.172272 0.215595 0.961167 0.741867 -0.242730 1 7 1.000000
chr009a01
  7 0.056032 0.449831 0.165850 0.202551 0.203084 0.957982 0.752968 -0.260197 1 7 1.000000
  7 0.047303 0.463565 0.164784 0.172272 0.215595 0.961167 0.741867 -0.242730 1 7 1.000000
  7 0.042712 0.440482 0.170648 0.140800 0.137283 0.980474 0.736028 -0.272086 1 7 1.000000
chr009a01
  7 0.142876 0.413859 0.137273 0.477828 0.057533 0.876568 0.863415 -0.305945 1 7 1.000000
  7 0.145684 0.397829 0.136794 0.513394 -0.019561 0.857930 0.866987 -0.326331 1 7 1.000000
  7 0.158760 0.417398 0.128382 0.601673 0.053374 0.796957 0.883616 -0.301443 1 7 1.000000
chr009a01
  7 -0.150503 0.332386 0.122779 -0.550561 -0.279558 0.786594 0.471900 -0.417407 1 7 1.000000
  7 -0.152209 0.360070 0.130700 -0.551850 -0.145490 0.821154 0.469606 -0.380189 1 7 1.000000
  7 -0.188903 0.350238 0.097618 -0.725924 -0.189111 0.661265 0.420277 -0.393407 1 7 1.000000
chr009a01
  7 -0.188903 0.350238 0.097618 -0.725924 -0.189111 0.661265 0.420277 -0.393407 1 7 1.000000
  7 -0.152209 0.360070 0.130700 -0.551850 -0.145490 0.821154 0.469606 -0.380189 1 7 1.000000
  7 -0.153563 0.389950 0.132074 -0.571536 -0.044910 0.819347 0.467786 -0.340019 1 7 1.000000
chr009a01
  7 -0.152209 0.360070 0.130700 -0.551850 -0.145490 0.821154 0.469606 -0.380189 1 7 1.000000
  7 -0.130379 0.374460 0.143334 -0.449193 -0.092911 0.888591 0.498955 -0.360843 1 7 1.000000
  7 -0.153563 0.389950 0.132074 -0.571536 -0.044910 0.819347 0.467786 -0.340019 1 7 1.000000
chr009a01
  7 -0.152209 0.360070 0.130700 -0.551850 -0.145490 0.821154 0.469606 -0.380189 1 7 1.000000
  7 -0.122943 0.335219 0.141060 -0.439719 -0.229370 0.868353 0.508951 -0.413597 1 7 1.000000
  7 -0.130379 0.374460 0.143334 -0.449193 -0.092911 0.888591 0.498955 -0.360843 1 7 1.000000
chr009a01
  7 -0.122943 0.335219 0.141060 -0.439719 -0.229370 0.868353 0.508951 -0.413597 1 7 1.000000
  7 -0.152209 0.360070 0.130700 -0.551850 -0.145490 0.821154 0.469606 -0.380189 1 7 1.000000
  7 -0.150503 0.332386 0.122779 -0.550561 -0.279558 0.786594 0.471900 -0.417407 1 7 1.000000
chr009a01
  7 -0.138896 0.320040 0.126301 -0.505082 -0.270458 0.819600 0.494574 -0.434661 1 7 1.000000
  7 -0.122943 0.335219 0.141060 -0.439719 -0.229370 0.868353 0.508951 -0.413597 1 7 1.000000
  7 -0.150503 0.332386 0.122779 -0.550561 -0.279558 0.786594 0.471900 -0.417407 1 7 1.000000
chr009a01
  7 -0.103032 0.369022 0.156431 -0.364758 -0.098997 0.925825 0.535719 -0.368154 1 7 1.000000
  7 -0.095638 0.345638 0.155806 -0.333004 -0.202536 0.920917 0.545659 -0.399591 1 7 1.000000
  7 -0.069566 0.360691 0.165101 -0.228971 -0.136676 0.963790 0.580709 -0.379355 1 7 1.000000
chr009a01
  7 -0.095638 0.345638 0.155806 -0.333004 -0.202536 0.920917 0.545659 -0.399591 1 7 1.000000
  7 -0.103032 0.369022 0.156431 -0.364758 -0.098997 0.925825 0.535719 -0.368154 1 7 1.000000
  7 -0.130379 0.374460 0.143334 -0.449193 -0.092911 0.888591 0.498955 -0.360843 1 7 1.000000
chr009a01
  7 -0.122943 0.335219 0.141060 -0.439719 -0.229370 0.868353 0.508951 -0.413597 1 7 1.000000
  7 -0.095638 0.345638 0.155806 -0.333004 -0.202536 0.920917 0.545659 -0.399591 1 7 1.000000
  7 -0.130379 0.374460 0.143334 -0.449193 -0.092911 0.888591 0.498955 -0.360843 1 7 1.000000
chr009a01
  7 -0.056800 0.344054 0.165101 -0.205869 -0.178395 0.962182 0.597697 -0.401093 1 7 1.000000
  7 -0.038082 0.366098 0.171478 -0.120213 -0.106396 0.987030 0.623035 -0.372085 1 7 1.000000
  7 -0.069566 0.360691 0.165101 -0.228971 -0.136676 0.963790 0.580709 -0.379355 1 7 1.000000
chr009a01
  7 -0.056800 0.344054 0.165101 -0.205869 -0.178395 0.962182 0.597697 -0.401093 1 7 1.000000
  7 -0.069566 0.360691 0.165101 -0.228971 -0.136676 0.963790 0.580709 -0.379355 1 7 1.000000
  7 -0.095638 0.345638 0.155806 -0.333004 -0.202536 0.920917 0.545659 -0.399591 1 7 1.000000
chr009a01
  7 -0.026928 0.358126 0.171478 -0.080092 -0.117077 0.989888 0.638030 -0.382802 1 7 1.000000
  7 -0.038082 0.366098 0.171478 -0.120213 -0.106396 0.987030 0.623035 -0.372085 1 7 1.000000
  7 -0.056800 0.344054 0.165101 -0.205869 -0.178395 0.962182 0.597697 -0.401093 1 7 1.000000
chr009a01
  7 -0.078088 0.322766 0.154540 -0.281494 -0.241176 0.928760 0.567790 -0.428997 1 7 1.000000
  7 -0.095638 0.345638 0.155806 -0.333004 -0.202536 0.920917 0.545659 -0.399591 1 7 1.000000
  7 -0.122943 0.335219 0.141060 -0.439719 -0.229370 0.868353 0.508951 -0.413597 1 7 1.000000
chr009a01
  7 -0.078088 0.322766 0.154540 -0.281494 -0.241176 0.928760 0.567790 -0.428997 1 7 1.000000
  7 -0.056800 0.344054 0.165101 -0.205869 -0.178395 0.962182 0.597697 -0.401093 1 7 1.000000
  7 -0.095638 0.345638 0.155806 -0.333004 -0.202536 0.920917 0.545659 -0.399591 1 7 1.000000
chr009a01
  7 -0.040164 0.331289 0.166615 -0.159078 -0.186392 0.969511 0.619987 -0.418177 1 7 1.000000
  7 -0.056800 0.344054 0.165101 -0.205869 -0.178395 0.962182 0.597697 -0.401093 1 7 1.000000
  7 -0.078088 0.322766 0.154540 -0.281494 -0.241176 0.928760 0.567790 -0.428997 1 7 1.000000
chr009a01
  7 -0.040164 0.331289 0.166615 -0.159078 -0.186392 0.969511 0.619987 -0.418177 1 7 1.000000
  7 -0.026928 0.358126 0.171478 -0.080092 -0.117077 0.989888 0.638030 -0.382802 1 7 1.000000
  7 -0.056800 0.344054 0.165101 -0.205869 -0.178395 0.962182 0.597697 -0.401093 1 7 1.000000
chr009a01
  7 -0.013939 0.353115 0.171478 -0.040566 -0.124598 0.991378 0.655492 -0.389539 1 7 1.000000
  7 -0.026928 0.358126 0.171478 -0.080092 -0.117077 0.989888 0.638030 -0.382802 1 7 1.000000
  7 -0.040164 0.331289 0.166615 -0.159078 -0.186392 0.969511 0.619987 -0.418177 1 7 1.000000
chr009a01
  7 -0.055216 0.305217 0.156392 -0.205032 -0.226755 0.952126 0.597466 -0.454220 1 7 1.000000
  7 -0.040164 0.331289 0.166615 -0.159078 -0.186392 0.969511 0.619987 -0.418177 1 7 1.000000
  7 -0.078088 0.322766 0.154540 -0.281494 -0.241176 0.928760 0.567790 -0.428997 1 7 1.000000
chr009a01
  7 0.000000 0.351406 0.171478 0.000000 -0.123352 0.992363 0.674230 -0.391837 1 7 1.000000
  7 -0.013939 0.353115 0.171478 -0.040566 -0.124598 0.991378 0.655492 -0.389539 1 7 1.000000
  7 -0.020790 0.323264 0.166615 -0.101115 -0.177015 0.979000 0.645993 -0.429467 1 7 1.000000
chr009a01
  7 -0.020790 0.323264 0.166615 -0.101115 -0.177015 0.979000 0.645993 -0.429467 1 7 1.000000
  7 -0.013939 0.353115 0.171478 -0.040566 -0.124598 0.991378 0.655492 -0.389539 1 7 1.000000
  7 -0.040164 0.331289 0.166615 -0.159078 -0.186392 0.969511 0.619987 -0.418177 1 7 1.000000
chr009a01
  7 -0.020790 0.323264 0.166615 -0.101115 -0.177015 0.979000 0.645993 -0.429467 1 7 1.000000
  7 -0.040164 0.331289 0.166615 -0.159078 -0.186392 0.969511 0.619987 -0.418177 1 7 1.000000
  7 -0.055216 0.305217 0.156392 -0.205032 -0.226755 0.952126 0.597466 -0.454220 1 7 1.000000
chr009a01
  7 -0.030168 0.288267 0.157957 -0.137935 -0.201185 0.969793 0.632099 -0.478371 1 7 1.000000
  7 -0.020790 0.323264 0.166615 -0.101115 -0.177015 0.979000 0.645993 -0.429467 1 7 1.000000
  7 -0.055216 0.305217 0.156392 -0.205032 -0.226755 0.952126 0.597466 -0.454220 1 7 1.000000
chr009a01
  7 -0.030168 0.288267 0.157957 -0.137935 -0.201185 0.969793 0.632099 -0.478371 1 7 1.000000
  7 -0.000000 0.271312 0.159582 0.000000 -0.181418 0.983406 0.674596 -0.501354 1 7 1.000000
  7 -0.020790 0.323264 0.166615 -0.101115 -0.177015 0.979000 0.645993 -0.429467 1 7 1.000000
chr009a01
  7 -0.000000 0.271312 0.159582 0.000000 -0.181418 0.983406 0.674596 -0.501354 1 7 1.000000
  7 0.000000 0.320527 0.167610 0.000000 -0.161031 0.986949 0.674342 -0.433093 1 7 1.000000
  7 -0.020790 0.323264 0.166615 -0.101115 -0.177015 0.979000 0.645993 -0.429467 1 7 1.000000
chr009a01
  7 0.000000 0.320527 0.167610 0.000000 -0.161031 0.986949 0.674342 -0.433093 1 7 1.000000
  7 0.000000 0.351406 0.171478 0.000000 -0.123352 0.992363 0.674230 -0.391837 1 7 1.000000
  7 -0.020790 0.323264 0.166615 -0.101115 -0.177015 0.979000 0.645993 -0.429467 1 7 1.000000
chr009a01
  7 0.013939 0.353115 0.171478 0.040566 -0.124598 0.991378 0.692969 -0.389539 1 7 1.000000
  7 0.000000 0.351406 0.171478 0.000000 -0.123352 0.992363 0.674230 -0.391837 1 7 1.000000
  7 0.000000 0.320527 0.167610 0.000000 -0.161031 0.986949 0.674342 -0.433093 1 7 1.000000
chr009a01
  7 -0.000000 0.271312 0.159582 0.000000 -0.181418 0.983406 0.674596 -0.501354 1 7 1.000000
  7 0.030168 0.288267 0.157957 0.137935 -0.201186 0.969793 0.716881 -0.478015 1 7 1.000000
  7 0.000000 0.320527 0.167610 0.000000 -0.161031 0.986949 0.674342 -0.433093 1 7 1.000000
chr009a01
  7 0.030168 0.288267 0.157957 0.137935 -0.201186 0.969793 0.716881 -0.478015 1 7 1.000000
  7 0.020790 0.323264 0.166615 0.101115 -0.177015 0.979000 0.702657 -0.429323 1 7 1.000000
  7 0.000000 0.320527 0.167610 0.000000 -0.161031 0.986949 0.674342 -0.433093 1 7 1.000000
chr009a01
  7 0.026928 0.358126 0.171478 0.080557 -0.117044 0.989854 0.710431 -0.382802 1 7 1.000000
  7 0.013939 0.353115 0.171478 0.040566 -0.124598 0.991378 0.692969 -0.389539 1 7 1.000000
  7 0.020790 0.323264 0.166615 0.101115 -0.177015 0.979000 0.702657 -0.429323 1 7 1.000000
chr009a01
  7 0.020790 0.323264 0.166615 0.101115 -0.177015 0.979000 0.702657 -0.429323 1 7 1.000000
  7 0.013939 0.353115 0.171478 0.040566 -0.124598 0.991378 0.692969 -0.389539 1 7 1.000000
  7 0.000000 0.320527 0.167610 0.000000 -0.161031 0.986949 0.674342 -0.433093 1 7 1.000000
chr009a01
  7 0.040164 0.331289 0.166615 0.158960 -0.186165 0.969574 0.728556 -0.417938 1 7 1.000000
  7 0.026928 0.358126 0.171478 0.080557 -0.117044 0.989854 0.710431 -0.382802 1 7 1.000000
  7 0.020790 0.323264 0.166615 0.101115 -0.177015 0.979000 0.702657 -0.429323 1 7 1.000000
chr009a01
  7 0.030168 0.288267 0.157957 0.137935 -0.201186 0.969793 0.716881 -0.478015 1 7 1.000000
  7 0.055216 0.305217 0.156392 0.204927 -0.227132 0.952059 0.751184 -0.453602 1 7 1.000000
  7 0.020790 0.323264 0.166615 0.101115 -0.177015 0.979000 0.702657 -0.429323 1 7 1.000000
chr009a01
  7 0.057192 0.343662 0.164939 0.207003 -0.179498 0.961733 0.751263 -0.401386 1 7 1.000000
  7 0.040164 0.331289 0.166615 0.158960 -0.186165 0.969574 0.728556 -0.417938 1 7 1.000000
  7 0.055216 0.305217 0.156392 0.204927 -0.227132 0.952059 0.751184 -0.453602 1 7 1.000000
chr009a01
  7 0.055216 0.305217 0.156392 0.204927 -0.227132 0.952059 0.751184 -0.453602 1 7 1.000000
  7 0.040164 0.331289 0.166615 0.158960 -0.186165 0.969574 0.728556 -0.417938 1 7 1.000000
  7 0.020790 0.323264 0.166615 0.101115 -0.177015 0.979000 0.702657 -0.429323 1 7 1.000000
chr009a01
  7 0.078088 0.322766 0.154540 0.281589 -0.241387 0.928677 0.780305 -0.428271 1 7 1.000000
  7 0.057192 0.343662 0.164939 0.207003 -0.179498 0.961733 0.751263 -0.401386 1 7 1.000000
  7 0.055216 0.305217 0.156392 0.204927 -0.227132 0.952059 0.751184 -0.453602 1 7 1.000000
chr009a01
  7 0.069586 0.360679 0.165094 0.229023 -0.135723 0.963913 0.767779 -0.379371 1 7 1.000000
  7 0.057192 0.343662 0.164939 0.207003 -0.179498 0.961733 0.751263 -0.401386 1 7 1.000000
  7 0.078088 0.322766 0.154540 0.281589 -0.241387 0.928677 0.780305 -0.428271 1 7 1.000000
chr009a01
  7 0.095638 0.345638 0.155806 0.332338 -0.202855 0.921087 0.802141 -0.398354 1 7 1.000000
  7 0.069586 0.360679 0.165094 0.229023 -0.135723 0.963913 0.767779 -0.379371 1 7 1.000000
  7 0.078088 0.322766 0.154540 0.281589 -0.241387 0.928677 0.780305 -0.428271 1 7 1.000000
chr009a01
  7 0.122943 0.335219 0.141060 0.442179 -0.232785 0.866192 0.839005 -0.411607 1 7 1.000000
  7 0.095638 0.345638 0.155806 0.332338 -0.202855 0.921087 0.802141 -0.398354 1 7 1.000000
  7 0.078088 0.322766 0.154540 0.281589 -0.241387 0.928677 0.780305 -0.428271 1 7 1.000000
chr009a01
  7 0.122943 0.335219 0.141060 0.442179 -0.232785 0.866192 0.839005 -0.411607 1 7 1.000000
  7 0.078088 0.322766 0.154540 0.281589 -0.241387 0.928677 0.780305 -0.428271 1 7 1.000000
  7 0.111661 0.294226 0.133796 0.405432 -0.266539 0.874404 0.819683 -0.464242 1 7 1.000000
chr009a01
  7 0.131082 0.313306 0.128288 0.510589 -0.279650 0.813077 0.848122 -0.440824 1 7 1.000000
  7 0.122943 0.335219 0.141060 0.442179 -0.232785 0.866192 0.839005 -0.411607 1 7 1.000000
  7 0.111661 0.294226 0.133796 0.405432 -0.266539 0.874404 0.819683 -0.464242 1 7 1.000000
chr009a01
  7 0.165572 0.331339 0.110199 0.587525 -0.275115 0.761003 0.896819 -0.418813 1 7 1.000000
  7 0.188903 0.350238 0.097618 0.726542 -0.193805 0.659224 0.928184 -0.393407 1 7 1.000000
  7 0.150503 0.332386 0.122779 0.549647 -0.284302 0.785532 0.876560 -0.417407 1 7 1.000000
chr009a01
  7 0.150503 0.332386 0.122779 0.549647 -0.284302 0.785532 0.876560 -0.417407 1 7 1.000000
  7 0.127845 0.301338 0.123772 0.522852 -0.355505 0.774753 0.845987 -0.453837 1 7 1.000000
  7 0.165572 0.331339 0.110199 0.587525 -0.275115 0.761003 0.896819 -0.418813 1 7 1.000000
chr009a01
  7 0.150503 0.332386 0.122779 0.549647 -0.284302 0.785532 0.876560 -0.417407 1 7 1.000000
  7 0.152210 0.360070 0.130700 0.551967 -0.153073 0.819696 0.878855 -0.380189 1 7 1.000000
  7 0.122943 0.335219 0.141060 0.442179 -0.232785 0.866192 0.839005 -0.411607 1 7 1.000000
chr009a01
  7 0.188903 0.350238 0.097618 0.726542 -0.193805 0.659224 0.928184 -0.393407 1 7 1.000000
  7 0.152210 0.360070 0.130700 0.551967 -0.153073 0.819696 0.878855 -0.380189 1 7 1.000000
  7 0.150503 0.332386 0.122779 0.549647 -0.284302 0.785532 0.876560 -0.417407 1 7 1.000000
chr009a01
  7 0.131082 0.313306 0.128288 0.510589 -0.279650 0.813077 0.848122 -0.440824 1 7 1.000000
  7 0.150503 0.332386 0.122779 0.549647 -0.284302 0.785532 0.876560 -0.417407 1 7 1.000000
  7 0.122943 0.335219 0.141060 0.442179 -0.232785 0.866192 0.839005 -0.411607 1 7 1.000000
chr009a01
  7 -0.122943 0.335219 0.141060 -0.439719 -0.229370 0.868353 0.508951 -0.413597 1 7 1.000000
  7 -0.138896 0.320040 0.126301 -0.505082 -0.270458 0.819600 0.494574 -0.434661 1 7 1.000000
  7 -0.111661 0.294226 0.133796 -0.399894 -0.265520 0.877259 0.533979 -0.467994 1 7 1.000000
chr009a01
  7 -0.078088 0.322766 0.154540 -0.281494 -0.241176 0.928760 0.567790 -0.428997 1 7 1.000000
  7 -0.122943 0.335219 0.141060 -0.439719 -0.229370 0.868353 0.508951 -0.413597 1 7 1.000000
  7 -0.111661 0.294226 0.133796 -0.399894 -0.265520 0.877259 0.533979 -0.467994 1 7 1.000000
chr009a01
  10 0.231979 0.400854 0.048343 -0.995468 0.095089 0.001553 0.315915 -0.933021 1 10 1.000000
  10 0.231839 0.400854 -0.041263 -0.995468 0.095089 0.001553 0.315915 -0.984262 1 10 1.000000
  10 0.227523 0.355672 -0.041263 -0.980784 0.195090 0.001561 0.349011 -0.984262 1 10 1.000000
chr009a01
  10 0.227660 0.355644 0.048343 -0.980784 0.195090 0.001561 0.349011 -0.933021 1 10 1.000000
  10 0.231979 0.400854 0.048343 -0.995468 0.095089 0.001553 0.315915 -0.933021 1 10 1.000000
  10 0.227523 0.355672 -0.041263 -0.980784 0.195090 0.001561 0.349011 -0.984262 1 10 1.000000
chr009a01
  10 0.227660 0.355644 0.048343 -0.980784 0.195090 0.001561 0.349011 -0.933021 1 10 1.000000
  10 0.227523 0.355672 -0.041263 -0.980784 0.195090 0.001561 0.349011 -0.984262 1 10 1.000000
  10 0.214220 0.312277 -0.041263 -0.956081 0.293099 0.001553 0.382109 -0.984262 1 10 1.000000
chr009a01
  10 0.214349 0.312223 0.048343 -0.956081 0.293099 0.001553 0.382109 -0.933021 1 10 1.000000
  10 0.227660 0.355644 0.048343 -0.980784 0.195090 0.001561 0.349011 -0.933021 1 10 1.000000
  10 0.214220 0.312277 -0.041263 -0.956081 0.293099 0.001553 0.382109 -0.984262 1 10 1.000000
chr009a01
  10 0.214349 0.489486 0.048343 -0.956081 -0.293098 0.001553 0.249720 -0.933021 1 10 1.000000
  10 0.214220 0.489432 -0.041263 -0.956081 -0.293098 0.001553 0.249720 -0.984262 1 10 1.000000
  10 0.227523 0.446037 -0.041263 -0.980784 -0.195090 0.001561 0.282818 -0.984262 1 10 1.000000
chr009a01
  10 0.227660 0.446064 0.048343 -0.980784 -0.195090 0.001561 0.282818 -0.933021 1 10 1.000000
  10 0.214349 0.489486 0.048343 -0.956081 -0.293098 0.001553 0.249720 -0.933021 1 10 1.000000
  10 0.227523 0.446037 -0.041263 -0.980784 -0.195090 0.001561 0.282818 -0.984262 1 10 1.000000
chr009a01
  10 0.227660 0.446064 0.048343 -0.980784 -0.195090 0.001561 0.282818 -0.933021 1 10 1.000000
  10 0.227523 0.446037 -0.041263 -0.980784 -0.195090 0.001561 0.282818 -0.984262 1 10 1.000000
  10 0.231839 0.400854 -0.041263 -0.995468 -0.095088 0.001553 0.315915 -0.984262 1 10 1.000000
chr009a01
  10 0.231979 0.400854 0.048343 -0.995468 -0.095088 0.001553 0.315915 -0.933021 1 10 1.000000
  10 0.227660 0.446064 0.048343 -0.980784 -0.195090 0.001561 0.282818 -0.933021 1 10 1.000000
  10 0.231839 0.400854 -0.041263 -0.995468 -0.095088 0.001553 0.315915 -0.984262 1 10 1.000000
chr009a01
  10 0.164143 0.564624 0.048343 -0.771140 -0.636664 0.001554 0.183526 -0.933021 1 10 1.000000
  10 0.164044 0.564525 -0.041263 -0.771140 -0.636664 0.001554 0.183526 -0.984262 1 10 1.000000
  10 0.192942 0.529524 -0.041263 -0.831469 -0.555570 0.001562 0.216623 -0.984262 1 10 1.000000
chr009a01
  10 0.193058 0.529602 0.048343 -0.831469 -0.555570 0.001562 0.216623 -0.933021 1 10 1.000000
  10 0.164143 0.564624 0.048343 -0.771140 -0.636664 0.001554 0.183526 -0.933021 1 10 1.000000
  10 0.192942 0.529524 -0.041263 -0.831469 -0.555570 0.001562 0.216623 -0.984262 1 10 1.000000
chr009a01
  10 0.193058 0.529602 0.048343 -0.831469 -0.555570 0.001562 0.216623 -0.933021 1 10 1.000000
  10 0.192942 0.529524 -0.041263 -0.831469 -0.555570 0.001562 0.216623 -0.984262 1 10 1.000000
  10 0.214220 0.489432 -0.041263 -0.883303 -0.468799 0.001554 0.249720 -0.984262 1 10 1.000000
chr009a01
  10 0.214349 0.489486 0.048343 -0.883303 -0.468799 0.001554 0.249720 -0.933021 1 10 1.000000
  10 0.193058 0.529602 0.048343 -0.831469 -0.555570 0.001562 0.216623 -0.933021 1 10 1.000000
  10 0.214220 0.489432 -0.041263 -0.883303 -0.468799 0.001554 0.249720 -0.984262 1 10 1.000000
chr009a01
  10 -0.163395 0.564624 0.048343 0.636665 -0.771139 0.001554 0.117333 -0.933021 1 10 1.000000
  10 -0.163296 0.564525 -0.041263 0.636665 -0.771139 0.001554 0.117333 -0.984262 1 10 1.000000
  10 -0.128295 0.593422 -0.041263 0.555570 -0.831469 0.001562 0.084236 -0.984262 1 10 1.000000
chr009a01
  10 -0.128373 0.593538 0.048343 0.555570 -0.831469 0.001562 0.084236 -0.933021 1 10 1.000000
  10 -0.163395 0.564624 0.048343 0.636665 -0.771139 0.001554 0.117333 -0.933021 1 10 1.000000
  10 -0.128295 0.593422 -0.041263 0.555570 -0.831469 0.001562 0.084236 -0.984262 1 10 1.000000
chr009a01
  10 -0.128373 0.593538 0.048343 0.555570 -0.831469 0.001562 0.084236 -0.933021 1 10 1.000000
  10 -0.128295 0.593422 -0.041263 0.555570 -0.831469 0.001562 0.084236 -0.984262 1 10 1.000000
  10 -0.088204 0.614700 -0.041263 0.468799 -0.883304 0.001554 0.051138 -0.984262 1 10 1.000000
chr009a01
  10 -0.088257 0.614829 0.048343 0.468799 -0.883304 0.001554 0.051138 -0.933021 1 10 1.000000
  10 -0.128373 0.593538 0.048343 0.555570 -0.831469 0.001562 0.084236 -0.933021 1 10 1.000000
  10 -0.088204 0.614700 -0.041263 0.468799 -0.883304 0.001554 0.051138 -0.984262 1 10 1.000000
chr009a01
  10 0.000374 0.632459 0.048343 -0.095089 -0.995468 0.001554 0.051138 -0.933021 1 10 1.000000
  10 0.000374 0.632319 -0.041263 -0.095089 -0.995468 0.001554 0.051138 -0.984262 1 10 1.000000
  10 0.045557 0.628003 -0.041263 -0.195090 -0.980784 0.001562 0.084236 -0.984262 1 10 1.000000
chr009a01
  10 0.045584 0.628141 0.048343 -0.195090 -0.980784 0.001562 0.084236 -0.933021 1 10 1.000000
  10 0.000374 0.632459 0.048343 -0.095089 -0.995468 0.001554 0.051138 -0.933021 1 10 1.000000
  10 0.045557 0.628003 -0.041263 -0.195090 -0.980784 0.001562 0.084236 -0.984262 1 10 1.000000
chr009a01
  10 0.045584 0.628141 0.048343 -0.195090 -0.980784 0.001562 0.084236 -0.933021 1 10 1.000000
  10 0.045557 0.628003 -0.041263 -0.195090 -0.980784 0.001562 0.084236 -0.984262 1 10 1.000000
  10 0.088952 0.614700 -0.041263 -0.293098 -0.956081 0.001554 0.117333 -0.984262 1 10 1.000000
chr009a01
  10 0.089005 0.614829 0.048343 -0.293098 -0.956081 0.001554 0.117333 -0.933021 1 10 1.000000
  10 0.045584 0.628141 0.048343 -0.195090 -0.980784 0.001562 0.084236 -0.933021 1 10 1.000000
  10 0.088952 0.614700 -0.041263 -0.293098 -0.956081 0.001554 0.117333 -0.984262 1 10 1.000000
chr009a01
  10 0.193058 0.272107 0.048343 -0.831469 0.555570 0.001561 0.415207 -0.933021 1 10 1.000000
  10 0.192942 0.272185 -0.041263 -0.831469 0.555569 0.001561 0.415207 -0.984262 1 10 1.000000
  10 0.164044 0.237184 -0.041263 -0.771140 0.636664 0.001553 0.448304 -0.984262 1 10 1.000000
chr009a01
  10 0.164143 0.237085 0.048343 -0.771140 0.636664 0.001553 0.448304 -0.933021 1 10 1.000000
  10 0.193058 0.272107 0.048343 -0.831469 0.555570 0.001561 0.415207 -0.933021 1 10 1.000000
  10 0.164044 0.237184 -0.041263 -0.771140 0.636664 0.001553 0.448304 -0.984262 1 10 1.000000
chr009a01
  10 0.193058 0.272107 0.048343 -0.831469 0.555570 0.001561 0.415207 -0.933021 1 10 1.000000
  10 0.214349 0.312223 0.048343 -0.883303 0.468800 0.001553 0.382109 -0.933021 1 10 1.000000
  10 0.192942 0.272185 -0.041263 -0.831469 0.555569 0.001561 0.415207 -0.984262 1 10 1.000000
chr009a01
  10 0.214349 0.312223 0.048343 -0.883303 0.468800 0.001553 0.382109 -0.933021 1 10 1.000000
  10 0.214220 0.312277 -0.041263 -0.883303 0.468800 0.001553 0.382109 -0.984262 1 10 1.000000
  10 0.192942 0.272185 -0.041263 -0.831469 0.555569 0.001561 0.415207 -0.984262 1 10 1.000000
chr009a01
  10 -0.226912 0.446064 0.048343 0.980784 -0.195090 0.001562 0.216623 -0.933021 1 10 1.000000
  10 -0.226775 0.446037 -0.041263 0.980784 -0.195090 0.001562 0.216623 -0.984262 1 10 1.000000
  10 -0.213472 0.489432 -0.041263 0.956081 -0.293097 0.001554 0.183526 -0.984262 1 10 1.000000
chr009a01
  10 -0.213601 0.489486 0.048343 0.956081 -0.293097 0.001554 0.183526 -0.933021 1 10 1.000000
  10 -0.226912 0.446064 0.048343 0.980784 -0.195090 0.001562 0.216623 -0.933021 1 10 1.000000
  10 -0.213472 0.489432 -0.041263 0.956081 -0.293097 0.001554 0.183526 -0.984262 1 10 1.000000
chr009a01
  10 -0.226912 0.446064 0.048343 0.980784 -0.195090 0.001562 0.216623 -0.933021 1 10 1.000000
  10 -0.231231 0.400854 0.048343 0.995468 -0.095090 0.001554 0.249720 -0.933021 1 10 1.000000
  10 -0.226775 0.446037 -0.041263 0.980784 -0.195090 0.001562 0.216623 -0.984262 1 10 1.000000
chr009a01
  10 -0.231231 0.400854 0.048343 0.995468 -0.095090 0.001554 0.249720 -0.933021 1 10 1.000000
  10 -0.231091 0.400854 -0.041263 0.995468 -0.095090 0.001554 0.249720 -0.984262 1 10 1.000000
  10 -0.226775 0.446037 -0.041263 0.980784 -0.195090 0.001562 0.216623 -0.984262 1 10 1.000000
chr009a01
  10 0.089005 0.614829 0.048343 -0.468799 -0.883304 0.001554 0.117333 -0.933021 1 10 1.000000
  10 0.088952 0.614700 -0.041263 -0.468799 -0.883304 0.001554 0.117333 -0.984262 1 10 1.000000
  10 0.129044 0.593422 -0.041263 -0.555569 -0.831469 0.001562 0.150429 -0.984262 1 10 1.000000
chr009a01
  10 0.129121 0.593538 0.048343 -0.555569 -0.831469 0.001562 0.150429 -0.933021 1 10 1.000000
  10 0.089005 0.614829 0.048343 -0.468799 -0.883304 0.001554 0.117333 -0.933021 1 10 1.000000
  10 0.129044 0.593422 -0.041263 -0.555569 -0.831469 0.001562 0.150429 -0.984262 1 10 1.000000
chr009a01
  10 0.129121 0.593538 0.048343 -0.555569 -0.831469 0.001562 0.150429 -0.933021 1 10 1.000000
  10 0.129044 0.593422 -0.041263 -0.555569 -0.831469 0.001562 0.150429 -0.984262 1 10 1.000000
  10 0.164044 0.564525 -0.041263 -0.636664 -0.771140 0.001554 0.183526 -0.984262 1 10 1.000000
chr009a01
  10 0.164143 0.564624 0.048343 -0.636664 -0.771140 0.001554 0.183526 -0.933021 1 10 1.000000
  10 0.129121 0.593538 0.048343 -0.555569 -0.831469 0.001562 0.150429 -0.933021 1 10 1.000000
  10 0.164044 0.564525 -0.041263 -0.636664 -0.771140 0.001554 0.183526 -0.984262 1 10 1.000000
chr009a01
  10 -0.192310 0.272107 0.048343 0.804086 0.594511 0.001560 0.349011 -0.933021 1 10 1.000000
  10 -0.192194 0.272185 -0.041263 0.804078 0.594522 0.001560 0.349011 -0.984262 1 10 1.000000
  10 -0.213472 0.312277 -0.041263 0.883304 0.468799 0.001554 0.315915 -0.984262 1 10 1.000000
chr009a01
  10 -0.213601 0.312223 0.048343 0.883303 0.468799 0.001554 0.315915 -0.933021 1 10 1.000000
  10 -0.192310 0.272107 0.048343 0.804086 0.594511 0.001560 0.349011 -0.933021 1 10 1.000000
  10 -0.213472 0.312277 -0.041263 0.883304 0.468799 0.001554 0.315915 -0.984262 1 10 1.000000
chr009a01
  10 -0.192310 0.272107 0.048343 0.804086 0.594511 0.001560 0.349011 -0.933021 1 10 1.000000
  10 -0.160342 0.240139 0.048343 0.707106 0.707106 0.001531 0.382109 -0.933021 1 10 1.000000
  10 -0.192194 0.272185 -0.041263 0.804078 0.594522 0.001560 0.349011 -0.984262 1 10 1.000000
chr009a01
  10 -0.160342 0.240139 0.048343 0.707106 0.707106 0.001531 0.382109 -0.933021 1 10 1.000000
  10 -0.160244 0.240236 -0.041263 0.707106 0.707106 0.001531 0.382109 -0.984262 1 10 1.000000
  10 -0.192194 0.272185 -0.041263 0.804078 0.594522 0.001560 0.349011 -0.984262 1 10 1.000000
chr009a01
  10 -0.160342 0.240139 0.048343 0.707106 0.707106 0.001531 0.382109 -0.933021 1 10 1.000000
  10 -0.128373 0.208170 0.048343 0.594511 0.804086 0.001559 0.415207 -0.933021 1 10 1.000000
  10 -0.160244 0.240236 -0.041263 0.707106 0.707106 0.001531 0.382109 -0.984262 1 10 1.000000
chr009a01
  10 -0.128373 0.208170 0.048343 0.594511 0.804086 0.001559 0.415207 -0.933021 1 10 1.000000
  10 -0.128295 0.208287 -0.041263 0.594522 0.804078 0.001559 0.415207 -0.984262 1 10 1.000000
  10 -0.160244 0.240236 -0.041263 0.707106 0.707106 0.001531 0.382109 -0.984262 1 10 1.000000
chr009a01
  10 -0.088204 0.187009 -0.041263 0.468799 0.883304 0.001553 0.448304 -0.984262 1 10 1.000000
  10 -0.128295 0.208287 -0.041263 0.594522 0.804078 0.001559 0.415207 -0.984262 1 10 1.000000
  10 -0.128373 0.208170 0.048343 0.594511 0.804086 0.001559 0.415207 -0.933021 1 10 1.000000
chr009a01
  10 -0.088257 0.186880 0.048343 0.468799 0.883304 0.001553 0.448304 -0.933021 1 10 1.000000
  10 -0.088204 0.187009 -0.041263 0.468799 0.883304 0.001553 0.448304 -0.984262 1 10 1.000000
  10 -0.128373 0.208170 0.048343 0.594511 0.804086 0.001559 0.415207 -0.933021 1 10 1.000000
chr009a01
  10 -0.226912 0.355644 0.048343 0.980784 0.195089 0.001562 0.282818 -0.933021 1 10 1.000000
  10 -0.226775 0.355672 -0.041263 0.980784 0.195090 0.001562 0.282818 -0.984262 1 10 1.000000
  10 -0.231091 0.400854 -0.041263 0.995468 0.095088 0.001554 0.249720 -0.984262 1 10 1.000000
chr009a01
  10 -0.231231 0.400854 0.048343 0.995468 0.095088 0.001554 0.249720 -0.933021 1 10 1.000000
  10 -0.226912 0.355644 0.048343 0.980784 0.195089 0.001562 0.282818 -0.933021 1 10 1.000000
  10 -0.231091 0.400854 -0.041263 0.995468 0.095088 0.001554 0.249720 -0.984262 1 10 1.000000
chr009a01
  10 -0.226912 0.355644 0.048343 0.980784 0.195089 0.001562 0.282818 -0.933021 1 10 1.000000
  10 -0.213601 0.312223 0.048343 0.956081 0.293098 0.001554 0.315915 -0.933021 1 10 1.000000
  10 -0.226775 0.355672 -0.041263 0.980784 0.195090 0.001562 0.282818 -0.984262 1 10 1.000000
chr009a01
  10 -0.213601 0.312223 0.048343 0.956081 0.293098 0.001554 0.315915 -0.933021 1 10 1.000000
  10 -0.213472 0.312277 -0.041263 0.956081 0.293098 0.001554 0.315915 -0.984262 1 10 1.000000
  10 -0.226775 0.355672 -0.041263 0.980784 0.195090 0.001562 0.282818 -0.984262 1 10 1.000000
chr009a01
  10 0.129121 0.208170 0.048343 -0.555570 0.831469 0.001561 0.481400 -0.933021 1 10 1.000000
  10 0.129044 0.208287 -0.041263 -0.555570 0.831469 0.001561 0.481400 -0.984262 1 10 1.000000
  10 0.088952 0.187009 -0.041263 -0.468799 0.883304 0.001553 0.514497 -0.984262 1 10 1.000000
chr009a01
  10 0.089005 0.186880 0.048343 -0.468799 0.883304 0.001553 0.514497 -0.933021 1 10 1.000000
  10 0.129121 0.208170 0.048343 -0.555570 0.831469 0.001561 0.481400 -0.933021 1 10 1.000000
  10 0.088952 0.187009 -0.041263 -0.468799 0.883304 0.001553 0.514497 -0.984262 1 10 1.000000
chr009a01
  10 0.129121 0.208170 0.048343 -0.555570 0.831469 0.001561 0.481400 -0.933021 1 10 1.000000
  10 0.164143 0.237085 0.048343 -0.636664 0.771139 0.001553 0.448304 -0.933021 1 10 1.000000
  10 0.129044 0.208287 -0.041263 -0.555570 0.831469 0.001561 0.481400 -0.984262 1 10 1.000000
chr009a01
  10 0.164143 0.237085 0.048343 -0.636664 0.771139 0.001553 0.448304 -0.933021 1 10 1.000000
  10 0.164044 0.237184 -0.041263 -0.636664 0.771139 0.001553 0.448304 -0.984262 1 10 1.000000
  10 0.129044 0.208287 -0.041263 -0.555570 0.831469 0.001561 0.481400 -0.984262 1 10 1.000000
chr009a01
  10 -0.044809 0.173706 -0.041263 0.195090 0.980784 0.001562 0.481400 -0.984262 1 10 1.000000
  10 -0.088204 0.187009 -0.041263 0.293098 0.956081 0.001554 0.448304 -0.984262 1 10 1.000000
  10 -0.088257 0.186880 0.048343 0.293098 0.956081 0.001554 0.448304 -0.933021 1 10 1.000000
chr009a01
  10 -0.044836 0.173568 0.048343 0.195090 0.980784 0.001562 0.481400 -0.933021 1 10 1.000000
  10 -0.044809 0.173706 -0.041263 0.195090 0.980784 0.001562 0.481400 -0.984262 1 10 1.000000
  10 -0.088257 0.186880 0.048343 0.293098 0.956081 0.001554 0.448304 -0.933021 1 10 1.000000
chr009a01
  10 0.000374 0.169390 -0.041263 0.095089 0.995468 0.001554 0.514497 -0.984262 1 10 1.000000
  10 -0.044809 0.173706 -0.041263 0.195090 0.980784 0.001562 0.481400 -0.984262 1 10 1.000000
  10 -0.044836 0.173568 0.048343 0.195090 0.980784 0.001562 0.481400 -0.933021 1 10 1.000000
chr009a01
  10 0.000374 0.169250 0.048343 0.095089 0.995468 0.001554 0.514497 -0.933021 1 10 1.000000
  10 0.000374 0.169390 -0.041263 0.095089 0.995468 0.001554 0.514497 -0.984262 1 10 1.000000
  10 -0.044836 0.173568 0.048343 0.195090 0.980784 0.001562 0.481400 -0.933021 1 10 1.000000
chr009a01
  10 -0.088257 0.614829 0.048343 0.293099 -0.956081 0.001553 0.051138 -0.933021 1 10 1.000000
  10 -0.088204 0.614700 -0.041263 0.293099 -0.956081 0.001553 0.051138 -0.984262 1 10 1.000000
  10 -0.044809 0.628003 -0.041263 0.195090 -0.980784 0.001561 0.018040 -0.984262 1 10 1.000000
chr009a01
  10 -0.044836 0.628141 0.048343 0.195090 -0.980784 0.001561 0.018040 -0.933021 1 10 1.000000
  10 -0.088257 0.614829 0.048343 0.293099 -0.956081 0.001553 0.051138 -0.933021 1 10 1.000000
  10 -0.044809 0.628003 -0.041263 0.195090 -0.980784 0.001561 0.018040 -0.984262 1 10 1.000000
chr009a01
  10 0.045557 0.173705 -0.041263 -0.195090 0.980784 0.001561 0.547593 -0.984262 1 10 1.000000
  10 0.000374 0.169390 -0.041263 -0.095088 0.995468 0.001553 0.514497 -0.984262 1 10 1.000000
  10 0.000374 0.169250 0.048343 -0.095088 0.995468 0.001553 0.514497 -0.933021 1 10 1.000000
chr009a01
  10 0.045584 0.173568 0.048343 -0.195090 0.980784 0.001561 0.547593 -0.933021 1 10 1.000000
  10 0.045557 0.173705 -0.041263 -0.195090 0.980784 0.001561 0.547593 -0.984262 1 10 1.000000
  10 0.000374 0.169250 0.048343 -0.095088 0.995468 0.001553 0.514497 -0.933021 1 10 1.000000
chr009a01
  10 0.233683 0.556746 -0.040085 0.020939 0.013991 -0.999683 0.216623 -0.933021 1 10 1.000000
  10 0.275580 0.455596 -0.040085 0.024699 0.004913 -0.999683 0.282818 -0.933021 1 10 1.000000
  10 0.214220 0.489432 -0.041263 0.023633 0.009789 -0.999673 0.249720 -0.879307 1 10 1.000000
chr009a01
  10 0.275580 0.455596 -0.040085 0.024699 0.004913 -0.999683 0.282818 -0.933021 1 10 1.000000
  10 0.227523 0.446037 -0.041263 0.023559 0.004686 -0.999711 0.282818 -0.879307 1 10 1.000000
  10 0.214220 0.489432 -0.041263 0.023633 0.009789 -0.999673 0.249720 -0.879307 1 10 1.000000
chr009a01
  10 0.275580 0.455596 -0.040085 0.024699 0.004913 -0.999683 0.282818 -0.933021 1 10 1.000000
  10 0.231839 0.400854 -0.041263 0.025580 0.000000 -0.999673 0.315915 -0.879307 1 10 1.000000
  10 0.227523 0.446037 -0.041263 0.023559 0.004686 -0.999711 0.282818 -0.879307 1 10 1.000000
chr009a01
  10 0.275580 0.455596 -0.040085 0.024699 0.004913 -0.999683 0.282818 -0.933021 1 10 1.000000
  10 0.275580 0.346112 -0.040085 0.024699 -0.004913 -0.999683 0.349011 -0.933021 1 10 1.000000
  10 0.231839 0.400854 -0.041263 0.025580 0.000000 -0.999673 0.315915 -0.879307 1 10 1.000000
chr009a01
  10 0.275580 0.346112 -0.040085 0.024699 -0.004913 -0.999683 0.349011 -0.933021 1 10 1.000000
  10 0.227523 0.355672 -0.041263 0.023559 -0.004686 -0.999711 0.349011 -0.879307 1 10 1.000000
  10 0.231839 0.400854 -0.041263 0.025580 0.000000 -0.999673 0.315915 -0.879307 1 10 1.000000
chr009a01
  10 0.275580 0.346112 -0.040085 0.024699 -0.004913 -0.999683 0.349011 -0.933021 1 10 1.000000
  10 0.214220 0.312277 -0.041263 0.023633 -0.009789 -0.999673 0.382109 -0.879307 1 10 1.000000
  10 0.227523 0.355672 -0.041263 0.023559 -0.004686 -0.999711 0.349011 -0.879307 1 10 1.000000
chr009a01
  10 0.275580 0.346112 -0.040085 0.024699 -0.004913 -0.999683 0.349011 -0.933021 1 10 1.000000
  10 0.233683 0.244962 -0.040085 0.020939 -0.013991 -0.999683 0.415207 -0.933021 1 10 1.000000
  10 0.214220 0.312277 -0.041263 0.023633 -0.009789 -0.999673 0.382109 -0.879307 1 10 1.000000
chr009a01
  10 0.233683 0.244962 -0.040085 0.020939 -0.013991 -0.999683 0.415207 -0.933021 1 10 1.000000
  10 0.192942 0.272185 -0.041263 0.019973 -0.013345 -0.999711 0.415207 -0.879307 1 10 1.000000
  10 0.214220 0.312277 -0.041263 0.023633 -0.009789 -0.999673 0.382109 -0.879307 1 10 1.000000
chr009a01
  10 0.233683 0.244962 -0.040085 0.020939 -0.013991 -0.999683 0.415207 -0.933021 1 10 1.000000
  10 0.164044 0.237184 -0.041263 0.018088 -0.018088 -0.999673 0.448304 -0.879307 1 10 1.000000
  10 0.192942 0.272185 -0.041263 0.019973 -0.013345 -0.999711 0.415207 -0.879307 1 10 1.000000
chr009a01
  10 0.233683 0.244962 -0.040085 0.020939 -0.013991 -0.999683 0.415207 -0.933021 1 10 1.000000
  10 0.156266 0.167546 -0.040085 0.013991 -0.020939 -0.999683 0.481400 -0.933021 1 10 1.000000
  10 0.164044 0.237184 -0.041263 0.018088 -0.018088 -0.999673 0.448304 -0.879307 1 10 1.000000
chr009a01
  10 0.156266 0.167546 -0.040085 0.013991 -0.020939 -0.999683 0.481400 -0.933021 1 10 1.000000
  10 0.129044 0.208287 -0.041263 0.013345 -0.019973 -0.999711 0.481400 -0.879307 1 10 1.000000
  10 0.164044 0.237184 -0.041263 0.018088 -0.018088 -0.999673 0.448304 -0.879307 1 10 1.000000
chr009a01
  10 0.156266 0.167546 -0.040085 0.013991 -0.020939 -0.999683 0.481400 -0.933021 1 10 1.000000
  10 0.088952 0.187009 -0.041263 0.009789 -0.023633 -0.999673 0.514497 -0.879307 1 10 1.000000
  10 0.129044 0.208287 -0.041263 0.013345 -0.019973 -0.999711 0.481400 -0.879307 1 10 1.000000
chr009a01
  10 0.156266 0.167546 -0.040085 0.013991 -0.020939 -0.999683 0.481400 -0.933021 1 10 1.000000
  10 0.055116 0.125648 -0.040085 0.004913 -0.024699 -0.999683 0.547593 -0.933021 1 10 1.000000
  10 0.088952 0.187009 -0.041263 0.009789 -0.023633 -0.999673 0.514497 -0.879307 1 10 1.000000
chr009a01
  10 0.055116 0.125648 -0.040085 0.004913 -0.024699 -0.999683 0.547593 -0.933021 1 10 1.000000
  10 0.045557 0.173705 -0.041263 0.004686 -0.023559 -0.999711 0.547593 -0.879307 1 10 1.000000
  10 0.088952 0.187009 -0.041263 0.009789 -0.023633 -0.999673 0.514497 -0.879307 1 10 1.000000
chr009a01
  10 0.233683 0.556746 -0.040085 0.020939 0.013991 -0.999683 0.216623 -0.933021 1 10 1.000000
  10 0.214220 0.489432 -0.041263 0.023633 0.009789 -0.999673 0.249720 -0.879307 1 10 1.000000
  10 0.192942 0.529524 -0.041263 0.019973 0.013345 -0.999711 0.216623 -0.879307 1 10 1.000000
chr009a01
  10 0.233683 0.556746 -0.040085 0.020939 0.013991 -0.999683 0.216623 -0.933021 1 10 1.000000
  10 0.192942 0.529524 -0.041263 0.019973 0.013345 -0.999711 0.216623 -0.879307 1 10 1.000000
  10 0.164044 0.564525 -0.041263 0.018088 0.018088 -0.999673 0.183526 -0.879307 1 10 1.000000
chr009a01
  10 0.156266 0.634163 -0.040085 0.013170 0.023789 -0.999630 0.150429 -0.933021 1 10 1.000000
  10 0.233683 0.556746 -0.040085 0.020939 0.013991 -0.999683 0.216623 -0.933021 1 10 1.000000
  10 0.164044 0.564525 -0.041263 0.018088 0.018088 -0.999673 0.183526 -0.879307 1 10 1.000000
chr009a01
  10 0.156266 0.634163 -0.040085 0.013170 0.023789 -0.999630 0.150429 -0.933021 1 10 1.000000
  10 0.164044 0.564525 -0.041263 0.018088 0.018088 -0.999673 0.183526 -0.879307 1 10 1.000000
  10 0.129044 0.593422 -0.041263 0.013345 0.019973 -0.999711 0.150429 -0.879307 1 10 1.000000
chr009a01
  10 0.156266 0.634163 -0.040085 0.013170 0.023789 -0.999630 0.150429 -0.933021 1 10 1.000000
  10 0.129044 0.593422 -0.041263 0.013345 0.019973 -0.999711 0.150429 -0.879307 1 10 1.000000
  10 0.088952 0.614700 -0.041263 0.009108 0.033714 -0.999390 0.117333 -0.879307 1 10 1.000000
chr009a01
  10 0.054014 0.675965 -0.039263 0.005728 0.040734 -0.999154 0.084236 -0.933021 1 10 1.000000
  10 0.156266 0.634163 -0.040085 0.013170 0.023789 -0.999630 0.150429 -0.933021 1 10 1.000000
  10 0.088952 0.614700 -0.041263 0.009108 0.033714 -0.999390 0.117333 -0.879307 1 10 1.000000
chr009a01
  10 0.054014 0.675965 -0.039263 0.005728 0.040734 -0.999154 0.084236 -0.933021 1 10 1.000000
  10 0.088952 0.614700 -0.041263 0.009108 0.033714 -0.999390 0.117333 -0.879307 1 10 1.000000
  10 0.045557 0.628003 -0.041263 0.008069 0.040238 -0.999158 0.084236 -0.879307 1 10 1.000000
chr009a01
  10 0.054014 0.675965 -0.039263 0.005728 0.040734 -0.999154 0.084236 -0.933021 1 10 1.000000
  10 0.045557 0.628003 -0.041263 0.008069 0.040238 -0.999158 0.084236 -0.879307 1 10 1.000000
  10 0.000374 0.632319 -0.041263 0.000000 0.043527 -0.999052 0.051028 -0.879307 1 10 1.000000
chr009a01
  10 0.054014 0.675965 -0.039263 0.005728 0.040734 -0.999154 0.084236 -0.933021 1 10 1.000000
  10 0.000374 0.632319 -0.041263 0.000000 0.043527 -0.999052 0.051028 -0.879307 1 10 1.000000
  10 -0.053266 0.675965 -0.039263 -0.005728 0.040734 -0.999154 0.017819 -0.933021 1 10 1.000000
chr009a01
  10 0.000374 0.632319 -0.041263 0.000000 0.043527 -0.999052 0.051028 -0.879307 1 10 1.000000
  10 -0.044809 0.628003 -0.041263 -0.008069 0.040238 -0.999158 0.017819 -0.879307 1 10 1.000000
  10 -0.053266 0.675965 -0.039263 -0.005728 0.040734 -0.999154 0.017819 -0.933021 1 10 1.000000
chr009a01
  10 0.233683 0.556746 -0.040085 0.831916 0.554900 0.001232 0.216623 -0.984262 1 10 1.000000
  10 0.233096 0.557333 0.025830 0.830217 0.557439 0.001214 0.216121 -0.933021 1 10 1.000000
  10 0.275580 0.455596 0.025830 0.980643 0.195798 0.001223 0.282818 -0.933021 1 10 1.000000
chr009a01
  10 0.275580 0.455596 -0.040085 0.980643 0.195798 0.001223 0.282818 -0.984262 1 10 1.000000
  10 0.233683 0.556746 -0.040085 0.831916 0.554900 0.001232 0.216623 -0.984262 1 10 1.000000
  10 0.275580 0.455596 0.025830 0.980643 0.195798 0.001223 0.282818 -0.933021 1 10 1.000000
chr009a01
  10 0.275580 0.455596 -0.040085 0.980643 0.195798 0.001223 0.282818 -0.984262 1 10 1.000000
  10 0.275580 0.455596 0.025830 0.980643 0.195798 0.001223 0.282818 -0.933021 1 10 1.000000
  10 0.275580 0.346112 0.025830 0.980785 -0.195090 -0.000000 0.349011 -0.933021 1 10 1.000000
chr009a01
  10 0.275580 0.346112 -0.040085 0.980785 -0.195090 -0.000000 0.349011 -0.984262 1 10 1.000000
  10 0.275580 0.455596 -0.040085 0.980643 0.195798 0.001223 0.282818 -0.984262 1 10 1.000000
  10 0.275580 0.346112 0.025830 0.980785 -0.195090 -0.000000 0.349011 -0.933021 1 10 1.000000
chr009a01
  10 0.233683 0.556746 -0.040085 0.831916 0.554900 0.001232 0.216623 -0.984262 1 10 1.000000
  10 0.156266 0.634163 -0.040085 0.554049 0.832484 0.000000 0.150429 -0.984262 1 10 1.000000
  10 0.233096 0.557333 0.025830 0.830217 0.557439 0.001214 0.216121 -0.933021 1 10 1.000000
chr009a01
  10 0.156266 0.634163 -0.040085 0.554049 0.832484 0.000000 0.150429 -0.984262 1 10 1.000000
  10 0.156266 0.634163 0.025830 0.553783 0.832661 0.000000 0.150429 -0.933021 1 10 1.000000
  10 0.233096 0.557333 0.025830 0.830217 0.557439 0.001214 0.216121 -0.933021 1 10 1.000000
chr009a01
  10 0.156266 0.634163 -0.040085 0.554049 0.832484 0.000000 0.150429 -0.984262 1 10 1.000000
  10 0.054014 0.675965 -0.039263 0.378417 0.925635 0.000000 0.084236 -0.984262 1 10 1.000000
  10 0.156266 0.634163 0.025830 0.553783 0.832661 0.000000 0.150429 -0.933021 1 10 1.000000
chr009a01
  10 0.054014 0.675965 -0.039263 0.378417 0.925635 0.000000 0.084236 -0.984262 1 10 1.000000
  10 0.054014 0.675965 0.025555 0.378417 0.925635 0.000000 0.084236 -0.933021 1 10 1.000000
  10 0.156266 0.634163 0.025830 0.553783 0.832661 0.000000 0.150429 -0.933021 1 10 1.000000
chr009a01
  10 0.275580 0.346112 -0.040085 0.980785 -0.195090 -0.000000 0.349011 -0.984262 1 10 1.000000
  10 0.275580 0.346112 0.025830 0.980785 -0.195090 -0.000000 0.349011 -0.933021 1 10 1.000000
  10 0.233683 0.244962 0.025830 0.831470 -0.555570 -0.000000 0.415207 -0.933021 1 10 1.000000
chr009a01
  10 0.233683 0.244962 -0.040085 0.831470 -0.555570 -0.000000 0.415207 -0.984262 1 10 1.000000
  10 0.275580 0.346112 -0.040085 0.980785 -0.195090 -0.000000 0.349011 -0.984262 1 10 1.000000
  10 0.233683 0.244962 0.025830 0.831470 -0.555570 -0.000000 0.415207 -0.933021 1 10 1.000000
chr009a01
  10 0.233683 0.244962 -0.040085 0.831470 -0.555570 -0.000000 0.415207 -0.984262 1 10 1.000000
  10 0.233683 0.244962 0.025830 0.831470 -0.555570 -0.000000 0.415207 -0.933021 1 10 1.000000
  10 0.156266 0.167546 0.025830 0.555570 -0.831469 -0.000000 0.481400 -0.933021 1 10 1.000000
chr009a01
  10 0.156266 0.167546 -0.040085 0.555570 -0.831469 -0.000000 0.481400 -0.984262 1 10 1.000000
  10 0.233683 0.244962 -0.040085 0.831470 -0.555570 -0.000000 0.415207 -0.984262 1 10 1.000000
  10 0.156266 0.167546 0.025830 0.555570 -0.831469 -0.000000 0.481400 -0.933021 1 10 1.000000
chr009a01
  10 0.156266 0.167546 -0.040085 0.555570 -0.831469 -0.000000 0.481400 -0.984262 1 10 1.000000
  10 0.156266 0.167546 0.025830 0.555570 -0.831469 -0.000000 0.481400 -0.933021 1 10 1.000000
  10 0.055116 0.125648 0.025830 0.195090 -0.980785 -0.000000 0.547593 -0.933021 1 10 1.000000
chr009a01
  10 0.055116 0.125648 -0.040085 0.195090 -0.980785 -0.000000 0.547593 -0.984262 1 10 1.000000
  10 0.156266 0.167546 -0.040085 0.555570 -0.831469 -0.000000 0.481400 -0.984262 1 10 1.000000
  10 0.055116 0.125648 0.025830 0.195090 -0.980785 -0.000000 0.547593 -0.933021 1 10 1.000000
chr009a01
  10 0.233096 0.557333 0.025830 0.362781 0.243504 0.899497 0.216121 -0.933021 1 10 1.000000
  10 0.193058 0.529602 0.048343 0.349170 0.232770 0.907689 0.216623 -0.879307 1 10 1.000000
  10 0.214349 0.489486 0.048343 0.406609 0.169069 0.897822 0.249720 -0.879307 1 10 1.000000
chr009a01
  10 0.233096 0.557333 0.025830 0.362781 0.243504 0.899497 0.216121 -0.933021 1 10 1.000000
  10 0.164143 0.564624 0.048343 0.310629 0.310481 0.898394 0.183526 -0.879307 1 10 1.000000
  10 0.193058 0.529602 0.048343 0.349170 0.232770 0.907689 0.216623 -0.879307 1 10 1.000000
chr009a01
  10 0.233096 0.557333 0.025830 0.362781 0.243504 0.899497 0.216121 -0.933021 1 10 1.000000
  10 0.156266 0.634163 0.025830 0.241715 0.363985 0.899494 0.150429 -0.933021 1 10 1.000000
  10 0.164143 0.564624 0.048343 0.310629 0.310481 0.898394 0.183526 -0.879307 1 10 1.000000
chr009a01
  10 0.156266 0.634163 0.025830 0.241715 0.363985 0.899494 0.150429 -0.933021 1 10 1.000000
  10 0.129121 0.593538 0.048343 0.232502 0.347964 0.908220 0.150429 -0.879307 1 10 1.000000
  10 0.164143 0.564624 0.048343 0.310629 0.310481 0.898394 0.183526 -0.879307 1 10 1.000000
chr009a01
  10 0.156266 0.634163 0.025830 0.241715 0.363985 0.899494 0.150429 -0.933021 1 10 1.000000
  10 0.089005 0.614829 0.048343 0.167556 0.410350 0.896403 0.117333 -0.879307 1 10 1.000000
  10 0.129121 0.593538 0.048343 0.232502 0.347964 0.908220 0.150429 -0.879307 1 10 1.000000
chr009a01
  10 0.156266 0.634163 0.025830 0.241715 0.363985 0.899494 0.150429 -0.933021 1 10 1.000000
  10 0.054014 0.675965 0.025555 0.084193 0.433582 0.897172 0.084236 -0.933021 1 10 1.000000
  10 0.089005 0.614829 0.048343 0.167556 0.410350 0.896403 0.117333 -0.879307 1 10 1.000000
chr009a01
  10 0.054014 0.675965 0.025555 0.084193 0.433582 0.897172 0.084236 -0.933021 1 10 1.000000
  10 0.045584 0.628141 0.048343 0.083473 0.416618 0.905241 0.084236 -0.879307 1 10 1.000000
  10 0.089005 0.614829 0.048343 0.167556 0.410350 0.896403 0.117333 -0.879307 1 10 1.000000
chr009a01
  10 0.000374 0.632459 0.048343 0.000000 0.444301 0.895877 0.051028 -0.879307 1 10 1.000000
  10 0.045584 0.628141 0.048343 0.083473 0.416618 0.905241 0.084236 -0.879307 1 10 1.000000
  10 0.054014 0.675965 0.025555 0.084193 0.433582 0.897172 0.084236 -0.933021 1 10 1.000000
chr009a01
  10 -0.053266 0.675965 0.025555 -0.084192 0.433582 0.897172 0.017819 -0.933021 1 10 1.000000
  10 0.000374 0.632459 0.048343 0.000000 0.444301 0.895877 0.051028 -0.879307 1 10 1.000000
  10 0.054014 0.675965 0.025555 0.084193 0.433582 0.897172 0.084236 -0.933021 1 10 1.000000
chr009a01
  10 -0.053266 0.675965 0.025555 -0.084192 0.433582 0.897172 0.017819 -0.933021 1 10 1.000000
  10 -0.044836 0.628141 0.048343 -0.083473 0.416618 0.905241 0.017819 -0.879307 1 10 1.000000
  10 0.000374 0.632459 0.048343 0.000000 0.444301 0.895877 0.051028 -0.879307 1 10 1.000000
chr009a01
  10 0.275580 0.455596 0.025830 0.427832 0.085433 0.899812 0.282818 -0.933021 1 10 1.000000
  10 0.233096 0.557333 0.025830 0.362781 0.243504 0.899497 0.216121 -0.933021 1 10 1.000000
  10 0.214349 0.489486 0.048343 0.406609 0.169069 0.897822 0.249720 -0.879307 1 10 1.000000
chr009a01
  10 0.275580 0.455596 0.025830 0.427832 0.085433 0.899812 0.282818 -0.933021 1 10 1.000000
  10 0.214349 0.489486 0.048343 0.406609 0.169069 0.897822 0.249720 -0.879307 1 10 1.000000
  10 0.227660 0.446064 0.048343 0.410451 0.081643 0.908221 0.282818 -0.879307 1 10 1.000000
chr009a01
  10 0.275580 0.455596 0.025830 0.427832 0.085433 0.899812 0.282818 -0.933021 1 10 1.000000
  10 0.227660 0.446064 0.048343 0.410451 0.081643 0.908221 0.282818 -0.879307 1 10 1.000000
  10 0.231979 0.400854 0.048343 0.439144 -0.000000 0.898417 0.315915 -0.879307 1 10 1.000000
chr009a01
  10 0.275580 0.346112 0.025830 0.427626 -0.085060 0.899945 0.349011 -0.933021 1 10 1.000000
  10 0.275580 0.455596 0.025830 0.427832 0.085433 0.899812 0.282818 -0.933021 1 10 1.000000
  10 0.231979 0.400854 0.048343 0.439144 -0.000000 0.898417 0.315915 -0.879307 1 10 1.000000
chr009a01
  10 0.275580 0.346112 0.025830 0.427626 -0.085060 0.899945 0.349011 -0.933021 1 10 1.000000
  10 0.231979 0.400854 0.048343 0.439144 -0.000000 0.898417 0.315915 -0.879307 1 10 1.000000
  10 0.227660 0.355644 0.048343 0.410450 -0.081644 0.908221 0.349011 -0.879307 1 10 1.000000
chr009a01
  10 0.275580 0.346112 0.025830 0.427626 -0.085060 0.899945 0.349011 -0.933021 1 10 1.000000
  10 0.227660 0.355644 0.048343 0.410450 -0.081644 0.908221 0.349011 -0.879307 1 10 1.000000
  10 0.214349 0.312223 0.048343 0.405716 -0.168053 0.898417 0.382109 -0.879307 1 10 1.000000
chr009a01
  10 0.233683 0.244962 0.025830 0.362524 -0.242231 0.899945 0.415207 -0.933021 1 10 1.000000
  10 0.275580 0.346112 0.025830 0.427626 -0.085060 0.899945 0.349011 -0.933021 1 10 1.000000
  10 0.214349 0.312223 0.048343 0.405716 -0.168053 0.898417 0.382109 -0.879307 1 10 1.000000
chr009a01
  10 0.233683 0.244962 0.025830 0.362524 -0.242231 0.899945 0.415207 -0.933021 1 10 1.000000
  10 0.214349 0.312223 0.048343 0.405716 -0.168053 0.898417 0.382109 -0.879307 1 10 1.000000
  10 0.193058 0.272107 0.048343 0.347963 -0.232501 0.908221 0.415207 -0.879307 1 10 1.000000
chr009a01
  10 0.233683 0.244962 0.025830 0.362524 -0.242231 0.899945 0.415207 -0.933021 1 10 1.000000
  10 0.193058 0.272107 0.048343 0.347963 -0.232501 0.908221 0.415207 -0.879307 1 10 1.000000
  10 0.164143 0.237085 0.048343 0.310522 -0.310522 0.898417 0.448304 -0.879307 1 10 1.000000
chr009a01
  10 0.156266 0.167546 0.025830 0.242231 -0.362524 0.899945 0.481400 -0.933021 1 10 1.000000
  10 0.233683 0.244962 0.025830 0.362524 -0.242231 0.899945 0.415207 -0.933021 1 10 1.000000
  10 0.164143 0.237085 0.048343 0.310522 -0.310522 0.898417 0.448304 -0.879307 1 10 1.000000
chr009a01
  10 0.156266 0.167546 0.025830 0.242231 -0.362524 0.899945 0.481400 -0.933021 1 10 1.000000
  10 0.164143 0.237085 0.048343 0.310522 -0.310522 0.898417 0.448304 -0.879307 1 10 1.000000
  10 0.129121 0.208170 0.048343 0.232501 -0.347963 0.908221 0.481400 -0.879307 1 10 1.000000
chr009a01
  10 0.156266 0.167546 0.025830 0.242231 -0.362524 0.899945 0.481400 -0.933021 1 10 1.000000
  10 0.129121 0.208170 0.048343 0.232501 -0.347963 0.908221 0.481400 -0.879307 1 10 1.000000
  10 0.089005 0.186880 0.048343 0.168053 -0.405716 0.898417 0.514497 -0.879307 1 10 1.000000
chr009a01
  10 0.055116 0.125648 0.025830 0.085060 -0.427626 0.899945 0.547593 -0.933021 1 10 1.000000
  10 0.156266 0.167546 0.025830 0.242231 -0.362524 0.899945 0.481400 -0.933021 1 10 1.000000
  10 0.089005 0.186880 0.048343 0.168053 -0.405716 0.898417 0.514497 -0.879307 1 10 1.000000
chr009a01
  10 0.055116 0.125648 0.025830 0.085060 -0.427626 0.899945 0.547593 -0.933021 1 10 1.000000
  10 0.089005 0.186880 0.048343 0.168053 -0.405716 0.898417 0.514497 -0.879307 1 10 1.000000
  10 0.045584 0.173568 0.048343 0.081644 -0.410450 0.908221 0.547593 -0.879307 1 10 1.000000
chr009a01
  10 -0.232935 0.556746 -0.040085 -0.831470 0.555570 0.000000 0.150429 -0.984262 1 10 1.000000
  10 -0.232935 0.556746 0.025830 -0.831470 0.555570 0.000000 0.150429 -0.933021 1 10 1.000000
  10 -0.155518 0.634163 0.025830 -0.553783 0.832661 0.000000 0.084236 -0.933021 1 10 1.000000
chr009a01
  10 -0.155518 0.634163 -0.040085 -0.554049 0.832484 0.000000 0.084236 -0.984262 1 10 1.000000
  10 -0.232935 0.556746 -0.040085 -0.831470 0.555570 0.000000 0.150429 -0.984262 1 10 1.000000
  10 -0.155518 0.634163 0.025830 -0.553783 0.832661 0.000000 0.084236 -0.933021 1 10 1.000000
chr009a01
  10 -0.232935 0.556746 0.025830 -0.831470 0.555570 0.000000 0.150429 -0.933021 1 10 1.000000
  10 -0.232935 0.556746 -0.040085 -0.831470 0.555570 0.000000 0.150429 -0.984262 1 10 1.000000
  10 -0.274832 0.455596 0.025830 -0.980785 0.195090 0.000000 0.216623 -0.933021 1 10 1.000000
chr009a01
  10 -0.232935 0.556746 -0.040085 -0.831470 0.555570 0.000000 0.150429 -0.984262 1 10 1.000000
  10 -0.274832 0.455596 -0.040085 -0.980785 0.195090 0.000000 0.216623 -0.984262 1 10 1.000000
  10 -0.274832 0.455596 0.025830 -0.980785 0.195090 0.000000 0.216623 -0.933021 1 10 1.000000
chr009a01
  10 -0.053266 0.675965 -0.039263 -0.378416 0.925636 0.000000 0.018040 -0.984262 1 10 1.000000
  10 -0.155518 0.634163 -0.040085 -0.554049 0.832484 0.000000 0.084236 -0.984262 1 10 1.000000
  10 -0.155518 0.634163 0.025830 -0.553783 0.832661 0.000000 0.084236 -0.933021 1 10 1.000000
chr009a01
  10 -0.053266 0.675965 0.025555 -0.378416 0.925636 0.000000 0.018040 -0.933021 1 10 1.000000
  10 -0.053266 0.675965 -0.039263 -0.378416 0.925636 0.000000 0.018040 -0.984262 1 10 1.000000
  10 -0.155518 0.634163 0.025830 -0.553783 0.832661 0.000000 0.084236 -0.933021 1 10 1.000000
chr009a01
  10 -0.274832 0.455596 0.025830 -0.980785 0.195090 0.000000 0.216623 -0.933021 1 10 1.000000
  10 -0.274832 0.455596 -0.040085 -0.980785 0.195090 0.000000 0.216623 -0.984262 1 10 1.000000
  10 -0.274832 0.346113 -0.040085 -0.980785 -0.195090 -0.000000 0.282818 -0.984262 1 10 1.000000
chr009a01
  10 -0.274832 0.346113 0.025830 -0.980785 -0.195090 -0.000000 0.282818 -0.933021 1 10 1.000000
  10 -0.274832 0.455596 0.025830 -0.980785 0.195090 0.000000 0.216623 -0.933021 1 10 1.000000
  10 -0.274832 0.346113 -0.040085 -0.980785 -0.195090 -0.000000 0.282818 -0.984262 1 10 1.000000
chr009a01
  10 -0.274832 0.346113 -0.040085 -0.980785 -0.195090 -0.000000 0.282818 -0.984262 1 10 1.000000
  10 -0.232935 0.244962 -0.040085 -0.831470 -0.555570 -0.000000 0.349011 -0.984262 1 10 1.000000
  10 -0.274832 0.346113 0.025830 -0.980785 -0.195090 -0.000000 0.282818 -0.933021 1 10 1.000000
chr009a01
  10 -0.232935 0.244962 -0.040085 -0.831470 -0.555570 -0.000000 0.349011 -0.984262 1 10 1.000000
  10 -0.232935 0.244962 0.025830 -0.831470 -0.555570 -0.000000 0.349011 -0.933021 1 10 1.000000
  10 -0.274832 0.346113 0.025830 -0.980785 -0.195090 -0.000000 0.282818 -0.933021 1 10 1.000000
chr009a01
  10 -0.232935 0.244962 -0.040085 -0.831470 -0.555570 -0.000000 0.349011 -0.984262 1 10 1.000000
  10 -0.155518 0.167546 -0.040085 -0.555570 -0.831470 -0.000000 0.415207 -0.984262 1 10 1.000000
  10 -0.232935 0.244962 0.025830 -0.831470 -0.555570 -0.000000 0.349011 -0.933021 1 10 1.000000
chr009a01
  10 -0.155518 0.167546 -0.040085 -0.555570 -0.831470 -0.000000 0.415207 -0.984262 1 10 1.000000
  10 -0.155518 0.167546 0.025830 -0.555570 -0.831470 -0.000000 0.415207 -0.933021 1 10 1.000000
  10 -0.232935 0.244962 0.025830 -0.831470 -0.555570 -0.000000 0.349011 -0.933021 1 10 1.000000
chr009a01
  10 -0.155518 0.167546 -0.040085 -0.555570 -0.831470 -0.000000 0.415207 -0.984262 1 10 1.000000
  10 -0.054368 0.125648 -0.040085 -0.195091 -0.980785 -0.000000 0.481400 -0.984262 1 10 1.000000
  10 -0.155518 0.167546 0.025830 -0.555570 -0.831470 -0.000000 0.415207 -0.933021 1 10 1.000000
chr009a01
  10 -0.054368 0.125648 -0.040085 -0.195091 -0.980785 -0.000000 0.481400 -0.984262 1 10 1.000000
  10 0.055116 0.125648 -0.040085 0.195090 -0.980785 -0.000000 0.547593 -0.984262 1 10 1.000000
  10 -0.054368 0.125648 0.025830 -0.195091 -0.980785 -0.000000 0.481400 -0.933021 1 10 1.000000
chr009a01
  10 0.055116 0.125648 -0.040085 0.195090 -0.980785 -0.000000 0.547593 -0.984262 1 10 1.000000
  10 0.055116 0.125648 0.025830 0.195090 -0.980785 -0.000000 0.547593 -0.933021 1 10 1.000000
  10 -0.054368 0.125648 0.025830 -0.195091 -0.980785 -0.000000 0.481400 -0.933021 1 10 1.000000
chr009a01
  10 -0.054368 0.125648 -0.040085 -0.195091 -0.980785 -0.000000 0.481400 -0.984262 1 10 1.000000
  10 -0.054368 0.125648 0.025830 -0.195091 -0.980785 -0.000000 0.481400 -0.933021 1 10 1.000000
  10 -0.155518 0.167546 0.025830 -0.555570 -0.831470 -0.000000 0.415207 -0.933021 1 10 1.000000
chr009a01
  10 -0.054368 0.125648 0.025830 -0.085060 -0.427627 0.899945 0.481400 -0.933021 1 10 1.000000
  10 0.055116 0.125648 0.025830 0.085060 -0.427626 0.899945 0.547593 -0.933021 1 10 1.000000
  10 0.000374 0.169250 0.048343 0.000000 -0.439144 0.898417 0.514497 -0.879307 1 10 1.000000
chr009a01
  10 0.055116 0.125648 0.025830 0.085060 -0.427626 0.899945 0.547593 -0.933021 1 10 1.000000
  10 0.045584 0.173568 0.048343 0.081644 -0.410450 0.908221 0.547593 -0.879307 1 10 1.000000
  10 0.000374 0.169250 0.048343 0.000000 -0.439144 0.898417 0.514497 -0.879307 1 10 1.000000
chr009a01
  10 -0.054368 0.125648 0.025830 -0.085060 -0.427627 0.899945 0.481400 -0.933021 1 10 1.000000
  10 0.000374 0.169250 0.048343 0.000000 -0.439144 0.898417 0.514497 -0.879307 1 10 1.000000
  10 -0.044836 0.173568 0.048343 -0.081644 -0.410450 0.908221 0.481400 -0.879307 1 10 1.000000
chr009a01
  10 -0.054368 0.125648 0.025830 -0.085060 -0.427627 0.899945 0.481400 -0.933021 1 10 1.000000
  10 -0.044836 0.173568 0.048343 -0.081644 -0.410450 0.908221 0.481400 -0.879307 1 10 1.000000
  10 -0.088257 0.186880 0.048343 -0.168053 -0.405717 0.898416 0.448304 -0.879307 1 10 1.000000
chr009a01
  10 -0.155518 0.167546 0.025830 -0.243962 -0.350852 0.904094 0.415207 -0.933021 1 10 1.000000
  10 -0.054368 0.125648 0.025830 -0.085060 -0.427627 0.899945 0.481400 -0.933021 1 10 1.000000
  10 -0.088257 0.186880 0.048343 -0.168053 -0.405717 0.898416 0.448304 -0.879307 1 10 1.000000
chr009a01
  10 -0.155518 0.167546 0.025830 -0.243962 -0.350852 0.904094 0.415207 -0.933021 1 10 1.000000
  10 -0.088257 0.186880 0.048343 -0.168053 -0.405717 0.898416 0.448304 -0.879307 1 10 1.000000
  10 -0.128373 0.208170 0.048343 -0.250651 -0.335715 0.908003 0.415207 -0.879307 1 10 1.000000
chr009a01
  10 -0.155518 0.167546 0.025830 -0.243962 -0.350852 0.904094 0.415207 -0.933021 1 10 1.000000
  10 -0.128373 0.208170 0.048343 -0.250651 -0.335715 0.908003 0.415207 -0.879307 1 10 1.000000
  10 -0.160342 0.240139 0.048343 -0.300676 -0.300676 0.905090 0.382109 -0.879307 1 10 1.000000
chr009a01
  10 -0.232935 0.244962 0.025830 -0.350852 -0.243962 0.904094 0.349011 -0.933021 1 10 1.000000
  10 -0.155518 0.167546 0.025830 -0.243962 -0.350852 0.904094 0.415207 -0.933021 1 10 1.000000
  10 -0.160342 0.240139 0.048343 -0.300676 -0.300676 0.905090 0.382109 -0.879307 1 10 1.000000
chr009a01
  10 -0.232935 0.244962 0.025830 -0.350852 -0.243962 0.904094 0.349011 -0.933021 1 10 1.000000
  10 -0.160342 0.240139 0.048343 -0.300676 -0.300676 0.905090 0.382109 -0.879307 1 10 1.000000
  10 -0.192310 0.272107 0.048343 -0.335715 -0.250651 0.908003 0.349011 -0.879307 1 10 1.000000
chr009a01
  10 -0.232935 0.244962 0.025830 -0.350852 -0.243962 0.904094 0.349011 -0.933021 1 10 1.000000
  10 -0.192310 0.272107 0.048343 -0.335715 -0.250651 0.908003 0.349011 -0.879307 1 10 1.000000
  10 -0.213601 0.312223 0.048343 -0.405717 -0.168053 0.898416 0.315915 -0.879307 1 10 1.000000
chr009a01
  10 -0.274832 0.346113 0.025830 -0.427627 -0.085060 0.899944 0.282818 -0.933021 1 10 1.000000
  10 -0.232935 0.244962 0.025830 -0.350852 -0.243962 0.904094 0.349011 -0.933021 1 10 1.000000
  10 -0.213601 0.312223 0.048343 -0.405717 -0.168053 0.898416 0.315915 -0.879307 1 10 1.000000
chr009a01
  10 -0.274832 0.346113 0.025830 -0.427627 -0.085060 0.899944 0.282818 -0.933021 1 10 1.000000
  10 -0.213601 0.312223 0.048343 -0.405717 -0.168053 0.898416 0.315915 -0.879307 1 10 1.000000
  10 -0.226912 0.355644 0.048343 -0.410451 -0.081644 0.908220 0.282818 -0.879307 1 10 1.000000
chr009a01
  10 -0.274832 0.346113 0.025830 -0.427627 -0.085060 0.899944 0.282818 -0.933021 1 10 1.000000
  10 -0.226912 0.355644 0.048343 -0.410451 -0.081644 0.908220 0.282818 -0.879307 1 10 1.000000
  10 -0.231231 0.400854 0.048343 -0.439145 -0.000000 0.898416 0.249720 -0.879307 1 10 1.000000
chr009a01
  10 -0.274832 0.455596 0.025830 -0.427627 0.085060 0.899945 0.216623 -0.933021 1 10 1.000000
  10 -0.274832 0.346113 0.025830 -0.427627 -0.085060 0.899944 0.282818 -0.933021 1 10 1.000000
  10 -0.231231 0.400854 0.048343 -0.439145 -0.000000 0.898416 0.249720 -0.879307 1 10 1.000000
chr009a01
  10 -0.274832 0.455596 0.025830 -0.427627 0.085060 0.899945 0.216623 -0.933021 1 10 1.000000
  10 -0.231231 0.400854 0.048343 -0.439145 -0.000000 0.898416 0.249720 -0.879307 1 10 1.000000
  10 -0.226912 0.446064 0.048343 -0.410450 0.081643 0.908221 0.216623 -0.879307 1 10 1.000000
chr009a01
  10 -0.274832 0.455596 0.025830 -0.427627 0.085060 0.899945 0.216623 -0.933021 1 10 1.000000
  10 -0.226912 0.446064 0.048343 -0.410450 0.081643 0.908221 0.216623 -0.879307 1 10 1.000000
  10 -0.213601 0.489486 0.048343 -0.405717 0.168053 0.898417 0.183526 -0.879307 1 10 1.000000
chr009a01
  10 -0.274832 0.455596 0.025830 -0.427627 0.085060 0.899945 0.216623 -0.933021 1 10 1.000000
  10 -0.213601 0.489486 0.048343 -0.405717 0.168053 0.898417 0.183526 -0.879307 1 10 1.000000
  10 -0.232935 0.556746 0.025830 -0.362525 0.242231 0.899944 0.150429 -0.933021 1 10 1.000000
chr009a01
  10 -0.213601 0.489486 0.048343 -0.405717 0.168053 0.898417 0.183526 -0.879307 1 10 1.000000
  10 -0.192310 0.529602 0.048343 -0.347964 0.232501 0.908220 0.150429 -0.879307 1 10 1.000000
  10 -0.232935 0.556746 0.025830 -0.362525 0.242231 0.899944 0.150429 -0.933021 1 10 1.000000
chr009a01
  10 -0.232935 0.556746 0.025830 -0.362525 0.242231 0.899944 0.150429 -0.933021 1 10 1.000000
  10 -0.192310 0.529602 0.048343 -0.347964 0.232501 0.908220 0.150429 -0.879307 1 10 1.000000
  10 -0.163395 0.564624 0.048343 -0.310522 0.310522 0.898416 0.117333 -0.879307 1 10 1.000000
chr009a01
  10 -0.155518 0.634163 0.025830 -0.241715 0.363984 0.899494 0.084236 -0.933021 1 10 1.000000
  10 -0.232935 0.556746 0.025830 -0.362525 0.242231 0.899944 0.150429 -0.933021 1 10 1.000000
  10 -0.163395 0.564624 0.048343 -0.310522 0.310522 0.898416 0.117333 -0.879307 1 10 1.000000
chr009a01
  10 -0.155518 0.634163 0.025830 -0.241715 0.363984 0.899494 0.084236 -0.933021 1 10 1.000000
  10 -0.163395 0.564624 0.048343 -0.310522 0.310522 0.898416 0.117333 -0.879307 1 10 1.000000
  10 -0.128373 0.593538 0.048343 -0.232502 0.347963 0.908221 0.084236 -0.879307 1 10 1.000000
chr009a01
  10 -0.088257 0.614829 0.048343 -0.167556 0.410350 0.896403 0.051028 -0.879307 1 10 1.000000
  10 -0.044836 0.628141 0.048343 -0.083473 0.416618 0.905241 0.017819 -0.879307 1 10 1.000000
  10 -0.053266 0.675965 0.025555 -0.084192 0.433582 0.897172 0.017819 -0.933021 1 10 1.000000
chr009a01
  10 -0.155518 0.634163 0.025830 -0.241715 0.363984 0.899494 0.084236 -0.933021 1 10 1.000000
  10 -0.088257 0.614829 0.048343 -0.167556 0.410350 0.896403 0.051028 -0.879307 1 10 1.000000
  10 -0.053266 0.675965 0.025555 -0.084192 0.433582 0.897172 0.017819 -0.933021 1 10 1.000000
chr009a01
  10 -0.155518 0.634163 0.025830 -0.241715 0.363984 0.899494 0.084236 -0.933021 1 10 1.000000
  10 -0.128373 0.593538 0.048343 -0.232502 0.347963 0.908221 0.084236 -0.879307 1 10 1.000000
  10 -0.088257 0.614829 0.048343 -0.167556 0.410350 0.896403 0.051028 -0.879307 1 10 1.000000
chr009a01
  10 0.055116 0.125648 -0.040085 0.004913 -0.024699 -0.999683 0.547593 -0.933021 1 10 1.000000
  10 -0.054368 0.125648 -0.040085 -0.004913 -0.024699 -0.999683 0.481400 -0.933021 1 10 1.000000
  10 0.000374 0.169390 -0.041263 0.000000 -0.025580 -0.999673 0.514497 -0.879307 1 10 1.000000
chr009a01
  10 0.055116 0.125648 -0.040085 0.004913 -0.024699 -0.999683 0.547593 -0.933021 1 10 1.000000
  10 0.000374 0.169390 -0.041263 0.000000 -0.025580 -0.999673 0.514497 -0.879307 1 10 1.000000
  10 0.045557 0.173705 -0.041263 0.004686 -0.023559 -0.999711 0.547593 -0.879307 1 10 1.000000
chr009a01
  10 -0.054368 0.125648 -0.040085 -0.004913 -0.024699 -0.999683 0.481400 -0.933021 1 10 1.000000
  10 -0.044809 0.173706 -0.041263 -0.004686 -0.023559 -0.999711 0.481400 -0.879307 1 10 1.000000
  10 0.000374 0.169390 -0.041263 0.000000 -0.025580 -0.999673 0.514497 -0.879307 1 10 1.000000
chr009a01
  10 -0.054368 0.125648 -0.040085 -0.004913 -0.024699 -0.999683 0.481400 -0.933021 1 10 1.000000
  10 -0.088204 0.187009 -0.041263 -0.009789 -0.023633 -0.999673 0.448304 -0.879307 1 10 1.000000
  10 -0.044809 0.173706 -0.041263 -0.004686 -0.023559 -0.999711 0.481400 -0.879307 1 10 1.000000
chr009a01
  10 -0.054368 0.125648 -0.040085 -0.004913 -0.024699 -0.999683 0.481400 -0.933021 1 10 1.000000
  10 -0.155518 0.167546 -0.040085 -0.014068 -0.020189 -0.999697 0.415207 -0.933021 1 10 1.000000
  10 -0.088204 0.187009 -0.041263 -0.009789 -0.023633 -0.999673 0.448304 -0.879307 1 10 1.000000
chr009a01
  10 -0.155518 0.167546 -0.040085 -0.014068 -0.020189 -0.999697 0.415207 -0.933021 1 10 1.000000
  10 -0.128295 0.208287 -0.041263 -0.014401 -0.019267 -0.999711 0.415207 -0.879307 1 10 1.000000
  10 -0.088204 0.187009 -0.041263 -0.009789 -0.023633 -0.999673 0.448304 -0.879307 1 10 1.000000
chr009a01
  10 -0.155518 0.167546 -0.040085 -0.014068 -0.020189 -0.999697 0.415207 -0.933021 1 10 1.000000
  10 -0.160244 0.240236 -0.041263 -0.017318 -0.017318 -0.999700 0.382109 -0.879307 1 10 1.000000
  10 -0.128295 0.208287 -0.041263 -0.014401 -0.019267 -0.999711 0.415207 -0.879307 1 10 1.000000
chr009a01
  10 -0.155518 0.167546 -0.040085 -0.014068 -0.020189 -0.999697 0.415207 -0.933021 1 10 1.000000
  10 -0.232935 0.244962 -0.040085 -0.020189 -0.014068 -0.999697 0.349011 -0.933021 1 10 1.000000
  10 -0.160244 0.240236 -0.041263 -0.017318 -0.017318 -0.999700 0.382109 -0.879307 1 10 1.000000
chr009a01
  10 -0.232935 0.244962 -0.040085 -0.020189 -0.014068 -0.999697 0.349011 -0.933021 1 10 1.000000
  10 -0.192194 0.272185 -0.041263 -0.019267 -0.014401 -0.999711 0.349011 -0.879307 1 10 1.000000
  10 -0.160244 0.240236 -0.041263 -0.017318 -0.017318 -0.999700 0.382109 -0.879307 1 10 1.000000
chr009a01
  10 -0.232935 0.244962 -0.040085 -0.020189 -0.014068 -0.999697 0.349011 -0.933021 1 10 1.000000
  10 -0.213472 0.312277 -0.041263 -0.023633 -0.009789 -0.999673 0.315915 -0.879307 1 10 1.000000
  10 -0.192194 0.272185 -0.041263 -0.019267 -0.014401 -0.999711 0.349011 -0.879307 1 10 1.000000
chr009a01
  10 -0.232935 0.244962 -0.040085 -0.020189 -0.014068 -0.999697 0.349011 -0.933021 1 10 1.000000
  10 -0.274832 0.346113 -0.040085 -0.024699 -0.004913 -0.999683 0.282818 -0.933021 1 10 1.000000
  10 -0.213472 0.312277 -0.041263 -0.023633 -0.009789 -0.999673 0.315915 -0.879307 1 10 1.000000
chr009a01
  10 -0.274832 0.346113 -0.040085 -0.024699 -0.004913 -0.999683 0.282818 -0.933021 1 10 1.000000
  10 -0.226775 0.355672 -0.041263 -0.023559 -0.004686 -0.999711 0.282818 -0.879307 1 10 1.000000
  10 -0.213472 0.312277 -0.041263 -0.023633 -0.009789 -0.999673 0.315915 -0.879307 1 10 1.000000
chr009a01
  10 -0.274832 0.346113 -0.040085 -0.024699 -0.004913 -0.999683 0.282818 -0.933021 1 10 1.000000
  10 -0.231091 0.400854 -0.041263 -0.025580 0.000000 -0.999673 0.249720 -0.879307 1 10 1.000000
  10 -0.226775 0.355672 -0.041263 -0.023559 -0.004686 -0.999711 0.282818 -0.879307 1 10 1.000000
chr009a01
  10 -0.274832 0.346113 -0.040085 -0.024699 -0.004913 -0.999683 0.282818 -0.933021 1 10 1.000000
  10 -0.274832 0.455596 -0.040085 -0.024699 0.004913 -0.999683 0.216623 -0.933021 1 10 1.000000
  10 -0.231091 0.400854 -0.041263 -0.025580 0.000000 -0.999673 0.249720 -0.879307 1 10 1.000000
chr009a01
  10 -0.274832 0.455596 -0.040085 -0.024699 0.004913 -0.999683 0.216623 -0.933021 1 10 1.000000
  10 -0.226775 0.446037 -0.041263 -0.023559 0.004686 -0.999711 0.216623 -0.879307 1 10 1.000000
  10 -0.231091 0.400854 -0.041263 -0.025580 0.000000 -0.999673 0.249720 -0.879307 1 10 1.000000
chr009a01
  10 -0.274832 0.455596 -0.040085 -0.024699 0.004913 -0.999683 0.216623 -0.933021 1 10 1.000000
  10 -0.213472 0.489432 -0.041263 -0.023633 0.009789 -0.999673 0.183526 -0.879307 1 10 1.000000
  10 -0.226775 0.446037 -0.041263 -0.023559 0.004686 -0.999711 0.216623 -0.879307 1 10 1.000000
chr009a01
  10 -0.274832 0.455596 -0.040085 -0.024699 0.004913 -0.999683 0.216623 -0.933021 1 10 1.000000
  10 -0.232935 0.556746 -0.040085 -0.020939 0.013991 -0.999683 0.150429 -0.933021 1 10 1.000000
  10 -0.213472 0.489432 -0.041263 -0.023633 0.009789 -0.999673 0.183526 -0.879307 1 10 1.000000
chr009a01
  10 -0.232935 0.556746 -0.040085 -0.020939 0.013991 -0.999683 0.150429 -0.933021 1 10 1.000000
  10 -0.192193 0.529524 -0.041263 -0.019973 0.013345 -0.999711 0.150429 -0.879307 1 10 1.000000
  10 -0.213472 0.489432 -0.041263 -0.023633 0.009789 -0.999673 0.183526 -0.879307 1 10 1.000000
chr009a01
  10 -0.232935 0.556746 -0.040085 -0.020939 0.013991 -0.999683 0.150429 -0.933021 1 10 1.000000
  10 -0.163296 0.564525 -0.041263 -0.018088 0.018088 -0.999673 0.117333 -0.879307 1 10 1.000000
  10 -0.192193 0.529524 -0.041263 -0.019973 0.013345 -0.999711 0.150429 -0.879307 1 10 1.000000
chr009a01
  10 -0.232935 0.556746 -0.040085 -0.020939 0.013991 -0.999683 0.150429 -0.933021 1 10 1.000000
  10 -0.155518 0.634163 -0.040085 -0.013170 0.023789 -0.999630 0.084236 -0.933021 1 10 1.000000
  10 -0.163296 0.564525 -0.041263 -0.018088 0.018088 -0.999673 0.117333 -0.879307 1 10 1.000000
chr009a01
  10 -0.155518 0.634163 -0.040085 -0.013170 0.023789 -0.999630 0.084236 -0.933021 1 10 1.000000
  10 -0.128295 0.593422 -0.041263 -0.013345 0.019973 -0.999711 0.084236 -0.879307 1 10 1.000000
  10 -0.163296 0.564525 -0.041263 -0.018088 0.018088 -0.999673 0.117333 -0.879307 1 10 1.000000
chr009a01
  10 -0.053266 0.675965 -0.039263 -0.005728 0.040734 -0.999154 0.017819 -0.933021 1 10 1.000000
  10 -0.044809 0.628003 -0.041263 -0.008069 0.040238 -0.999158 0.017819 -0.879307 1 10 1.000000
  10 -0.088204 0.614700 -0.041263 -0.009108 0.033714 -0.999390 0.051028 -0.879307 1 10 1.000000
chr009a01
  10 -0.088204 0.614700 -0.041263 -0.009108 0.033714 -0.999390 0.051028 -0.879307 1 10 1.000000
  10 -0.128295 0.593422 -0.041263 -0.013345 0.019973 -0.999711 0.084236 -0.879307 1 10 1.000000
  10 -0.155518 0.634163 -0.040085 -0.013170 0.023789 -0.999630 0.084236 -0.933021 1 10 1.000000
chr009a01
  10 -0.053266 0.675965 -0.039263 -0.005728 0.040734 -0.999154 0.017819 -0.933021 1 10 1.000000
  10 -0.088204 0.614700 -0.041263 -0.009108 0.033714 -0.999390 0.051028 -0.879307 1 10 1.000000
  10 -0.155518 0.634163 -0.040085 -0.013170 0.023789 -0.999630 0.084236 -0.933021 1 10 1.000000
chr009a01
  10 0.054014 0.675965 -0.039263 0.000000 1.000000 0.000000 0.084236 -0.984262 1 10 1.000000
  10 -0.053266 0.675965 -0.039263 0.000000 1.000000 0.000000 0.018040 -0.984262 1 10 1.000000
  10 -0.053266 0.675965 0.025555 0.000000 1.000000 0.000000 0.018040 -0.933021 1 10 1.000000
chr009a01
  10 0.054014 0.675965 0.025555 0.000000 1.000000 0.000000 0.084236 -0.933021 1 10 1.000000
  10 0.054014 0.675965 -0.039263 0.000000 1.000000 0.000000 0.084236 -0.984262 1 10 1.000000
  10 -0.053266 0.675965 0.025555 0.000000 1.000000 0.000000 0.018040 -0.933021 1 10 1.000000
chr009a01
  10 -0.042371 0.738563 -0.034383 0.000000 0.077720 -0.996975 0.818309 -0.899172 1 10 1.000000
  10 0.043119 0.738563 -0.034383 0.000000 0.077720 -0.996975 0.910226 -0.899172 1 10 1.000000
  11 0.054014 0.675965 -0.039263 0.000000 0.077720 -0.996975 0.910226 -0.973315 1 11 1.000000
chr009a01
  11 -0.053266 0.675965 -0.039263 0.000000 0.077720 -0.996975 0.818309 -0.973315 1 11 1.000000
  10 -0.042371 0.738563 -0.034383 0.000000 0.077720 -0.996975 0.818309 -0.899172 1 10 1.000000
  11 0.054014 0.675965 -0.039263 0.000000 0.077720 -0.996975 0.910226 -0.973315 1 11 1.000000
chr009a01
  7 0.054014 0.675965 0.025555 0.000000 0.131117 0.991367 0.910226 -0.973315 1 7 1.000000
  10 0.043119 0.738563 0.017276 0.000000 0.131117 0.991367 0.910226 -0.899172 1 10 1.000000
  10 -0.042371 0.738563 0.017276 0.000000 0.131117 0.991367 0.818309 -0.899172 1 10 1.000000
chr009a01
  7 -0.053266 0.675965 0.025555 0.000000 0.131117 0.991367 0.818309 -0.973315 1 7 1.000000
  7 0.054014 0.675965 0.025555 0.000000 0.131117 0.991367 0.910226 -0.973315 1 7 1.000000
  10 -0.042371 0.738563 0.017276 0.000000 0.131117 0.991367 0.818309 -0.899172 1 10 1.000000
chr009a01
  7 -0.053266 0.675965 0.025555 -0.985191 0.171463 0.000000 0.910226 -0.973315 1 7 1.000000
  10 -0.042371 0.738563 0.017276 -0.985191 0.171463 0.000000 0.910226 -0.899172 1 10 1.000000
  10 -0.042371 0.738563 -0.034383 -0.985191 0.171463 0.000000 0.986058 -0.899172 1 10 1.000000
chr009a01
  11 -0.053266 0.675965 -0.039263 -0.985191 0.171463 0.000000 0.986058 -0.973315 1 11 1.000000
  7 -0.053266 0.675965 0.025555 -0.985191 0.171463 0.000000 0.910226 -0.973315 1 7 1.000000
  10 -0.042371 0.738563 -0.034383 -0.985191 0.171463 0.000000 0.986058 -0.899172 1 10 1.000000
chr009a01
  10 0.043119 0.738563 -0.034383 0.985190 0.171464 0.000000 0.986058 -0.899172 1 10 1.000000
  10 0.043119 0.738563 0.017276 0.985190 0.171464 0.000000 0.910226 -0.899172 1 10 1.000000
  7 0.054014 0.675965 0.025555 0.985190 0.171464 0.000000 0.910226 -0.973315 1 7 1.000000
chr009a01
  11 0.054014 0.675965 -0.039263 0.985190 0.171464 0.000000 0.986058 -0.973315 1 11 1.000000
  10 0.043119 0.738563 -0.034383 0.985190 0.171464 0.000000 0.986058 -0.899172 1 10 1.000000
  7 0.054014 0.675965 0.025555 0.985190 0.171464 0.000000 0.910226 -0.973315 1 7 1.000000
chr009a01
  10 -0.042371 0.738563 0.017276 0.000000 1.000000 0.000000 0.818309 -0.899172 1 10 1.000000
  10 0.043119 0.738563 0.017276 0.000000 1.000000 0.000000 0.910226 -0.899172 1 10 1.000000
  10 0.043119 0.738563 -0.034383 0.000000 1.000000 0.000000 0.910226 -0.843266 1 10 1.000000
chr009a01
  10 -0.042371 0.738563 -0.034383 0.000000 1.000000 0.000000 0.818309 -0.843266 1 10 1.000000
  10 -0.042371 0.738563 0.017276 0.000000 1.000000 0.000000 0.818309 -0.899172 1 10 1.000000
  10 0.043119 0.738563 -0.034383 0.000000 1.000000 0.000000 0.910226 -0.843266 1 10 1.000000
chr009a01
  10 0.208491 0.669834 -0.034383 0.043127 0.043127 -0.998138 0.818309 -0.899172 1 10 1.000000
  10 0.268942 0.609383 -0.034383 0.043127 0.043127 -0.998138 0.910226 -0.899172 1 10 1.000000
  10 0.228914 0.555506 -0.038440 0.043127 0.043127 -0.998138 0.910226 -0.973315 1 10 1.000000
chr009a01
  10 0.154614 0.629806 -0.038440 0.043127 0.043127 -0.998138 0.818309 -0.973315 1 10 1.000000
  10 0.208491 0.669834 -0.034383 0.043127 0.043127 -0.998138 0.818309 -0.899172 1 10 1.000000
  10 0.228914 0.555506 -0.038440 0.043127 0.043127 -0.998138 0.910226 -0.973315 1 10 1.000000
chr009a01
  10 0.228914 0.555506 0.025281 0.084630 0.084630 0.992812 0.910226 -0.973315 1 10 1.000000
  10 0.268942 0.609383 0.017276 0.084630 0.084630 0.992812 0.910226 -0.899172 1 10 1.000000
  10 0.208491 0.669834 0.017276 0.084630 0.084630 0.992812 0.818309 -0.899172 1 10 1.000000
chr009a01
  10 0.154614 0.629806 0.025281 0.084630 0.084630 0.992812 0.818309 -0.973315 1 10 1.000000
  10 0.228914 0.555506 0.025281 0.084630 0.084630 0.992812 0.910226 -0.973315 1 10 1.000000
  10 0.208491 0.669834 0.017276 0.084630 0.084630 0.992812 0.818309 -0.899172 1 10 1.000000
chr009a01
  10 0.154614 0.629806 0.025281 -0.596375 0.802706 0.000000 0.910226 -0.973315 1 10 1.000000
  10 0.208491 0.669834 0.017276 -0.596375 0.802706 0.000000 0.910226 -0.899172 1 10 1.000000
  10 0.208491 0.669834 -0.034383 -0.596375 0.802706 0.000000 0.986058 -0.899172 1 10 1.000000
chr009a01
  10 0.154614 0.629806 -0.038440 -0.596375 0.802706 0.000000 0.986058 -0.973315 1 10 1.000000
  10 0.154614 0.629806 0.025281 -0.596375 0.802706 0.000000 0.910226 -0.973315 1 10 1.000000
  10 0.208491 0.669834 -0.034383 -0.596375 0.802706 0.000000 0.986058 -0.899172 1 10 1.000000
chr009a01
  10 0.268942 0.609383 -0.034383 0.802706 -0.596375 -0.000000 0.986058 -0.899172 1 10 1.000000
  10 0.268942 0.609383 0.017276 0.802706 -0.596375 -0.000000 0.910226 -0.899172 1 10 1.000000
  10 0.228914 0.555506 0.025281 0.802706 -0.596375 -0.000000 0.910226 -0.973315 1 10 1.000000
chr009a01
  10 0.228914 0.555506 -0.038440 0.802706 -0.596375 -0.000000 0.986058 -0.973315 1 10 1.000000
  10 0.268942 0.609383 -0.034383 0.802706 -0.596375 -0.000000 0.986058 -0.899172 1 10 1.000000
  10 0.228914 0.555506 0.025281 0.802706 -0.596375 -0.000000 0.910226 -0.973315 1 10 1.000000
chr009a01
  10 0.208491 0.669834 0.017276 0.707107 0.707106 0.000000 0.818309 -0.899172 1 10 1.000000
  10 0.268942 0.609383 0.017276 0.707107 0.707106 0.000000 0.910226 -0.899172 1 10 1.000000
  10 0.268942 0.609383 -0.034383 0.707107 0.707106 0.000000 0.910226 -0.843266 1 10 1.000000
chr009a01
  10 0.208491 0.669834 -0.034383 0.707107 0.707106 0.000000 0.818309 -0.843266 1 10 1.000000
  10 0.208491 0.669834 0.017276 0.707107 0.707106 0.000000 0.818309 -0.899172 1 10 1.000000
  10 0.268942 0.609383 -0.034383 0.707107 0.707106 0.000000 0.910226 -0.843266 1 10 1.000000
chr009a01
  10 0.337278 0.443850 -0.034383 0.060990 0.000000 -0.998138 0.818309 -0.899172 1 10 1.000000
  10 0.337278 0.358359 -0.034383 0.060990 0.000000 -0.998138 0.910226 -0.899172 1 10 1.000000
  10 0.270877 0.348566 -0.038440 0.060990 0.000000 -0.998138 0.910226 -0.973315 1 10 1.000000
chr009a01
  10 0.270877 0.453642 -0.038440 0.060990 0.000000 -0.998138 0.818309 -0.973315 1 10 1.000000
  10 0.337278 0.443850 -0.034383 0.060990 0.000000 -0.998138 0.818309 -0.899172 1 10 1.000000
  10 0.270877 0.348566 -0.038440 0.060990 0.000000 -0.998138 0.910226 -0.973315 1 10 1.000000
chr009a01
  10 0.270877 0.348566 0.025281 0.119685 -0.000000 0.992812 0.910226 -0.973315 1 10 1.000000
  10 0.337278 0.358359 0.017276 0.119685 -0.000000 0.992812 0.910226 -0.899172 1 10 1.000000
  10 0.337278 0.443850 0.017276 0.119685 -0.000000 0.992812 0.818309 -0.899172 1 10 1.000000
chr009a01
  10 0.270877 0.453642 0.025281 0.119685 -0.000000 0.992812 0.818309 -0.973315 1 10 1.000000
  10 0.270877 0.348566 0.025281 0.119685 -0.000000 0.992812 0.910226 -0.973315 1 10 1.000000
  10 0.337278 0.443850 0.017276 0.119685 -0.000000 0.992812 0.818309 -0.899172 1 10 1.000000
chr009a01
  10 0.270877 0.453642 0.025281 0.145898 0.989300 0.000000 0.910226 -0.973315 1 10 1.000000
  10 0.337278 0.443850 0.017276 0.145898 0.989300 0.000000 0.910226 -0.899172 1 10 1.000000
  10 0.337278 0.443850 -0.034383 0.145898 0.989300 0.000000 0.986058 -0.899172 1 10 1.000000
chr009a01
  10 0.270877 0.453642 -0.038440 0.145898 0.989300 0.000000 0.986058 -0.973315 1 10 1.000000
  10 0.270877 0.453642 0.025281 0.145898 0.989300 0.000000 0.910226 -0.973315 1 10 1.000000
  10 0.337278 0.443850 -0.034383 0.145898 0.989300 0.000000 0.986058 -0.899172 1 10 1.000000
chr009a01
  10 0.337278 0.358359 -0.034383 0.145898 -0.989300 -0.000000 0.986058 -0.899172 1 10 1.000000
  10 0.337278 0.358359 0.017276 0.145898 -0.989300 -0.000000 0.910226 -0.899172 1 10 1.000000
  10 0.270877 0.348566 0.025281 0.145898 -0.989300 -0.000000 0.910226 -0.973315 1 10 1.000000
chr009a01
  10 0.270877 0.348566 -0.038440 0.145898 -0.989300 -0.000000 0.986058 -0.973315 1 10 1.000000
  10 0.337278 0.358359 -0.034383 0.145898 -0.989300 -0.000000 0.986058 -0.899172 1 10 1.000000
  10 0.270877 0.348566 0.025281 0.145898 -0.989300 -0.000000 0.910226 -0.973315 1 10 1.000000
chr009a01
  10 0.337278 0.443850 0.017276 1.000000 0.000000 0.000000 0.818309 -0.899172 1 10 1.000000
  10 0.337278 0.358359 0.017276 1.000000 0.000000 0.000000 0.910226 -0.899172 1 10 1.000000
  10 0.337278 0.358359 -0.034383 1.000000 0.000000 0.000000 0.910226 -0.843266 1 10 1.000000
chr009a01
  10 0.337278 0.443850 -0.034383 1.000000 0.000000 0.000000 0.818309 -0.843266 1 10 1.000000
  10 0.337278 0.443850 0.017276 1.000000 0.000000 0.000000 0.818309 -0.899172 1 10 1.000000
  10 0.337278 0.358359 -0.034383 1.000000 0.000000 0.000000 0.910226 -0.843266 1 10 1.000000
chr009a01
  10 0.268549 0.192988 -0.034383 0.043127 -0.043127 -0.998138 0.818309 -0.899172 1 10 1.000000
  10 0.208098 0.132536 -0.034383 0.043127 -0.043127 -0.998138 0.910226 -0.899172 1 10 1.000000
  10 0.154221 0.172565 -0.038440 0.043127 -0.043127 -0.998138 0.910226 -0.973315 1 10 1.000000
chr009a01
  10 0.228521 0.246865 -0.038440 0.043127 -0.043127 -0.998138 0.818309 -0.973315 1 10 1.000000
  10 0.268549 0.192988 -0.034383 0.043127 -0.043127 -0.998138 0.818309 -0.899172 1 10 1.000000
  10 0.154221 0.172565 -0.038440 0.043127 -0.043127 -0.998138 0.910226 -0.973315 1 10 1.000000
chr009a01
  10 0.154221 0.172565 0.025281 0.084630 -0.084630 0.992812 0.910226 -0.973315 1 10 1.000000
  10 0.208098 0.132536 0.017276 0.084630 -0.084630 0.992812 0.910226 -0.899172 1 10 1.000000
  10 0.268549 0.192988 0.017276 0.084630 -0.084630 0.992812 0.818309 -0.899172 1 10 1.000000
chr009a01
  10 0.228521 0.246865 0.025281 0.084630 -0.084630 0.992812 0.818309 -0.973315 1 10 1.000000
  10 0.154221 0.172565 0.025281 0.084630 -0.084630 0.992812 0.910226 -0.973315 1 10 1.000000
  10 0.268549 0.192988 0.017276 0.084630 -0.084630 0.992812 0.818309 -0.899172 1 10 1.000000
chr009a01
  10 0.228521 0.246865 0.025281 0.802706 0.596375 0.000000 0.910226 -0.973315 1 10 1.000000
  10 0.268549 0.192988 0.017276 0.802706 0.596375 0.000000 0.910226 -0.899172 1 10 1.000000
  10 0.268549 0.192988 -0.034383 0.802706 0.596375 0.000000 0.986058 -0.899172 1 10 1.000000
chr009a01
  10 0.228521 0.246865 -0.038440 0.802706 0.596375 0.000000 0.986058 -0.973315 1 10 1.000000
  10 0.228521 0.246865 0.025281 0.802706 0.596375 0.000000 0.910226 -0.973315 1 10 1.000000
  10 0.268549 0.192988 -0.034383 0.802706 0.596375 0.000000 0.986058 -0.899172 1 10 1.000000
chr009a01
  10 0.208098 0.132536 -0.034383 -0.596375 -0.802706 -0.000000 0.986058 -0.899172 1 10 1.000000
  10 0.208098 0.132536 0.017276 -0.596375 -0.802706 -0.000000 0.910226 -0.899172 1 10 1.000000
  10 0.154221 0.172565 0.025281 -0.596375 -0.802706 -0.000000 0.910226 -0.973315 1 10 1.000000
chr009a01
  10 0.154221 0.172565 -0.038440 -0.596375 -0.802706 -0.000000 0.986058 -0.973315 1 10 1.000000
  10 0.208098 0.132536 -0.034383 -0.596375 -0.802706 -0.000000 0.986058 -0.899172 1 10 1.000000
  10 0.154221 0.172565 0.025281 -0.596375 -0.802706 -0.000000 0.910226 -0.973315 1 10 1.000000
chr009a01
  10 0.268549 0.192988 0.017276 0.707106 -0.707107 -0.000000 0.818309 -0.899172 1 10 1.000000
  10 0.208098 0.132536 0.017276 0.707106 -0.707107 -0.000000 0.910226 -0.899172 1 10 1.000000
  10 0.208098 0.132536 -0.034383 0.707106 -0.707107 -0.000000 0.910226 -0.843266 1 10 1.000000
chr009a01
  10 0.268549 0.192988 -0.034383 0.707106 -0.707107 -0.000000 0.818309 -0.843266 1 10 1.000000
  10 0.268549 0.192988 0.017276 0.707106 -0.707107 -0.000000 0.818309 -0.899172 1 10 1.000000
  10 0.208098 0.132536 -0.034383 0.707106 -0.707107 -0.000000 0.910226 -0.843266 1 10 1.000000
chr009a01
  10 0.042565 0.064200 -0.034383 0.000000 -0.060990 -0.998138 0.818309 -0.899172 1 10 1.000000
  10 -0.042926 0.064200 -0.034383 0.000000 -0.060990 -0.998138 0.910226 -0.899172 1 10 1.000000
  10 -0.052719 0.130601 -0.038440 0.000000 -0.060990 -0.998138 0.910226 -0.973315 1 10 1.000000
chr009a01
  10 0.052357 0.130601 -0.038440 0.000000 -0.060990 -0.998138 0.818309 -0.973315 1 10 1.000000
  10 0.042565 0.064200 -0.034383 0.000000 -0.060990 -0.998138 0.818309 -0.899172 1 10 1.000000
  10 -0.052719 0.130601 -0.038440 0.000000 -0.060990 -0.998138 0.910226 -0.973315 1 10 1.000000
chr009a01
  10 -0.052719 0.130601 0.025281 0.000000 -0.119685 0.992812 0.910226 -0.973315 1 10 1.000000
  10 -0.042926 0.064200 0.017276 0.000000 -0.119685 0.992812 0.910226 -0.899172 1 10 1.000000
  10 0.042565 0.064200 0.017276 0.000000 -0.119685 0.992812 0.818309 -0.899172 1 10 1.000000
chr009a01
  10 0.052357 0.130601 0.025281 0.000000 -0.119685 0.992812 0.818309 -0.973315 1 10 1.000000
  10 -0.052719 0.130601 0.025281 0.000000 -0.119685 0.992812 0.910226 -0.973315 1 10 1.000000
  10 0.042565 0.064200 0.017276 0.000000 -0.119685 0.992812 0.818309 -0.899172 1 10 1.000000
chr009a01
  10 0.052357 0.130601 0.025281 0.989300 -0.145898 -0.000000 0.910226 -0.973315 1 10 1.000000
  10 0.042565 0.064200 0.017276 0.989300 -0.145898 -0.000000 0.910226 -0.899172 1 10 1.000000
  10 0.042565 0.064200 -0.034383 0.989300 -0.145898 -0.000000 0.986058 -0.899172 1 10 1.000000
chr009a01
  10 0.052357 0.130601 -0.038440 0.989300 -0.145898 -0.000000 0.986058 -0.973315 1 10 1.000000
  10 0.052357 0.130601 0.025281 0.989300 -0.145898 -0.000000 0.910226 -0.973315 1 10 1.000000
  10 0.042565 0.064200 -0.034383 0.989300 -0.145898 -0.000000 0.986058 -0.899172 1 10 1.000000
chr009a01
  10 -0.042926 0.064200 -0.034383 -0.989300 -0.145898 -0.000000 0.986058 -0.899172 1 10 1.000000
  10 -0.042926 0.064200 0.017276 -0.989300 -0.145898 -0.000000 0.910226 -0.899172 1 10 1.000000
  10 -0.052719 0.130601 0.025281 -0.989300 -0.145898 -0.000000 0.910226 -0.973315 1 10 1.000000
chr009a01
  10 -0.052719 0.130601 -0.038440 -0.989300 -0.145898 -0.000000 0.986058 -0.973315 1 10 1.000000
  10 -0.042926 0.064200 -0.034383 -0.989300 -0.145898 -0.000000 0.986058 -0.899172 1 10 1.000000
  10 -0.052719 0.130601 0.025281 -0.989300 -0.145898 -0.000000 0.910226 -0.973315 1 10 1.000000
chr009a01
  10 0.042565 0.064200 0.017276 0.000000 -1.000000 -0.000000 0.818309 -0.899172 1 10 1.000000
  10 -0.042926 0.064200 0.017276 0.000000 -1.000000 -0.000000 0.910226 -0.899172 1 10 1.000000
  10 -0.042926 0.064200 -0.034383 0.000000 -1.000000 -0.000000 0.910226 -0.843266 1 10 1.000000
chr009a01
  10 0.042565 0.064200 -0.034383 0.000000 -1.000000 -0.000000 0.818309 -0.843266 1 10 1.000000
  10 0.042565 0.064200 0.017276 0.000000 -1.000000 -0.000000 0.818309 -0.899172 1 10 1.000000
  10 -0.042926 0.064200 -0.034383 0.000000 -1.000000 -0.000000 0.910226 -0.843266 1 10 1.000000
chr009a01
  10 -0.208297 0.132929 -0.034383 -0.043127 -0.043127 -0.998138 0.818309 -0.899172 1 10 1.000000
  10 -0.268748 0.193380 -0.034383 -0.043127 -0.043127 -0.998138 0.910226 -0.899172 1 10 1.000000
  10 -0.228720 0.247257 -0.038440 -0.043127 -0.043127 -0.998138 0.910226 -0.973315 1 10 1.000000
chr009a01
  10 -0.154420 0.172957 -0.038440 -0.043127 -0.043127 -0.998138 0.818309 -0.973315 1 10 1.000000
  10 -0.208297 0.132929 -0.034383 -0.043127 -0.043127 -0.998138 0.818309 -0.899172 1 10 1.000000
  10 -0.228720 0.247257 -0.038440 -0.043127 -0.043127 -0.998138 0.910226 -0.973315 1 10 1.000000
chr009a01
  10 -0.228720 0.247257 0.025281 -0.084630 -0.084630 0.992812 0.910226 -0.973315 1 10 1.000000
  10 -0.268748 0.193380 0.017276 -0.084630 -0.084630 0.992812 0.910226 -0.899172 1 10 1.000000
  10 -0.208297 0.132929 0.017276 -0.084630 -0.084630 0.992812 0.818309 -0.899172 1 10 1.000000
chr009a01
  10 -0.154420 0.172957 0.025281 -0.084630 -0.084630 0.992812 0.818309 -0.973315 1 10 1.000000
  10 -0.228720 0.247257 0.025281 -0.084630 -0.084630 0.992812 0.910226 -0.973315 1 10 1.000000
  10 -0.208297 0.132929 0.017276 -0.084630 -0.084630 0.992812 0.818309 -0.899172 1 10 1.000000
chr009a01
  10 -0.154420 0.172957 0.025281 0.596375 -0.802706 -0.000000 0.910226 -0.973315 1 10 1.000000
  10 -0.208297 0.132929 0.017276 0.596375 -0.802706 -0.000000 0.910226 -0.899172 1 10 1.000000
  10 -0.208297 0.132929 -0.034383 0.596375 -0.802706 -0.000000 0.986058 -0.899172 1 10 1.000000
chr009a01
  10 -0.154420 0.172957 -0.038440 0.596375 -0.802706 -0.000000 0.986058 -0.973315 1 10 1.000000
  10 -0.154420 0.172957 0.025281 0.596375 -0.802706 -0.000000 0.910226 -0.973315 1 10 1.000000
  10 -0.208297 0.132929 -0.034383 0.596375 -0.802706 -0.000000 0.986058 -0.899172 1 10 1.000000
chr009a01
  10 -0.268748 0.193380 -0.034383 -0.802706 0.596375 0.000000 0.986058 -0.899172 1 10 1.000000
  10 -0.268748 0.193380 0.017276 -0.802706 0.596375 0.000000 0.910226 -0.899172 1 10 1.000000
  10 -0.228720 0.247257 0.025281 -0.802706 0.596375 0.000000 0.910226 -0.973315 1 10 1.000000
chr009a01
  10 -0.228720 0.247257 -0.038440 -0.802706 0.596375 0.000000 0.986058 -0.973315 1 10 1.000000
  10 -0.268748 0.193380 -0.034383 -0.802706 0.596375 0.000000 0.986058 -0.899172 1 10 1.000000
  10 -0.228720 0.247257 0.025281 -0.802706 0.596375 0.000000 0.910226 -0.973315 1 10 1.000000
chr009a01
  10 -0.208297 0.132929 0.017276 -0.707107 -0.707106 -0.000000 0.818309 -0.899172 1 10 1.000000
  10 -0.268748 0.193380 0.017276 -0.707107 -0.707106 -0.000000 0.910226 -0.899172 1 10 1.000000
  10 -0.268748 0.193380 -0.034383 -0.707107 -0.707106 -0.000000 0.910226 -0.843266 1 10 1.000000
chr009a01
  10 -0.208297 0.132929 -0.034383 -0.707107 -0.707106 -0.000000 0.818309 -0.843266 1 10 1.000000
  10 -0.208297 0.132929 0.017276 -0.707107 -0.707106 -0.000000 0.818309 -0.899172 1 10 1.000000
  10 -0.268748 0.193380 -0.034383 -0.707107 -0.707106 -0.000000 0.910226 -0.843266 1 10 1.000000
chr009a01
  10 -0.337085 0.358914 -0.034383 -0.060990 0.000000 -0.998138 0.818309 -0.899172 1 10 1.000000
  10 -0.337085 0.444404 -0.034383 -0.060990 0.000000 -0.998138 0.910226 -0.899172 1 10 1.000000
  10 -0.270684 0.454197 -0.038440 -0.060990 0.000000 -0.998138 0.910226 -0.973315 1 10 1.000000
chr009a01
  10 -0.270684 0.349121 -0.038440 -0.060990 0.000000 -0.998138 0.818309 -0.973315 1 10 1.000000
  10 -0.337085 0.358914 -0.034383 -0.060990 0.000000 -0.998138 0.818309 -0.899172 1 10 1.000000
  10 -0.270684 0.454197 -0.038440 -0.060990 0.000000 -0.998138 0.910226 -0.973315 1 10 1.000000
chr009a01
  10 -0.270684 0.454197 0.025281 -0.119685 -0.000000 0.992812 0.910226 -0.973315 1 10 1.000000
  10 -0.337085 0.444404 0.017276 -0.119685 -0.000000 0.992812 0.910226 -0.899172 1 10 1.000000
  10 -0.337085 0.358914 0.017276 -0.119685 -0.000000 0.992812 0.818309 -0.899172 1 10 1.000000
chr009a01
  10 -0.270684 0.349121 0.025281 -0.119685 -0.000000 0.992812 0.818309 -0.973315 1 10 1.000000
  10 -0.270684 0.454197 0.025281 -0.119685 -0.000000 0.992812 0.910226 -0.973315 1 10 1.000000
  10 -0.337085 0.358914 0.017276 -0.119685 -0.000000 0.992812 0.818309 -0.899172 1 10 1.000000
chr009a01
  10 -0.270684 0.349121 0.025281 -0.145898 -0.989300 -0.000000 0.910226 -0.973315 1 10 1.000000
  10 -0.337085 0.358914 0.017276 -0.145898 -0.989300 -0.000000 0.910226 -0.899172 1 10 1.000000
  10 -0.337085 0.358914 -0.034383 -0.145898 -0.989300 -0.000000 0.986058 -0.899172 1 10 1.000000
chr009a01
  10 -0.270684 0.349121 -0.038440 -0.145898 -0.989300 -0.000000 0.986058 -0.973315 1 10 1.000000
  10 -0.270684 0.349121 0.025281 -0.145898 -0.989300 -0.000000 0.910226 -0.973315 1 10 1.000000
  10 -0.337085 0.358914 -0.034383 -0.145898 -0.989300 -0.000000 0.986058 -0.899172 1 10 1.000000
chr009a01
  10 -0.337085 0.444404 -0.034383 -0.145898 0.989300 0.000000 0.986058 -0.899172 1 10 1.000000
  10 -0.337085 0.444404 0.017276 -0.145898 0.989300 0.000000 0.910226 -0.899172 1 10 1.000000
  10 -0.270684 0.454197 0.025281 -0.145898 0.989300 0.000000 0.910226 -0.973315 1 10 1.000000
chr009a01
  10 -0.270684 0.454197 -0.038440 -0.145898 0.989300 0.000000 0.986058 -0.973315 1 10 1.000000
  10 -0.337085 0.444404 -0.034383 -0.145898 0.989300 0.000000 0.986058 -0.899172 1 10 1.000000
  10 -0.270684 0.454197 0.025281 -0.145898 0.989300 0.000000 0.910226 -0.973315 1 10 1.000000
chr009a01
  10 -0.337085 0.358914 0.017276 -1.000000 0.000000 0.000000 0.818309 -0.899172 1 10 1.000000
  10 -0.337085 0.444404 0.017276 -1.000000 0.000000 0.000000 0.910226 -0.899172 1 10 1.000000
  10 -0.337085 0.444404 -0.034383 -1.000000 0.000000 0.000000 0.910226 -0.843266 1 10 1.000000
chr009a01
  10 -0.337085 0.358914 -0.034383 -1.000000 0.000000 0.000000 0.818309 -0.843266 1 10 1.000000
  10 -0.337085 0.358914 0.017276 -1.000000 0.000000 0.000000 0.818309 -0.899172 1 10 1.000000
  10 -0.337085 0.444404 -0.034383 -1.000000 0.000000 0.000000 0.910226 -0.843266 1 10 1.000000
chr009a01
  10 -0.268356 0.609776 -0.034383 -0.043127 0.043127 -0.998138 0.818309 -0.899172 1 10 1.000000
  10 -0.207905 0.670227 -0.034383 -0.043127 0.043127 -0.998138 0.910226 -0.899172 1 10 1.000000
  10 -0.154028 0.630198 -0.038440 -0.043127 0.043127 -0.998138 0.910226 -0.973315 1 10 1.000000
chr009a01
  10 -0.228328 0.555899 -0.038440 -0.043127 0.043127 -0.998138 0.818309 -0.973315 1 10 1.000000
  10 -0.268356 0.609776 -0.034383 -0.043127 0.043127 -0.998138 0.818309 -0.899172 1 10 1.000000
  10 -0.154028 0.630198 -0.038440 -0.043127 0.043127 -0.998138 0.910226 -0.973315 1 10 1.000000
chr009a01
  10 -0.154028 0.630198 0.025281 -0.084630 0.084630 0.992812 0.910226 -0.973315 1 10 1.000000
  10 -0.207905 0.670227 0.017276 -0.084630 0.084630 0.992812 0.910226 -0.899172 1 10 1.000000
  10 -0.268356 0.609776 0.017276 -0.084630 0.084630 0.992812 0.818309 -0.899172 1 10 1.000000
chr009a01
  10 -0.228328 0.555899 0.025281 -0.084630 0.084630 0.992812 0.818309 -0.973315 1 10 1.000000
  10 -0.154028 0.630198 0.025281 -0.084630 0.084630 0.992812 0.910226 -0.973315 1 10 1.000000
  10 -0.268356 0.609776 0.017276 -0.084630 0.084630 0.992812 0.818309 -0.899172 1 10 1.000000
chr009a01
  10 -0.228328 0.555899 0.025281 -0.802706 -0.596375 -0.000000 0.910226 -0.973315 1 10 1.000000
  10 -0.268356 0.609776 0.017276 -0.802706 -0.596375 -0.000000 0.910226 -0.899172 1 10 1.000000
  10 -0.268356 0.609776 -0.034383 -0.802706 -0.596375 -0.000000 0.986058 -0.899172 1 10 1.000000
chr009a01
  10 -0.228328 0.555899 -0.038440 -0.802706 -0.596375 -0.000000 0.986058 -0.973315 1 10 1.000000
  10 -0.228328 0.555899 0.025281 -0.802706 -0.596375 -0.000000 0.910226 -0.973315 1 10 1.000000
  10 -0.268356 0.609776 -0.034383 -0.802706 -0.596375 -0.000000 0.986058 -0.899172 1 10 1.000000
chr009a01
  10 -0.207905 0.670227 -0.034383 0.596375 0.802706 0.000000 0.986058 -0.899172 1 10 1.000000
  10 -0.207905 0.670227 0.017276 0.596375 0.802706 0.000000 0.910226 -0.899172 1 10 1.000000
  10 -0.154028 0.630198 0.025281 0.596375 0.802706 0.000000 0.910226 -0.973315 1 10 1.000000
chr009a01
  10 -0.154028 0.630198 -0.038440 0.596375 0.802706 0.000000 0.986058 -0.973315 1 10 1.000000
  10 -0.207905 0.670227 -0.034383 0.596375 0.802706 0.000000 0.986058 -0.899172 1 10 1.000000
  10 -0.154028 0.630198 0.025281 0.596375 0.802706 0.000000 0.910226 -0.973315 1 10 1.000000
chr009a01
  10 -0.268356 0.609776 0.017276 -0.707106 0.707107 0.000000 0.818309 -0.899172 1 10 1.000000
  10 -0.207905 0.670227 0.017276 -0.707106 0.707107 0.000000 0.910226 -0.899172 1 10 1.000000
  10 -0.207905 0.670227 -0.034383 -0.707106 0.707107 0.000000 0.910226 -0.843266 1 10 1.000000
chr009a01
  10 -0.268356 0.609776 -0.034383 -0.707106 0.707107 0.000000 0.818309 -0.843266 1 10 1.000000
  10 -0.268356 0.609776 0.017276 -0.707106 0.707107 0.000000 0.818309 -0.899172 1 10 1.000000
  10 -0.207905 0.670227 -0.034383 -0.707106 0.707107 0.000000 0.910226 -0.843266 1 10 1.000000
chr009a01
  10 -0.044836 0.628141 0.048343 0.195090 -0.980784 0.001561 0.018040 -0.933021 1 10 1.000000
  10 -0.044809 0.628003 -0.041263 0.195090 -0.980784 0.001561 0.018040 -0.984262 1 10 1.000000
  10 0.000374 0.632319 -0.041263 0.095088 -0.995468 0.001553 0.051138 -0.984262 1 10 1.000000
chr009a01
  10 0.000374 0.632459 0.048343 0.095088 -0.995468 0.001553 0.051138 -0.933021 1 10 1.000000
  10 -0.044836 0.628141 0.048343 0.195090 -0.980784 0.001561 0.018040 -0.933021 1 10 1.000000
  10 0.000374 0.632319 -0.041263 0.095088 -0.995468 0.001553 0.051138 -0.984262 1 10 1.000000
chr009a01
  10 0.045584 0.173568 0.048343 -0.195090 0.980784 0.001561 0.547593 -0.933021 1 10 1.000000
  10 0.089005 0.186880 0.048343 -0.293098 0.956081 0.001553 0.514497 -0.933021 1 10 1.000000
  10 0.045557 0.173705 -0.041263 -0.195090 0.980784 0.001561 0.547593 -0.984262 1 10 1.000000
chr009a01
  10 0.089005 0.186880 0.048343 -0.293098 0.956081 0.001553 0.514497 -0.933021 1 10 1.000000
  10 0.088952 0.187009 -0.041263 -0.293098 0.956081 0.001553 0.514497 -0.984262 1 10 1.000000
  10 0.045557 0.173705 -0.041263 -0.195090 0.980784 0.001561 0.547593 -0.984262 1 10 1.000000
chr009a01
  10 -0.213601 0.489486 0.048343 0.883304 -0.468799 0.001554 0.183526 -0.933021 1 10 1.000000
  10 -0.213472 0.489432 -0.041263 0.883304 -0.468799 0.001554 0.183526 -0.984262 1 10 1.000000
  10 -0.192193 0.529524 -0.041263 0.831469 -0.555569 0.001562 0.150429 -0.984262 1 10 1.000000
chr009a01
  10 -0.192310 0.529602 0.048343 0.831469 -0.555569 0.001562 0.150429 -0.933021 1 10 1.000000
  10 -0.213601 0.489486 0.048343 0.883304 -0.468799 0.001554 0.183526 -0.933021 1 10 1.000000
  10 -0.192193 0.529524 -0.041263 0.831469 -0.555569 0.001562 0.150429 -0.984262 1 10 1.000000
chr009a01
  10 -0.192310 0.529602 0.048343 0.831469 -0.555569 0.001562 0.150429 -0.933021 1 10 1.000000
  10 -0.192193 0.529524 -0.041263 0.831469 -0.555569 0.001562 0.150429 -0.984262 1 10 1.000000
  10 -0.163296 0.564525 -0.041263 0.771140 -0.636664 0.001554 0.117333 -0.984262 1 10 1.000000
chr009a01
  10 -0.163395 0.564624 0.048343 0.771140 -0.636664 0.001554 0.117333 -0.933021 1 10 1.000000
  10 -0.192310 0.529602 0.048343 0.831469 -0.555569 0.001562 0.150429 -0.933021 1 10 1.000000
  10 -0.163296 0.564525 -0.041263 0.771140 -0.636664 0.001554 0.117333 -0.984262 1 10 1.000000
chr009a01
  9 -0.300989 0.213746 -0.080171 0.000000 0.000000 -1.000000 0.110712 -0.260879 1 9 1.000000
  9 -0.334182 0.180581 -0.080171 0.000000 0.000000 -1.000000 0.110712 -0.311761 1 9 1.000000
  9 -0.356438 0.213920 -0.080171 0.000000 0.000000 -1.000000 0.060508 -0.311761 1 9 1.000000
chr009a01
  9 -0.334310 0.236030 -0.080171 0.000000 0.000000 -1.000000 0.060508 -0.260879 1 9 1.000000
  9 -0.300989 0.213746 -0.080171 0.000000 0.000000 -1.000000 0.110712 -0.260879 1 9 1.000000
  9 -0.356438 0.213920 -0.080171 0.000000 0.000000 -1.000000 0.060508 -0.311761 1 9 1.000000
chr009a01
  9 -0.356438 0.213920 -0.080171 0.000000 0.000000 -1.000000 0.060508 -0.311761 1 9 1.000000
  9 -0.334182 0.180581 -0.080171 0.000000 0.000000 -1.000000 0.110712 -0.311761 1 9 1.000000
  9 -0.385343 0.201961 -0.080171 0.000000 0.000000 -1.000000 0.060508 -0.360383 1 9 1.000000
chr009a01
  9 -0.334182 0.180581 -0.080171 0.000000 0.000000 -1.000000 0.110712 -0.311761 1 9 1.000000
  9 -0.377539 0.162643 -0.080171 0.000000 0.000000 -1.000000 0.110712 -0.360383 1 9 1.000000
  9 -0.385343 0.201961 -0.080171 0.000000 0.000000 -1.000000 0.060508 -0.360383 1 9 1.000000
chr009a01
  9 -0.283015 0.257088 -0.080171 0.000000 0.000000 -1.000000 0.110712 -0.204632 1 9 1.000000
  9 -0.300989 0.213746 -0.080171 0.000000 0.000000 -1.000000 0.110712 -0.260879 1 9 1.000000
  9 -0.334310 0.236030 -0.080171 0.000000 0.000000 -1.000000 0.060508 -0.260879 1 9 1.000000
chr009a01
  9 -0.322327 0.264925 -0.080171 0.000000 0.000000 -1.000000 0.060508 -0.204632 1 9 1.000000
  9 -0.283015 0.257088 -0.080171 0.000000 0.000000 -1.000000 0.110712 -0.204632 1 9 1.000000
  9 -0.334310 0.236030 -0.080171 0.000000 0.000000 -1.000000 0.060508 -0.260879 1 9 1.000000
chr009a01
  9 -0.385343 0.201961 -0.080171 0.000000 0.000000 -1.000000 0.060508 -0.360383 1 9 1.000000
  9 -0.377539 0.162643 -0.080171 0.000000 0.000000 -1.000000 0.110712 -0.360383 1 9 1.000000
  9 -0.416592 0.201968 -0.080171 0.000000 0.000000 -1.000000 0.060508 -0.410986 1 9 1.000000
chr009a01
  9 -0.377539 0.162643 -0.080171 0.000000 0.000000 -1.000000 0.110712 -0.360383 1 9 1.000000
  9 -0.424412 0.162652 -0.080171 0.000000 0.000000 -1.000000 0.110712 -0.410986 1 9 1.000000
  9 -0.416592 0.201968 -0.080171 0.000000 0.000000 -1.000000 0.060508 -0.410986 1 9 1.000000
chr009a01
  9 -0.282996 0.304010 -0.080171 0.000000 0.000000 -1.000000 0.110712 -0.153899 1 9 1.000000
  9 -0.283015 0.257088 -0.080171 0.000000 0.000000 -1.000000 0.110712 -0.204632 1 9 1.000000
  9 -0.322327 0.264925 -0.080171 0.000000 0.000000 -1.000000 0.060508 -0.204632 1 9 1.000000
chr009a01
  9 -0.322314 0.296206 -0.080171 0.000000 0.000000 -1.000000 0.060508 -0.153899 1 9 1.000000
  9 -0.282996 0.304010 -0.080171 0.000000 0.000000 -1.000000 0.110712 -0.153899 1 9 1.000000
  9 -0.322327 0.264925 -0.080171 0.000000 0.000000 -1.000000 0.060508 -0.204632 1 9 1.000000
chr009a01
  9 -0.300934 0.347367 -0.080171 0.000000 0.000000 -1.000000 0.110712 -0.107532 1 9 1.000000
  9 -0.282996 0.304010 -0.080171 0.000000 0.000000 -1.000000 0.110712 -0.153899 1 9 1.000000
  9 -0.322314 0.296206 -0.080171 0.000000 0.000000 -1.000000 0.060508 -0.153899 1 9 1.000000
chr009a01
  9 -0.334273 0.325111 -0.080171 0.000000 0.000000 -1.000000 0.060508 -0.107532 1 9 1.000000
  9 -0.300934 0.347367 -0.080171 0.000000 0.000000 -1.000000 0.110712 -0.107532 1 9 1.000000
  9 -0.322314 0.296206 -0.080171 0.000000 0.000000 -1.000000 0.060508 -0.153899 1 9 1.000000
chr009a01
  9 -0.334099 0.380560 -0.080171 0.000000 0.000000 -1.000000 0.110712 -0.057813 1 9 1.000000
  9 -0.300934 0.347367 -0.080171 0.000000 0.000000 -1.000000 0.110712 -0.107532 1 9 1.000000
  9 -0.334273 0.325111 -0.080171 0.000000 0.000000 -1.000000 0.060508 -0.107532 1 9 1.000000
chr009a01
  9 -0.356383 0.347239 -0.080171 0.000000 0.000000 -1.000000 0.060508 -0.057813 1 9 1.000000
  9 -0.334099 0.380560 -0.080171 0.000000 0.000000 -1.000000 0.110712 -0.057813 1 9 1.000000
  9 -0.334273 0.325111 -0.080171 0.000000 0.000000 -1.000000 0.060508 -0.107532 1 9 1.000000
chr009a01
  9 -0.377490 0.398544 -0.080171 0.000000 0.000000 -1.000000 0.110712 -0.011105 1 9 1.000000
  9 -0.334099 0.380560 -0.080171 0.000000 0.000000 -1.000000 0.110712 -0.057813 1 9 1.000000
  9 -0.356383 0.347239 -0.080171 0.000000 0.000000 -1.000000 0.060508 -0.057813 1 9 1.000000
chr009a01
  9 -0.385310 0.359228 -0.080171 0.000000 0.000000 -1.000000 0.060508 -0.011105 1 9 1.000000
  9 -0.377490 0.398544 -0.080171 0.000000 0.000000 -1.000000 0.110712 -0.011105 1 9 1.000000
  9 -0.356383 0.347239 -0.080171 0.000000 0.000000 -1.000000 0.060508 -0.057813 1 9 1.000000
chr009a01
  9 -0.334182 0.180581 -0.080171 0.555225 -0.831700 -0.000000 0.161573 -0.311761 1 9 1.000000
  9 -0.300989 0.213746 -0.080171 0.831239 -0.555916 -0.000000 0.161573 -0.260879 1 9 1.000000
  9 -0.300989 0.213746 -0.040085 0.831239 -0.555916 -0.000000 0.110712 -0.260879 1 9 1.000000
chr009a01
  9 -0.334182 0.180581 -0.040085 0.555225 -0.831700 -0.000000 0.110712 -0.311761 1 9 1.000000
  9 -0.334182 0.180581 -0.080171 0.555225 -0.831700 -0.000000 0.161573 -0.311761 1 9 1.000000
  9 -0.300989 0.213746 -0.040085 0.831239 -0.555916 -0.000000 0.110712 -0.260879 1 9 1.000000
chr009a01
  9 -0.300989 0.213746 -0.040085 0.831239 -0.555916 -0.000000 0.110712 -0.260879 1 9 1.000000
  9 -0.300989 0.213746 -0.080171 0.831239 -0.555916 -0.000000 0.161573 -0.260879 1 9 1.000000
  9 -0.283015 0.257088 -0.040085 0.980704 -0.195498 -0.000000 0.110712 -0.204632 1 9 1.000000
chr009a01
  9 -0.300989 0.213746 -0.080171 0.831239 -0.555916 -0.000000 0.161573 -0.260879 1 9 1.000000
  9 -0.283015 0.257088 -0.080171 0.980704 -0.195498 -0.000000 0.161573 -0.204632 1 9 1.000000
  9 -0.283015 0.257088 -0.040085 0.980704 -0.195498 -0.000000 0.110712 -0.204632 1 9 1.000000
chr009a01
  9 -0.377539 0.162643 -0.080171 0.194784 -0.980846 -0.000000 0.161573 -0.360383 1 9 1.000000
  9 -0.334182 0.180581 -0.080171 0.555225 -0.831700 -0.000000 0.161573 -0.311761 1 9 1.000000
  9 -0.334182 0.180581 -0.040085 0.555225 -0.831700 -0.000000 0.110712 -0.311761 1 9 1.000000
chr009a01
  9 -0.377539 0.162643 -0.040085 0.194784 -0.980846 -0.000000 0.110712 -0.360383 1 9 1.000000
  9 -0.377539 0.162643 -0.080171 0.194784 -0.980846 -0.000000 0.161573 -0.360383 1 9 1.000000
  9 -0.334182 0.180581 -0.040085 0.555225 -0.831700 -0.000000 0.110712 -0.311761 1 9 1.000000
chr009a01
  9 -0.424412 0.162652 -0.080171 -0.195192 -0.980765 -0.000000 0.161573 -0.410986 1 9 1.000000
  9 -0.377539 0.162643 -0.080171 0.194784 -0.980846 -0.000000 0.161573 -0.360383 1 9 1.000000
  9 -0.377539 0.162643 -0.040085 0.194784 -0.980846 -0.000000 0.110712 -0.360383 1 9 1.000000
chr009a01
  9 -0.424412 0.162652 -0.040085 -0.195192 -0.980765 -0.000000 0.110712 -0.410986 1 9 1.000000
  9 -0.424412 0.162652 -0.080171 -0.195192 -0.980765 -0.000000 0.161573 -0.410986 1 9 1.000000
  9 -0.377539 0.162643 -0.040085 0.194784 -0.980846 -0.000000 0.110712 -0.360383 1 9 1.000000
chr009a01
  9 -0.283015 0.257088 -0.040085 0.980704 -0.195498 -0.000000 0.110712 -0.204632 1 9 1.000000
  9 -0.283015 0.257088 -0.080171 0.980704 -0.195498 -0.000000 0.161573 -0.204632 1 9 1.000000
  9 -0.282996 0.304010 -0.040085 0.980866 0.194683 0.000000 0.110712 -0.153899 1 9 1.000000
chr009a01
  9 -0.283015 0.257088 -0.080171 0.980704 -0.195498 -0.000000 0.161573 -0.204632 1 9 1.000000
  9 -0.282996 0.304010 -0.080171 0.980866 0.194683 0.000000 0.161573 -0.153899 1 9 1.000000
  9 -0.282996 0.304010 -0.040085 0.980866 0.194683 0.000000 0.110712 -0.153899 1 9 1.000000
chr009a01
  9 -0.282996 0.304010 -0.040085 0.980866 0.194683 0.000000 0.110712 -0.153899 1 9 1.000000
  9 -0.282996 0.304010 -0.080171 0.980866 0.194683 0.000000 0.161573 -0.153899 1 9 1.000000
  9 -0.300934 0.347367 -0.040085 0.831700 0.555225 0.000000 0.110712 -0.107532 1 9 1.000000
chr009a01
  9 -0.282996 0.304010 -0.080171 0.980866 0.194683 0.000000 0.161573 -0.153899 1 9 1.000000
  9 -0.300934 0.347367 -0.080171 0.831700 0.555225 0.000000 0.161573 -0.107532 1 9 1.000000
  9 -0.300934 0.347367 -0.040085 0.831700 0.555225 0.000000 0.110712 -0.107532 1 9 1.000000
chr009a01
  9 -0.300934 0.347367 -0.040085 0.831700 0.555225 0.000000 0.110712 -0.107532 1 9 1.000000
  9 -0.300934 0.347367 -0.080171 0.831700 0.555225 0.000000 0.161573 -0.107532 1 9 1.000000
  9 -0.334099 0.380560 -0.040085 0.555830 0.831296 0.000000 0.110712 -0.057813 1 9 1.000000
chr009a01
  9 -0.300934 0.347367 -0.080171 0.831700 0.555225 0.000000 0.161573 -0.107532 1 9 1.000000
  9 -0.334099 0.380560 -0.080171 0.555830 0.831296 0.000000 0.161573 -0.057813 1 9 1.000000
  9 -0.334099 0.380560 -0.040085 0.555830 0.831296 0.000000 0.110712 -0.057813 1 9 1.000000
chr009a01
  9 -0.334099 0.380560 -0.040085 0.555830 0.831296 0.000000 0.110712 -0.057813 1 9 1.000000
  9 -0.334099 0.380560 -0.080171 0.555830 0.831296 0.000000 0.161573 -0.057813 1 9 1.000000
  9 -0.377490 0.398544 -0.040085 0.195192 0.980765 0.000000 0.110712 -0.011105 1 9 1.000000
chr009a01
  9 -0.334099 0.380560 -0.080171 0.555830 0.831296 0.000000 0.161573 -0.057813 1 9 1.000000
  9 -0.377490 0.398544 -0.080171 0.195192 0.980765 0.000000 0.161573 -0.011105 1 9 1.000000
  9 -0.377490 0.398544 -0.040085 0.195192 0.980765 0.000000 0.110712 -0.011105 1 9 1.000000
chr009a01
  9 -0.334182 0.180581 -0.040085 0.000000 -0.000000 1.000000 0.110712 -0.311761 1 9 1.000000
  9 -0.300989 0.213746 -0.040085 0.000000 -0.000000 1.000000 0.110712 -0.260879 1 9 1.000000
  9 -0.334310 0.236030 -0.040085 0.000000 -0.000000 1.000000 0.060508 -0.260879 1 9 1.000000
chr009a01
  9 -0.356438 0.213920 -0.040085 0.000000 -0.000000 1.000000 0.060508 -0.311761 1 9 1.000000
  9 -0.334182 0.180581 -0.040085 0.000000 -0.000000 1.000000 0.110712 -0.311761 1 9 1.000000
  9 -0.334310 0.236030 -0.040085 0.000000 -0.000000 1.000000 0.060508 -0.260879 1 9 1.000000
chr009a01
  9 -0.334310 0.236030 -0.040085 0.000000 -0.000000 1.000000 0.060508 -0.260879 1 9 1.000000
  9 -0.300989 0.213746 -0.040085 0.000000 -0.000000 1.000000 0.110712 -0.260879 1 9 1.000000
  9 -0.322327 0.264925 -0.040085 0.000000 -0.000000 1.000000 0.060508 -0.204632 1 9 1.000000
chr009a01
  9 -0.300989 0.213746 -0.040085 0.000000 -0.000000 1.000000 0.110712 -0.260879 1 9 1.000000
  9 -0.283015 0.257088 -0.040085 0.000000 -0.000000 1.000000 0.110712 -0.204632 1 9 1.000000
  9 -0.322327 0.264925 -0.040085 0.000000 -0.000000 1.000000 0.060508 -0.204632 1 9 1.000000
chr009a01
  9 -0.377539 0.162643 -0.040085 0.000000 -0.000000 1.000000 0.110712 -0.360383 1 9 1.000000
  9 -0.334182 0.180581 -0.040085 0.000000 -0.000000 1.000000 0.110712 -0.311761 1 9 1.000000
  9 -0.356438 0.213920 -0.040085 0.000000 -0.000000 1.000000 0.060508 -0.311761 1 9 1.000000
chr009a01
  9 -0.385343 0.201961 -0.040085 0.000000 -0.000000 1.000000 0.060508 -0.360383 1 9 1.000000
  9 -0.377539 0.162643 -0.040085 0.000000 -0.000000 1.000000 0.110712 -0.360383 1 9 1.000000
  9 -0.356438 0.213920 -0.040085 0.000000 -0.000000 1.000000 0.060508 -0.311761 1 9 1.000000
chr009a01
  9 -0.424412 0.162652 -0.040085 0.000000 -0.000000 1.000000 0.110712 -0.410986 1 9 1.000000
  9 -0.377539 0.162643 -0.040085 0.000000 -0.000000 1.000000 0.110712 -0.360383 1 9 1.000000
  9 -0.385343 0.201961 -0.040085 0.000000 -0.000000 1.000000 0.060508 -0.360383 1 9 1.000000
chr009a01
  9 -0.416592 0.201968 -0.040085 0.000000 -0.000000 1.000000 0.060508 -0.410986 1 9 1.000000
  9 -0.424412 0.162652 -0.040085 0.000000 -0.000000 1.000000 0.110712 -0.410986 1 9 1.000000
  9 -0.385343 0.201961 -0.040085 0.000000 -0.000000 1.000000 0.060508 -0.360383 1 9 1.000000
chr009a01
  9 -0.322327 0.264925 -0.040085 0.000000 -0.000000 1.000000 0.060508 -0.204632 1 9 1.000000
  9 -0.283015 0.257088 -0.040085 0.000000 -0.000000 1.000000 0.110712 -0.204632 1 9 1.000000
  9 -0.322314 0.296206 -0.040085 0.000000 -0.000000 1.000000 0.060508 -0.153899 1 9 1.000000
chr009a01
  9 -0.283015 0.257088 -0.040085 0.000000 -0.000000 1.000000 0.110712 -0.204632 1 9 1.000000
  9 -0.282996 0.304010 -0.040085 0.000000 -0.000000 1.000000 0.110712 -0.153899 1 9 1.000000
  9 -0.322314 0.296206 -0.040085 0.000000 -0.000000 1.000000 0.060508 -0.153899 1 9 1.000000
chr009a01
  9 -0.322314 0.296206 -0.040085 0.000000 -0.000000 1.000000 0.060508 -0.153899 1 9 1.000000
  9 -0.282996 0.304010 -0.040085 0.000000 -0.000000 1.000000 0.110712 -0.153899 1 9 1.000000
  9 -0.334273 0.325111 -0.040085 0.000000 -0.000000 1.000000 0.060508 -0.107532 1 9 1.000000
chr009a01
  9 -0.282996 0.304010 -0.040085 0.000000 -0.000000 1.000000 0.110712 -0.153899 1 9 1.000000
  9 -0.300934 0.347367 -0.040085 0.000000 -0.000000 1.000000 0.110712 -0.107532 1 9 1.000000
  9 -0.334273 0.325111 -0.040085 0.000000 -0.000000 1.000000 0.060508 -0.107532 1 9 1.000000
chr009a01
  9 -0.334273 0.325111 -0.040085 0.000000 -0.000000 1.000000 0.060508 -0.107532 1 9 1.000000
  9 -0.300934 0.347367 -0.040085 0.000000 -0.000000 1.000000 0.110712 -0.107532 1 9 1.000000
  9 -0.356383 0.347239 -0.040085 0.000000 -0.000000 1.000000 0.060508 -0.057813 1 9 1.000000
chr009a01
  9 -0.300934 0.347367 -0.040085 0.000000 -0.000000 1.000000 0.110712 -0.107532 1 9 1.000000
  9 -0.334099 0.380560 -0.040085 0.000000 -0.000000 1.000000 0.110712 -0.057813 1 9 1.000000
  9 -0.356383 0.347239 -0.040085 0.000000 -0.000000 1.000000 0.060508 -0.057813 1 9 1.000000
chr009a01
  9 -0.356383 0.347239 -0.040085 0.000000 -0.000000 1.000000 0.060508 -0.057813 1 9 1.000000
  9 -0.334099 0.380560 -0.040085 0.000000 -0.000000 1.000000 0.110712 -0.057813 1 9 1.000000
  9 -0.385310 0.359228 -0.040085 0.000000 -0.000000 1.000000 0.060508 -0.011105 1 9 1.000000
chr009a01
  9 -0.334099 0.380560 -0.040085 0.000000 -0.000000 1.000000 0.110712 -0.057813 1 9 1.000000
  9 -0.377490 0.398544 -0.040085 0.000000 -0.000000 1.000000 0.110712 -0.011105 1 9 1.000000
  9 -0.385310 0.359228 -0.040085 0.000000 -0.000000 1.000000 0.060508 -0.011105 1 9 1.000000
chr009a01
  9 -0.385343 0.201961 -0.080171 -0.194785 0.980846 0.000000 0.010485 -0.360383 1 9 1.000000
  9 -0.416592 0.201968 -0.080171 0.195192 0.980765 0.000000 0.010485 -0.410986 1 9 1.000000
  9 -0.416592 0.201968 -0.040085 0.195192 0.980765 0.000000 0.060508 -0.410986 1 9 1.000000
chr009a01
  9 -0.385343 0.201961 -0.040085 -0.194785 0.980846 0.000000 0.060508 -0.360383 1 9 1.000000
  9 -0.385343 0.201961 -0.080171 -0.194785 0.980846 0.000000 0.010485 -0.360383 1 9 1.000000
  9 -0.416592 0.201968 -0.040085 0.195192 0.980765 0.000000 0.060508 -0.410986 1 9 1.000000
chr009a01
  9 -0.356438 0.213920 -0.080171 -0.555224 0.831701 0.000000 0.010485 -0.311761 1 9 1.000000
  9 -0.385343 0.201961 -0.080171 -0.194785 0.980846 0.000000 0.010485 -0.360383 1 9 1.000000
  9 -0.385343 0.201961 -0.040085 -0.194785 0.980846 0.000000 0.060508 -0.360383 1 9 1.000000
chr009a01
  9 -0.356438 0.213920 -0.040085 -0.555224 0.831701 0.000000 0.060508 -0.311761 1 9 1.000000
  9 -0.356438 0.213920 -0.080171 -0.555224 0.831701 0.000000 0.010485 -0.311761 1 9 1.000000
  9 -0.385343 0.201961 -0.040085 -0.194785 0.980846 0.000000 0.060508 -0.360383 1 9 1.000000
chr009a01
  9 -0.334310 0.236030 -0.080171 -0.831239 0.555916 0.000000 0.010485 -0.260879 1 9 1.000000
  9 -0.356438 0.213920 -0.080171 -0.555224 0.831701 0.000000 0.010485 -0.311761 1 9 1.000000
  9 -0.356438 0.213920 -0.040085 -0.555224 0.831701 0.000000 0.060508 -0.311761 1 9 1.000000
chr009a01
  9 -0.334310 0.236030 -0.040085 -0.831239 0.555916 0.000000 0.060508 -0.260879 1 9 1.000000
  9 -0.334310 0.236030 -0.080171 -0.831239 0.555916 0.000000 0.010485 -0.260879 1 9 1.000000
  9 -0.356438 0.213920 -0.040085 -0.555224 0.831701 0.000000 0.060508 -0.311761 1 9 1.000000
chr009a01
  9 -0.334310 0.236030 -0.080171 -0.831239 0.555916 0.000000 0.010485 -0.260879 1 9 1.000000
  9 -0.334310 0.236030 -0.040085 -0.831239 0.555916 0.000000 0.060508 -0.260879 1 9 1.000000
  9 -0.322327 0.264925 -0.080171 -0.980704 0.195497 0.000000 0.010485 -0.204632 1 9 1.000000
chr009a01
  9 -0.334310 0.236030 -0.040085 -0.831239 0.555916 0.000000 0.060508 -0.260879 1 9 1.000000
  9 -0.322327 0.264925 -0.040085 -0.980704 0.195497 0.000000 0.060508 -0.204632 1 9 1.000000
  9 -0.322327 0.264925 -0.080171 -0.980704 0.195497 0.000000 0.010485 -0.204632 1 9 1.000000
chr009a01
  9 -0.322314 0.296206 -0.080171 -0.980866 -0.194684 -0.000000 0.010485 -0.153899 1 9 1.000000
  9 -0.322327 0.264925 -0.080171 -0.980704 0.195497 0.000000 0.010485 -0.204632 1 9 1.000000
  9 -0.322327 0.264925 -0.040085 -0.980704 0.195497 0.000000 0.060508 -0.204632 1 9 1.000000
chr009a01
  9 -0.322314 0.296206 -0.040085 -0.980866 -0.194683 -0.000000 0.060508 -0.153899 1 9 1.000000
  9 -0.322314 0.296206 -0.080171 -0.980866 -0.194684 -0.000000 0.010485 -0.153899 1 9 1.000000
  9 -0.322327 0.264925 -0.040085 -0.980704 0.195497 0.000000 0.060508 -0.204632 1 9 1.000000
chr009a01
  9 -0.322314 0.296206 -0.080171 -0.980866 -0.194684 -0.000000 0.010485 -0.153899 1 9 1.000000
  9 -0.322314 0.296206 -0.040085 -0.980866 -0.194683 -0.000000 0.060508 -0.153899 1 9 1.000000
  9 -0.334273 0.325111 -0.080171 -0.831701 -0.555224 -0.000000 0.010485 -0.107532 1 9 1.000000
chr009a01
  9 -0.322314 0.296206 -0.040085 -0.980866 -0.194683 -0.000000 0.060508 -0.153899 1 9 1.000000
  9 -0.334273 0.325111 -0.040085 -0.831701 -0.555224 -0.000000 0.060508 -0.107532 1 9 1.000000
  9 -0.334273 0.325111 -0.080171 -0.831701 -0.555224 -0.000000 0.010485 -0.107532 1 9 1.000000
chr009a01
  9 -0.334273 0.325111 -0.080171 -0.831701 -0.555224 -0.000000 0.010485 -0.107532 1 9 1.000000
  9 -0.334273 0.325111 -0.040085 -0.831701 -0.555224 -0.000000 0.060508 -0.107532 1 9 1.000000
  9 -0.356383 0.347239 -0.080171 -0.555830 -0.831296 -0.000000 0.010485 -0.057813 1 9 1.000000
chr009a01
  9 -0.334273 0.325111 -0.040085 -0.831701 -0.555224 -0.000000 0.060508 -0.107532 1 9 1.000000
  9 -0.356383 0.347239 -0.040085 -0.555830 -0.831296 -0.000000 0.060508 -0.057813 1 9 1.000000
  9 -0.356383 0.347239 -0.080171 -0.555830 -0.831296 -0.000000 0.010485 -0.057813 1 9 1.000000
chr009a01
  9 -0.385310 0.359228 -0.080171 -0.195192 -0.980765 -0.000000 0.010485 -0.011105 1 9 1.000000
  9 -0.356383 0.347239 -0.080171 -0.555830 -0.831296 -0.000000 0.010485 -0.057813 1 9 1.000000
  9 -0.356383 0.347239 -0.040085 -0.555830 -0.831296 -0.000000 0.060508 -0.057813 1 9 1.000000
chr009a01
  9 -0.385310 0.359228 -0.040085 -0.195192 -0.980765 -0.000000 0.060508 -0.011105 1 9 1.000000
  9 -0.385310 0.359228 -0.080171 -0.195192 -0.980765 -0.000000 0.010485 -0.011105 1 9 1.000000
  9 -0.356383 0.347239 -0.040085 -0.555830 -0.831296 -0.000000 0.060508 -0.057813 1 9 1.000000
chr009a01
  9 -0.518897 0.257137 -0.080171 0.000000 0.000000 -1.000000 0.110712 -0.260879 1 9 1.000000
  9 -0.479581 0.264957 -0.080171 0.000000 0.000000 -1.000000 0.060508 -0.260879 1 9 1.000000
  9 -0.467611 0.236058 -0.080171 0.000000 0.000000 -1.000000 0.060508 -0.311761 1 9 1.000000
chr009a01
  9 -0.500940 0.213787 -0.080171 0.000000 0.000000 -1.000000 0.110712 -0.311761 1 9 1.000000
  9 -0.518897 0.257137 -0.080171 0.000000 0.000000 -1.000000 0.110712 -0.260879 1 9 1.000000
  9 -0.467611 0.236058 -0.080171 0.000000 0.000000 -1.000000 0.060508 -0.311761 1 9 1.000000
chr009a01
  9 -0.500940 0.213787 -0.080171 0.000000 0.000000 -1.000000 0.110712 -0.311761 1 9 1.000000
  9 -0.467611 0.236058 -0.080171 0.000000 0.000000 -1.000000 0.060508 -0.311761 1 9 1.000000
  9 -0.445492 0.213938 -0.080171 0.000000 0.000000 -1.000000 0.060508 -0.360383 1 9 1.000000
chr009a01
  9 -0.467762 0.180609 -0.080171 0.000000 0.000000 -1.000000 0.110712 -0.360383 1 9 1.000000
  9 -0.500940 0.213787 -0.080171 0.000000 0.000000 -1.000000 0.110712 -0.311761 1 9 1.000000
  9 -0.445492 0.213938 -0.080171 0.000000 0.000000 -1.000000 0.060508 -0.360383 1 9 1.000000
chr009a01
  9 -0.424412 0.162652 -0.080171 0.000000 0.000000 -1.000000 0.110712 -0.410986 1 9 1.000000
  9 -0.467762 0.180609 -0.080171 0.000000 0.000000 -1.000000 0.110712 -0.360383 1 9 1.000000
  9 -0.416592 0.201968 -0.080171 0.000000 0.000000 -1.000000 0.060508 -0.410986 1 9 1.000000
chr009a01
  9 -0.467762 0.180609 -0.080171 0.000000 0.000000 -1.000000 0.110712 -0.360383 1 9 1.000000
  9 -0.445492 0.213938 -0.080171 0.000000 0.000000 -1.000000 0.060508 -0.360383 1 9 1.000000
  9 -0.416592 0.201968 -0.080171 0.000000 0.000000 -1.000000 0.060508 -0.410986 1 9 1.000000
chr009a01
  9 -0.518897 0.257137 -0.080171 0.000000 0.000000 -1.000000 0.110712 -0.260879 1 9 1.000000
  9 -0.518897 0.304059 -0.080171 0.000000 0.000000 -1.000000 0.110712 -0.204632 1 9 1.000000
  9 -0.479581 0.264957 -0.080171 0.000000 0.000000 -1.000000 0.060508 -0.260879 1 9 1.000000
chr009a01
  9 -0.518897 0.304059 -0.080171 0.000000 0.000000 -1.000000 0.110712 -0.204632 1 9 1.000000
  9 -0.479581 0.296239 -0.080171 0.000000 0.000000 -1.000000 0.060508 -0.204632 1 9 1.000000
  9 -0.479581 0.264957 -0.080171 0.000000 0.000000 -1.000000 0.060508 -0.260879 1 9 1.000000
chr009a01
  9 -0.518897 0.304059 -0.080171 0.000000 0.000000 -1.000000 0.110712 -0.204632 1 9 1.000000
  9 -0.500940 0.347409 -0.080171 0.000000 0.000000 -1.000000 0.110712 -0.153899 1 9 1.000000
  9 -0.479581 0.296239 -0.080171 0.000000 0.000000 -1.000000 0.060508 -0.204632 1 9 1.000000
chr009a01
  9 -0.500940 0.347409 -0.080171 0.000000 0.000000 -1.000000 0.110712 -0.153899 1 9 1.000000
  9 -0.467611 0.325139 -0.080171 0.000000 0.000000 -1.000000 0.060508 -0.153899 1 9 1.000000
  9 -0.479581 0.296239 -0.080171 0.000000 0.000000 -1.000000 0.060508 -0.204632 1 9 1.000000
chr009a01
  9 -0.500940 0.347409 -0.080171 0.000000 0.000000 -1.000000 0.110712 -0.153899 1 9 1.000000
  9 -0.467762 0.380587 -0.080171 0.000000 0.000000 -1.000000 0.110712 -0.107532 1 9 1.000000
  9 -0.467611 0.325139 -0.080171 0.000000 0.000000 -1.000000 0.060508 -0.153899 1 9 1.000000
chr009a01
  9 -0.467762 0.380587 -0.080171 0.000000 0.000000 -1.000000 0.110712 -0.107532 1 9 1.000000
  9 -0.445492 0.347258 -0.080171 0.000000 0.000000 -1.000000 0.060508 -0.107532 1 9 1.000000
  9 -0.467611 0.325139 -0.080171 0.000000 0.000000 -1.000000 0.060508 -0.153899 1 9 1.000000
chr009a01
  9 -0.467762 0.380587 -0.080171 0.000000 0.000000 -1.000000 0.110712 -0.107532 1 9 1.000000
  9 -0.424412 0.398544 -0.080171 0.000000 0.000000 -1.000000 0.110712 -0.057813 1 9 1.000000
  9 -0.445492 0.347258 -0.080171 0.000000 0.000000 -1.000000 0.060508 -0.107532 1 9 1.000000
chr009a01
  9 -0.424412 0.398544 -0.080171 0.000000 0.000000 -1.000000 0.110712 -0.057813 1 9 1.000000
  9 -0.377490 0.398544 -0.080171 0.000000 0.000000 -1.000000 0.110712 -0.011105 1 9 1.000000
  9 -0.416592 0.359228 -0.080171 0.000000 0.000000 -1.000000 0.060508 -0.057813 1 9 1.000000
chr009a01
  9 -0.377490 0.398544 -0.080171 0.000000 0.000000 -1.000000 0.110712 -0.011105 1 9 1.000000
  9 -0.385310 0.359228 -0.080171 0.000000 0.000000 -1.000000 0.060508 -0.011105 1 9 1.000000
  9 -0.416592 0.359228 -0.080171 0.000000 0.000000 -1.000000 0.060508 -0.057813 1 9 1.000000
chr009a01
  9 -0.424412 0.398544 -0.080171 0.000000 0.000000 -1.000000 0.110712 -0.057813 1 9 1.000000
  9 -0.416592 0.359228 -0.080171 0.000000 0.000000 -1.000000 0.060508 -0.057813 1 9 1.000000
  9 -0.445492 0.347258 -0.080171 0.000000 0.000000 -1.000000 0.060508 -0.107532 1 9 1.000000
chr009a01
  9 -0.500940 0.213787 -0.080171 -0.831470 -0.555570 -0.000000 0.161573 -0.311761 1 9 1.000000
  9 -0.500940 0.213787 -0.040085 -0.831470 -0.555570 -0.000000 0.110712 -0.311761 1 9 1.000000
  9 -0.518897 0.257137 -0.040085 -0.980785 -0.195090 -0.000000 0.110712 -0.260879 1 9 1.000000
chr009a01
  9 -0.518897 0.257137 -0.080171 -0.980785 -0.195090 -0.000000 0.161573 -0.260879 1 9 1.000000
  9 -0.500940 0.213787 -0.080171 -0.831470 -0.555570 -0.000000 0.161573 -0.311761 1 9 1.000000
  9 -0.518897 0.257137 -0.040085 -0.980785 -0.195090 -0.000000 0.110712 -0.260879 1 9 1.000000
chr009a01
  9 -0.518897 0.257137 -0.080171 -0.980785 -0.195090 -0.000000 0.161573 -0.260879 1 9 1.000000
  9 -0.518897 0.257137 -0.040085 -0.980785 -0.195090 -0.000000 0.110712 -0.260879 1 9 1.000000
  9 -0.518897 0.304059 -0.040085 -0.980785 0.195090 0.000000 0.110712 -0.204632 1 9 1.000000
chr009a01
  9 -0.518897 0.304059 -0.080171 -0.980785 0.195090 0.000000 0.161573 -0.204632 1 9 1.000000
  9 -0.518897 0.257137 -0.080171 -0.980785 -0.195090 -0.000000 0.161573 -0.260879 1 9 1.000000
  9 -0.518897 0.304059 -0.040085 -0.980785 0.195090 0.000000 0.110712 -0.204632 1 9 1.000000
chr009a01
  9 -0.500940 0.213787 -0.080171 -0.831470 -0.555570 -0.000000 0.161573 -0.311761 1 9 1.000000
  9 -0.467762 0.180609 -0.080171 -0.555570 -0.831470 -0.000000 0.161573 -0.360383 1 9 1.000000
  9 -0.500940 0.213787 -0.040085 -0.831470 -0.555570 -0.000000 0.110712 -0.311761 1 9 1.000000
chr009a01
  9 -0.467762 0.180609 -0.080171 -0.555570 -0.831470 -0.000000 0.161573 -0.360383 1 9 1.000000
  9 -0.424412 0.162652 -0.080171 -0.195192 -0.980765 -0.000000 0.161573 -0.410986 1 9 1.000000
  9 -0.467762 0.180609 -0.040085 -0.555570 -0.831470 -0.000000 0.110712 -0.360383 1 9 1.000000
chr009a01
  9 -0.424412 0.162652 -0.080171 -0.195192 -0.980765 -0.000000 0.161573 -0.410986 1 9 1.000000
  9 -0.424412 0.162652 -0.040085 -0.195192 -0.980765 -0.000000 0.110712 -0.410986 1 9 1.000000
  9 -0.467762 0.180609 -0.040085 -0.555570 -0.831470 -0.000000 0.110712 -0.360383 1 9 1.000000
chr009a01
  9 -0.467762 0.180609 -0.080171 -0.555570 -0.831470 -0.000000 0.161573 -0.360383 1 9 1.000000
  9 -0.467762 0.180609 -0.040085 -0.555570 -0.831470 -0.000000 0.110712 -0.360383 1 9 1.000000
  9 -0.500940 0.213787 -0.040085 -0.831470 -0.555570 -0.000000 0.110712 -0.311761 1 9 1.000000
chr009a01
  9 -0.518897 0.304059 -0.080171 -0.980785 0.195090 0.000000 0.161573 -0.204632 1 9 1.000000
  9 -0.518897 0.304059 -0.040085 -0.980785 0.195090 0.000000 0.110712 -0.204632 1 9 1.000000
  9 -0.500940 0.347409 -0.040085 -0.831470 0.555570 0.000000 0.110712 -0.153899 1 9 1.000000
chr009a01
  9 -0.500940 0.347409 -0.080171 -0.831470 0.555570 0.000000 0.161573 -0.153899 1 9 1.000000
  9 -0.518897 0.304059 -0.080171 -0.980785 0.195090 0.000000 0.161573 -0.204632 1 9 1.000000
  9 -0.500940 0.347409 -0.040085 -0.831470 0.555570 0.000000 0.110712 -0.153899 1 9 1.000000
chr009a01
  9 -0.500940 0.347409 -0.080171 -0.831470 0.555570 0.000000 0.161573 -0.153899 1 9 1.000000
  9 -0.500940 0.347409 -0.040085 -0.831470 0.555570 0.000000 0.110712 -0.153899 1 9 1.000000
  9 -0.467762 0.380587 -0.040085 -0.555570 0.831470 0.000000 0.110712 -0.107532 1 9 1.000000
chr009a01
  9 -0.467762 0.380587 -0.080171 -0.555570 0.831470 0.000000 0.161573 -0.107532 1 9 1.000000
  9 -0.500940 0.347409 -0.080171 -0.831470 0.555570 0.000000 0.161573 -0.153899 1 9 1.000000
  9 -0.467762 0.380587 -0.040085 -0.555570 0.831470 0.000000 0.110712 -0.107532 1 9 1.000000
chr009a01
  9 -0.467762 0.380587 -0.080171 -0.555570 0.831470 0.000000 0.161573 -0.107532 1 9 1.000000
  9 -0.467762 0.380587 -0.040085 -0.555570 0.831470 0.000000 0.110712 -0.107532 1 9 1.000000
  9 -0.424412 0.398544 -0.040085 -0.195090 0.980785 0.000000 0.110712 -0.057813 1 9 1.000000
chr009a01
  9 -0.424412 0.398544 -0.080171 -0.195090 0.980785 0.000000 0.161573 -0.057813 1 9 1.000000
  9 -0.424412 0.398544 -0.040085 -0.195090 0.980785 0.000000 0.110712 -0.057813 1 9 1.000000
  9 -0.377490 0.398544 -0.040085 0.195192 0.980765 0.000000 0.110712 -0.011105 1 9 1.000000
chr009a01
  9 -0.377490 0.398544 -0.080171 0.195192 0.980765 0.000000 0.161573 -0.011105 1 9 1.000000
  9 -0.424412 0.398544 -0.080171 -0.195090 0.980785 0.000000 0.161573 -0.057813 1 9 1.000000
  9 -0.377490 0.398544 -0.040085 0.195192 0.980765 0.000000 0.110712 -0.011105 1 9 1.000000
chr009a01
  9 -0.424412 0.398544 -0.080171 -0.195090 0.980785 0.000000 0.161573 -0.057813 1 9 1.000000
  9 -0.467762 0.380587 -0.080171 -0.555570 0.831470 0.000000 0.161573 -0.107532 1 9 1.000000
  9 -0.424412 0.398544 -0.040085 -0.195090 0.980785 0.000000 0.110712 -0.057813 1 9 1.000000
chr009a01
  9 -0.500940 0.213787 -0.040085 0.000000 -0.000000 1.000000 0.110712 -0.311761 1 9 1.000000
  9 -0.467611 0.236058 -0.040085 0.000000 -0.000000 1.000000 0.060508 -0.311761 1 9 1.000000
  9 -0.479581 0.264957 -0.040085 0.000000 -0.000000 1.000000 0.060508 -0.260879 1 9 1.000000
chr009a01
  9 -0.518897 0.257137 -0.040085 0.000000 -0.000000 1.000000 0.110712 -0.260879 1 9 1.000000
  9 -0.500940 0.213787 -0.040085 0.000000 -0.000000 1.000000 0.110712 -0.311761 1 9 1.000000
  9 -0.479581 0.264957 -0.040085 0.000000 -0.000000 1.000000 0.060508 -0.260879 1 9 1.000000
chr009a01
  9 -0.518897 0.257137 -0.040085 0.000000 -0.000000 1.000000 0.110712 -0.260879 1 9 1.000000
  9 -0.479581 0.264957 -0.040085 0.000000 -0.000000 1.000000 0.060508 -0.260879 1 9 1.000000
  9 -0.479581 0.296239 -0.040085 0.000000 -0.000000 1.000000 0.060508 -0.204632 1 9 1.000000
chr009a01
  9 -0.518897 0.304059 -0.040085 0.000000 -0.000000 1.000000 0.110712 -0.204632 1 9 1.000000
  9 -0.518897 0.257137 -0.040085 0.000000 -0.000000 1.000000 0.110712 -0.260879 1 9 1.000000
  9 -0.479581 0.296239 -0.040085 0.000000 -0.000000 1.000000 0.060508 -0.204632 1 9 1.000000
chr009a01
  9 -0.500940 0.213787 -0.040085 0.000000 -0.000000 1.000000 0.110712 -0.311761 1 9 1.000000
  9 -0.467762 0.180609 -0.040085 0.000000 -0.000000 1.000000 0.110712 -0.360383 1 9 1.000000
  9 -0.467611 0.236058 -0.040085 0.000000 -0.000000 1.000000 0.060508 -0.311761 1 9 1.000000
chr009a01
  9 -0.467762 0.180609 -0.040085 0.000000 -0.000000 1.000000 0.110712 -0.360383 1 9 1.000000
  9 -0.445492 0.213938 -0.040085 0.000000 -0.000000 1.000000 0.060508 -0.360383 1 9 1.000000
  9 -0.467611 0.236058 -0.040085 0.000000 -0.000000 1.000000 0.060508 -0.311761 1 9 1.000000
chr009a01
  9 -0.467762 0.180609 -0.040085 0.000000 -0.000000 1.000000 0.110712 -0.360383 1 9 1.000000
  9 -0.424412 0.162652 -0.040085 0.000000 -0.000000 1.000000 0.110712 -0.410986 1 9 1.000000
  9 -0.445492 0.213938 -0.040085 0.000000 -0.000000 1.000000 0.060508 -0.360383 1 9 1.000000
chr009a01
  9 -0.424412 0.162652 -0.040085 0.000000 -0.000000 1.000000 0.110712 -0.410986 1 9 1.000000
  9 -0.416592 0.201968 -0.040085 0.000000 -0.000000 1.000000 0.060508 -0.410986 1 9 1.000000
  9 -0.445492 0.213938 -0.040085 0.000000 -0.000000 1.000000 0.060508 -0.360383 1 9 1.000000
chr009a01
  9 -0.518897 0.304059 -0.040085 0.000000 -0.000000 1.000000 0.110712 -0.204632 1 9 1.000000
  9 -0.479581 0.296239 -0.040085 0.000000 -0.000000 1.000000 0.060508 -0.204632 1 9 1.000000
  9 -0.467611 0.325139 -0.040085 0.000000 -0.000000 1.000000 0.060508 -0.153899 1 9 1.000000
chr009a01
  9 -0.500940 0.347409 -0.040085 0.000000 -0.000000 1.000000 0.110712 -0.153899 1 9 1.000000
  9 -0.518897 0.304059 -0.040085 0.000000 -0.000000 1.000000 0.110712 -0.204632 1 9 1.000000
  9 -0.467611 0.325139 -0.040085 0.000000 -0.000000 1.000000 0.060508 -0.153899 1 9 1.000000
chr009a01
  9 -0.500940 0.347409 -0.040085 0.000000 -0.000000 1.000000 0.110712 -0.153899 1 9 1.000000
  9 -0.467611 0.325139 -0.040085 0.000000 -0.000000 1.000000 0.060508 -0.153899 1 9 1.000000
  9 -0.445492 0.347258 -0.040085 0.000000 -0.000000 1.000000 0.060508 -0.107532 1 9 1.000000
chr009a01
  9 -0.467762 0.380587 -0.040085 0.000000 -0.000000 1.000000 0.110712 -0.107532 1 9 1.000000
  9 -0.500940 0.347409 -0.040085 0.000000 -0.000000 1.000000 0.110712 -0.153899 1 9 1.000000
  9 -0.445492 0.347258 -0.040085 0.000000 -0.000000 1.000000 0.060508 -0.107532 1 9 1.000000
chr009a01
  9 -0.467762 0.380587 -0.040085 0.000000 -0.000000 1.000000 0.110712 -0.107532 1 9 1.000000
  9 -0.445492 0.347258 -0.040085 0.000000 -0.000000 1.000000 0.060508 -0.107532 1 9 1.000000
  9 -0.416592 0.359228 -0.040085 0.000000 -0.000000 1.000000 0.060508 -0.057813 1 9 1.000000
chr009a01
  9 -0.424412 0.398544 -0.040085 0.000000 -0.000000 1.000000 0.110712 -0.057813 1 9 1.000000
  9 -0.467762 0.380587 -0.040085 0.000000 -0.000000 1.000000 0.110712 -0.107532 1 9 1.000000
  9 -0.416592 0.359228 -0.040085 0.000000 -0.000000 1.000000 0.060508 -0.057813 1 9 1.000000
chr009a01
  9 -0.424412 0.398544 -0.040085 0.000000 -0.000000 1.000000 0.110712 -0.057813 1 9 1.000000
  9 -0.416592 0.359228 -0.040085 0.000000 -0.000000 1.000000 0.060508 -0.057813 1 9 1.000000
  9 -0.385310 0.359228 -0.040085 0.000000 -0.000000 1.000000 0.060508 -0.011105 1 9 1.000000
chr009a01
  9 -0.377490 0.398544 -0.040085 0.000000 -0.000000 1.000000 0.110712 -0.011105 1 9 1.000000
  9 -0.424412 0.398544 -0.040085 0.000000 -0.000000 1.000000 0.110712 -0.057813 1 9 1.000000
  9 -0.385310 0.359228 -0.040085 0.000000 -0.000000 1.000000 0.060508 -0.011105 1 9 1.000000
chr009a01
  9 -0.416592 0.201968 -0.080171 0.195192 0.980765 0.000000 0.010485 -0.410986 1 9 1.000000
  9 -0.445492 0.213938 -0.080171 0.555571 0.831469 0.000000 0.010485 -0.360383 1 9 1.000000
  9 -0.416592 0.201968 -0.040085 0.195192 0.980765 0.000000 0.060508 -0.410986 1 9 1.000000
chr009a01
  9 -0.445492 0.213938 -0.080171 0.555571 0.831469 0.000000 0.010485 -0.360383 1 9 1.000000
  9 -0.445492 0.213938 -0.040085 0.555571 0.831469 0.000000 0.060508 -0.360383 1 9 1.000000
  9 -0.416592 0.201968 -0.040085 0.195192 0.980765 0.000000 0.060508 -0.410986 1 9 1.000000
chr009a01
  9 -0.445492 0.213938 -0.080171 0.555571 0.831469 0.000000 0.010485 -0.360383 1 9 1.000000
  9 -0.467611 0.236058 -0.080171 0.831469 0.555570 0.000000 0.010485 -0.311761 1 9 1.000000
  9 -0.445492 0.213938 -0.040085 0.555571 0.831469 0.000000 0.060508 -0.360383 1 9 1.000000
chr009a01
  9 -0.467611 0.236058 -0.080171 0.831469 0.555570 0.000000 0.010485 -0.311761 1 9 1.000000
  9 -0.467611 0.236058 -0.040085 0.831469 0.555570 0.000000 0.060508 -0.311761 1 9 1.000000
  9 -0.445492 0.213938 -0.040085 0.555571 0.831469 0.000000 0.060508 -0.360383 1 9 1.000000
chr009a01
  9 -0.467611 0.236058 -0.080171 0.831469 0.555570 0.000000 0.010485 -0.311761 1 9 1.000000
  9 -0.479581 0.264957 -0.080171 0.980785 0.195091 0.000000 0.010485 -0.260879 1 9 1.000000
  9 -0.467611 0.236058 -0.040085 0.831469 0.555570 0.000000 0.060508 -0.311761 1 9 1.000000
chr009a01
  9 -0.479581 0.264957 -0.080171 0.980785 0.195091 0.000000 0.010485 -0.260879 1 9 1.000000
  9 -0.479581 0.264957 -0.040085 0.980785 0.195091 0.000000 0.060508 -0.260879 1 9 1.000000
  9 -0.467611 0.236058 -0.040085 0.831469 0.555570 0.000000 0.060508 -0.311761 1 9 1.000000
chr009a01
  9 -0.479581 0.264957 -0.040085 0.980785 0.195091 0.000000 0.060508 -0.260879 1 9 1.000000
  9 -0.479581 0.264957 -0.080171 0.980785 0.195091 0.000000 0.010485 -0.260879 1 9 1.000000
  9 -0.479581 0.296239 -0.080171 0.980785 -0.195091 -0.000000 0.010485 -0.204632 1 9 1.000000
chr009a01
  9 -0.479581 0.296239 -0.040085 0.980785 -0.195091 -0.000000 0.060508 -0.204632 1 9 1.000000
  9 -0.479581 0.264957 -0.040085 0.980785 0.195091 0.000000 0.060508 -0.260879 1 9 1.000000
  9 -0.479581 0.296239 -0.080171 0.980785 -0.195091 -0.000000 0.010485 -0.204632 1 9 1.000000
chr009a01
  9 -0.479581 0.296239 -0.080171 0.980785 -0.195091 -0.000000 0.010485 -0.204632 1 9 1.000000
  9 -0.467611 0.325139 -0.080171 0.831470 -0.555570 -0.000000 0.010485 -0.153899 1 9 1.000000
  9 -0.479581 0.296239 -0.040085 0.980785 -0.195091 -0.000000 0.060508 -0.204632 1 9 1.000000
chr009a01
  9 -0.467611 0.325139 -0.080171 0.831470 -0.555570 -0.000000 0.010485 -0.153899 1 9 1.000000
  9 -0.467611 0.325139 -0.040085 0.831470 -0.555570 -0.000000 0.060508 -0.153899 1 9 1.000000
  9 -0.479581 0.296239 -0.040085 0.980785 -0.195091 -0.000000 0.060508 -0.204632 1 9 1.000000
chr009a01
  9 -0.467611 0.325139 -0.040085 0.831470 -0.555570 -0.000000 0.060508 -0.153899 1 9 1.000000
  9 -0.467611 0.325139 -0.080171 0.831470 -0.555570 -0.000000 0.010485 -0.153899 1 9 1.000000
  9 -0.445492 0.347258 -0.080171 0.555571 -0.831469 -0.000000 0.010485 -0.107532 1 9 1.000000
chr009a01
  9 -0.445492 0.347258 -0.040085 0.555571 -0.831469 -0.000000 0.060508 -0.107532 1 9 1.000000
  9 -0.467611 0.325139 -0.040085 0.831470 -0.555570 -0.000000 0.060508 -0.153899 1 9 1.000000
  9 -0.445492 0.347258 -0.080171 0.555571 -0.831469 -0.000000 0.010485 -0.107532 1 9 1.000000
chr009a01
  9 -0.445492 0.347258 -0.040085 0.555571 -0.831469 -0.000000 0.060508 -0.107532 1 9 1.000000
  9 -0.445492 0.347258 -0.080171 0.555571 -0.831469 -0.000000 0.010485 -0.107532 1 9 1.000000
  9 -0.416592 0.359228 -0.080171 0.195091 -0.980785 -0.000000 0.010485 -0.057813 1 9 1.000000
chr009a01
  9 -0.416592 0.359228 -0.040085 0.195091 -0.980785 -0.000000 0.060508 -0.057813 1 9 1.000000
  9 -0.445492 0.347258 -0.040085 0.555571 -0.831469 -0.000000 0.060508 -0.107532 1 9 1.000000
  9 -0.416592 0.359228 -0.080171 0.195091 -0.980785 -0.000000 0.010485 -0.057813 1 9 1.000000
chr009a01
  9 -0.416592 0.359228 -0.080171 0.195091 -0.980785 -0.000000 0.010485 -0.057813 1 9 1.000000
  9 -0.385310 0.359228 -0.080171 -0.195192 -0.980765 -0.000000 0.010485 -0.011105 1 9 1.000000
  9 -0.416592 0.359228 -0.040085 0.195091 -0.980785 -0.000000 0.060508 -0.057813 1 9 1.000000
chr009a01
  9 -0.385310 0.359228 -0.080171 -0.195192 -0.980765 -0.000000 0.010485 -0.011105 1 9 1.000000
  9 -0.385310 0.359228 -0.040085 -0.195192 -0.980765 -0.000000 0.060508 -0.011105 1 9 1.000000
  9 -0.416592 0.359228 -0.040085 0.195091 -0.980785 -0.000000 0.060508 -0.057813 1 9 1.000000
chr009a01
  9 -0.570991 0.422253 -0.072154 -0.005867 0.005867 -0.999966 0.280780 -0.110940 1 9 1.000000
  9 -0.542646 0.450598 -0.072154 -0.005867 0.005867 -0.999966 0.232369 -0.110940 1 9 1.000000
  9 -0.459372 0.363072 -0.073156 -0.005867 0.005867 -0.999966 0.232253 -0.293689 1 9 1.000000
chr009a01
  9 -0.483465 0.338979 -0.073156 -0.005867 0.005867 -0.999966 0.280880 -0.293689 1 9 1.000000
  9 -0.570991 0.422253 -0.072154 -0.005867 0.005867 -0.999966 0.280780 -0.110940 1 9 1.000000
  9 -0.459372 0.363072 -0.073156 -0.005867 0.005867 -0.999966 0.232253 -0.293689 1 9 1.000000
chr009a01
  9 -0.483465 0.338979 -0.047100 -0.689292 -0.724484 -0.000000 0.232253 -0.292964 1 9 1.000000
  9 -0.570991 0.422253 -0.048103 -0.689292 -0.724484 -0.000000 0.232369 -0.110940 1 9 1.000000
  9 -0.570991 0.422253 -0.072154 -0.689292 -0.724484 -0.000000 0.182104 -0.110940 1 9 1.000000
chr009a01
  9 -0.483465 0.338979 -0.073156 -0.689292 -0.724484 -0.000000 0.182104 -0.292964 1 9 1.000000
  9 -0.483465 0.338979 -0.047100 -0.689292 -0.724484 -0.000000 0.232253 -0.292964 1 9 1.000000
  9 -0.570991 0.422253 -0.072154 -0.689292 -0.724484 -0.000000 0.182104 -0.110940 1 9 1.000000
chr009a01
  9 -0.542646 0.450598 -0.072154 0.724485 0.689291 0.000000 0.182104 -0.110940 1 9 1.000000
  9 -0.542646 0.450598 -0.048103 0.724485 0.689291 0.000000 0.232369 -0.110940 1 9 1.000000
  9 -0.459372 0.363072 -0.047100 0.724485 0.689291 0.000000 0.232253 -0.292964 1 9 1.000000
chr009a01
  9 -0.459372 0.363072 -0.073156 0.724485 0.689291 0.000000 0.182104 -0.292964 1 9 1.000000
  9 -0.542646 0.450598 -0.072154 0.724485 0.689291 0.000000 0.182104 -0.110940 1 9 1.000000
  9 -0.459372 0.363072 -0.047100 0.724485 0.689291 0.000000 0.232253 -0.292964 1 9 1.000000
chr009a01
  9 -0.570991 0.422253 -0.048103 -0.707107 0.707107 0.000000 0.232369 -0.061997 1 9 1.000000
  9 -0.542646 0.450598 -0.048103 -0.707107 0.707107 0.000000 0.232369 -0.110940 1 9 1.000000
  9 -0.542646 0.450598 -0.072154 -0.707107 0.707107 0.000000 0.280780 -0.110940 1 9 1.000000
chr009a01
  9 -0.570991 0.422253 -0.072154 -0.707107 0.707107 0.000000 0.280780 -0.061997 1 9 1.000000
  9 -0.570991 0.422253 -0.048103 -0.707107 0.707107 0.000000 0.232369 -0.061997 1 9 1.000000
  9 -0.542646 0.450598 -0.072154 -0.707107 0.707107 0.000000 0.280780 -0.110940 1 9 1.000000
chr009a01
  9 -0.459372 0.363072 -0.047100 -0.005867 0.005867 0.999966 0.232253 -0.293689 1 9 1.000000
  9 -0.542646 0.450598 -0.048103 -0.005867 0.005867 0.999966 0.232369 -0.110940 1 9 1.000000
  9 -0.570991 0.422253 -0.048103 -0.005867 0.005867 0.999966 0.280780 -0.110940 1 9 1.000000
chr009a01
  9 -0.483465 0.338979 -0.047100 -0.005867 0.005867 0.999966 0.280880 -0.293689 1 9 1.000000
  9 -0.459372 0.363072 -0.047100 -0.005867 0.005867 0.999966 0.232253 -0.293689 1 9 1.000000
  9 -0.570991 0.422253 -0.048103 -0.005867 0.005867 0.999966 0.280780 -0.110940 1 9 1.000000
chr009a01
  9 -0.383915 0.380294 -0.073156 0.000000 0.010576 -0.999944 0.232253 -0.293689 1 9 1.000000
  9 -0.389727 0.303260 -0.074158 0.000000 0.013008 -0.999915 0.232253 -0.410249 1 9 1.000000
  9 -0.412175 0.303260 -0.074158 0.000000 0.013008 -0.999915 0.280880 -0.410249 1 9 1.000000
chr009a01
  9 -0.417987 0.380294 -0.073156 0.000000 0.010576 -0.999944 0.280880 -0.293689 1 9 1.000000
  9 -0.383915 0.380294 -0.073156 0.000000 0.010576 -0.999944 0.232253 -0.293689 1 9 1.000000
  9 -0.412175 0.303260 -0.074158 0.000000 0.013008 -0.999915 0.280880 -0.410249 1 9 1.000000
chr009a01
  9 -0.417987 0.380294 -0.073156 0.000000 0.010576 -0.999944 0.280880 -0.293689 1 9 1.000000
  9 -0.420994 0.501068 -0.072154 0.000000 0.008297 -0.999966 0.280780 -0.110940 1 9 1.000000
  9 -0.383915 0.380294 -0.073156 0.000000 0.010576 -0.999944 0.232253 -0.293689 1 9 1.000000
chr009a01
  9 -0.420994 0.501068 -0.072154 0.000000 0.008297 -0.999966 0.280780 -0.110940 1 9 1.000000
  9 -0.380908 0.501068 -0.072154 0.000000 0.008297 -0.999966 0.232369 -0.110940 1 9 1.000000
  9 -0.383915 0.380294 -0.073156 0.000000 0.010576 -0.999944 0.232253 -0.293689 1 9 1.000000
chr009a01
  9 -0.412175 0.303260 -0.046098 -0.997166 -0.075238 -0.000000 0.232253 -0.409524 1 9 1.000000
  9 -0.417987 0.380294 -0.047100 -0.998737 -0.050248 -0.000000 0.232253 -0.292964 1 9 1.000000
  9 -0.417987 0.380294 -0.073156 -0.998737 -0.050248 -0.000000 0.182104 -0.292964 1 9 1.000000
chr009a01
  9 -0.412175 0.303260 -0.074158 -0.997166 -0.075238 -0.000000 0.182104 -0.409524 1 9 1.000000
  9 -0.412175 0.303260 -0.046098 -0.997166 -0.075238 -0.000000 0.232253 -0.409524 1 9 1.000000
  9 -0.417987 0.380294 -0.073156 -0.998737 -0.050248 -0.000000 0.182104 -0.292964 1 9 1.000000
chr009a01
  9 -0.417987 0.380294 -0.073156 -0.998737 -0.050248 -0.000000 0.182104 -0.292964 1 9 1.000000
  9 -0.417987 0.380294 -0.047100 -0.998737 -0.050248 -0.000000 0.232253 -0.292964 1 9 1.000000
  9 -0.420994 0.501068 -0.072154 -0.999690 -0.024885 -0.000000 0.182104 -0.110940 1 9 1.000000
chr009a01
  9 -0.417987 0.380294 -0.047100 -0.998737 -0.050248 -0.000000 0.232253 -0.292964 1 9 1.000000
  9 -0.420994 0.501068 -0.048103 -0.999690 -0.024885 -0.000000 0.232369 -0.110940 1 9 1.000000
  9 -0.420994 0.501068 -0.072154 -0.999690 -0.024885 -0.000000 0.182104 -0.110940 1 9 1.000000
chr009a01
  9 -0.383915 0.380294 -0.073156 0.998737 -0.050248 -0.000000 0.182104 -0.292964 1 9 1.000000
  9 -0.383915 0.380294 -0.047100 0.998737 -0.050248 -0.000000 0.232253 -0.292964 1 9 1.000000
  9 -0.389727 0.303260 -0.046098 0.997166 -0.075239 -0.000000 0.232253 -0.409524 1 9 1.000000
chr009a01
  9 -0.389727 0.303260 -0.074158 0.997166 -0.075239 -0.000000 0.182104 -0.409524 1 9 1.000000
  9 -0.383915 0.380294 -0.073156 0.998737 -0.050248 -0.000000 0.182104 -0.292964 1 9 1.000000
  9 -0.389727 0.303260 -0.046098 0.997166 -0.075239 -0.000000 0.232253 -0.409524 1 9 1.000000
chr009a01
  9 -0.383915 0.380294 -0.073156 0.998737 -0.050248 -0.000000 0.182104 -0.292964 1 9 1.000000
  9 -0.380908 0.501068 -0.072154 0.999690 -0.024885 -0.000000 0.182104 -0.110940 1 9 1.000000
  9 -0.383915 0.380294 -0.047100 0.998737 -0.050248 -0.000000 0.232253 -0.292964 1 9 1.000000
chr009a01
  9 -0.380908 0.501068 -0.072154 0.999690 -0.024885 -0.000000 0.182104 -0.110940 1 9 1.000000
  9 -0.380908 0.501068 -0.048103 0.999690 -0.024885 -0.000000 0.232369 -0.110940 1 9 1.000000
  9 -0.383915 0.380294 -0.047100 0.998737 -0.050248 -0.000000 0.232253 -0.292964 1 9 1.000000
chr009a01
  9 -0.417987 0.380294 -0.047100 0.000000 0.010576 0.999944 0.280880 -0.293689 1 9 1.000000
  9 -0.412175 0.303260 -0.046098 0.000000 0.013008 0.999915 0.280880 -0.410249 1 9 1.000000
  9 -0.389727 0.303260 -0.046098 0.000000 0.013008 0.999915 0.232253 -0.410249 1 9 1.000000
chr009a01
  9 -0.383915 0.380294 -0.047100 0.000000 0.010576 0.999944 0.232253 -0.293689 1 9 1.000000
  9 -0.417987 0.380294 -0.047100 0.000000 0.010576 0.999944 0.280880 -0.293689 1 9 1.000000
  9 -0.389727 0.303260 -0.046098 0.000000 0.013008 0.999915 0.232253 -0.410249 1 9 1.000000
chr009a01
  9 -0.417987 0.380294 -0.047100 0.000000 0.010576 0.999944 0.280880 -0.293689 1 9 1.000000
  9 -0.383915 0.380294 -0.047100 0.000000 0.010576 0.999944 0.232253 -0.293689 1 9 1.000000
  9 -0.420994 0.501068 -0.048103 0.000000 0.008297 0.999966 0.280780 -0.110940 1 9 1.000000
chr009a01
  9 -0.383915 0.380294 -0.047100 0.000000 0.010576 0.999944 0.232253 -0.293689 1 9 1.000000
  9 -0.380908 0.501068 -0.048103 0.000000 0.008297 0.999966 0.232369 -0.110940 1 9 1.000000
  9 -0.420994 0.501068 -0.048103 0.000000 0.008297 0.999966 0.280780 -0.110940 1 9 1.000000
chr009a01
  9 -0.420994 0.501068 -0.048103 0.000000 1.000000 0.000000 0.232369 -0.061997 1 9 1.000000
  9 -0.380908 0.501068 -0.048103 0.000000 1.000000 0.000000 0.232369 -0.110940 1 9 1.000000
  9 -0.380908 0.501068 -0.072154 0.000000 1.000000 0.000000 0.280780 -0.110940 1 9 1.000000
chr009a01
  9 -0.420994 0.501068 -0.072154 0.000000 1.000000 0.000000 0.280780 -0.061997 1 9 1.000000
  9 -0.420994 0.501068 -0.048103 0.000000 1.000000 0.000000 0.232369 -0.061997 1 9 1.000000
  9 -0.380908 0.501068 -0.072154 0.000000 1.000000 0.000000 0.280780 -0.110940 1 9 1.000000
chr009a01
  9 -0.310147 0.392975 -0.068991 0.066774 0.066774 -0.995531 0.280780 -0.110940 1 9 1.000000
  9 -0.289256 0.372085 -0.068991 0.066774 0.066774 -0.995531 0.232369 -0.110940 1 9 1.000000
  9 -0.318380 0.339116 -0.073156 0.066774 0.066774 -0.995531 0.232253 -0.293689 1 9 1.000000
chr009a01
  9 -0.342473 0.363209 -0.073156 0.066774 0.066774 -0.995531 0.280880 -0.293689 1 9 1.000000
  9 -0.310147 0.392975 -0.068991 0.066774 0.066774 -0.995531 0.280780 -0.110940 1 9 1.000000
  9 -0.318380 0.339116 -0.073156 0.066774 0.066774 -0.995531 0.232253 -0.293689 1 9 1.000000
chr009a01
  9 -0.342473 0.363209 -0.047100 -0.677378 0.735636 0.000000 0.232253 -0.292964 1 9 1.000000
  9 -0.310147 0.392975 -0.051265 -0.677377 0.735636 0.000000 0.232369 -0.110940 1 9 1.000000
  9 -0.310147 0.392975 -0.068991 -0.677377 0.735636 0.000000 0.182104 -0.110940 1 9 1.000000
chr009a01
  9 -0.342473 0.363209 -0.073156 -0.677378 0.735636 0.000000 0.182104 -0.292964 1 9 1.000000
  9 -0.342473 0.363209 -0.047100 -0.677378 0.735636 0.000000 0.232253 -0.292964 1 9 1.000000
  9 -0.310147 0.392975 -0.068991 -0.677377 0.735636 0.000000 0.182104 -0.110940 1 9 1.000000
chr009a01
  9 -0.289256 0.372085 -0.068991 0.749462 -0.662047 -0.000000 0.182104 -0.110940 1 9 1.000000
  9 -0.289256 0.372085 -0.051265 0.749462 -0.662047 -0.000000 0.232369 -0.110940 1 9 1.000000
  9 -0.318380 0.339116 -0.047100 0.749462 -0.662047 -0.000000 0.232253 -0.292964 1 9 1.000000
chr009a01
  9 -0.318380 0.339116 -0.073156 0.749462 -0.662047 -0.000000 0.182104 -0.292964 1 9 1.000000
  9 -0.289256 0.372085 -0.068991 0.749462 -0.662047 -0.000000 0.182104 -0.110940 1 9 1.000000
  9 -0.318380 0.339116 -0.047100 0.749462 -0.662047 -0.000000 0.232253 -0.292964 1 9 1.000000
chr009a01
  9 -0.310147 0.392975 -0.051265 0.707107 0.707107 0.000000 0.232369 -0.061997 1 9 1.000000
  9 -0.289256 0.372085 -0.051265 0.707107 0.707107 0.000000 0.232369 -0.110940 1 9 1.000000
  9 -0.289256 0.372085 -0.068991 0.707107 0.707107 0.000000 0.280780 -0.110940 1 9 1.000000
chr009a01
  9 -0.310147 0.392975 -0.068991 0.707107 0.707107 0.000000 0.280780 -0.061997 1 9 1.000000
  9 -0.310147 0.392975 -0.051265 0.707107 0.707107 0.000000 0.232369 -0.061997 1 9 1.000000
  9 -0.289256 0.372085 -0.068991 0.707107 0.707107 0.000000 0.280780 -0.110940 1 9 1.000000
chr009a01
  9 -0.318380 0.339116 -0.047100 0.066774 0.066774 0.995531 0.232253 -0.293689 1 9 1.000000
  9 -0.289256 0.372085 -0.051265 0.066774 0.066774 0.995531 0.232369 -0.110940 1 9 1.000000
  9 -0.310147 0.392975 -0.051265 0.066774 0.066774 0.995531 0.280780 -0.110940 1 9 1.000000
chr009a01
  9 -0.342473 0.363209 -0.047100 0.066774 0.066774 0.995531 0.280880 -0.293689 1 9 1.000000
  9 -0.318380 0.339116 -0.047100 0.066774 0.066774 0.995531 0.232253 -0.293689 1 9 1.000000
  9 -0.310147 0.392975 -0.051265 0.066774 0.066774 0.995531 0.280780 -0.110940 1 9 1.000000
chr009a01
  9 -0.301158 0.263658 -0.073156 0.057077 0.000000 -0.998370 0.232253 -0.293689 1 9 1.000000
  9 -0.378192 0.269471 -0.074158 0.013008 0.000000 -0.999915 0.232253 -0.410249 1 9 1.000000
  9 -0.378192 0.291919 -0.074158 0.013008 0.000000 -0.999915 0.280880 -0.410249 1 9 1.000000
chr009a01
  9 -0.301158 0.297731 -0.073156 0.057077 0.000000 -0.998370 0.280880 -0.293689 1 9 1.000000
  9 -0.301158 0.263658 -0.073156 0.057077 0.000000 -0.998370 0.232253 -0.293689 1 9 1.000000
  9 -0.378192 0.291919 -0.074158 0.013008 0.000000 -0.999915 0.280880 -0.410249 1 9 1.000000
chr009a01
  9 -0.301158 0.297731 -0.073156 0.057077 0.000000 -0.998370 0.280880 -0.293689 1 9 1.000000
  9 -0.257188 0.294995 -0.068708 0.100643 0.000000 -0.994923 0.280780 -0.110940 1 9 1.000000
  9 -0.301158 0.263658 -0.073156 0.057077 0.000000 -0.998370 0.232253 -0.293689 1 9 1.000000
chr009a01
  9 -0.257188 0.294995 -0.068708 0.100643 0.000000 -0.994923 0.280780 -0.110940 1 9 1.000000
  9 -0.257188 0.266395 -0.068708 0.100643 0.000000 -0.994923 0.232369 -0.110940 1 9 1.000000
  9 -0.301158 0.263658 -0.073156 0.057077 0.000000 -0.998370 0.232253 -0.293689 1 9 1.000000
chr009a01
  9 -0.378192 0.291919 -0.046098 -0.075239 0.997166 0.000000 0.232253 -0.409524 1 9 1.000000
  9 -0.301158 0.297731 -0.047100 -0.009138 0.999958 0.000000 0.232253 -0.292964 1 9 1.000000
  9 -0.301158 0.297731 -0.073156 -0.009138 0.999958 0.000000 0.182104 -0.292964 1 9 1.000000
chr009a01
  9 -0.378192 0.291919 -0.074158 -0.075239 0.997166 0.000000 0.182104 -0.409524 1 9 1.000000
  9 -0.378192 0.291919 -0.046098 -0.075239 0.997166 0.000000 0.232253 -0.409524 1 9 1.000000
  9 -0.301158 0.297731 -0.073156 -0.009138 0.999958 0.000000 0.182104 -0.292964 1 9 1.000000
chr009a01
  9 -0.301158 0.297731 -0.073156 -0.009138 0.999958 0.000000 0.182104 -0.292964 1 9 1.000000
  9 -0.301158 0.297731 -0.047100 -0.009138 0.999958 0.000000 0.232253 -0.292964 1 9 1.000000
  9 -0.257188 0.294995 -0.068708 0.062115 0.998069 0.000000 0.182104 -0.110940 1 9 1.000000
chr009a01
  9 -0.301158 0.297731 -0.047100 -0.009138 0.999958 0.000000 0.232253 -0.292964 1 9 1.000000
  9 -0.257188 0.294995 -0.051548 0.062115 0.998069 0.000000 0.232369 -0.110940 1 9 1.000000
  9 -0.257188 0.294995 -0.068708 0.062115 0.998069 0.000000 0.182104 -0.110940 1 9 1.000000
chr009a01
  9 -0.301158 0.263658 -0.073156 -0.009139 -0.999958 -0.000000 0.182104 -0.292964 1 9 1.000000
  9 -0.301158 0.263658 -0.047100 -0.009139 -0.999958 -0.000000 0.232253 -0.292964 1 9 1.000000
  9 -0.378192 0.269471 -0.046098 -0.075239 -0.997166 -0.000000 0.232253 -0.409524 1 9 1.000000
chr009a01
  9 -0.378192 0.269471 -0.074158 -0.075239 -0.997166 -0.000000 0.182104 -0.409524 1 9 1.000000
  9 -0.301158 0.263658 -0.073156 -0.009139 -0.999958 -0.000000 0.182104 -0.292964 1 9 1.000000
  9 -0.378192 0.269471 -0.046098 -0.075239 -0.997166 -0.000000 0.232253 -0.409524 1 9 1.000000
chr009a01
  9 -0.301158 0.263658 -0.073156 -0.009139 -0.999958 -0.000000 0.182104 -0.292964 1 9 1.000000
  9 -0.257188 0.266395 -0.068708 0.062114 -0.998069 -0.000000 0.182104 -0.110940 1 9 1.000000
  9 -0.301158 0.263658 -0.047100 -0.009139 -0.999958 -0.000000 0.232253 -0.292964 1 9 1.000000
chr009a01
  9 -0.257188 0.266395 -0.068708 0.062114 -0.998069 -0.000000 0.182104 -0.110940 1 9 1.000000
  9 -0.257188 0.266395 -0.051548 0.062114 -0.998069 -0.000000 0.232369 -0.110940 1 9 1.000000
  9 -0.301158 0.263658 -0.047100 -0.009139 -0.999958 -0.000000 0.232253 -0.292964 1 9 1.000000
chr009a01
  9 -0.301158 0.297731 -0.047100 0.057077 -0.000000 0.998370 0.280880 -0.293689 1 9 1.000000
  9 -0.378192 0.291919 -0.046098 0.013008 -0.000000 0.999915 0.280880 -0.410249 1 9 1.000000
  9 -0.378192 0.269471 -0.046098 0.013008 -0.000000 0.999915 0.232253 -0.410249 1 9 1.000000
chr009a01
  9 -0.301158 0.263658 -0.047100 0.057077 -0.000000 0.998370 0.232253 -0.293689 1 9 1.000000
  9 -0.301158 0.297731 -0.047100 0.057077 -0.000000 0.998370 0.280880 -0.293689 1 9 1.000000
  9 -0.378192 0.269471 -0.046098 0.013008 -0.000000 0.999915 0.232253 -0.410249 1 9 1.000000
chr009a01
  9 -0.301158 0.297731 -0.047100 0.057077 -0.000000 0.998370 0.280880 -0.293689 1 9 1.000000
  9 -0.301158 0.263658 -0.047100 0.057077 -0.000000 0.998370 0.232253 -0.293689 1 9 1.000000
  9 -0.257188 0.294995 -0.051548 0.100643 -0.000000 0.994923 0.280780 -0.110940 1 9 1.000000
chr009a01
  9 -0.301158 0.263658 -0.047100 0.057077 -0.000000 0.998370 0.232253 -0.293689 1 9 1.000000
  9 -0.257188 0.266395 -0.051548 0.100643 -0.000000 0.994923 0.232369 -0.110940 1 9 1.000000
  9 -0.257188 0.294995 -0.051548 0.100643 -0.000000 0.994923 0.280780 -0.110940 1 9 1.000000
chr009a01
  9 -0.257188 0.294995 -0.051548 1.000000 0.000000 0.000000 0.232369 -0.061997 1 9 1.000000
  9 -0.257188 0.266395 -0.051548 1.000000 0.000000 0.000000 0.232369 -0.110940 1 9 1.000000
  9 -0.257188 0.266395 -0.068708 1.000000 0.000000 0.000000 0.280780 -0.110940 1 9 1.000000
chr009a01
  9 -0.257188 0.294995 -0.068708 1.000000 0.000000 0.000000 0.280780 -0.061997 1 9 1.000000
  9 -0.257188 0.294995 -0.051548 1.000000 0.000000 0.000000 0.232369 -0.061997 1 9 1.000000
  9 -0.257188 0.266395 -0.068708 1.000000 0.000000 0.000000 0.280780 -0.110940 1 9 1.000000
chr009a01
  9 -0.290196 0.190848 -0.069645 0.058890 -0.058890 -0.996526 0.280780 -0.110940 1 9 1.000000
  9 -0.312627 0.168418 -0.069645 0.058890 -0.058890 -0.996526 0.232369 -0.110940 1 9 1.000000
  9 -0.342337 0.198124 -0.073156 0.058890 -0.058890 -0.996526 0.232253 -0.293689 1 9 1.000000
chr009a01
  9 -0.318244 0.222217 -0.073156 0.058890 -0.058890 -0.996526 0.280880 -0.293689 1 9 1.000000
  9 -0.290196 0.190848 -0.069645 0.058890 -0.058890 -0.996526 0.280780 -0.110940 1 9 1.000000
  9 -0.342337 0.198124 -0.073156 0.058890 -0.058890 -0.996526 0.232253 -0.293689 1 9 1.000000
chr009a01
  9 -0.318244 0.222217 -0.047100 0.745469 0.666540 0.000000 0.232253 -0.292964 1 9 1.000000
  9 -0.290196 0.190848 -0.050612 0.745469 0.666540 0.000000 0.232369 -0.110940 1 9 1.000000
  9 -0.290196 0.190848 -0.069645 0.745469 0.666540 0.000000 0.182104 -0.110940 1 9 1.000000
chr009a01
  9 -0.318244 0.222217 -0.073156 0.745469 0.666540 0.000000 0.182104 -0.292964 1 9 1.000000
  9 -0.318244 0.222217 -0.047100 0.745469 0.666540 0.000000 0.232253 -0.292964 1 9 1.000000
  9 -0.290196 0.190848 -0.069645 0.745469 0.666540 0.000000 0.182104 -0.110940 1 9 1.000000
chr009a01
  9 -0.312627 0.168418 -0.069645 -0.707070 -0.707144 -0.000000 0.182104 -0.110940 1 9 1.000000
  9 -0.312627 0.168418 -0.050612 -0.707070 -0.707144 -0.000000 0.232369 -0.110940 1 9 1.000000
  9 -0.342337 0.198124 -0.047100 -0.707070 -0.707144 -0.000000 0.232253 -0.292964 1 9 1.000000
chr009a01
  9 -0.342337 0.198124 -0.073156 -0.707070 -0.707144 -0.000000 0.182104 -0.292964 1 9 1.000000
  9 -0.312627 0.168418 -0.069645 -0.707070 -0.707144 -0.000000 0.182104 -0.110940 1 9 1.000000
  9 -0.342337 0.198124 -0.047100 -0.707070 -0.707144 -0.000000 0.232253 -0.292964 1 9 1.000000
chr009a01
  9 -0.290196 0.190848 -0.050612 0.707107 -0.707107 -0.000000 0.232369 -0.061997 1 9 1.000000
  9 -0.312627 0.168418 -0.050612 0.707107 -0.707107 -0.000000 0.232369 -0.110940 1 9 1.000000
  9 -0.312627 0.168418 -0.069645 0.707107 -0.707107 -0.000000 0.280780 -0.110940 1 9 1.000000
chr009a01
  9 -0.290196 0.190848 -0.069645 0.707107 -0.707107 -0.000000 0.280780 -0.061997 1 9 1.000000
  9 -0.290196 0.190848 -0.050612 0.707107 -0.707107 -0.000000 0.232369 -0.061997 1 9 1.000000
  9 -0.312627 0.168418 -0.069645 0.707107 -0.707107 -0.000000 0.280780 -0.110940 1 9 1.000000
chr009a01
  9 -0.342337 0.198124 -0.047100 0.058890 -0.058890 0.996526 0.232253 -0.293689 1 9 1.000000
  9 -0.312627 0.168418 -0.050612 0.058890 -0.058890 0.996526 0.232369 -0.110940 1 9 1.000000
  9 -0.290196 0.190848 -0.050612 0.058890 -0.058890 0.996526 0.280780 -0.110940 1 9 1.000000
chr009a01
  9 -0.318244 0.222217 -0.047100 0.058890 -0.058890 0.996526 0.280880 -0.293689 1 9 1.000000
  9 -0.342337 0.198124 -0.047100 0.058890 -0.058890 0.996526 0.232253 -0.293689 1 9 1.000000
  9 -0.290196 0.190848 -0.050612 0.058890 -0.058890 0.996526 0.280780 -0.110940 1 9 1.000000
chr009a01
  9 -0.417794 0.180902 -0.073156 0.000000 -0.010576 -0.999944 0.232253 -0.293689 1 9 1.000000
  9 -0.411982 0.257936 -0.074158 0.000000 -0.013008 -0.999915 0.232253 -0.410249 1 9 1.000000
  9 -0.389534 0.257936 -0.074158 0.000000 -0.013008 -0.999915 0.280880 -0.410249 1 9 1.000000
chr009a01
  9 -0.383721 0.180902 -0.073156 0.000000 -0.010576 -0.999944 0.280880 -0.293689 1 9 1.000000
  9 -0.417794 0.180902 -0.073156 0.000000 -0.010576 -0.999944 0.232253 -0.293689 1 9 1.000000
  9 -0.389534 0.257936 -0.074158 0.000000 -0.013008 -0.999915 0.280880 -0.410249 1 9 1.000000
chr009a01
  9 -0.383721 0.180902 -0.073156 0.000000 -0.010576 -0.999944 0.280880 -0.293689 1 9 1.000000
  9 -0.380715 0.060128 -0.072154 0.000000 -0.008297 -0.999966 0.280780 -0.110940 1 9 1.000000
  9 -0.417794 0.180902 -0.073156 0.000000 -0.010576 -0.999944 0.232253 -0.293689 1 9 1.000000
chr009a01
  9 -0.380715 0.060128 -0.072154 0.000000 -0.008297 -0.999966 0.280780 -0.110940 1 9 1.000000
  9 -0.420800 0.060128 -0.072154 0.000000 -0.008297 -0.999966 0.232369 -0.110940 1 9 1.000000
  9 -0.417794 0.180902 -0.073156 0.000000 -0.010576 -0.999944 0.232253 -0.293689 1 9 1.000000
chr009a01
  9 -0.389534 0.257936 -0.046098 0.997166 0.075238 0.000000 0.232253 -0.409524 1 9 1.000000
  9 -0.383721 0.180902 -0.047100 0.998737 0.050248 0.000000 0.232253 -0.292964 1 9 1.000000
  9 -0.383721 0.180902 -0.073156 0.998737 0.050248 0.000000 0.182104 -0.292964 1 9 1.000000
chr009a01
  9 -0.389534 0.257936 -0.074158 0.997166 0.075238 0.000000 0.182104 -0.409524 1 9 1.000000
  9 -0.389534 0.257936 -0.046098 0.997166 0.075238 0.000000 0.232253 -0.409524 1 9 1.000000
  9 -0.383721 0.180902 -0.073156 0.998737 0.050248 0.000000 0.182104 -0.292964 1 9 1.000000
chr009a01
  9 -0.383721 0.180902 -0.073156 0.998737 0.050248 0.000000 0.182104 -0.292964 1 9 1.000000
  9 -0.383721 0.180902 -0.047100 0.998737 0.050248 0.000000 0.232253 -0.292964 1 9 1.000000
  9 -0.380715 0.060128 -0.072154 0.999690 0.024885 0.000000 0.182104 -0.110940 1 9 1.000000
chr009a01
  9 -0.383721 0.180902 -0.047100 0.998737 0.050248 0.000000 0.232253 -0.292964 1 9 1.000000
  9 -0.380715 0.060128 -0.048103 0.999690 0.024885 0.000000 0.232369 -0.110940 1 9 1.000000
  9 -0.380715 0.060128 -0.072154 0.999690 0.024885 0.000000 0.182104 -0.110940 1 9 1.000000
chr009a01
  9 -0.417794 0.180902 -0.073156 -0.998737 0.050248 0.000000 0.182104 -0.292964 1 9 1.000000
  9 -0.417794 0.180902 -0.047100 -0.998737 0.050248 0.000000 0.232253 -0.292964 1 9 1.000000
  9 -0.411982 0.257936 -0.046098 -0.997166 0.075239 0.000000 0.232253 -0.409524 1 9 1.000000
chr009a01
  9 -0.411982 0.257936 -0.074158 -0.997166 0.075239 0.000000 0.182104 -0.409524 1 9 1.000000
  9 -0.417794 0.180902 -0.073156 -0.998737 0.050248 0.000000 0.182104 -0.292964 1 9 1.000000
  9 -0.411982 0.257936 -0.046098 -0.997166 0.075239 0.000000 0.232253 -0.409524 1 9 1.000000
chr009a01
  9 -0.417794 0.180902 -0.073156 -0.998737 0.050248 0.000000 0.182104 -0.292964 1 9 1.000000
  9 -0.420800 0.060128 -0.072154 -0.999690 0.024885 0.000000 0.182104 -0.110940 1 9 1.000000
  9 -0.417794 0.180902 -0.047100 -0.998737 0.050248 0.000000 0.232253 -0.292964 1 9 1.000000
chr009a01
  9 -0.420800 0.060128 -0.072154 -0.999690 0.024885 0.000000 0.182104 -0.110940 1 9 1.000000
  9 -0.420800 0.060128 -0.048103 -0.999690 0.024885 0.000000 0.232369 -0.110940 1 9 1.000000
  9 -0.417794 0.180902 -0.047100 -0.998737 0.050248 0.000000 0.232253 -0.292964 1 9 1.000000
chr009a01
  9 -0.383721 0.180902 -0.047100 0.000000 -0.010576 0.999944 0.280880 -0.293689 1 9 1.000000
  9 -0.389534 0.257936 -0.046098 0.000000 -0.013008 0.999915 0.280880 -0.410249 1 9 1.000000
  9 -0.411982 0.257936 -0.046098 0.000000 -0.013008 0.999915 0.232253 -0.410249 1 9 1.000000
chr009a01
  9 -0.417794 0.180902 -0.047100 0.000000 -0.010576 0.999944 0.232253 -0.293689 1 9 1.000000
  9 -0.383721 0.180902 -0.047100 0.000000 -0.010576 0.999944 0.280880 -0.293689 1 9 1.000000
  9 -0.411982 0.257936 -0.046098 0.000000 -0.013008 0.999915 0.232253 -0.410249 1 9 1.000000
chr009a01
  9 -0.383721 0.180902 -0.047100 0.000000 -0.010576 0.999944 0.280880 -0.293689 1 9 1.000000
  9 -0.417794 0.180902 -0.047100 0.000000 -0.010576 0.999944 0.232253 -0.293689 1 9 1.000000
  9 -0.380715 0.060128 -0.048103 0.000000 -0.008297 0.999966 0.280780 -0.110940 1 9 1.000000
chr009a01
  9 -0.417794 0.180902 -0.047100 0.000000 -0.010576 0.999944 0.232253 -0.293689 1 9 1.000000
  9 -0.420800 0.060128 -0.048103 0.000000 -0.008297 0.999966 0.232369 -0.110940 1 9 1.000000
  9 -0.380715 0.060128 -0.048103 0.000000 -0.008297 0.999966 0.280780 -0.110940 1 9 1.000000
chr009a01
  9 -0.380715 0.060128 -0.048103 0.000000 -1.000000 -0.000000 0.232369 -0.061997 1 9 1.000000
  9 -0.420800 0.060128 -0.048103 0.000000 -1.000000 -0.000000 0.232369 -0.110940 1 9 1.000000
  9 -0.420800 0.060128 -0.072154 0.000000 -1.000000 -0.000000 0.280780 -0.110940 1 9 1.000000
chr009a01
  9 -0.380715 0.060128 -0.072154 0.000000 -1.000000 -0.000000 0.280780 -0.061997 1 9 1.000000
  9 -0.380715 0.060128 -0.048103 0.000000 -1.000000 -0.000000 0.232369 -0.061997 1 9 1.000000
  9 -0.420800 0.060128 -0.072154 0.000000 -1.000000 -0.000000 0.280780 -0.110940 1 9 1.000000
chr009a01
  9 -0.542509 0.110462 -0.072154 -0.005867 -0.005867 -0.999966 0.280780 -0.110940 1 9 1.000000
  9 -0.570854 0.138806 -0.072154 -0.005867 -0.005867 -0.999966 0.232369 -0.110940 1 9 1.000000
  9 -0.483328 0.222080 -0.073156 -0.005867 -0.005867 -0.999966 0.232253 -0.293689 1 9 1.000000
chr009a01
  9 -0.459235 0.197987 -0.073156 -0.005867 -0.005867 -0.999966 0.280880 -0.293689 1 9 1.000000
  9 -0.542509 0.110462 -0.072154 -0.005867 -0.005867 -0.999966 0.280780 -0.110940 1 9 1.000000
  9 -0.483328 0.222080 -0.073156 -0.005867 -0.005867 -0.999966 0.232253 -0.293689 1 9 1.000000
chr009a01
  9 -0.459235 0.197987 -0.047100 0.724484 -0.689292 -0.000000 0.232253 -0.292964 1 9 1.000000
  9 -0.542509 0.110462 -0.048103 0.724484 -0.689292 -0.000000 0.232369 -0.110940 1 9 1.000000
  9 -0.542509 0.110462 -0.072154 0.724484 -0.689292 -0.000000 0.182104 -0.110940 1 9 1.000000
chr009a01
  9 -0.459235 0.197987 -0.073156 0.724484 -0.689292 -0.000000 0.182104 -0.292964 1 9 1.000000
  9 -0.459235 0.197987 -0.047100 0.724484 -0.689292 -0.000000 0.232253 -0.292964 1 9 1.000000
  9 -0.542509 0.110462 -0.072154 0.724484 -0.689292 -0.000000 0.182104 -0.110940 1 9 1.000000
chr009a01
  9 -0.570854 0.138806 -0.072154 -0.689291 0.724485 0.000000 0.182104 -0.110940 1 9 1.000000
  9 -0.570854 0.138806 -0.048103 -0.689291 0.724485 0.000000 0.232369 -0.110940 1 9 1.000000
  9 -0.483328 0.222080 -0.047100 -0.689291 0.724485 0.000000 0.232253 -0.292964 1 9 1.000000
chr009a01
  9 -0.483328 0.222080 -0.073156 -0.689291 0.724485 0.000000 0.182104 -0.292964 1 9 1.000000
  9 -0.570854 0.138806 -0.072154 -0.689291 0.724485 0.000000 0.182104 -0.110940 1 9 1.000000
  9 -0.483328 0.222080 -0.047100 -0.689291 0.724485 0.000000 0.232253 -0.292964 1 9 1.000000
chr009a01
  9 -0.542509 0.110462 -0.048103 -0.707107 -0.707107 -0.000000 0.232369 -0.061997 1 9 1.000000
  9 -0.570854 0.138806 -0.048103 -0.707107 -0.707107 -0.000000 0.232369 -0.110940 1 9 1.000000
  9 -0.570854 0.138806 -0.072154 -0.707107 -0.707107 -0.000000 0.280780 -0.110940 1 9 1.000000
chr009a01
  9 -0.542509 0.110462 -0.072154 -0.707107 -0.707107 -0.000000 0.280780 -0.061997 1 9 1.000000
  9 -0.542509 0.110462 -0.048103 -0.707107 -0.707107 -0.000000 0.232369 -0.061997 1 9 1.000000
  9 -0.570854 0.138806 -0.072154 -0.707107 -0.707107 -0.000000 0.280780 -0.110940 1 9 1.000000
chr009a01
  9 -0.483328 0.222080 -0.047100 -0.005867 -0.005867 0.999966 0.232253 -0.293689 1 9 1.000000
  9 -0.570854 0.138806 -0.048103 -0.005867 -0.005867 0.999966 0.232369 -0.110940 1 9 1.000000
  9 -0.542509 0.110462 -0.048103 -0.005867 -0.005867 0.999966 0.280780 -0.110940 1 9 1.000000
chr009a01
  9 -0.459235 0.197987 -0.047100 -0.005867 -0.005867 0.999966 0.280880 -0.293689 1 9 1.000000
  9 -0.483328 0.222080 -0.047100 -0.005867 -0.005867 0.999966 0.232253 -0.293689 1 9 1.000000
  9 -0.542509 0.110462 -0.048103 -0.005867 -0.005867 0.999966 0.280780 -0.110940 1 9 1.000000
chr009a01
  9 -0.500551 0.297538 -0.073156 -0.010576 0.000000 -0.999944 0.232253 -0.293689 1 9 1.000000
  9 -0.423517 0.291725 -0.074158 -0.013008 0.000000 -0.999915 0.232253 -0.410249 1 9 1.000000
  9 -0.423517 0.269278 -0.074158 -0.013008 0.000000 -0.999915 0.280880 -0.410249 1 9 1.000000
chr009a01
  9 -0.500551 0.263465 -0.073156 -0.010576 0.000000 -0.999944 0.280880 -0.293689 1 9 1.000000
  9 -0.500551 0.297538 -0.073156 -0.010576 0.000000 -0.999944 0.232253 -0.293689 1 9 1.000000
  9 -0.423517 0.269278 -0.074158 -0.013008 0.000000 -0.999915 0.280880 -0.410249 1 9 1.000000
chr009a01
  9 -0.500551 0.263465 -0.073156 -0.010576 0.000000 -0.999944 0.280880 -0.293689 1 9 1.000000
  9 -0.621324 0.260459 -0.072154 -0.008297 0.000000 -0.999966 0.280780 -0.110940 1 9 1.000000
  9 -0.500551 0.297538 -0.073156 -0.010576 0.000000 -0.999944 0.232253 -0.293689 1 9 1.000000
chr009a01
  9 -0.621324 0.260459 -0.072154 -0.008297 0.000000 -0.999966 0.280780 -0.110940 1 9 1.000000
  9 -0.621324 0.300544 -0.072154 -0.008297 0.000000 -0.999966 0.232369 -0.110940 1 9 1.000000
  9 -0.500551 0.297538 -0.073156 -0.010576 0.000000 -0.999944 0.232253 -0.293689 1 9 1.000000
chr009a01
  9 -0.423517 0.269277 -0.046098 0.075239 -0.997166 -0.000000 0.232253 -0.409524 1 9 1.000000
  9 -0.500551 0.263465 -0.047100 0.050248 -0.998737 -0.000000 0.232253 -0.292964 1 9 1.000000
  9 -0.500551 0.263465 -0.073156 0.050248 -0.998737 -0.000000 0.182104 -0.292964 1 9 1.000000
chr009a01
  9 -0.423517 0.269278 -0.074158 0.075239 -0.997166 -0.000000 0.182104 -0.409524 1 9 1.000000
  9 -0.423517 0.269277 -0.046098 0.075239 -0.997166 -0.000000 0.232253 -0.409524 1 9 1.000000
  9 -0.500551 0.263465 -0.073156 0.050248 -0.998737 -0.000000 0.182104 -0.292964 1 9 1.000000
chr009a01
  9 -0.500551 0.263465 -0.073156 0.050248 -0.998737 -0.000000 0.182104 -0.292964 1 9 1.000000
  9 -0.500551 0.263465 -0.047100 0.050248 -0.998737 -0.000000 0.232253 -0.292964 1 9 1.000000
  9 -0.621324 0.260459 -0.072154 0.024885 -0.999690 -0.000000 0.182104 -0.110940 1 9 1.000000
chr009a01
  9 -0.500551 0.263465 -0.047100 0.050248 -0.998737 -0.000000 0.232253 -0.292964 1 9 1.000000
  9 -0.621324 0.260459 -0.048103 0.024885 -0.999690 -0.000000 0.232369 -0.110940 1 9 1.000000
  9 -0.621324 0.260459 -0.072154 0.024885 -0.999690 -0.000000 0.182104 -0.110940 1 9 1.000000
chr009a01
  9 -0.500551 0.297538 -0.073156 0.050248 0.998737 0.000000 0.182104 -0.292964 1 9 1.000000
  9 -0.500551 0.297538 -0.047100 0.050248 0.998737 0.000000 0.232253 -0.292964 1 9 1.000000
  9 -0.423517 0.291725 -0.046098 0.075239 0.997166 0.000000 0.232253 -0.409524 1 9 1.000000
chr009a01
  9 -0.423517 0.291725 -0.074158 0.075239 0.997166 0.000000 0.182104 -0.409524 1 9 1.000000
  9 -0.500551 0.297538 -0.073156 0.050248 0.998737 0.000000 0.182104 -0.292964 1 9 1.000000
  9 -0.423517 0.291725 -0.046098 0.075239 0.997166 0.000000 0.232253 -0.409524 1 9 1.000000
chr009a01
  9 -0.500551 0.297538 -0.073156 0.050248 0.998737 0.000000 0.182104 -0.292964 1 9 1.000000
  9 -0.621324 0.300544 -0.072154 0.024885 0.999690 0.000000 0.182104 -0.110940 1 9 1.000000
  9 -0.500551 0.297538 -0.047100 0.050248 0.998737 0.000000 0.232253 -0.292964 1 9 1.000000
chr009a01
  9 -0.621324 0.300544 -0.072154 0.024885 0.999690 0.000000 0.182104 -0.110940 1 9 1.000000
  9 -0.621324 0.300544 -0.048103 0.024885 0.999690 0.000000 0.232369 -0.110940 1 9 1.000000
  9 -0.500551 0.297538 -0.047100 0.050248 0.998737 0.000000 0.232253 -0.292964 1 9 1.000000
chr009a01
  9 -0.500551 0.263465 -0.047100 -0.010576 -0.000000 0.999944 0.280880 -0.293689 1 9 1.000000
  9 -0.423517 0.269277 -0.046098 -0.013008 -0.000000 0.999915 0.280880 -0.410249 1 9 1.000000
  9 -0.423517 0.291725 -0.046098 -0.013008 -0.000000 0.999915 0.232253 -0.410249 1 9 1.000000
chr009a01
  9 -0.500551 0.297538 -0.047100 -0.010576 -0.000000 0.999944 0.232253 -0.293689 1 9 1.000000
  9 -0.500551 0.263465 -0.047100 -0.010576 -0.000000 0.999944 0.280880 -0.293689 1 9 1.000000
  9 -0.423517 0.291725 -0.046098 -0.013008 -0.000000 0.999915 0.232253 -0.410249 1 9 1.000000
chr009a01
  9 -0.500551 0.263465 -0.047100 -0.010576 -0.000000 0.999944 0.280880 -0.293689 1 9 1.000000
  9 -0.500551 0.297538 -0.047100 -0.010576 -0.000000 0.999944 0.232253 -0.293689 1 9 1.000000
  9 -0.621324 0.260459 -0.048103 -0.008297 -0.000000 0.999966 0.280780 -0.110940 1 9 1.000000
chr009a01
  9 -0.500551 0.297538 -0.047100 -0.010576 -0.000000 0.999944 0.232253 -0.293689 1 9 1.000000
  9 -0.621324 0.300544 -0.048103 -0.008297 -0.000000 0.999966 0.232369 -0.110940 1 9 1.000000
  9 -0.621324 0.260459 -0.048103 -0.008297 -0.000000 0.999966 0.280780 -0.110940 1 9 1.000000
chr009a01
  9 -0.621324 0.260459 -0.048103 -1.000000 0.000000 0.000000 0.232369 -0.061997 1 9 1.000000
  9 -0.621324 0.300544 -0.048103 -1.000000 0.000000 0.000000 0.232369 -0.110940 1 9 1.000000
  9 -0.621324 0.300544 -0.072154 -1.000000 0.000000 0.000000 0.280780 -0.110940 1 9 1.000000
chr009a01
  9 -0.621324 0.260459 -0.072154 -1.000000 0.000000 0.000000 0.280780 -0.061997 1 9 1.000000
  9 -0.621324 0.260459 -0.048103 -1.000000 0.000000 0.000000 0.232369 -0.061997 1 9 1.000000
  9 -0.621324 0.300544 -0.072154 -1.000000 0.000000 0.000000 0.280780 -0.110940 1 9 1.000000
chr009a01
  9 -0.420897 0.315313 -0.032717 -0.707107 0.707106 0.000000 0.532484 -0.695409 1 9 1.000000
  9 -0.420897 0.315313 -0.087539 -0.707107 0.707106 0.000000 0.608201 -0.695409 1 9 1.000000
  9 -0.435569 0.300641 -0.087539 -0.707107 0.707106 0.000000 0.608201 -0.713357 1 9 1.000000
chr009a01
  9 -0.435569 0.300641 -0.032717 -0.707107 0.707106 0.000000 0.532484 -0.713357 1 9 1.000000
  9 -0.420897 0.315313 -0.032717 -0.707107 0.707106 0.000000 0.532484 -0.695409 1 9 1.000000
  9 -0.435569 0.300641 -0.087539 -0.707107 0.707106 0.000000 0.608201 -0.713357 1 9 1.000000
chr009a01
  9 -0.400854 0.320683 -0.032717 -0.258819 0.965926 0.000000 0.532484 -0.679549 1 9 1.000000
  9 -0.400854 0.320683 -0.087539 -0.258819 0.965926 0.000000 0.608201 -0.679549 1 9 1.000000
  9 -0.420897 0.315313 -0.087539 -0.258819 0.965926 0.000000 0.608201 -0.695409 1 9 1.000000
chr009a01
  9 -0.420897 0.315313 -0.032717 -0.258819 0.965926 0.000000 0.532484 -0.695409 1 9 1.000000
  9 -0.400854 0.320683 -0.032717 -0.258819 0.965926 0.000000 0.532484 -0.679549 1 9 1.000000
  9 -0.420897 0.315313 -0.087539 -0.258819 0.965926 0.000000 0.608201 -0.695409 1 9 1.000000
chr009a01
  9 -0.380812 0.315313 -0.032717 0.258819 0.965926 0.000000 0.532484 -0.695409 1 9 1.000000
  9 -0.380812 0.315313 -0.087539 0.258819 0.965926 0.000000 0.608201 -0.695409 1 9 1.000000
  9 -0.400854 0.320683 -0.087539 0.258819 0.965926 0.000000 0.608201 -0.679549 1 9 1.000000
chr009a01
  9 -0.400854 0.320683 -0.032717 0.258819 0.965926 0.000000 0.532484 -0.679549 1 9 1.000000
  9 -0.380812 0.315313 -0.032717 0.258819 0.965926 0.000000 0.532484 -0.695409 1 9 1.000000
  9 -0.400854 0.320683 -0.087539 0.258819 0.965926 0.000000 0.608201 -0.679549 1 9 1.000000
chr009a01
  9 -0.366139 0.300641 -0.032717 0.707107 0.707106 0.000000 0.532484 -0.713357 1 9 1.000000
  9 -0.366139 0.300641 -0.087539 0.707107 0.707106 0.000000 0.608201 -0.713357 1 9 1.000000
  9 -0.380812 0.315313 -0.087539 0.707107 0.707106 0.000000 0.608201 -0.695409 1 9 1.000000
chr009a01
  9 -0.380812 0.315313 -0.032717 0.707107 0.707106 0.000000 0.532484 -0.695409 1 9 1.000000
  9 -0.366139 0.300641 -0.032717 0.707107 0.707106 0.000000 0.532484 -0.713357 1 9 1.000000
  9 -0.380812 0.315313 -0.087539 0.707107 0.707106 0.000000 0.608201 -0.695409 1 9 1.000000
chr009a01
  9 -0.360769 0.280598 -0.032717 0.965926 0.258820 0.000000 0.532484 -0.737875 1 9 1.000000
  9 -0.360769 0.280598 -0.087539 0.965926 0.258820 0.000000 0.608201 -0.737875 1 9 1.000000
  9 -0.366139 0.300641 -0.087539 0.965926 0.258820 0.000000 0.608201 -0.713357 1 9 1.000000
chr009a01
  9 -0.366139 0.300641 -0.032717 0.965926 0.258820 0.000000 0.532484 -0.713357 1 9 1.000000
  9 -0.360769 0.280598 -0.032717 0.965926 0.258820 0.000000 0.532484 -0.737875 1 9 1.000000
  9 -0.366139 0.300641 -0.087539 0.965926 0.258820 0.000000 0.608201 -0.713357 1 9 1.000000
chr009a01
  9 -0.366139 0.260555 -0.032717 0.965926 -0.258820 -0.000000 0.532484 -0.762392 1 9 1.000000
  9 -0.366139 0.260555 -0.087539 0.965926 -0.258820 -0.000000 0.608201 -0.762392 1 9 1.000000
  9 -0.360769 0.280598 -0.087539 0.965926 -0.258820 -0.000000 0.608201 -0.737875 1 9 1.000000
chr009a01
  9 -0.360769 0.280598 -0.032717 0.965926 -0.258820 -0.000000 0.532484 -0.737875 1 9 1.000000
  9 -0.366139 0.260555 -0.032717 0.965926 -0.258820 -0.000000 0.532484 -0.762392 1 9 1.000000
  9 -0.360769 0.280598 -0.087539 0.965926 -0.258820 -0.000000 0.608201 -0.737875 1 9 1.000000
chr009a01
  9 -0.380812 0.245883 -0.032717 0.707107 -0.707106 -0.000000 0.532484 -0.780341 1 9 1.000000
  9 -0.380812 0.245883 -0.087539 0.707107 -0.707106 -0.000000 0.608201 -0.780341 1 9 1.000000
  9 -0.366139 0.260555 -0.087539 0.707107 -0.707106 -0.000000 0.608201 -0.762392 1 9 1.000000
chr009a01
  9 -0.366139 0.260555 -0.032717 0.707107 -0.707106 -0.000000 0.532484 -0.762392 1 9 1.000000
  9 -0.380812 0.245883 -0.032717 0.707107 -0.707106 -0.000000 0.532484 -0.780341 1 9 1.000000
  9 -0.366139 0.260555 -0.087539 0.707107 -0.707106 -0.000000 0.608201 -0.762392 1 9 1.000000
chr009a01
  9 -0.400854 0.240513 -0.032717 0.258819 -0.965926 -0.000000 0.532484 -0.794250 1 9 1.000000
  9 -0.400854 0.240513 -0.087539 0.258819 -0.965926 -0.000000 0.608201 -0.794250 1 9 1.000000
  9 -0.380812 0.245883 -0.087539 0.258819 -0.965926 -0.000000 0.608201 -0.780341 1 9 1.000000
chr009a01
  9 -0.380812 0.245883 -0.032717 0.258819 -0.965926 -0.000000 0.532484 -0.780341 1 9 1.000000
  9 -0.400854 0.240513 -0.032717 0.258819 -0.965926 -0.000000 0.532484 -0.794250 1 9 1.000000
  9 -0.380812 0.245883 -0.087539 0.258819 -0.965926 -0.000000 0.608201 -0.780341 1 9 1.000000
chr009a01
  9 -0.420897 0.245883 -0.032717 -0.258819 -0.965926 -0.000000 0.532484 -0.780341 1 9 1.000000
  9 -0.420897 0.245883 -0.087539 -0.258819 -0.965926 -0.000000 0.608201 -0.780341 1 9 1.000000
  9 -0.400854 0.240513 -0.087539 -0.258819 -0.965926 -0.000000 0.608201 -0.794250 1 9 1.000000
chr009a01
  9 -0.400854 0.240513 -0.032717 -0.258819 -0.965926 -0.000000 0.532484 -0.794250 1 9 1.000000
  9 -0.420897 0.245883 -0.032717 -0.258819 -0.965926 -0.000000 0.532484 -0.780341 1 9 1.000000
  9 -0.400854 0.240513 -0.087539 -0.258819 -0.965926 -0.000000 0.608201 -0.794250 1 9 1.000000
chr009a01
  9 -0.435569 0.260555 -0.032717 -0.707107 -0.707106 -0.000000 0.532484 -0.762392 1 9 1.000000
  9 -0.435569 0.260555 -0.087539 -0.707107 -0.707106 -0.000000 0.608201 -0.762392 1 9 1.000000
  9 -0.420897 0.245883 -0.087539 -0.707107 -0.707106 -0.000000 0.608201 -0.780341 1 9 1.000000
chr009a01
  9 -0.420897 0.245883 -0.032717 -0.707107 -0.707106 -0.000000 0.532484 -0.780341 1 9 1.000000
  9 -0.435569 0.260555 -0.032717 -0.707107 -0.707106 -0.000000 0.532484 -0.762392 1 9 1.000000
  9 -0.420897 0.245883 -0.087539 -0.707107 -0.707106 -0.000000 0.608201 -0.780341 1 9 1.000000
chr009a01
  9 -0.440940 0.280598 -0.032717 -0.965926 -0.258820 -0.000000 0.532484 -0.737875 1 9 1.000000
  9 -0.440940 0.280598 -0.087539 -0.965926 -0.258820 -0.000000 0.608201 -0.737875 1 9 1.000000
  9 -0.435569 0.260555 -0.087539 -0.965926 -0.258820 -0.000000 0.608201 -0.762392 1 9 1.000000
chr009a01
  9 -0.435569 0.260555 -0.032717 -0.965926 -0.258820 -0.000000 0.532484 -0.762392 1 9 1.000000
  9 -0.440940 0.280598 -0.032717 -0.965926 -0.258820 -0.000000 0.532484 -0.737875 1 9 1.000000
  9 -0.435569 0.260555 -0.087539 -0.965926 -0.258820 -0.000000 0.608201 -0.762392 1 9 1.000000
chr009a01
  9 -0.435569 0.300641 -0.032717 -0.965926 0.258820 0.000000 0.532484 -0.713357 1 9 1.000000
  9 -0.435569 0.300641 -0.087539 -0.965926 0.258820 0.000000 0.608201 -0.713357 1 9 1.000000
  9 -0.440940 0.280598 -0.087539 -0.965926 0.258820 0.000000 0.608201 -0.737875 1 9 1.000000
chr009a01
  9 -0.440940 0.280598 -0.032717 -0.965926 0.258820 0.000000 0.532484 -0.737875 1 9 1.000000
  9 -0.435569 0.300641 -0.032717 -0.965926 0.258820 0.000000 0.532484 -0.713357 1 9 1.000000
  9 -0.440940 0.280598 -0.087539 -0.965926 0.258820 0.000000 0.608201 -0.737875 1 9 1.000000
chr009a01
  9 -0.360769 0.280598 -0.087539 0.000000 0.000000 -1.000000 0.459138 -0.739703 1 9 1.000000
  9 -0.366139 0.260555 -0.087539 0.000000 0.000000 -1.000000 0.466675 -0.767832 1 9 1.000000
  9 -0.366139 0.300641 -0.087539 0.000000 0.000000 -1.000000 0.466675 -0.711575 1 9 1.000000
chr009a01
  9 -0.366139 0.300641 -0.087539 0.000000 0.000000 -1.000000 0.466675 -0.711575 1 9 1.000000
  9 -0.366139 0.260555 -0.087539 0.000000 0.000000 -1.000000 0.466675 -0.767832 1 9 1.000000
  9 -0.380812 0.245883 -0.087539 0.000000 0.000000 -1.000000 0.487266 -0.788423 1 9 1.000000
chr009a01
  9 -0.380812 0.315313 -0.087539 0.000000 0.000000 -1.000000 0.487266 -0.690984 1 9 1.000000
  9 -0.366139 0.300641 -0.087539 0.000000 0.000000 -1.000000 0.466675 -0.711575 1 9 1.000000
  9 -0.380812 0.245883 -0.087539 0.000000 0.000000 -1.000000 0.487266 -0.788423 1 9 1.000000
chr009a01
  9 -0.400854 0.320683 -0.087539 0.000000 0.000000 -1.000000 0.515733 -0.680126 1 9 1.000000
  9 -0.380812 0.315313 -0.087539 0.000000 0.000000 -1.000000 0.487266 -0.690984 1 9 1.000000
  9 -0.380812 0.245883 -0.087539 0.000000 0.000000 -1.000000 0.487266 -0.788423 1 9 1.000000
chr009a01
  9 -0.400854 0.240513 -0.087539 0.000000 0.000000 -1.000000 0.515733 -0.798650 1 9 1.000000
  9 -0.400854 0.320683 -0.087539 0.000000 0.000000 -1.000000 0.515733 -0.680126 1 9 1.000000
  9 -0.380812 0.245883 -0.087539 0.000000 0.000000 -1.000000 0.487266 -0.788423 1 9 1.000000
chr009a01
  9 -0.420897 0.245883 -0.087539 0.000000 0.000000 -1.000000 0.487266 -0.788423 1 9 1.000000
  9 -0.435569 0.260555 -0.087539 0.000000 0.000000 -1.000000 0.466675 -0.767832 1 9 1.000000
  9 -0.435569 0.300641 -0.087539 0.000000 0.000000 -1.000000 0.466675 -0.711575 1 9 1.000000
chr009a01
  9 -0.400854 0.240513 -0.087539 0.000000 0.000000 -1.000000 0.515733 -0.798650 1 9 1.000000
  9 -0.420897 0.245883 -0.087539 0.000000 0.000000 -1.000000 0.487266 -0.788423 1 9 1.000000
  9 -0.420897 0.315313 -0.087539 0.000000 0.000000 -1.000000 0.487266 -0.690984 1 9 1.000000
chr009a01
  9 -0.400854 0.320683 -0.087539 0.000000 0.000000 -1.000000 0.515733 -0.680126 1 9 1.000000
  9 -0.400854 0.240513 -0.087539 0.000000 0.000000 -1.000000 0.515733 -0.798650 1 9 1.000000
  9 -0.420897 0.315313 -0.087539 0.000000 0.000000 -1.000000 0.487266 -0.690984 1 9 1.000000
chr009a01
  9 -0.420897 0.315313 -0.087539 0.000000 0.000000 -1.000000 0.487266 -0.690984 1 9 1.000000
  9 -0.420897 0.245883 -0.087539 0.000000 0.000000 -1.000000 0.487266 -0.788423 1 9 1.000000
  9 -0.435569 0.300641 -0.087539 0.000000 0.000000 -1.000000 0.466675 -0.711575 1 9 1.000000
chr009a01
  9 -0.435569 0.300641 -0.087539 0.000000 0.000000 -1.000000 0.466675 -0.711575 1 9 1.000000
  9 -0.435569 0.260555 -0.087539 0.000000 0.000000 -1.000000 0.466675 -0.767832 1 9 1.000000
  9 -0.440940 0.280598 -0.087539 0.000000 0.000000 -1.000000 0.459138 -0.739703 1 9 1.000000
chr009a01
  9 -0.380812 0.245883 -0.032717 0.000000 -0.000000 1.000000 0.487266 -0.788423 1 9 1.000000
  9 -0.380812 0.315313 -0.032717 0.000000 -0.000000 1.000000 0.487266 -0.690984 1 9 1.000000
  9 -0.400854 0.320683 -0.032717 0.000000 -0.000000 1.000000 0.515733 -0.680126 1 9 1.000000
chr009a01
  9 -0.400854 0.240513 -0.032717 0.000000 -0.000000 1.000000 0.515733 -0.798650 1 9 1.000000
  9 -0.380812 0.245883 -0.032717 0.000000 -0.000000 1.000000 0.487266 -0.788423 1 9 1.000000
  9 -0.400854 0.320683 -0.032717 0.000000 -0.000000 1.000000 0.515733 -0.680126 1 9 1.000000
chr009a01
  9 -0.366139 0.300641 -0.032717 0.000000 -0.000000 1.000000 0.466675 -0.711575 1 9 1.000000
  9 -0.380812 0.315313 -0.032717 0.000000 -0.000000 1.000000 0.487266 -0.690984 1 9 1.000000
  9 -0.380812 0.245883 -0.032717 0.000000 -0.000000 1.000000 0.487266 -0.788423 1 9 1.000000
chr009a01
  9 -0.366139 0.260555 -0.032717 0.000000 -0.000000 1.000000 0.466675 -0.767832 1 9 1.000000
  9 -0.366139 0.300641 -0.032717 0.000000 -0.000000 1.000000 0.466675 -0.711575 1 9 1.000000
  9 -0.380812 0.245883 -0.032717 0.000000 -0.000000 1.000000 0.487266 -0.788423 1 9 1.000000
chr009a01
  9 -0.360769 0.280598 -0.032717 0.000000 -0.000000 1.000000 0.459138 -0.739703 1 9 1.000000
  9 -0.366139 0.300641 -0.032717 0.000000 -0.000000 1.000000 0.466675 -0.711575 1 9 1.000000
  9 -0.366139 0.260555 -0.032717 0.000000 -0.000000 1.000000 0.466675 -0.767832 1 9 1.000000
chr009a01
  9 -0.440940 0.280598 -0.032717 0.000000 -0.000000 1.000000 0.459138 -0.739703 1 9 1.000000
  9 -0.435569 0.260555 -0.032717 0.000000 -0.000000 1.000000 0.466675 -0.767832 1 9 1.000000
  9 -0.435569 0.300641 -0.032717 0.000000 -0.000000 1.000000 0.466675 -0.711575 1 9 1.000000
chr009a01
  9 -0.435569 0.300641 -0.032717 0.000000 -0.000000 1.000000 0.466675 -0.711575 1 9 1.000000
  9 -0.435569 0.260555 -0.032717 0.000000 -0.000000 1.000000 0.466675 -0.767832 1 9 1.000000
  9 -0.420897 0.315313 -0.032717 0.000000 -0.000000 1.000000 0.487266 -0.690984 1 9 1.000000
chr009a01
  9 -0.420897 0.315313 -0.032717 0.000000 -0.000000 1.000000 0.487266 -0.690984 1 9 1.000000
  9 -0.420897 0.245883 -0.032717 0.000000 -0.000000 1.000000 0.487266 -0.788423 1 9 1.000000
  9 -0.400854 0.320683 -0.032717 0.000000 -0.000000 1.000000 0.515733 -0.680126 1 9 1.000000
chr009a01
  9 -0.420897 0.245883 -0.032717 0.000000 -0.000000 1.000000 0.487266 -0.788423 1 9 1.000000
  9 -0.400854 0.240513 -0.032717 0.000000 -0.000000 1.000000 0.515733 -0.798650 1 9 1.000000
  9 -0.400854 0.320683 -0.032717 0.000000 -0.000000 1.000000 0.515733 -0.680126 1 9 1.000000
chr009a01
  9 -0.435569 0.260555 -0.032717 0.000000 -0.000000 1.000000 0.466675 -0.767832 1 9 1.000000
  9 -0.420897 0.245883 -0.032717 0.000000 -0.000000 1.000000 0.487266 -0.788423 1 9 1.000000
  9 -0.420897 0.315313 -0.032717 0.000000 -0.000000 1.000000 0.487266 -0.690984 1 9 1.000000
chr009a01
  8 0.300989 0.213746 -0.080171 0.000000 0.000000 -1.000000 0.110712 -0.260879 1 8 1.000000
  8 0.334310 0.236030 -0.080171 0.000000 0.000000 -1.000000 0.060508 -0.260879 1 8 1.000000
  8 0.356438 0.213920 -0.080171 0.000000 0.000000 -1.000000 0.060508 -0.311761 1 8 1.000000
chr009a01
  8 0.334182 0.180581 -0.080171 0.000000 0.000000 -1.000000 0.110712 -0.311761 1 8 1.000000
  8 0.300989 0.213746 -0.080171 0.000000 0.000000 -1.000000 0.110712 -0.260879 1 8 1.000000
  8 0.356438 0.213920 -0.080171 0.000000 0.000000 -1.000000 0.060508 -0.311761 1 8 1.000000
chr009a01
  8 0.334182 0.180581 -0.080171 0.000000 0.000000 -1.000000 0.110712 -0.311761 1 8 1.000000
  8 0.356438 0.213920 -0.080171 0.000000 0.000000 -1.000000 0.060508 -0.311761 1 8 1.000000
  8 0.385343 0.201961 -0.080171 0.000000 0.000000 -1.000000 0.060508 -0.360383 1 8 1.000000
chr009a01
  8 0.377539 0.162643 -0.080171 0.000000 0.000000 -1.000000 0.110712 -0.360383 1 8 1.000000
  8 0.334182 0.180581 -0.080171 0.000000 0.000000 -1.000000 0.110712 -0.311761 1 8 1.000000
  8 0.385343 0.201961 -0.080171 0.000000 0.000000 -1.000000 0.060508 -0.360383 1 8 1.000000
chr009a01
  8 0.300989 0.213746 -0.080171 0.000000 0.000000 -1.000000 0.110712 -0.260879 1 8 1.000000
  8 0.283015 0.257088 -0.080171 0.000000 0.000000 -1.000000 0.110712 -0.204632 1 8 1.000000
  8 0.334310 0.236030 -0.080171 0.000000 0.000000 -1.000000 0.060508 -0.260879 1 8 1.000000
chr009a01
  8 0.283015 0.257088 -0.080171 0.000000 0.000000 -1.000000 0.110712 -0.204632 1 8 1.000000
  8 0.322327 0.264925 -0.080171 0.000000 0.000000 -1.000000 0.060508 -0.204632 1 8 1.000000
  8 0.334310 0.236030 -0.080171 0.000000 0.000000 -1.000000 0.060508 -0.260879 1 8 1.000000
chr009a01
  8 0.377539 0.162643 -0.080171 0.000000 0.000000 -1.000000 0.110712 -0.360383 1 8 1.000000
  8 0.385343 0.201961 -0.080171 0.000000 0.000000 -1.000000 0.060508 -0.360383 1 8 1.000000
  8 0.416592 0.201968 -0.080171 0.000000 0.000000 -1.000000 0.060508 -0.410986 1 8 1.000000
chr009a01
  8 0.424412 0.162652 -0.080171 0.000000 0.000000 -1.000000 0.110712 -0.410986 1 8 1.000000
  8 0.377539 0.162643 -0.080171 0.000000 0.000000 -1.000000 0.110712 -0.360383 1 8 1.000000
  8 0.416592 0.201968 -0.080171 0.000000 0.000000 -1.000000 0.060508 -0.410986 1 8 1.000000
chr009a01
  8 0.283015 0.257088 -0.080171 0.000000 0.000000 -1.000000 0.110712 -0.204632 1 8 1.000000
  8 0.282996 0.304010 -0.080171 0.000000 0.000000 -1.000000 0.110712 -0.153899 1 8 1.000000
  8 0.322327 0.264925 -0.080171 0.000000 0.000000 -1.000000 0.060508 -0.204632 1 8 1.000000
chr009a01
  8 0.282996 0.304010 -0.080171 0.000000 0.000000 -1.000000 0.110712 -0.153899 1 8 1.000000
  8 0.322314 0.296206 -0.080171 0.000000 0.000000 -1.000000 0.060508 -0.153899 1 8 1.000000
  8 0.322327 0.264925 -0.080171 0.000000 0.000000 -1.000000 0.060508 -0.204632 1 8 1.000000
chr009a01
  8 0.282996 0.304010 -0.080171 0.000000 0.000000 -1.000000 0.110712 -0.153899 1 8 1.000000
  8 0.300934 0.347367 -0.080171 0.000000 0.000000 -1.000000 0.110712 -0.107532 1 8 1.000000
  8 0.322314 0.296206 -0.080171 0.000000 0.000000 -1.000000 0.060508 -0.153899 1 8 1.000000
chr009a01
  8 0.300934 0.347367 -0.080171 0.000000 0.000000 -1.000000 0.110712 -0.107532 1 8 1.000000
  8 0.334273 0.325111 -0.080171 0.000000 0.000000 -1.000000 0.060508 -0.107532 1 8 1.000000
  8 0.322314 0.296206 -0.080171 0.000000 0.000000 -1.000000 0.060508 -0.153899 1 8 1.000000
chr009a01
  8 0.300934 0.347367 -0.080171 0.000000 0.000000 -1.000000 0.110712 -0.107532 1 8 1.000000
  8 0.334099 0.380560 -0.080171 0.000000 0.000000 -1.000000 0.110712 -0.057813 1 8 1.000000
  8 0.334273 0.325111 -0.080171 0.000000 0.000000 -1.000000 0.060508 -0.107532 1 8 1.000000
chr009a01
  8 0.334099 0.380560 -0.080171 0.000000 0.000000 -1.000000 0.110712 -0.057813 1 8 1.000000
  8 0.356383 0.347239 -0.080171 0.000000 0.000000 -1.000000 0.060508 -0.057813 1 8 1.000000
  8 0.334273 0.325111 -0.080171 0.000000 0.000000 -1.000000 0.060508 -0.107532 1 8 1.000000
chr009a01
  8 0.334099 0.380560 -0.080171 0.000000 0.000000 -1.000000 0.110712 -0.057813 1 8 1.000000
  8 0.377490 0.398544 -0.080171 0.000000 0.000000 -1.000000 0.110712 -0.011105 1 8 1.000000
  8 0.356383 0.347239 -0.080171 0.000000 0.000000 -1.000000 0.060508 -0.057813 1 8 1.000000
chr009a01
  8 0.377490 0.398544 -0.080171 0.000000 0.000000 -1.000000 0.110712 -0.011105 1 8 1.000000
  8 0.385310 0.359228 -0.080171 0.000000 0.000000 -1.000000 0.060508 -0.011105 1 8 1.000000
  8 0.356383 0.347239 -0.080171 0.000000 0.000000 -1.000000 0.060508 -0.057813 1 8 1.000000
chr009a01
  8 0.334182 0.180581 -0.080171 -0.555225 -0.831700 -0.000000 0.161573 -0.311761 1 8 1.000000
  8 0.334182 0.180581 -0.040085 -0.555225 -0.831700 -0.000000 0.110712 -0.311761 1 8 1.000000
  8 0.300989 0.213746 -0.040085 -0.831239 -0.555916 -0.000000 0.110712 -0.260879 1 8 1.000000
chr009a01
  8 0.300989 0.213746 -0.080171 -0.831239 -0.555916 -0.000000 0.161573 -0.260879 1 8 1.000000
  8 0.334182 0.180581 -0.080171 -0.555225 -0.831700 -0.000000 0.161573 -0.311761 1 8 1.000000
  8 0.300989 0.213746 -0.040085 -0.831239 -0.555916 -0.000000 0.110712 -0.260879 1 8 1.000000
chr009a01
  8 0.300989 0.213746 -0.080171 -0.831239 -0.555916 -0.000000 0.161573 -0.260879 1 8 1.000000
  8 0.300989 0.213746 -0.040085 -0.831239 -0.555916 -0.000000 0.110712 -0.260879 1 8 1.000000
  8 0.283015 0.257088 -0.040085 -0.980704 -0.195498 -0.000000 0.110712 -0.204632 1 8 1.000000
chr009a01
  8 0.283015 0.257088 -0.080171 -0.980704 -0.195498 -0.000000 0.161573 -0.204632 1 8 1.000000
  8 0.300989 0.213746 -0.080171 -0.831239 -0.555916 -0.000000 0.161573 -0.260879 1 8 1.000000
  8 0.283015 0.257088 -0.040085 -0.980704 -0.195498 -0.000000 0.110712 -0.204632 1 8 1.000000
chr009a01
  8 0.334182 0.180581 -0.080171 -0.555225 -0.831700 -0.000000 0.161573 -0.311761 1 8 1.000000
  8 0.377539 0.162643 -0.080171 -0.194784 -0.980846 -0.000000 0.161573 -0.360383 1 8 1.000000
  8 0.334182 0.180581 -0.040085 -0.555225 -0.831700 -0.000000 0.110712 -0.311761 1 8 1.000000
chr009a01
  8 0.377539 0.162643 -0.080171 -0.194784 -0.980846 -0.000000 0.161573 -0.360383 1 8 1.000000
  8 0.377539 0.162643 -0.040085 -0.194784 -0.980846 -0.000000 0.110712 -0.360383 1 8 1.000000
  8 0.334182 0.180581 -0.040085 -0.555225 -0.831700 -0.000000 0.110712 -0.311761 1 8 1.000000
chr009a01
  8 0.377539 0.162643 -0.080171 -0.194784 -0.980846 -0.000000 0.161573 -0.360383 1 8 1.000000
  8 0.424412 0.162652 -0.080171 0.195192 -0.980765 -0.000000 0.161573 -0.410986 1 8 1.000000
  8 0.377539 0.162643 -0.040085 -0.194784 -0.980846 -0.000000 0.110712 -0.360383 1 8 1.000000
chr009a01
  8 0.424412 0.162652 -0.080171 0.195192 -0.980765 -0.000000 0.161573 -0.410986 1 8 1.000000
  8 0.424412 0.162652 -0.040085 0.195192 -0.980765 -0.000000 0.110712 -0.410986 1 8 1.000000
  8 0.377539 0.162643 -0.040085 -0.194784 -0.980846 -0.000000 0.110712 -0.360383 1 8 1.000000
chr009a01
  8 0.283015 0.257088 -0.080171 -0.980704 -0.195498 -0.000000 0.161573 -0.204632 1 8 1.000000
  8 0.283015 0.257088 -0.040085 -0.980704 -0.195498 -0.000000 0.110712 -0.204632 1 8 1.000000
  8 0.282996 0.304010 -0.040085 -0.980866 0.194683 0.000000 0.110712 -0.153899 1 8 1.000000
chr009a01
  8 0.282996 0.304010 -0.080171 -0.980866 0.194683 0.000000 0.161573 -0.153899 1 8 1.000000
  8 0.283015 0.257088 -0.080171 -0.980704 -0.195498 -0.000000 0.161573 -0.204632 1 8 1.000000
  8 0.282996 0.304010 -0.040085 -0.980866 0.194683 0.000000 0.110712 -0.153899 1 8 1.000000
chr009a01
  8 0.282996 0.304010 -0.080171 -0.980866 0.194683 0.000000 0.161573 -0.153899 1 8 1.000000
  8 0.282996 0.304010 -0.040085 -0.980866 0.194683 0.000000 0.110712 -0.153899 1 8 1.000000
  8 0.300934 0.347367 -0.040085 -0.831700 0.555225 0.000000 0.110712 -0.107532 1 8 1.000000
chr009a01
  8 0.300934 0.347367 -0.080171 -0.831700 0.555225 0.000000 0.161573 -0.107532 1 8 1.000000
  8 0.282996 0.304010 -0.080171 -0.980866 0.194683 0.000000 0.161573 -0.153899 1 8 1.000000
  8 0.300934 0.347367 -0.040085 -0.831700 0.555225 0.000000 0.110712 -0.107532 1 8 1.000000
chr009a01
  8 0.300934 0.347367 -0.080171 -0.831700 0.555225 0.000000 0.161573 -0.107532 1 8 1.000000
  8 0.300934 0.347367 -0.040085 -0.831700 0.555225 0.000000 0.110712 -0.107532 1 8 1.000000
  8 0.334099 0.380560 -0.040085 -0.555830 0.831296 0.000000 0.110712 -0.057813 1 8 1.000000
chr009a01
  8 0.334099 0.380560 -0.080171 -0.555830 0.831296 0.000000 0.161573 -0.057813 1 8 1.000000
  8 0.300934 0.347367 -0.080171 -0.831700 0.555225 0.000000 0.161573 -0.107532 1 8 1.000000
  8 0.334099 0.380560 -0.040085 -0.555830 0.831296 0.000000 0.110712 -0.057813 1 8 1.000000
chr009a01
  8 0.334099 0.380560 -0.080171 -0.555830 0.831296 0.000000 0.161573 -0.057813 1 8 1.000000
  8 0.334099 0.380560 -0.040085 -0.555830 0.831296 0.000000 0.110712 -0.057813 1 8 1.000000
  8 0.377490 0.398544 -0.040085 -0.195192 0.980765 0.000000 0.110712 -0.011105 1 8 1.000000
chr009a01
  8 0.377490 0.398544 -0.080171 -0.195192 0.980765 0.000000 0.161573 -0.011105 1 8 1.000000
  8 0.334099 0.380560 -0.080171 -0.555830 0.831296 0.000000 0.161573 -0.057813 1 8 1.000000
  8 0.377490 0.398544 -0.040085 -0.195192 0.980765 0.000000 0.110712 -0.011105 1 8 1.000000
chr009a01
  8 0.334182 0.180581 -0.040085 0.000000 -0.000000 1.000000 0.110712 -0.311761 1 8 1.000000
  8 0.356438 0.213920 -0.040085 0.000000 -0.000000 1.000000 0.060508 -0.311761 1 8 1.000000
  8 0.334310 0.236030 -0.040085 0.000000 -0.000000 1.000000 0.060508 -0.260879 1 8 1.000000
chr009a01
  8 0.300989 0.213746 -0.040085 0.000000 -0.000000 1.000000 0.110712 -0.260879 1 8 1.000000
  8 0.334182 0.180581 -0.040085 0.000000 -0.000000 1.000000 0.110712 -0.311761 1 8 1.000000
  8 0.334310 0.236030 -0.040085 0.000000 -0.000000 1.000000 0.060508 -0.260879 1 8 1.000000
chr009a01
  8 0.300989 0.213746 -0.040085 0.000000 -0.000000 1.000000 0.110712 -0.260879 1 8 1.000000
  8 0.334310 0.236030 -0.040085 0.000000 -0.000000 1.000000 0.060508 -0.260879 1 8 1.000000
  8 0.322327 0.264925 -0.040085 0.000000 -0.000000 1.000000 0.060508 -0.204632 1 8 1.000000
chr009a01
  8 0.283015 0.257088 -0.040085 0.000000 -0.000000 1.000000 0.110712 -0.204632 1 8 1.000000
  8 0.300989 0.213746 -0.040085 0.000000 -0.000000 1.000000 0.110712 -0.260879 1 8 1.000000
  8 0.322327 0.264925 -0.040085 0.000000 -0.000000 1.000000 0.060508 -0.204632 1 8 1.000000
chr009a01
  8 0.334182 0.180581 -0.040085 0.000000 -0.000000 1.000000 0.110712 -0.311761 1 8 1.000000
  8 0.377539 0.162643 -0.040085 0.000000 -0.000000 1.000000 0.110712 -0.360383 1 8 1.000000
  8 0.356438 0.213920 -0.040085 0.000000 -0.000000 1.000000 0.060508 -0.311761 1 8 1.000000
chr009a01
  8 0.377539 0.162643 -0.040085 0.000000 -0.000000 1.000000 0.110712 -0.360383 1 8 1.000000
  8 0.385343 0.201961 -0.040085 0.000000 -0.000000 1.000000 0.060508 -0.360383 1 8 1.000000
  8 0.356438 0.213920 -0.040085 0.000000 -0.000000 1.000000 0.060508 -0.311761 1 8 1.000000
chr009a01
  8 0.377539 0.162643 -0.040085 0.000000 -0.000000 1.000000 0.110712 -0.360383 1 8 1.000000
  8 0.424412 0.162652 -0.040085 0.000000 -0.000000 1.000000 0.110712 -0.410986 1 8 1.000000
  8 0.385343 0.201961 -0.040085 0.000000 -0.000000 1.000000 0.060508 -0.360383 1 8 1.000000
chr009a01
  8 0.424412 0.162652 -0.040085 0.000000 -0.000000 1.000000 0.110712 -0.410986 1 8 1.000000
  8 0.416592 0.201968 -0.040085 0.000000 -0.000000 1.000000 0.060508 -0.410986 1 8 1.000000
  8 0.385343 0.201961 -0.040085 0.000000 -0.000000 1.000000 0.060508 -0.360383 1 8 1.000000
chr009a01
  8 0.283015 0.257088 -0.040085 0.000000 -0.000000 1.000000 0.110712 -0.204632 1 8 1.000000
  8 0.322327 0.264925 -0.040085 0.000000 -0.000000 1.000000 0.060508 -0.204632 1 8 1.000000
  8 0.322314 0.296206 -0.040085 0.000000 -0.000000 1.000000 0.060508 -0.153899 1 8 1.000000
chr009a01
  8 0.282996 0.304010 -0.040085 0.000000 -0.000000 1.000000 0.110712 -0.153899 1 8 1.000000
  8 0.283015 0.257088 -0.040085 0.000000 -0.000000 1.000000 0.110712 -0.204632 1 8 1.000000
  8 0.322314 0.296206 -0.040085 0.000000 -0.000000 1.000000 0.060508 -0.153899 1 8 1.000000
chr009a01
  8 0.282996 0.304010 -0.040085 0.000000 -0.000000 1.000000 0.110712 -0.153899 1 8 1.000000
  8 0.322314 0.296206 -0.040085 0.000000 -0.000000 1.000000 0.060508 -0.153899 1 8 1.000000
  8 0.334273 0.325111 -0.040085 0.000000 -0.000000 1.000000 0.060508 -0.107532 1 8 1.000000
chr009a01
  8 0.300934 0.347367 -0.040085 0.000000 -0.000000 1.000000 0.110712 -0.107532 1 8 1.000000
  8 0.282996 0.304010 -0.040085 0.000000 -0.000000 1.000000 0.110712 -0.153899 1 8 1.000000
  8 0.334273 0.325111 -0.040085 0.000000 -0.000000 1.000000 0.060508 -0.107532 1 8 1.000000
chr009a01
  8 0.300934 0.347367 -0.040085 0.000000 -0.000000 1.000000 0.110712 -0.107532 1 8 1.000000
  8 0.334273 0.325111 -0.040085 0.000000 -0.000000 1.000000 0.060508 -0.107532 1 8 1.000000
  8 0.356383 0.347239 -0.040085 0.000000 -0.000000 1.000000 0.060508 -0.057813 1 8 1.000000
chr009a01
  8 0.334099 0.380560 -0.040085 0.000000 -0.000000 1.000000 0.110712 -0.057813 1 8 1.000000
  8 0.300934 0.347367 -0.040085 0.000000 -0.000000 1.000000 0.110712 -0.107532 1 8 1.000000
  8 0.356383 0.347239 -0.040085 0.000000 -0.000000 1.000000 0.060508 -0.057813 1 8 1.000000
chr009a01
  8 0.334099 0.380560 -0.040085 0.000000 -0.000000 1.000000 0.110712 -0.057813 1 8 1.000000
  8 0.356383 0.347239 -0.040085 0.000000 -0.000000 1.000000 0.060508 -0.057813 1 8 1.000000
  8 0.385310 0.359228 -0.040085 0.000000 -0.000000 1.000000 0.060508 -0.011105 1 8 1.000000
chr009a01
  8 0.377490 0.398544 -0.040085 0.000000 -0.000000 1.000000 0.110712 -0.011105 1 8 1.000000
  8 0.334099 0.380560 -0.040085 0.000000 -0.000000 1.000000 0.110712 -0.057813 1 8 1.000000
  8 0.385310 0.359228 -0.040085 0.000000 -0.000000 1.000000 0.060508 -0.011105 1 8 1.000000
chr009a01
  8 0.385343 0.201961 -0.080171 0.194785 0.980846 0.000000 0.010485 -0.360383 1 8 1.000000
  8 0.385343 0.201961 -0.040085 0.194785 0.980846 0.000000 0.060508 -0.360383 1 8 1.000000
  8 0.416592 0.201968 -0.040085 -0.195192 0.980765 0.000000 0.060508 -0.410986 1 8 1.000000
chr009a01
  8 0.416592 0.201968 -0.080171 -0.195192 0.980765 0.000000 0.010485 -0.410986 1 8 1.000000
  8 0.385343 0.201961 -0.080171 0.194785 0.980846 0.000000 0.010485 -0.360383 1 8 1.000000
  8 0.416592 0.201968 -0.040085 -0.195192 0.980765 0.000000 0.060508 -0.410986 1 8 1.000000
chr009a01
  8 0.385343 0.201961 -0.080171 0.194785 0.980846 0.000000 0.010485 -0.360383 1 8 1.000000
  8 0.356438 0.213920 -0.080171 0.555224 0.831701 0.000000 0.010485 -0.311761 1 8 1.000000
  8 0.385343 0.201961 -0.040085 0.194785 0.980846 0.000000 0.060508 -0.360383 1 8 1.000000
chr009a01
  8 0.356438 0.213920 -0.080171 0.555224 0.831701 0.000000 0.010485 -0.311761 1 8 1.000000
  8 0.356438 0.213920 -0.040085 0.555224 0.831701 0.000000 0.060508 -0.311761 1 8 1.000000
  8 0.385343 0.201961 -0.040085 0.194785 0.980846 0.000000 0.060508 -0.360383 1 8 1.000000
chr009a01
  8 0.356438 0.213920 -0.080171 0.555224 0.831701 0.000000 0.010485 -0.311761 1 8 1.000000
  8 0.334310 0.236030 -0.080171 0.831239 0.555916 0.000000 0.010485 -0.260879 1 8 1.000000
  8 0.356438 0.213920 -0.040085 0.555224 0.831701 0.000000 0.060508 -0.311761 1 8 1.000000
chr009a01
  8 0.334310 0.236030 -0.080171 0.831239 0.555916 0.000000 0.010485 -0.260879 1 8 1.000000
  8 0.334310 0.236030 -0.040085 0.831239 0.555916 0.000000 0.060508 -0.260879 1 8 1.000000
  8 0.356438 0.213920 -0.040085 0.555224 0.831701 0.000000 0.060508 -0.311761 1 8 1.000000
chr009a01
  8 0.334310 0.236030 -0.040085 0.831239 0.555916 0.000000 0.060508 -0.260879 1 8 1.000000
  8 0.334310 0.236030 -0.080171 0.831239 0.555916 0.000000 0.010485 -0.260879 1 8 1.000000
  8 0.322327 0.264925 -0.080171 0.980704 0.195497 0.000000 0.010485 -0.204632 1 8 1.000000
chr009a01
  8 0.322327 0.264925 -0.040085 0.980704 0.195497 0.000000 0.060508 -0.204632 1 8 1.000000
  8 0.334310 0.236030 -0.040085 0.831239 0.555916 0.000000 0.060508 -0.260879 1 8 1.000000
  8 0.322327 0.264925 -0.080171 0.980704 0.195497 0.000000 0.010485 -0.204632 1 8 1.000000
chr009a01
  8 0.322327 0.264925 -0.080171 0.980704 0.195497 0.000000 0.010485 -0.204632 1 8 1.000000
  8 0.322314 0.296206 -0.080171 0.980866 -0.194684 -0.000000 0.010485 -0.153899 1 8 1.000000
  8 0.322327 0.264925 -0.040085 0.980704 0.195497 0.000000 0.060508 -0.204632 1 8 1.000000
chr009a01
  8 0.322314 0.296206 -0.080171 0.980866 -0.194684 -0.000000 0.010485 -0.153899 1 8 1.000000
  8 0.322314 0.296206 -0.040085 0.980866 -0.194683 -0.000000 0.060508 -0.153899 1 8 1.000000
  8 0.322327 0.264925 -0.040085 0.980704 0.195497 0.000000 0.060508 -0.204632 1 8 1.000000
chr009a01
  8 0.322314 0.296206 -0.040085 0.980866 -0.194683 -0.000000 0.060508 -0.153899 1 8 1.000000
  8 0.322314 0.296206 -0.080171 0.980866 -0.194684 -0.000000 0.010485 -0.153899 1 8 1.000000
  8 0.334273 0.325111 -0.080171 0.831701 -0.555224 -0.000000 0.010485 -0.107532 1 8 1.000000
chr009a01
  8 0.334273 0.325111 -0.040085 0.831701 -0.555224 -0.000000 0.060508 -0.107532 1 8 1.000000
  8 0.322314 0.296206 -0.040085 0.980866 -0.194683 -0.000000 0.060508 -0.153899 1 8 1.000000
  8 0.334273 0.325111 -0.080171 0.831701 -0.555224 -0.000000 0.010485 -0.107532 1 8 1.000000
chr009a01
  8 0.334273 0.325111 -0.040085 0.831701 -0.555224 -0.000000 0.060508 -0.107532 1 8 1.000000
  8 0.334273 0.325111 -0.080171 0.831701 -0.555224 -0.000000 0.010485 -0.107532 1 8 1.000000
  8 0.356383 0.347239 -0.080171 0.555830 -0.831296 -0.000000 0.010485 -0.057813 1 8 1.000000
chr009a01
  8 0.356383 0.347239 -0.040085 0.555830 -0.831296 -0.000000 0.060508 -0.057813 1 8 1.000000
  8 0.334273 0.325111 -0.040085 0.831701 -0.555224 -0.000000 0.060508 -0.107532 1 8 1.000000
  8 0.356383 0.347239 -0.080171 0.555830 -0.831296 -0.000000 0.010485 -0.057813 1 8 1.000000
chr009a01
  8 0.356383 0.347239 -0.080171 0.555830 -0.831296 -0.000000 0.010485 -0.057813 1 8 1.000000
  8 0.385310 0.359228 -0.080171 0.195192 -0.980765 -0.000000 0.010485 -0.011105 1 8 1.000000
  8 0.356383 0.347239 -0.040085 0.555830 -0.831296 -0.000000 0.060508 -0.057813 1 8 1.000000
chr009a01
  8 0.385310 0.359228 -0.080171 0.195192 -0.980765 -0.000000 0.010485 -0.011105 1 8 1.000000
  8 0.385310 0.359228 -0.040085 0.195192 -0.980765 -0.000000 0.060508 -0.011105 1 8 1.000000
  8 0.356383 0.347239 -0.040085 0.555830 -0.831296 -0.000000 0.060508 -0.057813 1 8 1.000000
chr009a01
  8 0.518897 0.257137 -0.080171 0.000000 0.000000 -1.000000 0.110712 -0.260879 1 8 1.000000
  8 0.500940 0.213787 -0.080171 0.000000 0.000000 -1.000000 0.110712 -0.311761 1 8 1.000000
  8 0.467611 0.236058 -0.080171 0.000000 0.000000 -1.000000 0.060508 -0.311761 1 8 1.000000
chr009a01
  8 0.479581 0.264957 -0.080171 0.000000 0.000000 -1.000000 0.060508 -0.260879 1 8 1.000000
  8 0.518897 0.257137 -0.080171 0.000000 0.000000 -1.000000 0.110712 -0.260879 1 8 1.000000
  8 0.467611 0.236058 -0.080171 0.000000 0.000000 -1.000000 0.060508 -0.311761 1 8 1.000000
chr009a01
  8 0.467611 0.236058 -0.080171 0.000000 0.000000 -1.000000 0.060508 -0.311761 1 8 1.000000
  8 0.500940 0.213787 -0.080171 0.000000 0.000000 -1.000000 0.110712 -0.311761 1 8 1.000000
  8 0.445492 0.213938 -0.080171 0.000000 0.000000 -1.000000 0.060508 -0.360383 1 8 1.000000
chr009a01
  8 0.500940 0.213787 -0.080171 0.000000 0.000000 -1.000000 0.110712 -0.311761 1 8 1.000000
  8 0.467762 0.180609 -0.080171 0.000000 0.000000 -1.000000 0.110712 -0.360383 1 8 1.000000
  8 0.445492 0.213938 -0.080171 0.000000 0.000000 -1.000000 0.060508 -0.360383 1 8 1.000000
chr009a01
  8 0.467762 0.180609 -0.080171 0.000000 0.000000 -1.000000 0.110712 -0.360383 1 8 1.000000
  8 0.424412 0.162652 -0.080171 0.000000 0.000000 -1.000000 0.110712 -0.410986 1 8 1.000000
  8 0.416592 0.201968 -0.080171 0.000000 0.000000 -1.000000 0.060508 -0.410986 1 8 1.000000
chr009a01
  8 0.445492 0.213938 -0.080171 0.000000 0.000000 -1.000000 0.060508 -0.360383 1 8 1.000000
  8 0.467762 0.180609 -0.080171 0.000000 0.000000 -1.000000 0.110712 -0.360383 1 8 1.000000
  8 0.416592 0.201968 -0.080171 0.000000 0.000000 -1.000000 0.060508 -0.410986 1 8 1.000000
chr009a01
  8 0.518897 0.304059 -0.080171 0.000000 0.000000 -1.000000 0.110712 -0.204632 1 8 1.000000
  8 0.518897 0.257137 -0.080171 0.000000 0.000000 -1.000000 0.110712 -0.260879 1 8 1.000000
  8 0.479581 0.264957 -0.080171 0.000000 0.000000 -1.000000 0.060508 -0.260879 1 8 1.000000
chr009a01
  8 0.479581 0.296239 -0.080171 0.000000 0.000000 -1.000000 0.060508 -0.204632 1 8 1.000000
  8 0.518897 0.304059 -0.080171 0.000000 0.000000 -1.000000 0.110712 -0.204632 1 8 1.000000
  8 0.479581 0.264957 -0.080171 0.000000 0.000000 -1.000000 0.060508 -0.260879 1 8 1.000000
chr009a01
  8 0.500940 0.347409 -0.080171 0.000000 0.000000 -1.000000 0.110712 -0.153899 1 8 1.000000
  8 0.518897 0.304059 -0.080171 0.000000 0.000000 -1.000000 0.110712 -0.204632 1 8 1.000000
  8 0.479581 0.296239 -0.080171 0.000000 0.000000 -1.000000 0.060508 -0.204632 1 8 1.000000
chr009a01
  8 0.467611 0.325139 -0.080171 0.000000 0.000000 -1.000000 0.060508 -0.153899 1 8 1.000000
  8 0.500940 0.347409 -0.080171 0.000000 0.000000 -1.000000 0.110712 -0.153899 1 8 1.000000
  8 0.479581 0.296239 -0.080171 0.000000 0.000000 -1.000000 0.060508 -0.204632 1 8 1.000000
chr009a01
  8 0.467762 0.380587 -0.080171 0.000000 0.000000 -1.000000 0.110712 -0.107532 1 8 1.000000
  8 0.500940 0.347409 -0.080171 0.000000 0.000000 -1.000000 0.110712 -0.153899 1 8 1.000000
  8 0.467611 0.325139 -0.080171 0.000000 0.000000 -1.000000 0.060508 -0.153899 1 8 1.000000
chr009a01
  8 0.445492 0.347258 -0.080171 0.000000 0.000000 -1.000000 0.060508 -0.107532 1 8 1.000000
  8 0.467762 0.380587 -0.080171 0.000000 0.000000 -1.000000 0.110712 -0.107532 1 8 1.000000
  8 0.467611 0.325139 -0.080171 0.000000 0.000000 -1.000000 0.060508 -0.153899 1 8 1.000000
chr009a01
  8 0.424412 0.398544 -0.080171 0.000000 0.000000 -1.000000 0.110712 -0.057813 1 8 1.000000
  8 0.467762 0.380587 -0.080171 0.000000 0.000000 -1.000000 0.110712 -0.107532 1 8 1.000000
  8 0.445492 0.347258 -0.080171 0.000000 0.000000 -1.000000 0.060508 -0.107532 1 8 1.000000
chr009a01
  8 0.416592 0.359228 -0.080171 0.000000 0.000000 -1.000000 0.060508 -0.057813 1 8 1.000000
  8 0.424412 0.398544 -0.080171 0.000000 0.000000 -1.000000 0.110712 -0.057813 1 8 1.000000
  8 0.445492 0.347258 -0.080171 0.000000 0.000000 -1.000000 0.060508 -0.107532 1 8 1.000000
chr009a01
  8 0.377490 0.398544 -0.080171 0.000000 0.000000 -1.000000 0.110712 -0.011105 1 8 1.000000
  8 0.424412 0.398544 -0.080171 0.000000 0.000000 -1.000000 0.110712 -0.057813 1 8 1.000000
  8 0.416592 0.359228 -0.080171 0.000000 0.000000 -1.000000 0.060508 -0.057813 1 8 1.000000
chr009a01
  8 0.385310 0.359228 -0.080171 0.000000 0.000000 -1.000000 0.060508 -0.011105 1 8 1.000000
  8 0.377490 0.398544 -0.080171 0.000000 0.000000 -1.000000 0.110712 -0.011105 1 8 1.000000
  8 0.416592 0.359228 -0.080171 0.000000 0.000000 -1.000000 0.060508 -0.057813 1 8 1.000000
chr009a01
  8 0.500940 0.213787 -0.080171 0.831470 -0.555570 -0.000000 0.161573 -0.311761 1 8 1.000000
  8 0.518897 0.257137 -0.080171 0.980785 -0.195090 -0.000000 0.161573 -0.260879 1 8 1.000000
  8 0.518897 0.257137 -0.040085 0.980785 -0.195090 -0.000000 0.110712 -0.260879 1 8 1.000000
chr009a01
  8 0.500940 0.213787 -0.040085 0.831470 -0.555570 -0.000000 0.110712 -0.311761 1 8 1.000000
  8 0.500940 0.213787 -0.080171 0.831470 -0.555570 -0.000000 0.161573 -0.311761 1 8 1.000000
  8 0.518897 0.257137 -0.040085 0.980785 -0.195090 -0.000000 0.110712 -0.260879 1 8 1.000000
chr009a01
  8 0.518897 0.257137 -0.040085 0.980785 -0.195090 -0.000000 0.110712 -0.260879 1 8 1.000000
  8 0.518897 0.257137 -0.080171 0.980785 -0.195090 -0.000000 0.161573 -0.260879 1 8 1.000000
  8 0.518897 0.304059 -0.040085 0.980785 0.195090 0.000000 0.110712 -0.204632 1 8 1.000000
chr009a01
  8 0.518897 0.257137 -0.080171 0.980785 -0.195090 -0.000000 0.161573 -0.260879 1 8 1.000000
  8 0.518897 0.304059 -0.080171 0.980785 0.195090 0.000000 0.161573 -0.204632 1 8 1.000000
  8 0.518897 0.304059 -0.040085 0.980785 0.195090 0.000000 0.110712 -0.204632 1 8 1.000000
chr009a01
  8 0.467762 0.180609 -0.080171 0.555570 -0.831470 -0.000000 0.161573 -0.360383 1 8 1.000000
  8 0.500940 0.213787 -0.080171 0.831470 -0.555570 -0.000000 0.161573 -0.311761 1 8 1.000000
  8 0.500940 0.213787 -0.040085 0.831470 -0.555570 -0.000000 0.110712 -0.311761 1 8 1.000000
chr009a01
  8 0.467762 0.180609 -0.040085 0.555570 -0.831470 -0.000000 0.110712 -0.360383 1 8 1.000000
  8 0.467762 0.180609 -0.080171 0.555570 -0.831470 -0.000000 0.161573 -0.360383 1 8 1.000000
  8 0.500940 0.213787 -0.040085 0.831470 -0.555570 -0.000000 0.110712 -0.311761 1 8 1.000000
chr009a01
  8 0.424412 0.162652 -0.080171 0.195192 -0.980765 -0.000000 0.161573 -0.410986 1 8 1.000000
  8 0.467762 0.180609 -0.080171 0.555570 -0.831470 -0.000000 0.161573 -0.360383 1 8 1.000000
  8 0.467762 0.180609 -0.040085 0.555570 -0.831470 -0.000000 0.110712 -0.360383 1 8 1.000000
chr009a01
  8 0.424412 0.162652 -0.040085 0.195192 -0.980765 -0.000000 0.110712 -0.410986 1 8 1.000000
  8 0.424412 0.162652 -0.080171 0.195192 -0.980765 -0.000000 0.161573 -0.410986 1 8 1.000000
  8 0.467762 0.180609 -0.040085 0.555570 -0.831470 -0.000000 0.110712 -0.360383 1 8 1.000000
chr009a01
  8 0.518897 0.304059 -0.040085 0.980785 0.195090 0.000000 0.110712 -0.204632 1 8 1.000000
  8 0.518897 0.304059 -0.080171 0.980785 0.195090 0.000000 0.161573 -0.204632 1 8 1.000000
  8 0.500940 0.347409 -0.040085 0.831470 0.555570 0.000000 0.110712 -0.153899 1 8 1.000000
chr009a01
  8 0.518897 0.304059 -0.080171 0.980785 0.195090 0.000000 0.161573 -0.204632 1 8 1.000000
  8 0.500940 0.347409 -0.080171 0.831470 0.555570 0.000000 0.161573 -0.153899 1 8 1.000000
  8 0.500940 0.347409 -0.040085 0.831470 0.555570 0.000000 0.110712 -0.153899 1 8 1.000000
chr009a01
  8 0.500940 0.347409 -0.040085 0.831470 0.555570 0.000000 0.110712 -0.153899 1 8 1.000000
  8 0.500940 0.347409 -0.080171 0.831470 0.555570 0.000000 0.161573 -0.153899 1 8 1.000000
  8 0.467762 0.380587 -0.040085 0.555570 0.831470 0.000000 0.110712 -0.107532 1 8 1.000000
chr009a01
  8 0.500940 0.347409 -0.080171 0.831470 0.555570 0.000000 0.161573 -0.153899 1 8 1.000000
  8 0.467762 0.380587 -0.080171 0.555570 0.831470 0.000000 0.161573 -0.107532 1 8 1.000000
  8 0.467762 0.380587 -0.040085 0.555570 0.831470 0.000000 0.110712 -0.107532 1 8 1.000000
chr009a01
  8 0.467762 0.380587 -0.040085 0.555570 0.831470 0.000000 0.110712 -0.107532 1 8 1.000000
  8 0.467762 0.380587 -0.080171 0.555570 0.831470 0.000000 0.161573 -0.107532 1 8 1.000000
  8 0.424412 0.398544 -0.040085 0.195090 0.980785 0.000000 0.110712 -0.057813 1 8 1.000000
chr009a01
  8 0.424412 0.398544 -0.040085 0.195090 0.980785 0.000000 0.110712 -0.057813 1 8 1.000000
  8 0.424412 0.398544 -0.080171 0.195090 0.980785 0.000000 0.161573 -0.057813 1 8 1.000000
  8 0.377490 0.398544 -0.040085 -0.195192 0.980765 0.000000 0.110712 -0.011105 1 8 1.000000
chr009a01
  8 0.424412 0.398544 -0.080171 0.195090 0.980785 0.000000 0.161573 -0.057813 1 8 1.000000
  8 0.377490 0.398544 -0.080171 -0.195192 0.980765 0.000000 0.161573 -0.011105 1 8 1.000000
  8 0.377490 0.398544 -0.040085 -0.195192 0.980765 0.000000 0.110712 -0.011105 1 8 1.000000
chr009a01
  8 0.467762 0.380587 -0.080171 0.555570 0.831470 0.000000 0.161573 -0.107532 1 8 1.000000
  8 0.424412 0.398544 -0.080171 0.195090 0.980785 0.000000 0.161573 -0.057813 1 8 1.000000
  8 0.424412 0.398544 -0.040085 0.195090 0.980785 0.000000 0.110712 -0.057813 1 8 1.000000
chr009a01
  8 0.500940 0.213787 -0.040085 0.000000 -0.000000 1.000000 0.110712 -0.311761 1 8 1.000000
  8 0.518897 0.257137 -0.040085 0.000000 -0.000000 1.000000 0.110712 -0.260879 1 8 1.000000
  8 0.479581 0.264957 -0.040085 0.000000 -0.000000 1.000000 0.060508 -0.260879 1 8 1.000000
chr009a01
  8 0.467611 0.236058 -0.040085 0.000000 -0.000000 1.000000 0.060508 -0.311761 1 8 1.000000
  8 0.500940 0.213787 -0.040085 0.000000 -0.000000 1.000000 0.110712 -0.311761 1 8 1.000000
  8 0.479581 0.264957 -0.040085 0.000000 -0.000000 1.000000 0.060508 -0.260879 1 8 1.000000
chr009a01
  8 0.479581 0.264957 -0.040085 0.000000 -0.000000 1.000000 0.060508 -0.260879 1 8 1.000000
  8 0.518897 0.257137 -0.040085 0.000000 -0.000000 1.000000 0.110712 -0.260879 1 8 1.000000
  8 0.479581 0.296239 -0.040085 0.000000 -0.000000 1.000000 0.060508 -0.204632 1 8 1.000000
chr009a01
  8 0.518897 0.257137 -0.040085 0.000000 -0.000000 1.000000 0.110712 -0.260879 1 8 1.000000
  8 0.518897 0.304059 -0.040085 0.000000 -0.000000 1.000000 0.110712 -0.204632 1 8 1.000000
  8 0.479581 0.296239 -0.040085 0.000000 -0.000000 1.000000 0.060508 -0.204632 1 8 1.000000
chr009a01
  8 0.467762 0.180609 -0.040085 0.000000 -0.000000 1.000000 0.110712 -0.360383 1 8 1.000000
  8 0.500940 0.213787 -0.040085 0.000000 -0.000000 1.000000 0.110712 -0.311761 1 8 1.000000
  8 0.467611 0.236058 -0.040085 0.000000 -0.000000 1.000000 0.060508 -0.311761 1 8 1.000000
chr009a01
  8 0.424412 0.162652 -0.040085 0.000000 -0.000000 1.000000 0.110712 -0.410986 1 8 1.000000
  8 0.467762 0.180609 -0.040085 0.000000 -0.000000 1.000000 0.110712 -0.360383 1 8 1.000000
  8 0.445492 0.213938 -0.040085 0.000000 -0.000000 1.000000 0.060508 -0.360383 1 8 1.000000
chr009a01
  8 0.416592 0.201968 -0.040085 0.000000 -0.000000 1.000000 0.060508 -0.410986 1 8 1.000000
  8 0.424412 0.162652 -0.040085 0.000000 -0.000000 1.000000 0.110712 -0.410986 1 8 1.000000
  8 0.445492 0.213938 -0.040085 0.000000 -0.000000 1.000000 0.060508 -0.360383 1 8 1.000000
chr009a01
  8 0.445492 0.213938 -0.040085 0.000000 -0.000000 1.000000 0.060508 -0.360383 1 8 1.000000
  8 0.467762 0.180609 -0.040085 0.000000 -0.000000 1.000000 0.110712 -0.360383 1 8 1.000000
  8 0.467611 0.236058 -0.040085 0.000000 -0.000000 1.000000 0.060508 -0.311761 1 8 1.000000
chr009a01
  8 0.479581 0.296239 -0.040085 0.000000 -0.000000 1.000000 0.060508 -0.204632 1 8 1.000000
  8 0.518897 0.304059 -0.040085 0.000000 -0.000000 1.000000 0.110712 -0.204632 1 8 1.000000
  8 0.467611 0.325139 -0.040085 0.000000 -0.000000 1.000000 0.060508 -0.153899 1 8 1.000000
chr009a01
  8 0.518897 0.304059 -0.040085 0.000000 -0.000000 1.000000 0.110712 -0.204632 1 8 1.000000
  8 0.500940 0.347409 -0.040085 0.000000 -0.000000 1.000000 0.110712 -0.153899 1 8 1.000000
  8 0.467611 0.325139 -0.040085 0.000000 -0.000000 1.000000 0.060508 -0.153899 1 8 1.000000
chr009a01
  8 0.467611 0.325139 -0.040085 0.000000 -0.000000 1.000000 0.060508 -0.153899 1 8 1.000000
  8 0.500940 0.347409 -0.040085 0.000000 -0.000000 1.000000 0.110712 -0.153899 1 8 1.000000
  8 0.445492 0.347258 -0.040085 0.000000 -0.000000 1.000000 0.060508 -0.107532 1 8 1.000000
chr009a01
  8 0.500940 0.347409 -0.040085 0.000000 -0.000000 1.000000 0.110712 -0.153899 1 8 1.000000
  8 0.467762 0.380587 -0.040085 0.000000 -0.000000 1.000000 0.110712 -0.107532 1 8 1.000000
  8 0.445492 0.347258 -0.040085 0.000000 -0.000000 1.000000 0.060508 -0.107532 1 8 1.000000
chr009a01
  8 0.445492 0.347258 -0.040085 0.000000 -0.000000 1.000000 0.060508 -0.107532 1 8 1.000000
  8 0.467762 0.380587 -0.040085 0.000000 -0.000000 1.000000 0.110712 -0.107532 1 8 1.000000
  8 0.416592 0.359228 -0.040085 0.000000 -0.000000 1.000000 0.060508 -0.057813 1 8 1.000000
chr009a01
  8 0.416592 0.359228 -0.040085 0.000000 -0.000000 1.000000 0.060508 -0.057813 1 8 1.000000
  8 0.424412 0.398544 -0.040085 0.000000 -0.000000 1.000000 0.110712 -0.057813 1 8 1.000000
  8 0.385310 0.359228 -0.040085 0.000000 -0.000000 1.000000 0.060508 -0.011105 1 8 1.000000
chr009a01
  8 0.424412 0.398544 -0.040085 0.000000 -0.000000 1.000000 0.110712 -0.057813 1 8 1.000000
  8 0.377490 0.398544 -0.040085 0.000000 -0.000000 1.000000 0.110712 -0.011105 1 8 1.000000
  8 0.385310 0.359228 -0.040085 0.000000 -0.000000 1.000000 0.060508 -0.011105 1 8 1.000000
chr009a01
  8 0.467762 0.380587 -0.040085 0.000000 -0.000000 1.000000 0.110712 -0.107532 1 8 1.000000
  8 0.424412 0.398544 -0.040085 0.000000 -0.000000 1.000000 0.110712 -0.057813 1 8 1.000000
  8 0.416592 0.359228 -0.040085 0.000000 -0.000000 1.000000 0.060508 -0.057813 1 8 1.000000
chr009a01
  8 0.445492 0.213938 -0.080171 -0.555571 0.831469 0.000000 0.010485 -0.360383 1 8 1.000000
  8 0.416592 0.201968 -0.080171 -0.195192 0.980765 0.000000 0.010485 -0.410986 1 8 1.000000
  8 0.416592 0.201968 -0.040085 -0.195192 0.980765 0.000000 0.060508 -0.410986 1 8 1.000000
chr009a01
  8 0.445492 0.213938 -0.040085 -0.555571 0.831469 0.000000 0.060508 -0.360383 1 8 1.000000
  8 0.445492 0.213938 -0.080171 -0.555571 0.831469 0.000000 0.010485 -0.360383 1 8 1.000000
  8 0.416592 0.201968 -0.040085 -0.195192 0.980765 0.000000 0.060508 -0.410986 1 8 1.000000
chr009a01
  8 0.467611 0.236058 -0.080171 -0.831469 0.555570 0.000000 0.010485 -0.311761 1 8 1.000000
  8 0.445492 0.213938 -0.080171 -0.555571 0.831469 0.000000 0.010485 -0.360383 1 8 1.000000
  8 0.445492 0.213938 -0.040085 -0.555571 0.831469 0.000000 0.060508 -0.360383 1 8 1.000000
chr009a01
  8 0.467611 0.236058 -0.040085 -0.831469 0.555570 0.000000 0.060508 -0.311761 1 8 1.000000
  8 0.467611 0.236058 -0.080171 -0.831469 0.555570 0.000000 0.010485 -0.311761 1 8 1.000000
  8 0.445492 0.213938 -0.040085 -0.555571 0.831469 0.000000 0.060508 -0.360383 1 8 1.000000
chr009a01
  8 0.479581 0.264957 -0.080171 -0.980785 0.195091 0.000000 0.010485 -0.260879 1 8 1.000000
  8 0.467611 0.236058 -0.080171 -0.831469 0.555570 0.000000 0.010485 -0.311761 1 8 1.000000
  8 0.467611 0.236058 -0.040085 -0.831469 0.555570 0.000000 0.060508 -0.311761 1 8 1.000000
chr009a01
  8 0.479581 0.264957 -0.040085 -0.980785 0.195091 0.000000 0.060508 -0.260879 1 8 1.000000
  8 0.479581 0.264957 -0.080171 -0.980785 0.195091 0.000000 0.010485 -0.260879 1 8 1.000000
  8 0.467611 0.236058 -0.040085 -0.831469 0.555570 0.000000 0.060508 -0.311761 1 8 1.000000
chr009a01
  8 0.479581 0.264957 -0.080171 -0.980785 0.195091 0.000000 0.010485 -0.260879 1 8 1.000000
  8 0.479581 0.264957 -0.040085 -0.980785 0.195091 0.000000 0.060508 -0.260879 1 8 1.000000
  8 0.479581 0.296239 -0.080171 -0.980785 -0.195091 -0.000000 0.010485 -0.204632 1 8 1.000000
chr009a01
  8 0.479581 0.264957 -0.040085 -0.980785 0.195091 0.000000 0.060508 -0.260879 1 8 1.000000
  8 0.479581 0.296239 -0.040085 -0.980785 -0.195091 -0.000000 0.060508 -0.204632 1 8 1.000000
  8 0.479581 0.296239 -0.080171 -0.980785 -0.195091 -0.000000 0.010485 -0.204632 1 8 1.000000
chr009a01
  8 0.467611 0.325139 -0.080171 -0.831470 -0.555570 -0.000000 0.010485 -0.153899 1 8 1.000000
  8 0.479581 0.296239 -0.080171 -0.980785 -0.195091 -0.000000 0.010485 -0.204632 1 8 1.000000
  8 0.479581 0.296239 -0.040085 -0.980785 -0.195091 -0.000000 0.060508 -0.204632 1 8 1.000000
chr009a01
  8 0.467611 0.325139 -0.040085 -0.831470 -0.555570 -0.000000 0.060508 -0.153899 1 8 1.000000
  8 0.467611 0.325139 -0.080171 -0.831470 -0.555570 -0.000000 0.010485 -0.153899 1 8 1.000000
  8 0.479581 0.296239 -0.040085 -0.980785 -0.195091 -0.000000 0.060508 -0.204632 1 8 1.000000
chr009a01
  8 0.467611 0.325139 -0.080171 -0.831470 -0.555570 -0.000000 0.010485 -0.153899 1 8 1.000000
  8 0.467611 0.325139 -0.040085 -0.831470 -0.555570 -0.000000 0.060508 -0.153899 1 8 1.000000
  8 0.445492 0.347258 -0.080171 -0.555571 -0.831469 -0.000000 0.010485 -0.107532 1 8 1.000000
chr009a01
  8 0.467611 0.325139 -0.040085 -0.831470 -0.555570 -0.000000 0.060508 -0.153899 1 8 1.000000
  8 0.445492 0.347258 -0.040085 -0.555571 -0.831469 -0.000000 0.060508 -0.107532 1 8 1.000000
  8 0.445492 0.347258 -0.080171 -0.555571 -0.831469 -0.000000 0.010485 -0.107532 1 8 1.000000
chr009a01
  8 0.445492 0.347258 -0.080171 -0.555571 -0.831469 -0.000000 0.010485 -0.107532 1 8 1.000000
  8 0.445492 0.347258 -0.040085 -0.555571 -0.831469 -0.000000 0.060508 -0.107532 1 8 1.000000
  8 0.416592 0.359228 -0.080171 -0.195091 -0.980785 -0.000000 0.010485 -0.057813 1 8 1.000000
chr009a01
  8 0.445492 0.347258 -0.040085 -0.555571 -0.831469 -0.000000 0.060508 -0.107532 1 8 1.000000
  8 0.416592 0.359228 -0.040085 -0.195091 -0.980785 -0.000000 0.060508 -0.057813 1 8 1.000000
  8 0.416592 0.359228 -0.080171 -0.195091 -0.980785 -0.000000 0.010485 -0.057813 1 8 1.000000
chr009a01
  8 0.385310 0.359228 -0.080171 0.195192 -0.980765 -0.000000 0.010485 -0.011105 1 8 1.000000
  8 0.416592 0.359228 -0.080171 -0.195091 -0.980785 -0.000000 0.010485 -0.057813 1 8 1.000000
  8 0.416592 0.359228 -0.040085 -0.195091 -0.980785 -0.000000 0.060508 -0.057813 1 8 1.000000
chr009a01
  8 0.385310 0.359228 -0.040085 0.195192 -0.980765 -0.000000 0.060508 -0.011105 1 8 1.000000
  8 0.385310 0.359228 -0.080171 0.195192 -0.980765 -0.000000 0.010485 -0.011105 1 8 1.000000
  8 0.416592 0.359228 -0.040085 -0.195091 -0.980785 -0.000000 0.060508 -0.057813 1 8 1.000000
chr009a01
  8 0.570991 0.422253 -0.072154 0.005867 0.005867 -0.999966 0.280780 -0.110940 1 8 1.000000
  8 0.483465 0.338979 -0.073156 0.005867 0.005867 -0.999966 0.280880 -0.293689 1 8 1.000000
  8 0.459372 0.363072 -0.073156 0.005867 0.005867 -0.999966 0.232253 -0.293689 1 8 1.000000
chr009a01
  8 0.542646 0.450598 -0.072154 0.005867 0.005867 -0.999966 0.232369 -0.110940 1 8 1.000000
  8 0.570991 0.422253 -0.072154 0.005867 0.005867 -0.999966 0.280780 -0.110940 1 8 1.000000
  8 0.459372 0.363072 -0.073156 0.005867 0.005867 -0.999966 0.232253 -0.293689 1 8 1.000000
chr009a01
  8 0.483465 0.338979 -0.047100 0.689292 -0.724484 -0.000000 0.232253 -0.292964 1 8 1.000000
  8 0.483465 0.338979 -0.073156 0.689292 -0.724484 -0.000000 0.182104 -0.292964 1 8 1.000000
  8 0.570991 0.422253 -0.072154 0.689292 -0.724484 -0.000000 0.182104 -0.110940 1 8 1.000000
chr009a01
  8 0.570991 0.422253 -0.048103 0.689292 -0.724484 -0.000000 0.232369 -0.110940 1 8 1.000000
  8 0.483465 0.338979 -0.047100 0.689292 -0.724484 -0.000000 0.232253 -0.292964 1 8 1.000000
  8 0.570991 0.422253 -0.072154 0.689292 -0.724484 -0.000000 0.182104 -0.110940 1 8 1.000000
chr009a01
  8 0.542646 0.450598 -0.072154 -0.724485 0.689291 0.000000 0.182104 -0.110940 1 8 1.000000
  8 0.459372 0.363072 -0.073156 -0.724485 0.689291 0.000000 0.182104 -0.292964 1 8 1.000000
  8 0.459372 0.363072 -0.047100 -0.724485 0.689291 0.000000 0.232253 -0.292964 1 8 1.000000
chr009a01
  8 0.542646 0.450598 -0.048103 -0.724485 0.689291 0.000000 0.232369 -0.110940 1 8 1.000000
  8 0.542646 0.450598 -0.072154 -0.724485 0.689291 0.000000 0.182104 -0.110940 1 8 1.000000
  8 0.459372 0.363072 -0.047100 -0.724485 0.689291 0.000000 0.232253 -0.292964 1 8 1.000000
chr009a01
  8 0.570991 0.422253 -0.048103 0.707107 0.707107 0.000000 0.232369 -0.061997 1 8 1.000000
  8 0.570991 0.422253 -0.072154 0.707107 0.707107 0.000000 0.280780 -0.061997 1 8 1.000000
  8 0.542646 0.450598 -0.072154 0.707107 0.707107 0.000000 0.280780 -0.110940 1 8 1.000000
chr009a01
  8 0.542646 0.450598 -0.048103 0.707107 0.707107 0.000000 0.232369 -0.110940 1 8 1.000000
  8 0.570991 0.422253 -0.048103 0.707107 0.707107 0.000000 0.232369 -0.061997 1 8 1.000000
  8 0.542646 0.450598 -0.072154 0.707107 0.707107 0.000000 0.280780 -0.110940 1 8 1.000000
chr009a01
  8 0.459372 0.363072 -0.047100 0.005867 0.005867 0.999966 0.232253 -0.293689 1 8 1.000000
  8 0.483465 0.338979 -0.047100 0.005867 0.005867 0.999966 0.280880 -0.293689 1 8 1.000000
  8 0.570991 0.422253 -0.048103 0.005867 0.005867 0.999966 0.280780 -0.110940 1 8 1.000000
chr009a01
  8 0.542646 0.450598 -0.048103 0.005867 0.005867 0.999966 0.232369 -0.110940 1 8 1.000000
  8 0.459372 0.363072 -0.047100 0.005867 0.005867 0.999966 0.232253 -0.293689 1 8 1.000000
  8 0.570991 0.422253 -0.048103 0.005867 0.005867 0.999966 0.280780 -0.110940 1 8 1.000000
chr009a01
  8 0.383915 0.380294 -0.073156 0.000000 0.010576 -0.999944 0.232253 -0.293689 1 8 1.000000
  8 0.417987 0.380294 -0.073156 0.000000 0.010576 -0.999944 0.280880 -0.293689 1 8 1.000000
  8 0.412175 0.303260 -0.074158 0.000000 0.013008 -0.999915 0.280880 -0.410249 1 8 1.000000
chr009a01
  8 0.389727 0.303260 -0.074158 0.000000 0.013008 -0.999915 0.232253 -0.410249 1 8 1.000000
  8 0.383915 0.380294 -0.073156 0.000000 0.010576 -0.999944 0.232253 -0.293689 1 8 1.000000
  8 0.412175 0.303260 -0.074158 0.000000 0.013008 -0.999915 0.280880 -0.410249 1 8 1.000000
chr009a01
  8 0.420994 0.501068 -0.072154 0.000000 0.008297 -0.999966 0.280780 -0.110940 1 8 1.000000
  8 0.417987 0.380294 -0.073156 0.000000 0.010576 -0.999944 0.280880 -0.293689 1 8 1.000000
  8 0.383915 0.380294 -0.073156 0.000000 0.010576 -0.999944 0.232253 -0.293689 1 8 1.000000
chr009a01
  8 0.380908 0.501068 -0.072154 0.000000 0.008297 -0.999966 0.232369 -0.110940 1 8 1.000000
  8 0.420994 0.501068 -0.072154 0.000000 0.008297 -0.999966 0.280780 -0.110940 1 8 1.000000
  8 0.383915 0.380294 -0.073156 0.000000 0.010576 -0.999944 0.232253 -0.293689 1 8 1.000000
chr009a01
  8 0.412175 0.303260 -0.046098 0.997166 -0.075238 -0.000000 0.232253 -0.409524 1 8 1.000000
  8 0.412175 0.303260 -0.074158 0.997166 -0.075238 -0.000000 0.182104 -0.409524 1 8 1.000000
  8 0.417987 0.380294 -0.073156 0.998737 -0.050248 -0.000000 0.182104 -0.292964 1 8 1.000000
chr009a01
  8 0.417987 0.380294 -0.047100 0.998737 -0.050248 -0.000000 0.232253 -0.292964 1 8 1.000000
  8 0.412175 0.303260 -0.046098 0.997166 -0.075238 -0.000000 0.232253 -0.409524 1 8 1.000000
  8 0.417987 0.380294 -0.073156 0.998737 -0.050248 -0.000000 0.182104 -0.292964 1 8 1.000000
chr009a01
  8 0.417987 0.380294 -0.047100 0.998737 -0.050248 -0.000000 0.232253 -0.292964 1 8 1.000000
  8 0.417987 0.380294 -0.073156 0.998737 -0.050248 -0.000000 0.182104 -0.292964 1 8 1.000000
  8 0.420994 0.501068 -0.072154 0.999690 -0.024885 -0.000000 0.182104 -0.110940 1 8 1.000000
chr009a01
  8 0.420994 0.501068 -0.048103 0.999690 -0.024885 -0.000000 0.232369 -0.110940 1 8 1.000000
  8 0.417987 0.380294 -0.047100 0.998737 -0.050248 -0.000000 0.232253 -0.292964 1 8 1.000000
  8 0.420994 0.501068 -0.072154 0.999690 -0.024885 -0.000000 0.182104 -0.110940 1 8 1.000000
chr009a01
  8 0.383915 0.380294 -0.073156 -0.998737 -0.050248 -0.000000 0.182104 -0.292964 1 8 1.000000
  8 0.389727 0.303260 -0.074158 -0.997166 -0.075239 -0.000000 0.182104 -0.409524 1 8 1.000000
  8 0.389727 0.303260 -0.046098 -0.997166 -0.075239 -0.000000 0.232253 -0.409524 1 8 1.000000
chr009a01
  8 0.383915 0.380294 -0.047100 -0.998737 -0.050248 -0.000000 0.232253 -0.292964 1 8 1.000000
  8 0.383915 0.380294 -0.073156 -0.998737 -0.050248 -0.000000 0.182104 -0.292964 1 8 1.000000
  8 0.389727 0.303260 -0.046098 -0.997166 -0.075239 -0.000000 0.232253 -0.409524 1 8 1.000000
chr009a01
  8 0.380908 0.501068 -0.072154 -0.999690 -0.024885 -0.000000 0.182104 -0.110940 1 8 1.000000
  8 0.383915 0.380294 -0.073156 -0.998737 -0.050248 -0.000000 0.182104 -0.292964 1 8 1.000000
  8 0.383915 0.380294 -0.047100 -0.998737 -0.050248 -0.000000 0.232253 -0.292964 1 8 1.000000
chr009a01
  8 0.380908 0.501068 -0.048103 -0.999690 -0.024885 -0.000000 0.232369 -0.110940 1 8 1.000000
  8 0.380908 0.501068 -0.072154 -0.999690 -0.024885 -0.000000 0.182104 -0.110940 1 8 1.000000
  8 0.383915 0.380294 -0.047100 -0.998737 -0.050248 -0.000000 0.232253 -0.292964 1 8 1.000000
chr009a01
  8 0.417987 0.380294 -0.047100 0.000000 0.010576 0.999944 0.280880 -0.293689 1 8 1.000000
  8 0.383915 0.380294 -0.047100 0.000000 0.010576 0.999944 0.232253 -0.293689 1 8 1.000000
  8 0.389727 0.303260 -0.046098 0.000000 0.013008 0.999915 0.232253 -0.410249 1 8 1.000000
chr009a01
  8 0.412175 0.303260 -0.046098 0.000000 0.013008 0.999915 0.280880 -0.410249 1 8 1.000000
  8 0.417987 0.380294 -0.047100 0.000000 0.010576 0.999944 0.280880 -0.293689 1 8 1.000000
  8 0.389727 0.303260 -0.046098 0.000000 0.013008 0.999915 0.232253 -0.410249 1 8 1.000000
chr009a01
  8 0.383915 0.380294 -0.047100 0.000000 0.010576 0.999944 0.232253 -0.293689 1 8 1.000000
  8 0.417987 0.380294 -0.047100 0.000000 0.010576 0.999944 0.280880 -0.293689 1 8 1.000000
  8 0.420994 0.501068 -0.048103 0.000000 0.008297 0.999966 0.280780 -0.110940 1 8 1.000000
chr009a01
  8 0.380908 0.501068 -0.048103 0.000000 0.008297 0.999966 0.232369 -0.110940 1 8 1.000000
  8 0.383915 0.380294 -0.047100 0.000000 0.010576 0.999944 0.232253 -0.293689 1 8 1.000000
  8 0.420994 0.501068 -0.048103 0.000000 0.008297 0.999966 0.280780 -0.110940 1 8 1.000000
chr009a01
  8 0.420994 0.501068 -0.048103 0.000000 1.000000 0.000000 0.232369 -0.061997 1 8 1.000000
  8 0.420994 0.501068 -0.072154 0.000000 1.000000 0.000000 0.280780 -0.061997 1 8 1.000000
  8 0.380908 0.501068 -0.072154 0.000000 1.000000 0.000000 0.280780 -0.110940 1 8 1.000000
chr009a01
  8 0.380908 0.501068 -0.048103 0.000000 1.000000 0.000000 0.232369 -0.110940 1 8 1.000000
  8 0.420994 0.501068 -0.048103 0.000000 1.000000 0.000000 0.232369 -0.061997 1 8 1.000000
  8 0.380908 0.501068 -0.072154 0.000000 1.000000 0.000000 0.280780 -0.110940 1 8 1.000000
chr009a01
  8 0.310147 0.392975 -0.068991 -0.066774 0.066774 -0.995531 0.280780 -0.110940 1 8 1.000000
  8 0.342473 0.363209 -0.073156 -0.066774 0.066774 -0.995531 0.280880 -0.293689 1 8 1.000000
  8 0.318380 0.339116 -0.073156 -0.066774 0.066774 -0.995531 0.232253 -0.293689 1 8 1.000000
chr009a01
  8 0.289256 0.372085 -0.068991 -0.066774 0.066774 -0.995531 0.232369 -0.110940 1 8 1.000000
  8 0.310147 0.392975 -0.068991 -0.066774 0.066774 -0.995531 0.280780 -0.110940 1 8 1.000000
  8 0.318380 0.339116 -0.073156 -0.066774 0.066774 -0.995531 0.232253 -0.293689 1 8 1.000000
chr009a01
  8 0.342473 0.363209 -0.047100 0.677378 0.735636 0.000000 0.232253 -0.292964 1 8 1.000000
  8 0.342473 0.363209 -0.073156 0.677378 0.735636 0.000000 0.182104 -0.292964 1 8 1.000000
  8 0.310147 0.392975 -0.068991 0.677377 0.735636 0.000000 0.182104 -0.110940 1 8 1.000000
chr009a01
  8 0.310147 0.392975 -0.051265 0.677377 0.735636 0.000000 0.232369 -0.110940 1 8 1.000000
  8 0.342473 0.363209 -0.047100 0.677378 0.735636 0.000000 0.232253 -0.292964 1 8 1.000000
  8 0.310147 0.392975 -0.068991 0.677377 0.735636 0.000000 0.182104 -0.110940 1 8 1.000000
chr009a01
  8 0.289256 0.372085 -0.068991 -0.749462 -0.662047 -0.000000 0.182104 -0.110940 1 8 1.000000
  8 0.318380 0.339116 -0.073156 -0.749462 -0.662047 -0.000000 0.182104 -0.292964 1 8 1.000000
  8 0.318380 0.339116 -0.047100 -0.749462 -0.662047 -0.000000 0.232253 -0.292964 1 8 1.000000
chr009a01
  8 0.289256 0.372085 -0.051265 -0.749462 -0.662047 -0.000000 0.232369 -0.110940 1 8 1.000000
  8 0.289256 0.372085 -0.068991 -0.749462 -0.662047 -0.000000 0.182104 -0.110940 1 8 1.000000
  8 0.318380 0.339116 -0.047100 -0.749462 -0.662047 -0.000000 0.232253 -0.292964 1 8 1.000000
chr009a01
  8 0.310147 0.392975 -0.051265 -0.707107 0.707107 0.000000 0.232369 -0.061997 1 8 1.000000
  8 0.310147 0.392975 -0.068991 -0.707107 0.707107 0.000000 0.280780 -0.061997 1 8 1.000000
  8 0.289256 0.372085 -0.068991 -0.707107 0.707107 0.000000 0.280780 -0.110940 1 8 1.000000
chr009a01
  8 0.289256 0.372085 -0.051265 -0.707107 0.707107 0.000000 0.232369 -0.110940 1 8 1.000000
  8 0.310147 0.392975 -0.051265 -0.707107 0.707107 0.000000 0.232369 -0.061997 1 8 1.000000
  8 0.289256 0.372085 -0.068991 -0.707107 0.707107 0.000000 0.280780 -0.110940 1 8 1.000000
chr009a01
  8 0.318380 0.339116 -0.047100 -0.066774 0.066774 0.995531 0.232253 -0.293689 1 8 1.000000
  8 0.342473 0.363209 -0.047100 -0.066774 0.066774 0.995531 0.280880 -0.293689 1 8 1.000000
  8 0.310147 0.392975 -0.051265 -0.066774 0.066774 0.995531 0.280780 -0.110940 1 8 1.000000
chr009a01
  8 0.289256 0.372085 -0.051265 -0.066774 0.066774 0.995531 0.232369 -0.110940 1 8 1.000000
  8 0.318380 0.339116 -0.047100 -0.066774 0.066774 0.995531 0.232253 -0.293689 1 8 1.000000
  8 0.310147 0.392975 -0.051265 -0.066774 0.066774 0.995531 0.280780 -0.110940 1 8 1.000000
chr009a01
  8 0.301158 0.263658 -0.073156 -0.057077 0.000000 -0.998370 0.232253 -0.293689 1 8 1.000000
  8 0.301158 0.297731 -0.073156 -0.057077 0.000000 -0.998370 0.280880 -0.293689 1 8 1.000000
  8 0.378192 0.291919 -0.074158 -0.013008 0.000000 -0.999915 0.280880 -0.410249 1 8 1.000000
chr009a01
  8 0.378192 0.269471 -0.074158 -0.013008 0.000000 -0.999915 0.232253 -0.410249 1 8 1.000000
  8 0.301158 0.263658 -0.073156 -0.057077 0.000000 -0.998370 0.232253 -0.293689 1 8 1.000000
  8 0.378192 0.291919 -0.074158 -0.013008 0.000000 -0.999915 0.280880 -0.410249 1 8 1.000000
chr009a01
  8 0.257188 0.294995 -0.068708 -0.100643 0.000000 -0.994923 0.280780 -0.110940 1 8 1.000000
  8 0.301158 0.297731 -0.073156 -0.057077 0.000000 -0.998370 0.280880 -0.293689 1 8 1.000000
  8 0.301158 0.263658 -0.073156 -0.057077 0.000000 -0.998370 0.232253 -0.293689 1 8 1.000000
chr009a01
  8 0.257188 0.266395 -0.068708 -0.100643 0.000000 -0.994923 0.232369 -0.110940 1 8 1.000000
  8 0.257188 0.294995 -0.068708 -0.100643 0.000000 -0.994923 0.280780 -0.110940 1 8 1.000000
  8 0.301158 0.263658 -0.073156 -0.057077 0.000000 -0.998370 0.232253 -0.293689 1 8 1.000000
chr009a01
  8 0.378192 0.291919 -0.046098 0.075239 0.997166 0.000000 0.232253 -0.409524 1 8 1.000000
  8 0.378192 0.291919 -0.074158 0.075239 0.997166 0.000000 0.182104 -0.409524 1 8 1.000000
  8 0.301158 0.297731 -0.073156 0.009138 0.999958 0.000000 0.182104 -0.292964 1 8 1.000000
chr009a01
  8 0.301158 0.297731 -0.047100 0.009138 0.999958 0.000000 0.232253 -0.292964 1 8 1.000000
  8 0.378192 0.291919 -0.046098 0.075239 0.997166 0.000000 0.232253 -0.409524 1 8 1.000000
  8 0.301158 0.297731 -0.073156 0.009138 0.999958 0.000000 0.182104 -0.292964 1 8 1.000000
chr009a01
  8 0.301158 0.297731 -0.047100 0.009138 0.999958 0.000000 0.232253 -0.292964 1 8 1.000000
  8 0.301158 0.297731 -0.073156 0.009138 0.999958 0.000000 0.182104 -0.292964 1 8 1.000000
  8 0.257188 0.294995 -0.068708 -0.062115 0.998069 0.000000 0.182104 -0.110940 1 8 1.000000
chr009a01
  8 0.257188 0.294995 -0.051548 -0.062115 0.998069 0.000000 0.232369 -0.110940 1 8 1.000000
  8 0.301158 0.297731 -0.047100 0.009138 0.999958 0.000000 0.232253 -0.292964 1 8 1.000000
  8 0.257188 0.294995 -0.068708 -0.062115 0.998069 0.000000 0.182104 -0.110940 1 8 1.000000
chr009a01
  8 0.301158 0.263658 -0.073156 0.009139 -0.999958 -0.000000 0.182104 -0.292964 1 8 1.000000
  8 0.378192 0.269471 -0.074158 0.075239 -0.997166 -0.000000 0.182104 -0.409524 1 8 1.000000
  8 0.378192 0.269471 -0.046098 0.075239 -0.997166 -0.000000 0.232253 -0.409524 1 8 1.000000
chr009a01
  8 0.301158 0.263658 -0.047100 0.009139 -0.999958 -0.000000 0.232253 -0.292964 1 8 1.000000
  8 0.301158 0.263658 -0.073156 0.009139 -0.999958 -0.000000 0.182104 -0.292964 1 8 1.000000
  8 0.378192 0.269471 -0.046098 0.075239 -0.997166 -0.000000 0.232253 -0.409524 1 8 1.000000
chr009a01
  8 0.257188 0.266395 -0.068708 -0.062114 -0.998069 -0.000000 0.182104 -0.110940 1 8 1.000000
  8 0.301158 0.263658 -0.073156 0.009139 -0.999958 -0.000000 0.182104 -0.292964 1 8 1.000000
  8 0.301158 0.263658 -0.047100 0.009139 -0.999958 -0.000000 0.232253 -0.292964 1 8 1.000000
chr009a01
  8 0.257188 0.266395 -0.051548 -0.062114 -0.998069 -0.000000 0.232369 -0.110940 1 8 1.000000
  8 0.257188 0.266395 -0.068708 -0.062114 -0.998069 -0.000000 0.182104 -0.110940 1 8 1.000000
  8 0.301158 0.263658 -0.047100 0.009139 -0.999958 -0.000000 0.232253 -0.292964 1 8 1.000000
chr009a01
  8 0.301158 0.297731 -0.047100 -0.057077 -0.000000 0.998370 0.280880 -0.293689 1 8 1.000000
  8 0.301158 0.263658 -0.047100 -0.057077 -0.000000 0.998370 0.232253 -0.293689 1 8 1.000000
  8 0.378192 0.269471 -0.046098 -0.013008 -0.000000 0.999915 0.232253 -0.410249 1 8 1.000000
chr009a01
  8 0.378192 0.291919 -0.046098 -0.013008 -0.000000 0.999915 0.280880 -0.410249 1 8 1.000000
  8 0.301158 0.297731 -0.047100 -0.057077 -0.000000 0.998370 0.280880 -0.293689 1 8 1.000000
  8 0.378192 0.269471 -0.046098 -0.013008 -0.000000 0.999915 0.232253 -0.410249 1 8 1.000000
chr009a01
  8 0.301158 0.263658 -0.047100 -0.057077 -0.000000 0.998370 0.232253 -0.293689 1 8 1.000000
  8 0.301158 0.297731 -0.047100 -0.057077 -0.000000 0.998370 0.280880 -0.293689 1 8 1.000000
  8 0.257188 0.294995 -0.051548 -0.100643 -0.000000 0.994923 0.280780 -0.110940 1 8 1.000000
chr009a01
  8 0.257188 0.266395 -0.051548 -0.100643 -0.000000 0.994923 0.232369 -0.110940 1 8 1.000000
  8 0.301158 0.263658 -0.047100 -0.057077 -0.000000 0.998370 0.232253 -0.293689 1 8 1.000000
  8 0.257188 0.294995 -0.051548 -0.100643 -0.000000 0.994923 0.280780 -0.110940 1 8 1.000000
chr009a01
  8 0.257188 0.294995 -0.051548 -1.000000 0.000000 0.000000 0.232369 -0.061997 1 8 1.000000
  8 0.257188 0.294995 -0.068708 -1.000000 0.000000 0.000000 0.280780 -0.061997 1 8 1.000000
  8 0.257188 0.266395 -0.068708 -1.000000 0.000000 0.000000 0.280780 -0.110940 1 8 1.000000
chr009a01
  8 0.257188 0.266395 -0.051548 -1.000000 0.000000 0.000000 0.232369 -0.110940 1 8 1.000000
  8 0.257188 0.294995 -0.051548 -1.000000 0.000000 0.000000 0.232369 -0.061997 1 8 1.000000
  8 0.257188 0.266395 -0.068708 -1.000000 0.000000 0.000000 0.280780 -0.110940 1 8 1.000000
chr009a01
  8 0.290196 0.190848 -0.069645 -0.058890 -0.058890 -0.996526 0.280780 -0.110940 1 8 1.000000
  8 0.318244 0.222217 -0.073156 -0.058890 -0.058890 -0.996526 0.280880 -0.293689 1 8 1.000000
  8 0.342337 0.198124 -0.073156 -0.058890 -0.058890 -0.996526 0.232253 -0.293689 1 8 1.000000
chr009a01
  8 0.312627 0.168418 -0.069645 -0.058890 -0.058890 -0.996526 0.232369 -0.110940 1 8 1.000000
  8 0.290196 0.190848 -0.069645 -0.058890 -0.058890 -0.996526 0.280780 -0.110940 1 8 1.000000
  8 0.342337 0.198124 -0.073156 -0.058890 -0.058890 -0.996526 0.232253 -0.293689 1 8 1.000000
chr009a01
  8 0.318244 0.222217 -0.047100 -0.745469 0.666540 0.000000 0.232253 -0.292964 1 8 1.000000
  8 0.318244 0.222217 -0.073156 -0.745469 0.666540 0.000000 0.182104 -0.292964 1 8 1.000000
  8 0.290196 0.190848 -0.069645 -0.745469 0.666540 0.000000 0.182104 -0.110940 1 8 1.000000
chr009a01
  8 0.290196 0.190848 -0.050612 -0.745469 0.666540 0.000000 0.232369 -0.110940 1 8 1.000000
  8 0.318244 0.222217 -0.047100 -0.745469 0.666540 0.000000 0.232253 -0.292964 1 8 1.000000
  8 0.290196 0.190848 -0.069645 -0.745469 0.666540 0.000000 0.182104 -0.110940 1 8 1.000000
chr009a01
  8 0.312627 0.168418 -0.069645 0.707070 -0.707144 -0.000000 0.182104 -0.110940 1 8 1.000000
  8 0.342337 0.198124 -0.073156 0.707070 -0.707144 -0.000000 0.182104 -0.292964 1 8 1.000000
  8 0.342337 0.198124 -0.047100 0.707070 -0.707144 -0.000000 0.232253 -0.292964 1 8 1.000000
chr009a01
  8 0.312627 0.168418 -0.050612 0.707070 -0.707144 -0.000000 0.232369 -0.110940 1 8 1.000000
  8 0.312627 0.168418 -0.069645 0.707070 -0.707144 -0.000000 0.182104 -0.110940 1 8 1.000000
  8 0.342337 0.198124 -0.047100 0.707070 -0.707144 -0.000000 0.232253 -0.292964 1 8 1.000000
chr009a01
  8 0.290196 0.190848 -0.050612 -0.707107 -0.707107 -0.000000 0.232369 -0.061997 1 8 1.000000
  8 0.290196 0.190848 -0.069645 -0.707107 -0.707107 -0.000000 0.280780 -0.061997 1 8 1.000000
  8 0.312627 0.168418 -0.069645 -0.707107 -0.707107 -0.000000 0.280780 -0.110940 1 8 1.000000
chr009a01
  8 0.312627 0.168418 -0.050612 -0.707107 -0.707107 -0.000000 0.232369 -0.110940 1 8 1.000000
  8 0.290196 0.190848 -0.050612 -0.707107 -0.707107 -0.000000 0.232369 -0.061997 1 8 1.000000
  8 0.312627 0.168418 -0.069645 -0.707107 -0.707107 -0.000000 0.280780 -0.110940 1 8 1.000000
chr009a01
  8 0.342337 0.198124 -0.047100 -0.058890 -0.058890 0.996526 0.232253 -0.293689 1 8 1.000000
  8 0.318244 0.222217 -0.047100 -0.058890 -0.058890 0.996526 0.280880 -0.293689 1 8 1.000000
  8 0.290196 0.190848 -0.050612 -0.058890 -0.058890 0.996526 0.280780 -0.110940 1 8 1.000000
chr009a01
  8 0.312627 0.168418 -0.050612 -0.058890 -0.058890 0.996526 0.232369 -0.110940 1 8 1.000000
  8 0.342337 0.198124 -0.047100 -0.058890 -0.058890 0.996526 0.232253 -0.293689 1 8 1.000000
  8 0.290196 0.190848 -0.050612 -0.058890 -0.058890 0.996526 0.280780 -0.110940 1 8 1.000000
chr009a01
  8 0.417794 0.180902 -0.073156 0.000000 -0.010576 -0.999944 0.232253 -0.293689 1 8 1.000000
  8 0.383721 0.180902 -0.073156 0.000000 -0.010576 -0.999944 0.280880 -0.293689 1 8 1.000000
  8 0.389534 0.257936 -0.074158 0.000000 -0.013008 -0.999915 0.280880 -0.410249 1 8 1.000000
chr009a01
  8 0.411982 0.257936 -0.074158 0.000000 -0.013008 -0.999915 0.232253 -0.410249 1 8 1.000000
  8 0.417794 0.180902 -0.073156 0.000000 -0.010576 -0.999944 0.232253 -0.293689 1 8 1.000000
  8 0.389534 0.257936 -0.074158 0.000000 -0.013008 -0.999915 0.280880 -0.410249 1 8 1.000000
chr009a01
  8 0.380715 0.060128 -0.072154 0.000000 -0.008297 -0.999966 0.280780 -0.110940 1 8 1.000000
  8 0.383721 0.180902 -0.073156 0.000000 -0.010576 -0.999944 0.280880 -0.293689 1 8 1.000000
  8 0.417794 0.180902 -0.073156 0.000000 -0.010576 -0.999944 0.232253 -0.293689 1 8 1.000000
chr009a01
  8 0.420800 0.060128 -0.072154 0.000000 -0.008297 -0.999966 0.232369 -0.110940 1 8 1.000000
  8 0.380715 0.060128 -0.072154 0.000000 -0.008297 -0.999966 0.280780 -0.110940 1 8 1.000000
  8 0.417794 0.180902 -0.073156 0.000000 -0.010576 -0.999944 0.232253 -0.293689 1 8 1.000000
chr009a01
  8 0.389534 0.257936 -0.046098 -0.997166 0.075238 0.000000 0.232253 -0.409524 1 8 1.000000
  8 0.389534 0.257936 -0.074158 -0.997166 0.075238 0.000000 0.182104 -0.409524 1 8 1.000000
  8 0.383721 0.180902 -0.073156 -0.998737 0.050248 0.000000 0.182104 -0.292964 1 8 1.000000
chr009a01
  8 0.383721 0.180902 -0.047100 -0.998737 0.050248 0.000000 0.232253 -0.292964 1 8 1.000000
  8 0.389534 0.257936 -0.046098 -0.997166 0.075238 0.000000 0.232253 -0.409524 1 8 1.000000
  8 0.383721 0.180902 -0.073156 -0.998737 0.050248 0.000000 0.182104 -0.292964 1 8 1.000000
chr009a01
  8 0.383721 0.180902 -0.047100 -0.998737 0.050248 0.000000 0.232253 -0.292964 1 8 1.000000
  8 0.383721 0.180902 -0.073156 -0.998737 0.050248 0.000000 0.182104 -0.292964 1 8 1.000000
  8 0.380715 0.060128 -0.072154 -0.999690 0.024885 0.000000 0.182104 -0.110940 1 8 1.000000
chr009a01
  8 0.380715 0.060128 -0.048103 -0.999690 0.024885 0.000000 0.232369 -0.110940 1 8 1.000000
  8 0.383721 0.180902 -0.047100 -0.998737 0.050248 0.000000 0.232253 -0.292964 1 8 1.000000
  8 0.380715 0.060128 -0.072154 -0.999690 0.024885 0.000000 0.182104 -0.110940 1 8 1.000000
chr009a01
  8 0.417794 0.180902 -0.073156 0.998737 0.050248 0.000000 0.182104 -0.292964 1 8 1.000000
  8 0.411982 0.257936 -0.074158 0.997166 0.075239 0.000000 0.182104 -0.409524 1 8 1.000000
  8 0.411982 0.257936 -0.046098 0.997166 0.075239 0.000000 0.232253 -0.409524 1 8 1.000000
chr009a01
  8 0.417794 0.180902 -0.047100 0.998737 0.050248 0.000000 0.232253 -0.292964 1 8 1.000000
  8 0.417794 0.180902 -0.073156 0.998737 0.050248 0.000000 0.182104 -0.292964 1 8 1.000000
  8 0.411982 0.257936 -0.046098 0.997166 0.075239 0.000000 0.232253 -0.409524 1 8 1.000000
chr009a01
  8 0.420800 0.060128 -0.072154 0.999690 0.024885 0.000000 0.182104 -0.110940 1 8 1.000000
  8 0.417794 0.180902 -0.073156 0.998737 0.050248 0.000000 0.182104 -0.292964 1 8 1.000000
  8 0.417794 0.180902 -0.047100 0.998737 0.050248 0.000000 0.232253 -0.292964 1 8 1.000000
chr009a01
  8 0.420800 0.060128 -0.048103 0.999690 0.024885 0.000000 0.232369 -0.110940 1 8 1.000000
  8 0.420800 0.060128 -0.072154 0.999690 0.024885 0.000000 0.182104 -0.110940 1 8 1.000000
  8 0.417794 0.180902 -0.047100 0.998737 0.050248 0.000000 0.232253 -0.292964 1 8 1.000000
chr009a01
  8 0.383721 0.180902 -0.047100 0.000000 -0.010576 0.999944 0.280880 -0.293689 1 8 1.000000
  8 0.417794 0.180902 -0.047100 0.000000 -0.010576 0.999944 0.232253 -0.293689 1 8 1.000000
  8 0.411982 0.257936 -0.046098 0.000000 -0.013008 0.999915 0.232253 -0.410249 1 8 1.000000
chr009a01
  8 0.389534 0.257936 -0.046098 0.000000 -0.013008 0.999915 0.280880 -0.410249 1 8 1.000000
  8 0.383721 0.180902 -0.047100 0.000000 -0.010576 0.999944 0.280880 -0.293689 1 8 1.000000
  8 0.411982 0.257936 -0.046098 0.000000 -0.013008 0.999915 0.232253 -0.410249 1 8 1.000000
chr009a01
  8 0.417794 0.180902 -0.047100 0.000000 -0.010576 0.999944 0.232253 -0.293689 1 8 1.000000
  8 0.383721 0.180902 -0.047100 0.000000 -0.010576 0.999944 0.280880 -0.293689 1 8 1.000000
  8 0.380715 0.060128 -0.048103 0.000000 -0.008297 0.999966 0.280780 -0.110940 1 8 1.000000
chr009a01
  8 0.420800 0.060128 -0.048103 0.000000 -0.008297 0.999966 0.232369 -0.110940 1 8 1.000000
  8 0.417794 0.180902 -0.047100 0.000000 -0.010576 0.999944 0.232253 -0.293689 1 8 1.000000
  8 0.380715 0.060128 -0.048103 0.000000 -0.008297 0.999966 0.280780 -0.110940 1 8 1.000000
chr009a01
  8 0.380715 0.060128 -0.048103 0.000000 -1.000000 -0.000000 0.232369 -0.061997 1 8 1.000000
  8 0.380715 0.060128 -0.072154 0.000000 -1.000000 -0.000000 0.280780 -0.061997 1 8 1.000000
  8 0.420800 0.060128 -0.072154 0.000000 -1.000000 -0.000000 0.280780 -0.110940 1 8 1.000000
chr009a01
  8 0.420800 0.060128 -0.048103 0.000000 -1.000000 -0.000000 0.232369 -0.110940 1 8 1.000000
  8 0.380715 0.060128 -0.048103 0.000000 -1.000000 -0.000000 0.232369 -0.061997 1 8 1.000000
  8 0.420800 0.060128 -0.072154 0.000000 -1.000000 -0.000000 0.280780 -0.110940 1 8 1.000000
chr009a01
  8 0.542509 0.110462 -0.072154 0.005867 -0.005867 -0.999966 0.280780 -0.110940 1 8 1.000000
  8 0.459235 0.197987 -0.073156 0.005867 -0.005867 -0.999966 0.280880 -0.293689 1 8 1.000000
  8 0.483328 0.222080 -0.073156 0.005867 -0.005867 -0.999966 0.232253 -0.293689 1 8 1.000000
chr009a01
  8 0.570854 0.138806 -0.072154 0.005867 -0.005867 -0.999966 0.232369 -0.110940 1 8 1.000000
  8 0.542509 0.110462 -0.072154 0.005867 -0.005867 -0.999966 0.280780 -0.110940 1 8 1.000000
  8 0.483328 0.222080 -0.073156 0.005867 -0.005867 -0.999966 0.232253 -0.293689 1 8 1.000000
chr009a01
  8 0.459235 0.197987 -0.047100 -0.724484 -0.689292 -0.000000 0.232253 -0.292964 1 8 1.000000
  8 0.459235 0.197987 -0.073156 -0.724484 -0.689292 -0.000000 0.182104 -0.292964 1 8 1.000000
  8 0.542509 0.110462 -0.072154 -0.724484 -0.689292 -0.000000 0.182104 -0.110940 1 8 1.000000
chr009a01
  8 0.542509 0.110462 -0.048103 -0.724484 -0.689292 -0.000000 0.232369 -0.110940 1 8 1.000000
  8 0.459235 0.197987 -0.047100 -0.724484 -0.689292 -0.000000 0.232253 -0.292964 1 8 1.000000
  8 0.542509 0.110462 -0.072154 -0.724484 -0.689292 -0.000000 0.182104 -0.110940 1 8 1.000000
chr009a01
  8 0.570854 0.138806 -0.072154 0.689291 0.724485 0.000000 0.182104 -0.110940 1 8 1.000000
  8 0.483328 0.222080 -0.073156 0.689291 0.724485 0.000000 0.182104 -0.292964 1 8 1.000000
  8 0.483328 0.222080 -0.047100 0.689291 0.724485 0.000000 0.232253 -0.292964 1 8 1.000000
chr009a01
  8 0.570854 0.138806 -0.048103 0.689291 0.724485 0.000000 0.232369 -0.110940 1 8 1.000000
  8 0.570854 0.138806 -0.072154 0.689291 0.724485 0.000000 0.182104 -0.110940 1 8 1.000000
  8 0.483328 0.222080 -0.047100 0.689291 0.724485 0.000000 0.232253 -0.292964 1 8 1.000000
chr009a01
  8 0.542509 0.110462 -0.048103 0.707107 -0.707107 -0.000000 0.232369 -0.061997 1 8 1.000000
  8 0.542509 0.110462 -0.072154 0.707107 -0.707107 -0.000000 0.280780 -0.061997 1 8 1.000000
  8 0.570854 0.138806 -0.072154 0.707107 -0.707107 -0.000000 0.280780 -0.110940 1 8 1.000000
chr009a01
  8 0.570854 0.138806 -0.048103 0.707107 -0.707107 -0.000000 0.232369 -0.110940 1 8 1.000000
  8 0.542509 0.110462 -0.048103 0.707107 -0.707107 -0.000000 0.232369 -0.061997 1 8 1.000000
  8 0.570854 0.138806 -0.072154 0.707107 -0.707107 -0.000000 0.280780 -0.110940 1 8 1.000000
chr009a01
  8 0.483328 0.222080 -0.047100 0.005867 -0.005867 0.999966 0.232253 -0.293689 1 8 1.000000
  8 0.459235 0.197987 -0.047100 0.005867 -0.005867 0.999966 0.280880 -0.293689 1 8 1.000000
  8 0.542509 0.110462 -0.048103 0.005867 -0.005867 0.999966 0.280780 -0.110940 1 8 1.000000
chr009a01
  8 0.570854 0.138806 -0.048103 0.005867 -0.005867 0.999966 0.232369 -0.110940 1 8 1.000000
  8 0.483328 0.222080 -0.047100 0.005867 -0.005867 0.999966 0.232253 -0.293689 1 8 1.000000
  8 0.542509 0.110462 -0.048103 0.005867 -0.005867 0.999966 0.280780 -0.110940 1 8 1.000000
chr009a01
  8 0.500551 0.297538 -0.073156 0.010576 0.000000 -0.999944 0.232253 -0.293689 1 8 1.000000
  8 0.500551 0.263465 -0.073156 0.010576 0.000000 -0.999944 0.280880 -0.293689 1 8 1.000000
  8 0.423517 0.269278 -0.074158 0.013008 0.000000 -0.999915 0.280880 -0.410249 1 8 1.000000
chr009a01
  8 0.423517 0.291725 -0.074158 0.013008 0.000000 -0.999915 0.232253 -0.410249 1 8 1.000000
  8 0.500551 0.297538 -0.073156 0.010576 0.000000 -0.999944 0.232253 -0.293689 1 8 1.000000
  8 0.423517 0.269278 -0.074158 0.013008 0.000000 -0.999915 0.280880 -0.410249 1 8 1.000000
chr009a01
  8 0.621324 0.260459 -0.072154 0.008297 0.000000 -0.999966 0.280780 -0.110940 1 8 1.000000
  8 0.500551 0.263465 -0.073156 0.010576 0.000000 -0.999944 0.280880 -0.293689 1 8 1.000000
  8 0.500551 0.297538 -0.073156 0.010576 0.000000 -0.999944 0.232253 -0.293689 1 8 1.000000
chr009a01
  8 0.621324 0.300544 -0.072154 0.008297 0.000000 -0.999966 0.232369 -0.110940 1 8 1.000000
  8 0.621324 0.260459 -0.072154 0.008297 0.000000 -0.999966 0.280780 -0.110940 1 8 1.000000
  8 0.500551 0.297538 -0.073156 0.010576 0.000000 -0.999944 0.232253 -0.293689 1 8 1.000000
chr009a01
  8 0.423517 0.269277 -0.046098 -0.075239 -0.997166 -0.000000 0.232253 -0.409524 1 8 1.000000
  8 0.423517 0.269278 -0.074158 -0.075239 -0.997166 -0.000000 0.182104 -0.409524 1 8 1.000000
  8 0.500551 0.263465 -0.073156 -0.050248 -0.998737 -0.000000 0.182104 -0.292964 1 8 1.000000
chr009a01
  8 0.500551 0.263465 -0.047100 -0.050248 -0.998737 -0.000000 0.232253 -0.292964 1 8 1.000000
  8 0.423517 0.269277 -0.046098 -0.075239 -0.997166 -0.000000 0.232253 -0.409524 1 8 1.000000
  8 0.500551 0.263465 -0.073156 -0.050248 -0.998737 -0.000000 0.182104 -0.292964 1 8 1.000000
chr009a01
  8 0.500551 0.263465 -0.047100 -0.050248 -0.998737 -0.000000 0.232253 -0.292964 1 8 1.000000
  8 0.500551 0.263465 -0.073156 -0.050248 -0.998737 -0.000000 0.182104 -0.292964 1 8 1.000000
  8 0.621324 0.260459 -0.072154 -0.024885 -0.999690 -0.000000 0.182104 -0.110940 1 8 1.000000
chr009a01
  8 0.621324 0.260459 -0.048103 -0.024885 -0.999690 -0.000000 0.232369 -0.110940 1 8 1.000000
  8 0.500551 0.263465 -0.047100 -0.050248 -0.998737 -0.000000 0.232253 -0.292964 1 8 1.000000
  8 0.621324 0.260459 -0.072154 -0.024885 -0.999690 -0.000000 0.182104 -0.110940 1 8 1.000000
chr009a01
  8 0.500551 0.297538 -0.073156 -0.050248 0.998737 0.000000 0.182104 -0.292964 1 8 1.000000
  8 0.423517 0.291725 -0.074158 -0.075239 0.997166 0.000000 0.182104 -0.409524 1 8 1.000000
  8 0.423517 0.291725 -0.046098 -0.075239 0.997166 0.000000 0.232253 -0.409524 1 8 1.000000
chr009a01
  8 0.500551 0.297538 -0.047100 -0.050248 0.998737 0.000000 0.232253 -0.292964 1 8 1.000000
  8 0.500551 0.297538 -0.073156 -0.050248 0.998737 0.000000 0.182104 -0.292964 1 8 1.000000
  8 0.423517 0.291725 -0.046098 -0.075239 0.997166 0.000000 0.232253 -0.409524 1 8 1.000000
chr009a01
  8 0.621324 0.300544 -0.072154 -0.024885 0.999690 0.000000 0.182104 -0.110940 1 8 1.000000
  8 0.500551 0.297538 -0.073156 -0.050248 0.998737 0.000000 0.182104 -0.292964 1 8 1.000000
  8 0.500551 0.297538 -0.047100 -0.050248 0.998737 0.000000 0.232253 -0.292964 1 8 1.000000
chr009a01
  8 0.621324 0.300544 -0.048103 -0.024885 0.999690 0.000000 0.232369 -0.110940 1 8 1.000000
  8 0.621324 0.300544 -0.072154 -0.024885 0.999690 0.000000 0.182104 -0.110940 1 8 1.000000
  8 0.500551 0.297538 -0.047100 -0.050248 0.998737 0.000000 0.232253 -0.292964 1 8 1.000000
chr009a01
  8 0.500551 0.263465 -0.047100 0.010576 -0.000000 0.999944 0.280880 -0.293689 1 8 1.000000
  8 0.500551 0.297538 -0.047100 0.010576 -0.000000 0.999944 0.232253 -0.293689 1 8 1.000000
  8 0.423517 0.291725 -0.046098 0.013008 -0.000000 0.999915 0.232253 -0.410249 1 8 1.000000
chr009a01
  8 0.423517 0.269277 -0.046098 0.013008 -0.000000 0.999915 0.280880 -0.410249 1 8 1.000000
  8 0.500551 0.263465 -0.047100 0.010576 -0.000000 0.999944 0.280880 -0.293689 1 8 1.000000
  8 0.423517 0.291725 -0.046098 0.013008 -0.000000 0.999915 0.232253 -0.410249 1 8 1.000000
chr009a01
  8 0.500551 0.297538 -0.047100 0.010576 -0.000000 0.999944 0.232253 -0.293689 1 8 1.000000
  8 0.500551 0.263465 -0.047100 0.010576 -0.000000 0.999944 0.280880 -0.293689 1 8 1.000000
  8 0.621324 0.260459 -0.048103 0.008297 -0.000000 0.999966 0.280780 -0.110940 1 8 1.000000
chr009a01
  8 0.621324 0.300544 -0.048103 0.008297 -0.000000 0.999966 0.232369 -0.110940 1 8 1.000000
  8 0.500551 0.297538 -0.047100 0.010576 -0.000000 0.999944 0.232253 -0.293689 1 8 1.000000
  8 0.621324 0.260459 -0.048103 0.008297 -0.000000 0.999966 0.280780 -0.110940 1 8 1.000000
chr009a01
  8 0.621324 0.260459 -0.048103 1.000000 0.000000 0.000000 0.232369 -0.061997 1 8 1.000000
  8 0.621324 0.260459 -0.072154 1.000000 0.000000 0.000000 0.280780 -0.061997 1 8 1.000000
  8 0.621324 0.300544 -0.072154 1.000000 0.000000 0.000000 0.280780 -0.110940 1 8 1.000000
chr009a01
  8 0.621324 0.300544 -0.048103 1.000000 0.000000 0.000000 0.232369 -0.110940 1 8 1.000000
  8 0.621324 0.260459 -0.048103 1.000000 0.000000 0.000000 0.232369 -0.061997 1 8 1.000000
  8 0.621324 0.300544 -0.072154 1.000000 0.000000 0.000000 0.280780 -0.110940 1 8 1.000000
chr009a01
  8 0.420897 0.315313 -0.032717 0.707107 0.707106 0.000000 0.532484 -0.695409 1 8 1.000000
  8 0.435569 0.300641 -0.032717 0.707107 0.707106 0.000000 0.532484 -0.713357 1 8 1.000000
  8 0.435569 0.300641 -0.087539 0.707107 0.707106 0.000000 0.608201 -0.713357 1 8 1.000000
chr009a01
  8 0.420897 0.315313 -0.087539 0.707107 0.707106 0.000000 0.608201 -0.695409 1 8 1.000000
  8 0.420897 0.315313 -0.032717 0.707107 0.707106 0.000000 0.532484 -0.695409 1 8 1.000000
  8 0.435569 0.300641 -0.087539 0.707107 0.707106 0.000000 0.608201 -0.713357 1 8 1.000000
chr009a01
  8 0.400854 0.320683 -0.032717 0.258819 0.965926 0.000000 0.532484 -0.679549 1 8 1.000000
  8 0.420897 0.315313 -0.032717 0.258819 0.965926 0.000000 0.532484 -0.695409 1 8 1.000000
  8 0.420897 0.315313 -0.087539 0.258819 0.965926 0.000000 0.608201 -0.695409 1 8 1.000000
chr009a01
  8 0.400854 0.320683 -0.087539 0.258819 0.965926 0.000000 0.608201 -0.679549 1 8 1.000000
  8 0.400854 0.320683 -0.032717 0.258819 0.965926 0.000000 0.532484 -0.679549 1 8 1.000000
  8 0.420897 0.315313 -0.087539 0.258819 0.965926 0.000000 0.608201 -0.695409 1 8 1.000000
chr009a01
  8 0.380812 0.315313 -0.032717 -0.258819 0.965926 0.000000 0.532484 -0.695409 1 8 1.000000
  8 0.400854 0.320683 -0.032717 -0.258819 0.965926 0.000000 0.532484 -0.679549 1 8 1.000000
  8 0.400854 0.320683 -0.087539 -0.258819 0.965926 0.000000 0.608201 -0.679549 1 8 1.000000
chr009a01
  8 0.380812 0.315313 -0.087539 -0.258819 0.965926 0.000000 0.608201 -0.695409 1 8 1.000000
  8 0.380812 0.315313 -0.032717 -0.258819 0.965926 0.000000 0.532484 -0.695409 1 8 1.000000
  8 0.400854 0.320683 -0.087539 -0.258819 0.965926 0.000000 0.608201 -0.679549 1 8 1.000000
chr009a01
  8 0.366139 0.300641 -0.032717 -0.707107 0.707106 0.000000 0.532484 -0.713357 1 8 1.000000
  8 0.380812 0.315313 -0.032717 -0.707107 0.707106 0.000000 0.532484 -0.695409 1 8 1.000000
  8 0.380812 0.315313 -0.087539 -0.707107 0.707106 0.000000 0.608201 -0.695409 1 8 1.000000
chr009a01
  8 0.366139 0.300641 -0.087539 -0.707107 0.707106 0.000000 0.608201 -0.713357 1 8 1.000000
  8 0.366139 0.300641 -0.032717 -0.707107 0.707106 0.000000 0.532484 -0.713357 1 8 1.000000
  8 0.380812 0.315313 -0.087539 -0.707107 0.707106 0.000000 0.608201 -0.695409 1 8 1.000000
chr009a01
  8 0.360769 0.280598 -0.032717 -0.965926 0.258820 0.000000 0.532484 -0.737875 1 8 1.000000
  8 0.366139 0.300641 -0.032717 -0.965926 0.258820 0.000000 0.532484 -0.713357 1 8 1.000000
  8 0.366139 0.300641 -0.087539 -0.965926 0.258820 0.000000 0.608201 -0.713357 1 8 1.000000
chr009a01
  8 0.360769 0.280598 -0.087539 -0.965926 0.258820 0.000000 0.608201 -0.737875 1 8 1.000000
  8 0.360769 0.280598 -0.032717 -0.965926 0.258820 0.000000 0.532484 -0.737875 1 8 1.000000
  8 0.366139 0.300641 -0.087539 -0.965926 0.258820 0.000000 0.608201 -0.713357 1 8 1.000000
chr009a01
  8 0.366139 0.260555 -0.032717 -0.965926 -0.258820 -0.000000 0.532484 -0.762392 1 8 1.000000
  8 0.360769 0.280598 -0.032717 -0.965926 -0.258820 -0.000000 0.532484 -0.737875 1 8 1.000000
  8 0.360769 0.280598 -0.087539 -0.965926 -0.258820 -0.000000 0.608201 -0.737875 1 8 1.000000
chr009a01
  8 0.366139 0.260555 -0.087539 -0.965926 -0.258820 -0.000000 0.608201 -0.762392 1 8 1.000000
  8 0.366139 0.260555 -0.032717 -0.965926 -0.258820 -0.000000 0.532484 -0.762392 1 8 1.000000
  8 0.360769 0.280598 -0.087539 -0.965926 -0.258820 -0.000000 0.608201 -0.737875 1 8 1.000000
chr009a01
  8 0.380812 0.245883 -0.032717 -0.707107 -0.707106 -0.000000 0.532484 -0.780341 1 8 1.000000
  8 0.366139 0.260555 -0.032717 -0.707107 -0.707106 -0.000000 0.532484 -0.762392 1 8 1.000000
  8 0.366139 0.260555 -0.087539 -0.707107 -0.707106 -0.000000 0.608201 -0.762392 1 8 1.000000
chr009a01
  8 0.380812 0.245883 -0.087539 -0.707107 -0.707106 -0.000000 0.608201 -0.780341 1 8 1.000000
  8 0.380812 0.245883 -0.032717 -0.707107 -0.707106 -0.000000 0.532484 -0.780341 1 8 1.000000
  8 0.366139 0.260555 -0.087539 -0.707107 -0.707106 -0.000000 0.608201 -0.762392 1 8 1.000000
chr009a01
  8 0.400854 0.240513 -0.032717 -0.258819 -0.965926 -0.000000 0.532484 -0.794250 1 8 1.000000
  8 0.380812 0.245883 -0.032717 -0.258819 -0.965926 -0.000000 0.532484 -0.780341 1 8 1.000000
  8 0.380812 0.245883 -0.087539 -0.258819 -0.965926 -0.000000 0.608201 -0.780341 1 8 1.000000
chr009a01
  8 0.400854 0.240513 -0.087539 -0.258819 -0.965926 -0.000000 0.608201 -0.794250 1 8 1.000000
  8 0.400854 0.240513 -0.032717 -0.258819 -0.965926 -0.000000 0.532484 -0.794250 1 8 1.000000
  8 0.380812 0.245883 -0.087539 -0.258819 -0.965926 -0.000000 0.608201 -0.780341 1 8 1.000000
chr009a01
  8 0.420897 0.245883 -0.032717 0.258819 -0.965926 -0.000000 0.532484 -0.780341 1 8 1.000000
  8 0.400854 0.240513 -0.032717 0.258819 -0.965926 -0.000000 0.532484 -0.794250 1 8 1.000000
  8 0.400854 0.240513 -0.087539 0.258819 -0.965926 -0.000000 0.608201 -0.794250 1 8 1.000000
chr009a01
  8 0.420897 0.245883 -0.087539 0.258819 -0.965926 -0.000000 0.608201 -0.780341 1 8 1.000000
  8 0.420897 0.245883 -0.032717 0.258819 -0.965926 -0.000000 0.532484 -0.780341 1 8 1.000000
  8 0.400854 0.240513 -0.087539 0.258819 -0.965926 -0.000000 0.608201 -0.794250 1 8 1.000000
chr009a01
  8 0.435569 0.260555 -0.032717 0.707107 -0.707106 -0.000000 0.532484 -0.762392 1 8 1.000000
  8 0.420897 0.245883 -0.032717 0.707107 -0.707106 -0.000000 0.532484 -0.780341 1 8 1.000000
  8 0.420897 0.245883 -0.087539 0.707107 -0.707106 -0.000000 0.608201 -0.780341 1 8 1.000000
chr009a01
  8 0.435569 0.260555 -0.087539 0.707107 -0.707106 -0.000000 0.608201 -0.762392 1 8 1.000000
  8 0.435569 0.260555 -0.032717 0.707107 -0.707106 -0.000000 0.532484 -0.762392 1 8 1.000000
  8 0.420897 0.245883 -0.087539 0.707107 -0.707106 -0.000000 0.608201 -0.780341 1 8 1.000000
chr009a01
  8 0.440940 0.280598 -0.032717 0.965926 -0.258820 -0.000000 0.532484 -0.737875 1 8 1.000000
  8 0.435569 0.260555 -0.032717 0.965926 -0.258820 -0.000000 0.532484 -0.762392 1 8 1.000000
  8 0.435569 0.260555 -0.087539 0.965926 -0.258820 -0.000000 0.608201 -0.762392 1 8 1.000000
chr009a01
  8 0.440940 0.280598 -0.087539 0.965926 -0.258820 -0.000000 0.608201 -0.737875 1 8 1.000000
  8 0.440940 0.280598 -0.032717 0.965926 -0.258820 -0.000000 0.532484 -0.737875 1 8 1.000000
  8 0.435569 0.260555 -0.087539 0.965926 -0.258820 -0.000000 0.608201 -0.762392 1 8 1.000000
chr009a01
  8 0.435569 0.300641 -0.032717 0.965926 0.258820 0.000000 0.532484 -0.713357 1 8 1.000000
  8 0.440940 0.280598 -0.032717 0.965926 0.258820 0.000000 0.532484 -0.737875 1 8 1.000000
  8 0.440940 0.280598 -0.087539 0.965926 0.258820 0.000000 0.608201 -0.737875 1 8 1.000000
chr009a01
  8 0.435569 0.300641 -0.087539 0.965926 0.258820 0.000000 0.608201 -0.713357 1 8 1.000000
  8 0.435569 0.300641 -0.032717 0.965926 0.258820 0.000000 0.532484 -0.713357 1 8 1.000000
  8 0.440940 0.280598 -0.087539 0.965926 0.258820 0.000000 0.608201 -0.737875 1 8 1.000000
chr009a01
  8 0.366139 0.260555 -0.087539 0.000000 0.000000 -1.000000 0.466675 -0.767832 1 8 1.000000
  8 0.360769 0.280598 -0.087539 0.000000 0.000000 -1.000000 0.459138 -0.739703 1 8 1.000000
  8 0.366139 0.300641 -0.087539 0.000000 0.000000 -1.000000 0.466675 -0.711575 1 8 1.000000
chr009a01
  8 0.366139 0.260555 -0.087539 0.000000 0.000000 -1.000000 0.466675 -0.767832 1 8 1.000000
  8 0.366139 0.300641 -0.087539 0.000000 0.000000 -1.000000 0.466675 -0.711575 1 8 1.000000
  8 0.380812 0.245883 -0.087539 0.000000 0.000000 -1.000000 0.487266 -0.788423 1 8 1.000000
chr009a01
  8 0.366139 0.300641 -0.087539 0.000000 0.000000 -1.000000 0.466675 -0.711575 1 8 1.000000
  8 0.380812 0.315313 -0.087539 0.000000 0.000000 -1.000000 0.487266 -0.690984 1 8 1.000000
  8 0.380812 0.245883 -0.087539 0.000000 0.000000 -1.000000 0.487266 -0.788423 1 8 1.000000
chr009a01
  8 0.380812 0.315313 -0.087539 0.000000 0.000000 -1.000000 0.487266 -0.690984 1 8 1.000000
  8 0.400854 0.320683 -0.087539 0.000000 0.000000 -1.000000 0.515733 -0.680126 1 8 1.000000
  8 0.380812 0.245883 -0.087539 0.000000 0.000000 -1.000000 0.487266 -0.788423 1 8 1.000000
chr009a01
  8 0.400854 0.320683 -0.087539 0.000000 0.000000 -1.000000 0.515733 -0.680126 1 8 1.000000
  8 0.400854 0.240513 -0.087539 0.000000 0.000000 -1.000000 0.515733 -0.798650 1 8 1.000000
  8 0.380812 0.245883 -0.087539 0.000000 0.000000 -1.000000 0.487266 -0.788423 1 8 1.000000
chr009a01
  8 0.400854 0.240513 -0.087539 0.000000 0.000000 -1.000000 0.515733 -0.798650 1 8 1.000000
  8 0.400854 0.320683 -0.087539 0.000000 0.000000 -1.000000 0.515733 -0.680126 1 8 1.000000
  8 0.420897 0.315313 -0.087539 0.000000 0.000000 -1.000000 0.487266 -0.690984 1 8 1.000000
chr009a01
  8 0.420897 0.245883 -0.087539 0.000000 0.000000 -1.000000 0.487266 -0.788423 1 8 1.000000
  8 0.400854 0.240513 -0.087539 0.000000 0.000000 -1.000000 0.515733 -0.798650 1 8 1.000000
  8 0.420897 0.315313 -0.087539 0.000000 0.000000 -1.000000 0.487266 -0.690984 1 8 1.000000
chr009a01
  8 0.420897 0.245883 -0.087539 0.000000 0.000000 -1.000000 0.487266 -0.788423 1 8 1.000000
  8 0.420897 0.315313 -0.087539 0.000000 0.000000 -1.000000 0.487266 -0.690984 1 8 1.000000
  8 0.435569 0.300641 -0.087539 0.000000 0.000000 -1.000000 0.466675 -0.711575 1 8 1.000000
chr009a01
  8 0.435569 0.260555 -0.087539 0.000000 0.000000 -1.000000 0.466675 -0.767832 1 8 1.000000
  8 0.420897 0.245883 -0.087539 0.000000 0.000000 -1.000000 0.487266 -0.788423 1 8 1.000000
  8 0.435569 0.300641 -0.087539 0.000000 0.000000 -1.000000 0.466675 -0.711575 1 8 1.000000
chr009a01
  8 0.435569 0.260555 -0.087539 0.000000 0.000000 -1.000000 0.466675 -0.767832 1 8 1.000000
  8 0.435569 0.300641 -0.087539 0.000000 0.000000 -1.000000 0.466675 -0.711575 1 8 1.000000
  8 0.440940 0.280598 -0.087539 0.000000 0.000000 -1.000000 0.459138 -0.739703 1 8 1.000000
chr009a01
  8 0.380812 0.245883 -0.032717 0.000000 -0.000000 1.000000 0.487266 -0.788423 1 8 1.000000
  8 0.400854 0.240513 -0.032717 0.000000 -0.000000 1.000000 0.515733 -0.798650 1 8 1.000000
  8 0.400854 0.320683 -0.032717 0.000000 -0.000000 1.000000 0.515733 -0.680126 1 8 1.000000
chr009a01
  8 0.380812 0.315313 -0.032717 0.000000 -0.000000 1.000000 0.487266 -0.690984 1 8 1.000000
  8 0.380812 0.245883 -0.032717 0.000000 -0.000000 1.000000 0.487266 -0.788423 1 8 1.000000
  8 0.400854 0.320683 -0.032717 0.000000 -0.000000 1.000000 0.515733 -0.680126 1 8 1.000000
chr009a01
  8 0.380812 0.315313 -0.032717 0.000000 -0.000000 1.000000 0.487266 -0.690984 1 8 1.000000
  8 0.366139 0.300641 -0.032717 0.000000 -0.000000 1.000000 0.466675 -0.711575 1 8 1.000000
  8 0.380812 0.245883 -0.032717 0.000000 -0.000000 1.000000 0.487266 -0.788423 1 8 1.000000
chr009a01
  8 0.366139 0.300641 -0.032717 0.000000 -0.000000 1.000000 0.466675 -0.711575 1 8 1.000000
  8 0.366139 0.260555 -0.032717 0.000000 -0.000000 1.000000 0.466675 -0.767832 1 8 1.000000
  8 0.380812 0.245883 -0.032717 0.000000 -0.000000 1.000000 0.487266 -0.788423 1 8 1.000000
chr009a01
  8 0.366139 0.300641 -0.032717 0.000000 -0.000000 1.000000 0.466675 -0.711575 1 8 1.000000
  8 0.360769 0.280598 -0.032717 0.000000 -0.000000 1.000000 0.459138 -0.739703 1 8 1.000000
  8 0.366139 0.260555 -0.032717 0.000000 -0.000000 1.000000 0.466675 -0.767832 1 8 1.000000
chr009a01
  8 0.435569 0.260555 -0.032717 0.000000 -0.000000 1.000000 0.466675 -0.767832 1 8 1.000000
  8 0.440940 0.280598 -0.032717 0.000000 -0.000000 1.000000 0.459138 -0.739703 1 8 1.000000
  8 0.435569 0.300641 -0.032717 0.000000 -0.000000 1.000000 0.466675 -0.711575 1 8 1.000000
chr009a01
  8 0.435569 0.260555 -0.032717 0.000000 -0.000000 1.000000 0.466675 -0.767832 1 8 1.000000
  8 0.435569 0.300641 -0.032717 0.000000 -0.000000 1.000000 0.466675 -0.711575 1 8 1.000000
  8 0.420897 0.315313 -0.032717 0.000000 -0.000000 1.000000 0.487266 -0.690984 1 8 1.000000
chr009a01
  8 0.420897 0.245883 -0.032717 0.000000 -0.000000 1.000000 0.487266 -0.788423 1 8 1.000000
  8 0.420897 0.315313 -0.032717 0.000000 -0.000000 1.000000 0.487266 -0.690984 1 8 1.000000
  8 0.400854 0.320683 -0.032717 0.000000 -0.000000 1.000000 0.515733 -0.680126 1 8 1.000000
chr009a01
  8 0.400854 0.240513 -0.032717 0.000000 -0.000000 1.000000 0.515733 -0.798650 1 8 1.000000
  8 0.420897 0.245883 -0.032717 0.000000 -0.000000 1.000000 0.487266 -0.788423 1 8 1.000000
  8 0.400854 0.320683 -0.032717 0.000000 -0.000000 1.000000 0.515733 -0.680126 1 8 1.000000
chr009a01
  8 0.420897 0.245883 -0.032717 0.000000 -0.000000 1.000000 0.487266 -0.788423 1 8 1.000000
  8 0.435569 0.260555 -0.032717 0.000000 -0.000000 1.000000 0.466675 -0.767832 1 8 1.000000
  8 0.420897 0.315313 -0.032717 0.000000 -0.000000 1.000000 0.487266 -0.690984 1 8 1.000000
end
