<?xml version="1.0" encoding="utf-8"?>
<COLLADA xmlns="http://www.collada.org/2005/11/COLLADASchema" version="1.4.1">
  <asset>
    <created>2017-08-23T18:04:57Z</created>
    <modified>2017-08-23T18:04:57Z</modified>
  </asset>
  <library_images>
    <image id="Image">
      <init_from>chr009a01.png</init_from>
    </image>
  </library_images>
  <library_materials>
    <material id="VisualMaterial" name="chr009a01">
      <instance_effect url="#Effect"/>
      <extra>
        <technique profile="FCOLLADA">
          <user_properties>chr009a01</user_properties>
        </technique>
      </extra>
    </material>
  </library_materials>
  <library_effects>
    <effect id="Effect" name="chr009a01">
      <profile_COMMON>
        <newparam sid="Image-surface">
          <surface type="2D">
            <init_from>Image</init_from>
            <format>A8R8G8B8</format>
          </surface>
        </newparam>
        <newparam sid="Image-sampler">
          <sampler2D>
            <source>Image-surface</source>
            <wrap_s>WRAP</wrap_s>
            <wrap_t>WRAP</wrap_t>
            <minfilter>NONE</minfilter>
            <magfilter>NONE</magfilter>
            <mipfilter>NONE</mipfilter>
          </sampler2D>
        </newparam>
        <technique sid="common">
          <phong>
            <emission>
              <color>0 0 0 1</color>
            </emission>
            <ambient>
              <color>0 0 0 1</color>
            </ambient>
            <diffuse>
              <texture texture="Image-sampler" texcoord=""/>
            </diffuse>
            <specular>
              <color>1 1 1 1</color>
            </specular>
            <shininess>
              <float>0</float>
            </shininess>
            <transparent opaque="A_ONE">
              <color>0 0 0 1</color>
            </transparent>
            <transparency>
              <float>1</float>
            </transparency>
            <index_of_refraction>
              <float>1.55</float>
            </index_of_refraction>
          </phong>
          <extra>
            <technique profile="FCOLLADA">
              <spec_level>
                <float>0</float>
              </spec_level>
            </technique>
          </extra>
        </technique>
      </profile_COMMON>
      <extra>
        <technique profile="FCOLLADA">
          <user_properties>chr009a01</user_properties>
        </technique>
      </extra>
    </effect>
  </library_effects>
  <library_geometries>
    <geometry id="Geometry" name="chr009">
      <mesh>
        <source id="GeometrySource" name="chr009Pos">
          <float_array id="GeometrySource-array" count="5892">0.144631 0.440482 0.09311 0.141464 0.456401 0.093889 0.103032 0.440482 0.119621 0.141464 0.424563 0.093889 0.132447 0.469897 0.096598 0.132447 0.411067 0.096598 0.118951 0.402049 0.09985 0.103032 0.398882 0.10521 0.087112 0.402049 0.108763 0.073616 0.411067 0.11165 0.064598 0.424563 0.113867 0.061432 0.440482 0.114212 0.118951 0.478915 0.09985 0.103032 0.482081 0.10521 0.087112 0.478915 0.108763 0.073616 0.469897 0.11165 0.064598 0.456401 0.113867 -0.087112 0.478915 0.107693 -0.103032 0.440482 0.119621 -0.073616 0.469897 0.111109 -0.103032 0.482081 0.103677 -0.118951 0.478915 0.09985 -0.132447 0.469897 0.096598 -0.141464 0.456401 0.093889 -0.144631 0.440482 0.09311 -0.141464 0.424563 0.093889 -0.064598 0.456401 0.113326 -0.061432 0.440482 0.114213 -0.064598 0.424563 0.113326 -0.073616 0.411067 0.111109 -0.087112 0.402049 0.107693 -0.103032 0.398882 0.103677 -0.118951 0.402049 0.09985 -0.132447 0.411067 0.096598 -0.058646 0.484867 0.136048 -0.07901 0.498474 0.127872 -0.073616 0.469897 0.111109 -0.087112 0.478915 0.107693 -0.147417 0.396097 0.120134 -0.132447 0.411067 0.096598 -0.161023 0.416461 0.113977 -0.141464 0.424563 0.093889 -0.07901 0.38249 0.143417 -0.058646 0.396097 0.147698 -0.087112 0.402049 0.107693 -0.073616 0.411067 0.111109 -0.07901 0.498474 0.127872 -0.103032 0.503252 0.120941 -0.087112 0.478915 0.107693 -0.103032 0.482081 0.103677 -0.127053 0.498474 0.115478 -0.118951 0.478915 0.09985 -0.103032 0.503252 0.120941 -0.103032 0.482081 0.103677 -0.058646 0.396097 0.147698 -0.045039 0.416461 0.149274 -0.073616 0.411067 0.111109 -0.064598 0.424563 0.113326 -0.103032 0.377712 0.135241 -0.103032 0.398882 0.103677 -0.127053 0.38249 0.127065 -0.118951 0.402049 0.09985 -0.127053 0.498474 0.115478 -0.147417 0.484867 0.108882 -0.118951 0.478915 0.09985 -0.132447 0.469897 0.096598 -0.161023 0.464503 0.105859 -0.141464 0.456401 0.093889 -0.147417 0.484867 0.108882 -0.132447 0.469897 0.096598 -0.045039 0.416461 0.149274 -0.040261 0.440482 0.14806 -0.064598 0.424563 0.113326 -0.061432 0.440482 0.114213 -0.165802 0.440482 0.108882 -0.144631 0.440482 0.09311 -0.161023 0.464503 0.105859 -0.141464 0.456401 0.093889 -0.040261 0.440482 0.14806 -0.045039 0.464503 0.144224 -0.061432 0.440482 0.114213 -0.064598 0.456401 0.113326 -0.103032 0.377712 0.135241 -0.07901 0.38249 0.143417 -0.103032 0.398882 0.103677 -0.087112 0.402049 0.107693 -0.127053 0.38249 0.127065 -0.118951 0.402049 0.09985 -0.147417 0.396097 0.120134 -0.132447 0.411067 0.096598 -0.045039 0.464503 0.144224 -0.058646 0.484867 0.136048 -0.064598 0.456401 0.113326 -0.073616 0.469897 0.111109 -0.161023 0.416461 0.113977 -0.141464 0.424563 0.093889 -0.165802 0.440482 0.108882 -0.144631 0.440482 0.09311 0.059202 0.411196 0.152134 0.073616 0.411067 0.11165 0.064598 0.424563 0.113867 0.04173 0.41509 0.154369 0.056113 0.393564 0.152704 0.051332 0.430198 0.152134 0.04173 0.41509 0.154369 0.064598 0.424563 0.113867 0.061432 0.440482 0.114212 0.036679 0.440482 0.153086 0.051332 0.450765 0.150356 0.036679 0.440482 0.153086 0.061432 0.440482 0.114212 0.064598 0.456401 0.113867 0.04173 0.465874 0.149031 0.092747 0.492181 0.130421 0.103032 0.482081 0.10521 0.103032 0.506834 0.124419 0.087112 0.478915 0.108763 0.077639 0.501783 0.131746 0.113315 0.388782 0.136035 0.103032 0.398882 0.10521 0.103032 0.37413 0.139535 0.118951 0.402049 0.09985 0.128423 0.37918 0.130893 0.059202 0.469767 0.143889 0.04173 0.465874 0.149031 0.064598 0.456401 0.113867 0.073616 0.469897 0.11165 0.056113 0.4874 0.140388 0.132317 0.484311 0.12172 0.132447 0.469897 0.096598 0.14995 0.4874 0.111672 0.118951 0.478915 0.09985 0.128423 0.501783 0.118644 0.073746 0.484311 0.136888 0.056113 0.4874 0.140388 0.073616 0.469897 0.11165 0.087112 0.478915 0.108763 0.077639 0.501783 0.131746 0.14686 0.411196 0.124617 0.132447 0.411067 0.096598 0.14995 0.393564 0.123566 0.141464 0.424563 0.093889 0.164333 0.41509 0.117058 0.113315 0.492181 0.125471 0.103032 0.506834 0.124419 0.103032 0.482081 0.10521 0.118951 0.478915 0.09985 0.128423 0.501783 0.118644 0.092747 0.388782 0.143035 0.087112 0.402049 0.108763 0.077639 0.37918 0.148177 0.103032 0.398882 0.10521 0.103032 0.37413 0.139535 0.132317 0.396653 0.129567 0.118951 0.402049 0.09985 0.128423 0.37918 0.130893 0.132447 0.411067 0.096598 0.14995 0.393564 0.123566 0.14686 0.469767 0.117746 0.14995 0.4874 0.111672 0.132447 0.469897 0.096598 0.141464 0.456401 0.093889 0.164333 0.465874 0.108476 0.073746 0.396653 0.149503 0.073616 0.411067 0.11165 0.056113 0.393564 0.152704 0.087112 0.402049 0.108763 0.077639 0.37918 0.148177 0.154731 0.450765 0.117746 0.164333 0.465874 0.108476 0.141464 0.456401 0.093889 0.144631 0.440482 0.09311 0.169384 0.440482 0.111672 0.154731 0.430198 0.12172 0.169384 0.440482 0.111672 0.144631 0.440482 0.09311 0.141464 0.424563 0.093889 0.164333 0.41509 0.117058 0.129655 0.400637 0.145241 0.128423 0.37918 0.130893 0.126115 0.384753 0.146299 0.132317 0.396653 0.129567 0.145684 0.397829 0.136794 0.14995 0.393564 0.123566 0.063187 0.413859 0.168754 0.04173 0.41509 0.154369 0.047303 0.417398 0.172271 0.059202 0.411196 0.152134 0.056113 0.393564 0.152704 0.060378 0.397829 0.170135 0.142876 0.413859 0.137273 0.14995 0.393564 0.123566 0.145684 0.397829 0.136794 0.14686 0.411196 0.124617 0.093682 0.393482 0.160223 0.077639 0.37918 0.148177 0.079948 0.384753 0.163905 0.092747 0.388782 0.143035 0.103032 0.37413 0.139535 0.103032 0.380162 0.156974 0.103032 0.506834 0.124419 0.11238 0.487481 0.138101 0.103032 0.500802 0.137729 0.113315 0.492181 0.125471 0.036679 0.440482 0.153086 0.056031 0.449831 0.16585 0.042711 0.440482 0.170648 0.051332 0.450765 0.150356 0.04173 0.465874 0.149031 0.047303 0.463565 0.164784 0.063187 0.467105 0.161072 0.056113 0.4874 0.140388 0.060378 0.483135 0.157853 0.059202 0.469767 0.143889 0.04173 0.465874 0.149031 0.047303 0.463565 0.164784 0.092747 0.492181 0.130421 0.103032 0.500802 0.137729 0.093682 0.487481 0.146069 0.103032 0.506834 0.124419 0.077639 0.501783 0.131746 0.079948 0.49621 0.147898 0.128423 0.501783 0.118644 0.129655 0.480326 0.13308 0.126115 0.49621 0.129394 0.132317 0.484311 0.12172 0.145684 0.483135 0.122503 0.14995 0.4874 0.111672 0.163352 0.440482 0.121737 0.154731 0.430198 0.12172 0.150031 0.431133 0.132252 0.169384 0.440482 0.111672 0.164333 0.41509 0.117058 0.15876 0.417398 0.128382 0.076408 0.480326 0.155601 0.077639 0.501783 0.131746 0.079948 0.49621 0.147898 0.073746 0.484311 0.136888 0.056113 0.4874 0.140388 0.060378 0.483135 0.157853 0.056031 0.431133 0.168995 0.036679 0.440482 0.153086 0.042711 0.440482 0.170648 0.051332 0.430198 0.152134 0.04173 0.41509 0.154369 0.047303 0.417398 0.172271 0.154731 0.450765 0.117746 0.163352 0.440482 0.121737 0.150031 0.449831 0.129659 0.169384 0.440482 0.111672 0.145684 0.483135 0.122503 0.14686 0.469767 0.117746 0.142876 0.467105 0.129659 0.14995 0.4874 0.111672 0.15876 0.463565 0.11847 0.164333 0.465874 0.108476 0.11238 0.393482 0.154225 0.103032 0.37413 0.139535 0.103032 0.380162 0.156974 0.113315 0.388782 0.136035 0.128423 0.37918 0.130893 0.126115 0.384753 0.146299 0.15876 0.417398 0.128382 0.164333 0.41509 0.117058 0.126115 0.49621 0.129394 0.128423 0.501783 0.118644 0.077639 0.37918 0.148177 0.076408 0.400637 0.165395 0.079948 0.384753 0.163905 0.073746 0.396653 0.149503 0.056113 0.393564 0.152704 0.060378 0.397829 0.170135 0.15876 0.463565 0.11847 0.164333 0.465874 0.108476 -0.081194 0.493202 0.148714 -0.058646 0.484867 0.136048 -0.062681 0.480832 0.158132 -0.07901 0.498474 0.127872 -0.103032 0.497545 0.139094 -0.103032 0.503252 0.120941 -0.045039 0.464503 0.144224 -0.050311 0.462319 0.164688 -0.040261 0.440482 0.14806 -0.045968 0.440482 0.170236 -0.127053 0.498474 0.115478 -0.103032 0.497545 0.139094 -0.124869 0.493202 0.131209 -0.103032 0.503252 0.120941 -0.143382 0.480832 0.124689 -0.147417 0.484867 0.108882 -0.161023 0.464503 0.105859 -0.155752 0.462319 0.120874 -0.160095 0.440482 0.123965 -0.165802 0.440482 0.108882 -0.124869 0.387762 0.147201 -0.147417 0.396097 0.120134 -0.143382 0.400132 0.13821 -0.127053 0.38249 0.127065 -0.155752 0.418644 0.130251 -0.161023 0.416461 0.113977 -0.103032 0.377712 0.135241 -0.103032 0.383418 0.1573 -0.165802 0.440482 0.108882 -0.160095 0.440482 0.123965 -0.058646 0.396097 0.147698 -0.081194 0.387762 0.163857 -0.062681 0.400132 0.16975 -0.07901 0.38249 0.143417 -0.045039 0.416461 0.149274 -0.050311 0.418644 0.171771 -0.040261 0.440482 0.14806 -0.045968 0.440482 0.170236 -0.103032 0.383418 0.1573 -0.103032 0.377712 0.135241 -0.054931 0.386135 -0.18453 -0.056868 0.400854 -0.18453 0 0.400854 -0.189857 -0.049249 0.37242 -0.18453 -0.10667 0.372272 -0.168858 -0.110433 0.400854 -0.168858 -0.054931 0.415573 -0.18453 -0.095637 0.345638 -0.168858 -0.040212 0.360642 -0.18453 -0.152209 0.36007 -0.143751 -0.157579 0.400854 -0.143751 -0.10667 0.429436 -0.168858 -0.049249 0.429289 -0.18453 -0.136467 0.322065 -0.143751 -0.078087 0.322766 -0.168858 -0.028434 0.351604 -0.18453 -0.188903 0.350238 -0.11067 -0.195567 0.400854 -0.11067 -0.152209 0.441639 -0.143751 -0.095637 0.456071 -0.168858 -0.169366 0.303071 -0.11067 -0.111425 0.289429 -0.143751 -0.055216 0.305217 -0.168858 -0.214618 0.343347 -0.071536 -0.222189 0.400854 -0.071536 -0.188903 0.451471 -0.11067 -0.136467 0.479644 -0.143751 -0.040212 0.441067 -0.18453 -0.014718 0.345923 -0.18453 -0.078087 0.478942 -0.168858 -0.028434 0.450104 -0.18453 -0.192422 0.28976 -0.071536 0 0.343985 -0.18453 -0.227861 0.339799 -0.028623 -0.235899 0.400854 -0.028623 -0.214618 0.458361 -0.071536 -0.169366 0.498638 -0.11067 -0.111425 0.512279 -0.143751 -0.055216 0.496492 -0.168858 -0.014718 0.455785 -0.18453 0 0.290421 -0.168858 -0.028582 0.294184 -0.168858 -0.040784 0.248645 -0.143751 -0.078789 0.264387 -0.143751 -0.097783 0.231488 -0.11067 -0.138287 0.262568 -0.11067 -0.157112 0.243743 -0.071536 -0.028582 0.507524 -0.168858 -0.166806 0.234049 -0.028623 -0.204294 0.282905 -0.028623 -0.204294 0.282905 0.015572 -0.227861 0.339799 0.015572 -0.235899 0.400854 0.015572 -0.111095 0.208433 -0.071536 -0.227861 0.461909 -0.028623 -0.227861 0.461909 0.015572 -0.192422 0.511949 -0.071536 -0.204294 0.518804 -0.028623 -0.138287 0.539141 -0.11067 -0.157112 0.557966 -0.071536 -0.078789 0.537322 -0.143751 -0.097783 0.57022 -0.11067 -0.040784 0.553064 -0.143751 -0.057506 0.186236 -0.071536 -0.050616 0.211951 -0.11067 -0.204294 0.518804 0.015572 -0.166806 0.56766 -0.028623 -0.111095 0.593276 -0.071536 -0.050616 0.589757 -0.11067 0 0.511287 -0.168858 0 0.457723 -0.18453 0.014718 0.455785 -0.18453 0 0.558433 -0.143751 0.028582 0.507524 -0.168858 0.028434 0.450104 -0.18453 0 0.178665 -0.071536 0 0.205287 -0.11067 0 0.243275 -0.143751 0.040784 0.248645 -0.143751 0.028582 0.294184 -0.168858 0.014718 0.345923 -0.18453 0.028434 0.351604 -0.18453 0.055216 0.305217 -0.168858 0.040212 0.360642 -0.18453 0.050616 0.211951 -0.11067 0.078789 0.264387 -0.143751 0.078087 0.322766 -0.168858 0.04925 0.37242 -0.18453 0.054931 0.386135 -0.18453 0.097783 0.231488 -0.11067 0.111425 0.289429 -0.143751 0.095637 0.345638 -0.168858 0.056869 0.400854 -0.18453 0.054931 0.415573 -0.18453 0.04925 0.429289 -0.18453 0.040212 0.441067 -0.18453 0.055216 0.496492 -0.168858 0.040784 0.553064 -0.143751 0 0.596421 -0.11067 -0.057506 0.615472 -0.071536 -0.117949 0.605149 -0.028623 -0.166806 0.56766 0.015572 -0.117949 0.605149 0.015572 -0.061055 0.628715 -0.028623 0 0.623043 -0.071536 0.050616 0.589757 -0.11067 0.078789 0.537322 -0.143751 -0.061055 0.628715 0.015572 0 0.636753 -0.028623 0.057506 0.615472 -0.071536 0.097783 0.57022 -0.11067 0 0.636753 0.015572 0.061055 0.628715 -0.028623 0.111095 0.593276 -0.071536 0.111425 0.512279 -0.143751 0.078087 0.478942 -0.168858 0.095637 0.45607 -0.168858 0.10667 0.429436 -0.168858 0.110433 0.400854 -0.168858 0.10667 0.372272 -0.168858 0.15221 0.36007 -0.143751 0.136467 0.322065 -0.143751 0.169366 0.303071 -0.11067 0.138287 0.262568 -0.11067 0.157112 0.243743 -0.071536 0.111095 0.208433 -0.071536 0.057506 0.186236 -0.071536 0.061055 0.172993 -0.028623 0 0.164955 -0.028623 -0.061055 0.172993 -0.028623 -0.117949 0.19656 -0.028623 -0.117949 0.19656 0.015572 -0.166806 0.234049 0.015572 -0.061055 0.172993 0.015572 0 0.164955 0.015572 0.061055 0.172993 0.015572 0.117949 0.19656 0.015572 0.117949 0.19656 -0.028623 0.166806 0.234048 0.015572 0.166806 0.234048 -0.028623 0.204294 0.282905 -0.028623 0.192422 0.28976 -0.071536 0.214618 0.343347 -0.071536 0.188903 0.350238 -0.11067 0.195567 0.400854 -0.11067 0.157579 0.400854 -0.143751 0.152209 0.441639 -0.143751 0.136467 0.479644 -0.143751 0.138287 0.539141 -0.11067 0.157112 0.557966 -0.071536 0.169366 0.498638 -0.11067 0.188903 0.45147 -0.11067 0.117949 0.605149 -0.028623 0.061055 0.628715 0.015572 0.117949 0.605149 0.015572 0.166806 0.56766 -0.028623 0.192422 0.511949 -0.071536 0.214618 0.458361 -0.071536 0.222189 0.400854 -0.071536 0.166806 0.56766 0.015572 0.204294 0.518804 -0.028623 0.227861 0.461909 -0.028623 0.235899 0.400854 -0.028623 0.227861 0.339799 -0.028623 0.227861 0.339799 0.015572 0.204294 0.282905 0.015572 0.204294 0.518804 0.015572 0.227861 0.461909 0.015572 0.235899 0.400854 0.015572 -0.030167 0.288267 0.146966 -0.063674 0.279273 0.132703 -0.037364 0.26539 0.131814 -0.055216 0.305217 0.146856 -0.078087 0.322766 0.145159 0 0.245672 0.130552 0 0.271312 0.14854 0.030167 0.288267 0.146966 0.037364 0.26539 0.131814 0.063674 0.279273 0.132703 0.055216 0.305217 0.146856 -0.110718 0.294707 0.123413 -0.104918 0.275109 0.112956 -0.127711 0.303747 0.117867 -0.138896 0.32004 0.119953 0.078087 0.322766 0.145159 0.110718 0.294707 0.123413 0.104918 0.275109 0.112956 0.127711 0.303747 0.117867 0.130611 0.313546 0.123096 0.150503 0.332385 0.122779 -0.150503 0.332385 0.122779 -0.037364 0.26539 0.131814 -0.065267 0.27498 0.142109 -0.038427 0.260167 0.14253 -0.063674 0.279273 0.132703 0 0.245672 0.130552 0 0.238884 0.135999 -0.065267 0.27498 0.142109 -0.104918 0.275109 0.112956 -0.105187 0.270291 0.124764 -0.063674 0.279273 0.132703 -0.150503 0.332385 0.122779 -0.127845 0.301338 0.123772 -0.127711 0.303747 0.117867 -0.105187 0.270291 0.124764 -0.104918 0.275109 0.112956 0.037364 0.26539 0.131814 0.065267 0.27498 0.142109 0.063674 0.279273 0.132703 0.038427 0.260167 0.14253 0.065267 0.27498 0.142109 0.104918 0.275109 0.112956 0.063674 0.279273 0.132703 0.105187 0.270291 0.124764 0.127711 0.303747 0.117867 0.105187 0.270291 0.124764 0.127845 0.301338 0.123772 0.104918 0.275109 0.112956 0.150503 0.332385 0.122779 0.055216 0.305217 0.156392 0.078087 0.322766 0.145159 0.078087 0.322766 0.15454 0.055216 0.305217 0.146856 -0.138896 0.32004 0.126301 -0.150503 0.332385 0.122779 -0.138896 0.32004 0.119953 -0.110718 0.294707 0.123413 -0.111661 0.294226 0.133796 -0.110718 0.294707 0.123413 -0.078087 0.322766 0.15454 -0.111661 0.294226 0.133796 -0.078087 0.322766 0.145159 -0.055216 0.305217 0.156392 -0.055216 0.305217 0.146856 -0.055216 0.305217 0.146856 -0.030167 0.288267 0.157957 -0.055216 0.305217 0.156392 -0.030167 0.288267 0.146966 0 0.271312 0.159582 0 0.271312 0.14854 0.030167 0.288267 0.146966 0.030167 0.288267 0.157957 0.078087 0.322766 0.15454 0.110718 0.294707 0.123413 0.111661 0.294226 0.133796 0.078087 0.322766 0.145159 0.150503 0.332385 0.122779 0.131082 0.313306 0.128288 0.130611 0.313546 0.123096 0.110718 0.294707 0.123413 0.111661 0.294226 0.133796 0.030167 0.288267 0.157957 0.055216 0.305217 0.146856 0.055216 0.305217 0.156392 0.030167 0.288267 0.146966 0 0.199952 0.096513 -0.04461 0.234367 0.123571 -0.050616 0.211951 0.097618 0 0.221171 0.12221 -0.081416 0.249628 0.123574 -0.096873 0.22848 0.097618 0 0.178665 0.058484 -0.057506 0.186236 0.058484 0 0.164955 0.015572 -0.061055 0.172993 0.015572 -0.111095 0.208433 0.058484 -0.117949 0.19656 0.015572 -0.157112 0.243743 0.058484 -0.166806 0.234049 0.015572 -0.134559 0.259314 0.099129 -0.192422 0.28976 0.058484 -0.204294 0.282905 0.015572 -0.214618 0.343347 0.058484 -0.227861 0.339799 0.015572 -0.169366 0.303071 0.097618 -0.188903 0.350238 0.097618 -0.165572 0.331339 0.110199 -0.127845 0.301338 0.123772 -0.150503 0.332385 0.122779 -0.235899 0.400854 0.015572 -0.222189 0.400854 0.058484 -0.195567 0.400854 0.097618 -0.227861 0.461909 0.015572 -0.214618 0.458361 0.058484 -0.169056 0.413134 0.119297 -0.153563 0.38995 0.132074 -0.143382 0.400132 0.13821 -0.130379 0.37446 0.143334 -0.124869 0.387762 0.147201 -0.103032 0.369022 0.156431 -0.103032 0.383418 0.1573 -0.075685 0.374462 0.164502 -0.081194 0.387762 0.163857 -0.052503 0.389953 0.171753 -0.062681 0.400132 0.16975 -0.050311 0.418644 0.171771 -0.037013 0.413136 0.173131 -0.030004 0.445293 0.171749 -0.045968 0.440482 0.170236 -0.037012 0.467828 0.165677 -0.050311 0.462319 0.164688 -0.052502 0.491011 0.157577 -0.062681 0.480832 0.158132 -0.075684 0.506503 0.144847 -0.081194 0.493202 0.148714 -0.103032 0.497545 0.139094 -0.103032 0.511944 0.133587 -0.13038 0.506506 0.120578 -0.124869 0.493202 0.131209 -0.153565 0.491015 0.112705 -0.143382 0.480832 0.124689 -0.169057 0.46783 0.108225 -0.155752 0.462319 0.120874 -0.174497 0.440482 0.111424 -0.160095 0.440482 0.123965 -0.155752 0.418644 0.130251 -0.169366 0.498638 0.097618 -0.138287 0.539141 0.097618 -0.157112 0.557966 0.058484 -0.192422 0.511949 0.058484 -0.188903 0.451471 0.097618 -0.204294 0.518804 0.015572 -0.166806 0.56766 0.015572 -0.117949 0.605149 0.015572 -0.111095 0.593276 0.058484 -0.097783 0.57022 0.097618 -0.061055 0.628715 0.015572 -0.057506 0.615472 0.058484 -0.078789 0.537322 0.1307 -0.050616 0.589757 0.097618 0 0.636753 0.015572 0 0.623043 0.058484 -0.065645 0.514166 0.145453 -0.040784 0.553064 0.1307 0 0.596421 0.097618 0.061055 0.628715 0.015572 0.057506 0.615472 0.058484 -0.033584 0.526195 0.146914 0 0.558433 0.1307 0.050616 0.589757 0.097618 0.117949 0.605149 0.015572 0.111095 0.593276 0.058484 0.040784 0.553064 0.1307 0.097783 0.57022 0.097618 0.166806 0.56766 0.015572 0.157112 0.557966 0.058484 0.078789 0.537322 0.1307 0.138287 0.539141 0.097618 0.204294 0.518804 0.015572 0.192422 0.511949 0.058484 0.227861 0.461909 0.015572 0.214618 0.458361 0.058484 0.235899 0.400854 0.015572 0.222189 0.400854 0.058484 0.227861 0.339799 0.015572 0.214618 0.343347 0.058484 0.204294 0.282905 0.015572 0.192422 0.28976 0.058484 0.166806 0.234048 0.015572 0.157112 0.243743 0.058484 0.117949 0.19656 0.015572 0.111095 0.208433 0.058484 0.061055 0.172993 0.015572 0.057506 0.186236 0.058484 0.050616 0.211951 0.097618 0.04461 0.234367 0.123571 0.081416 0.249628 0.123574 0.096873 0.22848 0.097618 0.134559 0.259314 0.099129 0.169366 0.303071 0.097618 0.188903 0.350238 0.097618 0 0.238884 0.135999 -0.038427 0.260167 0.14253 -0.065267 0.27498 0.142109 -0.105187 0.270291 0.124764 0.165572 0.331339 0.110199 0.105187 0.270291 0.124764 0.127845 0.301338 0.123772 0.195567 0.400854 0.097618 0.188903 0.45147 0.097618 0.169366 0.498638 0.097618 0.131017 0.508045 0.119311 0.155224 0.491472 0.111305 0.126115 0.49621 0.129394 0.103032 0.500802 0.137729 0.103032 0.513612 0.132877 0.145684 0.483135 0.122503 0.170595 0.468467 0.106762 0.15876 0.463565 0.11847 0.176162 0.440482 0.109974 0.163352 0.440482 0.121737 0.170595 0.412496 0.11803 0.15876 0.417398 0.128382 0.079948 0.49621 0.147898 0.075046 0.508045 0.144399 0.060378 0.483135 0.157853 0.054139 0.4945 0.156443 0.047303 0.463565 0.164784 0.035468 0.468467 0.165677 0.042711 0.440482 0.170648 0.029901 0.44473 0.171797 0.047303 0.417398 0.172271 0.036074 0.411589 0.173269 0.154742 0.388771 0.131363 0.145684 0.397829 0.136794 0.060378 0.397829 0.170135 0.05132 0.388771 0.171849 0.075046 0.372919 0.164502 0.079948 0.384753 0.163905 0.103032 0.380162 0.156974 0.103032 0.367352 0.156243 0.126115 0.384753 0.146299 0.131017 0.372919 0.142886 0.076408 0.400637 0.165395 0.11238 0.393482 0.154225 0.056031 0.431133 0.168995 0.093682 0.393482 0.160223 0.063187 0.413859 0.168754 0.129655 0.400637 0.145241 0.15221 0.36007 0.1307 0.095637 0.345638 0.155806 0.122943 0.335219 0.14106 0.069586 0.360679 0.165094 0.04664 0.376486 0.171478 0.057192 0.343662 0.164939 0.038081 0.366098 0.171478 0.040163 0.331289 0.166615 0.026928 0.358126 0.171478 0 0.400854 0.176806 0.013938 0.353115 0.171478 0 0.351406 0.171478 -0.013938 0.353115 0.171478 -0.026927 0.358126 0.171478 -0.038081 0.366098 0.171478 -0.04664 0.376486 0.171478 -0.069565 0.36069 0.165101 -0.014718 0.455785 0.171478 0 0.457723 0.171478 -0.019482 0.473564 0.167128 0.014718 0.455785 0.171478 0 0.476129 0.167128 0.019482 0.473564 0.167128 0.028582 0.507524 0.155806 0 0.511287 0.155806 0.033585 0.526195 0.146914 0 0.530617 0.146914 -0.028582 0.507524 0.155806 0.066464 0.515911 0.144886 0.038427 0.260167 0.14253 0.065267 0.27498 0.142109 0.11238 0.487481 0.138101 0.129655 0.480326 0.13308 0.142876 0.467105 0.129659 0.150031 0.449831 0.129659 0.150031 0.431133 0.132252 0.093682 0.487481 0.146069 0.076408 0.480326 0.155601 0.063187 0.467105 0.161072 0.056031 0.449831 0.16585 0.142876 0.413859 0.137273 -0.152209 0.36007 0.1307 -0.122943 0.335219 0.14106 -0.138896 0.32004 0.126301 -0.095637 0.345638 0.155806 -0.0568 0.344054 0.165101 -0.078087 0.322766 0.15454 -0.040163 0.331289 0.166615 -0.055216 0.305217 0.156392 -0.02079 0.323264 0.166615 -0.030167 0.288267 0.157957 0 0.271312 0.159582 0 0.320527 0.16761 0.030167 0.288267 0.157957 0.02079 0.323264 0.166615 0.055216 0.305217 0.156392 0.078087 0.322766 0.15454 0.111661 0.294226 0.133796 0.131082 0.313306 0.128288 0.150503 0.332385 0.122779 -0.111661 0.294226 0.133796 0.227523 0.355672 -0.041262 0.231979 0.400854 0.048343 0.231839 0.400854 -0.041262 0.22766 0.355644 0.048343 0.21422 0.312277 -0.041262 0.214349 0.312223 0.048343 0.227523 0.446037 -0.041262 0.214349 0.489485 0.048343 0.21422 0.489432 -0.041262 0.22766 0.446064 0.048343 0.231839 0.400854 -0.041262 0.231979 0.400854 0.048343 0.192942 0.529524 -0.041262 0.164143 0.564624 0.048343 0.164044 0.564525 -0.041262 0.193058 0.529602 0.048343 0.21422 0.489432 -0.041262 0.214349 0.489485 0.048343 -0.128295 0.593422 -0.041262 -0.163395 0.564624 0.048343 -0.163296 0.564525 -0.041262 -0.128373 0.593538 0.048343 -0.088203 0.6147 -0.041262 -0.088257 0.614829 0.048343 0.045556 0.628003 -0.041262 0.000374 0.632459 0.048343 0.000374 0.632319 -0.041262 0.045584 0.628141 0.048343 0.088951 0.6147 -0.041262 0.089005 0.614829 0.048343 0.164044 0.237184 -0.041262 0.193058 0.272107 0.048343 0.192942 0.272185 -0.041262 0.164143 0.237085 0.048343 0.214349 0.312223 0.048343 0.21422 0.312277 -0.041262 -0.213472 0.489432 -0.041262 -0.226912 0.446064 0.048343 -0.226775 0.446037 -0.041262 -0.213601 0.489485 0.048343 -0.231231 0.400854 0.048343 -0.231091 0.400854 -0.041262 0.129043 0.593422 -0.041262 0.089005 0.614829 0.048343 0.088951 0.6147 -0.041262 0.129121 0.593538 0.048343 0.164044 0.564525 -0.041262 0.164143 0.564624 0.048343 -0.213472 0.312277 -0.041262 -0.19231 0.272107 0.048343 -0.192193 0.272185 -0.041262 -0.213601 0.312223 0.048343 -0.160342 0.240139 0.048343 -0.160244 0.240236 -0.041262 -0.128373 0.20817 0.048343 -0.128295 0.208287 -0.041262 -0.088203 0.187009 -0.041262 -0.088257 0.186879 0.048343 -0.231091 0.400854 -0.041262 -0.226912 0.355644 0.048343 -0.226775 0.355672 -0.041262 -0.231231 0.400854 0.048343 -0.213601 0.312223 0.048343 -0.213472 0.312277 -0.041262 0.088951 0.187009 -0.041262 0.129121 0.20817 0.048343 0.129044 0.208287 -0.041262 0.089005 0.186879 0.048343 0.164143 0.237085 0.048343 0.164044 0.237184 -0.041262 -0.088257 0.186879 0.048343 -0.044808 0.173705 -0.041262 -0.088203 0.187009 -0.041262 -0.044836 0.173568 0.048343 0.000374 0.169389 -0.041262 0.000374 0.16925 0.048343 -0.044808 0.628003 -0.041262 -0.088257 0.614829 0.048343 -0.088203 0.6147 -0.041262 -0.044836 0.628141 0.048343 0.000374 0.16925 0.048343 0.045556 0.173705 -0.041262 0.000374 0.169389 -0.041262 0.045584 0.173568 0.048343 0.21422 0.489432 -0.041262 0.233683 0.556746 -0.040085 0.27558 0.455596 -0.040085 0.227523 0.446037 -0.041262 0.231839 0.400854 -0.041262 0.27558 0.346112 -0.040085 0.227523 0.355672 -0.041262 0.21422 0.312277 -0.041262 0.233683 0.244962 -0.040085 0.192942 0.272185 -0.041262 0.164044 0.237184 -0.041262 0.156266 0.167546 -0.040085 0.129044 0.208287 -0.041262 0.088951 0.187009 -0.041262 0.055116 0.125648 -0.040085 0.045556 0.173705 -0.041262 0.192942 0.529524 -0.041262 0.164044 0.564525 -0.041262 0.156266 0.634163 -0.040085 0.129043 0.593422 -0.041262 0.088951 0.6147 -0.041262 0.054014 0.675965 -0.039262 0.045556 0.628003 -0.041262 0.000374 0.632319 -0.041262 -0.053265 0.675965 -0.039262 -0.044808 0.628003 -0.041262 0.27558 0.455596 0.025829 0.233683 0.556746 -0.040085 0.233096 0.557333 0.025829 0.27558 0.455596 -0.040085 0.27558 0.346112 0.025829 0.27558 0.346112 -0.040085 0.156266 0.634163 -0.040085 0.156266 0.634163 0.025829 0.054014 0.675965 -0.039262 0.054014 0.675965 0.025555 0.233683 0.244962 0.025829 0.233683 0.244962 -0.040085 0.156266 0.167546 0.025829 0.156266 0.167546 -0.040085 0.055116 0.125648 0.025829 0.055116 0.125648 -0.040085 0.214349 0.489485 0.048343 0.233096 0.557333 0.025829 0.193058 0.529602 0.048343 0.164143 0.564624 0.048343 0.156266 0.634163 0.025829 0.129121 0.593538 0.048343 0.089005 0.614829 0.048343 0.054014 0.675965 0.025555 0.045584 0.628141 0.048343 0.000374 0.632459 0.048343 -0.053265 0.675965 0.025555 -0.044836 0.628141 0.048343 0.27558 0.455596 0.025829 0.22766 0.446064 0.048343 0.231979 0.400854 0.048343 0.27558 0.346112 0.025829 0.22766 0.355644 0.048343 0.214349 0.312223 0.048343 0.233683 0.244962 0.025829 0.193058 0.272107 0.048343 0.164143 0.237085 0.048343 0.156266 0.167546 0.025829 0.129121 0.20817 0.048343 0.089005 0.186879 0.048343 0.055116 0.125648 0.025829 0.045584 0.173568 0.048343 -0.155518 0.634163 0.025829 -0.232935 0.556746 -0.040085 -0.232935 0.556746 0.025829 -0.155518 0.634163 -0.040085 -0.274832 0.455596 0.025829 -0.274832 0.455596 -0.040085 -0.053265 0.675965 -0.039262 -0.053265 0.675965 0.025555 -0.274832 0.346112 -0.040085 -0.274832 0.346112 0.025829 -0.232935 0.244962 -0.040085 -0.232935 0.244962 0.025829 -0.155518 0.167546 -0.040085 -0.155518 0.167546 0.025829 -0.054367 0.125648 -0.040085 -0.054367 0.125648 0.025829 0.000374 0.16925 0.048343 -0.054367 0.125648 0.025829 -0.044836 0.173568 0.048343 -0.088257 0.186879 0.048343 -0.155518 0.167546 0.025829 -0.128373 0.20817 0.048343 -0.160342 0.240139 0.048343 -0.232935 0.244962 0.025829 -0.19231 0.272107 0.048343 -0.213601 0.312223 0.048343 -0.274832 0.346112 0.025829 -0.226912 0.355644 0.048343 -0.231231 0.400854 0.048343 -0.274832 0.455596 0.025829 -0.226912 0.446064 0.048343 -0.213601 0.489485 0.048343 -0.232935 0.556746 0.025829 -0.19231 0.529602 0.048343 -0.163395 0.564624 0.048343 -0.155518 0.634163 0.025829 -0.128373 0.593538 0.048343 -0.088257 0.614829 0.048343 0.000374 0.169389 -0.041262 -0.054367 0.125648 -0.040085 -0.044808 0.173705 -0.041262 -0.088203 0.187009 -0.041262 -0.155518 0.167546 -0.040085 -0.128295 0.208287 -0.041262 -0.160244 0.240236 -0.041262 -0.232935 0.244962 -0.040085 -0.192193 0.272185 -0.041262 -0.213472 0.312277 -0.041262 -0.274832 0.346112 -0.040085 -0.226775 0.355672 -0.041262 -0.231091 0.400854 -0.041262 -0.274832 0.455596 -0.040085 -0.226775 0.446037 -0.041262 -0.213472 0.489432 -0.041262 -0.232935 0.556746 -0.040085 -0.192193 0.529524 -0.041262 -0.163296 0.564525 -0.041262 -0.155518 0.634163 -0.040085 -0.128295 0.593422 -0.041262 -0.088203 0.6147 -0.041262 -0.053265 0.675965 0.025555 0.054014 0.675965 -0.039262 -0.053265 0.675965 -0.039262 0.054014 0.675965 0.025555 0.054014 0.675965 -0.039262 -0.042371 0.738563 -0.034383 0.043119 0.738563 -0.034383 -0.053265 0.675965 -0.039262 -0.042371 0.738563 0.017276 0.054014 0.675965 0.025555 0.043119 0.738563 0.017276 -0.053265 0.675965 0.025555 -0.042371 0.738563 -0.034383 -0.053265 0.675965 0.025555 -0.042371 0.738563 0.017276 -0.053265 0.675965 -0.039262 0.054014 0.675965 0.025555 0.043119 0.738563 -0.034383 0.043119 0.738563 0.017276 0.054014 0.675965 -0.039262 0.043119 0.738563 -0.034383 -0.042371 0.738563 0.017276 0.043119 0.738563 0.017276 -0.042371 0.738563 -0.034383 0.228914 0.555506 -0.03844 0.208491 0.669834 -0.034383 0.268942 0.609383 -0.034383 0.154614 0.629806 -0.03844 0.208491 0.669834 0.017276 0.228914 0.555506 0.02528 0.268942 0.609383 0.017276 0.154614 0.629806 0.02528 0.208491 0.669834 -0.034383 0.154614 0.629806 0.02528 0.208491 0.669834 0.017276 0.154614 0.629806 -0.03844 0.228914 0.555506 0.02528 0.268942 0.609383 -0.034383 0.268942 0.609383 0.017276 0.228914 0.555506 -0.03844 0.268942 0.609383 -0.034383 0.208491 0.669834 0.017276 0.268942 0.609383 0.017276 0.208491 0.669834 -0.034383 0.270877 0.348566 -0.03844 0.337278 0.44385 -0.034383 0.337278 0.358359 -0.034383 0.270877 0.453642 -0.03844 0.337278 0.44385 0.017276 0.270877 0.348566 0.02528 0.337278 0.358359 0.017276 0.270877 0.453642 0.02528 0.337278 0.44385 -0.034383 0.270877 0.453642 0.02528 0.337278 0.44385 0.017276 0.270877 0.453642 -0.03844 0.270877 0.348566 0.02528 0.337278 0.358359 -0.034383 0.337278 0.358359 0.017276 0.270877 0.348566 -0.03844 0.337278 0.358359 -0.034383 0.337278 0.44385 0.017276 0.337278 0.358359 0.017276 0.337278 0.44385 -0.034383 0.154221 0.172565 -0.03844 0.268549 0.192988 -0.034383 0.208098 0.132536 -0.034383 0.228521 0.246864 -0.03844 0.268549 0.192988 0.017276 0.154221 0.172565 0.02528 0.208098 0.132536 0.017276 0.228521 0.246864 0.02528 0.268549 0.192988 -0.034383 0.228521 0.246864 0.02528 0.268549 0.192988 0.017276 0.228521 0.246864 -0.03844 0.154221 0.172565 0.02528 0.208098 0.132536 -0.034383 0.208098 0.132536 0.017276 0.154221 0.172565 -0.03844 0.208098 0.132536 -0.034383 0.268549 0.192988 0.017276 0.208098 0.132536 0.017276 0.268549 0.192988 -0.034383 -0.052718 0.130601 -0.03844 0.042564 0.064199 -0.034383 -0.042926 0.064199 -0.034383 0.052357 0.130601 -0.03844 0.042564 0.064199 0.017276 -0.052718 0.130601 0.02528 -0.042926 0.064199 0.017276 0.052357 0.130601 0.02528 0.042564 0.064199 -0.034383 0.052357 0.130601 0.02528 0.042564 0.064199 0.017276 0.052357 0.130601 -0.03844 -0.052718 0.130601 0.02528 -0.042926 0.064199 -0.034383 -0.042926 0.064199 0.017276 -0.052718 0.130601 -0.03844 -0.042926 0.064199 -0.034383 0.042564 0.064199 0.017276 -0.042926 0.064199 0.017276 0.042564 0.064199 -0.034383 -0.22872 0.247257 -0.03844 -0.208297 0.132929 -0.034383 -0.268748 0.19338 -0.034383 -0.15442 0.172957 -0.03844 -0.208297 0.132929 0.017276 -0.22872 0.247257 0.02528 -0.268748 0.19338 0.017276 -0.15442 0.172957 0.02528 -0.208297 0.132929 -0.034383 -0.15442 0.172957 0.02528 -0.208297 0.132929 0.017276 -0.15442 0.172957 -0.03844 -0.22872 0.247257 0.02528 -0.268748 0.19338 -0.034383 -0.268748 0.19338 0.017276 -0.22872 0.247257 -0.03844 -0.268748 0.19338 -0.034383 -0.208297 0.132929 0.017276 -0.268748 0.19338 0.017276 -0.208297 0.132929 -0.034383 -0.270684 0.454197 -0.03844 -0.337085 0.358913 -0.034383 -0.337085 0.444404 -0.034383 -0.270684 0.349121 -0.03844 -0.337085 0.358913 0.017276 -0.270684 0.454197 0.02528 -0.337085 0.444404 0.017276 -0.270684 0.349121 0.02528 -0.337085 0.358913 -0.034383 -0.270684 0.349121 0.02528 -0.337085 0.358913 0.017276 -0.270684 0.349121 -0.03844 -0.270684 0.454197 0.02528 -0.337085 0.444404 -0.034383 -0.337085 0.444404 0.017276 -0.270684 0.454197 -0.03844 -0.337085 0.444404 -0.034383 -0.337085 0.358913 0.017276 -0.337085 0.444404 0.017276 -0.337085 0.358913 -0.034383 -0.154028 0.630198 -0.03844 -0.268356 0.609776 -0.034383 -0.207905 0.670227 -0.034383 -0.228328 0.555898 -0.03844 -0.268356 0.609776 0.017276 -0.154028 0.630198 0.02528 -0.207905 0.670227 0.017276 -0.228328 0.555898 0.02528 -0.268356 0.609776 -0.034383 -0.228328 0.555898 0.02528 -0.268356 0.609776 0.017276 -0.228328 0.555898 -0.03844 -0.154028 0.630198 0.02528 -0.207905 0.670227 -0.034383 -0.207905 0.670227 0.017276 -0.154028 0.630198 -0.03844 -0.207905 0.670227 -0.034383 -0.268356 0.609776 0.017276 -0.207905 0.670227 0.017276 -0.268356 0.609776 -0.034383 0.000374 0.632319 -0.041262 0.000374 0.632459 0.048343 0.089005 0.186879 0.048343 0.088951 0.187009 -0.041262 -0.192193 0.529524 -0.041262 -0.213601 0.489485 0.048343 -0.213472 0.489432 -0.041262 -0.19231 0.529602 0.048343 -0.163296 0.564525 -0.041262 -0.163395 0.564624 0.048343 -0.356438 0.21392 -0.08017 -0.300989 0.213746 -0.08017 -0.334182 0.180581 -0.08017 -0.33431 0.23603 -0.08017 -0.385343 0.201961 -0.08017 -0.377539 0.162643 -0.08017 -0.283015 0.257088 -0.08017 -0.322327 0.264925 -0.08017 -0.416591 0.201968 -0.08017 -0.424412 0.162652 -0.08017 -0.282996 0.30401 -0.08017 -0.322314 0.296206 -0.08017 -0.300934 0.347367 -0.08017 -0.334273 0.325111 -0.08017 -0.334099 0.38056 -0.08017 -0.356383 0.347239 -0.08017 -0.37749 0.398544 -0.08017 -0.38531 0.359228 -0.08017 -0.300989 0.213746 -0.040085 -0.334182 0.180581 -0.08017 -0.300989 0.213746 -0.08017 -0.334182 0.180581 -0.040085 -0.283015 0.257088 -0.040085 -0.283015 0.257088 -0.08017 -0.377539 0.162643 -0.08017 -0.377539 0.162643 -0.040085 -0.424412 0.162652 -0.08017 -0.424412 0.162652 -0.040085 -0.282996 0.30401 -0.040085 -0.282996 0.30401 -0.08017 -0.300934 0.347367 -0.040085 -0.300934 0.347367 -0.08017 -0.334099 0.38056 -0.040085 -0.334099 0.38056 -0.08017 -0.37749 0.398544 -0.040085 -0.37749 0.398544 -0.08017 -0.33431 0.23603 -0.040085 -0.334182 0.180581 -0.040085 -0.300989 0.213746 -0.040085 -0.356438 0.21392 -0.040085 -0.322327 0.264925 -0.040085 -0.283015 0.257088 -0.040085 -0.377539 0.162643 -0.040085 -0.385343 0.201961 -0.040085 -0.424412 0.162652 -0.040085 -0.416591 0.201968 -0.040085 -0.322314 0.296206 -0.040085 -0.282996 0.30401 -0.040085 -0.334273 0.325111 -0.040085 -0.300934 0.347367 -0.040085 -0.356383 0.347239 -0.040085 -0.334099 0.38056 -0.040085 -0.38531 0.359228 -0.040085 -0.37749 0.398544 -0.040085 -0.416591 0.201968 -0.040085 -0.385343 0.201961 -0.08017 -0.416591 0.201968 -0.08017 -0.385343 0.201961 -0.040085 -0.356438 0.21392 -0.08017 -0.356438 0.21392 -0.040085 -0.33431 0.23603 -0.08017 -0.33431 0.23603 -0.040085 -0.322327 0.264925 -0.08017 -0.322327 0.264925 -0.040085 -0.322314 0.296206 -0.08017 -0.322314 0.296206 -0.040085 -0.334273 0.325111 -0.08017 -0.334273 0.325111 -0.040085 -0.356383 0.347239 -0.08017 -0.356383 0.347239 -0.040085 -0.38531 0.359228 -0.08017 -0.38531 0.359228 -0.040085 -0.467611 0.236058 -0.08017 -0.518896 0.257137 -0.08017 -0.479581 0.264957 -0.08017 -0.500941 0.213787 -0.08017 -0.445491 0.213938 -0.08017 -0.467762 0.180609 -0.08017 -0.518896 0.304059 -0.08017 -0.479581 0.296239 -0.08017 -0.500941 0.347409 -0.08017 -0.467611 0.325139 -0.08017 -0.467762 0.380587 -0.08017 -0.445491 0.347258 -0.08017 -0.424412 0.398544 -0.08017 -0.416591 0.359228 -0.08017 -0.518896 0.257137 -0.040085 -0.500941 0.213787 -0.08017 -0.500941 0.213787 -0.040085 -0.518896 0.257137 -0.08017 -0.518896 0.304059 -0.040085 -0.518896 0.304059 -0.08017 -0.467762 0.180609 -0.08017 -0.467762 0.180609 -0.040085 -0.500941 0.347409 -0.040085 -0.500941 0.347409 -0.08017 -0.467762 0.380587 -0.040085 -0.467762 0.380587 -0.08017 -0.424412 0.398544 -0.040085 -0.424412 0.398544 -0.08017 -0.479581 0.264957 -0.040085 -0.500941 0.213787 -0.040085 -0.467611 0.236058 -0.040085 -0.518896 0.257137 -0.040085 -0.479581 0.296239 -0.040085 -0.518896 0.304059 -0.040085 -0.467762 0.180609 -0.040085 -0.445491 0.213938 -0.040085 -0.467611 0.325139 -0.040085 -0.500941 0.347409 -0.040085 -0.445491 0.347258 -0.040085 -0.467762 0.380587 -0.040085 -0.416591 0.359228 -0.040085 -0.424412 0.398544 -0.040085 -0.445491 0.213938 -0.08017 -0.445491 0.213938 -0.040085 -0.467611 0.236058 -0.08017 -0.467611 0.236058 -0.040085 -0.479581 0.264957 -0.08017 -0.479581 0.264957 -0.040085 -0.479581 0.296239 -0.08017 -0.479581 0.296239 -0.040085 -0.467611 0.325139 -0.08017 -0.467611 0.325139 -0.040085 -0.445491 0.347258 -0.08017 -0.445491 0.347258 -0.040085 -0.416591 0.359228 -0.08017 -0.416591 0.359228 -0.040085 -0.459372 0.363072 -0.073155 -0.570991 0.422253 -0.072153 -0.542646 0.450598 -0.072153 -0.483465 0.338979 -0.073155 -0.570991 0.422253 -0.072153 -0.483465 0.338979 -0.0471 -0.570991 0.422253 -0.048102 -0.483465 0.338979 -0.073155 -0.459372 0.363072 -0.0471 -0.542646 0.450598 -0.072153 -0.542646 0.450598 -0.048102 -0.459372 0.363072 -0.073155 -0.542646 0.450598 -0.072153 -0.570991 0.422253 -0.048102 -0.542646 0.450598 -0.048102 -0.570991 0.422253 -0.072153 -0.570991 0.422253 -0.048102 -0.459372 0.363072 -0.0471 -0.542646 0.450598 -0.048102 -0.483465 0.338979 -0.0471 -0.412175 0.30326 -0.074158 -0.383915 0.380294 -0.073155 -0.389727 0.30326 -0.074158 -0.417987 0.380294 -0.073155 -0.420994 0.501068 -0.072153 -0.380908 0.501068 -0.072153 -0.417987 0.380294 -0.073155 -0.412175 0.30326 -0.046098 -0.417987 0.380294 -0.0471 -0.412175 0.30326 -0.074158 -0.420994 0.501068 -0.072153 -0.420994 0.501068 -0.048102 -0.389727 0.30326 -0.046098 -0.383915 0.380294 -0.073155 -0.383915 0.380294 -0.0471 -0.389727 0.30326 -0.074158 -0.380908 0.501068 -0.072153 -0.380908 0.501068 -0.048102 -0.389727 0.30326 -0.046098 -0.417987 0.380294 -0.0471 -0.412175 0.30326 -0.046098 -0.383915 0.380294 -0.0471 -0.420994 0.501068 -0.048102 -0.380908 0.501068 -0.048102 -0.380908 0.501068 -0.072153 -0.420994 0.501068 -0.048102 -0.380908 0.501068 -0.048102 -0.420994 0.501068 -0.072153 -0.31838 0.339116 -0.073155 -0.310146 0.392975 -0.068991 -0.289256 0.372085 -0.068991 -0.342473 0.363209 -0.073155 -0.310146 0.392975 -0.068991 -0.342473 0.363209 -0.0471 -0.310147 0.392975 -0.051265 -0.342473 0.363209 -0.073155 -0.31838 0.339116 -0.0471 -0.289256 0.372085 -0.068991 -0.289256 0.372085 -0.051265 -0.31838 0.339116 -0.073155 -0.289256 0.372085 -0.068991 -0.310147 0.392975 -0.051265 -0.289256 0.372085 -0.051265 -0.310146 0.392975 -0.068991 -0.310147 0.392975 -0.051265 -0.31838 0.339116 -0.0471 -0.289256 0.372085 -0.051265 -0.342473 0.363209 -0.0471 -0.378192 0.291919 -0.074158 -0.301158 0.263658 -0.073155 -0.378192 0.269471 -0.074158 -0.301158 0.297731 -0.073155 -0.257188 0.294994 -0.068708 -0.257188 0.266395 -0.068708 -0.301158 0.297731 -0.073155 -0.378192 0.291919 -0.046098 -0.301158 0.297731 -0.0471 -0.378192 0.291919 -0.074158 -0.257188 0.294994 -0.068708 -0.257188 0.294995 -0.051548 -0.378192 0.269471 -0.046098 -0.301158 0.263658 -0.073155 -0.301158 0.263658 -0.0471 -0.378192 0.269471 -0.074158 -0.257188 0.266395 -0.068708 -0.257188 0.266395 -0.051548 -0.378192 0.269471 -0.046098 -0.301158 0.297731 -0.0471 -0.378192 0.291919 -0.046098 -0.301158 0.263658 -0.0471 -0.257188 0.294995 -0.051548 -0.257188 0.266395 -0.051548 -0.257188 0.266395 -0.068708 -0.257188 0.294995 -0.051548 -0.257188 0.266395 -0.051548 -0.257188 0.294994 -0.068708 -0.342337 0.198124 -0.073155 -0.290196 0.190848 -0.069644 -0.312627 0.168417 -0.069644 -0.318244 0.222217 -0.073155 -0.290196 0.190848 -0.069644 -0.318244 0.222217 -0.0471 -0.290196 0.190848 -0.050611 -0.318244 0.222217 -0.073155 -0.342337 0.198124 -0.0471 -0.312627 0.168417 -0.069644 -0.312627 0.168417 -0.050611 -0.342337 0.198124 -0.073155 -0.312627 0.168417 -0.069644 -0.290196 0.190848 -0.050611 -0.312627 0.168417 -0.050611 -0.290196 0.190848 -0.069644 -0.290196 0.190848 -0.050611 -0.342337 0.198124 -0.0471 -0.312627 0.168417 -0.050611 -0.318244 0.222217 -0.0471 -0.389534 0.257936 -0.074158 -0.417794 0.180902 -0.073155 -0.411981 0.257936 -0.074158 -0.383721 0.180902 -0.073155 -0.380715 0.060128 -0.072153 -0.4208 0.060128 -0.072153 -0.383721 0.180902 -0.073155 -0.389534 0.257936 -0.046098 -0.383721 0.180902 -0.0471 -0.389534 0.257936 -0.074158 -0.380715 0.060128 -0.072153 -0.380715 0.060128 -0.048102 -0.411981 0.257936 -0.046098 -0.417794 0.180902 -0.073155 -0.417794 0.180902 -0.0471 -0.411981 0.257936 -0.074158 -0.4208 0.060128 -0.072153 -0.4208 0.060128 -0.048102 -0.411981 0.257936 -0.046098 -0.383721 0.180902 -0.0471 -0.389534 0.257936 -0.046098 -0.417794 0.180902 -0.0471 -0.380715 0.060128 -0.048102 -0.4208 0.060128 -0.048102 -0.4208 0.060128 -0.072153 -0.380715 0.060128 -0.048102 -0.4208 0.060128 -0.048102 -0.380715 0.060128 -0.072153 -0.483328 0.22208 -0.073155 -0.542509 0.110462 -0.072153 -0.570854 0.138806 -0.072153 -0.459235 0.197987 -0.073155 -0.542509 0.110462 -0.072153 -0.459235 0.197987 -0.0471 -0.542509 0.110462 -0.048102 -0.459235 0.197987 -0.073155 -0.483328 0.22208 -0.0471 -0.570854 0.138806 -0.072153 -0.570854 0.138806 -0.048102 -0.483328 0.22208 -0.073155 -0.570854 0.138806 -0.072153 -0.542509 0.110462 -0.048102 -0.570854 0.138806 -0.048102 -0.542509 0.110462 -0.072153 -0.542509 0.110462 -0.048102 -0.483328 0.22208 -0.0471 -0.570854 0.138806 -0.048102 -0.459235 0.197987 -0.0471 -0.423517 0.269277 -0.074158 -0.50055 0.297538 -0.073155 -0.423517 0.291725 -0.074158 -0.50055 0.263465 -0.073155 -0.621324 0.260459 -0.072153 -0.621324 0.300544 -0.072153 -0.50055 0.263465 -0.073155 -0.423517 0.269277 -0.046098 -0.50055 0.263465 -0.0471 -0.423517 0.269277 -0.074158 -0.621324 0.260459 -0.072153 -0.621324 0.260459 -0.048102 -0.423517 0.291725 -0.046098 -0.50055 0.297538 -0.073155 -0.50055 0.297538 -0.0471 -0.423517 0.291725 -0.074158 -0.621324 0.300544 -0.072153 -0.621324 0.300544 -0.048102 -0.423517 0.291725 -0.046098 -0.50055 0.263465 -0.0471 -0.423517 0.269277 -0.046098 -0.50055 0.297538 -0.0471 -0.621324 0.260459 -0.048102 -0.621324 0.300544 -0.048102 -0.621324 0.300544 -0.072153 -0.621324 0.260459 -0.048102 -0.621324 0.300544 -0.048102 -0.621324 0.260459 -0.072153 -0.435569 0.300641 -0.087539 -0.420897 0.315313 -0.032716 -0.420897 0.315313 -0.087539 -0.435569 0.300641 -0.032716 -0.420897 0.315313 -0.087539 -0.400854 0.320683 -0.032716 -0.400854 0.320683 -0.087539 -0.420897 0.315313 -0.032716 -0.400854 0.320683 -0.087539 -0.380812 0.315313 -0.032716 -0.380812 0.315313 -0.087539 -0.400854 0.320683 -0.032716 -0.380812 0.315313 -0.087539 -0.366139 0.300641 -0.032716 -0.366139 0.300641 -0.087539 -0.380812 0.315313 -0.032716 -0.366139 0.300641 -0.087539 -0.360769 0.280598 -0.032716 -0.360769 0.280598 -0.087539 -0.366139 0.300641 -0.032716 -0.360769 0.280598 -0.087539 -0.366139 0.260555 -0.032716 -0.366139 0.260555 -0.087539 -0.360769 0.280598 -0.032716 -0.366139 0.260555 -0.087539 -0.380812 0.245883 -0.032716 -0.380812 0.245883 -0.087539 -0.366139 0.260555 -0.032716 -0.380812 0.245883 -0.087539 -0.400854 0.240513 -0.032716 -0.400854 0.240513 -0.087539 -0.380812 0.245883 -0.032716 -0.400854 0.240513 -0.087539 -0.420897 0.245883 -0.032716 -0.420897 0.245883 -0.087539 -0.400854 0.240513 -0.032716 -0.420897 0.245883 -0.087539 -0.435569 0.260555 -0.032716 -0.435569 0.260555 -0.087539 -0.420897 0.245883 -0.032716 -0.435569 0.260555 -0.087539 -0.44094 0.280598 -0.032716 -0.44094 0.280598 -0.087539 -0.435569 0.260555 -0.032716 -0.44094 0.280598 -0.087539 -0.435569 0.300641 -0.032716 -0.435569 0.300641 -0.087539 -0.44094 0.280598 -0.032716 -0.366139 0.300641 -0.087539 -0.360769 0.280598 -0.087539 -0.366139 0.260555 -0.087539 -0.380812 0.245883 -0.087539 -0.380812 0.315313 -0.087539 -0.400854 0.320683 -0.087539 -0.400854 0.240513 -0.087539 -0.435569 0.300641 -0.087539 -0.420897 0.245883 -0.087539 -0.435569 0.260555 -0.087539 -0.420897 0.315313 -0.087539 -0.44094 0.280598 -0.087539 -0.400854 0.320683 -0.032716 -0.380812 0.245883 -0.032716 -0.380812 0.315313 -0.032716 -0.400854 0.240513 -0.032716 -0.366139 0.300641 -0.032716 -0.366139 0.260555 -0.032716 -0.360769 0.280598 -0.032716 -0.435569 0.300641 -0.032716 -0.44094 0.280598 -0.032716 -0.435569 0.260555 -0.032716 -0.420897 0.315313 -0.032716 -0.420897 0.245883 -0.032716 0.356438 0.21392 -0.08017 0.300989 0.213746 -0.08017 0.33431 0.23603 -0.08017 0.334182 0.180581 -0.08017 0.385343 0.201961 -0.08017 0.377539 0.162643 -0.08017 0.283015 0.257088 -0.08017 0.322327 0.264925 -0.08017 0.416591 0.201968 -0.08017 0.424412 0.162652 -0.08017 0.282996 0.30401 -0.08017 0.322314 0.296206 -0.08017 0.300934 0.347367 -0.08017 0.334273 0.325111 -0.08017 0.334099 0.38056 -0.08017 0.356383 0.347239 -0.08017 0.37749 0.398544 -0.08017 0.38531 0.359228 -0.08017 0.300989 0.213746 -0.040085 0.334182 0.180581 -0.08017 0.334182 0.180581 -0.040085 0.300989 0.213746 -0.08017 0.283015 0.257088 -0.040085 0.283015 0.257088 -0.08017 0.377539 0.162643 -0.08017 0.377539 0.162643 -0.040085 0.424412 0.162652 -0.08017 0.424412 0.162652 -0.040085 0.282996 0.30401 -0.040085 0.282996 0.30401 -0.08017 0.300934 0.347367 -0.040085 0.300934 0.347367 -0.08017 0.334099 0.38056 -0.040085 0.334099 0.38056 -0.08017 0.37749 0.398544 -0.040085 0.37749 0.398544 -0.08017 0.33431 0.23603 -0.040085 0.334182 0.180581 -0.040085 0.356438 0.21392 -0.040085 0.300989 0.213746 -0.040085 0.322327 0.264925 -0.040085 0.283015 0.257088 -0.040085 0.377539 0.162643 -0.040085 0.385343 0.201961 -0.040085 0.424412 0.162652 -0.040085 0.416591 0.201968 -0.040085 0.322314 0.296206 -0.040085 0.282996 0.30401 -0.040085 0.334273 0.325111 -0.040085 0.300934 0.347367 -0.040085 0.356383 0.347239 -0.040085 0.334099 0.38056 -0.040085 0.38531 0.359228 -0.040085 0.37749 0.398544 -0.040085 0.416591 0.201968 -0.040085 0.385343 0.201961 -0.08017 0.385343 0.201961 -0.040085 0.416591 0.201968 -0.08017 0.356438 0.21392 -0.08017 0.356438 0.21392 -0.040085 0.33431 0.23603 -0.08017 0.33431 0.23603 -0.040085 0.322327 0.264925 -0.08017 0.322327 0.264925 -0.040085 0.322314 0.296206 -0.08017 0.322314 0.296206 -0.040085 0.334273 0.325111 -0.08017 0.334273 0.325111 -0.040085 0.356383 0.347239 -0.08017 0.356383 0.347239 -0.040085 0.38531 0.359228 -0.08017 0.38531 0.359228 -0.040085 0.467611 0.236058 -0.08017 0.518896 0.257137 -0.08017 0.500941 0.213787 -0.08017 0.479581 0.264957 -0.08017 0.445491 0.213938 -0.08017 0.467762 0.180609 -0.08017 0.518896 0.304059 -0.08017 0.479581 0.296239 -0.08017 0.500941 0.347409 -0.08017 0.467611 0.325139 -0.08017 0.467762 0.380587 -0.08017 0.445491 0.347258 -0.08017 0.424412 0.398544 -0.08017 0.416591 0.359228 -0.08017 0.518896 0.257137 -0.040085 0.500941 0.213787 -0.08017 0.518896 0.257137 -0.08017 0.500941 0.213787 -0.040085 0.518896 0.304059 -0.040085 0.518896 0.304059 -0.08017 0.467762 0.180609 -0.08017 0.467762 0.180609 -0.040085 0.500941 0.347409 -0.040085 0.500941 0.347409 -0.08017 0.467762 0.380587 -0.040085 0.467762 0.380587 -0.08017 0.424412 0.398544 -0.040085 0.424412 0.398544 -0.08017 0.479581 0.264957 -0.040085 0.500941 0.213787 -0.040085 0.518896 0.257137 -0.040085 0.467611 0.236058 -0.040085 0.479581 0.296239 -0.040085 0.518896 0.304059 -0.040085 0.467762 0.180609 -0.040085 0.445491 0.213938 -0.040085 0.467611 0.325139 -0.040085 0.500941 0.347409 -0.040085 0.445491 0.347258 -0.040085 0.467762 0.380587 -0.040085 0.416591 0.359228 -0.040085 0.424412 0.398544 -0.040085 0.445491 0.213938 -0.08017 0.445491 0.213938 -0.040085 0.467611 0.236058 -0.08017 0.467611 0.236058 -0.040085 0.479581 0.264957 -0.08017 0.479581 0.264957 -0.040085 0.479581 0.296239 -0.08017 0.479581 0.296239 -0.040085 0.467611 0.325139 -0.08017 0.467611 0.325139 -0.040085 0.445491 0.347258 -0.08017 0.445491 0.347258 -0.040085 0.416591 0.359228 -0.08017 0.416591 0.359228 -0.040085 0.459372 0.363072 -0.073155 0.570991 0.422253 -0.072153 0.483465 0.338979 -0.073155 0.542646 0.450598 -0.072153 0.570991 0.422253 -0.072153 0.483465 0.338979 -0.0471 0.483465 0.338979 -0.073155 0.570991 0.422253 -0.048102 0.459372 0.363072 -0.0471 0.542646 0.450598 -0.072153 0.459372 0.363072 -0.073155 0.542646 0.450598 -0.048102 0.542646 0.450598 -0.072153 0.570991 0.422253 -0.048102 0.570991 0.422253 -0.072153 0.542646 0.450598 -0.048102 0.570991 0.422253 -0.048102 0.459372 0.363072 -0.0471 0.483465 0.338979 -0.0471 0.542646 0.450598 -0.048102 0.412175 0.30326 -0.074158 0.383915 0.380294 -0.073155 0.417987 0.380294 -0.073155 0.389727 0.30326 -0.074158 0.420994 0.501068 -0.072153 0.380908 0.501068 -0.072153 0.417987 0.380294 -0.073155 0.412175 0.30326 -0.046098 0.412175 0.30326 -0.074158 0.417987 0.380294 -0.0471 0.420994 0.501068 -0.072153 0.420994 0.501068 -0.048102 0.389727 0.30326 -0.046098 0.383915 0.380294 -0.073155 0.389727 0.30326 -0.074158 0.383915 0.380294 -0.0471 0.380908 0.501068 -0.072153 0.380908 0.501068 -0.048102 0.389727 0.30326 -0.046098 0.417987 0.380294 -0.0471 0.383915 0.380294 -0.0471 0.412175 0.30326 -0.046098 0.420994 0.501068 -0.048102 0.380908 0.501068 -0.048102 0.380908 0.501068 -0.072153 0.420994 0.501068 -0.048102 0.420994 0.501068 -0.072153 0.380908 0.501068 -0.048102 0.31838 0.339116 -0.073155 0.310146 0.392975 -0.068991 0.342473 0.363209 -0.073155 0.289256 0.372085 -0.068991 0.310146 0.392975 -0.068991 0.342473 0.363209 -0.0471 0.342473 0.363209 -0.073155 0.310147 0.392975 -0.051265 0.31838 0.339116 -0.0471 0.289256 0.372085 -0.068991 0.31838 0.339116 -0.073155 0.289256 0.372085 -0.051265 0.289256 0.372085 -0.068991 0.310147 0.392975 -0.051265 0.310146 0.392975 -0.068991 0.289256 0.372085 -0.051265 0.310147 0.392975 -0.051265 0.31838 0.339116 -0.0471 0.342473 0.363209 -0.0471 0.289256 0.372085 -0.051265 0.378192 0.291919 -0.074158 0.301158 0.263658 -0.073155 0.301158 0.297731 -0.073155 0.378192 0.269471 -0.074158 0.257188 0.294994 -0.068708 0.257188 0.266395 -0.068708 0.301158 0.297731 -0.073155 0.378192 0.291919 -0.046098 0.378192 0.291919 -0.074158 0.301158 0.297731 -0.0471 0.257188 0.294994 -0.068708 0.257188 0.294995 -0.051548 0.378192 0.269471 -0.046098 0.301158 0.263658 -0.073155 0.378192 0.269471 -0.074158 0.301158 0.263658 -0.0471 0.257188 0.266395 -0.068708 0.257188 0.266395 -0.051548 0.378192 0.269471 -0.046098 0.301158 0.297731 -0.0471 0.301158 0.263658 -0.0471 0.378192 0.291919 -0.046098 0.257188 0.294995 -0.051548 0.257188 0.266395 -0.051548 0.257188 0.266395 -0.068708 0.257188 0.294995 -0.051548 0.257188 0.294994 -0.068708 0.257188 0.266395 -0.051548 0.342337 0.198124 -0.073155 0.290196 0.190848 -0.069644 0.318244 0.222217 -0.073155 0.312627 0.168417 -0.069644 0.290196 0.190848 -0.069644 0.318244 0.222217 -0.0471 0.318244 0.222217 -0.073155 0.290196 0.190848 -0.050611 0.342337 0.198124 -0.0471 0.312627 0.168417 -0.069644 0.342337 0.198124 -0.073155 0.312627 0.168417 -0.050611 0.312627 0.168417 -0.069644 0.290196 0.190848 -0.050611 0.290196 0.190848 -0.069644 0.312627 0.168417 -0.050611 0.290196 0.190848 -0.050611 0.342337 0.198124 -0.0471 0.318244 0.222217 -0.0471 0.312627 0.168417 -0.050611 0.389534 0.257936 -0.074158 0.417794 0.180902 -0.073155 0.383721 0.180902 -0.073155 0.411981 0.257936 -0.074158 0.380715 0.060128 -0.072153 0.4208 0.060128 -0.072153 0.383721 0.180902 -0.073155 0.389534 0.257936 -0.046098 0.389534 0.257936 -0.074158 0.383721 0.180902 -0.0471 0.380715 0.060128 -0.072153 0.380715 0.060128 -0.048102 0.411981 0.257936 -0.046098 0.417794 0.180902 -0.073155 0.411981 0.257936 -0.074158 0.417794 0.180902 -0.0471 0.4208 0.060128 -0.072153 0.4208 0.060128 -0.048102 0.411981 0.257936 -0.046098 0.383721 0.180902 -0.0471 0.417794 0.180902 -0.0471 0.389534 0.257936 -0.046098 0.380715 0.060128 -0.048102 0.4208 0.060128 -0.048102 0.4208 0.060128 -0.072153 0.380715 0.060128 -0.048102 0.380715 0.060128 -0.072153 0.4208 0.060128 -0.048102 0.483328 0.22208 -0.073155 0.542509 0.110462 -0.072153 0.459235 0.197987 -0.073155 0.570854 0.138806 -0.072153 0.542509 0.110462 -0.072153 0.459235 0.197987 -0.0471 0.459235 0.197987 -0.073155 0.542509 0.110462 -0.048102 0.483328 0.22208 -0.0471 0.570854 0.138806 -0.072153 0.483328 0.22208 -0.073155 0.570854 0.138806 -0.048102 0.570854 0.138806 -0.072153 0.542509 0.110462 -0.048102 0.542509 0.110462 -0.072153 0.570854 0.138806 -0.048102 0.542509 0.110462 -0.048102 0.483328 0.22208 -0.0471 0.459235 0.197987 -0.0471 0.570854 0.138806 -0.048102 0.423517 0.269277 -0.074158 0.50055 0.297538 -0.073155 0.50055 0.263465 -0.073155 0.423517 0.291725 -0.074158 0.621324 0.260459 -0.072153 0.621324 0.300544 -0.072153 0.50055 0.263465 -0.073155 0.423517 0.269277 -0.046098 0.423517 0.269277 -0.074158 0.50055 0.263465 -0.0471 0.621324 0.260459 -0.072153 0.621324 0.260459 -0.048102 0.423517 0.291725 -0.046098 0.50055 0.297538 -0.073155 0.423517 0.291725 -0.074158 0.50055 0.297538 -0.0471 0.621324 0.300544 -0.072153 0.621324 0.300544 -0.048102 0.423517 0.291725 -0.046098 0.50055 0.263465 -0.0471 0.50055 0.297538 -0.0471 0.423517 0.269277 -0.046098 0.621324 0.260459 -0.048102 0.621324 0.300544 -0.048102 0.621324 0.300544 -0.072153 0.621324 0.260459 -0.048102 0.621324 0.260459 -0.072153 0.621324 0.300544 -0.048102 0.435569 0.300641 -0.087539 0.420897 0.315313 -0.032716 0.435569 0.300641 -0.032716 0.420897 0.315313 -0.087539 0.420897 0.315313 -0.087539 0.400854 0.320683 -0.032716 0.420897 0.315313 -0.032716 0.400854 0.320683 -0.087539 0.400854 0.320683 -0.087539 0.380812 0.315313 -0.032716 0.400854 0.320683 -0.032716 0.380812 0.315313 -0.087539 0.380812 0.315313 -0.087539 0.366139 0.300641 -0.032716 0.380812 0.315313 -0.032716 0.366139 0.300641 -0.087539 0.366139 0.300641 -0.087539 0.360769 0.280598 -0.032716 0.366139 0.300641 -0.032716 0.360769 0.280598 -0.087539 0.360769 0.280598 -0.087539 0.366139 0.260555 -0.032716 0.360769 0.280598 -0.032716 0.366139 0.260555 -0.087539 0.366139 0.260555 -0.087539 0.380812 0.245883 -0.032716 0.366139 0.260555 -0.032716 0.380812 0.245883 -0.087539 0.380812 0.245883 -0.087539 0.400854 0.240513 -0.032716 0.380812 0.245883 -0.032716 0.400854 0.240513 -0.087539 0.400854 0.240513 -0.087539 0.420897 0.245883 -0.032716 0.400854 0.240513 -0.032716 0.420897 0.245883 -0.087539 0.420897 0.245883 -0.087539 0.435569 0.260555 -0.032716 0.420897 0.245883 -0.032716 0.435569 0.260555 -0.087539 0.435569 0.260555 -0.087539 0.44094 0.280598 -0.032716 0.435569 0.260555 -0.032716 0.44094 0.280598 -0.087539 0.44094 0.280598 -0.087539 0.435569 0.300641 -0.032716 0.44094 0.280598 -0.032716 0.435569 0.300641 -0.087539 0.366139 0.300641 -0.087539 0.366139 0.260555 -0.087539 0.360769 0.280598 -0.087539 0.380812 0.245883 -0.087539 0.380812 0.315313 -0.087539 0.400854 0.320683 -0.087539 0.400854 0.240513 -0.087539 0.435569 0.300641 -0.087539 0.420897 0.245883 -0.087539 0.420897 0.315313 -0.087539 0.435569 0.260555 -0.087539 0.44094 0.280598 -0.087539 0.400854 0.320683 -0.032716 0.380812 0.245883 -0.032716 0.400854 0.240513 -0.032716 0.380812 0.315313 -0.032716 0.366139 0.300641 -0.032716 0.366139 0.260555 -0.032716 0.360769 0.280598 -0.032716 0.435569 0.300641 -0.032716 0.435569 0.260555 -0.032716 0.44094 0.280598 -0.032716 0.420897 0.315313 -0.032716 0.420897 0.245883 -0.032716</float_array>
          <technique_common>
            <accessor source="#GeometrySource-array" count="1964" stride="3">
              <param name="X" type="float"/>
              <param name="Y" type="float"/>
              <param name="Z" type="float"/>
            </accessor>
          </technique_common>
        </source>
        <source id="GeometrySource1" name="chr009Nrm">
          <float_array id="GeometrySource1-array" count="5892">0.537417 0 0.843317 0.520033 0.112974 0.846642 0.220971 0 0.97528 0.520033 -0.112975 0.846642 0.45476 0.220579 0.862867 0.45476 -0.220579 0.862867 0.380334 -0.293608 0.877006 0.25948 -0.316131 0.912541 0.084069 -0.303 0.949275 -0.020948 -0.241925 0.970069 -0.0957 -0.125836 0.987424 -0.128923 0 0.991655 0.380334 0.293608 0.877006 0.259481 0.31613 0.912541 0.084069 0.303 0.949275 -0.020948 0.241925 0.970069 -0.0957 0.125836 0.987424 -0.101284 0.332901 0.937507 -0.214481 0 0.976728 0.018209 0.26108 0.965145 -0.22703 0.348542 0.909382 -0.346018 0.311872 0.884877 -0.454759 0.220579 0.862867 -0.520033 0.112974 0.846642 -0.537417 0 0.843317 -0.520033 -0.112975 0.846642 0.100752 0.145902 0.984155 0.128923 0 0.991655 0.100752 -0.145902 0.984155 0.018209 -0.26108 0.965145 -0.101284 -0.332901 0.937507 -0.22703 -0.348542 0.909382 -0.346019 -0.311871 0.884877 -0.454759 -0.22058 0.862866 -0.688239 -0.386547 0.613929 -0.467482 -0.548139 0.693545 -0.615299 -0.435789 0.656883 -0.408345 -0.562624 0.718825 0.389869 0.653074 0.649227 0.42587 0.603643 0.673981 0.5699 0.419425 0.706609 0.572841 0.348739 0.741778 -0.458626 0.7283 0.509158 -0.661895 0.560732 0.497469 -0.414529 0.753598 0.510153 -0.656153 0.560593 0.505172 -0.467482 -0.548139 0.693545 -0.203731 -0.624345 0.754114 -0.408345 -0.562624 0.718825 -0.173729 -0.622373 0.763197 0.032342 -0.615677 0.787335 0.05172 -0.596159 0.801199 -0.203731 -0.624345 0.754114 -0.173729 -0.622373 0.763197 -0.661895 0.560732 0.497469 -0.801569 0.323391 0.502896 -0.656153 0.560593 0.505172 -0.803134 0.298123 0.515847 -0.210261 0.811928 0.544577 -0.134902 0.82001 0.556223 0.113008 0.797402 0.592772 0.176458 0.765578 0.61867 0.032342 -0.615677 0.787335 0.240082 -0.482907 0.842117 0.05172 -0.596159 0.801199 0.24327 -0.458203 0.854909 0.469488 -0.220054 0.855077 0.416018 -0.257115 0.872251 0.240082 -0.482907 0.842117 0.24327 -0.458203 0.854909 -0.801569 0.323391 0.502896 -0.851016 0.056655 0.522075 -0.803134 0.298123 0.515847 -0.841742 0.011423 0.539759 0.61348 0.120279 0.780497 0.568634 0.039514 0.821641 0.469488 -0.220054 0.855077 0.416018 -0.257115 0.872251 -0.851016 0.056655 0.522075 -0.814942 -0.17997 0.550891 -0.841742 0.011423 0.539759 -0.775477 -0.238121 0.584751 -0.210261 0.811928 0.544577 -0.458626 0.7283 0.509158 -0.134902 0.82001 0.556223 -0.414529 0.753598 0.510153 0.113008 0.797402 0.592772 0.176458 0.765578 0.61867 0.389869 0.653074 0.649227 0.42587 0.603643 0.673981 -0.814942 -0.17997 0.550891 -0.688239 -0.386547 0.613929 -0.775477 -0.238121 0.584751 -0.615299 -0.435789 0.656883 0.5699 0.419425 0.706609 0.572841 0.348739 0.741778 0.61348 0.120279 0.780497 0.568634 0.039514 0.821641 0.756025 0.501538 0.420577 0.68675 0.647595 0.330145 0.87517 0.350068 0.333961 0.788319 0.326532 0.52147 0.674965 0.529742 0.51361 0.886153 0.172087 0.430254 0.788319 0.326532 0.52147 0.87517 0.350068 0.333961 0.937249 0.004813 0.348628 0.841424 0.070373 0.535774 0.874427 -0.182451 0.449543 0.841424 0.070373 0.535774 0.937249 0.004813 0.348628 0.866401 -0.320239 0.38314 0.827623 -0.069514 0.556963 0.183555 -0.758001 0.625893 0.102997 -0.830871 0.54685 0.203672 -0.600248 0.773447 0.403885 -0.75936 0.510146 0.493774 -0.506127 0.707123 -0.167908 0.857832 0.485727 0.069069 0.924421 0.375067 0.268868 0.781238 0.563363 -0.290018 0.866012 0.407325 -0.060802 0.794676 0.603981 0.725307 -0.47295 0.500247 0.827623 -0.069514 0.556963 0.866401 -0.320239 0.38314 0.675268 -0.587237 0.44628 0.711344 -0.317899 0.626841 -0.416808 -0.63018 0.655091 -0.524619 -0.624186 0.578936 -0.257343 -0.469847 0.844404 -0.240016 -0.796485 0.554981 -0.08933 -0.61004 0.787319 0.476094 -0.673309 0.565676 0.711344 -0.317899 0.626841 0.675268 -0.587237 0.44628 0.403885 -0.75936 0.510146 0.493774 -0.506127 0.707123 -0.699397 0.453456 0.552469 -0.597587 0.67218 0.437109 -0.375961 0.646645 0.663704 -0.803218 0.367007 0.469197 -0.585942 0.360493 0.725753 -0.110821 -0.752557 0.649135 0.203672 -0.600248 0.773447 0.102997 -0.830871 0.54685 -0.240016 -0.796485 0.554981 -0.08933 -0.61004 0.787319 0.171612 0.875986 0.450775 0.401292 0.848362 0.34532 0.542271 0.663595 0.515348 0.069069 0.924421 0.375067 0.268868 0.781238 0.563363 -0.481301 0.708014 0.516784 -0.290018 0.866012 0.407325 -0.060802 0.794676 0.603981 -0.597587 0.67218 0.437109 -0.375961 0.646645 0.663704 -0.60348 -0.413932 0.681522 -0.257343 -0.469847 0.844404 -0.524619 -0.624186 0.578936 -0.743055 -0.334471 0.579653 -0.469043 -0.194284 0.861541 0.50008 0.755665 0.422954 0.68675 0.647595 0.330145 0.674965 0.529742 0.51361 0.401292 0.848362 0.34532 0.542271 0.663595 0.515348 -0.741932 -0.165283 0.649784 -0.469043 -0.194284 0.861541 -0.743055 -0.334471 0.579653 -0.853724 0.019854 0.520347 -0.593553 0.145316 0.791567 -0.799796 0.13313 0.585324 -0.593553 0.145316 0.791567 -0.853724 0.019854 0.520347 -0.803218 0.367007 0.469197 -0.585942 0.360493 0.725753 -0.719028 0.628932 -0.295708 -0.559469 0.755918 -0.339974 -0.264141 0.901328 -0.343275 -0.513978 0.799889 -0.309844 -0.600878 0.694701 -0.395393 -0.767329 0.505771 -0.394212 0.772062 0.576513 -0.267492 0.871522 0.361632 -0.331166 0.873865 0.355942 -0.331157 0.809275 0.522753 -0.267963 0.599674 0.725317 -0.338093 0.711013 0.616518 -0.33818 -0.882437 0.311395 -0.352615 -0.767329 0.505771 -0.394212 -0.600878 0.694701 -0.395393 -0.783745 0.500835 -0.367299 0.007705 0.963222 -0.268597 0.159551 0.925411 -0.34374 0.431464 0.831075 -0.350933 0.264686 0.925413 -0.271203 -0.229008 0.920725 -0.315943 0.089179 0.941962 -0.323658 -0.184994 -0.900479 -0.393593 -0.401363 -0.844005 -0.355757 0.067579 -0.916306 -0.394737 -0.20339 -0.905944 -0.371347 0.938919 -0.062415 -0.338432 0.903735 -0.322647 -0.281357 0.938976 0.06529 -0.337728 0.945014 -0.159115 -0.285713 0.766909 -0.540856 -0.345435 0.88984 -0.288847 -0.353202 0.686697 -0.675565 -0.268441 0.491209 -0.812655 -0.313536 0.722637 -0.611722 -0.321857 0.84161 -0.467154 -0.271036 0.766909 -0.540856 -0.345435 0.88984 -0.288847 -0.353202 0.200897 -0.930314 -0.306848 0.067579 -0.916306 -0.394737 -0.076568 -0.953757 -0.290661 -0.184994 -0.900479 -0.393593 0.139755 -0.933 -0.331631 0.466452 -0.819268 -0.333499 -0.467307 -0.757046 -0.456624 -0.661092 -0.635599 -0.398713 -0.329869 -0.824786 -0.459255 -0.537328 -0.738373 -0.407534 -0.64531 -0.609765 -0.460176 -0.723633 -0.518752 -0.455249 -0.876756 -0.038826 -0.479366 -0.897011 0.12311 -0.424517 -0.910231 -0.013066 -0.413895 -0.868548 -0.146814 -0.473361 -0.858219 0.236762 -0.455417 -0.815104 0.35786 -0.455568 0.310135 -0.916644 -0.252152 0.139755 -0.933 -0.331631 0.466452 -0.819268 -0.333499 0.581895 -0.769625 -0.262821 0.491209 -0.812655 -0.313536 0.722637 -0.611722 -0.321857 0.952337 0.150399 -0.265393 0.938919 -0.062415 -0.338432 0.938976 0.06529 -0.337728 0.943152 0.199727 -0.265657 0.871522 0.361632 -0.331166 0.873865 0.355942 -0.331157 -0.888025 -0.201541 -0.413271 -0.876756 -0.038826 -0.479366 -0.87137 -0.267535 -0.411265 -0.868548 -0.146814 -0.473361 -0.64531 -0.609765 -0.460176 -0.777039 -0.479859 -0.407364 -0.818023 -0.409753 -0.403659 -0.723633 -0.518752 -0.455249 -0.817244 -0.338508 -0.466395 -0.817242 -0.338513 -0.466395 -0.443164 0.858893 -0.256728 -0.229008 0.920725 -0.315943 0.089179 0.941962 -0.323658 -0.137608 0.952965 -0.270041 -0.559469 0.755918 -0.339974 -0.264141 0.901328 -0.343275 -0.815104 0.35786 -0.455568 -0.858219 0.236762 -0.455417 -0.329869 -0.824786 -0.459255 -0.467307 -0.757046 -0.456624 0.159551 0.925411 -0.34374 0.402309 0.87216 -0.27836 0.431464 0.831075 -0.350933 0.560453 0.778289 -0.283123 0.599674 0.725317 -0.338093 0.711013 0.616518 -0.33818 -0.817244 -0.338508 -0.466395 -0.817242 -0.338513 -0.466395 -0.323456 -0.908485 -0.264636 -0.586964 -0.767764 -0.256927 -0.650834 -0.714247 -0.257423 -0.243025 -0.931715 -0.2699 0.052197 -0.954302 -0.29425 0.121267 -0.945708 -0.301547 -0.851685 -0.455652 -0.258871 -0.879533 -0.39928 -0.25884 -0.966096 -0.045618 -0.25412 -0.967343 -0.011377 -0.253214 0.467917 -0.819865 -0.329962 0.052197 -0.954302 -0.29425 0.413673 -0.849867 -0.326498 0.121267 -0.945708 -0.301547 0.699503 -0.628073 -0.340911 0.7263 -0.596302 -0.341923 0.866927 -0.357037 -0.347796 0.866502 -0.358097 -0.347766 0.937347 -0.043953 -0.345612 0.934372 -0.08054 -0.347076 0.416179 0.868576 -0.269017 0.756326 0.580481 -0.301682 0.712286 0.636371 -0.296109 0.487157 0.829052 -0.274502 0.89328 0.310964 -0.32458 0.909234 0.255138 -0.328935 0.13089 0.956812 -0.259573 0.044898 0.964763 -0.259261 0.934372 -0.08054 -0.347076 0.937347 -0.043953 -0.345612 -0.645882 0.719634 -0.25488 -0.337756 0.904815 -0.259288 -0.674352 0.693408 -0.253841 -0.276927 0.925261 -0.259235 -0.893651 0.373583 -0.248643 -0.894569 0.371382 -0.248639 -0.966096 -0.045618 -0.25412 -0.967343 -0.011377 -0.253214 0.044898 0.964763 -0.259261 0.13089 0.956812 -0.259573 -0.188889 -0.050612 -0.980693 -0.195552 0 -0.980693 0 0 -1 -0.169353 -0.097775 -0.980693 -0.371544 -0.099554 -0.923062 -0.384651 0 -0.923062 -0.188889 0.050612 -0.980693 -0.333117 -0.192325 -0.923062 -0.138276 -0.138276 -0.980693 -0.553829 -0.148398 -0.819299 -0.573366 0 -0.819299 -0.371544 0.099555 -0.923062 -0.169353 0.097776 -0.980693 -0.49655 -0.286683 -0.819299 -0.271989 -0.271989 -0.923062 -0.097776 -0.169353 -0.980693 -0.726915 -0.194776 -0.658526 -0.752558 0 -0.658526 -0.553829 0.148398 -0.819299 -0.333117 0.192326 -0.923062 -0.651734 -0.376279 -0.658526 -0.405431 -0.405431 -0.819299 -0.192325 -0.333117 -0.923062 -0.870538 -0.23326 -0.433305 -0.901247 0 -0.433305 -0.726915 0.194776 -0.658526 -0.49655 0.286683 -0.819299 -0.138276 0.138276 -0.980693 -0.050612 -0.188889 -0.980693 -0.271989 0.271989 -0.923062 -0.097775 0.169353 -0.980693 -0.780503 -0.450623 -0.433305 0 -0.195552 -0.980693 -0.954689 -0.255808 -0.152089 -0.988367 0 -0.152089 -0.870538 0.23326 -0.433305 -0.651734 0.376279 -0.658526 -0.405431 0.405431 -0.819299 -0.192325 0.333117 -0.923062 -0.050612 0.188889 -0.980693 0 -0.384651 -0.923062 -0.099554 -0.371544 -0.923062 -0.148398 -0.553829 -0.819299 -0.286683 -0.49655 -0.819299 -0.376279 -0.651734 -0.658526 -0.532139 -0.532139 -0.658526 -0.637278 -0.637278 -0.433305 -0.099554 0.371544 -0.923062 -0.698881 -0.698881 -0.152089 -0.855951 -0.494183 -0.152089 -0.855951 -0.494183 0.152087 -0.954689 -0.255808 0.152088 -0.988367 0 0.152088 -0.450624 -0.780503 -0.433305 -0.954689 0.255808 -0.152088 -0.954689 0.255808 0.152088 -0.780503 0.450624 -0.433305 -0.855951 0.494183 -0.152088 -0.532139 0.532139 -0.658526 -0.637278 0.637278 -0.433306 -0.286683 0.49655 -0.819299 -0.376279 0.651735 -0.658526 -0.148398 0.553829 -0.819299 -0.23326 -0.870538 -0.433305 -0.194777 -0.726915 -0.658526 -0.855951 0.494183 0.152089 -0.698881 0.698881 -0.152089 -0.450623 0.780503 -0.433305 -0.194776 0.726916 -0.658526 0 0.384651 -0.923062 0 0.195552 -0.980693 0.050612 0.188889 -0.980693 0 0.573366 -0.819299 0.099555 0.371544 -0.923062 0.097776 0.169353 -0.980693 0 -0.901247 -0.433305 0 -0.752558 -0.658526 0 -0.573366 -0.819299 0.148398 -0.553829 -0.819299 0.099554 -0.371544 -0.923062 0.050612 -0.188889 -0.980693 0.097775 -0.169353 -0.980693 0.192325 -0.333117 -0.923062 0.138276 -0.138276 -0.980693 0.194776 -0.726915 -0.658526 0.286683 -0.49655 -0.819299 0.271989 -0.271989 -0.923062 0.169353 -0.097775 -0.980693 0.188889 -0.050612 -0.980693 0.376279 -0.651734 -0.658526 0.405431 -0.405431 -0.819299 0.333117 -0.192325 -0.923062 0.195552 0 -0.980693 0.188889 0.050612 -0.980693 0.169353 0.097776 -0.980693 0.138276 0.138276 -0.980693 0.192325 0.333117 -0.923062 0.148398 0.553829 -0.819299 0 0.752558 -0.658526 -0.23326 0.870538 -0.433305 -0.494183 0.855951 -0.152088 -0.698881 0.698881 0.152089 -0.494183 0.855951 0.152089 -0.255808 0.954689 -0.152088 0 0.901247 -0.433305 0.194777 0.726915 -0.658526 0.286683 0.49655 -0.819299 -0.255808 0.954689 0.152088 0 0.988367 -0.152088 0.23326 0.870538 -0.433305 0.376279 0.651735 -0.658526 0 0.988367 0.152088 0.255808 0.954689 -0.152088 0.450624 0.780503 -0.433305 0.405431 0.405431 -0.819299 0.271989 0.271989 -0.923062 0.333117 0.192325 -0.923062 0.371544 0.099555 -0.923062 0.384651 0 -0.923062 0.371544 -0.099554 -0.923062 0.553829 -0.148398 -0.819299 0.49655 -0.286683 -0.819299 0.651734 -0.376279 -0.658526 0.532139 -0.532139 -0.658526 0.637278 -0.637278 -0.433305 0.450623 -0.780503 -0.433305 0.23326 -0.870538 -0.433305 0.255808 -0.954689 -0.152088 0 -0.988367 -0.152089 -0.255808 -0.954689 -0.152089 -0.494183 -0.855951 -0.152089 -0.494183 -0.855951 0.152088 -0.698881 -0.698881 0.152088 -0.255808 -0.954689 0.152088 0 -0.988367 0.152088 0.255808 -0.954689 0.152088 0.494183 -0.855951 0.152088 0.494183 -0.855951 -0.152088 0.698881 -0.698881 0.152088 0.698881 -0.698881 -0.152088 0.855951 -0.494184 -0.152088 0.780503 -0.450624 -0.433305 0.870538 -0.23326 -0.433305 0.726915 -0.194776 -0.658526 0.752558 0 -0.658526 0.573366 0 -0.819299 0.553829 0.148399 -0.819299 0.49655 0.286683 -0.819299 0.532139 0.532139 -0.658526 0.637278 0.637278 -0.433305 0.651735 0.376279 -0.658526 0.726915 0.194777 -0.658526 0.494184 0.855951 -0.152088 0.255808 0.954689 0.152088 0.494184 0.855951 0.152088 0.698881 0.698881 -0.152088 0.780503 0.450623 -0.433305 0.870538 0.233261 -0.433305 0.901247 0 -0.433305 0.698881 0.698881 0.152088 0.855951 0.494183 -0.152088 0.954689 0.255809 -0.152088 0.988367 0 -0.152088 0.954689 -0.255808 -0.152088 0.954689 -0.255808 0.152088 0.855951 -0.494184 0.152088 0.855951 0.494183 0.152088 0.954689 0.255809 0.152088 0.988367 0 0.152088 -0.264292 -0.47125 0.841471 -0.286197 -0.415144 0.863566 -0.267956 -0.479739 0.835494 -0.303963 -0.394363 0.867228 -0.318633 -0.391784 0.863121 0 -0.533937 0.845524 0 -0.533937 0.845524 0.264292 -0.47125 0.841471 0.267956 -0.479739 0.835494 0.286197 -0.415144 0.863566 0.303963 -0.394363 0.867228 -0.407098 -0.453216 0.793011 -0.352945 -0.430939 0.830495 -0.47972 -0.477429 0.73616 0.300967 0.079594 0.950307 0.318633 -0.391783 0.863121 0.413773 -0.472275 0.778298 0.355493 -0.439682 0.824806 0.501706 -0.518102 0.69272 0.501707 -0.518102 0.692719 0.501707 -0.518103 0.692719 0.366172 0.133481 0.920924 0.436432 0.754335 0.490414 0.43151 0.792169 0.431587 0.436876 0.74957 0.497276 0.43151 0.792169 0.431587 0 0.787005 0.616946 0 0.787005 0.616946 -0.26268 0.894723 0.361206 -0.26268 0.894723 0.361206 -0.26268 0.894723 0.361206 -0.26268 0.894723 0.361206 0.777711 0.575636 0.252605 0.777711 0.575636 0.252605 0.777711 0.575636 0.252605 0.777711 0.575636 0.252605 0.777711 0.575636 0.252605 -0.436432 0.754335 0.490414 -0.43151 0.792169 0.431587 -0.43151 0.792169 0.431587 -0.436876 0.74957 0.497276 0.26268 0.894723 0.361206 0.26268 0.894723 0.361206 0.26268 0.894723 0.361206 0.26268 0.894723 0.361206 -0.777711 0.575636 0.252605 -0.777711 0.575636 0.252605 -0.777711 0.575636 0.252605 -0.777711 0.575636 0.252605 0.024508 -0.872153 0.488619 0.608762 -0.793353 0 0.608762 -0.793353 0 0.608762 -0.793353 0 0.608762 -0.793353 0 -0.69678 -0.716509 -0.033357 -0.728563 -0.684979 0 -0.699764 -0.713731 -0.030325 -0.670739 -0.739339 -0.059057 -0.670739 -0.739339 -0.059057 0.645241 -0.763882 0.012181 -0.122013 -0.992508 0.006327 0.645241 -0.763882 0.012181 0.141826 -0.989851 0.008917 -0.608762 -0.793353 0.000001 -0.608762 -0.793353 0.000001 -0.560419 -0.828209 0 -0.524529 -0.851393 0 -0.560419 -0.828209 0 -0.526196 -0.850363 0 0 -1 0 0 -1 0 0.489956 -0.871747 0 0.489956 -0.871747 0 -0.645241 -0.763882 0.012181 -0.645241 -0.763882 0.012181 -0.645241 -0.763882 0.012181 -0.645241 -0.763882 0.012181 0.024508 -0.872153 0.488619 0.683669 -0.723503 -0.095604 0.683668 -0.723503 -0.095604 0.683668 -0.723503 -0.095604 0.683668 -0.723503 -0.095604 0.560419 -0.828209 0 0.560419 -0.828209 0 0.560419 -0.828209 0 0.560419 -0.828209 0 0 -0.807886 0.589338 -0.213433 -0.633407 0.743802 -0.224502 -0.767288 0.600723 0 -0.686027 0.727576 -0.318527 -0.551706 0.770818 -0.38581 -0.68279 0.620443 0 -0.909188 0.416385 -0.238621 -0.876198 0.418732 0 -0.988367 0.152088 -0.255808 -0.954689 0.152088 -0.451785 -0.785529 0.422888 -0.494183 -0.855951 0.152088 -0.642147 -0.63622 0.427635 -0.698881 -0.698881 0.152088 -0.542298 -0.526028 0.655139 -0.780569 -0.450585 0.433226 -0.855951 -0.494183 0.152087 -0.870538 -0.23326 0.433305 -0.954689 -0.255808 0.152088 -0.643464 -0.375538 0.667027 -0.725924 -0.189111 0.661265 -0.587526 -0.275115 0.761003 -0.522852 -0.355505 0.774753 -0.55056 -0.279558 0.786594 -0.988367 0 0.152088 -0.901247 0 0.433305 -0.75044 -0.002395 0.660934 -0.954689 0.255808 0.152088 -0.870538 0.23326 0.433305 -0.642001 0.025715 0.766272 -0.571536 -0.04491 0.819347 -0.526825 -0.030634 0.849421 -0.449193 -0.09291 0.888591 -0.451897 -0.064331 0.889748 -0.364758 -0.098996 0.925825 -0.35492 -0.064562 0.932665 -0.257516 -0.080773 0.962892 -0.266694 -0.063633 0.961678 -0.167117 -0.043321 0.984985 -0.199088 -0.028254 0.979574 -0.115652 0.041752 0.992412 -0.100308 0.03614 0.9943 -0.103988 0.137076 0.985087 -0.122096 0.132674 0.983611 -0.148597 0.230393 0.961685 -0.162786 0.218736 0.96211 -0.192143 0.303124 0.933379 -0.211148 0.282815 0.935645 -0.289873 0.350296 0.890655 -0.277167 0.349114 0.895153 -0.36035 0.374831 0.854195 -0.379766 0.418148 0.825185 -0.485191 0.406185 0.774341 -0.468224 0.389271 0.793243 -0.562735 0.333294 0.756468 -0.563767 0.328741 0.757691 -0.61104 0.241647 0.753815 -0.621461 0.240251 0.745698 -0.638624 0.140777 0.756533 -0.645373 0.1486 0.749274 -0.620318 0.041936 0.783228 -0.651115 0.375357 0.659664 -0.52953 0.529403 0.66282 -0.637278 0.637278 0.433305 -0.780503 0.450624 0.433305 -0.721404 0.194917 0.664518 -0.855951 0.494183 0.152089 -0.698881 0.698881 0.152089 -0.494183 0.855951 0.152089 -0.450623 0.780503 0.433305 -0.377913 0.648052 0.661219 -0.255808 0.954689 0.152088 -0.23326 0.870538 0.433305 -0.297873 0.498971 0.813818 -0.194776 0.726915 0.658526 0 0.988367 0.152088 0 0.901247 0.433305 -0.245297 0.382529 0.890787 -0.153375 0.565241 0.810542 0 0.752558 0.658526 0.255808 0.954689 0.152088 0.23326 0.870538 0.433305 -0.12735 0.441816 0.888021 0 0.587889 0.808942 0.194777 0.726915 0.658526 0.494184 0.855951 0.152088 0.450624 0.780503 0.433305 0.152506 0.567107 0.809402 0.377545 0.648885 0.660612 0.698881 0.698881 0.152088 0.637278 0.637278 0.433305 0.298267 0.500687 0.812619 0.529859 0.529729 0.662297 0.855951 0.494183 0.152088 0.780503 0.450624 0.433305 0.954689 0.255809 0.152088 0.870538 0.233261 0.433305 0.988367 0 0.152088 0.901247 0 0.433305 0.954689 -0.255808 0.152088 0.870538 -0.23326 0.433305 0.855951 -0.494184 0.152088 0.780569 -0.450585 0.433227 0.698881 -0.698881 0.152088 0.642147 -0.63622 0.427635 0.494183 -0.855951 0.152088 0.451785 -0.785529 0.422888 0.255808 -0.954689 0.152088 0.238621 -0.876198 0.418732 0.224502 -0.767288 0.600723 0.213433 -0.633407 0.743802 0.318527 -0.551706 0.770818 0.38581 -0.68279 0.620443 0.542298 -0.526028 0.655139 0.643464 -0.375538 0.667027 0.726542 -0.193805 0.659224 0 -0.586131 0.810216 -0.210445 -0.534666 0.818441 -0.268579 -0.475305 0.837825 -0.436377 -0.466745 0.769236 0.587525 -0.275115 0.761003 0.436377 -0.466745 0.769236 0.522852 -0.355505 0.774753 0.750451 0.000011 0.660926 0.719759 0.195041 0.666263 0.65127 0.375529 0.659412 0.489626 0.413107 0.76786 0.568928 0.337832 0.749793 0.463576 0.371769 0.804292 0.359388 0.358876 0.861422 0.382867 0.422966 0.821288 0.565306 0.320537 0.760056 0.617246 0.243637 0.748097 0.625687 0.241397 0.741784 0.646529 0.137942 0.750315 0.640809 0.156951 0.751485 0.644812 0.04412 0.763067 0.601673 0.053373 0.796957 0.282608 0.346304 0.894542 0.305201 0.343177 0.888303 0.206917 0.278684 0.937828 0.20383 0.307825 0.929353 0.172272 0.215595 0.961167 0.150082 0.229136 0.961755 0.1408 0.137283 0.980474 0.103607 0.136363 0.985226 0.137848 0.050119 0.989185 0.097464 0.03184 0.99473 0.576078 -0.045328 0.816137 0.513393 -0.01956 0.85793 0.213578 -0.019043 0.97674 0.163964 -0.045576 0.985413 0.257473 -0.079362 0.963021 0.271482 -0.053342 0.960964 0.356771 -0.067843 0.931725 0.364997 -0.098852 0.925746 0.450536 -0.067636 0.890192 0.448716 -0.093463 0.888773 0.287581 -0.025725 0.957411 0.436561 -0.12241 0.891308 0.196433 0.107565 0.974599 0.280624 -0.036945 0.959107 0.225338 0.044329 0.973272 0.459769 -0.043374 0.886979 0.551967 -0.153073 0.819696 0.332338 -0.202855 0.921087 0.442179 -0.232785 0.866192 0.229023 -0.135723 0.963913 0.147881 -0.089623 0.984936 0.207003 -0.179498 0.961733 0.120604 -0.106675 0.986952 0.15896 -0.186165 0.969574 0.080557 -0.117044 0.989854 -0.000034 -0.005888 0.999983 0.040566 -0.124598 0.991378 0 -0.123352 0.992363 -0.040566 -0.124598 0.991378 -0.080091 -0.117077 0.989888 -0.120213 -0.106396 0.98703 -0.14716 -0.088925 0.985107 -0.228971 -0.136676 0.96379 -0.06135 0.164669 0.984439 0 0.167641 0.985848 -0.086478 0.255349 0.962974 0.06325 0.164799 0.984297 0 0.271548 0.962425 0.087325 0.254667 0.963078 0.103282 0.351038 0.930648 0 0.367178 0.930151 0.123638 0.445802 0.886552 0 0.46445 0.8856 -0.107701 0.350676 0.930283 0.252736 0.386132 0.887145 0.210445 -0.534666 0.818441 0.268579 -0.475305 0.837825 0.375401 0.288055 0.880964 0.488496 0.29905 0.81972 0.59425 0.238783 0.768017 0.611214 0.228827 0.757665 0.559388 0.124635 0.819482 0.325833 0.326733 0.887175 0.195059 0.392409 0.89887 0.174441 0.223112 0.959058 0.202551 0.203084 0.957982 0.477828 0.057533 0.876568 -0.55185 -0.14549 0.821154 -0.439719 -0.22937 0.868353 -0.505082 -0.270459 0.8196 -0.333004 -0.202536 0.920917 -0.205869 -0.178395 0.962182 -0.281494 -0.241176 0.92876 -0.159078 -0.186392 0.969511 -0.205032 -0.226755 0.952126 -0.101115 -0.177015 0.979 -0.137935 -0.201185 0.969793 0 -0.181418 0.983406 0 -0.161031 0.986949 0.137935 -0.201186 0.969793 0.101115 -0.177015 0.979 0.204927 -0.227132 0.952059 0.281589 -0.241387 0.928677 0.405432 -0.266539 0.874404 0.510589 -0.27965 0.813077 0.549647 -0.284302 0.785532 -0.399894 -0.26552 0.877259 -0.980784 0.19509 0.001561 -0.995468 0.095089 0.001553 -0.995468 0.095089 0.001553 -0.980784 0.19509 0.001561 -0.956081 0.293099 0.001553 -0.956081 0.293099 0.001553 -0.980784 -0.19509 0.00156 -0.956081 -0.293098 0.001552 -0.956081 -0.293098 0.001552 -0.980784 -0.19509 0.00156 -0.995468 -0.095088 0.001553 -0.995468 -0.095088 0.001553 -0.831469 -0.55557 0.001561 -0.77114 -0.636664 0.001554 -0.77114 -0.636664 0.001554 -0.831469 -0.55557 0.001561 -0.883303 -0.468799 0.001553 -0.883303 -0.468799 0.001553 0.55557 -0.831469 0.001561 0.636665 -0.771139 0.001553 0.636665 -0.771139 0.001553 0.55557 -0.831469 0.001561 0.468799 -0.883304 0.001553 0.468799 -0.883304 0.001553 -0.19509 -0.980784 0.001561 -0.095088 -0.995468 0.001553 -0.095088 -0.995468 0.001553 -0.19509 -0.980784 0.001561 -0.293098 -0.956081 0.001554 -0.293098 -0.956081 0.001554 -0.77114 0.636664 0.001552 -0.831469 0.55557 0.00156 -0.831469 0.555569 0.00156 -0.77114 0.636664 0.001552 -0.883303 0.4688 0.001552 -0.883303 0.4688 0.001552 0.956081 -0.293097 0.001553 0.980784 -0.19509 0.001561 0.980784 -0.19509 0.001561 0.956081 -0.293097 0.001553 0.995468 -0.095089 0.001553 0.995468 -0.095089 0.001553 -0.555569 -0.831469 0.001562 -0.468799 -0.883304 0.001554 -0.468799 -0.883304 0.001554 -0.555569 -0.831469 0.001562 -0.636664 -0.77114 0.001554 -0.636664 -0.77114 0.001554 0.883303 0.468799 0.001554 0.804086 0.594511 0.00156 0.804078 0.594522 0.00156 0.883303 0.468799 0.001554 0.707106 0.707106 0.001531 0.707106 0.707106 0.001531 0.594511 0.804086 0.001559 0.594522 0.804078 0.001559 0.468799 0.883304 0.001553 0.468799 0.883304 0.001553 0.995468 0.095087 0.001553 0.980784 0.195089 0.001561 0.980784 0.19509 0.001561 0.995468 0.095087 0.001553 0.956081 0.293098 0.001553 0.956081 0.293098 0.001553 -0.468799 0.883304 0.001553 -0.55557 0.831469 0.001561 -0.55557 0.831469 0.001561 -0.468799 0.883304 0.001553 -0.636664 0.771139 0.001553 -0.636664 0.771139 0.001553 0.293098 0.956081 0.001553 0.19509 0.980784 0.001561 0.293098 0.956081 0.001553 0.19509 0.980784 0.001561 0.095089 0.995468 0.001553 0.095089 0.995468 0.001553 0.19509 -0.980784 0.001561 0.293099 -0.956081 0.001553 0.293099 -0.956081 0.001553 0.19509 -0.980784 0.001561 -0.095088 0.995468 0.001553 -0.19509 0.980784 0.001561 -0.095088 0.995468 0.001553 -0.19509 0.980784 0.001561 0.023632 0.009789 -0.999673 0.020938 0.01399 -0.999683 0.024699 0.004912 -0.999683 0.023559 0.004686 -0.999711 0.025579 0 -0.999673 0.024699 -0.004912 -0.999683 0.023559 -0.004686 -0.999711 0.023632 -0.009788 -0.999673 0.020938 -0.01399 -0.999683 0.019972 -0.013345 -0.999711 0.018087 -0.018087 -0.999673 0.01399 -0.020938 -0.999683 0.013345 -0.019972 -0.999711 0.009788 -0.023632 -0.999673 0.004912 -0.024698 -0.999683 0.004686 -0.023559 -0.999711 0.019972 0.013345 -0.999711 0.018087 0.018087 -0.999673 0.013169 0.023789 -0.99963 0.013345 0.019972 -0.999711 0.009107 0.033713 -0.99939 0.005727 0.040733 -0.999154 0.008068 0.040237 -0.999158 0 0.043527 -0.999052 -0.005727 0.040733 -0.999154 -0.008068 0.040237 -0.999158 0.980643 0.195798 0.001223 0.831916 0.5549 0.001232 0.830217 0.557439 0.001213 0.980643 0.195798 0.001223 0.980785 -0.19509 0 0.980785 -0.19509 0 0.554049 0.832484 0 0.553783 0.832661 0 0.378417 0.925635 0 0.378417 0.925635 0 0.83147 -0.55557 0 0.83147 -0.55557 0 0.55557 -0.831469 0 0.55557 -0.831469 0 0.19509 -0.980785 0 0.19509 -0.980785 0 0.406609 0.169069 0.897822 0.362781 0.243504 0.899497 0.34917 0.232769 0.907689 0.310629 0.310481 0.898394 0.241715 0.363985 0.899494 0.232502 0.347964 0.90822 0.167556 0.41035 0.896403 0.084192 0.433582 0.897172 0.083473 0.416618 0.905241 0 0.444301 0.895877 -0.084192 0.433582 0.897172 -0.083473 0.416618 0.905241 0.427832 0.085432 0.899812 0.410451 0.081643 0.908221 0.439144 0 0.898417 0.427626 -0.08506 0.899945 0.41045 -0.081643 0.908221 0.405716 -0.168053 0.898417 0.362524 -0.242231 0.899945 0.347963 -0.232501 0.908221 0.310522 -0.310522 0.898417 0.242231 -0.362524 0.899945 0.232501 -0.347963 0.908221 0.168053 -0.405716 0.898417 0.08506 -0.427626 0.899945 0.081643 -0.41045 0.908221 -0.553783 0.832661 0 -0.83147 0.55557 0 -0.83147 0.55557 0 -0.554049 0.832484 0 -0.980785 0.19509 0 -0.980785 0.19509 0 -0.378416 0.925636 0 -0.378416 0.925636 0 -0.980785 -0.19509 0 -0.980785 -0.19509 0 -0.83147 -0.55557 0 -0.83147 -0.55557 0 -0.55557 -0.83147 0 -0.55557 -0.83147 0 -0.19509 -0.980785 0 -0.19509 -0.980785 0 0 -0.439144 0.898417 -0.08506 -0.427627 0.899945 -0.081643 -0.41045 0.908221 -0.168053 -0.405717 0.898416 -0.243961 -0.350852 0.904094 -0.250651 -0.335715 0.908003 -0.300676 -0.300676 0.90509 -0.350852 -0.243962 0.904094 -0.335715 -0.250651 0.908003 -0.405717 -0.168053 0.898416 -0.427627 -0.08506 0.899944 -0.410451 -0.081643 0.90822 -0.439145 0 0.898416 -0.427626 0.08506 0.899945 -0.41045 0.081643 0.908221 -0.405717 0.168053 0.898416 -0.362525 0.242231 0.899944 -0.347963 0.232501 0.908221 -0.310522 0.310522 0.898416 -0.241715 0.363984 0.899494 -0.232502 0.347963 0.908221 -0.167556 0.41035 0.896403 0 -0.025579 -0.999673 -0.004912 -0.024698 -0.999683 -0.004686 -0.023559 -0.999711 -0.009788 -0.023632 -0.999673 -0.014067 -0.020188 -0.999697 -0.014401 -0.019266 -0.999711 -0.017317 -0.017317 -0.9997 -0.020188 -0.014067 -0.999697 -0.019266 -0.014401 -0.999711 -0.023632 -0.009788 -0.999673 -0.024699 -0.004912 -0.999683 -0.023559 -0.004686 -0.999711 -0.025579 0 -0.999673 -0.024699 0.004912 -0.999683 -0.023559 0.004686 -0.999711 -0.023632 0.009788 -0.999673 -0.020938 0.01399 -0.999683 -0.019972 0.013345 -0.999711 -0.018087 0.018087 -0.999673 -0.013169 0.023789 -0.99963 -0.013345 0.019972 -0.999711 -0.009107 0.033713 -0.99939 0 1 0 0 1 0 0 1 0 0 1 0 0 0.077719 -0.996975 0 0.077719 -0.996975 0 0.077719 -0.996975 0 0.077719 -0.996975 0 0.131117 0.991367 0 0.131117 0.991367 0 0.131117 0.991367 0 0.131117 0.991367 -0.985191 0.171463 0 -0.985191 0.171463 0 -0.985191 0.171463 0 -0.985191 0.171463 0 0.98519 0.171464 0 0.98519 0.171464 0 0.98519 0.171464 0 0.98519 0.171464 0 0 1 0 0 1 0 0 1 0 0 1 0 0.043126 0.043126 -0.998138 0.043126 0.043126 -0.998138 0.043126 0.043126 -0.998138 0.043126 0.043126 -0.998138 0.08463 0.084629 0.992812 0.08463 0.084629 0.992812 0.08463 0.084629 0.992812 0.08463 0.084629 0.992812 -0.596375 0.802706 0 -0.596375 0.802706 0 -0.596375 0.802706 0 -0.596375 0.802706 0 0.802706 -0.596375 0 0.802706 -0.596375 0 0.802706 -0.596375 0 0.802706 -0.596375 0 0.707108 0.707106 0 0.707108 0.707106 0 0.707108 0.707106 0 0.707108 0.707106 0 0.06099 0 -0.998138 0.06099 0 -0.998138 0.06099 0 -0.998138 0.06099 0 -0.998138 0.119685 0 0.992812 0.119685 0 0.992812 0.119685 0 0.992812 0.119685 0 0.992812 0.145898 0.9893 0 0.145898 0.9893 0 0.145898 0.9893 0 0.145898 0.9893 0 0.145898 -0.9893 0 0.145898 -0.9893 0 0.145898 -0.9893 0 0.145898 -0.9893 0 1 0 0 1 0 0 1 0 0 1 0 0 0.043126 -0.043126 -0.998138 0.043126 -0.043126 -0.998138 0.043126 -0.043126 -0.998138 0.043126 -0.043126 -0.998138 0.08463 -0.08463 0.992812 0.08463 -0.08463 0.992812 0.08463 -0.08463 0.992812 0.08463 -0.08463 0.992812 0.802706 0.596375 0 0.802706 0.596375 0 0.802706 0.596375 0 0.802706 0.596375 0 -0.596375 -0.802706 0 -0.596375 -0.802706 0 -0.596375 -0.802706 0 -0.596375 -0.802706 0 0.707106 -0.707107 0 0.707106 -0.707107 0 0.707106 -0.707107 0 0.707106 -0.707107 0 0 -0.06099 -0.998138 0 -0.06099 -0.998138 0 -0.06099 -0.998138 0 -0.06099 -0.998138 0 -0.119685 0.992812 0 -0.119685 0.992812 0 -0.119685 0.992812 0 -0.119685 0.992812 0.9893 -0.145898 0 0.9893 -0.145898 0 0.9893 -0.145898 0 0.9893 -0.145898 0 -0.9893 -0.145898 0 -0.9893 -0.145898 0 -0.9893 -0.145898 0 -0.9893 -0.145898 0 0 -1 0 0 -1 0 0 -1 0 0 -1 0 -0.043126 -0.043126 -0.998138 -0.043126 -0.043126 -0.998138 -0.043126 -0.043126 -0.998138 -0.043126 -0.043126 -0.998138 -0.08463 -0.08463 0.992812 -0.08463 -0.08463 0.992812 -0.08463 -0.08463 0.992812 -0.08463 -0.08463 0.992812 0.596375 -0.802706 0 0.596375 -0.802706 0 0.596375 -0.802706 0 0.596375 -0.802706 0 -0.802706 0.596375 0 -0.802706 0.596375 0 -0.802706 0.596375 0 -0.802706 0.596375 0 -0.707107 -0.707106 0 -0.707107 -0.707106 0 -0.707107 -0.707106 0 -0.707107 -0.707106 0 -0.06099 0 -0.998138 -0.06099 0 -0.998138 -0.06099 0 -0.998138 -0.06099 0 -0.998138 -0.119685 0 0.992812 -0.119685 0 0.992812 -0.119685 0 0.992812 -0.119685 0 0.992812 -0.145898 -0.9893 0 -0.145898 -0.9893 0 -0.145898 -0.9893 0 -0.145898 -0.9893 0 -0.145898 0.9893 0 -0.145898 0.9893 0 -0.145898 0.9893 0 -0.145898 0.9893 0 -1 0 0 -1 0 0 -1 0 0 -1 0 0 -0.043126 0.043126 -0.998138 -0.043126 0.043126 -0.998138 -0.043126 0.043126 -0.998138 -0.043126 0.043126 -0.998138 -0.08463 0.08463 0.992812 -0.08463 0.08463 0.992812 -0.08463 0.08463 0.992812 -0.08463 0.08463 0.992812 -0.802706 -0.596375 0 -0.802706 -0.596375 0 -0.802706 -0.596375 0 -0.802706 -0.596375 0 0.596375 0.802706 0 0.596375 0.802706 0 0.596375 0.802706 0 0.596375 0.802706 0 -0.707106 0.707107 0 -0.707106 0.707107 0 -0.707106 0.707107 0 -0.707106 0.707107 0 0.095087 -0.995468 0.001553 0.095087 -0.995468 0.001553 -0.293098 0.956081 0.001553 -0.293098 0.956081 0.001553 0.831469 -0.555569 0.001561 0.883304 -0.468799 0.001553 0.883304 -0.468799 0.001553 0.831469 -0.555569 0.001561 0.77114 -0.636664 0.001554 0.77114 -0.636664 0.001554 0 0 -1 0 0 -1 0 0 -1 0 0 -1 0 0 -1 0 0 -1 0 0 -1 0 0 -1 0 0 -1 0 0 -1 0 0 -1 0 0 -1 0 0 -1 0 0 -1 0 0 -1 0 0 -1 0 0 -1 0 0 -1 0.831239 -0.555916 0 0.555225 -0.8317 0 0.831239 -0.555916 0 0.555225 -0.8317 0 0.980704 -0.195498 0 0.980704 -0.195498 0 0.194784 -0.980846 0 0.194784 -0.980846 0 -0.195192 -0.980765 0 -0.195192 -0.980765 0 0.980866 0.194683 0 0.980866 0.194683 0 0.8317 0.555225 0 0.8317 0.555225 0 0.55583 0.831296 0 0.55583 0.831296 0 0.195192 0.980765 0 0.195192 0.980765 0 0 0 1 0 0 1 0 0 1 0 0 1 0 0 1 0 0 1 0 0 1 0 0 1 0 0 1 0 0 1 0 0 1 0 0 1 0 0 1 0 0 1 0 0 1 0 0 1 0 0 1 0 0 1 0.195192 0.980765 0 -0.194785 0.980846 0 0.195192 0.980765 0 -0.194785 0.980846 0 -0.555224 0.831701 0 -0.555224 0.831701 0 -0.831239 0.555916 0 -0.831239 0.555916 0 -0.980704 0.195497 0 -0.980704 0.195497 0 -0.980866 -0.194684 0 -0.980866 -0.194683 0 -0.831701 -0.555224 0 -0.831701 -0.555224 0 -0.55583 -0.831296 0 -0.55583 -0.831296 0 -0.195192 -0.980765 0 -0.195192 -0.980765 0 0 0 -1 0 0 -1 0 0 -1 0 0 -1 0 0 -1 0 0 -1 0 0 -1 0 0 -1 0 0 -1 0 0 -1 0 0 -1 0 0 -1 0 0 -1 0 0 -1 -0.980785 -0.19509 0 -0.83147 -0.55557 0 -0.83147 -0.55557 0 -0.980785 -0.19509 0 -0.980785 0.19509 0 -0.980785 0.19509 0 -0.55557 -0.83147 0 -0.55557 -0.83147 0 -0.831469 0.55557 0 -0.831469 0.55557 0 -0.55557 0.83147 0 -0.55557 0.83147 0 -0.19509 0.980785 0 -0.19509 0.980785 0 0 0 1 0 0 1 0 0 1 0 0 1 0 0 1 0 0 1 0 0 1 0 0 1 0 0 1 0 0 1 0 0 1 0 0 1 0 0 1 0 0 1 0.555571 0.831469 0 0.555571 0.831469 0 0.831469 0.55557 0 0.831469 0.55557 0 0.980785 0.19509 0 0.980785 0.19509 0 0.980785 -0.195091 0 0.980785 -0.195091 0 0.831469 -0.55557 0 0.83147 -0.55557 0 0.555571 -0.831469 0 0.555571 -0.831469 0 0.195091 -0.980785 0 0.195091 -0.980785 0 -0.005867 0.005867 -0.999966 -0.005867 0.005867 -0.999966 -0.005867 0.005867 -0.999966 -0.005867 0.005867 -0.999966 -0.689292 -0.724484 0 -0.689292 -0.724484 0 -0.689292 -0.724484 0 -0.689292 -0.724484 0 0.724485 0.689291 0 0.724485 0.689291 0 0.724485 0.689291 0 0.724485 0.689291 0 -0.707107 0.707107 0 -0.707107 0.707107 0 -0.707107 0.707107 0 -0.707107 0.707107 0 -0.005867 0.005867 0.999966 -0.005867 0.005867 0.999966 -0.005867 0.005867 0.999966 -0.005867 0.005867 0.999966 0 0.013007 -0.999915 0 0.010576 -0.999944 0 0.013007 -0.999915 0 0.010576 -0.999944 0 0.008297 -0.999966 0 0.008297 -0.999966 -0.998737 -0.050247 0 -0.997166 -0.075238 0 -0.998737 -0.050247 0 -0.997166 -0.075238 0 -0.99969 -0.024885 0 -0.99969 -0.024885 0 0.997166 -0.075238 0 0.998737 -0.050248 0 0.998737 -0.050248 0 0.997166 -0.075238 0 0.99969 -0.024885 0 0.99969 -0.024885 0 0 0.013007 0.999915 0 0.010576 0.999944 0 0.013007 0.999915 0 0.010576 0.999944 0 0.008297 0.999966 0 0.008297 0.999966 0 1 0 0 1 0 0 1 0 0 1 0 0.066773 0.066773 -0.995531 0.066773 0.066773 -0.995531 0.066773 0.066773 -0.995531 0.066773 0.066773 -0.995531 -0.677378 0.735636 0 -0.677378 0.735636 0 -0.677378 0.735636 0 -0.677378 0.735636 0 0.749462 -0.662047 0 0.749462 -0.662047 0 0.749462 -0.662047 0 0.749462 -0.662047 0 0.707107 0.707107 0 0.707107 0.707107 0 0.707107 0.707107 0 0.707107 0.707107 0 0.066773 0.066773 0.995531 0.066773 0.066773 0.995531 0.066773 0.066773 0.995531 0.066773 0.066773 0.995531 0.013007 0 -0.999915 0.057076 0 -0.99837 0.013007 0 -0.999915 0.057076 0 -0.99837 0.100643 0 -0.994923 0.100643 0 -0.994923 -0.009137 0.999958 0 -0.075238 0.997166 0 -0.009137 0.999958 0 -0.075238 0.997166 0 0.062114 0.998069 0 0.062114 0.998069 0 -0.075238 -0.997166 0 -0.009138 -0.999958 0 -0.009138 -0.999958 0 -0.075238 -0.997166 0 0.062113 -0.998069 0 0.062113 -0.998069 0 0.013007 0 0.999915 0.057076 0 0.99837 0.013007 0 0.999915 0.057077 0 0.99837 0.100643 0 0.994923 0.100643 0 0.994923 1 0 0 1 0 0 1 0 0 1 0 0 0.058889 -0.058889 -0.996526 0.058889 -0.058889 -0.996526 0.058889 -0.058889 -0.996526 0.058889 -0.058889 -0.996526 0.745469 0.66654 0 0.745469 0.66654 0 0.745469 0.66654 0 0.745469 0.66654 0 -0.70707 -0.707144 0 -0.70707 -0.707144 0 -0.70707 -0.707144 0 -0.70707 -0.707144 0 0.707107 -0.707107 0 0.707107 -0.707107 0 0.707107 -0.707107 0 0.707107 -0.707107 0 0.058889 -0.058889 0.996526 0.058889 -0.058889 0.996526 0.058889 -0.058889 0.996526 0.058889 -0.058889 0.996526 0 -0.013007 -0.999915 0 -0.010576 -0.999944 0 -0.013007 -0.999915 0 -0.010576 -0.999944 0 -0.008297 -0.999966 0 -0.008297 -0.999966 0.998737 0.050247 0 0.997166 0.075238 0 0.998737 0.050247 0 0.997166 0.075238 0 0.99969 0.024885 0 0.99969 0.024885 0 -0.997166 0.075238 0 -0.998737 0.050248 0 -0.998737 0.050248 0 -0.997166 0.075238 0 -0.99969 0.024885 0 -0.99969 0.024885 0 0 -0.013008 0.999915 0 -0.010576 0.999944 0 -0.013008 0.999915 0 -0.010576 0.999944 0 -0.008297 0.999966 0 -0.008297 0.999966 0 -1 0 0 -1 0 0 -1 0 0 -1 0 -0.005867 -0.005867 -0.999966 -0.005867 -0.005867 -0.999966 -0.005867 -0.005867 -0.999966 -0.005867 -0.005867 -0.999966 0.724484 -0.689292 0 0.724484 -0.689292 0 0.724484 -0.689292 0 0.724484 -0.689292 0 -0.689291 0.724485 0 -0.689291 0.724485 0 -0.689291 0.724485 0 -0.689291 0.724485 0 -0.707107 -0.707107 0 -0.707107 -0.707107 0 -0.707107 -0.707107 0 -0.707107 -0.707107 0 -0.005867 -0.005867 0.999966 -0.005867 -0.005867 0.999966 -0.005867 -0.005867 0.999966 -0.005867 -0.005867 0.999966 -0.013007 0 -0.999915 -0.010576 0 -0.999944 -0.013007 0 -0.999915 -0.010576 0 -0.999944 -0.008297 0 -0.999966 -0.008297 0 -0.999966 0.050247 -0.998737 0 0.075238 -0.997166 0 0.050247 -0.998737 0 0.075238 -0.997166 0 0.024885 -0.99969 0 0.024885 -0.99969 0 0.075238 0.997166 0 0.050248 0.998737 0 0.050248 0.998737 0 0.075238 0.997166 0 0.024885 0.99969 0 0.024885 0.99969 0 -0.013007 0 0.999915 -0.010576 0 0.999944 -0.013007 0 0.999915 -0.010576 0 0.999944 -0.008297 0 0.999966 -0.008297 0 0.999966 -1 0 0 -1 0 0 -1 0 0 -1 0 0 -0.707107 0.707106 0 -0.707107 0.707106 0 -0.707107 0.707106 0 -0.707107 0.707106 0 -0.258819 0.965926 0 -0.258819 0.965926 0 -0.258819 0.965926 0 -0.258819 0.965926 0 0.258819 0.965926 0 0.258819 0.965926 0 0.258819 0.965926 0 0.258819 0.965926 0 0.707107 0.707106 0 0.707107 0.707106 0 0.707107 0.707106 0 0.707107 0.707106 0 0.965926 0.25882 0 0.965926 0.25882 0 0.965926 0.25882 0 0.965926 0.25882 0 0.965926 -0.25882 0 0.965926 -0.25882 0 0.965926 -0.25882 0 0.965926 -0.25882 0 0.707107 -0.707106 0 0.707107 -0.707106 0 0.707107 -0.707106 0 0.707107 -0.707106 0 0.258819 -0.965926 0 0.258819 -0.965926 0 0.258819 -0.965926 0 0.258819 -0.965926 0 -0.258819 -0.965926 0 -0.258819 -0.965926 0 -0.258819 -0.965926 0 -0.258819 -0.965926 0 -0.707107 -0.707106 0 -0.707107 -0.707106 0 -0.707107 -0.707106 0 -0.707107 -0.707106 0 -0.965926 -0.25882 0 -0.965926 -0.25882 0 -0.965926 -0.25882 0 -0.965926 -0.25882 0 -0.965926 0.25882 0 -0.965926 0.25882 0 -0.965926 0.25882 0 -0.965926 0.25882 0 0 0 -1 0 0 -1 0 0 -1 0 0 -1 0 0 -1 0 0 -1 0 0 -1 0 0 -1 0 0 -1 0 0 -1 0 0 -1 0 0 -1 0 0 1 0 0 1 0 0 1 0 0 1 0 0 1 0 0 1 0 0 1 0 0 1 0 0 1 0 0 1 0 0 1 0 0 1 0 0 -1 0 0 -1 0 0 -1 0 0 -1 0 0 -1 0 0 -1 0 0 -1 0 0 -1 0 0 -1 0 0 -1 0 0 -1 0 0 -1 0 0 -1 0 0 -1 0 0 -1 0 0 -1 0 0 -1 0 0 -1 -0.831239 -0.555916 0 -0.555225 -0.8317 0 -0.555225 -0.8317 0 -0.831239 -0.555916 0 -0.980704 -0.195498 0 -0.980704 -0.195498 0 -0.194784 -0.980846 0 -0.194784 -0.980846 0 0.195192 -0.980765 0 0.195192 -0.980765 0 -0.980866 0.194683 0 -0.980866 0.194683 0 -0.8317 0.555225 0 -0.8317 0.555225 0 -0.55583 0.831296 0 -0.55583 0.831296 0 -0.195192 0.980765 0 -0.195192 0.980765 0 0 0 1 0 0 1 0 0 1 0 0 1 0 0 1 0 0 1 0 0 1 0 0 1 0 0 1 0 0 1 0 0 1 0 0 1 0 0 1 0 0 1 0 0 1 0 0 1 0 0 1 0 0 1 -0.195192 0.980765 0 0.194785 0.980846 0 0.194785 0.980846 0 -0.195192 0.980765 0 0.555224 0.831701 0 0.555224 0.831701 0 0.831239 0.555916 0 0.831239 0.555916 0 0.980704 0.195497 0 0.980704 0.195497 0 0.980866 -0.194684 0 0.980866 -0.194683 0 0.831701 -0.555224 0 0.831701 -0.555224 0 0.55583 -0.831296 0 0.55583 -0.831296 0 0.195192 -0.980765 0 0.195192 -0.980765 0 0 0 -1 0 0 -1 0 0 -1 0 0 -1 0 0 -1 0 0 -1 0 0 -1 0 0 -1 0 0 -1 0 0 -1 0 0 -1 0 0 -1 0 0 -1 0 0 -1 0.980785 -0.19509 0 0.83147 -0.55557 0 0.980785 -0.19509 0 0.83147 -0.55557 0 0.980785 0.19509 0 0.980785 0.19509 0 0.55557 -0.83147 0 0.55557 -0.83147 0 0.83147 0.55557 0 0.831469 0.55557 0 0.55557 0.83147 0 0.55557 0.83147 0 0.19509 0.980785 0 0.19509 0.980785 0 0 0 1 0 0 1 0 0 1 0 0 1 0 0 1 0 0 1 0 0 1 0 0 1 0 0 1 0 0 1 0 0 1 0 0 1 0 0 1 0 0 1 -0.555571 0.831469 0 -0.555571 0.831469 0 -0.831469 0.55557 0 -0.831469 0.55557 0 -0.980785 0.19509 0 -0.980785 0.19509 0 -0.980785 -0.195091 0 -0.980785 -0.195091 0 -0.831469 -0.55557 0 -0.83147 -0.55557 0 -0.555571 -0.831469 0 -0.555571 -0.831469 0 -0.195091 -0.980785 0 -0.195091 -0.980785 0 0.005867 0.005867 -0.999966 0.005867 0.005867 -0.999966 0.005867 0.005867 -0.999966 0.005867 0.005867 -0.999966 0.689292 -0.724484 0 0.689292 -0.724484 0 0.689292 -0.724484 0 0.689292 -0.724484 0 -0.724485 0.689291 0 -0.724485 0.689291 0 -0.724485 0.689291 0 -0.724485 0.689291 0 0.707107 0.707107 0 0.707107 0.707107 0 0.707107 0.707107 0 0.707107 0.707107 0 0.005867 0.005867 0.999966 0.005867 0.005867 0.999966 0.005867 0.005867 0.999966 0.005867 0.005867 0.999966 0 0.013007 -0.999915 0 0.010576 -0.999944 0 0.010576 -0.999944 0 0.013007 -0.999915 0 0.008297 -0.999966 0 0.008297 -0.999966 0.998737 -0.050247 0 0.997166 -0.075238 0 0.997166 -0.075238 0 0.998737 -0.050247 0 0.99969 -0.024885 0 0.99969 -0.024885 0 -0.997166 -0.075238 0 -0.998737 -0.050248 0 -0.997166 -0.075238 0 -0.998737 -0.050248 0 -0.99969 -0.024885 0 -0.99969 -0.024885 0 0 0.013007 0.999915 0 0.010576 0.999944 0 0.010576 0.999944 0 0.013007 0.999915 0 0.008297 0.999966 0 0.008297 0.999966 0 1 0 0 1 0 0 1 0 0 1 0 -0.066773 0.066773 -0.995531 -0.066773 0.066773 -0.995531 -0.066773 0.066773 -0.995531 -0.066773 0.066773 -0.995531 0.677378 0.735636 0 0.677378 0.735636 0 0.677378 0.735636 0 0.677378 0.735636 0 -0.749462 -0.662047 0 -0.749462 -0.662047 0 -0.749462 -0.662047 0 -0.749462 -0.662047 0 -0.707107 0.707107 0 -0.707107 0.707107 0 -0.707107 0.707107 0 -0.707107 0.707107 0 -0.066773 0.066773 0.995531 -0.066773 0.066773 0.995531 -0.066773 0.066773 0.995531 -0.066773 0.066773 0.995531 -0.013007 0 -0.999915 -0.057076 0 -0.99837 -0.057076 0 -0.99837 -0.013007 0 -0.999915 -0.100643 0 -0.994923 -0.100643 0 -0.994923 0.009137 0.999958 0 0.075238 0.997166 0 0.075238 0.997166 0 0.009137 0.999958 0 -0.062114 0.998069 0 -0.062114 0.998069 0 0.075238 -0.997166 0 0.009138 -0.999958 0 0.075238 -0.997166 0 0.009138 -0.999958 0 -0.062113 -0.998069 0 -0.062113 -0.998069 0 -0.013007 0 0.999915 -0.057076 0 0.99837 -0.057077 0 0.99837 -0.013007 0 0.999915 -0.100643 0 0.994923 -0.100643 0 0.994923 -1 0 0 -1 0 0 -1 0 0 -1 0 0 -0.058889 -0.058889 -0.996526 -0.058889 -0.058889 -0.996526 -0.058889 -0.058889 -0.996526 -0.058889 -0.058889 -0.996526 -0.745469 0.66654 0 -0.745469 0.66654 0 -0.745469 0.66654 0 -0.745469 0.66654 0 0.70707 -0.707144 0 0.70707 -0.707144 0 0.70707 -0.707144 0 0.70707 -0.707144 0 -0.707107 -0.707107 0 -0.707107 -0.707107 0 -0.707107 -0.707107 0 -0.707107 -0.707107 0 -0.058889 -0.058889 0.996526 -0.058889 -0.058889 0.996526 -0.058889 -0.058889 0.996526 -0.058889 -0.058889 0.996526 0 -0.013007 -0.999915 0 -0.010576 -0.999944 0 -0.010576 -0.999944 0 -0.013007 -0.999915 0 -0.008297 -0.999966 0 -0.008297 -0.999966 -0.998737 0.050247 0 -0.997166 0.075238 0 -0.997166 0.075238 0 -0.998737 0.050247 0 -0.99969 0.024885 0 -0.99969 0.024885 0 0.997166 0.075238 0 0.998737 0.050248 0 0.997166 0.075238 0 0.998737 0.050248 0 0.99969 0.024885 0 0.99969 0.024885 0 0 -0.013008 0.999915 0 -0.010576 0.999944 0 -0.010576 0.999944 0 -0.013008 0.999915 0 -0.008297 0.999966 0 -0.008297 0.999966 0 -1 0 0 -1 0 0 -1 0 0 -1 0 0.005867 -0.005867 -0.999966 0.005867 -0.005867 -0.999966 0.005867 -0.005867 -0.999966 0.005867 -0.005867 -0.999966 -0.724484 -0.689292 0 -0.724484 -0.689292 0 -0.724484 -0.689292 0 -0.724484 -0.689292 0 0.689291 0.724485 0 0.689291 0.724485 0 0.689291 0.724485 0 0.689291 0.724485 0 0.707107 -0.707107 0 0.707107 -0.707107 0 0.707107 -0.707107 0 0.707107 -0.707107 0 0.005867 -0.005867 0.999966 0.005867 -0.005867 0.999966 0.005867 -0.005867 0.999966 0.005867 -0.005867 0.999966 0.013007 0 -0.999915 0.010576 0 -0.999944 0.010576 0 -0.999944 0.013007 0 -0.999915 0.008297 0 -0.999966 0.008297 0 -0.999966 -0.050247 -0.998737 0 -0.075238 -0.997166 0 -0.075238 -0.997166 0 -0.050247 -0.998737 0 -0.024885 -0.99969 0 -0.024885 -0.99969 0 -0.075238 0.997166 0 -0.050248 0.998737 0 -0.075238 0.997166 0 -0.050248 0.998737 0 -0.024885 0.99969 0 -0.024885 0.99969 0 0.013007 0 0.999915 0.010576 0 0.999944 0.010576 0 0.999944 0.013007 0 0.999915 0.008297 0 0.999966 0.008297 0 0.999966 1 0 0 1 0 0 1 0 0 1 0 0 0.707107 0.707106 0 0.707107 0.707106 0 0.707107 0.707106 0 0.707107 0.707106 0 0.258819 0.965926 0 0.258819 0.965926 0 0.258819 0.965926 0 0.258819 0.965926 0 -0.258819 0.965926 0 -0.258819 0.965926 0 -0.258819 0.965926 0 -0.258819 0.965926 0 -0.707107 0.707106 0 -0.707107 0.707106 0 -0.707107 0.707106 0 -0.707107 0.707106 0 -0.965926 0.25882 0 -0.965926 0.25882 0 -0.965926 0.25882 0 -0.965926 0.25882 0 -0.965926 -0.25882 0 -0.965926 -0.25882 0 -0.965926 -0.25882 0 -0.965926 -0.25882 0 -0.707107 -0.707106 0 -0.707107 -0.707106 0 -0.707107 -0.707106 0 -0.707107 -0.707106 0 -0.258819 -0.965926 0 -0.258819 -0.965926 0 -0.258819 -0.965926 0 -0.258819 -0.965926 0 0.258819 -0.965926 0 0.258819 -0.965926 0 0.258819 -0.965926 0 0.258819 -0.965926 0 0.707107 -0.707106 0 0.707107 -0.707106 0 0.707107 -0.707106 0 0.707107 -0.707106 0 0.965926 -0.25882 0 0.965926 -0.25882 0 0.965926 -0.25882 0 0.965926 -0.25882 0 0.965926 0.25882 0 0.965926 0.25882 0 0.965926 0.25882 0 0.965926 0.25882 0 0 0 -1 0 0 -1 0 0 -1 0 0 -1 0 0 -1 0 0 -1 0 0 -1 0 0 -1 0 0 -1 0 0 -1 0 0 -1 0 0 -1 0 0 1 0 0 1 0 0 1 0 0 1 0 0 1 0 0 1 0 0 1 0 0 1 0 0 1 0 0 1 0 0 1 0 0 1</float_array>
          <technique_common>
            <accessor source="#GeometrySource1-array" count="1964" stride="3">
              <param name="X" type="float"/>
              <param name="Y" type="float"/>
              <param name="Z" type="float"/>
            </accessor>
          </technique_common>
        </source>
        <source id="GeometrySource2" name="chr009UV">
          <float_array id="GeometrySource2-array" count="3928">0.790745 0.112232 0.783095 0.150688 0.690258 0.112232 0.783095 0.073778 0.761313 0.183288 0.761313 0.041177 0.728712 0.019394 0.690258 0.011744 0.651802 0.019394 0.619202 0.041177 0.59742 0.073778 0.589771 0.112232 0.728712 0.205071 0.690258 0.212719 0.651802 0.205071 0.619202 0.183288 0.59742 0.150688 0.728715 0.20451 0.690354 0.1119 0.761234 0.182781 0.690354 0.21214 0.651994 0.20451 0.619473 0.182781 0.597744 0.15026 0.590113 0.1119 0.597744 0.073539 0.782964 0.15026 0.790595 0.1119 0.782964 0.073539 0.761234 0.041018 0.728715 0.019289 0.690354 0.011659 0.651994 0.019289 0.619473 0.041018 0.927493 0.110226 0.982634 0.11065 0.926393 0.165758 0.98182 0.166179 0.982634 0.11065 0.98182 0.166179 0.927493 0.110226 0.926393 0.165758 0.927493 0.110226 0.982634 0.11065 0.926393 0.165758 0.98182 0.166179 0.927493 0.110226 0.982634 0.11065 0.926393 0.165758 0.98182 0.166179 0.982634 0.11065 0.98182 0.166179 0.927493 0.110226 0.926393 0.165758 0.927493 0.110226 0.982634 0.11065 0.926393 0.165758 0.98182 0.166179 0.982634 0.11065 0.98182 0.166179 0.927493 0.110226 0.926393 0.165758 0.927493 0.110226 0.982634 0.11065 0.926393 0.165758 0.98182 0.166179 0.982634 0.11065 0.98182 0.166179 0.927493 0.110226 0.926393 0.165758 0.927493 0.110226 0.982634 0.11065 0.926393 0.165758 0.98182 0.166179 0.982634 0.11065 0.98182 0.166179 0.927493 0.110226 0.926393 0.165758 0.927493 0.110226 0.982634 0.11065 0.926393 0.165758 0.98182 0.166179 0.927493 0.110226 0.982634 0.11065 0.926393 0.165758 0.98182 0.166179 0.982634 0.11065 0.98182 0.166179 0.927493 0.110226 0.926393 0.165758 0.927493 0.110226 0.982634 0.11065 0.926393 0.165758 0.98182 0.166179 0.982634 0.11065 0.98182 0.166179 0.927493 0.110226 0.926393 0.165758 0.954114 0.154451 0.93135 0.120232 0.976855 0.120232 0.976855 0.154451 0.93135 0.154451 0.954114 0.154451 0.93135 0.154451 0.93135 0.120232 0.976855 0.120232 0.976855 0.154451 0.954114 0.154451 0.93135 0.154451 0.93135 0.120232 0.976855 0.120232 0.976855 0.154451 0.954114 0.154451 0.976855 0.120232 0.976855 0.154451 0.93135 0.120232 0.93135 0.154451 0.954114 0.154451 0.976855 0.120232 0.976855 0.154451 0.93135 0.120232 0.93135 0.154451 0.954114 0.154451 0.93135 0.154451 0.93135 0.120232 0.976855 0.120232 0.976855 0.154451 0.954114 0.154451 0.976855 0.120232 0.976855 0.154451 0.93135 0.120232 0.93135 0.154451 0.954114 0.154451 0.93135 0.154451 0.93135 0.120232 0.976855 0.120232 0.976855 0.154451 0.954114 0.154451 0.976855 0.120232 0.976855 0.154451 0.93135 0.120232 0.93135 0.154451 0.954114 0.154451 0.93135 0.154451 0.93135 0.120232 0.976855 0.120232 0.976855 0.154451 0.954114 0.154451 0.976855 0.120232 0.976855 0.154451 0.93135 0.120232 0.93135 0.154451 0.954114 0.154451 0.976855 0.120232 0.976855 0.154451 0.93135 0.120232 0.93135 0.154451 0.954114 0.154451 0.93135 0.154451 0.93135 0.120232 0.976855 0.120232 0.976855 0.154451 0.954114 0.154451 0.976855 0.120232 0.976855 0.154451 0.93135 0.120232 0.93135 0.154451 0.954114 0.154451 0.93135 0.154451 0.93135 0.120232 0.976855 0.120232 0.976855 0.154451 0.954114 0.154451 0.93135 0.154451 0.93135 0.120232 0.976855 0.120232 0.976855 0.154451 0.949501 0.254759 0.971347 0.298598 0.971347 0.254759 0.949501 0.298598 0.927651 0.254759 0.927651 0.298598 0.949501 0.254759 0.971347 0.298598 0.971347 0.254759 0.949501 0.298598 0.927651 0.298598 0.927651 0.254759 0.949501 0.254759 0.971347 0.298598 0.971347 0.254759 0.949501 0.298598 0.949501 0.254759 0.971347 0.298598 0.971347 0.254759 0.949501 0.298598 0.927651 0.298598 0.927651 0.254759 0.927651 0.298598 0.949501 0.254759 0.927651 0.254759 0.949501 0.298598 0.927651 0.298598 0.949501 0.254759 0.927651 0.254759 0.949501 0.298598 0.971347 0.298598 0.971347 0.254759 0.949501 0.254759 0.971347 0.298598 0.971347 0.254759 0.949501 0.298598 0.927651 0.298598 0.927651 0.254759 0.949501 0.298598 0.971347 0.254759 0.949501 0.254759 0.971347 0.298598 0.927651 0.298598 0.927651 0.254759 0.927651 0.298598 0.949501 0.254759 0.927651 0.254759 0.949501 0.298598 0.971347 0.254759 0.971347 0.298598 0.927651 0.254759 0.949501 0.298598 0.949501 0.254759 0.927651 0.298598 0.971347 0.298598 0.971347 0.254759 0.949501 0.254759 0.971347 0.298598 0.971347 0.254759 0.949501 0.298598 0.927651 0.298598 0.927651 0.254759 0.949501 0.254759 0.971347 0.298598 0.971347 0.254759 0.949501 0.298598 0.927651 0.298598 0.927651 0.254759 0.949501 0.298598 0.971347 0.254759 0.949501 0.254759 0.971347 0.298598 0.927651 0.254759 0.949501 0.298598 0.949501 0.254759 0.927651 0.298598 0.927651 0.254759 0.927651 0.298598 0.949501 0.254759 0.971347 0.298598 0.971347 0.254759 0.949501 0.298598 0.927651 0.298598 0.927651 0.254759 0.927651 0.254759 0.927651 0.298598 0.971347 0.254759 0.971347 0.298598 0.927651 0.298598 0.949501 0.254759 0.927651 0.254759 0.949501 0.298598 0.971347 0.298598 0.971347 0.254759 0.971347 0.254759 0.971347 0.298598 0.877131 0.242027 0.845753 0.265829 0.845753 0.242027 0.877131 0.265829 0.909122 0.242027 0.909122 0.265829 0.809575 0.265829 0.809575 0.242027 0.772009 0.265829 0.772009 0.242027 0.809575 0.265829 0.772009 0.242027 0.809575 0.242027 0.772009 0.265829 0.845753 0.242027 0.845753 0.265829 0.877131 0.265829 0.877131 0.242027 0.909122 0.242027 0.909122 0.265829 0.877131 0.242027 0.845753 0.265829 0.845753 0.242027 0.877131 0.265829 0.809575 0.242027 0.809575 0.265829 0.909122 0.265829 0.909122 0.242027 0.772009 0.265829 0.772009 0.242027 0.845753 0.265829 0.809575 0.242027 0.845753 0.242027 0.809575 0.265829 0.877131 0.265829 0.877131 0.242027 0.909122 0.265829 0.909122 0.242027 0.772009 0.242027 0.772009 0.265829 0.197642 0.346455 0.196594 0.354421 0.227372 0.354421 0.200718 0.339032 0.168076 0.338533 0.165984 0.354421 0.197642 0.362386 0.174208 0.323727 0.205609 0.332658 0.138726 0.330668 0.135599 0.354421 0.168076 0.370309 0.200718 0.36981 0.147894 0.308535 0.183964 0.311013 0.211983 0.327766 0.109401 0.322811 0.10524 0.354421 0.138726 0.378174 0.174209 0.385114 0.121602 0.293355 0.162478 0.289528 0.196678 0.301258 0.076606 0.314023 0.071286 0.354421 0.109401 0.386031 0.147894 0.400307 0.205609 0.376184 0.219406 0.324692 0.183964 0.397828 0.211983 0.381076 0.092198 0.276379 0.227371 0.323643 0.052317 0.307515 0.046142 0.354421 0.076605 0.394819 0.121602 0.415487 0.162478 0.419314 0.196678 0.407584 0.219405 0.38415 0.227372 0.293033 0.211484 0.295125 0.203619 0.265775 0.181485 0.274943 0.166306 0.248652 0.141011 0.26806 0.117003 0.244052 0.211484 0.413716 0.099223 0.226272 0.070423 0.263806 0.038424 0.245332 0.016628 0.297952 0.009193 0.354421 0.149329 0.219247 0.052317 0.401327 0.016628 0.410889 0.092198 0.432463 0.070423 0.445035 0.141011 0.440781 0.117003 0.464789 0.181485 0.433898 0.166306 0.46019 0.20362 0.443067 0.186974 0.203655 0.195761 0.23645 0.038424 0.46351 0.099223 0.482569 0.149329 0.489594 0.195762 0.472391 0.227371 0.415808 0.227372 0.385198 0.235338 0.38415 0.227371 0.446194 0.24326 0.413717 0.24276 0.381076 0.227372 0.198336 0.227372 0.232289 0.227371 0.262648 0.251124 0.265775 0.24326 0.295125 0.235338 0.324692 0.24276 0.327766 0.258065 0.301258 0.249135 0.332657 0.258982 0.23645 0.273258 0.274943 0.270779 0.311013 0.254025 0.339032 0.257101 0.346455 0.288438 0.248652 0.292265 0.289528 0.280535 0.323727 0.25815 0.354421 0.257101 0.362386 0.254025 0.36981 0.249135 0.376184 0.258065 0.407583 0.251124 0.443067 0.227372 0.476552 0.186974 0.505187 0.136757 0.51137 0.073096 0.508696 0.118283 0.543368 0.180466 0.529474 0.227371 0.510505 0.258982 0.472391 0.273258 0.433898 0.170903 0.565164 0.227371 0.535649 0.267769 0.505187 0.288438 0.46019 0.227371 0.572598 0.274277 0.529474 0.305414 0.489594 0.292264 0.419315 0.270779 0.397828 0.280535 0.385115 0.286667 0.370309 0.288759 0.354421 0.286667 0.338533 0.316017 0.330668 0.306849 0.308534 0.333141 0.293355 0.313732 0.268061 0.33774 0.244052 0.305414 0.219248 0.267769 0.203654 0.274277 0.179367 0.227372 0.173192 0.180466 0.179367 0.136757 0.197472 0.118283 0.165473 0.073096 0.200146 0.170903 0.143677 0.227372 0.136243 0.28384 0.143677 0.33646 0.165473 0.317986 0.197472 0.381647 0.200146 0.35552 0.226273 0.38432 0.263806 0.362545 0.276379 0.378138 0.314023 0.345342 0.32281 0.349504 0.354421 0.319145 0.354421 0.316017 0.378173 0.30685 0.400307 0.313732 0.440781 0.33774 0.46479 0.333141 0.415487 0.345342 0.386031 0.317986 0.51137 0.28384 0.565164 0.33646 0.543368 0.35552 0.482569 0.362545 0.432463 0.378138 0.394819 0.383456 0.354421 0.381647 0.508696 0.38432 0.445035 0.402425 0.401326 0.4086 0.354421 0.402426 0.307515 0.438115 0.297952 0.416319 0.245332 0.416319 0.46351 0.438115 0.410889 0.445549 0.354421 0.802902 0.722879 0.790713 0.721434 0.800284 0.716383 0.79379 0.729044 0.78547 0.735428 0.813875 0.709211 0.813875 0.716711 0.824848 0.722879 0.827466 0.716383 0.837036 0.721434 0.83396 0.729044 0.773601 0.725221 0.775711 0.719918 0.7697 0.727462 0.768645 0.730113 0.842279 0.735428 0.854149 0.725221 0.852039 0.719918 0.859195 0.728958 0.86025 0.73161 0.86635 0.737998 0.763688 0.735005 0.837442 0.220849 0.880282 0.198435 0.837442 0.198435 0.880282 0.220849 0.783749 0.220849 0.783749 0.198435 0.880282 0.198435 0.926202 0.220849 0.926202 0.198435 0.880282 0.220849 0.989769 0.208566 0.957986 0.203501 0.957986 0.214708 0.926202 0.198435 0.926202 0.220849 0.837442 0.220849 0.880282 0.198435 0.880282 0.220849 0.837442 0.198435 0.880282 0.198435 0.926202 0.220849 0.880282 0.220849 0.926202 0.198435 0.957986 0.214708 0.926202 0.198435 0.957986 0.203501 0.926202 0.220849 0.989769 0.208566 0.861825 0.194261 0.906902 0.222674 0.906902 0.194261 0.861825 0.222674 0.96906 0.208467 0.988818 0.222674 0.96906 0.222674 0.949301 0.222674 0.949301 0.194261 0.949301 0.222674 0.906902 0.194261 0.949301 0.194261 0.906902 0.222674 0.861825 0.194261 0.861825 0.222674 0.861825 0.222674 0.816748 0.194261 0.861825 0.194261 0.816748 0.222674 0.779887 0.194261 0.779887 0.222674 0.816748 0.222674 0.816748 0.194261 0.906902 0.194261 0.949301 0.222674 0.949301 0.194261 0.906902 0.222674 0.988818 0.222674 0.96906 0.208467 0.96906 0.222674 0.949301 0.222674 0.949301 0.194261 0.816748 0.194261 0.861825 0.222674 0.861825 0.194261 0.816748 0.222674 0.67429 0.427183 0.61914 0.477389 0.609835 0.435056 0.674406 0.466888 0.57372 0.492015 0.552324 0.451673 0.674271 0.38007 0.598458 0.389025 0.674231 0.357507 0.59215 0.368313 0.527659 0.41583 0.515664 0.399995 0.465625 0.460336 0.449984 0.450393 0.5037 0.487365 0.417423 0.526211 0.399585 0.516074 0.377507 0.594956 0.367904 0.59256 0.453405 0.547201 0.420277 0.606593 0.451642 0.581187 0.503503 0.546865 0.4719 0.582593 0.357098 0.67464 0.36704 0.674463 0.411319 0.67464 0.367904 0.75672 0.377507 0.75397 0.446959 0.691148 0.467786 0.659981 0.481474 0.673669 0.498955 0.639157 0.506362 0.657039 0.535719 0.631846 0.535719 0.6512 0.572482 0.639159 0.565076 0.657039 0.603647 0.659985 0.589964 0.673669 0.606594 0.698557 0.624472 0.691151 0.633894 0.734381 0.612433 0.727914 0.624473 0.764677 0.606594 0.757271 0.603649 0.795843 0.589964 0.782158 0.572483 0.81667 0.565076 0.798788 0.535719 0.804627 0.535719 0.823984 0.498953 0.816674 0.506362 0.798788 0.467784 0.795848 0.481474 0.782158 0.446957 0.76468 0.464845 0.757271 0.439645 0.727914 0.459005 0.727914 0.464845 0.698557 0.446542 0.806096 0.488324 0.860547 0.457014 0.89168 0.408195 0.828058 0.420277 0.742686 0.399586 0.833206 0.449984 0.898886 0.515664 0.949285 0.520635 0.940498 0.542775 0.902328 0.592151 0.980966 0.594724 0.971187 0.564296 0.863226 0.606184 0.924553 0.674231 0.991772 0.674231 0.981654 0.585979 0.826972 0.617324 0.884389 0.674231 0.933511 0.756311 0.980966 0.753737 0.971187 0.62908 0.843143 0.674231 0.891608 0.742277 0.924553 0.832797 0.949285 0.827826 0.940498 0.731137 0.884389 0.805686 0.902328 0.898477 0.898886 0.891447 0.89168 0.784165 0.863226 0.860137 0.860546 0.948875 0.833206 0.940265 0.828058 0.980557 0.75672 0.970954 0.75397 0.991363 0.67464 0.981421 0.674463 0.980557 0.59256 0.970954 0.594956 0.948875 0.516074 0.940265 0.520868 0.898477 0.450393 0.885562 0.458724 0.832797 0.399995 0.821567 0.415361 0.756311 0.368313 0.750204 0.388899 0.738857 0.434941 0.729994 0.47737 0.776052 0.491569 0.796868 0.451252 0.847134 0.48598 0.901919 0.543184 0.928184 0.606593 0.674413 0.493816 0.625949 0.516252 0.59237 0.530083 0.535106 0.511136 0.896819 0.581187 0.815413 0.509732 0.845987 0.546163 0.937142 0.67464 0.928184 0.742686 0.901919 0.806096 0.850364 0.818743 0.882907 0.796462 0.842099 0.798788 0.812742 0.804627 0.812742 0.826226 0.866987 0.782158 0.903571 0.765536 0.883616 0.757271 0.911055 0.727914 0.889456 0.727914 0.903571 0.690291 0.883616 0.698557 0.783385 0.798788 0.775119 0.818743 0.758497 0.782158 0.747013 0.800533 0.741867 0.757271 0.721913 0.765536 0.736028 0.727914 0.714428 0.733625 0.741867 0.698557 0.722727 0.689072 0.882259 0.658396 0.866987 0.673669 0.758497 0.673668 0.743224 0.658396 0.775119 0.637084 0.783385 0.657039 0.812742 0.6512 0.812742 0.629601 0.842099 0.657039 0.850364 0.637084 0.778883 0.67724 0.824631 0.66814 0.752968 0.716024 0.800852 0.66814 0.762068 0.694055 0.8466 0.67724 0.878855 0.619811 0.802141 0.601646 0.839005 0.588393 0.767779 0.620629 0.736932 0.641881 0.751263 0.598614 0.725426 0.627915 0.728556 0.582062 0.710432 0.617198 0.674231 0.67464 0.692969 0.610461 0.674231 0.608163 0.655491 0.610461 0.63803 0.617198 0.623035 0.627915 0.611529 0.641881 0.580709 0.620645 0.654443 0.748487 0.674231 0.751092 0.648039 0.772388 0.694018 0.748487 0.674231 0.775836 0.700422 0.772388 0.712655 0.818043 0.674231 0.823101 0.719381 0.843143 0.674231 0.849087 0.635806 0.818043 0.763582 0.829317 0.723434 0.516652 0.75785 0.530305 0.824631 0.787687 0.8466 0.778587 0.863415 0.761772 0.872515 0.739803 0.872515 0.716024 0.800852 0.787687 0.778883 0.778587 0.762069 0.761772 0.752968 0.739803 0.863415 0.694055 0.469606 0.619811 0.508951 0.586403 0.494574 0.565339 0.545659 0.600409 0.597696 0.598907 0.56779 0.571003 0.619987 0.581823 0.597466 0.54578 0.645993 0.570533 0.632099 0.521629 0.674596 0.498646 0.674342 0.566907 0.716882 0.521985 0.702658 0.570677 0.751184 0.546398 0.780305 0.571729 0.819683 0.535758 0.848122 0.559176 0.87656 0.582593 0.533979 0.532006 0.349011 0.015737 0.315915 0.066978 0.315915 0.015737 0.349011 0.066978 0.382109 0.015737 0.382109 0.066978 0.282818 0.015737 0.24972 0.066978 0.24972 0.015737 0.282818 0.066978 0.315915 0.015737 0.315915 0.066978 0.216623 0.015737 0.183526 0.066978 0.183526 0.015737 0.216623 0.066978 0.24972 0.015737 0.24972 0.066978 0.084236 0.015737 0.117333 0.066978 0.117333 0.015737 0.084236 0.066978 0.051138 0.015737 0.051138 0.066978 0.084236 0.015737 0.051138 0.066978 0.051138 0.015737 0.084236 0.066978 0.117333 0.015737 0.117333 0.066978 0.448304 0.015737 0.415207 0.066978 0.415207 0.015737 0.448304 0.066978 0.382109 0.066978 0.382109 0.015737 0.183526 0.015737 0.216623 0.066978 0.216623 0.015737 0.183526 0.066978 0.24972 0.066978 0.24972 0.015737 0.150429 0.015737 0.117333 0.066978 0.117333 0.015737 0.150429 0.066978 0.183526 0.015737 0.183526 0.066978 0.315915 0.015737 0.349011 0.066978 0.349011 0.015737 0.315915 0.066978 0.382109 0.066978 0.382109 0.015737 0.415207 0.066978 0.415207 0.015737 0.448304 0.015737 0.448304 0.066978 0.24972 0.015737 0.282818 0.066978 0.282818 0.015737 0.24972 0.066978 0.315915 0.066978 0.315915 0.015737 0.514497 0.015737 0.4814 0.066978 0.4814 0.015737 0.514497 0.066978 0.448304 0.066978 0.448304 0.015737 0.448304 0.066978 0.4814 0.015737 0.448304 0.015737 0.4814 0.066978 0.514497 0.015737 0.514497 0.066978 0.01804 0.015737 0.051138 0.066978 0.051138 0.015737 0.01804 0.066978 0.514497 0.066978 0.547593 0.015737 0.514497 0.015737 0.547593 0.066978 0.24972 0.120693 0.216623 0.066978 0.282818 0.066978 0.282818 0.120693 0.315915 0.120693 0.349011 0.066978 0.349011 0.120693 0.382109 0.120693 0.415207 0.066978 0.415207 0.120693 0.448304 0.120693 0.4814 0.066978 0.4814 0.120693 0.514497 0.120693 0.547593 0.066978 0.547593 0.120693 0.216623 0.120693 0.183526 0.120693 0.150429 0.066978 0.150429 0.120693 0.117333 0.120693 0.084236 0.066978 0.084236 0.120693 0.051027 0.120693 0.017819 0.066978 0.017819 0.120693 0.282818 0.066978 0.216623 0.015737 0.216121 0.066978 0.282818 0.015737 0.349011 0.066978 0.349011 0.015737 0.150429 0.015737 0.150429 0.066978 0.084236 0.015737 0.084236 0.066978 0.415207 0.066978 0.415207 0.015737 0.4814 0.066978 0.4814 0.015737 0.547593 0.066978 0.547593 0.015737 0.24972 0.120693 0.216121 0.066978 0.216623 0.120693 0.183526 0.120693 0.150429 0.066978 0.150429 0.120693 0.117333 0.120693 0.084236 0.066978 0.084236 0.120693 0.051027 0.120693 0.017819 0.066978 0.017819 0.120693 0.282818 0.066978 0.282818 0.120693 0.315915 0.120693 0.349011 0.066978 0.349011 0.120693 0.382109 0.120693 0.415207 0.066978 0.415207 0.120693 0.448304 0.120693 0.4814 0.066978 0.4814 0.120693 0.514497 0.120693 0.547593 0.066978 0.547593 0.120693 0.084236 0.066978 0.150429 0.015737 0.150429 0.066978 0.084236 0.015737 0.216623 0.066978 0.216623 0.015737 0.01804 0.015737 0.01804 0.066978 0.282818 0.015737 0.282818 0.066978 0.349011 0.015737 0.349011 0.066978 0.415207 0.015737 0.415207 0.066978 0.4814 0.015737 0.4814 0.066978 0.514497 0.120693 0.4814 0.066978 0.4814 0.120693 0.448304 0.120693 0.415207 0.066978 0.415207 0.120693 0.382109 0.120693 0.349011 0.066978 0.349011 0.120693 0.315915 0.120693 0.282818 0.066978 0.282818 0.120693 0.24972 0.120693 0.216623 0.066978 0.216623 0.120693 0.183526 0.120693 0.150429 0.066978 0.150429 0.120693 0.117333 0.120693 0.084236 0.066978 0.084236 0.120693 0.051027 0.120693 0.514497 0.120693 0.4814 0.066978 0.4814 0.120693 0.448304 0.120693 0.415207 0.066978 0.415207 0.120693 0.382109 0.120693 0.349011 0.066978 0.349011 0.120693 0.315915 0.120693 0.282818 0.066978 0.282818 0.120693 0.24972 0.120693 0.216623 0.066978 0.216623 0.120693 0.183526 0.120693 0.150429 0.066978 0.150429 0.120693 0.117333 0.120693 0.084236 0.066978 0.084236 0.120693 0.051027 0.120693 0.01804 0.066978 0.084236 0.015737 0.01804 0.015737 0.084236 0.066978 0.910226 0.026684 0.818309 0.100828 0.910226 0.100828 0.818309 0.026684 0.818309 0.100828 0.910226 0.026684 0.910226 0.100828 0.818309 0.026684 0.986058 0.100828 0.910226 0.026684 0.910226 0.100828 0.986058 0.026684 0.910226 0.026684 0.986058 0.100828 0.910226 0.100828 0.986058 0.026684 0.910226 0.156734 0.818309 0.100828 0.910226 0.100828 0.818309 0.156734 0.910226 0.026684 0.818309 0.100828 0.910226 0.100828 0.818309 0.026684 0.818309 0.100828 0.910226 0.026684 0.910226 0.100828 0.818309 0.026684 0.986058 0.100828 0.910226 0.026684 0.910226 0.100828 0.986058 0.026684 0.910226 0.026684 0.986058 0.100828 0.910226 0.100828 0.986058 0.026684 0.910226 0.156734 0.818309 0.100828 0.910226 0.100828 0.818309 0.156734 0.910226 0.026684 0.818309 0.100828 0.910226 0.100828 0.818309 0.026684 0.818309 0.100828 0.910226 0.026684 0.910226 0.100828 0.818309 0.026684 0.986058 0.100828 0.910226 0.026684 0.910226 0.100828 0.986058 0.026684 0.910226 0.026684 0.986058 0.100828 0.910226 0.100828 0.986058 0.026684 0.910226 0.156734 0.818309 0.100828 0.910226 0.100828 0.818309 0.156734 0.910226 0.026684 0.818309 0.100828 0.910226 0.100828 0.818309 0.026684 0.818309 0.100828 0.910226 0.026684 0.910226 0.100828 0.818309 0.026684 0.986058 0.100828 0.910226 0.026684 0.910226 0.100828 0.986058 0.026684 0.910226 0.026684 0.986058 0.100828 0.910226 0.100828 0.986058 0.026684 0.910226 0.156734 0.818309 0.100828 0.910226 0.100828 0.818309 0.156734 0.910226 0.026684 0.818309 0.100828 0.910226 0.100828 0.818309 0.026684 0.818309 0.100828 0.910226 0.026684 0.910226 0.100828 0.818309 0.026684 0.986058 0.100828 0.910226 0.026684 0.910226 0.100828 0.986058 0.026684 0.910226 0.026684 0.986058 0.100828 0.910226 0.100828 0.986058 0.026684 0.910226 0.156734 0.818309 0.100828 0.910226 0.100828 0.818309 0.156734 0.910226 0.026684 0.818309 0.100828 0.910226 0.100828 0.818309 0.026684 0.818309 0.100828 0.910226 0.026684 0.910226 0.100828 0.818309 0.026684 0.986058 0.100828 0.910226 0.026684 0.910226 0.100828 0.986058 0.026684 0.910226 0.026684 0.986058 0.100828 0.910226 0.100828 0.986058 0.026684 0.910226 0.156734 0.818309 0.100828 0.910226 0.100828 0.818309 0.156734 0.910226 0.026684 0.818309 0.100828 0.910226 0.100828 0.818309 0.026684 0.818309 0.100828 0.910226 0.026684 0.910226 0.100828 0.818309 0.026684 0.986058 0.100828 0.910226 0.026684 0.910226 0.100828 0.986058 0.026684 0.910226 0.026684 0.986058 0.100828 0.910226 0.100828 0.986058 0.026684 0.910226 0.156734 0.818309 0.100828 0.910226 0.100828 0.818309 0.156734 0.910226 0.026684 0.818309 0.100828 0.910226 0.100828 0.818309 0.026684 0.818309 0.100828 0.910226 0.026684 0.910226 0.100828 0.818309 0.026684 0.986058 0.100828 0.910226 0.026684 0.910226 0.100828 0.986058 0.026684 0.910226 0.026684 0.986058 0.100828 0.910226 0.100828 0.986058 0.026684 0.910226 0.156734 0.818309 0.100828 0.910226 0.100828 0.818309 0.156734 0.051138 0.015737 0.051138 0.066978 0.514497 0.066978 0.514497 0.015737 0.150429 0.015737 0.183526 0.066978 0.183526 0.015737 0.150429 0.066978 0.117333 0.015737 0.117333 0.066978 0.060507 0.688239 0.110712 0.739121 0.110712 0.688239 0.060507 0.739121 0.060507 0.639616 0.110712 0.639616 0.110712 0.795368 0.060507 0.795368 0.060507 0.589014 0.110712 0.589014 0.110712 0.846101 0.060507 0.846101 0.110712 0.892468 0.060507 0.892468 0.110712 0.942187 0.060507 0.942187 0.110712 0.988895 0.060507 0.988895 0.110712 0.739121 0.161573 0.688239 0.161573 0.739121 0.110712 0.688239 0.110712 0.795368 0.161573 0.795368 0.161573 0.639616 0.110712 0.639616 0.161573 0.589014 0.110712 0.589014 0.110712 0.846101 0.161573 0.846101 0.110712 0.892468 0.161573 0.892468 0.110712 0.942187 0.161573 0.942187 0.110712 0.988895 0.161573 0.988895 0.060507 0.739121 0.110712 0.688239 0.110712 0.739121 0.060507 0.688239 0.060507 0.795368 0.110712 0.795368 0.110712 0.639616 0.060507 0.639616 0.110712 0.589014 0.060507 0.589014 0.060507 0.846101 0.110712 0.846101 0.060507 0.892468 0.110712 0.892468 0.060507 0.942187 0.110712 0.942187 0.060507 0.988895 0.110712 0.988895 0.060507 0.589014 0.010484 0.639616 0.010484 0.589014 0.060507 0.639616 0.010484 0.688239 0.060507 0.688239 0.010484 0.739121 0.060507 0.739121 0.010484 0.795368 0.060507 0.795368 0.010484 0.846101 0.060507 0.846101 0.010484 0.892468 0.060507 0.892468 0.010484 0.942187 0.060507 0.942187 0.010484 0.988895 0.060507 0.988895 0.060507 0.688239 0.110712 0.739121 0.060507 0.739121 0.110712 0.688239 0.060507 0.639616 0.110712 0.639616 0.110712 0.795368 0.060507 0.795368 0.110712 0.846101 0.060507 0.846101 0.110712 0.892468 0.060507 0.892468 0.110712 0.942187 0.060507 0.942187 0.110712 0.739121 0.161573 0.688239 0.110712 0.688239 0.161573 0.739121 0.110712 0.795368 0.161573 0.795368 0.161573 0.639616 0.110712 0.639616 0.110712 0.846101 0.161573 0.846101 0.110712 0.892468 0.161573 0.892468 0.110712 0.942187 0.161573 0.942187 0.060507 0.739121 0.110712 0.688239 0.060507 0.688239 0.110712 0.739121 0.060507 0.795368 0.110712 0.795368 0.110712 0.639616 0.060507 0.639616 0.060507 0.846101 0.110712 0.846101 0.060507 0.892468 0.110712 0.892468 0.060507 0.942187 0.110712 0.942187 0.010484 0.639616 0.060507 0.639616 0.010484 0.688239 0.060507 0.688239 0.010484 0.739121 0.060507 0.739121 0.010484 0.795368 0.060507 0.795368 0.010484 0.846101 0.060507 0.846101 0.010484 0.892468 0.060507 0.892468 0.010484 0.942187 0.060507 0.942187 0.232253 0.706311 0.28078 0.88906 0.232369 0.88906 0.28088 0.706311 0.182104 0.88906 0.232253 0.707036 0.232369 0.88906 0.182104 0.707036 0.232253 0.707036 0.182104 0.88906 0.232369 0.88906 0.182104 0.707036 0.28078 0.88906 0.232369 0.938003 0.232369 0.88906 0.28078 0.938003 0.28078 0.88906 0.232253 0.706311 0.232369 0.88906 0.28088 0.706311 0.28088 0.589751 0.232253 0.706311 0.232253 0.589751 0.28088 0.706311 0.28078 0.88906 0.232369 0.88906 0.182104 0.707036 0.232253 0.590476 0.232253 0.707036 0.182104 0.590477 0.182104 0.88906 0.232369 0.88906 0.232253 0.590476 0.182104 0.707036 0.232253 0.707036 0.182104 0.590476 0.182104 0.88906 0.232369 0.88906 0.232253 0.589751 0.28088 0.706311 0.28088 0.589751 0.232253 0.706311 0.28078 0.88906 0.232369 0.88906 0.28078 0.88906 0.232369 0.938003 0.232369 0.88906 0.28078 0.938003 0.232253 0.706311 0.28078 0.88906 0.232369 0.88906 0.28088 0.706311 0.182104 0.88906 0.232253 0.707036 0.232369 0.88906 0.182104 0.707036 0.232253 0.707036 0.182104 0.88906 0.232369 0.88906 0.182104 0.707036 0.28078 0.88906 0.232369 0.938003 0.232369 0.88906 0.28078 0.938003 0.28078 0.88906 0.232253 0.706311 0.232369 0.88906 0.28088 0.706311 0.28088 0.589751 0.232253 0.706311 0.232253 0.589751 0.28088 0.706311 0.28078 0.88906 0.232369 0.88906 0.182104 0.707036 0.232253 0.590476 0.232253 0.707036 0.182104 0.590477 0.182104 0.88906 0.232369 0.88906 0.232253 0.590476 0.182104 0.707036 0.232253 0.707036 0.182104 0.590476 0.182104 0.88906 0.232369 0.88906 0.232253 0.589751 0.28088 0.706311 0.28088 0.589751 0.232253 0.706311 0.28078 0.88906 0.232369 0.88906 0.28078 0.88906 0.232369 0.938003 0.232369 0.88906 0.28078 0.938003 0.232253 0.706311 0.28078 0.88906 0.232369 0.88906 0.28088 0.706311 0.182104 0.88906 0.232253 0.707036 0.232369 0.88906 0.182104 0.707036 0.232253 0.707036 0.182104 0.88906 0.232369 0.88906 0.182104 0.707036 0.28078 0.88906 0.232369 0.938003 0.232369 0.88906 0.28078 0.938003 0.28078 0.88906 0.232253 0.706311 0.232369 0.88906 0.28088 0.706311 0.28088 0.589751 0.232253 0.706311 0.232253 0.589751 0.28088 0.706311 0.28078 0.88906 0.232369 0.88906 0.182104 0.707036 0.232253 0.590476 0.232253 0.707036 0.182104 0.590477 0.182104 0.88906 0.232369 0.88906 0.232253 0.590476 0.182104 0.707036 0.232253 0.707036 0.182104 0.590476 0.182104 0.88906 0.232369 0.88906 0.232253 0.589751 0.28088 0.706311 0.28088 0.589751 0.232253 0.706311 0.28078 0.88906 0.232369 0.88906 0.28078 0.88906 0.232369 0.938003 0.232369 0.88906 0.28078 0.938003 0.232253 0.706311 0.28078 0.88906 0.232369 0.88906 0.28088 0.706311 0.182104 0.88906 0.232253 0.707036 0.232369 0.88906 0.182104 0.707036 0.232253 0.707036 0.182104 0.88906 0.232369 0.88906 0.182104 0.707036 0.28078 0.88906 0.232369 0.938003 0.232369 0.88906 0.28078 0.938003 0.28078 0.88906 0.232253 0.706311 0.232369 0.88906 0.28088 0.706311 0.28088 0.589751 0.232253 0.706311 0.232253 0.589751 0.28088 0.706311 0.28078 0.88906 0.232369 0.88906 0.182104 0.707036 0.232253 0.590476 0.232253 0.707036 0.182104 0.590477 0.182104 0.88906 0.232369 0.88906 0.232253 0.590476 0.182104 0.707036 0.232253 0.707036 0.182104 0.590476 0.182104 0.88906 0.232369 0.88906 0.232253 0.589751 0.28088 0.706311 0.28088 0.589751 0.232253 0.706311 0.28078 0.88906 0.232369 0.88906 0.28078 0.88906 0.232369 0.938003 0.232369 0.88906 0.28078 0.938003 0.608201 0.286643 0.532484 0.304591 0.608201 0.304591 0.532484 0.286643 0.608201 0.304591 0.532484 0.320451 0.608201 0.320451 0.532484 0.304591 0.608201 0.320451 0.532484 0.304591 0.608201 0.304591 0.532484 0.320451 0.608201 0.304591 0.532484 0.286643 0.608201 0.286643 0.532484 0.304591 0.608201 0.286643 0.532484 0.262125 0.608201 0.262125 0.532484 0.286643 0.608201 0.262125 0.532484 0.237608 0.608201 0.237608 0.532484 0.262125 0.608201 0.237608 0.532484 0.219659 0.608201 0.219659 0.532484 0.237608 0.608201 0.219659 0.532484 0.20575 0.608201 0.20575 0.532484 0.219659 0.608201 0.20575 0.532484 0.219659 0.608201 0.219659 0.532484 0.20575 0.608201 0.219659 0.532484 0.237608 0.608201 0.237608 0.532484 0.219659 0.608201 0.237608 0.532484 0.262125 0.608201 0.262125 0.532484 0.237608 0.608201 0.262125 0.532484 0.286643 0.608201 0.286643 0.532484 0.262125 0.466675 0.288425 0.459138 0.260297 0.466675 0.232168 0.487266 0.211577 0.487266 0.309016 0.515733 0.319874 0.515733 0.20135 0.466675 0.288425 0.487266 0.211577 0.466675 0.232168 0.487266 0.309016 0.459138 0.260297 0.515733 0.319874 0.487266 0.211577 0.487266 0.309016 0.515733 0.20135 0.466675 0.288425 0.466675 0.232168 0.459138 0.260297 0.466675 0.288425 0.459138 0.260297 0.466675 0.232168 0.487266 0.309016 0.487266 0.211577 0.060507 0.688239 0.110712 0.739121 0.060507 0.739121 0.110712 0.688239 0.060507 0.639616 0.110712 0.639616 0.110712 0.795368 0.060507 0.795368 0.060507 0.589014 0.110712 0.589014 0.110712 0.846101 0.060507 0.846101 0.110712 0.892468 0.060507 0.892468 0.110712 0.942187 0.060507 0.942187 0.110712 0.988895 0.060507 0.988895 0.110712 0.739121 0.161573 0.688239 0.110712 0.688239 0.161573 0.739121 0.110712 0.795368 0.161573 0.795368 0.161573 0.639616 0.110712 0.639616 0.161573 0.589014 0.110712 0.589014 0.110712 0.846101 0.161573 0.846101 0.110712 0.892468 0.161573 0.892468 0.110712 0.942187 0.161573 0.942187 0.110712 0.988895 0.161573 0.988895 0.060507 0.739121 0.110712 0.688239 0.060507 0.688239 0.110712 0.739121 0.060507 0.795368 0.110712 0.795368 0.110712 0.639616 0.060507 0.639616 0.110712 0.589014 0.060507 0.589014 0.060507 0.846101 0.110712 0.846101 0.060507 0.892468 0.110712 0.892468 0.060507 0.942187 0.110712 0.942187 0.060507 0.988895 0.110712 0.988895 0.060507 0.589014 0.010484 0.639616 0.060507 0.639616 0.010484 0.589014 0.010484 0.688239 0.060507 0.688239 0.010484 0.739121 0.060507 0.739121 0.010484 0.795368 0.060507 0.795368 0.010484 0.846101 0.060507 0.846101 0.010484 0.892468 0.060507 0.892468 0.010484 0.942187 0.060507 0.942187 0.010484 0.988895 0.060507 0.988895 0.060507 0.688239 0.110712 0.739121 0.110712 0.688239 0.060507 0.739121 0.060507 0.639616 0.110712 0.639616 0.110712 0.795368 0.060507 0.795368 0.110712 0.846101 0.060507 0.846101 0.110712 0.892468 0.060507 0.892468 0.110712 0.942187 0.060507 0.942187 0.110712 0.739121 0.161573 0.688239 0.161573 0.739121 0.110712 0.688239 0.110712 0.795368 0.161573 0.795368 0.161573 0.639616 0.110712 0.639616 0.110712 0.846101 0.161573 0.846101 0.110712 0.892468 0.161573 0.892468 0.110712 0.942187 0.161573 0.942187 0.060507 0.739121 0.110712 0.688239 0.110712 0.739121 0.060507 0.688239 0.060507 0.795368 0.110712 0.795368 0.110712 0.639616 0.060507 0.639616 0.060507 0.846101 0.110712 0.846101 0.060507 0.892468 0.110712 0.892468 0.060507 0.942187 0.110712 0.942187 0.010484 0.639616 0.060507 0.639616 0.010484 0.688239 0.060507 0.688239 0.010484 0.739121 0.060507 0.739121 0.010484 0.795368 0.060507 0.795368 0.010484 0.846101 0.060507 0.846101 0.010484 0.892468 0.060507 0.892468 0.010484 0.942187 0.060507 0.942187 0.232253 0.706311 0.28078 0.88906 0.28088 0.706311 0.232369 0.88906 0.182104 0.88906 0.232253 0.707036 0.182104 0.707036 0.232369 0.88906 0.232253 0.707036 0.182104 0.88906 0.182104 0.707036 0.232369 0.88906 0.28078 0.88906 0.232369 0.938003 0.28078 0.938003 0.232369 0.88906 0.28078 0.88906 0.232253 0.706311 0.28088 0.706311 0.232369 0.88906 0.28088 0.589751 0.232253 0.706311 0.28088 0.706311 0.232253 0.589751 0.28078 0.88906 0.232369 0.88906 0.182104 0.707036 0.232253 0.590476 0.182104 0.590477 0.232253 0.707036 0.182104 0.88906 0.232369 0.88906 0.232253 0.590476 0.182104 0.707036 0.182104 0.590476 0.232253 0.707036 0.182104 0.88906 0.232369 0.88906 0.232253 0.589751 0.28088 0.706311 0.232253 0.706311 0.28088 0.589751 0.28078 0.88906 0.232369 0.88906 0.28078 0.88906 0.232369 0.938003 0.28078 0.938003 0.232369 0.88906 0.232253 0.706311 0.28078 0.88906 0.28088 0.706311 0.232369 0.88906 0.182104 0.88906 0.232253 0.707036 0.182104 0.707036 0.232369 0.88906 0.232253 0.707036 0.182104 0.88906 0.182104 0.707036 0.232369 0.88906 0.28078 0.88906 0.232369 0.938003 0.28078 0.938003 0.232369 0.88906 0.28078 0.88906 0.232253 0.706311 0.28088 0.706311 0.232369 0.88906 0.28088 0.589751 0.232253 0.706311 0.28088 0.706311 0.232253 0.589751 0.28078 0.88906 0.232369 0.88906 0.182104 0.707036 0.232253 0.590476 0.182104 0.590477 0.232253 0.707036 0.182104 0.88906 0.232369 0.88906 0.232253 0.590476 0.182104 0.707036 0.182104 0.590476 0.232253 0.707036 0.182104 0.88906 0.232369 0.88906 0.232253 0.589751 0.28088 0.706311 0.232253 0.706311 0.28088 0.589751 0.28078 0.88906 0.232369 0.88906 0.28078 0.88906 0.232369 0.938003 0.28078 0.938003 0.232369 0.88906 0.232253 0.706311 0.28078 0.88906 0.28088 0.706311 0.232369 0.88906 0.182104 0.88906 0.232253 0.707036 0.182104 0.707036 0.232369 0.88906 0.232253 0.707036 0.182104 0.88906 0.182104 0.707036 0.232369 0.88906 0.28078 0.88906 0.232369 0.938003 0.28078 0.938003 0.232369 0.88906 0.28078 0.88906 0.232253 0.706311 0.28088 0.706311 0.232369 0.88906 0.28088 0.589751 0.232253 0.706311 0.28088 0.706311 0.232253 0.589751 0.28078 0.88906 0.232369 0.88906 0.182104 0.707036 0.232253 0.590476 0.182104 0.590477 0.232253 0.707036 0.182104 0.88906 0.232369 0.88906 0.232253 0.590476 0.182104 0.707036 0.182104 0.590476 0.232253 0.707036 0.182104 0.88906 0.232369 0.88906 0.232253 0.589751 0.28088 0.706311 0.232253 0.706311 0.28088 0.589751 0.28078 0.88906 0.232369 0.88906 0.28078 0.88906 0.232369 0.938003 0.28078 0.938003 0.232369 0.88906 0.232253 0.706311 0.28078 0.88906 0.28088 0.706311 0.232369 0.88906 0.182104 0.88906 0.232253 0.707036 0.182104 0.707036 0.232369 0.88906 0.232253 0.707036 0.182104 0.88906 0.182104 0.707036 0.232369 0.88906 0.28078 0.88906 0.232369 0.938003 0.28078 0.938003 0.232369 0.88906 0.28078 0.88906 0.232253 0.706311 0.28088 0.706311 0.232369 0.88906 0.28088 0.589751 0.232253 0.706311 0.28088 0.706311 0.232253 0.589751 0.28078 0.88906 0.232369 0.88906 0.182104 0.707036 0.232253 0.590476 0.182104 0.590477 0.232253 0.707036 0.182104 0.88906 0.232369 0.88906 0.232253 0.590476 0.182104 0.707036 0.182104 0.590476 0.232253 0.707036 0.182104 0.88906 0.232369 0.88906 0.232253 0.589751 0.28088 0.706311 0.232253 0.706311 0.28088 0.589751 0.28078 0.88906 0.232369 0.88906 0.28078 0.88906 0.232369 0.938003 0.28078 0.938003 0.232369 0.88906 0.608201 0.286643 0.532484 0.304591 0.532484 0.286643 0.608201 0.304591 0.608201 0.304591 0.532484 0.320451 0.532484 0.304591 0.608201 0.320451 0.608201 0.320451 0.532484 0.304591 0.532484 0.320451 0.608201 0.304591 0.608201 0.304591 0.532484 0.286643 0.532484 0.304591 0.608201 0.286643 0.608201 0.286643 0.532484 0.262125 0.532484 0.286643 0.608201 0.262125 0.608201 0.262125 0.532484 0.237608 0.532484 0.262125 0.608201 0.237608 0.608201 0.237608 0.532484 0.219659 0.532484 0.237608 0.608201 0.219659 0.608201 0.219659 0.532484 0.20575 0.532484 0.219659 0.608201 0.20575 0.608201 0.20575 0.532484 0.219659 0.532484 0.20575 0.608201 0.219659 0.608201 0.219659 0.532484 0.237608 0.532484 0.219659 0.608201 0.237608 0.608201 0.237608 0.532484 0.262125 0.532484 0.237608 0.608201 0.262125 0.608201 0.262125 0.532484 0.286643 0.532484 0.262125 0.608201 0.286643 0.466675 0.288425 0.466675 0.232168 0.459138 0.260297 0.487266 0.211577 0.487266 0.309016 0.515733 0.319874 0.515733 0.20135 0.466675 0.288425 0.487266 0.211577 0.487266 0.309016 0.466675 0.232168 0.459138 0.260297 0.515733 0.319874 0.487266 0.211577 0.515733 0.20135 0.487266 0.309016 0.466675 0.288425 0.466675 0.232168 0.459138 0.260297 0.466675 0.288425 0.466675 0.232168 0.459138 0.260297 0.487266 0.309016 0.487266 0.211577</float_array>
          <technique_common>
            <accessor source="#GeometrySource2-array" count="1964" stride="2">
              <param name="S" type="float"/>
              <param name="T" type="float"/>
            </accessor>
          </technique_common>
        </source>
        <vertices id="Geometry-vertices">
          <input semantic="POSITION" source="#GeometrySource"/>
          <input semantic="NORMAL" source="#GeometrySource1"/>
          <input semantic="TEXCOORD" source="#GeometrySource2"/>
        </vertices>
        <triangles material="VisualMaterial0" count="1780">
          <input semantic="VERTEX" source="#Geometry-vertices" offset="0"/>
          <p>0 1 2 3 0 2 1 4 2 5 3 2 6 5 2 7 6 2 8 7 2 9 8 2 10 9 2 11 10 2 4 12 2 12 13 2 13 14 2 14 15 2 16 11 2 15 16 2 17 18 19 20 18 17 21 18 20 22 18 21 23 18 22 24 18 23 25 18 24 19 18 26 26 18 27 27 18 28 28 18 29 29 18 30 30 18 31 31 18 32 32 18 33 33 18 25 34 35 36 35 37 36 38 39 40 40 39 41 42 43 44 43 45 44 46 47 48 47 49 48 50 51 52 52 51 53 54 55 56 55 57 56 58 59 60 60 59 61 62 63 64 63 65 64 66 67 68 68 67 69 70 71 72 71 73 72 74 75 76 76 75 77 78 79 80 79 81 80 82 83 84 83 85 84 86 87 88 88 87 89 90 91 92 91 93 92 94 95 96 96 95 97 98 99 100 98 100 101 98 102 99 103 104 105 103 105 106 103 106 107 108 109 110 108 110 111 108 111 112 113 114 115 113 116 114 113 117 116 118 119 120 118 121 119 118 122 121 123 124 125 123 125 126 123 126 127 128 129 130 128 131 129 128 132 131 133 134 135 133 135 136 133 136 137 138 139 140 138 141 139 138 142 141 143 144 145 143 145 146 143 146 147 148 149 150 148 151 149 148 152 151 153 154 155 153 156 154 153 157 156 158 159 160 158 160 161 158 161 162 163 164 165 163 166 164 163 167 166 168 169 170 168 170 171 168 171 172 173 174 175 173 175 176 173 176 177 178 179 180 178 181 179 182 181 178 182 183 181 184 185 186 184 187 185 188 187 184 188 184 189 190 191 192 190 193 191 194 195 196 194 197 195 198 197 194 198 194 199 200 201 202 200 203 201 204 205 206 204 207 205 205 207 208 205 208 209 210 211 212 210 213 211 214 213 210 214 210 215 216 217 218 216 219 217 220 216 218 220 218 221 222 223 224 222 225 223 225 226 223 225 227 226 228 229 230 228 231 229 230 229 232 230 232 233 234 235 236 234 237 235 238 237 234 238 234 239 240 241 242 240 243 241 244 243 240 244 240 245 246 247 248 246 249 247 250 251 252 250 253 251 254 246 248 254 255 246 256 257 258 256 259 257 260 259 256 260 256 261 262 193 190 262 263 193 203 264 201 203 265 264 266 267 268 266 269 267 267 269 270 267 270 271 251 272 252 251 273 272 274 275 276 274 277 275 278 277 274 278 279 277 276 275 280 276 280 281 281 280 282 281 282 283 284 285 286 284 287 285 288 284 286 288 289 284 290 289 288 290 288 291 292 290 291 292 293 290 294 295 296 294 297 295 295 298 296 295 299 298 300 297 294 300 294 301 298 299 302 298 302 303 304 305 306 304 307 305 308 304 306 308 306 309 310 308 309 310 309 311 307 312 305 307 313 312 314 315 316 317 314 316 315 314 318 315 318 319 320 315 319 315 320 316 314 317 321 314 321 318 322 317 316 319 318 323 319 323 324 325 319 324 320 319 325 326 320 325 320 326 316 318 327 323 318 321 327 317 322 328 317 328 321 329 322 316 324 323 330 324 330 331 325 324 332 332 324 331 333 325 332 326 325 333 323 327 334 323 334 330 321 328 335 321 335 327 322 336 328 322 329 336 331 330 337 331 337 338 339 331 338 332 331 339 333 332 340 340 332 339 326 341 316 341 326 333 342 329 316 343 333 340 341 333 343 341 344 316 344 341 343 330 334 345 330 345 337 346 342 316 338 337 347 338 347 348 339 338 349 349 338 348 350 339 349 340 339 350 351 340 350 343 340 351 352 343 351 344 343 352 344 353 316 353 344 352 342 346 354 329 342 355 329 355 336 342 354 355 336 355 356 336 356 357 328 336 357 328 357 335 335 357 358 327 335 359 327 359 334 335 358 359 334 359 360 334 360 345 353 352 361 345 360 362 337 345 363 337 363 347 345 362 363 347 363 364 347 364 365 348 347 365 348 365 366 359 358 367 359 367 360 349 348 368 368 348 366 368 366 369 350 349 370 370 349 368 371 368 369 370 368 371 351 350 372 372 350 370 372 370 373 373 370 371 352 351 374 361 352 374 374 351 372 375 372 373 374 372 375 361 374 376 376 374 375 358 377 367 358 378 377 357 356 378 357 378 358 371 369 379 373 371 380 380 371 379 375 373 381 381 373 380 382 375 381 376 375 382 383 361 376 353 384 316 384 353 361 384 361 383 384 385 316 385 384 383 386 376 382 383 376 386 387 383 386 385 383 387 385 388 316 388 385 387 378 389 377 356 390 378 378 390 389 356 391 390 355 391 356 355 354 391 354 392 391 346 393 354 354 393 392 394 346 316 346 394 393 395 394 316 394 396 393 394 395 396 397 395 316 391 392 398 391 398 390 393 396 399 393 399 392 395 400 396 395 397 400 401 397 316 402 401 316 392 399 403 392 403 398 396 404 399 396 400 404 397 401 405 397 405 400 406 402 316 407 406 316 408 407 316 409 408 316 388 409 316 388 387 410 409 388 410 387 386 411 410 387 411 386 382 412 411 386 412 412 382 413 382 381 413 381 380 414 413 381 414 380 379 415 414 380 415 414 415 416 413 414 417 417 414 416 418 413 417 412 413 418 419 412 418 411 412 419 410 411 420 420 411 419 417 416 421 422 417 421 418 417 422 423 418 422 419 418 423 420 419 424 424 419 423 422 421 425 426 422 425 423 422 426 427 423 426 424 423 427 428 420 424 429 410 420 409 410 429 408 409 429 429 420 428 408 429 430 430 429 428 407 408 430 406 407 431 407 430 431 402 406 432 406 431 432 402 432 433 401 402 433 401 433 405 405 433 434 400 405 435 400 435 404 405 434 435 404 435 436 404 436 437 399 404 437 399 437 403 403 437 438 398 403 439 403 438 439 398 439 440 390 398 440 390 440 389 389 440 441 377 389 442 389 441 442 367 377 443 377 442 443 367 443 444 360 367 444 360 444 362 362 444 445 363 362 446 363 446 364 362 445 446 444 447 445 444 443 447 443 442 448 443 448 447 442 441 449 442 449 448 441 450 449 441 451 450 440 451 441 440 439 451 451 452 450 451 453 452 439 438 453 439 453 451 438 454 453 438 455 454 437 455 438 437 436 455 436 456 455 435 457 436 435 434 457 436 457 456 434 458 457 433 459 434 433 432 459 434 459 458 432 431 460 432 460 459 431 461 460 431 430 461 430 428 461 428 424 462 462 424 427 461 428 462 462 427 463 461 462 464 460 461 464 464 462 463 459 465 458 459 460 465 460 464 465 427 426 466 463 427 466 466 426 467 426 425 467 466 467 468 469 466 468 463 466 469 465 464 470 470 463 469 464 463 470 465 470 471 458 465 471 457 458 472 457 472 456 458 471 472 469 468 473 470 469 474 471 470 474 474 469 473 472 471 475 471 474 475 456 472 476 472 475 476 456 476 477 455 456 477 455 477 454 454 477 478 453 454 479 453 479 452 454 478 479 475 474 480 474 473 480 475 480 481 476 475 481 477 482 478 477 476 482 476 481 482 483 484 485 483 486 484 484 486 487 483 485 488 483 488 489 490 489 488 490 488 491 490 491 492 490 492 493 484 487 494 484 494 495 494 496 495 494 497 496 492 498 493 492 499 498 492 500 499 499 500 501 499 501 502 502 501 503 496 497 504 505 506 507 505 508 506 509 505 507 509 507 510 511 512 513 511 514 512 515 516 517 517 516 518 517 518 519 520 521 522 520 523 521 509 523 520 509 510 523 524 525 526 524 527 525 528 529 530 528 531 529 532 528 530 533 534 535 533 536 534 537 538 539 540 537 539 540 541 537 542 543 544 542 545 543 545 546 543 545 547 546 548 549 550 548 551 549 552 549 551 552 551 553 554 552 553 554 555 552 556 557 558 556 559 557 560 561 562 561 563 562 561 564 563 565 566 567 565 568 566 569 570 571 569 572 570 571 570 573 571 573 574 575 569 571 576 571 574 575 571 576 577 575 576 577 576 578 576 574 579 578 576 579 578 579 580 580 579 581 580 581 582 579 574 583 579 583 581 582 581 584 582 584 585 585 584 586 585 586 587 581 583 588 581 588 584 584 588 589 584 589 586 590 589 588 590 588 591 591 588 583 589 590 592 590 591 592 593 587 586 594 586 589 593 586 594 594 589 595 596 593 594 597 594 595 596 594 597 589 598 595 589 599 598 598 599 600 600 599 601 600 601 602 602 601 603 602 603 604 604 603 605 604 605 606 606 605 607 606 607 608 607 609 608 607 610 609 609 610 611 609 611 612 612 611 613 612 613 614 614 613 615 614 615 616 616 615 617 616 617 618 617 619 618 617 620 619 619 620 621 619 621 622 622 621 623 622 623 624 624 623 625 624 625 626 627 595 598 626 625 627 628 627 598 626 627 628 598 600 629 628 598 629 630 625 623 630 623 621 630 621 631 631 621 620 632 630 631 632 633 630 634 625 630 633 597 634 597 595 634 633 634 630 634 627 625 627 634 595 635 596 597 635 597 633 636 635 633 636 633 632 637 636 632 637 632 638 638 632 631 639 631 620 638 631 639 640 637 638 641 638 639 640 638 641 639 620 642 643 639 642 641 639 643 644 640 641 645 641 643 644 641 645 620 646 642 620 617 646 646 617 615 643 642 647 647 642 646 648 643 647 645 643 648 649 644 645 650 645 648 649 645 650 647 646 651 651 646 615 648 647 652 652 647 651 653 648 652 650 648 653 654 649 650 655 650 653 654 650 655 653 652 656 655 653 657 657 653 656 658 654 655 658 655 659 659 655 657 657 656 660 661 657 660 659 657 661 662 658 659 663 659 661 662 659 663 664 662 663 664 663 665 666 664 665 666 665 667 668 666 667 668 667 669 670 668 669 670 669 671 672 670 671 672 671 673 674 672 673 674 673 675 676 674 675 577 676 677 577 677 575 676 675 677 575 678 569 575 677 678 569 679 572 569 678 679 678 680 679 677 675 681 678 681 680 677 681 678 675 673 682 675 682 681 673 671 683 673 683 682 671 669 684 671 684 683 685 572 679 685 570 572 685 686 570 687 573 570 687 570 686 574 688 583 574 573 688 687 688 573 591 583 688 689 683 684 681 690 680 681 682 690 683 690 682 689 691 683 683 691 690 669 667 692 669 692 684 667 693 692 667 665 693 665 694 693 663 661 694 665 663 694 695 694 661 695 696 694 696 695 697 695 698 697 661 660 699 695 699 698 695 661 699 696 697 700 701 694 696 701 693 694 701 696 700 701 700 702 703 692 693 703 701 702 693 701 703 703 702 704 705 703 704 703 705 692 705 704 706 699 707 698 699 708 707 708 699 660 708 709 707 708 710 709 710 711 709 710 712 711 712 713 711 712 714 713 714 715 713 714 716 715 717 705 706 692 705 717 717 706 718 716 719 715 716 720 719 719 720 721 719 721 722 721 723 722 721 724 723 724 725 723 726 717 718 724 726 725 726 718 725 727 719 722 725 728 723 715 729 713 723 730 722 719 731 715 718 732 725 717 726 733 692 717 733 692 733 684 726 724 734 726 734 735 726 735 733 724 736 734 724 721 736 736 721 720 736 720 737 738 736 737 738 737 739 740 738 739 740 739 741 739 737 742 737 720 742 742 716 714 742 720 716 742 610 607 611 610 742 741 739 742 743 741 742 744 743 742 745 744 742 746 745 742 747 746 742 748 747 742 607 748 742 749 605 603 607 749 748 607 605 749 749 747 748 750 611 742 751 750 742 752 613 611 615 613 752 752 611 750 753 751 742 714 753 742 712 753 714 754 752 750 754 750 751 710 755 712 712 755 753 755 754 751 755 751 753 756 754 755 710 756 755 756 757 754 757 752 754 660 656 758 758 757 756 656 759 758 656 652 759 652 651 759 758 759 757 615 752 760 759 651 760 757 760 752 759 760 757 651 615 760 761 758 756 761 756 710 708 660 761 708 761 710 660 758 761 685 679 762 763 762 679 763 679 680 763 680 690 698 764 697 697 765 700 700 766 702 702 767 704 706 704 768 707 769 698 709 770 707 711 771 709 713 772 711 706 773 718 589 592 774 599 589 774 599 774 601 601 774 775 592 775 774 592 776 775 749 603 777 601 777 603 601 775 777 749 778 747 777 778 749 778 746 747 775 779 777 777 779 778 779 780 778 778 780 746 780 745 746 779 781 780 782 744 745 780 782 745 781 782 780 781 783 782 782 783 784 782 784 785 782 785 744 785 743 744 785 784 786 785 786 787 787 741 743 785 787 743 787 740 741 787 786 788 788 738 740 787 788 740 788 789 738 789 736 738 789 734 736 789 735 734 790 735 789 790 791 735 792 689 684 689 792 691 735 792 733 792 684 733 735 791 792 793 775 776 793 779 775 794 795 796 794 797 795 798 797 794 798 799 797 800 801 802 800 803 801 804 803 800 804 805 803 806 807 808 806 809 807 810 809 806 810 811 809 812 813 814 812 815 813 816 815 812 816 817 815 818 819 820 818 821 819 822 821 818 822 823 821 824 825 826 824 827 825 826 825 828 826 828 829 830 831 832 830 833 831 832 831 834 832 834 835 836 837 838 836 839 837 840 839 836 840 841 839 842 843 844 842 845 843 844 843 846 844 846 847 847 846 848 847 848 849 848 850 849 848 851 850 852 853 854 852 855 853 854 853 856 854 856 857 858 859 860 858 861 859 860 859 862 860 862 863 864 865 866 864 867 865 867 868 865 867 869 868 870 871 872 870 873 871 874 875 876 874 877 875 878 879 880 878 880 881 881 880 882 882 880 883 882 883 884 884 883 885 885 883 886 885 886 887 887 886 888 888 886 889 888 889 890 890 889 891 891 889 892 891 892 893 894 879 878 895 879 894 895 896 879 897 896 895 898 896 897 898 899 896 900 899 898 901 899 900 902 899 901 902 901 903 904 905 906 904 907 905 908 907 904 908 909 907 906 905 910 906 910 911 911 910 912 911 912 913 914 909 908 914 915 909 916 915 914 916 917 915 918 917 916 918 919 917 920 921 922 922 921 923 923 921 924 923 924 925 925 924 926 926 924 927 926 927 928 927 929 928 927 930 929 929 930 931 920 932 921 933 932 920 934 932 933 934 935 932 936 935 934 937 935 936 937 938 935 939 938 937 940 938 939 940 941 938 942 941 940 943 941 942 943 944 941 945 944 943 946 947 948 946 949 947 950 948 947 950 947 951 946 952 949 946 953 952 954 950 951 954 955 950 955 954 956 955 956 957 957 956 958 957 958 959 959 958 960 961 960 919 961 919 918 959 960 961 962 944 945 962 963 944 964 963 962 965 963 964 965 966 963 967 966 965 968 966 967 968 969 966 970 969 968 971 969 970 971 972 969 973 972 971 974 972 973 974 975 972 976 975 974 977 975 976 978 975 977 978 977 979 980 978 979 980 981 978 982 981 980 930 983 931 930 981 983 983 981 982 893 892 984 984 892 985 984 985 986 986 985 987 987 985 988 987 988 989 989 988 990 990 988 991 990 991 992 992 991 993 993 991 994 993 994 995 995 994 996 996 994 997 996 997 998 998 997 999 999 997 1000 999 1000 1001 1001 1000 1002 1002 1000 1003 1002 1003 1004 1005 902 903 1003 1005 1004 1003 902 1005 1006 1007 1008 1006 1009 1007 1010 1011 1012 1010 1013 1011 1014 1015 1016 1014 1017 1015 1018 1019 1020 1018 1021 1019 1022 1023 1024 1022 1025 1023 1026 1027 1028 1026 1029 1027 1030 1031 1032 1030 1033 1031 1034 1035 1036 1034 1037 1035 1038 1039 1040 1038 1041 1039 1042 1043 1044 1042 1045 1043 1046 1047 1048 1046 1049 1047 1050 1051 1052 1050 1053 1051 1054 1055 1056 1054 1057 1055 1058 1059 1060 1058 1061 1059 1062 1063 1064 1062 1065 1063 1066 1067 1068 1066 1069 1067 1070 1071 1072 1070 1073 1071 1074 1075 1076 1074 1077 1075 1078 1079 1080 1078 1081 1079 1082 1083 1084 1082 1085 1083 1086 1087 1088 1086 1089 1087 1090 1091 1092 1090 1093 1091 1094 1095 1096 1094 1097 1095 1098 1099 1100 1098 1101 1099 1102 1103 1104 1102 1105 1103 1106 1107 1108 1106 1109 1107 1110 1111 1112 1110 1113 1111 1114 1115 1116 1114 1117 1115 1118 1119 1120 1118 1121 1119 1122 1123 1124 1122 1125 1123 1126 1127 1128 1126 1129 1127 1130 1131 1132 1130 1133 1131 1134 1135 1136 1134 1137 1135 1138 1139 1140 1138 1141 1139 1142 1143 1144 1142 1145 1143 1146 1147 1148 1146 1149 1147 1150 1151 1152 1150 1153 1151 1154 1155 1156 1154 1157 1155 1158 1159 1160 1158 1161 1159 1162 1163 1164 1162 1165 1163 1166 1167 1168 1166 1169 1167 1170 873 870 1170 1171 873 875 877 1172 875 1172 1173 1174 1175 1176 1174 1177 1175 1178 1177 1174 1178 1179 1177 1180 1181 1182 1180 1183 1181 1184 1180 1182 1184 1182 1185 1183 1186 1181 1183 1187 1186 1188 1184 1185 1188 1185 1189 1187 1190 1186 1187 1191 1190 1191 1192 1190 1191 1193 1192 1193 1194 1192 1193 1195 1194 1195 1196 1194 1195 1197 1196 1198 1199 1200 1198 1201 1199 1202 1198 1200 1202 1200 1203 1201 1204 1199 1201 1205 1204 1205 1206 1204 1205 1207 1206 1208 1202 1203 1208 1203 1209 1210 1208 1209 1210 1209 1211 1212 1210 1211 1212 1211 1213 1214 1212 1213 1214 1213 1215 1216 1217 1218 1216 1219 1217 1220 1216 1218 1220 1218 1221 1219 1222 1217 1219 1223 1222 1223 1224 1222 1223 1225 1224 1226 1220 1221 1226 1221 1227 1228 1226 1227 1228 1227 1229 1230 1228 1229 1230 1229 1231 1232 1230 1231 1232 1231 1233 1234 1235 1236 1234 1237 1235 1237 1238 1235 1237 1239 1238 1239 1240 1238 1239 1241 1240 1242 1240 1241 1242 1241 1243 1243 1244 1242 1243 1245 1244 1246 1244 1245 1246 1245 1247 1248 1246 1247 1248 1247 1249 1249 1250 1248 1249 1251 1250 1252 1253 1254 1252 1255 1253 1256 1255 1252 1256 1257 1255 1188 1189 1257 1188 1257 1256 1254 1253 1258 1254 1258 1259 1259 1258 1260 1259 1260 1261 1261 1260 1262 1261 1262 1263 1263 1262 1264 1265 1264 1196 1265 1196 1197 1263 1264 1265 1266 1267 1268 1266 1269 1267 1270 1269 1266 1270 1271 1269 1268 1267 1272 1273 1272 1206 1273 1206 1207 1268 1272 1273 1274 1271 1270 1274 1275 1271 1276 1275 1274 1276 1277 1275 1278 1277 1276 1214 1279 1278 1214 1215 1279 1278 1279 1277 1280 1281 1282 1280 1283 1281 1284 1283 1280 1284 1285 1283 1282 1281 1286 1282 1286 1287 1287 1286 1224 1287 1224 1225 1288 1285 1284 1288 1289 1285 1290 1289 1288 1290 1291 1289 1292 1291 1290 1292 1293 1291 1232 1293 1292 1232 1233 1293 1234 1236 1294 1234 1294 1295 1295 1294 1296 1295 1296 1297 1297 1296 1298 1297 1298 1299 1300 1299 1298 1300 1301 1299 1301 1300 1302 1301 1302 1303 1304 1303 1302 1304 1305 1303 1306 1305 1304 1306 1307 1305 1307 1306 1250 1307 1250 1251 1308 1309 1310 1308 1311 1309 1312 1313 1314 1312 1315 1313 1316 1317 1318 1316 1319 1317 1320 1321 1322 1320 1323 1321 1324 1325 1326 1324 1327 1325 1328 1329 1330 1328 1331 1329 1329 1331 1332 1329 1332 1333 1334 1335 1336 1334 1337 1335 1338 1334 1336 1338 1336 1339 1340 1341 1342 1340 1343 1341 1342 1341 1344 1342 1344 1345 1346 1347 1348 1346 1349 1347 1350 1347 1349 1350 1349 1351 1352 1353 1354 1352 1355 1353 1356 1357 1358 1356 1359 1357 1360 1361 1362 1360 1363 1361 1364 1365 1366 1364 1367 1365 1368 1369 1370 1368 1371 1369 1372 1373 1374 1372 1375 1373 1376 1377 1378 1376 1379 1377 1377 1379 1380 1377 1380 1381 1382 1383 1384 1382 1385 1383 1386 1382 1384 1386 1384 1387 1388 1389 1390 1388 1391 1389 1390 1389 1392 1390 1392 1393 1394 1395 1396 1394 1397 1395 1398 1395 1397 1398 1397 1399 1400 1401 1402 1400 1403 1401 1404 1405 1406 1404 1407 1405 1408 1409 1410 1408 1411 1409 1412 1413 1414 1412 1415 1413 1416 1417 1418 1416 1419 1417 1420 1421 1422 1420 1423 1421 1424 1425 1426 1424 1427 1425 1425 1427 1428 1425 1428 1429 1430 1431 1432 1430 1433 1431 1434 1430 1432 1434 1432 1435 1436 1437 1438 1436 1439 1437 1438 1437 1440 1438 1440 1441 1442 1443 1444 1442 1445 1443 1446 1443 1445 1446 1445 1447 1448 1449 1450 1448 1451 1449 1452 1453 1454 1452 1455 1453 1456 1457 1458 1456 1459 1457 1460 1461 1462 1460 1463 1461 1464 1465 1466 1464 1467 1465 1468 1469 1470 1468 1471 1469 1472 1473 1474 1472 1475 1473 1473 1475 1476 1473 1476 1477 1478 1479 1480 1478 1481 1479 1482 1478 1480 1482 1480 1483 1484 1485 1486 1484 1487 1485 1486 1485 1488 1486 1488 1489 1490 1491 1492 1490 1493 1491 1494 1491 1493 1494 1493 1495 1496 1497 1498 1496 1499 1497 1500 1501 1502 1500 1503 1501 1504 1505 1506 1504 1507 1505 1508 1509 1510 1508 1511 1509 1512 1513 1514 1512 1515 1513 1516 1517 1518 1516 1519 1517 1520 1521 1522 1520 1523 1521 1524 1525 1526 1524 1527 1525 1528 1529 1530 1528 1531 1529 1532 1533 1534 1532 1535 1533 1536 1537 1538 1536 1539 1537 1540 1541 1542 1540 1543 1541 1544 1545 1546 1544 1547 1545 1548 1549 1550 1551 1548 1550 1551 1552 1548 1551 1553 1552 1551 1554 1553 1555 1556 1557 1558 1554 1556 1558 1553 1554 1555 1558 1556 1559 1555 1557 1560 1561 1562 1560 1563 1561 1561 1564 1562 1561 1565 1564 1565 1566 1564 1567 1568 1569 1570 1567 1569 1560 1570 1571 1560 1571 1563 1570 1569 1571 1572 1573 1574 1572 1575 1573 1576 1575 1572 1576 1577 1575 1574 1573 1578 1574 1578 1579 1580 1577 1576 1580 1581 1577 1579 1578 1582 1579 1582 1583 1583 1582 1584 1583 1584 1585 1585 1584 1586 1585 1586 1587 1587 1586 1588 1587 1588 1589 1590 1591 1592 1590 1593 1591 1594 1593 1590 1594 1595 1593 1592 1591 1596 1592 1596 1597 1597 1596 1598 1597 1598 1599 1600 1595 1594 1600 1601 1595 1602 1601 1600 1602 1603 1601 1604 1603 1602 1604 1605 1603 1606 1605 1604 1606 1607 1605 1608 1609 1610 1608 1611 1609 1612 1611 1608 1612 1613 1611 1610 1609 1614 1610 1614 1615 1615 1614 1616 1615 1616 1617 1618 1613 1612 1618 1619 1613 1620 1619 1618 1620 1621 1619 1622 1621 1620 1622 1623 1621 1624 1623 1622 1624 1625 1623 1626 1627 1628 1626 1629 1627 1628 1627 1630 1628 1630 1631 1631 1630 1632 1631 1632 1633 1634 1633 1632 1634 1635 1633 1635 1634 1636 1635 1636 1637 1638 1637 1636 1638 1639 1637 1640 1639 1638 1640 1641 1639 1641 1640 1642 1641 1642 1643 1644 1645 1646 1644 1647 1645 1648 1644 1646 1648 1646 1649 1580 1649 1581 1580 1648 1649 1647 1650 1645 1647 1651 1650 1651 1652 1650 1651 1653 1652 1653 1654 1652 1653 1655 1654 1655 1656 1654 1655 1657 1656 1657 1588 1656 1657 1589 1588 1658 1659 1660 1658 1661 1659 1662 1658 1660 1662 1660 1663 1661 1664 1659 1661 1665 1664 1665 1598 1664 1665 1599 1598 1666 1662 1663 1666 1663 1667 1668 1666 1667 1668 1667 1669 1670 1668 1669 1606 1670 1671 1606 1671 1607 1670 1669 1671 1672 1673 1674 1672 1675 1673 1676 1672 1674 1676 1674 1677 1675 1678 1673 1679 1616 1678 1679 1617 1616 1675 1679 1678 1680 1676 1677 1680 1677 1681 1682 1680 1681 1682 1681 1683 1684 1682 1683 1624 1684 1685 1624 1685 1625 1684 1683 1685 1626 1686 1629 1626 1687 1686 1687 1688 1686 1687 1689 1688 1689 1690 1688 1689 1691 1690 1692 1690 1691 1692 1691 1693 1693 1694 1692 1693 1695 1694 1696 1694 1695 1696 1695 1697 1698 1696 1697 1698 1697 1699 1699 1642 1698 1699 1643 1642 1700 1701 1702 1700 1703 1701 1704 1705 1706 1704 1707 1705 1708 1709 1710 1708 1711 1709 1712 1713 1714 1712 1715 1713 1716 1717 1718 1716 1719 1717 1720 1721 1722 1720 1723 1721 1721 1724 1722 1721 1725 1724 1726 1727 1728 1726 1729 1727 1730 1729 1726 1730 1731 1729 1732 1733 1734 1732 1735 1733 1735 1736 1733 1735 1737 1736 1738 1739 1740 1738 1741 1739 1742 1740 1739 1742 1743 1740 1744 1745 1746 1744 1747 1745 1748 1749 1750 1748 1751 1749 1752 1753 1754 1752 1755 1753 1756 1757 1758 1756 1759 1757 1760 1761 1762 1760 1763 1761 1764 1765 1766 1764 1767 1765 1768 1769 1770 1768 1771 1769 1769 1772 1770 1769 1773 1772 1774 1775 1776 1774 1777 1775 1778 1777 1774 1778 1779 1777 1780 1781 1782 1780 1783 1781 1783 1784 1781 1783 1785 1784 1786 1787 1788 1786 1789 1787 1790 1788 1787 1790 1791 1788 1792 1793 1794 1792 1795 1793 1796 1797 1798 1796 1799 1797 1800 1801 1802 1800 1803 1801 1804 1805 1806 1804 1807 1805 1808 1809 1810 1808 1811 1809 1812 1813 1814 1812 1815 1813 1816 1817 1818 1816 1819 1817 1817 1820 1818 1817 1821 1820 1822 1823 1824 1822 1825 1823 1826 1825 1822 1826 1827 1825 1828 1829 1830 1828 1831 1829 1831 1832 1829 1831 1833 1832 1834 1835 1836 1834 1837 1835 1838 1836 1835 1838 1839 1836 1840 1841 1842 1840 1843 1841 1844 1845 1846 1844 1847 1845 1848 1849 1850 1848 1851 1849 1852 1853 1854 1852 1855 1853 1856 1857 1858 1856 1859 1857 1860 1861 1862 1860 1863 1861 1864 1865 1866 1864 1867 1865 1865 1868 1866 1865 1869 1868 1870 1871 1872 1870 1873 1871 1874 1873 1870 1874 1875 1873 1876 1877 1878 1876 1879 1877 1879 1880 1877 1879 1881 1880 1882 1883 1884 1882 1885 1883 1886 1884 1883 1886 1887 1884 1888 1889 1890 1888 1891 1889 1892 1893 1894 1892 1895 1893 1896 1897 1898 1896 1899 1897 1900 1901 1902 1900 1903 1901 1904 1905 1906 1904 1907 1905 1908 1909 1910 1908 1911 1909 1912 1913 1914 1912 1915 1913 1916 1917 1918 1916 1919 1917 1920 1921 1922 1920 1923 1921 1924 1925 1926 1924 1927 1925 1928 1929 1930 1928 1931 1929 1932 1933 1934 1932 1935 1933 1936 1937 1938 1936 1939 1937 1940 1941 1942 1943 1941 1940 1943 1940 1944 1943 1944 1945 1943 1945 1946 1947 1948 1949 1949 1946 1945 1949 1948 1946 1947 1950 1948 1951 1950 1947 1952 1953 1954 1952 1955 1953 1953 1955 1956 1953 1956 1957 1957 1956 1958 1959 1960 1961 1962 1960 1959 1952 1963 1962 1952 1954 1963 1962 1963 1960</p>
        </triangles>
      </mesh>
    </geometry>
  </library_geometries>
  <library_controllers>
    <controller id="Controller">
      <skin source="#Geometry">
        <bind_shape_matrix>1 0 0 0 0 1 0 0 0 0 1 0 0 0 0 1</bind_shape_matrix>
        <source id="Controller-joints">
          <Name_array id="Controller-joints-array" count="8">J_center J_joint_A J_joint_E J_joint_F J_spine01 J_spine02 GRP_joint chr009</Name_array>
          <technique_common>
            <accessor source="#Controller-joints-array" count="8" stride="1">
              <param name="JOINT" type="Name"/>
            </accessor>
          </technique_common>
        </source>
        <source id="Controller-bind_poses">
          <float_array id="Controller-bind_poses-array" count="128">2.54 0 0 0 0 2.54 0 -1.01817 0 0 2.54 0 0 0 0 1 2.54 0 0 0 0 2.54 0 0 0 0 2.54 0 0 0 0 1 2.54 0 0 -1.01817 0 2.54 0 -0.712719 0 0 2.54 0.152726 0 0 0 1 2.54 0 0 1.01817 0 2.54 0 -0.712719 0 0 2.54 0.152726 0 0 0 1 2.54 0 0 -0.00095 0 2.54 0 -1.01817 0 0 2.54 0.020363 0 0 0 1 2.54 0 0 -0.00095 0 2.54 0 -1.01817 0 0 2.54 0.152726 0 0 0 1 2.54 0 0 0 0 2.54 0 0 0 0 2.54 0 0 0 0 1 1 0 0 0 0 1 0 0 0 0 1 0 0 0 0 1</float_array>
          <technique_common>
            <accessor source="#Controller-bind_poses-array" count="8" stride="16">
              <param name="TRANSFORM" type="float4x4"/>
            </accessor>
          </technique_common>
        </source>
        <source id="Controller-weights">
          <float_array id="Controller-weights-array" count="1">1</float_array>
          <technique_common>
            <accessor source="#Controller-weights-array" count="1" stride="1">
              <param name="WEIGHT" type="float"/>
            </accessor>
          </technique_common>
        </source>
        <joints>
          <input semantic="JOINT" source="#Controller-joints"/>
          <input semantic="INV_BIND_MATRIX" source="#Controller-bind_poses"/>
        </joints>
        <vertex_weights count="1964">
          <input semantic="JOINT" source="#Controller-joints" offset="0"/>
          <input semantic="WEIGHT" source="#Controller-weights" offset="1"/>
          <vcount>1 1 1 1 1 1 1 1 1 1 1 1 1 1 1 1 1 1 1 1 1 1 1 1 1 1 1 1 1 1 1 1 1 1 1 1 1 1 1 1 1 1 1 1 1 1 1 1 1 1 1 1 1 1 1 1 1 1 1 1 1 1 1 1 1 1 1 1 1 1 1 1 1 1 1 1 1 1 1 1 1 1 1 1 1 1 1 1 1 1 1 1 1 1 1 1 1 1 1 1 1 1 1 1 1 1 1 1 1 1 1 1 1 1 1 1 1 1 1 1 1 1 1 1 1 1 1 1 1 1 1 1 1 1 1 1 1 1 1 1 1 1 1 1 1 1 1 1 1 1 1 1 1 1 1 1 1 1 1 1 1 1 1 1 1 1 1 1 1 1 1 1 1 1 1 1 1 1 1 1 1 1 1 1 1 1 1 1 1 1 1 1 1 1 1 1 1 1 1 1 1 1 1 1 1 1 1 1 1 1 1 1 1 1 1 1 1 1 1 1 1 1 1 1 1 1 1 1 1 1 1 1 1 1 1 1 1 1 1 1 1 1 1 1 1 1 1 1 1 1 1 1 1 1 1 1 1 1 1 1 1 1 1 1 1 1 1 1 1 1 1 1 1 1 1 1 1 1 1 1 1 1 1 1 1 1 1 1 1 1 1 1 1 1 1 1 1 1 1 1 1 1 1 1 1 1 1 1 1 1 1 1 1 1 1 1 1 1 1 1 1 1 1 1 1 1 1 1 1 1 1 1 1 1 1 1 1 1 1 1 1 1 1 1 1 1 1 1 1 1 1 1 1 1 1 1 1 1 1 1 1 1 1 1 1 1 1 1 1 1 1 1 1 1 1 1 1 1 1 1 1 1 1 1 1 1 1 1 1 1 1 1 1 1 1 1 1 1 1 1 1 1 1 1 1 1 1 1 1 1 1 1 1 1 1 1 1 1 1 1 1 1 1 1 1 1 1 1 1 1 1 1 1 1 1 1 1 1 1 1 1 1 1 1 1 1 1 1 1 1 1 1 1 1 1 1 1 1 1 1 1 1 1 1 1 1 1 1 1 1 1 1 1 1 1 1 1 1 1 1 1 1 1 1 1 1 1 1 1 1 1 1 1 1 1 1 1 1 1 1 1 1 1 1 1 1 1 1 1 1 1 1 1 1 1 1 1 1 1 1 1 1 1 1 1 1 1 1 1 1 1 1 1 1 1 1 1 1 1 1 1 1 1 1 1 1 1 1 1 1 1 1 1 1 1 1 1 1 1 1 1 1 1 1 1 1 1 1 1 1 1 1 1 1 1 1 1 1 1 1 1 1 1 1 1 1 1 1 1 1 1 1 1 1 1 1 1 1 1 1 1 1 1 1 1 1 1 1 1 1 1 1 1 1 1 1 1 1 1 1 1 1 1 1 1 1 1 1 1 1 1 1 1 1 1 1 1 1 1 1 1 1 1 1 1 1 1 1 1 1 1 1 1 1 1 1 1 1 1 1 1 1 1 1 1 1 1 1 1 1 1 1 1 1 1 1 1 1 1 1 1 1 1 1 1 1 1 1 1 1 1 1 1 1 1 1 1 1 1 1 1 1 1 1 1 1 1 1 1 1 1 1 1 1 1 1 1 1 1 1 1 1 1 1 1 1 1 1 1 1 1 1 1 1 1 1 1 1 1 1 1 1 1 1 1 1 1 1 1 1 1 1 1 1 1 1 1 1 1 1 1 1 1 1 1 1 1 1 1 1 1 1 1 1 1 1 1 1 1 1 1 1 1 1 1 1 1 1 1 1 1 1 1 1 1 1 1 1 1 1 1 1 1 1 1 1 1 1 1 1 1 1 1 1 1 1 1 1 1 1 1 1 1 1 1 1 1 1 1 1 1 1 1 1 1 1 1 1 1 1 1 1 1 1 1 1 1 1 1 1 1 1 1 1 1 1 1 1 1 1 1 1 1 1 1 1 1 1 1 1 1 1 1 1 1 1 1 1 1 1 1 1 1 1 1 1 1 1 1 1 1 1 1 1 1 1 1 1 1 1 1 1 1 1 1 1 1 1 1 1 1 1 1 1 1 1 1 1 1 1 1 1 1 1 1 1 1 1 1 1 1 1 1 1 1 1 1 1 1 1 1 1 1 1 1 1 1 1 1 1 1 1 1 1 1 1 1 1 1 1 1 1 1 1 1 1 1 1 1 1 1 1 1 1 1 1 1 1 1 1 1 1 1 1 1 1 1 1 1 1 1 1 1 1 1 1 1 1 1 1 1 1 1 1 1 1 1 1 1 1 1 1 1 1 1 1 1 1 1 1 1 1 1 1 1 1 1 1 1 1 1 1 1 1 1 1 1 1 1 1 1 1 1 1 1 1 1 1 1 1 1 1 1 1 1 1 1 1 1 1 1 1 1 1 1 1 1 1 1 1 1 1 1 1 1 1 1 1 1 1 1 1 1 1 1 1 1 1 1 1 1 1 1 1 1 1 1 1 1 1 1 1 1 1 1 1 1 1 1 1 1 1 1 1 1 1 1 1 1 1 1 1 1 1 1 1 1 1 1 1 1 1 1 1 1 1 1 1 1 1 1 1 1 1 1 1 1 1 1 1 1 1 1 1 1 1 1 1 1 1 1 1 1 1 1 1 1 1 1 1 1 1 1 1 1 1 1 1 1 1 1 1 1 1 1 1 1 1 1 1 1 1 1 1 1 1 1 1 1 1 1 1 1 1 1 1 1 1 1 1 1 1 1 1 1 1 1 1 1 1 1 1 1 1 1 1 1 1 1 1 1 1 1 1 1 1 1 1 1 1 1 1 1 1 1 1 1 1 1 1 1 1 1 1 1 1 1 1 1 1 1 1 1 1 1 1 1 1 1 1 1 1 1 1 1 1 1 1 1 1 1 1 1 1 1 1 1 1 1 1 1 1 1 1 1 1 1 1 1 1 1 1 1 1 1 1 1 1 1 1 1 1 1 1 1 1 1 1 1 1 1 1 1 1 1 1 1 1 1 1 1 1 1 1 1 1 1 1 1 1 1 1 1 1 1 1 1 1 1 1 1 1 1 1 1 1 1 1 1 1 1 1 1 1 1 1 1 1 1 1 1 1 1 1 1 1 1 1 1 1 1 1 1 1 1 1 1 1 1 1 1 1 1 1 1 1 1 1 1 1 1 1 1 1 1 1 1 1 1 1 1 1 1 1 1 1 1 1 1 1 1 1 1 1 1 1 1 1 1 1 1 1 1 1 1 1 1 1 1 1 1 1 1 1 1 1 1 1 1 1 1 1 1 1 1 1 1 1 1 1 1 1 1 1 1 1 1 1 1 1 1 1 1 1 1 1 1 1 1 1 1 1 1 1 1 1 1 1 1 1 1 1 1 1 1 1 1 1 1 1 1 1 1 1 1 1 1 1 1 1 1 1 1 1 1 1 1 1 1 1 1 1 1 1 1 1 1 1 1 1 1 1 1 1 1 1 1 1 1 1 1 1 1 1 1 1 1 1 1 1 1 1 1 1 1 1 1 1 1 1 1 1 1 1 1 1 1 1 1 1 1 1 1 1 1 1 1 1 1 1 1 1 1 1 1 1 1 1 1 1 1 1 1 1 1 1 1 1 1 1 1 1 1 1 1 1 1 1 1 1 1 1 1 1 1 1 1 1 1 1 1 1 1 1 1 1 1 1 1 1 1 1 1 1 1 1 1 1 1 1 1 1 1 1 1 1 1 1 1 1 1 1 1 1 1 1 1 1 1 1 1 1 1 1 1 1 1 1 1 1 1 1 1 1 1 1 1 1 1 1 1 1 1 1 1 1 1 1 1 1 1 1 1 1 1 1 1 1 1 1 1 1 1 1 1 1 1 1 1 1 1 1 1 1 1 1 1 1 1 1 1 1 1 1 1 1 1 1 1 1 1 1 1 1 1 1 1 1 1 1 1 1 1 1 1 1 1 1 1 1 1 1 1 1 1 1 1 1 1 1 1 1 1 1 1 1 1 1 1 1 1 1 1 1 1 1 1 1 1 1 1 1 1 1 1 1 1 1 1 1 1 1 1 1 1 1 1 1 1 1 1 1 1 1 1 1 1 1 1 1 1 1 1 1 1 1 1 1 1 1 1 1 1 1 1 1 1 1 1 1 1 1 1 1 1 1 1 1 1 1 1 1 1 1 1 1 1 1 1 1 1 1 1 1 1 1 1 1 1 1 1 1 1 1 1 1 1 1 1 1 1 1 1 1 1 1 1 1 1 1 1 1 1 1 1 1 1 1 1 1 1 1 1 1 1 1 1 1 1 1 1 1 1 1 1 1 1 1 1 1 1 1 1 1 1 1 1 1 1 1 1 1 1 1 1 1 1 1 1 1 1 1 1 1 1 1 1 1 1 1 1 1 1 1 1 1 1 1 1 1 1 1 1 1 1 1 1 1 1 1 1 1 1 1 </vcount>
          <v>0 0 0 0 0 0 0 0 0 0 0 0 0 0 0 0 0 0 0 0 0 0 0 0 0 0 0 0 0 0 0 0 0 0 0 0 0 0 0 0 0 0 0 0 0 0 0 0 0 0 0 0 0 0 0 0 0 0 0 0 0 0 0 0 0 0 0 0 0 0 0 0 0 0 0 0 0 0 0 0 0 0 0 0 0 0 0 0 0 0 0 0 0 0 0 0 0 0 0 0 0 0 0 0 0 0 0 0 0 0 0 0 0 0 0 0 0 0 0 0 0 0 0 0 0 0 0 0 0 0 0 0 0 0 0 0 0 0 0 0 0 0 0 0 0 0 0 0 0 0 0 0 0 0 0 0 0 0 0 0 0 0 0 0 0 0 0 0 0 0 0 0 0 0 0 0 0 0 0 0 0 0 0 0 0 0 0 0 0 0 0 0 0 0 0 0 0 0 0 0 0 0 0 0 0 0 0 0 0 0 0 0 0 0 0 0 0 0 0 0 0 0 0 0 0 0 0 0 0 0 0 0 0 0 0 0 0 0 0 0 0 0 0 0 0 0 0 0 0 0 0 0 0 0 0 0 0 0 0 0 0 0 0 0 0 0 0 0 0 0 0 0 0 0 0 0 0 0 0 0 0 0 0 0 0 0 0 0 0 0 0 0 0 0 0 0 0 0 0 0 0 0 0 0 0 0 0 0 0 0 0 0 0 0 0 0 0 0 0 0 0 0 0 0 0 0 0 0 0 0 0 0 0 0 0 0 0 0 0 0 0 0 0 0 0 0 0 0 0 0 0 0 0 0 0 0 0 0 0 0 0 0 0 0 0 0 0 0 0 0 0 0 0 0 0 0 0 0 0 0 0 0 0 0 0 0 0 0 0 0 0 0 0 0 0 0 0 0 0 0 0 0 0 0 0 0 0 0 0 0 0 0 0 0 0 0 0 0 0 0 0 0 0 0 0 0 0 0 0 0 0 0 0 0 0 0 0 0 0 0 0 0 0 0 0 0 0 0 0 0 0 0 0 0 0 0 0 0 0 0 0 0 0 0 0 0 0 0 0 0 0 0 0 0 0 0 0 0 0 0 0 0 0 0 0 0 0 0 0 0 0 0 0 0 0 0 0 0 0 0 0 0 0 0 0 0 0 0 0 0 0 0 0 0 0 0 0 0 0 0 0 0 0 0 0 0 0 0 0 0 0 0 0 0 0 0 0 0 0 0 0 0 0 0 0 0 0 0 0 0 0 0 0 0 0 0 0 0 0 0 0 0 0 0 0 0 0 0 0 0 0 0 0 0 0 0 0 0 0 0 0 0 0 0 0 0 0 0 0 0 0 0 0 0 0 0 0 0 0 0 0 0 0 0 0 0 0 0 0 0 0 0 0 0 0 0 0 0 0 0 0 0 0 0 0 0 0 0 0 0 0 0 0 0 0 0 0 0 0 0 0 0 0 0 0 0 0 0 0 0 0 0 0 0 0 0 0 0 0 0 0 0 0 0 0 0 0 0 0 0 0 0 0 0 0 0 0 0 0 0 0 0 0 0 0 0 0 0 0 0 0 0 0 0 0 0 0 0 0 0 0 0 0 0 0 0 0 0 0 0 0 0 0 0 0 0 0 0 0 0 0 0 0 0 0 0 0 0 0 0 0 0 0 0 0 0 0 0 0 0 0 0 0 0 0 0 0 0 0 0 0 0 0 0 0 0 0 0 0 0 0 0 0 0 0 0 0 0 0 0 0 0 0 0 0 0 0 0 0 0 0 0 0 0 0 0 0 0 0 0 0 0 0 0 0 0 0 0 0 0 0 0 0 0 0 0 0 0 0 0 0 0 0 0 0 0 0 0 0 0 0 0 0 0 0 0 0 0 0 0 0 0 0 0 0 0 0 0 0 0 0 0 0 0 0 0 0 0 0 0 0 0 0 0 0 0 0 0 0 0 0 0 0 0 0 0 0 0 0 0 0 0 0 0 0 0 0 0 0 0 0 0 0 0 0 0 0 0 0 0 0 0 0 0 0 0 0 0 0 0 0 0 0 0 0 0 0 0 0 0 0 0 0 0 0 0 0 0 0 0 0 0 0 0 0 0 0 0 0 0 0 0 0 0 0 0 0 0 0 0 0 0 0 0 0 0 0 0 0 0 0 0 0 0 0 0 0 0 0 0 0 0 0 0 0 0 0 0 0 0 0 0 0 0 0 0 0 0 0 0 0 0 0 0 0 0 0 0 0 0 0 0 0 0 0 0 0 0 0 0 0 0 0 0 0 0 0 0 0 0 0 0 0 0 0 0 0 0 0 0 0 0 0 0 0 0 0 0 0 0 0 0 0 0 0 0 0 0 0 0 0 0 0 0 0 0 0 0 0 0 0 0 0 0 0 0 0 0 0 0 0 0 0 0 0 0 0 0 0 0 0 0 0 0 0 0 0 0 0 0 0 0 0 0 0 0 0 0 0 0 0 0 0 0 0 0 0 0 0 0 0 0 0 0 0 0 0 0 0 0 0 0 0 0 0 0 0 0 0 0 0 0 0 0 0 0 0 0 0 0 0 0 0 0 0 0 0 0 0 0 0 0 0 0 0 0 0 0 0 0 0 0 0 0 0 0 0 0 0 0 0 0 0 0 0 0 0 0 0 0 0 0 0 0 0 0 0 0 0 0 0 0 0 0 0 0 0 0 0 0 0 0 0 0 0 0 0 0 0 0 0 0 0 0 0 0 0 0 0 0 0 0 0 0 0 0 0 0 0 0 0 0 0 0 0 0 0 0 0 0 0 0 0 0 0 0 0 0 0 0 0 0 0 0 0 0 0 0 0 0 0 0 0 0 0 0 0 0 0 0 0 0 0 0 0 0 0 0 0 0 0 0 0 0 0 0 0 0 0 0 0 0 0 0 0 0 0 0 0 0 0 0 0 0 0 0 0 0 0 0 0 0 0 0 0 0 0 0 0 0 0 0 0 0 0 0 0 0 0 0 0 0 0 0 0 0 0 0 0 0 0 0 0 0 0 0 0 0 0 0 0 0 0 0 0 0 0 0 0 0 0 0 0 0 0 0 0 0 0 0 0 0 0 0 0 0 0 0 0 0 0 0 0 0 0 0 0 0 0 0 0 0 0 0 0 0 0 0 0 0 0 0 0 0 0 0 0 0 0 0 0 0 0 0 0 0 0 0 0 0 0 0 0 0 0 0 0 0 0 0 0 0 0 0 0 0 0 0 0 0 0 0 0 0 0 0 0 0 0 0 0 0 0 0 0 0 0 0 0 0 0 0 0 0 0 0 0 0 0 0 0 0 0 0 0 0 0 0 0 0 0 0 0 0 0 0 0 0 0 0 0 0 0 0 0 0 0 0 0 0 0 0 0 0 0 0 0 0 0 0 0 0 0 0 0 0 0 0 0 0 0 0 0 0 0 0 0 0 0 0 0 0 0 0 0 0 0 0 0 0 0 0 0 0 0 0 0 0 0 0 0 0 0 0 0 0 0 0 0 0 0 0 0 0 0 0 0 0 0 0 0 0 0 0 0 0 0 0 0 0 0 0 0 0 0 0 0 0 0 0 0 0 0 0 0 0 0 0 4 0 4 0 4 0 4 0 4 0 4 0 4 0 4 0 4 0 4 0 4 0 4 0 4 0 4 0 4 0 4 0 4 0 4 0 4 0 4 0 4 0 4 0 4 0 4 0 4 0 4 0 4 0 4 0 4 0 4 0 4 0 4 0 4 0 4 0 4 0 4 0 4 0 4 0 4 0 4 0 4 0 4 0 4 0 4 0 4 0 4 0 4 0 4 0 4 0 4 0 4 0 4 0 4 0 4 0 4 0 4 0 4 0 4 0 4 0 4 0 4 0 4 0 4 0 4 0 4 0 4 0 4 0 4 0 4 0 4 0 4 0 4 0 4 0 4 0 4 0 4 0 4 0 4 0 4 0 4 0 4 0 4 0 4 0 4 0 4 0 4 0 4 0 4 0 4 0 4 0 4 0 4 0 4 0 4 0 4 0 4 0 4 0 4 0 4 0 4 0 4 0 4 0 4 0 4 0 4 0 4 0 4 0 4 0 4 0 4 0 4 0 4 0 4 0 4 0 4 0 4 0 4 0 4 0 4 0 4 0 4 0 4 0 4 0 4 0 4 0 4 0 4 0 4 0 4 0 4 0 4 0 4 0 4 0 4 0 4 0 4 0 4 0 4 0 4 0 4 0 4 0 4 0 4 0 4 0 4 0 4 0 4 0 4 0 4 0 4 0 4 0 4 0 4 0 4 0 4 0 4 0 4 0 4 0 4 0 4 0 4 0 4 0 4 0 4 0 4 0 4 0 4 0 4 0 4 0 4 0 4 0 4 0 4 0 4 0 4 0 4 0 4 0 4 0 4 0 4 0 4 0 4 0 4 0 4 0 4 0 4 0 4 0 4 0 4 0 4 0 4 0 4 0 4 0 4 0 4 0 4 0 4 0 4 0 4 0 4 0 4 0 4 0 4 0 4 0 4 0 4 0 4 0 4 0 4 0 4 0 4 0 4 0 4 0 4 0 4 0 4 0 5 0 4 0 4 0 5 0 4 0 0 0 4 0 0 0 4 0 0 0 4 0 5 0 0 0 4 0 4 0 5 0 4 0 4 0 4 0 4 0 4 0 4 0 4 0 4 0 4 0 4 0 4 0 4 0 4 0 4 0 4 0 4 0 4 0 4 0 4 0 4 0 4 0 4 0 4 0 4 0 4 0 4 0 4 0 4 0 4 0 4 0 4 0 4 0 4 0 4 0 4 0 4 0 4 0 4 0 4 0 4 0 4 0 4 0 4 0 4 0 4 0 4 0 4 0 4 0 4 0 4 0 4 0 4 0 4 0 4 0 4 0 4 0 4 0 4 0 4 0 4 0 4 0 4 0 4 0 4 0 4 0 4 0 4 0 4 0 4 0 4 0 4 0 4 0 4 0 4 0 4 0 4 0 4 0 4 0 4 0 4 0 4 0 4 0 4 0 4 0 4 0 4 0 4 0 4 0 4 0 4 0 4 0 4 0 4 0 4 0 4 0 4 0 4 0 4 0 4 0 4 0 4 0 4 0 4 0 4 0 4 0 4 0 4 0 4 0 4 0 4 0 4 0 4 0 4 0 4 0 4 0 4 0 4 0 4 0 4 0 4 0 4 0 4 0 4 0 4 0 4 0 4 0 4 0 4 0 4 0 4 0 4 0 4 0 4 0 4 0 4 0 4 0 4 0 4 0 4 0 4 0 4 0 4 0 4 0 4 0 4 0 4 0 4 0 4 0 4 0 4 0 4 0 4 0 4 0 4 0 3 0 3 0 3 0 3 0 3 0 3 0 3 0 3 0 3 0 3 0 3 0 3 0 3 0 3 0 3 0 3 0 3 0 3 0 3 0 3 0 3 0 3 0 3 0 3 0 3 0 3 0 3 0 3 0 3 0 3 0 3 0 3 0 3 0 3 0 3 0 3 0 3 0 3 0 3 0 3 0 3 0 3 0 3 0 3 0 3 0 3 0 3 0 3 0 3 0 3 0 3 0 3 0 3 0 3 0 3 0 3 0 3 0 3 0 3 0 3 0 3 0 3 0 3 0 3 0 3 0 3 0 3 0 3 0 3 0 3 0 3 0 3 0 3 0 3 0 3 0 3 0 3 0 3 0 3 0 3 0 3 0 3 0 3 0 3 0 3 0 3 0 3 0 3 0 3 0 3 0 3 0 3 0 3 0 3 0 3 0 3 0 3 0 3 0 3 0 3 0 3 0 3 0 3 0 3 0 3 0 3 0 3 0 3 0 3 0 3 0 3 0 3 0 3 0 3 0 3 0 3 0 3 0 3 0 3 0 3 0 3 0 3 0 3 0 3 0 3 0 3 0 3 0 3 0 3 0 3 0 3 0 3 0 3 0 3 0 3 0 3 0 3 0 3 0 3 0 3 0 3 0 3 0 3 0 3 0 3 0 3 0 3 0 3 0 3 0 3 0 3 0 3 0 3 0 3 0 3 0 3 0 3 0 3 0 3 0 3 0 3 0 3 0 3 0 3 0 3 0 3 0 3 0 3 0 3 0 3 0 3 0 3 0 3 0 3 0 3 0 3 0 3 0 3 0 3 0 3 0 3 0 3 0 3 0 3 0 3 0 3 0 3 0 3 0 3 0 3 0 3 0 3 0 3 0 3 0 3 0 3 0 3 0 3 0 3 0 3 0 3 0 3 0 3 0 3 0 3 0 3 0 3 0 3 0 3 0 3 0 3 0 3 0 3 0 3 0 3 0 3 0 3 0 3 0 3 0 3 0 3 0 3 0 3 0 3 0 3 0 3 0 3 0 3 0 3 0 3 0 3 0 3 0 3 0 3 0 3 0 3 0 3 0 3 0 3 0 3 0 3 0 3 0 3 0 3 0 3 0 3 0 3 0 3 0 3 0 3 0 3 0 3 0 3 0 3 0 3 0 3 0 3 0 3 0 3 0 3 0 3 0 3 0 3 0 3 0 3 0 3 0 3 0 3 0 3 0 3 0 3 0 3 0 3 0 3 0 3 0 3 0 3 0 3 0 3 0 3 0 3 0 3 0 3 0 3 0 3 0 3 0 3 0 3 0 3 0 3 0 3 0 3 0 3 0 3 0 3 0 3 0 3 0 3 0 3 0 3 0 3 0 3 0 3 0 3 0 3 0 3 0 3 0 3 0 3 0 3 0 3 0 3 0 3 0 3 0 3 0 3 0 3 0 3 0 3 0 3 0 3 0 3 0 3 0 3 0 3 0 3 0 3 0 3 0 3 0 3 0 3 0 3 0 3 0 3 0 3 0 3 0 3 0 3 0 3 0 3 0 3 0 3 0 3 0 3 0 3 0 3 0 3 0 3 0 3 0 3 0 3 0 3 0 3 0 3 0 3 0 3 0 3 0 3 0 3 0 3 0 3 0 3 0 3 0 3 0 3 0 3 0 3 0 3 0 3 0 3 0 3 0 3 0 3 0 3 0 3 0 3 0 3 0 3 0 3 0 3 0 3 0 3 0 3 0 3 0 3 0 3 0 3 0 3 0 3 0 3 0 3 0 3 0 2 0 2 0 2 0 2 0 2 0 2 0 2 0 2 0 2 0 2 0 2 0 2 0 2 0 2 0 2 0 2 0 2 0 2 0 2 0 2 0 2 0 2 0 2 0 2 0 2 0 2 0 2 0 2 0 2 0 2 0 2 0 2 0 2 0 2 0 2 0 2 0 2 0 2 0 2 0 2 0 2 0 2 0 2 0 2 0 2 0 2 0 2 0 2 0 2 0 2 0 2 0 2 0 2 0 2 0 2 0 2 0 2 0 2 0 2 0 2 0 2 0 2 0 2 0 2 0 2 0 2 0 2 0 2 0 2 0 2 0 2 0 2 0 2 0 2 0 2 0 2 0 2 0 2 0 2 0 2 0 2 0 2 0 2 0 2 0 2 0 2 0 2 0 2 0 2 0 2 0 2 0 2 0 2 0 2 0 2 0 2 0 2 0 2 0 2 0 2 0 2 0 2 0 2 0 2 0 2 0 2 0 2 0 2 0 2 0 2 0 2 0 2 0 2 0 2 0 2 0 2 0 2 0 2 0 2 0 2 0 2 0 2 0 2 0 2 0 2 0 2 0 2 0 2 0 2 0 2 0 2 0 2 0 2 0 2 0 2 0 2 0 2 0 2 0 2 0 2 0 2 0 2 0 2 0 2 0 2 0 2 0 2 0 2 0 2 0 2 0 2 0 2 0 2 0 2 0 2 0 2 0 2 0 2 0 2 0 2 0 2 0 2 0 2 0 2 0 2 0 2 0 2 0 2 0 2 0 2 0 2 0 2 0 2 0 2 0 2 0 2 0 2 0 2 0 2 0 2 0 2 0 2 0 2 0 2 0 2 0 2 0 2 0 2 0 2 0 2 0 2 0 2 0 2 0 2 0 2 0 2 0 2 0 2 0 2 0 2 0 2 0 2 0 2 0 2 0 2 0 2 0 2 0 2 0 2 0 2 0 2 0 2 0 2 0 2 0 2 0 2 0 2 0 2 0 2 0 2 0 2 0 2 0 2 0 2 0 2 0 2 0 2 0 2 0 2 0 2 0 2 0 2 0 2 0 2 0 2 0 2 0 2 0 2 0 2 0 2 0 2 0 2 0 2 0 2 0 2 0 2 0 2 0 2 0 2 0 2 0 2 0 2 0 2 0 2 0 2 0 2 0 2 0 2 0 2 0 2 0 2 0 2 0 2 0 2 0 2 0 2 0 2 0 2 0 2 0 2 0 2 0 2 0 2 0 2 0 2 0 2 0 2 0 2 0 2 0 2 0 2 0 2 0 2 0 2 0 2 0 2 0 2 0 2 0 2 0 2 0 2 0 2 0 2 0 2 0 2 0 2 0 2 0 2 0 2 0 2 0 2 0 2 0 2 0 2 0 2 0 2 0 2 0 2 0 2 0 2 0 2 0 2 0 2 0 2 0 2 0 2 0 2 0 2 0 2 0 2 0 2 0 2 0 2 0 2 0 2 0 2 0 2 0 2 0 2 0 2 0 2 0 2 0 2 0 2 0 2 0 2 0 2 0 2 0 2 0 2 0 2 0 2 0 2 0 2 0 2 0 2 0 2 0 2 0 2 0 2 0 2 0 2 0 2 0 2 0 2 0 2 0 2 0 2 0 2 0 2 0 2 0 2 0 2 0 2 0 2 0 2 0 2 0 2 0 2 0 2 0 2 0 2 0 2 0 2 0 2 0 2 0 2 0 2 0 2 0 2 0 2 0 2 0 2 0 2 0 2 0 2 0 2 0 2 0 2 0 2 0 2 0 2 0</v>
        </vertex_weights>
      </skin>
      <extra>
        <technique profile="FCOLLADA">
          <user_properties>SkinController</user_properties>
        </technique>
      </extra>
    </controller>
  </library_controllers>
  <library_visual_scenes>
    <visual_scene id="VisualSceneNode" name="rdmscene">
      <node id="VisualSceneNode1" name="chr009" sid="chr009" type="JOINT">
        <matrix>1 0 0 0 0 1 0 0 0 0 1 0 0 0 0 1</matrix>
        <node id="VisualSceneNode2" name="GRP_joint" sid="GRP_joint" type="JOINT">
          <matrix>0.393701 0 0 0 0 0.393701 0 0 0 0 0.393701 0 0 0 0 1</matrix>
          <node id="VisualSceneNode3" name="J_joint_A" sid="J_joint_A" type="JOINT">
            <matrix>1 0 0 0 0 1 0 0 0 0 1 0 0 0 0 1</matrix>
            <node id="VisualSceneNode4" name="J_center" sid="J_center" type="JOINT">
              <matrix>1 0 0 0 0 1 0 1.01817 0 0 1 0 0 0 0 1</matrix>
              <node id="VisualSceneNode5" name="J_joint_E" sid="J_joint_E" type="JOINT">
                <matrix>1 0 0 1.01817 0 1 0 -0.305451 0 0 1 -0.152726 0 0 0 1</matrix>
              </node>
              <node id="VisualSceneNode6" name="J_joint_F" sid="J_joint_F" type="JOINT">
                <matrix>1 0 0 -1.01817 0 1 0 -0.305451 0 0 1 -0.152726 0 0 0 1</matrix>
              </node>
              <node id="VisualSceneNode7" name="J_spine01" sid="J_spine01" type="JOINT">
                <matrix>1 0 0 0.00095 0 1 0 0 0 0 1 -0.020363 0 0 0 1</matrix>
                <node id="VisualSceneNode8" name="J_spine02" sid="J_spine02" type="JOINT">
                  <matrix>1 0 0 0 0 1 0 0 0 0 1 -0.132362 0 0 0 1</matrix>
                </node>
              </node>
            </node>
          </node>
        </node>
      </node>
      <node id="VisualSceneNode9" name="chr009" type="NODE">
        <matrix>1 0 0 0 0 1 0 0 0 0 1 0 0 0 0 1</matrix>
        <instance_controller url="#Controller">
          <skeleton>#VisualSceneNode1</skeleton>
          <bind_material>
            <technique_common>
              <instance_material symbol="VisualMaterial0" target="#VisualMaterial"/>
            </technique_common>
          </bind_material>
        </instance_controller>
      </node>
    </visual_scene>
  </library_visual_scenes>
  <scene>
    <instance_visual_scene url="#VisualSceneNode"/>
  </scene>
</COLLADA>
