<?xml version="1.0" encoding="utf-8"?>
<COLLADA xmlns="http://www.collada.org/2005/11/COLLADASchema" version="1.4.1">
  <asset>
    <created>2017-08-25T11:23:05Z</created>
    <modified>2017-08-25T11:23:05Z</modified>
  </asset>
  <library_images>
    <image id="Image">
      <init_from>chr209a01.png</init_from>
    </image>
  </library_images>
  <library_materials>
    <material id="VisualMaterial" name="chr209a01">
      <instance_effect url="#Effect"/>
      <extra>
        <technique profile="FCOLLADA">
          <user_properties>chr209a01</user_properties>
        </technique>
      </extra>
    </material>
  </library_materials>
  <library_effects>
    <effect id="Effect" name="Texture2D_chr209a01_png">
      <profile_COMMON>
        <newparam sid="Image-surface">
          <surface type="2D">
            <init_from>Image</init_from>
            <format>A8R8G8B8</format>
          </surface>
        </newparam>
        <newparam sid="Image-sampler">
          <sampler2D>
            <source>Image-surface</source>
            <wrap_s>WRAP</wrap_s>
            <wrap_t>WRAP</wrap_t>
            <minfilter>NONE</minfilter>
            <magfilter>NONE</magfilter>
            <mipfilter>NONE</mipfilter>
          </sampler2D>
        </newparam>
        <technique sid="common">
          <phong>
            <emission>
              <color>0 0 0 1</color>
            </emission>
            <ambient>
              <color>0 0 0 1</color>
            </ambient>
            <diffuse>
              <texture texture="Image-sampler" texcoord=""/>
            </diffuse>
            <specular>
              <color>1 1 1 1</color>
            </specular>
            <shininess>
              <float>0</float>
            </shininess>
            <transparent opaque="A_ONE">
              <color>0 0 0 1</color>
            </transparent>
            <transparency>
              <float>1</float>
            </transparency>
            <index_of_refraction>
              <float>1.55</float>
            </index_of_refraction>
          </phong>
          <extra>
            <technique profile="FCOLLADA">
              <spec_level>
                <float>0</float>
              </spec_level>
            </technique>
          </extra>
        </technique>
      </profile_COMMON>
      <extra>
        <technique profile="FCOLLADA">
          <user_properties>Texture2D%5Cchr209a01.png</user_properties>
        </technique>
      </extra>
    </effect>
  </library_effects>
  <library_geometries>
    <geometry id="Geometry" name="chr209">
      <mesh>
        <source id="GeometrySource" name="chr209Pos">
          <float_array id="GeometrySource-array" count="13593">0.124885 1.33304 -0.143328 0.114723 1.27767 -0.151545 0.167711 1.35893 -0.202056 0.178342 1.46511 -0.196023 0.156873 1.39294 -0.125938 0.214757 1.40447 -0.245962 0.274898 1.48302 -0.306444 0.294831 1.44736 -0.326022 0.124885 1.33304 -0.143328 0.167711 1.35893 -0.202056 0.114723 1.27767 -0.151545 0.178342 1.46511 -0.196023 0.156873 1.39294 -0.125938 0.214757 1.40447 -0.245962 0.274898 1.48302 -0.306444 0.294831 1.44736 -0.326022 -0.124885 1.33304 -0.143328 -0.167711 1.35893 -0.202056 -0.114723 1.27767 -0.151545 -0.178342 1.46511 -0.196023 -0.156873 1.39294 -0.125938 -0.214757 1.40447 -0.245962 -0.274898 1.48302 -0.306444 -0.294831 1.44736 -0.326022 -0.124885 1.33304 -0.143328 -0.114723 1.27767 -0.151545 -0.167711 1.35893 -0.202056 -0.178342 1.46511 -0.196023 -0.156873 1.39294 -0.125938 -0.214757 1.40447 -0.245962 -0.274898 1.48302 -0.306444 -0.294831 1.44736 -0.326022 -0.244677 1.55175 -0.292331 -0.178342 1.46511 -0.196023 -0.274898 1.48302 -0.306444 -0.368767 1.48993 -0.391831 -0.320925 1.63498 -0.373369 -0.434345 1.62586 -0.459308 -0.344021 1.65443 -0.39459 -0.477979 1.48966 -0.478957 -0.511855 1.58716 -0.513237 -0.571391 1.48404 -0.546298 -0.597163 1.53647 -0.571704 -0.691447 1.47362 -0.627792 -0.31293 1.82748 -0.410781 -0.401514 1.83942 -0.503861 -0.304848 1.89597 -0.414283 -0.412802 1.75266 -0.487189 -0.409461 1.92578 -0.516069 -0.329164 1.93415 -0.441639 -0.672018 1.8332 -0.725244 -0.511019 1.77983 -0.597231 -0.630215 1.72082 -0.690733 -0.537977 1.88794 -0.612757 -0.604135 1.56268 -0.576924 -0.692539 1.57187 -0.696406 -0.609638 1.62523 -0.640685 -0.70266 1.4799 -0.636799 -0.435093 1.67259 -0.46804 -0.507109 1.6911 -0.56282 -0.520294 1.6217 -0.524035 -0.328286 1.71784 -0.396959 -0.335624 2.06091 -0.512475 -0.292988 2.01844 -0.463611 -0.353374 2.04501 -0.530545 -0.283842 2.02082 -0.454425 -0.614841 2.22184 -0.789431 -0.45688 2.14435 -0.639163 -0.468528 2.09474 -0.646647 -0.616972 2.14443 -0.78891 -0.678534 1.86819 -0.7321 -0.747093 1.91926 -0.837374 -0.651871 1.94224 -0.757417 -0.806047 1.79588 -0.809042 -0.414708 1.97681 -0.531105 -0.541517 1.93329 -0.624995 -0.520745 1.97413 -0.636436 -0.407035 1.98799 -0.534125 -0.261721 1.98637 -0.418939 -0.316514 1.99721 -0.467071 -0.311294 2.00363 -0.467721 -0.324764 1.99203 -0.463548 -0.303706 2.011 -0.468601 -0.246738 1.55211 -0.290266 -0.274898 1.48302 -0.306444 -0.178342 1.46511 -0.196023 -0.368767 1.48993 -0.391831 -0.322799 1.63526 -0.371118 -0.436135 1.62607 -0.45698 -0.345805 1.65469 -0.392261 -0.477979 1.48966 -0.478957 -0.513615 1.58732 -0.510881 -0.571391 1.48404 -0.546298 -0.598856 1.53663 -0.569301 -0.691447 1.47362 -0.627792 -0.314928 1.82811 -0.408717 -0.403516 1.83974 -0.501725 -0.414819 1.75342 -0.485182 -0.306895 1.8963 -0.412202 -0.411394 1.92586 -0.513853 -0.331192 1.9343 -0.43951 -0.673775 1.83321 -0.722885 -0.632077 1.72116 -0.688477 -0.512967 1.78015 -0.595047 -0.539817 1.88791 -0.610458 -0.606209 1.56403 -0.575328 -0.611665 1.62624 -0.638805 -0.692539 1.57187 -0.696406 -0.70266 1.4799 -0.636799 -0.437076 1.67355 -0.466104 -0.509151 1.69207 -0.560934 -0.522336 1.62297 -0.522342 -0.330215 1.71859 -0.394864 -0.337736 2.06105 -0.510428 -0.294981 2.0191 -0.461546 -0.285975 2.02118 -0.452438 -0.355359 2.04557 -0.528446 -0.616819 2.22193 -0.787252 -0.470525 2.09508 -0.64451 -0.458923 2.14446 -0.637045 -0.618929 2.14466 -0.78672 -0.680472 1.86953 -0.730335 -0.653802 1.94345 -0.755551 -0.747093 1.91926 -0.837374 -0.806047 1.79588 -0.809042 -0.416241 1.97876 -0.529634 -0.522605 1.97555 -0.634648 -0.543402 1.93471 -0.623239 -0.408644 1.98984 -0.532498 -0.26269 1.9881 -0.417715 -0.305335 2.01239 -0.466574 -0.312813 2.00518 -0.465734 -0.317604 1.99948 -0.465538 -0.325302 1.99468 -0.462729 0.244676 1.55175 -0.292331 0.274898 1.48302 -0.306444 0.178342 1.46511 -0.196023 0.368768 1.48993 -0.391831 0.320925 1.63498 -0.373369 0.434345 1.62586 -0.459308 0.34402 1.65443 -0.394589 0.477979 1.48967 -0.478957 0.511855 1.58716 -0.513236 0.571391 1.48404 -0.546298 0.597163 1.53647 -0.571704 0.691447 1.47362 -0.627792 0.31293 1.82748 -0.410781 0.401514 1.83942 -0.50386 0.412801 1.75266 -0.487189 0.304848 1.89597 -0.414283 0.40946 1.92578 -0.516068 0.329163 1.93415 -0.441639 0.672017 1.8332 -0.725244 0.511018 1.77983 -0.59723 0.537976 1.88794 -0.612756 0.630215 1.72082 -0.690733 0.604135 1.56268 -0.576924 0.609638 1.62523 -0.640685 0.692539 1.57187 -0.696406 0.70266 1.4799 -0.636799 0.435093 1.67259 -0.46804 0.507109 1.6911 -0.562819 0.520294 1.6217 -0.524035 0.328286 1.71784 -0.396959 0.335624 2.06091 -0.512475 0.292987 2.01844 -0.463611 0.283841 2.02082 -0.454425 0.353373 2.04501 -0.530545 0.61484 2.22184 -0.789431 0.468527 2.09474 -0.646647 0.456879 2.14435 -0.639163 0.616971 2.14443 -0.788909 0.678534 1.86819 -0.7321 0.65187 1.94224 -0.757417 0.747092 1.91926 -0.837374 0.806046 1.79588 -0.809042 0.414707 1.97681 -0.531105 0.520745 1.97413 -0.636435 0.541516 1.93329 -0.624995 0.407034 1.98799 -0.534125 0.261721 1.98637 -0.418939 0.303705 2.011 -0.468601 0.311293 2.00363 -0.467721 0.316513 1.99721 -0.467071 0.324763 1.99204 -0.463548 0.246738 1.55211 -0.290266 0.178342 1.46511 -0.196023 0.274898 1.48302 -0.306444 0.368768 1.48993 -0.391831 0.322799 1.63526 -0.371118 0.436135 1.62607 -0.45698 0.345805 1.65469 -0.392261 0.477979 1.48967 -0.478957 0.513614 1.58732 -0.510881 0.571391 1.48404 -0.546298 0.598856 1.53664 -0.5693 0.691447 1.47362 -0.627792 0.314928 1.82811 -0.408717 0.403515 1.83974 -0.501725 0.306895 1.8963 -0.412202 0.414819 1.75342 -0.485182 0.411393 1.92586 -0.513853 0.331192 1.9343 -0.439509 0.673774 1.83321 -0.722885 0.539816 1.88791 -0.610457 0.512967 1.78015 -0.595047 0.632076 1.72116 -0.688477 0.606209 1.56403 -0.575327 0.692539 1.57187 -0.696406 0.611665 1.62624 -0.638805 0.70266 1.4799 -0.636799 0.437075 1.67355 -0.466104 0.522336 1.62297 -0.522342 0.509151 1.69207 -0.560934 0.330215 1.71859 -0.394864 0.337735 2.06105 -0.510428 0.294981 2.0191 -0.461546 0.355358 2.04557 -0.528446 0.285974 2.02118 -0.452438 0.616818 2.22193 -0.787252 0.458922 2.14446 -0.637046 0.470524 2.09508 -0.64451 0.618928 2.14466 -0.78672 0.680471 1.86953 -0.730335 0.747092 1.91926 -0.837374 0.653801 1.94345 -0.755551 0.806046 1.79588 -0.809042 0.41624 1.97876 -0.529633 0.543401 1.93471 -0.623239 0.522604 1.97555 -0.634648 0.408643 1.98984 -0.532498 0.26269 1.9881 -0.417715 0.325301 1.9993 -0.461618 0.317603 1.99948 -0.465538 0.312812 2.00518 -0.465734 0.305334 2.01239 -0.466574 -0.014389 1.56816 -0.220613 0.000549 1.52479 -0.179065 -0.0108 1.53495 -0.174145 -0.006873 1.56295 -0.223348 0.004994 1.50209 -0.152428 -0.008723 1.51542 -0.146121 -0.01662 1.58142 -0.215774 -0.015484 1.56459 -0.163371 -0.015433 1.59446 -0.211443 -0.013377 1.59452 -0.153353 -0.014914 1.5544 -0.131948 -0.012206 1.59402 -0.118672 -0.008582 1.5996 -0.210538 -0.003235 1.60601 -0.150678 0 1.60925 -0.114973 -0.015793 1.5823 -0.239404 -0.009924 1.57985 -0.240542 -0.015636 1.58549 -0.24245 -0.010589 1.58455 -0.243443 -0.016371 1.58919 -0.242379 -0.017041 1.58809 -0.238464 -0.01603 1.5924 -0.241887 -0.016364 1.59326 -0.237811 -0.011234 1.59375 -0.242436 -0.01094 1.59559 -0.237918 -0.010985 1.58955 -0.243367 -0.005297 1.59416 -0.238896 -0.006269 1.59319 -0.242843 -0.003945 1.58915 -0.239747 -0.005523 1.59007 -0.243442 -0.004412 1.58322 -0.240519 -0.00566 1.5863 -0.243428 -0.009924 1.57985 -0.240542 -0.010589 1.58455 -0.243443 -0.006873 1.56295 -0.223348 0.000101 1.56933 -0.222033 0.000549 1.52479 -0.179065 0.01087 1.53671 -0.176268 0.004994 1.50209 -0.152428 0.017371 1.51753 -0.148678 0.001083 1.58286 -0.217508 0.012767 1.56688 -0.166139 -0.001305 1.5956 -0.212827 0.007897 1.59624 -0.155437 0.019896 1.55721 -0.135359 0.013529 1.59611 -0.121193 -0.004776 1.42166 -0.275217 0 1.36245 -0.173007 -0.012494 1.37685 -0.171384 0 1.42031 -0.275401 -0.005193 1.42513 -0.275986 -0.016668 1.41622 -0.166948 -0.004673 1.42819 -0.276152 -0.012322 1.45551 -0.16252 0 1.42906 -0.276423 0 1.42497 -0.276394 0.004673 1.42819 -0.276152 0.012322 1.45551 -0.16252 0.005193 1.42513 -0.275986 0.016668 1.41622 -0.166948 0.012494 1.37685 -0.171384 0.004776 1.42166 -0.275217 0 1.36245 -0.173007 0 1.42031 -0.275401 0 1.46972 -0.16092 0.009668 0.957123 -0.754068 0.004018 1.04562 -0.74335 0.012897 0.963206 -0.724022 0.003695 1.04423 -0.745725 0 0.954898 -0.765059 0 1.04404 -0.746765 -0.003511 1.01601 -0.872905 0 0.933266 -0.899231 -0.009184 0.93438 -0.888636 0 1.01593 -0.873906 -0.012252 0.937428 -0.859673 -0.003818 1.01711 -0.870533 -0.003435 1.01771 -0.868366 -0.009058 0.94047 -0.830764 0 1.01805 -0.867781 0 1.01738 -0.870718 0.003435 1.01771 -0.868366 0.009058 0.94047 -0.830763 0.003817 1.01711 -0.870533 0.012252 0.937428 -0.859674 0.009184 0.93438 -0.888636 0.003511 1.01601 -0.872905 0 0.933266 -0.899231 0 1.01593 -0.873906 0 0.941569 -0.820314 -0.007687 1.87222 -0.107951 0 1.8164 -0.075247 -0.011497 1.82678 -0.068595 0 1.86677 -0.111443 0 1.78636 -0.053414 -0.013844 1.79988 -0.044744 -0.009392 1.8848 -0.099877 -0.014988 1.85487 -0.050575 -0.007495 1.89691 -0.09211 -0.011287 1.88272 -0.032714 -0.018468 1.83683 -0.021045 -0.013654 1.87371 0.002609 0 1.90121 -0.089357 0 1.89271 -0.026305 0 1.88705 0.01116 -0.006038 1.89132 -0.123683 0 1.88847 -0.124989 -0.005292 1.89529 -0.125977 0 1.89404 -0.126822 -0.005754 1.89912 -0.125039 -0.006947 1.89713 -0.121375 -0.005178 1.90224 -0.123707 -0.005871 1.90216 -0.119364 0 1.90324 -0.123547 0 1.90399 -0.118458 0 1.89915 -0.125527 0.005871 1.90216 -0.119364 0.005178 1.90224 -0.123707 0.006947 1.89713 -0.121375 0.005754 1.89912 -0.125039 0.006038 1.89132 -0.123683 0.005292 1.89529 -0.125977 0 1.88847 -0.124989 0 1.89404 -0.126822 0 1.86677 -0.111443 0.007687 1.87222 -0.107951 0 1.8164 -0.075247 0.011497 1.82678 -0.068595 0 1.78636 -0.053414 0.013844 1.79988 -0.044744 0.009392 1.8848 -0.099877 0.014988 1.85487 -0.050575 0.007495 1.89691 -0.09211 0.011287 1.88272 -0.032714 0.018468 1.83683 -0.021045 0.013654 1.87371 0.002609 0 1.74806 -0.171271 -0.007495 1.74333 -0.173172 -0.011287 1.74051 -0.112168 0 1.75153 -0.107745 -0.013654 1.73828 -0.075782 0 1.75298 -0.06988 0 1.74534 -0.200378 -0.005871 1.74338 -0.200926 0.007495 1.74333 -0.173172 0.005871 1.74338 -0.200926 0.011287 1.74051 -0.112168 0.013654 1.73828 -0.075782 -0.007687 2.09054 0.152348 0 2.03116 0.150795 -0.011497 2.03285 0.162805 0 2.08813 0.146541 0 1.99596 0.141223 -0.013844 1.99736 0.15722 -0.009392 2.09628 0.166188 -0.014988 2.03803 0.195627 -0.007495 2.10175 0.180218 -0.011287 2.04166 0.228947 -0.018468 2.0012 0.20095 -0.013654 2.00503 0.2446 0 2.10362 0.185343 0 2.04229 0.241049 0 2.00642 0.260377 -0.006038 2.11415 0.14675 0 2.11246 0.144116 -0.005292 2.11874 0.146965 0 2.11814 0.145576 -0.005754 2.12145 0.149821 -0.006947 2.1178 0.151829 -0.005178 2.12336 0.152626 -0.005871 2.12095 0.156242 0 2.12412 0.153301 0 2.122 0.15799 0 2.12174 0.149429 0.005871 2.12095 0.156242 0.005178 2.12336 0.152626 0.006947 2.1178 0.151829 0.005754 2.12145 0.149821 0.006038 2.11415 0.14675 0.005292 2.11874 0.146965 0 2.11246 0.144116 0 2.11814 0.145576 0 2.08813 0.146541 0.007687 2.09054 0.152348 0 2.03116 0.150795 0.011497 2.03285 0.162805 0 1.99596 0.141223 0.013844 1.99736 0.15722 0.009392 2.09628 0.166188 0.014988 2.03803 0.195627 0.007495 2.10175 0.180218 0.011287 2.04166 0.228947 0.018468 2.0012 0.20095 0.013654 2.00503 0.2446 0.157196 1.82157 0.372674 0.134618 1.77372 0.340045 0.158641 1.81999 0.371523 0.128946 1.77564 0.339529 0.128777 1.79387 0.327614 0.147582 1.78616 0.328611 0.144081 1.80498 0.320556 0.138366 1.8071 0.320731 0.157196 1.82157 0.372674 0.128777 1.79387 0.327614 0.087335 1.75018 0.420553 0.093906 1.78704 0.416933 0.088512 1.75093 0.42108 0.091093 1.78702 0.416286 0.081356 1.78389 0.427373 0.094895 1.78449 0.432298 0.082494 1.78057 0.441571 0.080895 1.78066 0.440389 0.087335 1.75018 0.420553 0.081356 1.78389 0.427373 0.046347 1.72729 0.523346 0.053464 1.76721 0.519424 0.047622 1.7281 0.523917 0.050417 1.76719 0.518724 0.039871 1.7638 0.530732 0.054535 1.76445 0.536066 0.041104 1.7602 0.546109 0.039372 1.7603 0.544829 0.046347 1.72729 0.523346 0.039871 1.7638 0.530732 0.094221 1.73448 0.394853 0.088567 1.70994 0.372732 0.095076 1.73364 0.394271 0.086367 1.71115 0.372606 0.085138 1.72104 0.367502 0.096368 1.71545 0.366826 0.092727 1.72655 0.362743 0.091108 1.72694 0.363015 0.094221 1.73448 0.394853 0.085138 1.72104 0.367502 0.065933 1.69357 0.440195 0.069502 1.65961 0.429361 0.067035 1.6928 0.440018 0.06712 1.65997 0.428711 0.064264 1.66569 0.42031 0.076463 1.66373 0.422211 0.070863 1.67032 0.414187 0.06918 1.67033 0.414228 0.065933 1.69357 0.440195 0.064264 1.66569 0.42031 0.028518 1.64368 0.505164 0.029804 1.60656 0.496418 0.029293 1.64253 0.505919 0.028434 1.60754 0.493875 0.032495 1.61247 0.485851 0.040323 1.60706 0.497807 0.042248 1.61379 0.487733 0.040929 1.61433 0.486275 0.028518 1.64368 0.505164 0.032495 1.61247 0.485851 -0.000607 1.61934 0.512862 -0.00488 1.60416 0.499126 0.000441 1.59962 0.50403 0.000105 1.60687 0.496342 0.004855 1.60517 0.498877 0.000105 1.60687 0.496342 0.012483 1.62165 0.509462 0.008959 1.60346 0.499722 0.014768 1.60057 0.505215 0.013625 1.60585 0.496129 0.018569 1.60514 0.498714 0.013625 1.60585 0.496129 0.024483 1.62271 0.507127 0.020184 1.60419 0.498387 0.026329 1.60146 0.50353 0.024611 1.6064 0.494359 0.029712 1.60573 0.496584 0.024611 1.6064 0.494359 0.040037 1.63546 0.489769 0.03917 1.61605 0.481849 0.047246 1.61733 0.480771 0.03847 1.6197 0.476424 0.043253 1.62193 0.474421 0.03847 1.6197 0.476424 0.045514 1.64245 0.48043 0.044646 1.62305 0.47251 0.052722 1.62433 0.471431 0.043946 1.6267 0.467084 0.04873 1.62893 0.465082 0.043946 1.6267 0.467084 0.051092 1.64918 0.472701 0.050224 1.62977 0.464781 0.0583 1.63105 0.463703 0.049524 1.63342 0.459355 0.054308 1.63565 0.457353 0.049524 1.63342 0.459355 0.054016 1.65635 0.463243 0.053149 1.63694 0.455323 0.061225 1.63822 0.454244 0.052449 1.64059 0.449897 0.057232 1.64282 0.447895 0.052449 1.64059 0.449897 0.058657 1.6629 0.453952 0.057789 1.6435 0.446033 0.065866 1.64478 0.444954 0.05709 1.64715 0.440607 0.061873 1.64938 0.438605 0.05709 1.64715 0.440607 0.061502 1.66996 0.444542 0.060634 1.65056 0.436622 0.06871 1.65184 0.435544 0.059934 1.65421 0.431196 0.064718 1.65644 0.429195 0.059934 1.65421 0.431196 0.072514 1.69082 0.418863 0.071646 1.67142 0.410944 0.079722 1.67269 0.409865 0.070946 1.67507 0.405518 0.07573 1.67729 0.403516 0.070946 1.67507 0.405518 0.075234 1.69929 0.409928 0.075412 1.68072 0.400179 0.083428 1.68253 0.399381 0.074601 1.68483 0.395114 0.079293 1.68749 0.393424 0.074601 1.68483 0.395114 0.077504 1.70682 0.400598 0.078549 1.68914 0.389358 0.08647 1.69143 0.388749 0.077549 1.69361 0.384643 0.082113 1.69665 0.3832 0.077549 1.69361 0.384643 0.081614 1.71628 0.392679 0.083438 1.69936 0.380434 0.09126 1.70205 0.380019 0.082274 1.70405 0.375981 0.086712 1.70737 0.374752 0.082274 1.70405 0.375981 0.090319 1.74617 0.373776 0.092143 1.72925 0.361531 0.099965 1.73194 0.361116 0.090979 1.73393 0.357078 0.095417 1.73726 0.355849 0.090979 1.73393 0.357078 0.079037 1.75671 0.444662 0.081421 1.78009 0.441954 0.083834 1.77849 0.452115 0.07495 1.77606 0.457249 0.075243 1.77811 0.448989 0.075243 1.77811 0.448989 0.072536 1.75406 0.463885 0.07492 1.77745 0.461177 0.077333 1.77584 0.471338 0.068449 1.77341 0.476472 0.068742 1.77546 0.468213 0.068742 1.77546 0.468213 0.06349 1.7512 0.484898 0.065874 1.77458 0.48219 0.068287 1.77297 0.492351 0.059403 1.77054 0.497486 0.059696 1.77259 0.489226 0.059696 1.77259 0.489226 0.056989 1.74855 0.504121 0.059373 1.77193 0.501413 0.061786 1.77033 0.511574 0.052902 1.7679 0.516709 0.053195 1.76994 0.508449 0.053195 1.76994 0.508449 0.035676 1.74267 0.550036 0.03744 1.75953 0.549617 0.038819 1.75891 0.555371 0.033817 1.7572 0.558138 0.033975 1.7583 0.553511 0.033975 1.7583 0.553511 0.028001 1.73652 0.564883 0.029766 1.75338 0.564465 0.031144 1.75275 0.570218 0.026142 1.75104 0.572986 0.0263 1.75214 0.568358 0.0263 1.75214 0.568358 -0.157183 1.82157 0.372674 -0.134605 1.77372 0.340045 -0.128933 1.77564 0.339529 -0.158628 1.81999 0.371523 -0.128764 1.79387 0.327614 -0.147569 1.78616 0.328611 -0.144068 1.80498 0.320556 -0.138353 1.8071 0.320731 -0.157183 1.82157 0.372674 -0.128764 1.79387 0.327614 -0.087322 1.75018 0.420553 -0.093893 1.78704 0.416933 -0.09108 1.78702 0.416286 -0.088499 1.75093 0.42108 -0.081343 1.78389 0.427373 -0.094882 1.78449 0.432298 -0.082481 1.78057 0.441571 -0.080882 1.78066 0.440389 -0.087322 1.75018 0.420553 -0.081343 1.78389 0.427373 -0.046334 1.72729 0.523346 -0.053451 1.76721 0.519424 -0.050404 1.76719 0.518724 -0.047609 1.7281 0.523917 -0.039858 1.7638 0.530732 -0.054522 1.76445 0.536066 -0.041091 1.7602 0.546109 -0.039359 1.7603 0.544829 -0.046334 1.72729 0.523346 -0.039858 1.7638 0.530732 -0.094208 1.73448 0.394853 -0.088554 1.70994 0.372732 -0.086354 1.71115 0.372606 -0.095063 1.73364 0.394271 -0.085124 1.72104 0.367502 -0.096355 1.71545 0.366826 -0.092714 1.72655 0.362743 -0.091094 1.72694 0.363015 -0.094208 1.73448 0.394853 -0.085124 1.72104 0.367502 -0.06592 1.69357 0.440195 -0.069489 1.65961 0.429361 -0.067107 1.65997 0.428711 -0.067022 1.6928 0.440018 -0.064251 1.66569 0.42031 -0.07645 1.66373 0.422211 -0.07085 1.67032 0.414187 -0.069167 1.67033 0.414228 -0.06592 1.69357 0.440195 -0.064251 1.66569 0.42031 -0.028505 1.64368 0.505164 -0.029791 1.60656 0.496418 -0.028421 1.60754 0.493875 -0.02928 1.64253 0.505919 -0.032482 1.61247 0.485851 -0.04031 1.60706 0.497807 -0.042235 1.61379 0.487733 -0.040916 1.61433 0.486275 -0.028505 1.64368 0.505164 -0.032482 1.61247 0.485851 -0.01247 1.62165 0.509462 -0.014755 1.60057 0.505215 -0.008946 1.60346 0.499722 -0.013612 1.60585 0.496129 -0.018556 1.60514 0.498714 -0.013612 1.60585 0.496129 -0.02447 1.62271 0.507127 -0.026316 1.60146 0.50353 -0.020171 1.60419 0.498387 -0.024598 1.6064 0.494359 -0.029699 1.60573 0.496584 -0.024598 1.6064 0.494359 -0.040024 1.63546 0.489769 -0.047233 1.61733 0.480771 -0.039157 1.61605 0.481849 -0.038457 1.6197 0.476424 -0.04324 1.62193 0.474421 -0.038457 1.6197 0.476424 -0.045501 1.64245 0.48043 -0.052709 1.62433 0.471431 -0.044633 1.62305 0.47251 -0.043933 1.6267 0.467084 -0.048717 1.62893 0.465082 -0.043933 1.6267 0.467084 -0.051078 1.64918 0.472701 -0.058287 1.63105 0.463703 -0.050211 1.62977 0.464781 -0.049511 1.63342 0.459355 -0.054294 1.63565 0.457353 -0.049511 1.63342 0.459355 -0.054003 1.65635 0.463243 -0.061212 1.63822 0.454244 -0.053135 1.63694 0.455323 -0.052436 1.64059 0.449897 -0.057219 1.64282 0.447895 -0.052436 1.64059 0.449897 -0.058644 1.6629 0.453952 -0.065853 1.64478 0.444954 -0.057776 1.6435 0.446033 -0.057077 1.64715 0.440607 -0.06186 1.64938 0.438605 -0.057077 1.64715 0.440607 -0.061488 1.66996 0.444542 -0.068697 1.65184 0.435544 -0.060621 1.65056 0.436622 -0.059921 1.65421 0.431196 -0.064704 1.65644 0.429195 -0.059921 1.65421 0.431196 -0.072501 1.69082 0.418863 -0.079709 1.67269 0.409865 -0.071633 1.67142 0.410944 -0.070933 1.67507 0.405518 -0.075717 1.67729 0.403516 -0.070933 1.67507 0.405518 -0.075221 1.69929 0.409928 -0.083415 1.68253 0.399381 -0.075399 1.68072 0.400179 -0.074588 1.68483 0.395114 -0.07928 1.68749 0.393424 -0.074588 1.68483 0.395114 -0.077491 1.70682 0.400598 -0.086457 1.69143 0.388749 -0.078536 1.68914 0.389358 -0.077536 1.69361 0.384643 -0.082099 1.69665 0.3832 -0.077536 1.69361 0.384643 -0.081601 1.71628 0.392679 -0.091247 1.70205 0.380019 -0.083425 1.69936 0.380434 -0.082261 1.70405 0.375981 -0.086699 1.70737 0.374752 -0.082261 1.70405 0.375981 -0.090305 1.74617 0.373776 -0.099951 1.73194 0.361116 -0.09213 1.72925 0.361531 -0.090966 1.73393 0.357078 -0.095404 1.73726 0.355849 -0.090966 1.73393 0.357078 -0.079024 1.75671 0.444662 -0.083821 1.77849 0.452115 -0.081408 1.78009 0.441954 -0.074937 1.77606 0.457249 -0.07523 1.77811 0.448989 -0.07523 1.77811 0.448989 -0.072523 1.75406 0.463885 -0.07732 1.77584 0.471338 -0.074907 1.77745 0.461177 -0.068436 1.77341 0.476472 -0.068729 1.77546 0.468213 -0.068729 1.77546 0.468213 -0.063477 1.7512 0.484898 -0.068274 1.77297 0.492351 -0.065861 1.77458 0.48219 -0.05939 1.77054 0.497486 -0.059683 1.77259 0.489226 -0.059683 1.77259 0.489226 -0.056976 1.74855 0.504121 -0.061773 1.77033 0.511574 -0.05936 1.77193 0.501413 -0.052889 1.7679 0.516709 -0.053182 1.76994 0.508449 -0.053182 1.76994 0.508449 -0.035663 1.74267 0.550036 -0.038806 1.75891 0.555371 -0.037427 1.75953 0.549617 -0.033804 1.7572 0.558138 -0.033962 1.7583 0.553511 -0.033962 1.7583 0.553511 -0.027988 1.73652 0.564883 -0.031131 1.75275 0.570218 -0.029752 1.75338 0.564465 -0.026129 1.75104 0.572986 -0.026287 1.75214 0.568358 -0.026287 1.75214 0.568358 -0.118846 1.92324 0.315624 -0.106673 1.9374 0.326703 -0.115574 1.94481 0.313407 -0.109429 1.91751 0.318395 -0.105839 1.94323 0.343915 -0.11184 1.94998 0.34015 -0.099984 1.94292 0.362916 -0.10696 1.95146 0.365233 -0.092407 1.93365 0.385162 -0.097537 1.94043 0.391247 -0.085784 1.91824 0.394655 -0.085786 1.91836 0.408431 -0.080591 1.90606 0.398452 -0.079261 1.90306 0.412634 -0.07573 1.89781 0.399141 -0.072507 1.89329 0.413118 -0.082186 1.89011 0.393417 -0.08829 1.8923 0.408541 -0.09065 1.886 0.384507 -0.094893 1.88521 0.393581 -0.098437 1.88174 0.36916 -0.10308 1.87815 0.374616 -0.108007 1.88637 0.34516 -0.118142 1.88585 0.350636 -0.111048 1.90561 0.328637 -0.121715 1.90748 0.329496 -0.07845 1.90004 0.391992 -0.083567 1.89504 0.387064 -0.082971 1.89657 0.382827 -0.08882 1.894 0.375824 -0.089398 1.89177 0.378833 -0.094896 1.89384 0.365446 -0.096457 1.88891 0.366906 -0.10001 1.89837 0.351973 -0.104504 1.89413 0.349532 -0.102147 1.90838 0.341557 -0.107848 1.90799 0.335109 -0.101841 1.91833 0.336652 -0.107349 1.9185 0.329102 -0.100558 1.92814 0.339883 -0.100975 1.93113 0.335307 -0.079546 1.90184 0.387832 -0.079479 1.90765 0.392551 -0.080353 1.90915 0.388434 -0.085608 1.91808 0.389076 -0.084936 1.91818 0.384878 -0.091644 1.92906 0.378995 -0.091263 1.92677 0.375917 -0.097753 1.93616 0.362578 -0.096728 1.93246 0.362569 -0.101463 1.93636 0.347752 -0.099279 1.93293 0.349668 -0.101151 1.91828 0.357456 -0.094262 1.90701 0.374391 -0.098624 1.91291 0.366032 -0.097537 1.94043 0.391247 -0.088986 1.9223 0.417697 -0.099898 1.944 0.398915 -0.085786 1.91836 0.408431 -0.10696 1.95146 0.365233 -0.114276 1.96 0.370339 -0.11184 1.94998 0.34015 -0.123319 1.96209 0.334827 -0.079458 1.90385 0.427157 -0.079261 1.90306 0.412634 -0.06652 1.88778 0.433476 -0.072507 1.89329 0.413118 -0.08829 1.8923 0.408541 -0.082698 1.89183 0.428859 -0.092632 1.87836 0.419491 -0.094893 1.88521 0.393581 -0.108733 1.86188 0.400369 -0.10308 1.87815 0.374616 -0.080228 1.85472 0.457192 -0.068098 1.87163 0.466933 -0.094348 1.83792 0.446749 -0.122638 1.87944 0.351689 -0.118142 1.88585 0.350636 -0.12387 1.90184 0.320096 -0.121715 1.90748 0.329496 -0.123159 1.926 0.300266 -0.118846 1.92324 0.315624 -0.115574 1.94481 0.313407 -0.132382 1.95982 0.295145 -0.062721 1.84093 0.495354 -0.050784 1.85739 0.498251 -0.076021 1.82546 0.489043 -0.149007 1.8822 0.298873 -0.144774 1.87083 0.333696 -0.139142 1.85828 0.364261 -0.130781 1.84027 0.400312 -0.117817 1.81864 0.44095 -0.097834 1.80567 0.482711 -0.140589 1.8302 0.348821 -0.129279 1.81181 0.38191 -0.141072 1.84023 0.323142 -0.11322 1.78554 0.4191 -0.090099 1.77408 0.463584 -0.084505 1.79526 0.533256 -0.064 1.82266 0.529169 -0.070192 1.76845 0.516591 -0.062169 1.78669 0.590932 -0.061067 1.81936 0.566839 -0.043064 1.82805 0.529106 -0.044334 1.8478 0.532595 -0.04687 1.8408 0.566901 -0.049049 1.75549 0.57296 -0.025488 1.73872 0.600958 -0.031715 1.77004 0.616203 0.000006 1.72992 0.610877 0.000006 1.76587 0.627364 -0.025501 1.80244 0.621393 0.000006 1.7995 0.631619 -0.041701 1.81241 0.607848 0.000006 1.8195 0.610152 -0.02481 1.82597 0.602455 -0.046214 1.83911 0.590247 -0.056113 1.83306 0.56066 -0.042216 1.84658 0.582443 -0.022993 1.83074 0.597733 0.000006 1.82647 0.606071 -0.035732 1.84139 0.594825 -0.029471 1.84048 0.588579 -0.037362 1.84574 0.577069 -0.040808 1.8479 0.562189 -0.029023 1.86545 0.530653 -0.037466 1.87398 0.500224 -0.052001 1.88622 0.455353 -0.080302 1.91066 0.446198 -0.093409 1.93702 0.431242 -0.106913 1.96152 0.415455 -0.122108 1.98193 0.379728 -0.131142 1.98946 0.339154 -0.126034 1.99261 0.297189 -0.112705 2.01619 0.335685 -0.103651 2.01608 0.300723 -0.073077 2.01417 0.337161 -0.075494 2.00459 0.30178 -0.048281 1.98635 0.336251 -0.045126 1.9881 0.291835 0.000006 1.99705 0.293457 0.000006 2.00483 0.230949 -0.029599 1.99542 0.230361 0.000006 1.99334 0.33362 -0.10692 2.00313 0.38498 -0.071586 2.00004 0.382389 -0.046255 1.97959 0.377388 -0.064152 1.97991 0.422319 -0.092856 1.97687 0.42574 -0.041886 1.96836 0.414113 0.000006 1.98614 0.377468 0.000006 1.97563 0.420751 -0.081798 1.95691 0.444094 -0.057708 1.96218 0.439679 -0.039276 1.94684 0.427386 0.000006 1.9532 0.439658 -0.06804 1.92862 0.461265 -0.051579 1.94111 0.455664 -0.036832 1.92783 0.449621 0.000006 1.9247 0.46293 -0.042066 1.90126 0.451279 0.000006 1.90131 0.491705 0.000006 1.88414 0.514027 -0.018672 1.87911 0.520326 0.000006 1.88142 0.526269 -0.017125 1.87902 0.531577 -0.032162 1.86348 0.56548 -0.026265 1.85172 0.588666 0.000006 1.84239 0.601519 0.026276 1.85172 0.588664 0.023006 1.83074 0.597733 0.024823 1.82597 0.602455 0.025514 1.80244 0.621393 0.031728 1.77004 0.616203 0.062182 1.78669 0.590932 0.025501 1.73872 0.600958 0.049062 1.75549 0.57296 0.084518 1.79526 0.533256 0.064013 1.82266 0.529169 0.076034 1.82546 0.489043 0.062734 1.84093 0.495354 0.080241 1.85472 0.457192 0.068111 1.87163 0.466933 0.082711 1.89183 0.428859 0.092645 1.87836 0.419491 0.088304 1.8923 0.408541 0.066533 1.88778 0.433476 0.07252 1.89329 0.413118 0.094906 1.88521 0.393581 0.108746 1.86188 0.400369 0.103093 1.87815 0.374616 0.094361 1.83792 0.446749 0.122651 1.87944 0.351689 0.118155 1.88585 0.350636 0.123883 1.90184 0.320096 0.121728 1.90748 0.329496 0.123173 1.926 0.300266 0.118859 1.92324 0.315624 0.115587 1.94481 0.313407 0.132396 1.95982 0.295145 0.111853 1.94998 0.34015 0.123332 1.96209 0.334827 0.114289 1.96 0.370339 0.106973 1.95146 0.365233 0.099911 1.944 0.398915 0.09755 1.94043 0.391247 0.088999 1.9223 0.417697 0.085799 1.91836 0.408431 0.079472 1.90385 0.427157 0.079274 1.90306 0.412634 0.136139 1.93764 0.260694 0.131155 1.98946 0.339154 0.126047 1.99261 0.297189 0.112718 2.01619 0.335685 0.103664 2.01608 0.300723 0.07309 2.01417 0.337161 0.075507 2.00459 0.30178 0.048294 1.98635 0.336251 0.045139 1.9881 0.291835 0.029612 1.99542 0.230361 0.106934 2.00313 0.38498 0.122121 1.98193 0.379728 0.071599 2.00004 0.382389 0.046268 1.97959 0.377388 0.106926 1.96152 0.415455 0.092869 1.97687 0.42574 0.064165 1.97991 0.422319 0.041899 1.96836 0.414113 0.093422 1.93702 0.431242 0.081812 1.95691 0.444094 0.057721 1.96218 0.439679 0.039289 1.94684 0.427386 0.080316 1.91066 0.446198 0.068053 1.92862 0.461265 0.051592 1.94111 0.455664 0.036845 1.92783 0.449621 0.052014 1.88622 0.455353 0.042079 1.90126 0.451279 0.03748 1.87398 0.500224 0.050798 1.85739 0.498251 0.043077 1.82805 0.529106 0.044348 1.8478 0.532595 0.046883 1.8408 0.566901 0.06108 1.81936 0.566839 0.046227 1.83911 0.590247 0.042229 1.84658 0.582443 0.056126 1.83306 0.56066 0.041714 1.81241 0.607848 0.037376 1.84574 0.577069 0.040822 1.8479 0.562189 0.029036 1.86545 0.530653 0.0321 1.86343 0.565475 0.017129 1.87896 0.531597 0.018685 1.87911 0.520326 0.029484 1.84048 0.588579 0.035745 1.84139 0.594825 -0.136126 1.93764 0.260694 -0.153179 1.8652 0.27079 -0.142867 1.84381 0.307368 -0.142048 1.83875 0.306201 -0.15372 1.80636 0.326725 -0.167235 1.78992 0.287649 -0.156139 1.75787 0.305907 -0.147491 1.77958 0.339982 -0.135088 1.73019 0.328938 -0.12885 1.75976 0.359386 -0.117299 1.71 0.345676 -0.115146 1.73943 0.368304 -0.10001 1.68363 0.363306 -0.103845 1.71284 0.377653 -0.088468 1.65877 0.388308 -0.093538 1.69004 0.398194 -0.079125 1.63156 0.42002 -0.082048 1.66421 0.431877 -0.064264 1.6033 0.455668 -0.066314 1.63698 0.465936 -0.040178 1.57915 0.489542 -0.042952 1.61049 0.501823 0.000006 1.5693 0.501107 -0.112056 1.69836 0.289815 -0.14074 1.73833 0.259648 -0.100415 1.68318 0.319375 -0.069413 1.65841 0.336908 -0.060751 1.62523 0.376016 -0.054459 1.6037 0.406886 -0.041889 1.5788 0.436914 -0.026121 1.55775 0.465478 0.000003 1.55083 0.46861 -0.160016 1.77777 0.240654 -0.163418 1.82502 0.277162 -0.153761 1.87148 0.22955 -0.161066 1.82291 0.229016 -0.13025 1.88116 0.193452 -0.144885 1.82612 0.178417 -0.148377 1.77188 0.180726 0.000003 1.57303 0.431789 -0.132377 1.72819 0.19934 -0.113459 1.76895 0.135422 -0.127496 1.72626 0.15217 -0.127192 1.69896 0.172548 -0.111747 1.69154 0.219394 -0.139199 1.92567 0.237208 -0.124962 1.91834 0.218286 -0.10619 1.91226 0.210557 -0.13501 1.97219 0.246677 -0.129603 1.98936 0.264771 -0.120672 2.01008 0.272858 -0.132095 1.95892 0.228009 -0.08897 1.9188 0.190289 -0.103935 1.94875 0.203964 -0.089135 1.9539 0.186117 -0.120356 1.95072 0.213104 -0.029599 1.99542 0.230361 -0.060379 1.97007 0.14723 -0.06609 1.97562 0.185576 -0.047299 2.00089 0.21866 -0.10227 2.02624 0.279151 -0.075777 2.02724 0.277178 -0.051811 2.01657 0.257781 -0.047299 2.00089 0.21866 -0.110668 1.97408 0.182232 -0.124968 1.97662 0.193129 -0.137667 1.98826 0.212291 -0.140793 2.00311 0.233006 -0.137083 2.01661 0.245374 -0.125635 2.03386 0.250543 -0.106651 2.0438 0.258069 -0.081199 2.04513 0.253236 -0.059641 2.03387 0.233292 -0.092048 2.04783 0.234656 -0.07374 2.03837 0.21586 -0.069751 2.02136 0.190981 -0.053467 2.01364 0.202539 -0.13051 2.03369 0.224283 -0.11486 2.046 0.237567 -0.130215 2.01753 0.201875 -0.112801 2.00411 0.179179 -0.085629 2.00634 0.174965 -0.088961 1.97906 0.177286 -0.071354 1.99114 0.179533 -0.069751 2.02136 0.190981 -0.053467 2.01364 0.202539 0.000006 1.59744 0.518068 -0.066698 1.66255 0.234858 -0.070884 1.66631 0.293036 0.000003 1.63518 0.337941 0.000003 1.61263 0.376906 0.000003 1.59427 0.404838 -0.086469 1.84747 0.013664 -0.07422 1.93348 0.084924 0.000004 1.94196 0.041635 0.000592 1.86156 -0.027739 0.000592 1.55085 0.170175 -0.04339 1.55651 0.161507 -0.034706 1.46061 0.157533 0.000592 1.45036 0.164281 -0.054213 1.4136 0.177749 0.000592 1.39754 0.185458 0 1.48122 -0.173878 -0.058267 1.52104 -0.158047 0.000592 1.55543 -0.143364 -0.051441 1.47944 -0.18822 0 1.41402 -0.175954 -0.079999 1.40913 -0.19003 -0.065018 1.33882 -0.171064 -0.124885 1.33304 -0.143328 -0.156873 1.39294 -0.125938 -0.196396 1.08342 -0.142384 -0.173472 1.16537 -0.12691 -0.125429 1.13321 -0.203148 -0.212194 1.12663 -0.052125 -0.203491 1.19684 -0.049471 -0.22353 1.13514 0.032095 -0.232367 1.18366 0.039291 -0.226962 1.25492 0.042477 -0.21185 1.28959 -0.028633 -0.212217 1.25797 -0.038873 -0.21852 1.28136 0.039495 -0.180634 1.3152 -0.106641 -0.206087 1.31912 -0.080329 -0.202127 1.365 -0.081743 -0.184486 1.45243 -0.107601 -0.199183 1.4255 -0.094604 -0.218507 1.48255 -0.077131 -0.199508 1.49283 -0.081723 -0.141072 1.84023 0.323142 -0.110357 1.8343 0.322405 -0.112449 1.83153 0.337876 -0.142867 1.84381 0.307368 -0.140589 1.8302 0.348821 -0.110934 1.82353 0.355 -0.129279 1.81181 0.38191 -0.099569 1.80471 0.381957 -0.11322 1.78554 0.4191 -0.079616 1.78614 0.414879 -0.090099 1.77408 0.463584 -0.063888 1.77635 0.454608 -0.070192 1.76845 0.516591 -0.045271 1.77024 0.505945 -0.049049 1.75549 0.57296 -0.026112 1.75402 0.561356 -0.025488 1.73872 0.600958 -0.015976 1.73929 0.585157 0.000006 1.72992 0.610877 0.000006 1.73696 0.587183 0.000006 1.75572 0.559633 0.000006 1.81619 0.373093 0.000006 1.80743 0.391753 0.000006 1.82339 0.358937 0.000006 1.82823 0.339666 0.000006 1.77536 0.507787 0.000006 1.78842 0.457672 -0.120301 1.82497 0.31275 -0.142048 1.83875 0.306201 -0.15372 1.80636 0.326725 -0.106921 1.77494 0.33841 -0.114168 1.79624 0.326634 -0.147491 1.77958 0.339982 -0.093427 1.7553 0.353044 -0.12885 1.75976 0.359386 -0.080786 1.73667 0.359878 -0.115146 1.73943 0.368304 -0.071108 1.7104 0.373653 -0.120655 1.81448 0.317031 -0.082082 1.80155 0.343864 -0.088639 1.81488 0.333282 -0.075504 1.79103 0.360567 -0.068198 1.78005 0.385821 -0.063564 1.76545 0.401224 -0.061171 1.7409 0.41866 0.000006 1.79985 0.338684 0.000006 1.82002 0.336064 0.000006 1.78804 0.35196 0.000006 1.77436 0.377197 0.000006 1.76139 0.394456 0.000006 1.73677 0.412576 0.000006 1.71063 0.430689 -0.058815 1.714 0.432823 0.000006 1.68353 0.455464 -0.054006 1.68493 0.45262 -0.064253 1.68441 0.394104 -0.056247 1.66066 0.420922 -0.045617 1.66181 0.480853 -0.046185 1.6391 0.448288 -0.033388 1.64088 0.495095 -0.032789 1.61664 0.474457 0.000006 1.65959 0.495561 0.000006 1.63624 0.509871 0.000006 1.61006 0.484034 -0.042952 1.61049 0.501823 0.000006 1.59744 0.518068 -0.066314 1.63698 0.465936 -0.082048 1.66421 0.431877 -0.093538 1.69004 0.398194 -0.103845 1.71284 0.377653 0.000006 1.79824 0.419048 -0.086659 1.82005 0.328065 -0.092188 1.38179 0.222715 -0.000000 1.35856 0.21561 -0.169657 1.10547 0.211487 -0.175672 1.20787 0.206133 -0.228024 1.18338 0.132977 -0.211174 1.10021 0.130556 -0.09083 1.10421 0.25995 -0.080332 1.02 0.26309 -0.000001 1.102 0.26036 0 1.01536 0.269482 -0.232367 1.18366 0.039291 -0.22353 1.13514 0.032095 -0.229669 1.27018 0.125003 -0.21852 1.28136 0.039495 -0.226962 1.25492 0.042477 -0.226584 1.29561 0.120736 -0.270915 1.03489 0.083518 -0.278744 1.0386 0.034257 -0.225346 1.00142 0.140846 -0.178961 1.00264 0.163737 -0.186921 0.910926 0.180904 -0.156812 0.917055 0.191372 -0.154258 0.837683 0.191412 -0.142087 0.843304 0.202256 -0.124131 0.784436 0.174348 -0.098476 0.781673 0.212012 -0.097944 0.743601 0.152392 -0.075173 0.733732 0.169763 -0.058911 0.771465 0.245817 -0.06125 0.854491 0.269136 0 0.838818 0.281513 -0.079275 0.932009 0.281865 0 0.759713 0.274114 -0.118604 0.84825 0.228216 -0.1358 0.92679 0.231093 -0.147245 1.0152 0.224118 -0.045534 0.712025 0.19312 0 0.698747 0.220884 -0.078255 0.714093 0.108241 -0.052126 0.693596 0.109719 0 0.665824 0.109354 -0.084467 0.722973 0.039715 -0.053055 0.699209 0.039296 -0.123015 0.785051 -0.044274 -0.093203 0.747424 -0.06771 0 0.662937 -0.070578 0 0.666989 0.033196 -0.141281 0.807936 -0.198057 0 0.659752 -0.200235 -0.185417 0.944609 -0.255724 -0.149406 0.800648 -0.330643 -0.164431 0.937305 -0.358669 -0.221486 1.01809 -0.167877 -0.167085 1.02345 -0.251059 -0.123602 1.01978 -0.34738 -0.087003 1.06646 -0.315574 -0.146079 1.0716 -0.226716 -0.06573 1.12481 -0.265625 -0.200113 0.934816 -0.184091 -0.162928 0.854247 -0.129414 -0.019084 0.830542 -1.74051 0 0.854365 -1.88368 0 0.824414 -1.782 -0.017633 0.860733 -1.7683 -0.018951 0.848884 -1.78455 0 0.870692 -1.80869 0.019083 0.830542 -1.74051 0.01895 0.848884 -1.78455 0.185417 0.944609 -0.255724 0.149406 0.800648 -0.330643 0.164431 0.937305 -0.358669 0.167085 1.02345 -0.251059 0.123602 1.01978 -0.34738 0.087003 1.06646 -0.315574 0.146079 1.0716 -0.226716 0.221486 1.01809 -0.167877 0.196396 1.08342 -0.142384 0.22353 1.13514 0.032095 0.212194 1.12663 -0.052125 0.203495 1.19684 -0.049471 0.232371 1.18366 0.039291 0.226974 1.25492 0.042477 0.212228 1.25797 -0.038873 0.21185 1.28959 -0.028633 0.21852 1.28136 0.039495 0.173476 1.16537 -0.12691 0.125429 1.13321 -0.203148 0.06573 1.12481 -0.265625 0.017633 0.860733 -1.7683 0 0.923402 0.28502 -0.167556 1.48387 0.10247 -0.2459 1.53354 0.090976 -0.218254 1.48158 0.141241 -0.193374 1.52959 0.060315 -0.258893 1.39676 0.171074 -0.306366 1.4569 0.15738 -0.28041 1.38159 0.166503 -0.268725 1.47067 0.155202 -0.260879 1.26218 0.042514 -0.267207 1.26826 0.103898 -0.288429 1.23462 0.099533 -0.291177 1.23219 0.048547 -0.310874 1.26699 0.144978 -0.339001 1.32345 0.14119 -0.39891 1.27136 0.147787 -0.421558 1.30874 0.111254 -0.373036 1.36419 0.111399 -0.440126 1.33041 0.076102 -0.380408 1.3893 0.07154 -0.446251 1.32831 0.030185 -0.367608 1.40694 0.026413 -0.341229 1.18751 0.099266 -0.361698 1.21733 0.147614 -0.458655 1.31351 -0.014482 -0.384722 1.38184 -0.021559 -0.44405 1.22138 0.138476 -0.463762 1.25197 0.10533 -0.486517 1.27167 0.082577 -0.496288 1.26471 0.039999 -0.416316 1.17227 0.129394 -0.398516 1.15629 0.086042 -0.346708 1.18592 0.049457 -0.397448 1.15275 0.047038 -0.515485 1.234 0.088843 -0.493013 1.22072 0.118192 -0.557324 1.22844 0.113524 -0.521246 1.2112 0.145638 -0.468538 1.19404 0.134933 -0.490668 1.17481 0.15038 -0.532667 1.22753 0.051981 -0.574772 1.21259 0.067334 -0.447907 1.15472 0.116974 -0.482103 1.13809 0.118848 -0.44031 1.13053 0.070719 -0.464615 1.10525 0.090612 -0.438988 1.11535 0.044835 -0.456449 1.08223 0.060367 -0.568704 1.17972 0.026931 -0.539469 1.19678 -0.003641 -0.502022 1.23969 0.010953 -0.495622 1.21679 -0.006168 -0.485906 1.11658 0.148923 -0.50137 1.16197 0.177947 -0.526275 1.14051 0.205771 -0.573387 1.1801 0.197816 -0.54462 1.20299 0.174609 -0.623873 1.19009 0.158453 -0.591417 1.21377 0.134399 -0.607631 1.18836 0.087275 -0.63922 1.15994 0.111043 -0.502624 1.09078 0.179645 -0.470654 1.07718 0.120284 -0.492951 1.0461 0.148097 -0.469185 1.04364 0.08516 -0.503616 1.01317 0.112088 -0.637902 1.12261 0.07744 -0.600381 1.15235 0.050901 -0.623974 1.06839 0.050777 -0.5838 1.10246 0.016634 -0.563307 1.15144 0.00481 -0.601534 1.04194 0.046442 -0.563318 1.07076 0.01305 -0.567608 1.01775 0.058263 -0.529507 1.04904 0.023523 -0.533086 1.00649 0.079162 -0.496492 1.03336 0.049195 -0.503616 1.01317 0.112088 -0.469185 1.04364 0.08516 -0.528273 1.02346 0.171879 -0.537057 1.06711 0.206472 -0.58673 1.04562 0.219298 -0.602321 1.08975 0.233355 -0.561085 1.11481 0.223966 -0.630418 1.11743 0.225305 -0.602422 1.14625 0.211478 -0.661888 1.11098 0.196221 -0.643395 1.15055 0.178446 -0.666569 1.13045 0.138607 -0.686588 1.09468 0.167991 -0.576386 1.00398 0.189538 -0.542885 0.996335 0.136617 -0.589521 0.981407 0.163841 -0.696773 1.06289 0.143116 -0.669401 1.09597 0.106034 -0.703035 1.02461 0.119943 -0.661377 1.04713 0.080811 -0.678996 0.983411 0.117572 -0.637875 1.01594 0.076207 -0.638766 0.968681 0.128356 -0.601744 0.995741 0.090762 -0.610004 0.969937 0.144302 -0.569679 0.989722 0.109697 -0.589521 0.981407 0.163841 -0.542885 0.996335 0.136617 -0.65339 0.93724 0.19119 -0.681853 0.937111 0.19241 -0.730495 0.955094 0.214692 -0.636919 0.949072 0.202034 -0.663275 0.909939 0.214913 -0.642148 0.918371 0.223886 -0.694517 0.912624 0.219627 -0.723138 0.928483 0.244521 -0.207781 1.53722 -0.014977 -0.25031 1.5247 -0.038792 -0.253555 1.54534 0.030868 -0.218507 1.48255 -0.077131 -0.293586 1.47008 -0.067392 -0.299416 1.50823 -0.034984 -0.267648 1.27334 -0.006482 -0.260879 1.26218 0.042514 -0.291177 1.23219 0.048547 -0.27874 1.29039 -0.046371 -0.304647 1.24225 0.007984 -0.31378 1.24781 -0.027456 -0.346708 1.18592 0.049457 -0.362535 1.19399 0.010238 -0.37508 1.19442 -0.024527 -0.334874 1.26864 -0.054745 -0.402009 1.2131 -0.056696 -0.443501 1.27743 -0.041148 -0.374762 1.34759 -0.052923 -0.430496 1.25263 -0.047006 -0.397448 1.15275 0.047038 -0.411265 1.15288 0.015919 -0.421307 1.1617 -0.004051 -0.45625 1.16793 -0.018785 -0.473191 1.1834 -0.018954 -0.438988 1.11535 0.044835 -0.445241 1.10863 0.020306 -0.471228 1.07038 0.031795 -0.456449 1.08223 0.060367 -0.466892 1.10999 -0.012954 -0.495437 1.08153 -0.001783 -0.497378 1.12494 -0.038235 -0.526354 1.0975 -0.017266 -0.544015 1.11267 -0.016623 -0.490777 1.19945 -0.019131 -0.556638 1.13451 -0.01624 -0.212454 1.5386 0.026785 -0.658774 1.06384 0.284887 -0.656026 1.01038 0.274907 -0.629449 0.973936 0.228443 -0.636919 0.949072 0.202034 -0.727575 1.09842 0.257272 -0.762589 1.06843 0.223839 -0.774041 1.05407 0.259757 -0.758927 1.0656 0.276138 -0.757706 1.03774 0.283335 -0.765069 1.02523 0.273405 -0.738203 0.989687 0.293637 -0.751768 0.98867 0.282108 -0.711885 0.953897 0.273192 -0.744334 0.965572 0.260093 -0.702658 0.989449 0.300615 -0.688009 0.958076 0.289829 -0.658869 0.95983 0.278349 -0.640896 0.940115 0.249888 -0.642148 0.918371 0.223886 -0.7712 1.03225 0.18833 -0.826366 0.956313 0.226412 -0.836863 1.00578 0.233373 -0.764391 0.9863 0.180077 -0.835111 1.0393 0.261363 -0.762589 1.06843 0.223839 -0.730495 0.955094 0.214692 -0.795745 0.931307 0.261071 -0.824068 1.03597 0.287979 -0.774041 1.05407 0.259757 -0.800044 1.01352 0.300029 -0.765069 1.02523 0.273405 -0.783273 0.981759 0.308703 -0.751768 0.98867 0.282108 -0.78336 0.946529 0.293076 -0.744334 0.965572 0.260093 -0.842598 0.930163 0.303351 -0.891811 1.02408 0.299643 -0.886404 0.983372 0.279248 -0.865047 1.02012 0.32473 -0.84111 0.99953 0.337903 -0.825853 0.968465 0.342637 -0.826367 0.935708 0.327439 -0.925482 0.959995 0.310996 -0.910085 0.92661 0.304403 -0.86559 0.946612 0.281713 -0.922049 1.00004 0.338837 -0.877906 0.89569 0.315345 -0.900213 1.00042 0.361077 -0.861335 0.978225 0.382912 -0.838872 0.937077 0.386529 -0.847605 0.896569 0.349957 -0.941346 0.90933 0.328885 -0.960952 0.952433 0.338947 -0.957 0.897696 0.352151 -0.971188 0.931924 0.362492 -0.976284 0.953424 0.377443 -0.95774 0.919188 0.372969 -0.960477 0.955796 0.395099 -0.932355 0.891211 0.371371 -0.921028 0.873116 0.361975 -0.889132 0.878017 0.385669 -0.89709 0.880505 0.390017 -0.958724 0.991079 0.36936 -0.925958 0.992133 0.397847 -0.880908 0.964045 0.41558 -0.930101 0.97028 0.417695 -0.891427 0.948206 0.426612 -0.949611 0.974819 0.408594 -0.854218 0.917473 0.404354 -0.92212 0.947239 0.411908 -0.869177 0.879943 0.370408 -0.88105 0.912674 0.414511 -0.889132 0.878017 0.385669 -0.969575 0.974851 0.392758 0 0.671461 0.168185 -0.306441 0.976693 0.028345 -0.308884 0.907275 0.139029 -0.297473 0.969811 0.100435 -0.332266 0.918972 0.022833 -0.305 0.977476 -0.083969 -0.324681 0.902397 -0.058779 -0.373852 0.781953 0.017731 -0.372062 0.793239 0.115997 -0.374068 0.776596 -0.052784 -0.336987 0.751731 -0.111289 -0.294253 0.886018 -0.147593 -0.259142 0.949744 -0.15738 -0.276475 0.956509 -0.125896 -0.216393 0.881342 -0.177301 -0.231573 0.831481 -0.17097 -0.17732 0.830612 -0.126441 -0.18771 0.786072 -0.136925 -0.126918 0.757682 -0.040219 -0.130557 0.732163 -0.036437 -0.088568 0.708052 0.038073 -0.092391 0.69414 0.036541 -0.141032 0.661651 -0.020842 -0.195417 0.688357 -0.107594 -0.254037 0.716114 -0.124027 -0.100558 0.636561 0.04206 -0.161495 0.582601 -0.007731 -0.207289 0.599284 -0.039215 -0.263972 0.611605 -0.025193 -0.326681 0.631237 -0.042695 -0.384116 0.683627 -0.0171 -0.384761 0.694699 0.056874 -0.375154 0.692499 0.144845 -0.128892 0.566964 0.048749 -0.322759 0.770763 0.202047 -0.293855 0.886599 0.184029 -0.268576 0.952704 0.139906 -0.293503 0.640534 0.221395 -0.388662 0.607119 0.073257 -0.358685 0.603132 0.146607 -0.370263 0.602213 0.006803 -0.213609 0.552117 -0.04315 -0.270034 0.570333 -0.044868 -0.314739 0.586698 0.20725 -0.241246 0.624602 0.24381 -0.228256 0.719586 0.265504 -0.28729 0.747379 0.2437 -0.202137 0.802312 0.252602 -0.250747 0.852217 0.233094 -0.218247 0.884685 0.2056 -0.164991 0.818272 0.216297 -0.140935 0.747542 0.206305 -0.132827 0.765344 0.190885 -0.102944 0.714465 0.16492 -0.100532 0.728524 0.158875 -0.07631 0.686649 0.110861 -0.077248 0.699891 0.109597 -0.092391 0.69414 0.036541 -0.088568 0.708052 0.038073 -0.159135 0.677887 0.237809 -0.113229 0.647537 0.199635 -0.089601 0.62983 0.116865 -0.100558 0.636561 0.04206 -0.199237 0.60468 0.232693 -0.143432 0.572659 0.202475 -0.123299 0.559381 0.114163 -0.128892 0.566964 0.048749 -0.198001 0.536811 0.203694 -0.172551 0.523632 0.163289 -0.257945 0.556932 0.243453 -0.15232 0.519175 0.118386 -0.148616 0.523906 0.043098 -0.148058 0.482955 0.032172 -0.158451 0.479206 0.091136 -0.157073 0.430351 0.084317 -0.204675 0.447181 0.118979 -0.190165 0.48808 0.138526 -0.236919 0.458263 0.161613 -0.21781 0.493399 0.189408 -0.361392 0.550287 0.137485 -0.394806 0.509249 0.061304 -0.366058 0.504243 0.122781 -0.38238 0.554874 0.071152 -0.395841 0.511599 -0.010908 -0.326485 0.586027 -0.022211 -0.372607 0.555448 0.004291 -0.356116 0.503774 -0.07572 -0.340947 0.551891 -0.053567 -0.28579 0.483285 -0.095063 -0.276209 0.535948 -0.07721 -0.213439 0.463385 -0.09811 -0.208357 0.519292 -0.075636 -0.168224 0.532851 -0.011785 -0.158645 0.444883 -0.046969 -0.158805 0.497571 -0.030079 -0.148616 0.523906 0.043098 -0.142804 0.437145 0.019845 -0.148058 0.482955 0.032172 -0.180438 0.38842 -0.054695 -0.226079 0.406676 -0.088801 -0.208221 0.334854 -0.052559 -0.244428 0.354749 -0.082123 -0.293293 0.424028 -0.092095 -0.295133 0.363588 -0.087692 -0.3583 0.439055 -0.081129 -0.354463 0.368425 -0.078033 -0.402458 0.444836 -0.023741 -0.393032 0.361042 -0.025651 -0.411766 0.43914 0.046783 -0.409092 0.339258 0.029193 -0.38789 0.43279 0.108768 -0.389528 0.33353 0.08379 -0.192472 0.321814 0.003471 -0.161014 0.379687 0.006328 -0.339101 0.417395 0.141142 -0.333413 0.485455 0.173528 -0.345991 0.328124 0.11326 -0.292132 0.404363 0.163758 -0.279972 0.460693 0.200545 -0.311152 0.316141 0.136126 -0.251866 0.400219 0.136206 -0.27356 0.313523 0.116709 -0.216702 0.387893 0.103521 -0.232338 0.311753 0.091946 -0.166051 0.376169 0.071328 -0.198399 0.314823 0.052752 -0.161014 0.379687 0.006328 -0.192472 0.321814 0.003471 -0.287531 0.255186 0.115789 -0.257442 0.238175 0.087296 -0.347761 0.260943 0.109179 -0.389826 0.249957 0.070459 -0.40114 0.267759 0.023853 -0.319516 0.262923 0.114223 -0.23668 0.223145 0.058473 -0.216065 0.221168 0.005579 -0.392708 0.270979 -0.042256 -0.350511 0.285626 -0.105199 -0.301755 0.28972 -0.124567 -0.262225 0.272673 -0.108853 -0.230952 0.2512 -0.066716 -0.216065 0.221168 0.005579 -0.243878 0.21506 -0.088678 -0.259759 0.24656 -0.136253 -0.358791 0.256337 -0.133327 -0.396755 0.218403 -0.036041 -0.29802 0.265186 -0.164161 -0.232211 0.185037 -0.017589 -0.376574 0.161493 -0.062205 -0.349581 0.205818 -0.166188 -0.300479 0.214755 -0.194114 -0.270389 0.207541 -0.16577 -0.268351 0.179295 -0.123478 -0.257643 0.149977 -0.039965 -0.413629 0.173912 0.041804 -0.393108 0.221425 0.036844 -0.391532 0.208029 0.085509 -0.351681 0.228152 0.126208 -0.32491 0.235707 0.141974 -0.292443 0.22718 0.132805 -0.263568 0.199046 0.093985 -0.246212 0.166907 0.156465 -0.293707 0.178145 0.17411 -0.235855 0.155118 0.225361 -0.292538 0.148154 0.235467 -0.339782 0.178771 0.250397 -0.332043 0.203692 0.194962 -0.389131 0.150874 0.230752 -0.371647 0.182937 0.169531 -0.447902 0.157817 0.217893 -0.419149 0.176966 0.142412 -0.20545 0.097237 0.212166 -0.227538 0.111388 0.145326 -0.448838 0.120729 0.114285 -0.482804 0.08992 0.205462 -0.4473 0.052095 0.102403 -0.414478 0.112588 0.022032 -0.469394 0.014681 0.200404 -0.218993 0.01682 0.216779 -0.225554 0.038118 0.13424 -0.235335 0.172224 0.056572 -0.242491 0.111788 0.042916 -0.471528 0.158162 0.273141 -0.510777 0.096413 0.26813 -0.481038 0.012806 0.275919 -0.180892 0.095526 0.270044 -0.225338 0.147624 0.277935 -0.226357 0.01372 0.281875 -0.211539 0.145809 0.33234 -0.282893 0.115472 0.334946 -0.288753 0.132023 0.280653 -0.345011 0.165689 0.290635 -0.405497 0.136747 0.278488 -0.350483 0.160633 0.333893 -0.420401 0.124574 0.33239 -0.164374 0.09673 0.331715 -0.19117 0.034115 0.324451 -0.411894 0.111956 0.383772 -0.156448 0.021052 0.358921 -0.154027 0.097243 0.36687 -0.154955 0.094718 0.414781 -0.155004 0.028524 0.405959 -0.145985 0.031672 0.397261 -0.172739 0.103571 0.434547 -0.171971 0.00031 0.406745 -0.161445 -0.000817 0.390724 -0.212715 -0.016881 0.393709 -0.257622 0.004478 0.412732 -0.262901 -0.00053 0.399182 -0.277706 0.033602 0.4139 -0.262961 0.038557 0.423651 -0.162435 0.12381 0.425225 -0.195382 0.15849 0.440215 -0.172762 0.130259 0.373629 -0.208204 0.153097 0.384226 -0.19431 0.12425 0.448753 -0.235945 0.143891 0.389852 -0.264344 0.112765 0.390746 -0.253734 0.11724 0.440368 -0.273702 0.02382 0.377161 -0.223083 0.113484 0.446643 -0.23229 0.147336 0.445756 -0.142804 0.437145 0.019845 -0.232211 0.185037 -0.017589 -0.257643 0.149977 -0.039965 -0.476243 0.155394 0.331418 -0.530059 0.09913 0.314322 -0.513767 0.022365 0.320255 -0.555175 0.103344 0.363223 -0.560594 0.026828 0.35069 -0.576248 0.037768 0.387044 -0.557932 0.118119 0.411788 -0.526143 0.156061 0.377917 -0.534303 0.154707 0.431154 -0.533478 0.118123 0.438302 -0.561797 0.039773 0.408698 -0.554116 0.001772 0.407965 -0.557727 -0.007566 0.388094 -0.511097 -0.023223 0.39992 -0.472928 0.000557 0.420943 -0.460646 -0.015914 0.407133 -0.456218 0.029391 0.43106 -0.43718 0.025494 0.421723 -0.480347 0.106249 0.444358 -0.448046 0.117776 0.430953 -0.439409 0.111462 0.385745 -0.436939 0.016943 0.387286 -0.427282 0.035463 0.34929 -0.459337 0.149539 0.391859 -0.474738 0.15175 0.444319 -0.505242 0.161845 0.444076 -0.491441 0.166969 0.390187 -0.505213 0.128322 0.448658 -0.381736 0.152393 0.39357 -0.402744 0.104767 0.439036 -0.3795 0.113484 0.452465 -0.384367 0.141341 0.452656 -0.424932 0.044059 0.414528 -0.417066 0.041077 0.426478 -0.405625 0.002654 0.422802 -0.412221 0.002454 0.408423 -0.356036 -0.010889 0.409782 -0.323912 0.001515 0.424474 -0.309346 -0.000685 0.410549 -0.295298 0.027218 0.416323 -0.302247 0.029967 0.426557 -0.307812 0.105386 0.438054 -0.295726 0.017161 0.379032 -0.282204 0.041 0.342949 -0.298673 0.108202 0.385349 -0.328173 0.10693 0.451902 -0.321284 0.133745 0.453239 -0.352707 0.154284 0.459299 -0.316593 0.142467 0.391674 -0.351269 0.160913 0.395671 -0.352559 0.127444 0.464469 -0.469394 0.014681 0.200404 -0.335814 0.023132 0.126267 -0.334173 -0.005119 0.213449 -0.4473 0.052095 0.102403 -0.225554 0.038118 0.13424 -0.218993 0.01682 0.216779 -0.344566 0.003227 0.278947 -0.481038 0.012806 0.275919 -0.226357 0.01372 0.281875 -0.414478 0.112588 0.022032 -0.329999 0.102656 0.039432 -0.242491 0.111788 0.042916 -0.376574 0.161493 -0.062205 -0.323521 0.141298 -0.050351 -0.257643 0.149977 -0.039965 -0.349581 0.205818 -0.166188 -0.320976 0.169262 -0.141668 -0.268351 0.179295 -0.123478 -0.300479 0.214755 -0.194114 -0.270389 0.207541 -0.16577 -0.388089 0.017545 0.324063 -0.444231 0.013916 0.312548 -0.427282 0.035463 0.34929 -0.468155 0.004847 0.335959 -0.436939 0.016943 0.387286 -0.48991 -0.01449 0.365325 -0.513767 0.022365 0.320255 -0.576248 0.037768 0.387044 -0.560594 0.026828 0.35069 -0.557727 -0.007566 0.388094 -0.356036 -0.010889 0.409782 -0.416199 0.012345 0.378647 -0.353293 -0.004545 0.359334 -0.295726 0.017161 0.379032 -0.309346 -0.000685 0.410549 -0.309242 0.016431 0.324539 -0.237002 0.022143 0.336957 -0.282204 0.041 0.342949 -0.259762 0.017 0.316251 -0.161445 -0.000817 0.390724 -0.222025 -0.005402 0.357009 -0.156448 0.021052 0.358921 -0.212715 -0.016881 0.393709 -0.273702 0.02382 0.377161 -0.19117 0.034115 0.324451 -0.262901 -0.00053 0.399182 -0.277706 0.033602 0.4139 -0.145985 0.031672 0.397261 -0.412221 0.002454 0.408423 -0.424932 0.044059 0.414528 0.053055 0.699209 0.039296 0.093203 0.747424 -0.06771 0.123015 0.785051 -0.044274 0.084467 0.722973 0.039715 0.052126 0.693596 0.109719 0.078255 0.714093 0.108241 0.075173 0.733732 0.169763 0.097944 0.743601 0.152392 0.098476 0.781673 0.212012 0.124131 0.784436 0.174348 0.142087 0.843304 0.202256 0.154258 0.837683 0.191412 0.156812 0.917055 0.191372 0.186921 0.910926 0.180904 0.178961 1.00264 0.163737 0.225346 1.00142 0.140846 0.211174 1.10021 0.130556 0.058911 0.771465 0.245817 0.06125 0.854491 0.269136 0.079275 0.932009 0.281865 0.118604 0.84825 0.228216 0.1358 0.92679 0.231093 0.147245 1.0152 0.224118 0.045534 0.712025 0.19312 0.270915 1.03489 0.083518 0.080332 1.02 0.26309 0.169654 1.10547 0.211487 0.090827 1.10421 0.25995 0.228028 1.18338 0.132977 0.175665 1.20787 0.206133 0.232371 1.18366 0.039291 0.22353 1.13514 0.032095 0.092185 1.38179 0.222715 0.055398 1.4136 0.177749 0.03589 1.46061 0.157533 0.044574 1.55651 0.161507 0.087653 1.84747 0.013664 0.074253 1.93348 0.084924 0.058267 1.52104 -0.158047 0.051441 1.47944 -0.18822 0.079999 1.40913 -0.19003 0.124885 1.33304 -0.143328 0.065018 1.33882 -0.171064 0.156873 1.39294 -0.125938 0.180634 1.3152 -0.106641 0.202127 1.365 -0.081743 0.206087 1.31912 -0.080329 0.184486 1.45243 -0.107601 0.218507 1.48255 -0.077131 0.199183 1.4255 -0.094604 0.199508 1.49283 -0.081723 -0.78336 0.946529 0.293076 -0.826367 0.935708 0.327439 -0.847605 0.896569 0.349957 -0.869177 0.879943 0.370408 -0.898453 0.875246 0.339889 -0.889132 0.878017 0.385669 -0.921028 0.873116 0.361975 -0.758927 1.0656 0.276138 -0.776681 1.02829 0.318395 -0.782979 1.0642 0.319014 -0.757706 1.03774 0.283335 -0.760925 1.09976 0.327293 -0.727575 1.09842 0.257272 -0.738203 0.989687 0.293637 -0.757679 0.990788 0.335341 -0.720342 1.09005 0.345437 -0.680741 1.09951 0.280888 -0.696173 1.05438 0.352075 -0.658774 1.06384 0.284887 -0.695028 1.00997 0.350606 -0.656026 1.01038 0.274907 -0.717413 0.990561 0.347948 -0.702658 0.989449 0.300615 -0.777998 0.992189 0.381454 -0.798718 1.09806 0.389266 -0.817165 1.05781 0.369649 -0.757846 1.07747 0.405669 -0.739499 1.04302 0.407239 -0.738527 1.00992 0.402519 -0.755368 0.987035 0.39241 -0.843678 1.04813 0.414093 -0.835205 1.00545 0.401547 -0.798945 1.02319 0.367299 -0.822667 1.08321 0.432624 -0.800697 0.960766 0.400794 -0.78482 1.0673 0.452415 -0.747794 1.03383 0.457119 -0.736695 0.990235 0.440022 -0.759307 0.956098 0.416616 -0.759896 1.02419 0.49748 -0.742402 0.975111 0.47244 -0.779517 1.01194 0.523487 -0.771634 0.96489 0.506405 -0.773676 0.936754 0.444687 -0.789606 0.937173 0.478988 -0.802485 1.06262 0.490258 -0.811973 1.03733 0.520678 -0.828457 1.0442 0.517383 -0.859175 1.05044 0.507594 -0.845919 1.0688 0.47472 -0.871334 1.02984 0.491065 -0.866986 1.03919 0.451178 -0.850987 1.03088 0.509217 -0.813424 1.02114 0.514754 -0.831032 0.959758 0.477249 -0.789606 0.937173 0.478988 -0.795389 0.943287 0.488592 -0.833259 0.943962 0.466146 -0.872613 1.01077 0.478961 -0.864712 0.975644 0.459416 -0.857165 0.989581 0.431287 -0.833259 0.943962 0.466146 -0.814452 0.939782 0.428306 -0.789606 0.937173 0.478988 -0.773676 0.936754 0.444687 -0.856149 0.97189 0.47169 -0.855389 1.00009 0.484048 -0.759307 0.956098 0.416616 -0.755368 0.987035 0.39241 -0.717413 0.990561 0.347948 -0.658869 0.95983 0.278349 -0.632869 0.901321 0.270596 -0.640896 0.940115 0.249888 -0.649836 0.920647 0.302969 -0.633973 0.877702 0.237381 -0.642148 0.918371 0.223886 -0.688009 0.958076 0.289829 -0.685472 0.920325 0.318196 -0.667323 0.869903 0.22857 -0.663275 0.909939 0.214913 -0.703579 0.874726 0.236995 -0.694517 0.912624 0.219627 -0.732303 0.890205 0.266792 -0.723138 0.928483 0.244521 -0.719012 0.910006 0.302399 -0.711885 0.953897 0.273192 -0.711885 0.953897 0.273192 -0.719012 0.910006 0.302399 -0.657022 0.864937 0.31718 -0.680381 0.862729 0.319061 -0.673826 0.82 0.253889 -0.629344 0.82301 0.260778 -0.63296 0.848692 0.29676 -0.703779 0.833018 0.270815 -0.710482 0.848959 0.293645 -0.698025 0.856151 0.311193 -0.651081 0.831798 0.359203 -0.616746 0.779803 0.327055 -0.63052 0.757758 0.291728 -0.692328 0.847431 0.363457 -0.671724 0.756841 0.276945 -0.723154 0.789476 0.293564 -0.732953 0.826704 0.320453 -0.725043 0.840982 0.347999 -0.651286 0.809811 0.380338 -0.618992 0.755007 0.344568 -0.637413 0.730999 0.308788 -0.695583 0.823627 0.38686 -0.668591 0.729316 0.293832 -0.733379 0.765476 0.309822 -0.746008 0.792945 0.336903 -0.730127 0.819045 0.37121 -0.730127 0.819045 0.37121 -0.725043 0.840982 0.347999 -0.698025 0.856151 0.311193 -0.699756 0.716209 0.312149 -0.738394 0.745785 0.328386 -0.674843 0.708486 0.322244 -0.658671 0.715222 0.348512 -0.70223 0.726644 0.341615 -0.722892 0.731467 0.340116 -0.746506 0.769998 0.354523 -0.722915 0.749615 0.354555 -0.723279 0.781335 0.386311 -0.729652 0.79859 0.38395 -0.679569 0.768345 0.390948 -0.698798 0.801353 0.397422 -0.653663 0.785603 0.39485 -0.644975 0.715166 0.331704 -0.63347 0.729125 0.354625 -0.658864 0.7483 0.378379 -0.635846 0.754477 0.377904 -0.661336 0.762666 0.390362 -0.698798 0.801353 0.397422 -0.729652 0.79859 0.38395 -0.178342 1.46511 -0.196023 -0.184486 1.45243 -0.107601 -0.198444 1.50565 -0.179928 -0.156873 1.39294 -0.125938 -0.197338 1.53343 -0.17409 -0.199508 1.49283 -0.081723 -0.147488 1.53511 -0.106801 -0.142908 1.56363 -0.182417 -0.177675 1.55569 -0.17318 -0.092571 1.54187 -0.132903 -0.113564 1.55043 -0.202624 -0.058267 1.52104 -0.158047 -0.107543 1.51239 -0.227494 -0.051441 1.47944 -0.18822 -0.136291 1.47043 -0.22802 -0.079999 1.40913 -0.19003 -0.178342 1.46511 -0.196023 -0.156873 1.39294 -0.125938 -0.246738 1.55211 -0.290266 -0.21823 1.56133 -0.304785 -0.20251 1.58432 -0.301268 -0.203827 1.60673 -0.286361 -0.218937 1.62027 -0.272003 -0.237852 1.62023 -0.264361 -0.256305 1.60778 -0.255865 -0.264383 1.57892 -0.262843 -0.246738 1.55211 -0.290266 -0.338039 1.66633 -0.343455 -0.322799 1.63526 -0.371118 -0.317955 1.67806 -0.32808 -0.322799 1.63526 -0.371118 -0.275345 1.66237 -0.378916 -0.297474 1.6579 -0.394131 -0.293852 1.68256 -0.328702 -0.277593 1.67972 -0.34158 -0.269468 1.6743 -0.359129 -0.279011 1.73186 -0.355802 -0.303429 1.73601 -0.340866 -0.341182 1.73637 -0.359954 -0.33954 1.72515 -0.398075 -0.302626 1.72354 -0.416343 -0.33954 1.72515 -0.398075 -0.334947 1.68205 -0.422928 -0.358452 1.70943 -0.413672 -0.269596 1.72577 -0.377977 -0.27734 1.72002 -0.403167 -0.287681 1.82506 -0.344967 -0.264087 1.8208 -0.360623 -0.24626 1.89842 -0.356893 -0.276962 1.90133 -0.346779 -0.326977 1.83165 -0.375569 -0.314928 1.82811 -0.408717 -0.311022 1.90178 -0.377988 -0.306895 1.8963 -0.412202 -0.285942 1.82378 -0.427392 -0.314928 1.82811 -0.408717 -0.306895 1.8963 -0.412202 -0.249812 1.8141 -0.408564 -0.271964 1.90884 -0.436436 -0.233017 1.89171 -0.417171 -0.251508 1.81593 -0.379113 -0.229861 1.89393 -0.379822 -0.331192 1.9343 -0.43951 -0.312896 1.96525 -0.480704 -0.30507 1.94921 -0.377909 -0.331192 1.9343 -0.43951 -0.267805 1.95325 -0.349724 -0.2176 1.95474 -0.354375 -0.195447 2.01041 -0.360568 -0.273303 2.00035 -0.369783 -0.299911 1.98661 -0.39047 -0.278781 2.00191 -0.432026 -0.283985 1.99423 -0.43177 -0.325302 1.99468 -0.462729 -0.344626 1.97585 -0.423716 -0.218579 1.94876 -0.42369 -0.25221 1.95375 -0.447099 -0.211696 1.9967 -0.434921 -0.278781 2.00191 -0.432026 -0.197932 1.9521 -0.378569 -0.283985 1.99423 -0.43177 -0.268585 1.96292 -0.452804 -0.372247 1.68176 -0.382959 -0.345805 1.65469 -0.392261 -0.358452 1.70943 -0.413672 -0.345805 1.65469 -0.392261 -0.372247 1.68176 -0.382959 -0.437076 1.67355 -0.466104 -0.450958 1.6485 -0.44422 -0.358452 1.70943 -0.413672 -0.420395 1.64946 -0.480867 -0.334947 1.68205 -0.422928 -0.436135 1.62607 -0.45698 -0.345805 1.65469 -0.392261 -0.436135 1.62607 -0.45698 -0.528338 1.60725 -0.502214 -0.513615 1.58732 -0.510881 -0.513615 1.58732 -0.510881 -0.505002 1.60486 -0.533331 -0.522336 1.62297 -0.522342 -0.608926 1.5491 -0.5615 -0.598856 1.53663 -0.569301 -0.598856 1.53663 -0.569301 -0.589906 1.55112 -0.583109 -0.606209 1.56403 -0.575328 -0.73079 1.4527 -0.646891 -0.726373 1.44642 -0.652582 -0.726373 1.44642 -0.652582 -0.726331 1.45461 -0.658315 -0.729972 1.45906 -0.654092 -0.726373 1.44642 -0.652582 -0.278781 2.00191 -0.432026 -0.296974 2.03823 -0.400541 -0.285975 2.02118 -0.452438 -0.273303 2.00035 -0.369783 -0.232504 2.06261 -0.395162 -0.195447 2.01041 -0.360568 -0.229075 2.03189 -0.462985 -0.211696 1.9967 -0.434921 -0.285975 2.02118 -0.452438 -0.278781 2.00191 -0.432026 -0.337736 2.06105 -0.510428 -0.360242 2.09541 -0.474649 -0.480327 2.17651 -0.603727 -0.458923 2.14446 -0.637045 -0.438031 2.20444 -0.621376 -0.303094 2.12954 -0.481924 -0.281796 2.08062 -0.525963 -0.418046 2.16913 -0.657311 -0.337736 2.06105 -0.510428 -0.458923 2.14446 -0.637045 -0.627954 2.24752 -0.76191 -0.616819 2.22193 -0.787252 -0.601524 2.26965 -0.777687 -0.590467 2.2412 -0.802742 -0.616819 2.22193 -0.787252 -0.855632 2.31585 -0.989151 -0.849862 2.30451 -0.99979 -0.846092 2.32614 -0.996543 -0.840782 2.31569 -1.00604 -0.849862 2.30451 -0.99979 -0.849862 2.30451 -0.99979 -0.312896 1.96525 -0.480704 -0.411394 1.92586 -0.513853 -0.399045 1.94895 -0.544429 -0.331192 1.9343 -0.43951 -0.325302 1.99468 -0.462729 -0.416241 1.97876 -0.529634 -0.344626 1.97585 -0.423716 -0.430932 1.95815 -0.497134 -0.539817 1.88791 -0.610458 -0.526344 1.90622 -0.632944 -0.543402 1.93471 -0.623239 -0.55596 1.91506 -0.597416 -0.411394 1.92586 -0.513853 -0.539817 1.88791 -0.610458 -0.673775 1.83321 -0.722885 -0.672541 1.84629 -0.735646 -0.680472 1.86953 -0.730335 -0.68538 1.85295 -0.703446 -0.673775 1.83321 -0.722885 -0.862546 1.74894 -0.851858 -0.864045 1.75816 -0.862174 -0.862893 1.76729 -0.850582 -0.869136 1.7576 -0.847851 -0.862546 1.74894 -0.851858 -0.862546 1.74894 -0.851858 -0.186921 0.910926 0.180904 -0.225346 1.00142 0.140846 -0.154258 0.837683 0.191412 -0.124131 0.784436 0.174348 -0.097944 0.743601 0.152392 -0.078255 0.714093 0.108241 -0.084467 0.722973 0.039715 -0.270915 1.03489 0.083518 -0.221486 1.01809 -0.167877 -0.200113 0.934816 -0.184091 -0.162928 0.854247 -0.129414 -0.123015 0.785051 -0.044274 -0.084467 0.722973 0.039715 -0.729652 0.79859 0.38395 -0.746506 0.769998 0.354523 0.118859 1.92324 0.315624 0.106686 1.9374 0.326703 0.109443 1.91751 0.318395 0.115587 1.94481 0.313407 0.105852 1.94323 0.343915 0.111853 1.94998 0.34015 0.099997 1.94292 0.362916 0.106973 1.95146 0.365233 0.09242 1.93365 0.385162 0.09755 1.94043 0.391247 0.085797 1.91824 0.394655 0.085799 1.91836 0.408431 0.080604 1.90606 0.398452 0.079274 1.90306 0.412634 0.075743 1.89781 0.399141 0.07252 1.89329 0.413118 0.082199 1.89011 0.393417 0.088304 1.8923 0.408541 0.090663 1.886 0.384507 0.094906 1.88521 0.393581 0.09845 1.88174 0.36916 0.103093 1.87815 0.374616 0.10802 1.88637 0.34516 0.118155 1.88585 0.350636 0.111061 1.90561 0.328637 0.121728 1.90748 0.329496 0.078463 1.90004 0.391992 0.08358 1.89504 0.387064 0.082984 1.89657 0.382827 0.088833 1.894 0.375824 0.089411 1.89177 0.378833 0.094909 1.89384 0.365446 0.09647 1.88891 0.366906 0.100023 1.89837 0.351973 0.104517 1.89413 0.349532 0.10216 1.90838 0.341557 0.107861 1.90799 0.335109 0.101854 1.91833 0.336652 0.107362 1.9185 0.329102 0.100571 1.92814 0.339883 0.100988 1.93113 0.335307 0.079559 1.90184 0.387832 0.079492 1.90765 0.392551 0.080366 1.90915 0.388434 0.085621 1.91808 0.389076 0.084949 1.91818 0.384878 0.091657 1.92906 0.378995 0.091276 1.92677 0.375917 0.097766 1.93616 0.362578 0.096741 1.93246 0.362569 0.101476 1.93636 0.347752 0.099292 1.93293 0.349668 0.101164 1.91828 0.357456 0.094275 1.90701 0.374391 0.098637 1.91291 0.366032 0.14902 1.8822 0.298873 0.144787 1.87083 0.333696 0.139155 1.85828 0.364261 0.130794 1.84027 0.400312 0.11783 1.81864 0.44095 0.097847 1.80567 0.482711 0.140602 1.8302 0.348821 0.129293 1.81181 0.38191 0.141085 1.84023 0.323142 0.113233 1.78554 0.4191 0.090112 1.77408 0.463584 0.070205 1.76845 0.516591 0.14288 1.84381 0.307368 0.153193 1.8652 0.27079 0.142061 1.83875 0.306201 0.153733 1.80636 0.326725 0.156152 1.75787 0.305907 0.167248 1.78992 0.287649 0.147504 1.77958 0.339982 0.135102 1.73019 0.328938 0.128863 1.75976 0.359386 0.117312 1.71 0.345676 0.115159 1.73943 0.368304 0.100023 1.68363 0.363306 0.103858 1.71284 0.377653 0.088481 1.65877 0.388308 0.093551 1.69004 0.398194 0.079138 1.63156 0.42002 0.082062 1.66421 0.431877 0.064277 1.6033 0.455668 0.066327 1.63698 0.465936 0.040191 1.57915 0.489542 0.042965 1.61049 0.501823 0.112069 1.69836 0.289815 0.140753 1.73833 0.259648 0.100428 1.68318 0.319375 0.06943 1.65841 0.336908 0.060773 1.62523 0.376016 0.054481 1.6037 0.406886 0.041911 1.5788 0.436914 0.026143 1.55775 0.465478 0.160029 1.77777 0.240654 0.163431 1.82502 0.277162 0.161079 1.82291 0.229016 0.153774 1.87148 0.22955 0.130263 1.88116 0.193452 0.144898 1.82612 0.178417 0.14839 1.77188 0.180726 0.13239 1.72819 0.19934 0.114546 1.76895 0.135422 0.128645 1.72626 0.15217 0.128341 1.69896 0.172548 0.112835 1.69154 0.219394 0.139212 1.92567 0.237208 0.124975 1.91834 0.218286 0.106203 1.91226 0.210557 0.135023 1.97219 0.246677 0.129616 1.98936 0.264771 0.120685 2.01008 0.272858 0.132108 1.95892 0.228009 0.088983 1.9188 0.190289 0.103948 1.94875 0.203964 0.089148 1.9539 0.186117 0.120369 1.95072 0.213104 0.029612 1.99542 0.230361 0.066103 1.97562 0.185576 0.060387 1.97007 0.14723 0.047312 2.00089 0.21866 0.102283 2.02624 0.279151 0.07579 2.02724 0.277178 0.051824 2.01657 0.257781 0.047312 2.00089 0.21866 0.110681 1.97408 0.182232 0.088974 1.97906 0.177286 0.059654 2.03387 0.233292 0.081212 2.04513 0.253236 0.106664 2.0438 0.258069 0.125648 2.03386 0.250543 0.137096 2.01661 0.245374 0.140806 2.00311 0.233006 0.13768 1.98826 0.212291 0.124981 1.97662 0.193129 0.092061 2.04783 0.234656 0.073754 2.03837 0.21586 0.069764 2.02136 0.190981 0.05348 2.01364 0.202539 0.130523 2.03369 0.224283 0.130228 2.01753 0.201875 0.112814 2.00411 0.179179 0.085642 2.00634 0.174965 0.071367 1.99114 0.179533 0.069764 2.02136 0.190981 0.05348 2.01364 0.202539 0.114873 2.046 0.237567 0.067786 1.66255 0.234858 0.070901 1.66631 0.293036 0.141085 1.84023 0.323142 0.11037 1.8343 0.322405 0.14288 1.84381 0.307368 0.112462 1.83153 0.337876 0.140602 1.8302 0.348821 0.110947 1.82353 0.355 0.129293 1.81181 0.38191 0.099582 1.80471 0.381957 0.113233 1.78554 0.4191 0.07963 1.78614 0.414879 0.090112 1.77408 0.463584 0.063901 1.77635 0.454608 0.070205 1.76845 0.516591 0.045284 1.77024 0.505945 0.049062 1.75549 0.57296 0.026125 1.75402 0.561356 0.025501 1.73872 0.600958 0.015989 1.73929 0.585157 0.120314 1.82497 0.31275 0.142061 1.83875 0.306201 0.153733 1.80636 0.326725 0.114181 1.79624 0.326634 0.106934 1.77494 0.33841 0.147504 1.77958 0.339982 0.09344 1.7553 0.353044 0.128863 1.75976 0.359386 0.080799 1.73667 0.359878 0.115159 1.73943 0.368304 0.071121 1.7104 0.373653 0.082095 1.80155 0.343864 0.120668 1.81448 0.317031 0.088652 1.81488 0.333282 0.075517 1.79103 0.360567 0.068212 1.78005 0.385821 0.063577 1.76545 0.401224 0.061184 1.7409 0.41866 0.058829 1.714 0.432823 0.054019 1.68493 0.45262 0.064266 1.68441 0.394104 0.05626 1.66066 0.420922 0.04563 1.66181 0.480853 0.046198 1.6391 0.448288 0.033401 1.64088 0.495095 0.032802 1.61664 0.474457 0.042965 1.61049 0.501823 0.066327 1.63698 0.465936 0.082062 1.66421 0.431877 0.093551 1.69004 0.398194 0.103858 1.71284 0.377653 0.086672 1.82005 0.328065 0.229673 1.27018 0.125003 0.226974 1.25492 0.042477 0.21852 1.28136 0.039495 0.226584 1.29561 0.120736 0.278744 1.0386 0.034257 0.141281 0.807936 -0.198057 0.162928 0.854247 -0.129414 0.200113 0.934816 -0.184091 0.167556 1.48387 0.10247 0.2459 1.53354 0.090976 0.193374 1.52959 0.060315 0.218254 1.48158 0.141241 0.258893 1.39676 0.171074 0.28041 1.38159 0.166503 0.306366 1.4569 0.15738 0.268724 1.47067 0.155202 0.260878 1.26218 0.042514 0.288428 1.23462 0.099533 0.267206 1.26826 0.103898 0.291176 1.23219 0.048547 0.310873 1.26699 0.144978 0.39891 1.27136 0.147787 0.339 1.32345 0.141189 0.421559 1.30874 0.111254 0.373037 1.36419 0.111399 0.440127 1.33041 0.076102 0.380409 1.3893 0.071539 0.446253 1.32831 0.030185 0.367609 1.39807 0.026413 0.341229 1.18751 0.099266 0.346707 1.18592 0.049457 0.458656 1.31351 -0.014482 0.384721 1.38184 -0.021559 0.496287 1.26471 0.039998 0.486517 1.27167 0.082577 0.463761 1.25197 0.10533 0.44405 1.22138 0.138476 0.361697 1.21733 0.147614 0.416315 1.17227 0.129394 0.398515 1.15629 0.086041 0.397447 1.15275 0.047038 0.515484 1.234 0.088843 0.493013 1.22072 0.118192 0.557324 1.22844 0.113524 0.521246 1.2112 0.145639 0.468538 1.19404 0.134933 0.490668 1.17481 0.15038 0.532666 1.22753 0.051981 0.574771 1.21259 0.067335 0.447906 1.15472 0.116974 0.482103 1.13809 0.118849 0.440309 1.13053 0.070718 0.464615 1.10525 0.090612 0.438988 1.11535 0.044835 0.456448 1.08223 0.060367 0.568704 1.17972 0.026931 0.539468 1.19678 -0.003641 0.502021 1.23969 0.010953 0.495621 1.21679 -0.006168 0.485906 1.11658 0.148923 0.470654 1.07718 0.120284 0.502624 1.09078 0.179645 0.526275 1.14051 0.205771 0.50137 1.16197 0.177947 0.573386 1.1801 0.197816 0.54462 1.20299 0.174609 0.623873 1.19009 0.158453 0.591417 1.21377 0.134399 0.60763 1.18836 0.087275 0.63922 1.15994 0.111043 0.49295 1.0461 0.148097 0.469184 1.04364 0.08516 0.503615 1.01317 0.112088 0.637902 1.12261 0.07744 0.60038 1.15235 0.050901 0.623974 1.06839 0.050778 0.5838 1.10246 0.016634 0.563307 1.15144 0.00481 0.601534 1.04194 0.046442 0.563317 1.07076 0.01305 0.567608 1.01774 0.058263 0.529507 1.04903 0.023523 0.533086 1.00649 0.079162 0.496492 1.03336 0.049196 0.503615 1.01317 0.112088 0.469184 1.04364 0.08516 0.528273 1.02346 0.171879 0.537056 1.06711 0.206472 0.58673 1.04562 0.219298 0.602321 1.08975 0.233355 0.561085 1.11481 0.223967 0.630417 1.11743 0.225305 0.602421 1.14625 0.211478 0.661888 1.11098 0.196221 0.643394 1.15055 0.178446 0.666569 1.13045 0.138607 0.686587 1.09468 0.167991 0.576386 1.00398 0.189538 0.542884 0.996334 0.136617 0.589521 0.981407 0.163841 0.696773 1.06289 0.143116 0.669401 1.09597 0.106035 0.703035 1.02461 0.119943 0.661376 1.04713 0.080812 0.678996 0.983411 0.117572 0.637875 1.01594 0.076207 0.638766 0.968681 0.128356 0.601743 0.99574 0.090762 0.610004 0.969937 0.144302 0.569679 0.989721 0.109697 0.589521 0.981407 0.163841 0.542884 0.996334 0.136617 0.65339 0.93724 0.19119 0.681853 0.937111 0.19241 0.730495 0.955094 0.214692 0.636919 0.949072 0.202034 0.663275 0.909938 0.214913 0.642149 0.91837 0.223886 0.694517 0.912624 0.219628 0.723139 0.928483 0.244521 0.253555 1.54534 0.030868 0.207781 1.53722 -0.014977 0.25031 1.5247 -0.038792 0.218507 1.48255 -0.077131 0.299416 1.50823 -0.034984 0.293585 1.47008 -0.067392 0.267647 1.27334 -0.006482 0.291176 1.23219 0.048547 0.260878 1.26218 0.042514 0.304646 1.24225 0.007984 0.278739 1.29039 -0.046371 0.313779 1.24781 -0.027456 0.346707 1.18592 0.049457 0.362535 1.19399 0.010238 0.375079 1.19442 -0.024527 0.334873 1.26864 -0.054745 0.402009 1.2131 -0.056697 0.443501 1.27743 -0.041148 0.430495 1.25263 -0.047006 0.374761 1.34759 -0.052923 0.397447 1.15275 0.047038 0.411265 1.15288 0.015919 0.430855 1.15402 0.004369 0.45625 1.16794 -0.018785 0.47319 1.1834 -0.018954 0.438988 1.11535 0.044835 0.445241 1.10863 0.020306 0.471228 1.07038 0.031795 0.456448 1.08223 0.060367 0.466892 1.10999 -0.012954 0.495437 1.08153 -0.001783 0.497378 1.12494 -0.038236 0.526353 1.0975 -0.017266 0.544015 1.11267 -0.016623 0.490776 1.19945 -0.019131 0.556637 1.13451 -0.01624 0.212454 1.5386 0.026785 0.658774 1.06384 0.284887 0.656026 1.01038 0.274907 0.629449 0.973936 0.228443 0.636919 0.949072 0.202034 0.727575 1.09842 0.257272 0.774041 1.05407 0.259757 0.762589 1.06843 0.223839 0.758927 1.0656 0.276138 0.757706 1.03774 0.283336 0.765069 1.02523 0.273405 0.738203 0.989687 0.293637 0.751768 0.98867 0.282108 0.711885 0.953896 0.273192 0.744334 0.965572 0.260093 0.688009 0.958076 0.289829 0.702658 0.989449 0.300615 0.658869 0.95983 0.278349 0.640896 0.940114 0.249888 0.642149 0.91837 0.223886 0.7712 1.03225 0.18833 0.826366 0.956313 0.226412 0.764391 0.9863 0.180077 0.836863 1.00578 0.233373 0.835111 1.0393 0.261363 0.762589 1.06843 0.223839 0.730495 0.955094 0.214692 0.795745 0.931307 0.261071 0.824068 1.03597 0.287979 0.774041 1.05407 0.259757 0.800044 1.01352 0.300029 0.765069 1.02523 0.273405 0.783273 0.981759 0.308703 0.751768 0.98867 0.282108 0.78336 0.946529 0.293076 0.744334 0.965572 0.260093 0.86559 0.946612 0.281713 0.886404 0.983372 0.279248 0.865046 1.02012 0.324729 0.891811 1.02408 0.299643 0.84111 0.99953 0.337903 0.825853 0.968465 0.342637 0.826367 0.935708 0.327439 0.910085 0.92661 0.304403 0.925482 0.959995 0.310996 0.922049 1.00003 0.338837 0.877906 0.89569 0.315345 0.842598 0.930163 0.303351 0.826367 0.935708 0.327439 0.78336 0.946529 0.293076 0.900213 1.00042 0.361077 0.861335 0.978225 0.382912 0.838872 0.937077 0.386529 0.847605 0.896569 0.349957 0.847605 0.896569 0.349957 0.941347 0.90933 0.328885 0.960952 0.952433 0.338947 0.957 0.897696 0.352151 0.971188 0.931924 0.362492 0.976283 0.953424 0.377443 0.95774 0.919188 0.372969 0.960477 0.955795 0.395099 0.932355 0.891211 0.371371 0.889132 0.878017 0.385669 0.921028 0.873116 0.361975 0.89709 0.880504 0.390016 0.958724 0.991079 0.36936 0.925958 0.992133 0.397847 0.880908 0.964045 0.41558 0.891427 0.948205 0.426612 0.930101 0.970279 0.417695 0.949611 0.974818 0.408594 0.854218 0.917473 0.404354 0.92212 0.947239 0.411908 0.869177 0.879943 0.370408 0.88105 0.912674 0.41451 0.889132 0.878017 0.385669 0.969575 0.974851 0.392758 0.306441 0.976693 0.028345 0.308884 0.907275 0.139029 0.332266 0.918972 0.022833 0.297473 0.969811 0.100435 0.305 0.977476 -0.08397 0.324681 0.902397 -0.058779 0.373852 0.781953 0.017731 0.372062 0.793239 0.115997 0.374067 0.776596 -0.052784 0.336987 0.751732 -0.111289 0.294253 0.886018 -0.147593 0.259142 0.949744 -0.15738 0.276475 0.956509 -0.125896 0.216393 0.881342 -0.177301 0.231573 0.831481 -0.17097 0.17732 0.830612 -0.126441 0.18771 0.786073 -0.136925 0.126918 0.757682 -0.040218 0.130557 0.732163 -0.036437 0.088568 0.708053 0.038073 0.092391 0.69414 0.036541 0.141031 0.661651 -0.020842 0.195417 0.688358 -0.107594 0.254037 0.716114 -0.124027 0.100558 0.636562 0.04206 0.161495 0.582601 -0.007731 0.207289 0.599284 -0.039215 0.263972 0.611605 -0.025193 0.32668 0.631238 -0.042695 0.384116 0.683628 -0.0171 0.384761 0.6947 0.056874 0.375154 0.692499 0.144845 0.128891 0.566964 0.04875 0.322759 0.770763 0.202047 0.293855 0.886599 0.184029 0.268576 0.952704 0.139906 0.293503 0.640534 0.221395 0.388662 0.607119 0.073257 0.358684 0.603132 0.146607 0.370263 0.602213 0.006803 0.314739 0.586698 0.20725 0.241246 0.624602 0.24381 0.228256 0.719586 0.265504 0.28729 0.747379 0.2437 0.202137 0.802312 0.252602 0.250747 0.852217 0.233094 0.218247 0.884686 0.2056 0.164991 0.818272 0.216297 0.140935 0.747542 0.206305 0.132827 0.765344 0.190885 0.102944 0.714465 0.16492 0.100532 0.728524 0.158875 0.07631 0.686649 0.110861 0.077248 0.699891 0.109597 0.092391 0.69414 0.036541 0.088568 0.708053 0.038073 0.159135 0.677888 0.237809 0.113229 0.647537 0.199635 0.089601 0.62983 0.116865 0.100558 0.636562 0.04206 0.199237 0.604681 0.232693 0.143432 0.572659 0.202475 0.123299 0.559381 0.114164 0.128891 0.566964 0.04875 0.198001 0.536811 0.203694 0.172551 0.523632 0.163289 0.257945 0.556933 0.243453 0.15232 0.519175 0.118386 0.148616 0.523906 0.043098 0.148058 0.482955 0.032172 0.157072 0.43035 0.084317 0.158451 0.479205 0.091136 0.204675 0.447181 0.118979 0.190165 0.48808 0.138526 0.236919 0.458263 0.161613 0.21781 0.493399 0.189408 0.361391 0.550287 0.137485 0.366058 0.504243 0.122781 0.394806 0.509249 0.061304 0.38238 0.554874 0.071152 0.395841 0.511599 -0.010908 0.372607 0.555448 0.004291 0.326484 0.586027 -0.022211 0.356116 0.503774 -0.07572 0.340947 0.551891 -0.053567 0.28579 0.483285 -0.095063 0.276209 0.535948 -0.07721 0.213439 0.463385 -0.09811 0.208357 0.519292 -0.075636 0.158645 0.444883 -0.046969 0.158805 0.497571 -0.030079 0.142804 0.437145 0.019845 0.148058 0.482955 0.032172 0.270034 0.570333 -0.044868 0.213609 0.552117 -0.04315 0.168224 0.532851 -0.011785 0.148616 0.523906 0.043098 0.142804 0.437145 0.019845 0.161014 0.379687 0.006328 0.166051 0.376169 0.071328 0.198399 0.314823 0.052752 0.232338 0.311753 0.091946 0.216702 0.387893 0.103521 0.27356 0.313523 0.116709 0.279972 0.460693 0.200545 0.251866 0.400219 0.136206 0.311152 0.316141 0.136126 0.292132 0.404363 0.163758 0.333413 0.485455 0.173528 0.345991 0.328124 0.11326 0.339101 0.417395 0.141142 0.389528 0.33353 0.08379 0.38789 0.43279 0.108768 0.409092 0.339258 0.029193 0.411766 0.43914 0.046783 0.393032 0.361042 -0.025651 0.402458 0.444836 -0.023741 0.354463 0.368425 -0.078033 0.3583 0.439055 -0.081129 0.295133 0.363588 -0.087692 0.293293 0.424028 -0.092095 0.244427 0.354749 -0.082123 0.226079 0.406676 -0.088801 0.208221 0.334854 -0.052559 0.180438 0.38842 -0.054695 0.192472 0.321814 0.003472 0.161014 0.379687 0.006328 0.40114 0.267759 0.023853 0.230952 0.2512 -0.066716 0.262225 0.272672 -0.108853 0.350511 0.285626 -0.105199 0.392708 0.270979 -0.042256 0.301755 0.28972 -0.124567 0.216065 0.221168 0.005579 0.243877 0.21506 -0.088678 0.259759 0.24656 -0.136253 0.358791 0.256337 -0.133327 0.396755 0.218403 -0.036041 0.29802 0.265186 -0.164161 0.232211 0.185037 -0.017589 0.376574 0.161493 -0.062205 0.349581 0.205818 -0.166188 0.300479 0.214754 -0.194114 0.270389 0.20754 -0.16577 0.268351 0.179295 -0.123478 0.257643 0.149976 -0.039965 0.393108 0.221425 0.036844 0.413629 0.173912 0.041804 0.391532 0.208029 0.085509 0.389826 0.249957 0.070459 0.351681 0.228152 0.126208 0.347761 0.260943 0.109179 0.319516 0.262923 0.114223 0.287531 0.255186 0.115789 0.257442 0.238175 0.087296 0.23668 0.223145 0.058473 0.192472 0.321814 0.003472 0.216065 0.221168 0.005579 0.32491 0.235707 0.141974 0.292443 0.22718 0.132805 0.263568 0.199046 0.093985 0.246212 0.166907 0.156465 0.293707 0.178145 0.17411 0.235855 0.155117 0.225361 0.292538 0.148154 0.235467 0.339782 0.178771 0.250397 0.332043 0.203691 0.194962 0.389131 0.150874 0.230752 0.371647 0.182937 0.169531 0.447902 0.157817 0.217893 0.419149 0.176966 0.142412 0.20545 0.097237 0.212166 0.227538 0.111388 0.145326 0.448838 0.120729 0.114285 0.482804 0.08992 0.205462 0.4473 0.052095 0.102403 0.414478 0.112588 0.022032 0.469394 0.014681 0.200404 0.218993 0.01682 0.216779 0.225554 0.038118 0.13424 0.235335 0.172224 0.056573 0.242491 0.111788 0.042916 0.471528 0.158162 0.273141 0.510777 0.096413 0.26813 0.481038 0.012806 0.275919 0.180892 0.095526 0.270044 0.225338 0.147624 0.277935 0.226357 0.01372 0.281875 0.211539 0.145809 0.33234 0.282893 0.115471 0.334946 0.288754 0.132023 0.280653 0.345011 0.165689 0.290635 0.405497 0.136747 0.278488 0.350484 0.160633 0.333893 0.420401 0.124574 0.33239 0.164374 0.09673 0.331715 0.19117 0.034115 0.324451 0.411895 0.111956 0.383772 0.156448 0.021052 0.358921 0.154027 0.097243 0.36687 0.154955 0.094718 0.414781 0.145985 0.031672 0.397261 0.155004 0.028524 0.405959 0.172739 0.103571 0.434547 0.171971 0.00031 0.406745 0.161445 -0.000817 0.390724 0.212716 -0.016881 0.393709 0.257622 0.004478 0.412732 0.262901 -0.00053 0.399182 0.277706 0.033602 0.4139 0.262961 0.038557 0.423651 0.162435 0.12381 0.425225 0.195382 0.15849 0.440215 0.172762 0.130259 0.373629 0.208204 0.153097 0.384226 0.19431 0.12425 0.448753 0.235945 0.143891 0.389852 0.264344 0.112765 0.390746 0.253734 0.11724 0.440368 0.273702 0.02382 0.377161 0.223084 0.113484 0.446643 0.23229 0.147336 0.445756 0.232211 0.185037 -0.017589 0.257643 0.149976 -0.039965 0.476243 0.155394 0.331418 0.530059 0.099129 0.314322 0.513768 0.022365 0.320255 0.555176 0.103344 0.363223 0.560594 0.026828 0.35069 0.576248 0.037767 0.387044 0.557932 0.118119 0.411788 0.526143 0.156061 0.377917 0.534303 0.154707 0.431154 0.533478 0.118123 0.438302 0.561797 0.039773 0.408698 0.554116 0.001772 0.407965 0.557727 -0.007566 0.388094 0.511097 -0.023223 0.39992 0.472928 0.000557 0.420943 0.460646 -0.015915 0.407133 0.456218 0.02939 0.43106 0.43718 0.025494 0.421723 0.480347 0.106249 0.444358 0.448046 0.117776 0.430953 0.43694 0.016943 0.387286 0.439409 0.111462 0.385745 0.427282 0.035463 0.34929 0.459337 0.149539 0.391859 0.474738 0.15175 0.444319 0.505243 0.161845 0.444076 0.491441 0.166969 0.390187 0.505213 0.128321 0.448658 0.381736 0.152393 0.393569 0.402744 0.104767 0.439036 0.384367 0.141341 0.452656 0.3795 0.113484 0.452465 0.424932 0.044059 0.414528 0.417066 0.041076 0.426478 0.405626 0.002654 0.422801 0.412221 0.002454 0.408423 0.356036 -0.010889 0.409782 0.323913 0.001515 0.424474 0.309346 -0.000685 0.410549 0.295298 0.027218 0.416323 0.302247 0.029967 0.426557 0.307812 0.105386 0.438054 0.282204 0.041 0.342949 0.295727 0.017161 0.379032 0.298674 0.108202 0.385349 0.328173 0.10693 0.451902 0.321284 0.133745 0.453239 0.352707 0.154284 0.459299 0.316593 0.142467 0.391674 0.35127 0.160913 0.395671 0.352559 0.127444 0.464469 0.469394 0.014681 0.200404 0.335814 0.023132 0.126268 0.4473 0.052095 0.102403 0.334173 -0.005119 0.213449 0.225554 0.038118 0.13424 0.218993 0.01682 0.216779 0.344566 0.003227 0.278947 0.481038 0.012806 0.275919 0.226357 0.01372 0.281875 0.414478 0.112588 0.022032 0.329999 0.102656 0.039432 0.242491 0.111788 0.042916 0.376574 0.161493 -0.062205 0.323521 0.141298 -0.050351 0.257643 0.149976 -0.039965 0.349581 0.205818 -0.166188 0.320976 0.169262 -0.141668 0.268351 0.179295 -0.123478 0.300479 0.214754 -0.194114 0.270389 0.20754 -0.16577 0.388089 0.017545 0.324063 0.444231 0.013916 0.312548 0.427282 0.035463 0.34929 0.468155 0.004847 0.335959 0.43694 0.016943 0.387286 0.48991 -0.01449 0.365325 0.513768 0.022365 0.320255 0.576248 0.037767 0.387044 0.557727 -0.007566 0.388094 0.560594 0.026828 0.35069 0.356036 -0.010889 0.409782 0.353293 -0.004545 0.359334 0.416199 0.012345 0.378647 0.295727 0.017161 0.379032 0.309346 -0.000685 0.410549 0.412221 0.002454 0.408423 0.424932 0.044059 0.414528 0.309242 0.016431 0.324539 0.237002 0.022143 0.336957 0.282204 0.041 0.342949 0.259762 0.017 0.316251 0.161445 -0.000817 0.390724 0.156448 0.021052 0.358921 0.222025 -0.005402 0.357009 0.212716 -0.016881 0.393709 0.273702 0.02382 0.377161 0.19117 0.034115 0.324451 0.262901 -0.00053 0.399182 0.277706 0.033602 0.4139 0.145985 0.031672 0.397261 0.898453 0.875246 0.339889 0.921028 0.873116 0.361975 0.889132 0.878017 0.385669 0.869177 0.879943 0.370408 0.758927 1.0656 0.276138 0.776681 1.02829 0.318395 0.757706 1.03774 0.283336 0.782979 1.0642 0.319014 0.760925 1.09976 0.327293 0.727575 1.09842 0.257272 0.738203 0.989687 0.293637 0.757679 0.990788 0.335342 0.720342 1.09005 0.345437 0.680741 1.09951 0.280888 0.696173 1.05438 0.352075 0.658774 1.06384 0.284887 0.695028 1.00997 0.350606 0.656026 1.01038 0.274907 0.717413 0.990561 0.347948 0.702658 0.989449 0.300615 0.798945 1.02319 0.367299 0.817165 1.05781 0.369649 0.757847 1.07747 0.405669 0.798718 1.09806 0.389266 0.739499 1.04302 0.407239 0.738527 1.00992 0.402519 0.755368 0.987035 0.39241 0.835205 1.00545 0.401546 0.843678 1.04813 0.414093 0.822667 1.08321 0.432623 0.800697 0.960766 0.400794 0.777998 0.99219 0.381453 0.755368 0.987035 0.39241 0.717413 0.990561 0.347948 0.784819 1.0673 0.452415 0.747794 1.03383 0.457119 0.736695 0.990236 0.440021 0.759307 0.956099 0.416615 0.759307 0.956099 0.416615 0.759896 1.02419 0.49748 0.742402 0.975111 0.47244 0.779517 1.01194 0.523487 0.771633 0.96489 0.506405 0.773676 0.936754 0.444687 0.789606 0.937174 0.478988 0.802485 1.06262 0.490258 0.811972 1.03733 0.520678 0.828457 1.0442 0.517383 0.859175 1.05044 0.507594 0.845919 1.0688 0.474719 0.871334 1.02984 0.491065 0.866986 1.03919 0.451178 0.850987 1.03088 0.509217 0.813424 1.02114 0.514754 0.831032 0.959758 0.477249 0.795389 0.943287 0.488592 0.789606 0.937174 0.478988 0.833259 0.943962 0.466146 0.864712 0.975645 0.459416 0.857165 0.989581 0.431286 0.872613 1.01077 0.478961 0.833259 0.943962 0.466146 0.814452 0.939783 0.428306 0.789606 0.937174 0.478988 0.773676 0.936754 0.444687 0.856149 0.97189 0.47169 0.855389 1.0001 0.484048 0.658869 0.95983 0.278349 0.632869 0.901321 0.270596 0.649836 0.920646 0.302969 0.640896 0.940114 0.249888 0.633973 0.877702 0.237381 0.642149 0.91837 0.223886 0.688009 0.958076 0.289829 0.685472 0.920325 0.318197 0.667323 0.869903 0.228571 0.663275 0.909938 0.214913 0.703579 0.874726 0.236996 0.694517 0.912624 0.219628 0.732303 0.890204 0.266793 0.723139 0.928483 0.244521 0.719012 0.910006 0.302399 0.711885 0.953896 0.273192 0.711885 0.953896 0.273192 0.719012 0.910006 0.302399 0.63296 0.848692 0.296761 0.629344 0.823009 0.260778 0.673826 0.819999 0.253889 0.703779 0.833018 0.270815 0.710483 0.848958 0.293645 0.698025 0.85615 0.311193 0.616746 0.779803 0.327054 0.651081 0.831798 0.359203 0.657022 0.864937 0.31718 0.680382 0.862729 0.319061 0.698025 0.85615 0.311193 0.63052 0.757758 0.291728 0.692328 0.847431 0.363457 0.671724 0.756841 0.276945 0.723154 0.789476 0.293564 0.732953 0.826704 0.320452 0.725043 0.840981 0.347999 0.725043 0.840981 0.347999 0.651286 0.809811 0.380338 0.618992 0.755007 0.344568 0.637413 0.730998 0.308788 0.668591 0.729316 0.293832 0.733379 0.765475 0.309821 0.746008 0.792945 0.336903 0.730128 0.819045 0.37121 0.730128 0.819045 0.37121 0.695582 0.823627 0.38686 0.699756 0.716209 0.312149 0.738393 0.745785 0.328386 0.674843 0.708486 0.322244 0.658671 0.715221 0.348512 0.70223 0.726644 0.341615 0.722892 0.731466 0.340116 0.746505 0.769998 0.354523 0.722915 0.749615 0.354556 0.723278 0.781334 0.386311 0.729651 0.79859 0.38395 0.679569 0.768345 0.390948 0.698798 0.801352 0.397422 0.653662 0.785602 0.39485 0.644975 0.715165 0.331704 0.63347 0.729125 0.354625 0.658864 0.748299 0.378379 0.635845 0.754477 0.377904 0.661336 0.762666 0.390362 0.698798 0.801352 0.397422 0.729651 0.79859 0.38395 0.178342 1.46511 -0.196023 0.184486 1.45243 -0.107601 0.156873 1.39294 -0.125938 0.198444 1.50565 -0.179928 0.197337 1.53343 -0.17409 0.199508 1.49283 -0.081723 0.147488 1.53511 -0.106801 0.177675 1.55569 -0.173181 0.142907 1.56363 -0.182418 0.092571 1.54187 -0.132903 0.113564 1.55043 -0.202624 0.058267 1.52104 -0.158047 0.107543 1.51239 -0.227494 0.051441 1.47944 -0.18822 0.136291 1.47043 -0.22802 0.079999 1.40913 -0.19003 0.178342 1.46511 -0.196023 0.156873 1.39294 -0.125938 0.256305 1.60778 -0.255865 0.264383 1.57892 -0.262843 0.246738 1.55211 -0.290266 0.21823 1.56133 -0.304785 0.202509 1.58432 -0.301269 0.203827 1.60673 -0.286362 0.218937 1.62027 -0.272003 0.317954 1.67806 -0.32808 0.338039 1.66633 -0.343455 0.246738 1.55211 -0.290266 0.322799 1.63526 -0.371118 0.322799 1.63526 -0.371118 0.297473 1.6579 -0.394131 0.275345 1.66237 -0.378916 0.269467 1.6743 -0.359129 0.277593 1.67972 -0.34158 0.237852 1.62023 -0.264361 0.293852 1.68256 -0.328702 0.279011 1.73186 -0.355802 0.303429 1.73601 -0.340866 0.341182 1.73637 -0.359954 0.33954 1.72515 -0.398075 0.27734 1.72002 -0.403167 0.269596 1.72577 -0.377977 0.302626 1.72354 -0.416343 0.33954 1.72515 -0.398075 0.334947 1.68205 -0.422928 0.345805 1.65469 -0.392261 0.358452 1.70943 -0.413672 0.287681 1.82506 -0.344967 0.24626 1.89842 -0.356893 0.264087 1.8208 -0.360623 0.276962 1.90133 -0.346779 0.326977 1.83165 -0.375569 0.311022 1.90178 -0.377988 0.314928 1.82811 -0.408717 0.306895 1.8963 -0.412202 0.285942 1.82378 -0.427392 0.306895 1.8963 -0.412202 0.314928 1.82811 -0.408717 0.271964 1.90884 -0.436436 0.249812 1.8141 -0.408564 0.233017 1.89171 -0.417171 0.251508 1.81593 -0.379113 0.229861 1.89393 -0.379822 0.331192 1.9343 -0.439509 0.312895 1.96525 -0.480704 0.30507 1.94921 -0.377909 0.331192 1.9343 -0.439509 0.267805 1.95325 -0.349724 0.299911 1.98661 -0.390471 0.273303 2.00035 -0.369783 0.278781 2.00191 -0.432026 0.283985 1.99423 -0.43177 0.195446 2.01041 -0.360568 0.2176 1.95474 -0.354375 0.344625 1.97585 -0.423716 0.325301 1.99469 -0.462729 0.197932 1.9521 -0.37857 0.218579 1.94876 -0.42369 0.211696 1.9967 -0.434921 0.25221 1.95375 -0.447099 0.278781 2.00191 -0.432026 0.283985 1.99423 -0.43177 0.268584 1.96292 -0.452804 0.372247 1.68176 -0.382958 0.345805 1.65469 -0.392261 0.358452 1.70943 -0.413672 0.372247 1.68176 -0.382958 0.450957 1.6485 -0.44422 0.437075 1.67355 -0.466104 0.358452 1.70943 -0.413672 0.420395 1.64946 -0.480867 0.334947 1.68205 -0.422928 0.436135 1.62607 -0.45698 0.345805 1.65469 -0.392261 0.436135 1.62607 -0.45698 0.528338 1.60725 -0.502213 0.513614 1.58732 -0.510881 0.513614 1.58732 -0.510881 0.505002 1.60486 -0.53333 0.522336 1.62297 -0.522342 0.608926 1.5491 -0.561499 0.598856 1.53664 -0.5693 0.598856 1.53664 -0.5693 0.589906 1.55112 -0.583109 0.606209 1.56403 -0.575327 0.73079 1.4527 -0.64689 0.726373 1.44642 -0.652582 0.726373 1.44642 -0.652582 0.726331 1.45461 -0.658314 0.729972 1.45907 -0.654091 0.726373 1.44642 -0.652582 0.278781 2.00191 -0.432026 0.296973 2.03823 -0.400541 0.273303 2.00035 -0.369783 0.285974 2.02118 -0.452438 0.232503 2.06261 -0.395162 0.195446 2.01041 -0.360568 0.229074 2.03189 -0.462985 0.211696 1.9967 -0.434921 0.285974 2.02118 -0.452438 0.278781 2.00191 -0.432026 0.337735 2.06105 -0.510428 0.480327 2.17651 -0.603728 0.360241 2.09541 -0.474649 0.458922 2.14446 -0.637046 0.43803 2.20444 -0.621376 0.303094 2.12954 -0.481924 0.418045 2.16913 -0.657311 0.281795 2.08062 -0.525963 0.458922 2.14446 -0.637046 0.337735 2.06105 -0.510428 0.627953 2.24752 -0.76191 0.616818 2.22193 -0.787252 0.601523 2.26965 -0.777687 0.590466 2.2412 -0.802742 0.616818 2.22193 -0.787252 0.855631 2.31586 -0.989151 0.849861 2.30451 -0.99979 0.84609 2.32614 -0.996543 0.840781 2.31569 -1.00604 0.849861 2.30451 -0.99979 0.849861 2.30451 -0.99979 0.312895 1.96525 -0.480704 0.411393 1.92586 -0.513853 0.331192 1.9343 -0.439509 0.399044 1.94895 -0.544429 0.325301 1.99469 -0.462729 0.41624 1.97876 -0.529633 0.344625 1.97585 -0.423716 0.430931 1.95815 -0.497133 0.539816 1.88791 -0.610457 0.526343 1.90622 -0.632944 0.543401 1.93471 -0.623239 0.411393 1.92586 -0.513853 0.555959 1.91506 -0.597416 0.539816 1.88791 -0.610457 0.673774 1.83321 -0.722885 0.67254 1.84629 -0.735645 0.680471 1.86953 -0.730335 0.685379 1.85295 -0.703445 0.673774 1.83321 -0.722885 0.862545 1.74894 -0.851858 0.864044 1.75817 -0.862173 0.862892 1.76729 -0.850582 0.869135 1.7576 -0.847851 0.862545 1.74894 -0.851858 0.862545 1.74894 -0.851858 0.186921 0.910926 0.180904 0.225346 1.00142 0.140846 0.154258 0.837683 0.191412 0.124131 0.784436 0.174348 0.097944 0.743601 0.152392 0.078255 0.714093 0.108241 0.084467 0.722973 0.039715 0.270915 1.03489 0.083518 0.221486 1.01809 -0.167877 0.200113 0.934816 -0.184091 0.162928 0.854247 -0.129414 0.123015 0.785051 -0.044274 0.084467 0.722973 0.039715 0.729651 0.79859 0.38395 0.746505 0.769998 0.354523 0.112814 2.00411 0.179179 0.134108 2.1433 0.068259 0.147146 2.14099 0.068707 0.085642 2.00634 0.174965 0.167311 2.24257 -0.019607 0.173642 2.24141 -0.019066 0.159636 2.14445 0.081482 0.179517 2.24371 -0.013519 0.158546 2.15275 0.099176 0.179792 2.24864 -0.006491 0.146834 2.15798 0.108786 0.173906 2.25274 -0.002408 0.13379 2.15812 0.10663 0.167235 2.253 -0.003875 0.162637 2.25022 -0.009403 0.125605 2.15406 0.094339 0.125931 2.14813 0.078683 0.162645 2.24623 -0.015496 0.134108 2.1433 0.068259 0.167311 2.24257 -0.019607 0.174369 2.26984 -0.035737 0.177695 2.27178 -0.031929 0.177717 2.26742 -0.038724 0.181291 2.26929 -0.034917 0.092061 2.04783 0.234656 0.114873 2.046 0.237567 0.130523 2.03369 0.224283 0.130228 2.01753 0.201875 0.073754 2.03837 0.21586 0.069764 2.02136 0.190981 0.085642 2.00634 0.174965 0.177717 2.26742 -0.038724 0.181291 2.26929 -0.034917 0.121006 2.23433 0.172248 0.109375 2.09942 0.165277 0.098551 2.0842 0.177763 0.122792 2.23622 0.170773 0.099081 2.07432 0.194868 0.121085 2.2331 0.175842 0.122099 2.23187 0.177264 0.106257 2.07237 0.205011 0.125762 2.23382 0.1737 0.123962 2.23284 0.176054 0.127463 2.08243 0.187414 0.117518 2.07295 0.202071 0.125956 2.09853 0.171032 0.124413 2.23597 0.171342 0.120354 2.11176 0.16297 0.123793 2.23637 0.170479 0.123793 2.23637 0.170479 0.120354 2.11176 0.16297 0.124413 2.23597 0.171342 0.122792 2.23622 0.170773 0.123793 2.23637 0.170479 0.147946 2.30875 0.071827 0.147916 2.19456 0.055107 0.14216 2.18812 0.06376 0.148927 2.3099 0.070129 0.141113 2.18041 0.076383 0.147394 2.30759 0.073531 0.148374 2.30643 0.07572 0.146687 2.17724 0.082519 0.155483 2.17981 0.079765 0.15129 2.3075 0.074538 0.15967 2.18712 0.068254 0.150733 2.30857 0.072493 0.160408 2.19395 0.058081 0.151362 2.30981 0.070846 0.155816 2.19802 0.053193 0.149897 2.31106 0.069759 0.149897 2.31106 0.069759 0.155816 2.19802 0.053193 0.151362 2.30981 0.070846 0.148927 2.3099 0.070129 0.149897 2.31106 0.069759 -0.112801 2.00411 0.179179 -0.134095 2.1433 0.068259 -0.085629 2.00634 0.174965 -0.147133 2.14099 0.068707 -0.167298 2.24257 -0.019607 -0.173629 2.24141 -0.019066 -0.159623 2.14445 0.081482 -0.179504 2.24371 -0.013519 -0.158533 2.15275 0.099176 -0.179779 2.24864 -0.006491 -0.14682 2.15798 0.108786 -0.173893 2.25274 -0.002408 -0.133777 2.15812 0.10663 -0.167222 2.253 -0.003875 -0.162624 2.25022 -0.009403 -0.125592 2.15406 0.094339 -0.125918 2.14813 0.078683 -0.162632 2.24623 -0.015496 -0.134095 2.1433 0.068259 -0.167298 2.24257 -0.019607 -0.174355 2.26984 -0.035737 -0.177682 2.27178 -0.031929 -0.177704 2.26742 -0.038724 -0.181278 2.26929 -0.034917 -0.092048 2.04783 0.234656 -0.11486 2.046 0.237567 -0.13051 2.03369 0.224283 -0.130215 2.01753 0.201875 -0.07374 2.03837 0.21586 -0.069751 2.02136 0.190981 -0.085629 2.00634 0.174965 -0.177704 2.26742 -0.038724 -0.181278 2.26929 -0.034917 -0.120993 2.23433 0.172248 -0.109362 2.09942 0.165277 -0.122779 2.23622 0.170773 -0.098538 2.0842 0.177763 -0.099068 2.07432 0.194868 -0.121072 2.2331 0.175842 -0.122086 2.23187 0.177264 -0.106244 2.07237 0.205011 -0.125749 2.23382 0.1737 -0.123949 2.23284 0.176054 -0.12745 2.08243 0.187414 -0.117505 2.07295 0.202071 -0.125943 2.09853 0.171032 -0.1244 2.23597 0.171342 -0.120341 2.11176 0.16297 -0.12378 2.23637 0.170479 -0.12378 2.23637 0.170479 -0.120341 2.11176 0.16297 -0.1244 2.23597 0.171342 -0.122779 2.23622 0.170773 -0.12378 2.23637 0.170479 -0.147933 2.30875 0.071827 -0.147903 2.19456 0.055107 -0.148914 2.3099 0.070129 -0.142147 2.18812 0.06376 -0.1411 2.18041 0.076383 -0.147381 2.30759 0.073531 -0.148361 2.30643 0.07572 -0.146674 2.17724 0.082519 -0.155469 2.17981 0.079765 -0.151277 2.3075 0.074538 -0.159657 2.18712 0.068254 -0.15072 2.30857 0.072493 -0.160395 2.19395 0.058081 -0.151349 2.30981 0.070846 -0.155803 2.19802 0.053193 -0.149884 2.31106 0.069759 -0.149884 2.31106 0.069759 -0.155803 2.19802 0.053193 -0.151349 2.30981 0.070846 -0.148914 2.3099 0.070129 -0.149884 2.31106 0.069759 0.366838 0.000849 0.697459 0.364952 0.000882 0.696378 0.368327 0.000957 0.696889 0.379612 0.002674 0.656644 0.353256 0.002256 0.655136 0.3469 0.009027 0.656972 0.330268 0.021401 0.586974 0.341201 0.003833 0.584508 0.311951 0.030213 0.48592 0.336407 0.096234 0.494175 0.348192 0.062897 0.594324 0.356643 0.116204 0.499142 0.362975 0.074566 0.599899 0.357087 0.028793 0.661025 0.365406 0.033442 0.66352 0.362888 0.001635 0.69582 0.366613 0.001286 0.697966 0.379931 0.063894 0.595307 0.374115 0.028792 0.659764 0.384439 0.009664 0.657457 0.397527 0.021809 0.590408 0.370202 0.001872 0.696665 0.380844 0.100685 0.497705 0.411481 0.035156 0.490156 0.368327 0.000957 0.696889 0.379612 0.002674 0.656644 0.39101 0.003384 0.587185 0.402195 0.004543 0.485954 0.3795 0.113484 0.452465 0.352559 0.127444 0.464469 0.328173 0.10693 0.451902 0.302247 0.029967 0.426557 0.327702 0.003772 0.482856 0.402195 0.004543 0.485954 0.39101 0.003384 0.587185 0.323913 0.001515 0.424474 0.405626 0.002654 0.422801 0.417066 0.041076 0.426478 0.405626 0.002654 0.422801 0.171248 -0.000627 0.675657 0.16956 -0.000594 0.674276 0.172808 -0.000518 0.675342 0.190398 0.001197 0.637516 0.164639 0.00078 0.631643 0.158073 0.00755 0.632396 0.152897 0.019924 0.560572 0.164078 0.002357 0.559958 0.152952 0.028941 0.457811 0.173843 0.094757 0.470041 0.1694 0.06142 0.570805 0.19301 0.114727 0.478309 0.18309 0.073089 0.578765 0.167473 0.027317 0.63809 0.17528 0.031966 0.641936 0.167613 0.000158 0.673383 0.170944 -0.00019 0.676119 0.200555 0.062417 0.577056 0.184475 0.027315 0.639679 0.195031 0.008187 0.639121 0.222606 0.020332 0.575809 0.174694 0.000396 0.675433 0.217116 0.099208 0.480918 0.250227 0.033655 0.478752 0.172808 -0.000518 0.675342 0.190398 0.001197 0.637516 0.212789 0.001907 0.570887 0.240066 0.003067 0.472877 0.223084 0.113484 0.446643 0.19431 0.12425 0.448753 0.172739 0.103571 0.434547 0.155004 0.028524 0.405959 0.167071 0.002296 0.457426 0.240066 0.003067 0.472877 0.212789 0.001907 0.570887 0.171971 0.00031 0.406745 0.257622 0.004478 0.412732 0.262961 0.038557 0.423651 0.257622 0.004478 0.412732 0.555153 -0.000157 0.682479 0.553129 -0.000124 0.681698 0.556541 -0.000048 0.681688 0.561775 0.001667 0.640176 0.535496 0.00125 0.642707 0.529481 0.00802 0.645493 0.502736 0.020394 0.578823 0.513182 0.002827 0.574716 0.469753 0.029206 0.481706 0.495147 0.095227 0.486135 0.521538 0.06189 0.583354 0.515886 0.115197 0.487958 0.536975 0.073559 0.58661 0.54015 0.027787 0.647945 0.548742 0.032435 0.649143 0.551006 0.000628 0.681461 0.555005 0.000279 0.683014 0.553063 0.062887 0.579483 0.5568 0.027785 0.644099 0.566668 0.008657 0.640242 0.573654 0.020802 0.571349 0.558362 0.000866 0.68118 0.539602 0.099678 0.482844 0.569797 0.034149 0.47009 0.556541 -0.000048 0.681688 0.561775 0.001667 0.640176 0.562823 0.002377 0.569761 0.558983 0.003536 0.467967 0.533478 0.118123 0.438302 0.505213 0.128321 0.448658 0.480347 0.106249 0.444358 0.456218 0.02939 0.43106 0.484875 0.002766 0.476273 0.558983 0.003536 0.467967 0.562823 0.002377 0.569761 0.472928 0.000557 0.420943 0.554116 0.001772 0.407965 0.561797 0.039773 0.408698 0.554116 0.001772 0.407965 -0.366838 0.000849 0.697459 -0.368327 0.000957 0.696889 -0.364952 0.000882 0.696378 -0.379611 0.002674 0.656645 -0.353256 0.002256 0.655136 -0.346899 0.009027 0.656972 -0.330268 0.021401 0.586974 -0.3412 0.003833 0.584508 -0.311951 0.030213 0.48592 -0.336407 0.096234 0.494175 -0.348192 0.062897 0.594324 -0.356643 0.116204 0.499142 -0.362975 0.074566 0.599899 -0.357087 0.028794 0.661025 -0.365405 0.033442 0.66352 -0.362887 0.001635 0.69582 -0.366613 0.001286 0.697966 -0.37993 0.063894 0.595307 -0.374115 0.028792 0.659764 -0.384439 0.009664 0.657457 -0.397527 0.021809 0.590408 -0.370202 0.001872 0.696665 -0.380844 0.100685 0.497705 -0.411481 0.035156 0.490156 -0.368327 0.000957 0.696889 -0.379611 0.002674 0.656645 -0.39101 0.003384 0.587185 -0.402195 0.004543 0.485954 -0.3795 0.113484 0.452465 -0.352559 0.127444 0.464469 -0.328173 0.10693 0.451902 -0.302247 0.029967 0.426557 -0.327702 0.003773 0.482856 -0.402195 0.004543 0.485954 -0.39101 0.003384 0.587185 -0.323912 0.001515 0.424474 -0.405625 0.002654 0.422802 -0.417066 0.041077 0.426478 -0.405625 0.002654 0.422802 -0.171247 -0.000627 0.675657 -0.172807 -0.000518 0.675342 -0.16956 -0.000594 0.674276 -0.190398 0.001197 0.637516 -0.164639 0.00078 0.631643 -0.158073 0.00755 0.632396 -0.152897 0.019924 0.560572 -0.164078 0.002357 0.559958 -0.152952 0.028941 0.457811 -0.173843 0.094757 0.470041 -0.1694 0.06142 0.570805 -0.19301 0.114727 0.478309 -0.18309 0.073089 0.578765 -0.167473 0.027317 0.63809 -0.17528 0.031966 0.641936 -0.167613 0.000158 0.673383 -0.170944 -0.00019 0.676119 -0.200554 0.062417 0.577056 -0.184475 0.027315 0.639679 -0.19503 0.008187 0.639121 -0.222606 0.020332 0.575809 -0.174693 0.000396 0.675433 -0.217116 0.099208 0.480918 -0.250227 0.033655 0.478752 -0.172807 -0.000518 0.675342 -0.190398 0.001197 0.637516 -0.212789 0.001907 0.570887 -0.240066 0.003067 0.472877 -0.223083 0.113484 0.446643 -0.19431 0.12425 0.448753 -0.172739 0.103571 0.434547 -0.155004 0.028524 0.405959 -0.167071 0.002296 0.457426 -0.240066 0.003067 0.472877 -0.212789 0.001907 0.570887 -0.171971 0.00031 0.406745 -0.257622 0.004478 0.412732 -0.262961 0.038557 0.423651 -0.257622 0.004478 0.412732 -0.555153 -0.000157 0.682479 -0.556541 -0.000048 0.681688 -0.553129 -0.000124 0.681698 -0.561775 0.001667 0.640176 -0.535496 0.00125 0.642707 -0.529481 0.00802 0.645493 -0.502736 0.020394 0.578823 -0.513181 0.002827 0.574716 -0.469753 0.029206 0.481706 -0.495147 0.095227 0.486135 -0.521538 0.06189 0.583354 -0.515886 0.115197 0.487958 -0.536975 0.073559 0.58661 -0.54015 0.027787 0.647945 -0.548742 0.032436 0.649143 -0.551006 0.000628 0.681461 -0.555005 0.000279 0.683014 -0.553063 0.062887 0.579483 -0.5568 0.027785 0.644099 -0.566668 0.008657 0.640242 -0.573654 0.020802 0.571349 -0.558362 0.000866 0.68118 -0.539602 0.099678 0.482844 -0.569797 0.034149 0.47009 -0.556541 -0.000048 0.681688 -0.561775 0.001667 0.640176 -0.562823 0.002377 0.569761 -0.558983 0.003537 0.467967 -0.533478 0.118123 0.438302 -0.505213 0.128322 0.448658 -0.480347 0.106249 0.444358 -0.456218 0.029391 0.43106 -0.484875 0.002766 0.476273 -0.558983 0.003537 0.467967 -0.562823 0.002377 0.569761 -0.472928 0.000557 0.420943 -0.554116 0.001772 0.407965 -0.561797 0.039773 0.408698 -0.554116 0.001772 0.407965 -0.975005 0.793282 0.517535 -0.984177 0.820776 0.486171 -0.963156 0.81764 0.491868 -0.986453 0.850181 0.453455 -0.989826 0.879672 0.473228 -0.986919 0.838097 0.498677 -0.957335 0.873303 0.484778 -0.967501 0.835068 0.504614 -0.982293 0.91359 0.44329 -0.940887 0.902311 0.460987 -0.951264 0.843004 0.464455 -0.979659 0.872614 0.420185 -0.967974 0.945849 0.408538 -0.961761 0.892063 0.382856 -0.936131 0.861223 0.43794 -0.913097 0.877351 0.406328 -0.960477 0.955796 0.395099 -0.95774 0.919188 0.372969 -0.916396 0.927727 0.431775 -0.92212 0.947239 0.411908 -0.936131 0.861223 0.43794 -0.913097 0.877351 0.406328 -0.89709 0.880505 0.390017 -0.897955 0.918083 0.40801 -0.952118 0.900711 0.367876 -0.932355 0.891211 0.371371 -0.89709 0.880505 0.390017 -0.907668 0.937 0.420928 -0.951264 0.843004 0.464455 -0.963156 0.81764 0.491868 -0.860958 0.869659 0.617643 -0.870752 0.897772 0.589367 -0.849488 0.890366 0.592006 -0.874737 0.92645 0.56033 -0.871587 0.956772 0.581283 -0.869425 0.916098 0.602435 -0.83894 0.912526 0.565439 -0.872145 0.947805 0.53015 -0.86666 0.98936 0.55499 -0.856959 1.02083 0.523091 -0.862496 0.964967 0.493178 -0.827174 0.927991 0.53989 -0.809879 0.941818 0.508383 -0.850987 1.03088 0.509217 -0.855389 1.00009 0.484048 -0.856149 0.97189 0.47169 -0.831032 0.959758 0.477249 -0.795389 0.943287 0.488592 -0.849367 0.9088 0.605295 -0.837831 0.944026 0.587354 -0.83894 0.912526 0.565439 -0.827174 0.927991 0.53989 -0.823085 0.970412 0.565548 -0.802569 0.993363 0.536943 -0.809879 0.941818 0.508383 -0.795389 0.943287 0.488592 -0.788499 0.978438 0.505215 -0.849488 0.890366 0.592006 -0.813424 1.02114 0.514754 -0.793123 1.00469 0.521132 -0.802985 0.701962 0.517622 -0.760676 0.700123 0.493615 -0.779602 0.70902 0.486561 -0.719928 0.702779 0.462542 -0.753537 0.717683 0.452926 -0.722367 0.675555 0.440607 -0.762292 0.682655 0.481603 -0.754568 0.686862 0.432198 -0.780441 0.690268 0.475601 -0.736767 0.697549 0.393169 -0.691365 0.685532 0.40075 -0.690708 0.71864 0.432603 -0.737099 0.734878 0.426224 -0.726135 0.763561 0.398901 -0.726482 0.721361 0.35486 -0.665922 0.706495 0.361339 -0.723279 0.781335 0.386311 -0.722915 0.749615 0.354555 -0.753537 0.717683 0.452926 -0.779602 0.70902 0.486561 -0.737099 0.734878 0.426224 -0.669476 0.748566 0.403809 -0.658671 0.715222 0.348512 -0.658864 0.7483 0.378379 -0.726135 0.763561 0.398901 -0.661336 0.762666 0.390362 -0.679569 0.768345 0.390948 -0.70223 0.726644 0.341615 -0.722892 0.731467 0.340116 -0.723279 0.781335 0.386311 0.975005 0.793282 0.517535 0.963156 0.81764 0.491868 0.984177 0.820776 0.486171 0.986453 0.850181 0.453455 0.951264 0.843004 0.464455 0.989826 0.879672 0.473228 0.986919 0.838096 0.498677 0.957335 0.873303 0.484778 0.967501 0.835068 0.504614 0.982293 0.91359 0.44329 0.940887 0.902311 0.460987 0.979659 0.872614 0.420185 0.967974 0.945849 0.408538 0.961761 0.892063 0.382856 0.936131 0.861223 0.43794 0.913097 0.877351 0.406328 0.960477 0.955795 0.395099 0.95774 0.919188 0.372969 0.916396 0.927727 0.431775 0.92212 0.947239 0.411908 0.936131 0.861223 0.43794 0.951264 0.843004 0.464455 0.913097 0.877351 0.406328 0.89709 0.880504 0.390016 0.897955 0.918083 0.40801 0.952118 0.90071 0.367876 0.932355 0.891211 0.371371 0.89709 0.880504 0.390016 0.907668 0.937 0.420928 0.963156 0.81764 0.491868 0.860958 0.869659 0.617643 0.849487 0.890366 0.592006 0.870752 0.897773 0.589367 0.874737 0.92645 0.56033 0.871587 0.956773 0.581283 0.869425 0.916099 0.602435 0.83894 0.912527 0.565439 0.872145 0.947805 0.53015 0.86666 0.98936 0.55499 0.856959 1.02083 0.523091 0.862496 0.964967 0.493178 0.827174 0.927991 0.539889 0.809879 0.941819 0.508383 0.850987 1.03088 0.509217 0.855389 1.0001 0.484048 0.856149 0.97189 0.47169 0.831032 0.959758 0.477249 0.795389 0.943287 0.488592 0.849367 0.9088 0.605295 0.837831 0.944026 0.587354 0.83894 0.912527 0.565439 0.827174 0.927991 0.539889 0.823085 0.970412 0.565548 0.802569 0.993363 0.536943 0.809879 0.941819 0.508383 0.795389 0.943287 0.488592 0.788499 0.978438 0.505214 0.849487 0.890366 0.592006 0.813424 1.02114 0.514754 0.793123 1.00469 0.521132 0.802984 0.701962 0.517622 0.779602 0.70902 0.486561 0.760676 0.700122 0.493615 0.719928 0.702778 0.462542 0.753537 0.717683 0.452926 0.722366 0.675555 0.440607 0.762292 0.682655 0.481603 0.754568 0.686862 0.432198 0.780441 0.690267 0.475601 0.736767 0.697549 0.393169 0.691365 0.685532 0.40075 0.690707 0.71864 0.432604 0.737099 0.734878 0.426224 0.726135 0.763561 0.398901 0.726482 0.721361 0.35486 0.665922 0.706495 0.36134 0.723278 0.781334 0.386311 0.722915 0.749615 0.354556 0.753537 0.717683 0.452926 0.779602 0.70902 0.486561 0.737099 0.734878 0.426224 0.669475 0.748565 0.403809 0.658671 0.715221 0.348512 0.658864 0.748299 0.378379 0.726135 0.763561 0.398901 0.661336 0.762666 0.390362 0.679569 0.768345 0.390948 0.70223 0.726644 0.341615 0.723278 0.781334 0.386311 0.722892 0.731466 0.340116 0.026276 1.85172 0.588664 0.02248 1.9037 0.592704 0.017152 1.89193 0.612781 0.0321 1.86343 0.565475 0.015131 1.96216 0.632322 0.011734 1.95498 0.645258 0.008752 2.02027 0.664724 0.007059 2.01659 0.671301 0.017129 1.87896 0.531597 0.0148 1.915 0.574169 0.01018 1.96908 0.620494 0.006234 2.02373 0.658692 0.000006 1.88142 0.526269 0.000006 1.91927 0.568222 0.000006 1.97164 0.616703 0.000006 2.02506 0.656836 0.000006 1.88675 0.622887 0.000006 1.84239 0.601519 0.000006 2.015 0.67463 0.000006 1.95164 0.651895 0.004281 2.05604 0.682721 0.00389 2.05458 0.678656 0.000006 2.05763 0.680125 0.000006 2.06462 0.68704 -0.026265 1.85172 0.588666 -0.017139 1.89193 0.612781 -0.022467 1.9037 0.592704 -0.032162 1.86348 0.56548 -0.015118 1.96216 0.632322 -0.011721 1.95498 0.645258 -0.008739 2.02027 0.664724 -0.007046 2.01659 0.671301 -0.017125 1.87902 0.531577 -0.014787 1.915 0.574169 -0.010167 1.96908 0.620494 -0.006221 2.02373 0.658692 0.000006 1.88142 0.526269 0.000006 1.91927 0.568222 0.000006 1.97164 0.616703 0.000006 2.02506 0.656836 -0.004268 2.05604 0.682721 -0.004225 2.05154 0.684102 -0.003876 2.05458 0.678656 0.000006 2.05763 0.680125 0.000006 2.05434 0.686013 0.004238 2.05154 0.684102 0.368768 1.48993 -0.391831 0.368768 1.48993 -0.391831 -0.368767 1.48993 -0.391831 -0.368767 1.48993 -0.391831 -0.725823 1.67571 -0.753416 -0.80055 1.78365 -0.806786 -0.818554 2.30388 -0.968958 -0.757538 2.18779 -0.909855 -0.623067 2.07353 -0.784565 -0.726542 2.08979 -0.870228 -0.633734 2.00641 -0.774605 -0.723732 2.00445 -0.848678 -0.484276 2.04892 -0.648343 -0.501601 2.00617 -0.646452 -0.373736 2.02496 -0.537612 -0.394769 2.00383 -0.536936 -0.725823 1.67571 -0.753416 -0.80055 1.78365 -0.806786 -0.818554 2.30388 -0.968958 -0.757538 2.18779 -0.909855 -0.624994 2.07403 -0.782394 -0.726542 2.08979 -0.870228 -0.635656 2.00728 -0.77255 -0.723732 2.00445 -0.848678 -0.486202 2.04969 -0.646256 -0.503482 2.00737 -0.644528 -0.37551 2.02615 -0.535585 -0.396476 2.00529 -0.535031 0.725823 1.67571 -0.753415 0.80055 1.78365 -0.806786 0.818553 2.30388 -0.968958 0.757537 2.18779 -0.909855 0.623067 2.07353 -0.784565 0.726541 2.08979 -0.870228 0.633734 2.00641 -0.774605 0.723732 2.00445 -0.848677 0.484275 2.04892 -0.648343 0.5016 2.00617 -0.646451 0.373735 2.02496 -0.537612 0.394769 2.00383 -0.536935 0.725823 1.67571 -0.753415 0.80055 1.78365 -0.806786 0.818553 2.30388 -0.968958 0.757537 2.18779 -0.909855 0.624993 2.07403 -0.782394 0.726541 2.08979 -0.870228 0.635656 2.00728 -0.77255 0.723732 2.00445 -0.848677 0.486202 2.0497 -0.646256 0.503481 2.00737 -0.644528 0.375509 2.02615 -0.535585 0.396475 2.00529 -0.535031 -0.004537 1.29576 -0.305268 0 1.21947 -0.222968 -0.01187 1.23248 -0.218447 0 1.29454 -0.305722 -0.004934 1.29914 -0.305253 -0.015834 1.26803 -0.206087 -0.00444 1.302 -0.304767 -0.011706 1.30351 -0.193749 0 1.30287 -0.304834 0 1.29907 -0.305666 0.00444 1.302 -0.304767 0.011706 1.30351 -0.193749 0.004934 1.29914 -0.305253 0.015834 1.26803 -0.206087 0.01187 1.23248 -0.218447 0.004537 1.29576 -0.305268 0 1.21947 -0.222968 0 1.29454 -0.305722 0 1.31634 -0.18929 -0.00431 1.20237 -0.373638 0 1.10453 -0.331305 -0.011276 1.11411 -0.322393 0 1.20149 -0.374498 -0.004687 1.2053 -0.372331 -0.015043 1.14028 -0.298032 -0.004218 1.20761 -0.37081 -0.011121 1.1664 -0.273716 0 1.20839 -0.370536 0 1.2054 -0.372717 0.004218 1.20761 -0.37081 0.011121 1.1664 -0.273716 0.004687 1.2053 -0.372331 0.015043 1.14028 -0.298032 0.011276 1.11411 -0.322393 0.00431 1.20237 -0.373638 0 1.10453 -0.331305 0 1.20149 -0.374498 0 1.17584 -0.264927 -0.004095 1.13073 -0.485463 0 1.03074 -0.469357 -0.010712 1.03748 -0.458913 0 1.13012 -0.486461 -0.004453 1.13312 -0.483573 -0.01429 1.05588 -0.430363 -0.004007 1.13489 -0.481634 -0.010565 1.07425 -0.401866 0 1.13555 -0.4812 0 1.13331 -0.483906 0.004007 1.13489 -0.481634 0.010565 1.07425 -0.401866 0.004453 1.13312 -0.483573 0.01429 1.05588 -0.430363 0.010712 1.03748 -0.458913 0.004095 1.13073 -0.485463 0 1.03074 -0.469357 0 1.13012 -0.486461 0 1.08089 -0.391566 -0.00389 1.07962 -0.601771 0 0.984414 -0.615647 -0.010177 0.987542 -0.604264 0 1.07935 -0.60285 -0.00423 1.08125 -0.599377 -0.013576 0.996092 -0.573148 -0.003806 1.0823 -0.597116 -0.010036 1.00463 -0.542089 0 1.08277 -0.596537 0 1.08151 -0.599627 0.003806 1.0823 -0.597116 0.010036 1.00463 -0.542089 0.00423 1.08125 -0.599377 0.013576 0.996092 -0.573148 0.010177 0.987542 -0.604264 0.00389 1.07962 -0.601771 0 0.984414 -0.615647 0 1.07935 -0.60285 0 1.00771 -0.530863 -0.003695 1.04423 -0.745725 0 0.954898 -0.765059 -0.009668 0.957123 -0.754068 0 1.04404 -0.746765 -0.012897 0.963206 -0.724022 -0.004018 1.04562 -0.74335 -0.003616 1.04647 -0.741139 -0.009535 0.969277 -0.694031 0 1.04688 -0.740559 0 1.04588 -0.74357 0.003616 1.04647 -0.741139 0.009535 0.969277 -0.694031 0 0.971471 -0.68319 -0.002513 0.985465 -1.00755 0 0.925133 -1.02251 -0.006575 0.926421 -1.015 0 0.985359 -1.00826 -0.008771 0.929943 -0.994447 -0.002733 0.986361 -1.0059 -0.002459 0.986893 -1.00438 -0.006484 0.933458 -0.973936 0 0.987158 -1.00398 0 0.986544 -1.00605 0.002459 0.986893 -1.00438 0.006484 0.933458 -0.973936 0.002733 0.986361 -1.0059 0.008771 0.929943 -0.994447 0.006575 0.926421 -1.015 0.002513 0.985465 -1.00755 0 0.925133 -1.02251 0 0.985359 -1.00826 0 0.934728 -0.966522 -0.002002 0.962029 -1.12548 0 0.91428 -1.13862 -0.005238 0.915154 -1.1326 0 0.961959 -1.12605 -0.006988 0.917544 -1.11617 -0.002177 0.96271 -1.12415 -0.001959 0.963103 -1.12293 -0.005166 0.919931 -1.09976 0 0.963305 -1.12261 0 0.962858 -1.12427 0.001959 0.963103 -1.12293 0.005166 0.919931 -1.09976 0.002177 0.96271 -1.12415 0.006988 0.917544 -1.11617 0.005238 0.915154 -1.1326 0.002002 0.962029 -1.12548 0 0.91428 -1.13862 0 0.961959 -1.12605 0 0.920793 -1.09383 -0.001267 0.939393 -1.22438 0 0.909979 -1.23522 -0.003315 0.910209 -1.23138 0 0.939379 -1.22474 -0.004423 0.910837 -1.22088 -0.001378 0.939751 -1.22351 -0.00124 0.939933 -1.22272 -0.00327 0.911465 -1.21041 0 0.940044 -1.2225 0 0.939851 -1.22357 0.00124 0.939933 -1.22272 0.00327 0.911465 -1.21041 0.001378 0.939751 -1.22351 0.004423 0.910837 -1.22088 0.003315 0.910209 -1.23138 0.001267 0.939393 -1.22438 0 0.909979 -1.23522 0 0.939379 -1.22474 0 0.911691 -1.20662 -0.007687 2.0003 0.000389 0 1.93915 0.021469 -0.011497 1.94801 0.030033 0 1.99565 -0.004105 0 1.9054 0.026567 -0.013844 1.91694 0.037727 -0.009392 2.01106 0.010781 -0.014988 1.97201 0.053229 -0.007495 2.0214 0.020779 -0.011287 1.9958 0.076221 -0.018468 1.94851 0.078631 -0.013654 1.98001 0.109083 0 2.02507 0.024324 0 2.00433 0.08447 0 1.9914 0.120089 -0.006038 2.02212 -0.011276 0 2.01959 -0.013116 -0.005292 2.02647 -0.012743 0 2.02541 -0.013819 -0.005754 2.03004 -0.01107 -0.006947 2.02737 -0.00787 -0.005178 2.03284 -0.00915 -0.005871 2.03191 -0.004907 0 2.03379 -0.008796 0 2.03352 -0.003659 0 2.03017 -0.011542 0.005871 2.03191 -0.004907 0.005178 2.03284 -0.00915 0.006947 2.02737 -0.00787 0.005754 2.03004 -0.01107 0.006038 2.02212 -0.011276 0.005292 2.02647 -0.012743 0 2.01959 -0.013116 0 2.02541 -0.013819 0 1.99565 -0.004105 0.007687 2.0003 0.000389 0 1.93915 0.021469 0.011497 1.94801 0.030033 0 1.9054 0.026567 0.013844 1.91694 0.037727 0.009392 2.01106 0.010781 0.014988 1.97201 0.053229 0.007495 2.0214 0.020779 0.011287 1.9958 0.076221 0.018468 1.94851 0.078631 0.013654 1.98001 0.109083 -0.007687 1.7161 -0.184105 0 1.6674 -0.141527 -0.011497 1.67884 -0.136935 0 1.7101 -0.186516 0 1.64198 -0.114453 -0.013844 1.65689 -0.108469 -0.009392 1.72998 -0.178533 -0.014988 1.70981 -0.124497 -0.018468 1.69762 -0.09211 -0.006038 1.73192 -0.203137 0 1.72888 -0.203887 -0.005292 1.73539 -0.206135 0 1.734 -0.20673 -0.005754 1.73933 -0.20593 -0.006947 1.73806 -0.201958 -0.005178 1.74264 -0.205206 0 1.74366 -0.205237 0 1.73927 -0.206416 0.005178 1.74264 -0.205206 0.006947 1.73806 -0.201958 0.005754 1.73933 -0.20593 0.006038 1.73192 -0.203137 0.005292 1.73539 -0.206135 0 1.72888 -0.203887 0 1.734 -0.20673 0 1.7101 -0.186516 0.007687 1.7161 -0.184105 0 1.6674 -0.141527 0.011497 1.67884 -0.136935 0 1.64198 -0.114453 0.013844 1.65689 -0.108469 0.009392 1.72998 -0.178533 0.014988 1.70981 -0.124497 0.018468 1.69762 -0.09211 -0.147488 1.8258 0.31458 -0.106942 1.8952 0.148975 -0.117362 1.83285 0.120264 0.000004 1.9914 0.120089 0.000543 1.64764 0.234901 0.000003 1.64905 0.293664 -0.066698 1.66255 0.234858 -0.090761 1.6384 0.163753 -0.056986 1.61971 0.181961 -0.111747 1.69154 0.219394 0.000543 1.64764 0.234901 0.000592 1.61064 0.188773 -0.124265 1.65131 0.141555 -0.127192 1.69896 0.172548 -0.131551 1.67265 0.111033 -0.127496 1.72626 0.15217 -0.113459 1.76895 0.135422 -0.122998 1.70007 0.081212 -0.117362 1.83285 0.120264 -0.106942 1.8952 0.148975 -0.060379 1.97007 0.14723 -0.08897 1.9188 0.190289 0.000004 1.9914 0.120089 -0.083131 1.77486 -0.031044 0.000592 1.7901 -0.069648 -0.114158 1.63689 0.055257 -0.128661 1.61392 0.087304 -0.116888 1.59097 0.119825 -0.123511 1.55325 0.077341 -0.081604 1.57187 0.142375 -0.114891 1.52341 0.114813 -0.081023 1.49091 0.145359 -0.135794 1.49692 0.078259 -0.128534 1.46095 0.124097 -0.100721 1.43536 0.153636 -0.151687 1.39924 0.186577 -0.158122 1.54605 0.048188 -0.193374 1.52959 0.060315 -0.167556 1.48387 0.10247 -0.162192 1.42089 0.146063 -0.224403 1.33776 0.165346 -0.212454 1.5386 0.026785 -0.182656 1.57276 0.018736 -0.207781 1.53722 -0.014977 -0.164801 1.56347 -0.034872 -0.131917 1.61653 -0.012408 -0.122243 1.58197 0.040297 -0.079727 1.6392 -0.092135 -0.114894 1.66614 0.014826 -0.082351 1.71065 -0.06484 -0.112589 1.72901 0.053567 -0.081766 1.56982 -0.099215 0.000592 1.71649 -0.0959 0.000592 1.64256 -0.124664 -0.092571 1.54187 -0.132903 0 1.35038 -0.185266 -0.055472 1.27794 -0.180375 0 1.2871 -0.20397 -0.056976 1.20381 -0.211282 -0.124174 1.20498 -0.182817 -0.219552 1.22973 -0.042703 -0.231738 1.23273 0.038385 -0.278744 1.0386 0.034257 -0.269648 1.03343 -0.101961 -0.181076 1.21615 -0.116954 -0.167566 1.26678 -0.101168 -0.114723 1.27767 -0.151545 -0.147488 1.53511 -0.106801 0.000006 2.00483 0.230949 -0.147488 1.8258 0.31458 -0.09845 1.25165 0.262641 -0.204384 1.27068 0.21573 -0.2255 1.23422 0.135703 -0.085679 1.17898 0.243076 -0.000000 1.19606 0.23981 -0.220752 1.31197 0.178443 -0.231738 1.23273 0.038385 -0.000000 1.25805 0.243485 0 0.65919 -0.292809 0 1.14608 -0.309302 0 1.05948 -0.432589 0 1.21899 -0.23936 -0.086988 0.99892 -0.473258 -0.139032 0.923471 -0.484847 -0.139319 0.794891 -0.460374 0 0.667926 -0.415331 0 1.00186 -0.637119 -0.064372 0.967226 -0.630309 -0.111465 0.901856 -0.630268 -0.118487 0.789353 -0.608577 0 0.678661 -0.561431 0 0.96972 -0.80334 -0.052285 0.934485 -0.792565 -0.092752 0.880691 -0.79011 -0.099397 0.785302 -0.770974 0 0.692104 -0.733029 0 0.949675 -0.980604 -0.040804 0.911948 -0.967981 -0.076412 0.865841 -0.964709 -0.080265 0.787963 -0.947354 0 0.708232 -0.916187 0 0.926908 -1.17981 -0.030589 0.896789 -1.16345 -0.059653 0.857738 -1.15514 -0.06098 0.793037 -1.13878 0 0.729755 -1.11702 0 0.906586 -1.3785 -0.026382 0.884567 -1.36438 -0.047202 0.851323 -1.35594 -0.04608 0.800114 -1.33741 0 0.748731 -1.30928 0 0.891687 -1.59636 -0.025884 0.873577 -1.58749 -0.037523 0.84816 -1.57833 -0.03333 0.812055 -1.56035 0 0.778884 -1.53703 0.033329 0.812055 -1.56035 0.037523 0.84816 -1.57833 0.04608 0.800114 -1.33741 0.047201 0.851323 -1.35594 0.06098 0.793037 -1.13878 0.059653 0.857738 -1.15514 0.080265 0.787963 -0.947354 0.076412 0.865841 -0.964709 0.099397 0.785302 -0.770974 0.092752 0.880691 -0.79011 0.118487 0.789353 -0.608577 0.111465 0.901856 -0.630268 0.139319 0.794891 -0.460375 0.139032 0.923471 -0.484847 0.269648 1.03343 -0.101961 0.278744 1.0386 0.034257 0.219563 1.22973 -0.042703 0.231749 1.23273 0.038385 0.181081 1.21615 -0.116954 0.16757 1.26678 -0.101168 0.124174 1.20498 -0.182817 0.114723 1.27767 -0.151545 0.056976 1.20381 -0.211282 0.055472 1.27794 -0.180375 0.086988 0.99892 -0.473258 0.064371 0.967226 -0.630309 0.052285 0.934485 -0.792565 0.040803 0.911948 -0.967981 0.030589 0.896789 -1.16345 0.026382 0.884567 -1.36438 0.025883 0.873577 -1.58749 -0.162192 1.42089 0.146063 -0.214751 1.41658 0.163136 -0.242742 1.33994 0.158458 -0.224403 1.33776 0.165346 -0.333655 1.49306 0.118087 -0.289997 1.52016 0.113013 -0.233945 1.28122 0.040402 -0.243511 1.30001 0.108922 -0.281705 1.30828 0.1531 -0.307767 1.34766 0.14906 -0.336311 1.43722 0.1515 -0.370497 1.44842 0.114765 -0.371831 1.45289 0.053558 -0.355446 1.43717 -0.000545 -0.357437 1.40291 -0.03884 -0.335728 1.42192 -0.048069 -0.287942 1.36716 -0.073219 -0.764391 0.9863 0.180077 -0.305912 1.53875 0.035555 -0.33208 1.48027 -0.0201 -0.345319 1.50572 0.040898 -0.317501 1.44775 -0.061696 -0.264082 1.41141 -0.088889 -0.233249 1.36583 -0.070806 -0.199183 1.4255 -0.094604 -0.202127 1.365 -0.081743 -0.221326 1.32115 -0.06621 -0.229515 1.29438 -0.019168 -0.21852 1.28136 0.039495 -0.233945 1.28122 0.040402 -0.21185 1.28959 -0.028633 -0.292577 1.31954 -0.067934 -0.360217 1.30618 -0.051368 -0.541511 1.15574 -0.040925 -0.680741 1.09951 0.280888 -0.7712 1.03225 0.18833 -0.744334 0.965572 0.260093 -0.952118 0.900711 0.367876 -0.88105 0.912674 0.414511 -0.897955 0.918083 0.40801 -0.907668 0.937 0.420928 -0.270425 0.504382 0.22792 -0.326806 0.533685 0.195922 -0.416199 0.012345 0.378647 -0.511097 -0.023223 0.39992 -0.460646 -0.015914 0.407133 -0.43718 0.025494 0.421723 -0.295298 0.027218 0.416323 0.085678 1.17898 0.243076 0.225504 1.23422 0.135703 0.231749 1.23273 0.038385 0.204405 1.27068 0.21573 0.09845 1.25165 0.262641 0.220761 1.31197 0.178443 0.151687 1.39924 0.186577 0.224404 1.33776 0.165346 0.162193 1.42089 0.146063 0.101905 1.43536 0.153636 0.082208 1.49091 0.145359 0.082788 1.57187 0.142375 0.05817 1.61971 0.181961 0.091945 1.6384 0.163753 0.067786 1.66255 0.234858 0.112835 1.69154 0.219394 0.125449 1.65131 0.141555 0.128341 1.69896 0.172548 0.132735 1.67265 0.111033 0.114546 1.76895 0.135422 0.128645 1.72626 0.15217 0.124182 1.70007 0.081212 0.11848 1.83285 0.120264 0.103265 1.89635 0.154873 0.060387 1.97007 0.14723 0.088983 1.9188 0.190289 0.084316 1.77486 -0.031044 0.115342 1.63689 0.055257 0.129845 1.61392 0.087304 0.118072 1.59097 0.119825 0.124696 1.55325 0.077341 0.116076 1.52341 0.114813 0.136978 1.49692 0.078259 0.129719 1.46095 0.124097 0.116078 1.66614 0.014826 0.113773 1.72901 0.053567 0.158125 1.54605 0.048188 0.133101 1.61653 -0.012408 0.123427 1.58197 0.040297 0.083536 1.71065 -0.06484 0.080911 1.6392 -0.092135 0.157999 1.56347 -0.034872 0.182658 1.57276 0.018736 0.082951 1.56982 -0.099215 0.167556 1.48387 0.10247 0.207781 1.53722 -0.014977 0.212454 1.5386 0.026785 0.092571 1.54187 -0.132903 0.147488 1.53511 -0.106801 -0.702658 0.989449 0.300615 -0.793123 1.00469 0.521132 -0.771634 0.96489 0.506405 -0.788499 0.978438 0.505215 -0.325302 1.99468 -0.462729 -0.345805 1.65469 -0.392261 -0.331192 1.9343 -0.43951 -0.206087 1.31912 -0.080329 -0.278744 1.0386 0.034257 -0.269648 1.03343 -0.101961 0.147501 1.8258 0.31458 0.103265 1.89635 0.154873 0.11848 1.83285 0.120264 0.147501 1.8258 0.31458 0.193374 1.52959 0.060315 0.162193 1.42089 0.146063 0.214752 1.41658 0.163136 0.242741 1.33994 0.158458 0.224404 1.33776 0.165346 0.333655 1.49306 0.118087 0.289996 1.52016 0.113012 0.233945 1.28122 0.040402 0.24351 1.30001 0.108922 0.281705 1.30828 0.1531 0.307766 1.34766 0.14906 0.33631 1.43722 0.1515 0.370497 1.44842 0.114765 0.371831 1.45289 0.053557 0.355445 1.43717 -0.000545 0.357436 1.40291 -0.03884 0.335727 1.42192 -0.048069 0.287941 1.36716 -0.073219 0.764391 0.9863 0.180077 0.305911 1.53875 0.035555 0.332079 1.48027 -0.0201 0.345319 1.50572 0.040898 0.317501 1.44775 -0.061697 0.264082 1.41141 -0.08889 0.233249 1.36583 -0.070806 0.199183 1.4255 -0.094604 0.202127 1.365 -0.081743 0.221326 1.32115 -0.06621 0.229515 1.29438 -0.019168 0.21852 1.28136 0.039495 0.233945 1.28122 0.040402 0.21185 1.28959 -0.028633 0.292576 1.31954 -0.067935 0.360216 1.30618 -0.051368 0.54151 1.15574 -0.040925 0.680741 1.09951 0.280888 0.7712 1.03225 0.18833 0.744334 0.965572 0.260093 0.952118 0.90071 0.367876 0.88105 0.912674 0.41451 0.897955 0.918083 0.40801 0.907668 0.937 0.420928 0.270425 0.504382 0.22792 0.326806 0.533685 0.195922 0.416199 0.012345 0.378647 0.511097 -0.023223 0.39992 0.460646 -0.015915 0.407133 0.43718 0.025494 0.421723 0.295298 0.027218 0.416323 0.702658 0.989449 0.300615 0.793123 1.00469 0.521132 0.771633 0.96489 0.506405 0.788499 0.978438 0.505214 0.325301 1.99469 -0.462729 0.345805 1.65469 -0.392261 0.331192 1.9343 -0.439509 0.206087 1.31912 -0.080329 0.278744 1.0386 0.034257 0.269648 1.03343 -0.101961 -0.226584 1.29561 0.120736 -0.21852 1.28136 0.039495 0.226584 1.29561 0.120736 0.21852 1.28136 0.039495</float_array>
          <technique_common>
            <accessor source="#GeometrySource-array" count="4531" stride="3">
              <param name="X" type="float"/>
              <param name="Y" type="float"/>
              <param name="Z" type="float"/>
            </accessor>
          </technique_common>
        </source>
        <source id="GeometrySource1" name="chr209Nrm">
          <float_array id="GeometrySource1-array" count="13593">0.902775 -0.260515 0.342242 0.831811 -0.227763 0.506176 0.901744 -0.244859 0.356234 0.829714 -0.145166 0.538982 0.927491 -0.273896 0.254443 0.738992 -0.065126 0.670559 0.732493 -0.048008 0.67908 0.720526 -0.043967 0.692032 -0.902775 0.260515 -0.342242 -0.901744 0.244859 -0.356234 -0.831811 0.227763 -0.506177 -0.829714 0.145166 -0.538982 -0.927491 0.273896 -0.254443 -0.738992 0.065126 -0.670559 -0.732492 0.048008 -0.679081 -0.720526 0.043967 -0.692033 -0.902775 -0.260515 0.342242 -0.901744 -0.244859 0.356234 -0.831811 -0.227763 0.506177 -0.829714 -0.145167 0.538982 -0.927491 -0.273896 0.254443 -0.738992 -0.065127 0.670559 -0.732492 -0.048009 0.67908 -0.720526 -0.043968 0.692032 0.902775 0.260515 -0.342242 0.831811 0.227763 -0.506176 0.901743 0.244859 -0.356234 0.829714 0.145167 -0.538982 0.927491 0.273896 -0.254443 0.738992 0.065127 -0.670559 0.732493 0.048009 -0.67908 0.720527 0.043968 -0.692032 0.673586 -0.139471 -0.725831 0.725256 -0.182607 -0.663821 0.672114 -0.138291 -0.727419 0.63075 -0.107097 -0.76856 0.630583 -0.115075 -0.767544 0.609672 -0.090083 -0.787518 0.605947 -0.104381 -0.788627 0.606247 -0.082886 -0.790945 0.603625 -0.083107 -0.792925 0.586639 -0.090104 -0.80482 0.5826 -0.095369 -0.807144 0.564696 -0.118221 -0.816788 0.685498 -0.204915 -0.698643 0.67338 -0.101554 -0.732289 0.697016 -0.117928 -0.707292 0.684184 -0.253662 -0.683775 0.646879 -0.017223 -0.762398 0.6889 -0.051228 -0.723044 0.588994 -0.011672 -0.808053 0.657217 -0.09534 -0.747647 0.622246 -0.104769 -0.775779 0.625071 0.010563 -0.780497 0.696055 -0.462772 -0.548954 0.667949 -0.350828 -0.656326 0.677253 -0.336783 -0.654145 0.6963 -0.46041 -0.550626 0.679162 -0.339352 -0.650829 0.691968 -0.313421 -0.650345 0.694767 -0.440747 -0.568366 0.655188 -0.253687 -0.711598 0.712098 -0.044233 -0.700685 0.691316 -0.187391 -0.69783 0.68406 -0.140101 -0.715845 0.727273 -0.120351 -0.675714 0.66048 -0.0356 -0.749999 0.689281 -0.035804 -0.723609 0.678963 -0.102099 -0.727038 0.657529 -0.073016 -0.749883 0.644688 -0.451618 -0.616781 0.635812 -0.406493 -0.656131 0.647343 -0.416014 -0.638654 0.635039 -0.446654 -0.630259 0.600883 -0.529829 -0.598516 0.656778 -0.469982 -0.589711 0.641614 -0.467574 -0.608035 0.584131 -0.553005 -0.594118 0.542464 -0.501307 -0.67411 0.500532 -0.606877 -0.617388 0.524291 -0.548022 -0.651759 0.463318 -0.709599 -0.530854 0.57318 -0.454938 -0.681539 -0.68198 0.112319 0.722695 -0.680517 0.111466 0.724205 -0.733377 0.143304 0.664546 -0.633924 0.085086 0.7687 -0.634716 0.094505 0.766945 -0.608406 0.069012 0.79062 -0.606047 0.08653 0.790708 -0.603254 0.057095 0.795503 -0.600153 0.055851 0.797933 -0.581749 0.052645 0.811663 -0.578511 0.055007 0.813818 -0.564304 0.065257 0.822984 -0.685453 0.205022 0.698656 -0.673338 0.101389 0.732349 -0.684167 0.253806 0.683738 -0.697018 0.117915 0.707292 -0.646852 0.01709 0.762424 -0.688889 0.051153 0.72306 -0.596349 0.005491 0.802706 -0.629643 0.099052 0.770544 -0.65717 0.095048 0.747725 -0.625008 -0.010758 0.780545 -0.705074 0.457613 0.54172 -0.686337 0.331432 0.647375 -0.68571 0.340266 0.643444 -0.71282 0.450592 0.537452 -0.679065 0.33922 0.651 -0.691981 0.313676 0.650207 -0.694706 0.440922 0.568306 -0.655237 0.253609 0.711581 -0.712347 0.043157 0.7005 -0.692215 0.180772 0.698685 -0.727014 0.109742 0.677795 -0.68446 0.138432 0.715787 -0.667935 0.031298 0.743561 -0.679012 0.101691 0.72705 -0.689297 0.035557 0.723606 -0.664532 0.069688 0.744003 -0.655056 0.452878 0.604817 -0.655738 0.416875 0.629463 -0.651848 0.408467 0.638944 -0.65024 0.448605 0.61314 -0.602222 0.524793 0.601599 -0.641657 0.467328 0.608178 -0.656822 0.469695 0.589892 -0.585459 0.549314 0.596232 -0.543743 0.484103 0.685557 -0.571353 0.456618 0.68195 -0.52441 0.545968 0.653386 -0.505531 0.592745 0.626971 -0.47254 0.691437 0.546463 -0.673586 -0.139472 -0.72583 -0.672113 -0.138292 -0.727419 -0.725256 -0.182609 -0.663821 -0.63075 -0.107098 -0.76856 -0.630582 -0.115076 -0.767544 -0.609672 -0.090084 -0.787518 -0.605947 -0.104382 -0.788627 -0.606247 -0.082887 -0.790945 -0.603624 -0.083108 -0.792926 -0.586639 -0.090105 -0.804821 -0.5826 -0.095371 -0.807144 -0.564696 -0.118222 -0.816788 -0.685498 -0.204916 -0.698643 -0.673379 -0.101555 -0.732289 -0.684183 -0.253663 -0.683775 -0.697015 -0.117929 -0.707292 -0.646879 -0.017224 -0.762398 -0.6889 -0.051229 -0.723044 -0.588994 -0.011673 -0.808053 -0.657217 -0.095341 -0.747647 -0.62507 0.010562 -0.780497 -0.622246 -0.10477 -0.775779 -0.696054 -0.462773 -0.548954 -0.677252 -0.336784 -0.654145 -0.667948 -0.350829 -0.656326 -0.696299 -0.460411 -0.550626 -0.679162 -0.339353 -0.650829 -0.691967 -0.313422 -0.650345 -0.694766 -0.440748 -0.568367 -0.655188 -0.253688 -0.711597 -0.712098 -0.044234 -0.700685 -0.691316 -0.187392 -0.697829 -0.727276 -0.120352 -0.675711 -0.68406 -0.140102 -0.715845 -0.66048 -0.035601 -0.749999 -0.678963 -0.1021 -0.727039 -0.68928 -0.035805 -0.72361 -0.657528 -0.073017 -0.749883 -0.644687 -0.451619 -0.616781 -0.647343 -0.416015 -0.638654 -0.635811 -0.406494 -0.656131 -0.635038 -0.446655 -0.630259 -0.600882 -0.52983 -0.598516 -0.641613 -0.467575 -0.608035 -0.656778 -0.469984 -0.58971 -0.58413 -0.553005 -0.594119 -0.542463 -0.501307 -0.674111 -0.573179 -0.454939 -0.681539 -0.524291 -0.548023 -0.651759 -0.500532 -0.606879 -0.617387 -0.463316 -0.709599 -0.530856 0.68198 0.112321 0.722695 0.733377 0.143305 0.664546 0.680516 0.111468 0.724205 0.633924 0.085087 0.768701 0.634716 0.094506 0.766945 0.608405 0.069013 0.79062 0.606047 0.086531 0.790708 0.603254 0.057095 0.795503 0.600152 0.055852 0.797933 0.581748 0.052646 0.811664 0.57851 0.055008 0.813818 0.564303 0.065258 0.822984 0.685452 0.205023 0.698656 0.673338 0.10139 0.732349 0.697018 0.117916 0.707292 0.684167 0.253807 0.683739 0.646852 0.017091 0.762424 0.688889 0.051154 0.72306 0.596348 0.005492 0.802707 0.625007 -0.010757 0.780545 0.65717 0.095049 0.747725 0.629642 0.099053 0.770545 0.705074 0.457614 0.54172 0.68571 0.340267 0.643445 0.686337 0.331433 0.647374 0.712819 0.450593 0.537452 0.679064 0.339221 0.651 0.694705 0.440923 0.568306 0.69198 0.313678 0.650207 0.655236 0.25361 0.711581 0.712347 0.043158 0.7005 0.692213 0.180773 0.698686 0.68446 0.138434 0.715787 0.727016 0.109745 0.677793 0.667935 0.031299 0.743561 0.689297 0.035558 0.723606 0.679012 0.101692 0.72705 0.664532 0.069689 0.744003 0.655055 0.452879 0.604817 0.651847 0.408468 0.638944 0.655737 0.416876 0.629463 0.65024 0.448606 0.61314 0.600123 0.540338 0.589821 0.656821 0.469696 0.589892 0.641656 0.46733 0.608178 0.582158 0.566943 0.58281 0.524298 0.527157 0.668744 0.366665 0.854437 0.368094 0.468157 0.672425 0.573301 0.52441 0.545969 0.653385 0.571353 0.456619 0.68195 -0.925464 -0.334989 -0.176913 -0.00042 -0.769179 -0.639033 -0.930501 -0.326823 -0.165392 -0.001467 -0.763918 -0.645312 -0.000223 -0.770185 -0.63782 -0.924339 -0.339753 -0.173683 -0.999037 -0.043719 0.003682 -0.999013 -0.04423 0.0041 -0.948251 0.316604 0.024135 -0.955467 0.293588 0.029799 -0.999045 -0.04353 0.003646 -0.949781 0.311272 0.032027 -0.088113 0.992893 -0.080004 -0.087178 0.993744 -0.069813 -0.086831 0.994033 -0.066027 -0.878864 -0.395284 -0.26711 -0.008166 -0.728835 -0.68464 -0.56486 -0.302414 -0.767776 -0.060313 -0.375079 -0.925029 -0.680707 0.04845 -0.730952 -0.999567 -0.027507 -0.010441 -0.597394 0.548815 -0.584741 -0.874002 0.485521 -0.019764 -0.12487 0.729246 -0.672761 -0.092193 0.987732 -0.126042 -0.104159 0.08769 -0.990687 0.76517 0.618051 -0.180352 0.378333 0.627699 -0.680337 0.970186 0.131751 -0.203422 0.510426 0.144751 -0.847651 0.862344 -0.254513 -0.437705 0.446995 -0.220607 -0.866907 -0.008166 -0.728835 -0.68464 -0.060313 -0.375079 -0.925029 -0.001467 -0.763918 -0.645312 0.915267 -0.186169 -0.357251 -0.00042 -0.769179 -0.639033 0.921065 -0.177125 -0.346793 -0.000223 -0.770185 -0.63782 0.915557 -0.190998 -0.353942 0.974977 0.115878 -0.189715 0.975115 0.115377 -0.18931 0.872407 0.463806 -0.154239 0.88415 0.442322 -0.150432 0.974948 0.116065 -0.189752 0.876262 0.458906 -0.146871 -0.510016 -0.432947 -0.743264 0 -0.89145 -0.453118 -0.927339 -0.316711 -0.199341 0 -0.567339 -0.823484 -0.600352 -0.076681 -0.796051 -0.994927 0.015291 -0.099425 -0.4918 0.43812 -0.752452 -0.920359 0.364124 -0.142666 0 0.567282 -0.823524 0 -0.129051 -0.991638 0.491797 0.438117 -0.752455 0.920359 0.364124 -0.142665 0.600352 -0.07668 -0.796051 0.994927 0.015291 -0.099425 0.927339 -0.316711 -0.199341 0.510017 -0.432948 -0.743262 0 -0.89145 -0.453118 0 -0.567339 -0.823484 0 0.957745 -0.28762 0.927339 0.09252 -0.362606 0.600353 0.734102 -0.317286 0.994927 0.099321 -0.015963 0.509993 0.574548 -0.640158 0 0.157658 -0.987494 0 0.609625 -0.79269 -0.510007 0.632595 -0.582853 -0.000001 0.250522 -0.968111 -0.927339 0.126464 -0.352206 0.000012 0.68198 -0.731371 -0.994927 0.100388 -0.006479 -0.600312 0.760899 -0.246291 -0.491778 0.82914 0.265862 -0.920356 0.217736 0.324863 0.000015 0.926362 0.376634 0.000011 0.940592 -0.339539 0.491771 0.829141 0.265869 0.920356 0.217735 0.324863 0.600307 0.760906 -0.246281 0.994927 0.100387 -0.00648 0.92734 0.126463 -0.352205 0.510002 0.632602 -0.582848 -0.000001 0.250522 -0.968111 0.000012 0.68198 -0.731371 0.000004 0.48712 0.873335 -0.92776 -0.190444 -0.320923 -0.000002 -0.5979 -0.801571 -0.933223 -0.184672 -0.308208 -0.000006 -0.591264 -0.806478 -0.000001 -0.59917 -0.800622 -0.927339 -0.195908 -0.318847 -0.994938 0.057489 -0.082422 -0.994996 0.056897 -0.082138 -0.917643 0.396501 0.026803 -0.927199 0.373646 0.026276 -0.994927 0.057682 -0.082415 -0.920358 0.389676 0.033063 0.000001 0.988433 0.151657 0.000004 0.986823 0.161801 0.000007 0.986199 0.165564 -0.877601 -0.232805 -0.419069 -0.000006 -0.5476 -0.836741 -0.509993 -0.0596 -0.858111 0 -0.144683 -0.989478 -0.600349 0.283273 -0.747889 -0.992791 0.07648 -0.092289 -0.491783 0.725699 -0.481155 -0.826174 0.562614 0.030025 -0.000003 0.872968 -0.487777 0.000001 0.994416 0.105534 -0.000007 0.322786 -0.946472 0.826173 0.562616 0.030025 0.491781 0.725697 -0.481161 0.992791 0.076482 -0.09229 0.600346 0.283271 -0.747892 0.877603 -0.232805 -0.419065 0.510006 -0.059613 -0.858103 -0.000006 -0.5476 -0.836741 0 -0.144683 -0.989478 -0.000006 -0.591264 -0.806478 0.927761 -0.190443 -0.320923 -0.000002 -0.5979 -0.801571 0.933222 -0.184672 -0.308209 -0.000001 -0.59917 -0.800622 0.927339 -0.195907 -0.318846 0.994938 0.05749 -0.082423 0.994996 0.056897 -0.082137 0.917643 0.396502 0.026803 0.927199 0.373646 0.026277 0.994928 0.057682 -0.082414 0.920359 0.389675 0.033067 0 0.999346 -0.036169 -0.917642 0.394506 -0.04794 -0.927199 0.371955 -0.044176 0 0.999664 -0.025904 -0.920359 0.388971 -0.040511 0 0.999756 -0.022091 0 0.996583 -0.0826 -0.82617 0.558286 -0.075893 0.917642 0.394506 -0.04794 0.82617 0.558286 -0.075894 0.927199 0.371955 -0.044176 0.920359 0.388971 -0.04051 -0.937107 -0.001632 -0.349037 0 0.075748 -0.997127 -0.951099 0.056532 -0.303668 0.000001 -0.105278 -0.994443 -0.000001 0.2426 -0.970126 -0.931949 0.119177 -0.342444 -0.995646 0.09175 -0.016457 -0.995172 0.098094 0.003221 -0.90498 0.318851 0.281681 -0.908905 0.270658 0.317232 -0.995479 0.094969 -0.001256 -0.922247 0.204968 0.327794 0 0.691864 0.722028 0 0.560559 0.828114 0 0.461625 0.887075 -0.880739 -0.013701 -0.473404 0.000001 -0.108008 -0.99415 -0.510003 0.413045 -0.754514 0.000002 0.412357 -0.911022 -0.600335 0.64218 -0.476658 -0.993142 0.110195 -0.039065 -0.491776 0.87062 -0.013317 -0.826821 0.476709 0.298523 -0.000001 0.998162 0.060595 0 0.821186 0.570661 0 0.782634 -0.622482 0.826821 0.476709 0.298524 0.491774 0.870621 -0.013315 0.993142 0.110195 -0.039065 0.600336 0.64218 -0.476657 0.880739 -0.0137 -0.473403 0.510005 0.413044 -0.754512 0.000001 -0.108008 -0.99415 0.000002 0.412357 -0.911022 0.000001 -0.105278 -0.994443 0.937107 -0.001632 -0.349038 0 0.075748 -0.997127 0.951099 0.056532 -0.303669 -0.000001 0.2426 -0.970126 0.931949 0.119177 -0.342445 0.995646 0.09175 -0.016457 0.995172 0.098094 0.003221 0.90498 0.318851 0.281682 0.908905 0.270658 0.317232 0.995479 0.094969 -0.001257 0.922247 0.204968 0.327794 -0.6142 0.559601 0.556421 0.490037 -0.652231 0.578324 0.865587 0.058464 0.497334 -0.786759 0.042692 0.615782 -0.824504 0.430689 0.367015 0.902273 -0.421079 -0.092715 0.864356 0.356469 -0.35471 -0.550788 0.834103 -0.030081 -0.6142 0.559601 0.556421 -0.824504 0.430689 0.367015 -0.810651 -0.299763 -0.502978 0.930082 -0.174275 -0.323381 0.798361 -0.600401 0.046247 -0.523084 -0.047386 -0.850963 -0.85625 -0.211177 -0.471424 0.9484 -0.010216 0.316912 0.492855 -0.422839 0.760461 -0.939184 -0.305055 0.157718 -0.810651 -0.299763 -0.502978 -0.85625 -0.211177 -0.471424 -0.810664 -0.299753 -0.502964 0.930085 -0.174275 -0.323373 0.798352 -0.600413 0.04624 -0.52308 -0.047386 -0.850965 -0.85625 -0.211177 -0.471424 0.9484 -0.010216 0.316912 0.492856 -0.422842 0.760459 -0.939187 -0.30505 0.15771 -0.810664 -0.299753 -0.502964 -0.85625 -0.211177 -0.471424 -0.831252 0.377162 0.408375 0.524866 -0.647901 0.552033 0.781158 -0.059031 0.621536 -0.85449 -0.175878 0.488788 -0.866103 0.416516 0.276371 0.913623 -0.406535 0.004739 0.899191 0.407078 -0.160447 -0.498204 0.853911 -0.150431 -0.831252 0.377162 0.408375 -0.866103 0.416516 0.276371 -0.947314 0.255219 0.193547 0.567312 -0.214558 0.795061 0.65966 0.406371 0.632228 -0.835966 -0.202204 0.510171 -0.970621 0.235798 0.047902 0.975086 -0.095281 0.200323 0.780616 0.523245 -0.341836 -0.650664 0.525498 -0.548168 -0.947314 0.255219 0.193547 -0.970621 0.235798 0.047902 -0.754774 0.537939 -0.375418 -0.362342 -0.244139 0.899502 0.053708 0.361764 0.930721 -0.99411 0.035857 -0.102267 -0.623495 0.477723 -0.618898 0.498074 -0.307797 0.810669 0.935048 0.296912 0.193721 0.211773 0.592834 -0.776982 -0.754774 0.537939 -0.375418 -0.623495 0.477723 -0.618898 -0.009905 0.25633 0.966539 -0.977309 0.11288 0.179235 -0.009439 -0.679634 0.733491 -0.121037 0.836634 -0.534223 0.963982 0.207883 0.165905 -0.121037 0.836634 -0.534223 0.012335 0.469678 0.882752 -0.976747 0.083494 0.197469 0.071711 -0.494417 0.866262 -0.20776 0.682639 -0.700599 0.94955 0.306388 0.066944 -0.20776 0.682639 -0.700599 0.087145 0.504092 0.859242 -0.960368 0.100267 0.260077 0.13029 -0.462 0.877257 -0.252668 0.657715 -0.709626 0.954075 0.299439 -0.008817 -0.252668 0.657715 -0.709626 0.41491 0.607817 0.677058 -0.467471 -0.316093 0.825564 0.862201 -0.238392 0.446967 -0.906319 0.372706 -0.199189 0.460522 0.711593 -0.530617 -0.906319 0.372706 -0.199189 0.414921 0.607825 0.677045 -0.467477 -0.316095 0.82556 0.862201 -0.238392 0.446967 -0.906319 0.372706 -0.199189 0.460493 0.711601 -0.530632 -0.906319 0.372706 -0.199189 0.41491 0.607813 0.677062 -0.467467 -0.316092 0.825567 0.862201 -0.238392 0.446967 -0.906319 0.372706 -0.199189 0.460507 0.711599 -0.530623 -0.906319 0.372706 -0.199189 0.414905 0.607802 0.677075 -0.46747 -0.316092 0.825565 0.862201 -0.238392 0.446967 -0.906319 0.372706 -0.199189 0.460523 0.711595 -0.530613 -0.906319 0.372706 -0.199189 0.414898 0.60782 0.677063 -0.46748 -0.31609 0.82556 0.862201 -0.238392 0.446967 -0.906319 0.372706 -0.199189 0.460503 0.711593 -0.530635 -0.906319 0.372706 -0.199189 0.414908 0.607827 0.67705 -0.467479 -0.316088 0.825562 0.862201 -0.238392 0.446967 -0.906319 0.372706 -0.199189 0.460509 0.711587 -0.530637 -0.906319 0.372706 -0.199189 0.414908 0.607806 0.677069 -0.467471 -0.316095 0.825563 0.862201 -0.238392 0.446967 -0.906319 0.372706 -0.199189 0.460492 0.711603 -0.53063 -0.906319 0.372706 -0.199189 0.372778 0.558871 0.740743 -0.463088 -0.415401 0.782938 0.867596 -0.236326 0.437524 -0.921846 0.343797 -0.178897 0.426177 0.782257 -0.454365 -0.921846 0.343797 -0.178897 0.342539 0.511598 0.787993 -0.443415 -0.499477 0.744249 0.878048 -0.228465 0.420518 -0.937656 0.311494 -0.154184 0.383847 0.837826 -0.388211 -0.937656 0.311494 -0.154184 0.314366 0.476782 0.820885 -0.425163 -0.560303 0.710842 0.885432 -0.213937 0.412603 -0.949836 0.2785 -0.142298 0.344942 0.875958 -0.337214 -0.949836 0.2785 -0.142298 0.314403 0.476827 0.820845 -0.425155 -0.560307 0.710844 0.885432 -0.213937 0.412603 -0.949836 0.2785 -0.142298 0.344913 0.875961 -0.337234 -0.949836 0.2785 -0.142298 0.399908 -0.909632 -0.112445 0.423992 -0.14674 -0.893699 0.9484 -0.010216 0.316912 -0.190037 -0.56332 0.804087 -0.85625 -0.211177 -0.471424 -0.85625 -0.211177 -0.471424 0.399895 -0.909637 -0.112447 0.423975 -0.146739 -0.893708 0.9484 -0.010216 0.316912 -0.190045 -0.56332 0.804086 -0.85625 -0.211177 -0.471424 -0.85625 -0.211177 -0.471424 0.399897 -0.909633 -0.11247 0.423985 -0.146739 -0.893703 0.9484 -0.010216 0.316912 -0.190031 -0.563336 0.804077 -0.85625 -0.211177 -0.471424 -0.85625 -0.211177 -0.471424 0.399896 -0.909636 -0.112456 0.423976 -0.146737 -0.893707 0.9484 -0.010216 0.316912 -0.190023 -0.563329 0.804084 -0.85625 -0.211177 -0.471424 -0.85625 -0.211177 -0.471424 0.50388 -0.861192 -0.066738 0.493423 -0.073153 -0.866708 0.9484 -0.010216 0.316912 -0.136911 -0.495829 0.85756 -0.85625 -0.211177 -0.471424 -0.85625 -0.211177 -0.471424 0.503899 -0.86118 -0.066739 0.493434 -0.073153 -0.866702 0.9484 -0.010216 0.316912 -0.136925 -0.49582 0.857563 -0.85625 -0.211177 -0.471424 -0.85625 -0.211177 -0.471424 0.6142 0.559604 0.556418 -0.490037 -0.652228 0.578327 0.786759 0.042694 0.615782 -0.865588 0.05847 0.497332 0.824504 0.430689 0.367015 -0.902273 -0.421079 -0.092715 -0.864356 0.356468 -0.354711 0.550788 0.834103 -0.030082 0.6142 0.559604 0.556418 0.824504 0.430689 0.367015 0.81065 -0.299764 -0.502979 -0.930083 -0.174274 -0.323381 0.523083 -0.047385 -0.850963 -0.798364 -0.600396 0.046253 0.85625 -0.211177 -0.471424 -0.9484 -0.010216 0.316912 -0.492853 -0.422838 0.760463 0.939184 -0.305055 0.157718 0.81065 -0.299764 -0.502979 0.85625 -0.211177 -0.471424 0.810664 -0.299756 -0.502961 -0.930085 -0.174275 -0.323372 0.52308 -0.047386 -0.850965 -0.798349 -0.600417 0.046244 0.85625 -0.211177 -0.471424 -0.9484 -0.010216 0.316912 -0.492853 -0.422843 0.76046 0.939186 -0.305052 0.157712 0.810664 -0.299756 -0.502961 0.85625 -0.211177 -0.471424 0.831253 0.377163 0.408371 -0.524864 -0.647902 0.552033 0.854488 -0.175877 0.488791 -0.781161 -0.05903 0.621532 0.866103 0.416516 0.276371 -0.913623 -0.406535 0.004739 -0.89919 0.407079 -0.160449 0.498204 0.85391 -0.150437 0.831253 0.377163 0.408371 0.866103 0.416516 0.276371 0.947314 0.255218 0.193546 -0.567313 -0.214559 0.79506 0.835966 -0.202204 0.510171 -0.659662 0.406371 0.632225 0.970621 0.235798 0.047902 -0.975086 -0.095281 0.200323 -0.780616 0.523246 -0.341837 0.650665 0.525497 -0.548168 0.947314 0.255218 0.193546 0.970621 0.235798 0.047902 0.754772 0.537938 -0.375423 0.362339 -0.244139 0.899503 0.99411 0.035858 -0.102268 -0.053708 0.36177 0.930719 0.623495 0.477723 -0.618898 -0.498074 -0.307797 0.810669 -0.935048 0.296913 0.193721 -0.211775 0.592831 -0.776983 0.754772 0.537938 -0.375423 0.623495 0.477723 -0.618898 -0.012341 0.469676 0.882753 -0.071711 -0.494417 0.866262 0.976746 0.083493 0.197474 0.20776 0.682639 -0.700599 -0.94955 0.306387 0.066937 0.20776 0.682639 -0.700599 -0.087151 0.504099 0.859238 -0.13029 -0.462 0.877257 0.96037 0.100267 0.260071 0.252668 0.657715 -0.709626 -0.954075 0.299438 -0.008821 0.252668 0.657715 -0.709626 -0.414913 0.607814 0.67706 -0.862201 -0.238392 0.446967 0.467467 -0.316091 0.825567 0.906319 0.372706 -0.199189 -0.460521 0.711588 -0.530625 0.906319 0.372706 -0.199189 -0.414921 0.607814 0.677055 -0.862201 -0.238392 0.446967 0.467473 -0.316092 0.825563 0.906319 0.372706 -0.199189 -0.460495 0.7116 -0.530632 0.906319 0.372706 -0.199189 -0.414912 0.607819 0.677056 -0.862201 -0.238392 0.446967 0.467467 -0.31609 0.825567 0.906319 0.372706 -0.199189 -0.460505 0.711596 -0.530628 0.906319 0.372706 -0.199189 -0.414912 0.607817 0.677057 -0.862201 -0.238392 0.446967 0.467473 -0.316093 0.825563 0.906319 0.372706 -0.199189 -0.460519 0.711591 -0.530623 0.906319 0.372706 -0.199189 -0.414898 0.60782 0.677063 -0.862201 -0.238392 0.446967 0.467475 -0.316087 0.825564 0.906319 0.372706 -0.199189 -0.460502 0.711587 -0.530642 0.906319 0.372706 -0.199189 -0.414909 0.607817 0.677059 -0.862201 -0.238392 0.446967 0.467476 -0.316086 0.825564 0.906319 0.372706 -0.199189 -0.460511 0.711585 -0.530637 0.906319 0.372706 -0.199189 -0.414905 0.607809 0.677069 -0.862201 -0.238392 0.446967 0.467468 -0.31609 0.825567 0.906319 0.372706 -0.199189 -0.460489 0.711599 -0.530638 0.906319 0.372706 -0.199189 -0.372784 0.558868 0.740742 -0.867596 -0.236326 0.437524 0.463085 -0.415399 0.782941 0.921846 0.343797 -0.178897 -0.426177 0.78225 -0.454376 0.921846 0.343797 -0.178897 -0.342535 0.511591 0.788 -0.878048 -0.228465 0.420518 0.443415 -0.499477 0.744249 0.937656 0.311494 -0.154184 -0.383849 0.83783 -0.388203 0.937656 0.311494 -0.154184 -0.314359 0.476794 0.820881 -0.885432 -0.213937 0.412603 0.425168 -0.5603 0.710842 0.949836 0.2785 -0.142298 -0.34494 0.875959 -0.337211 0.949836 0.2785 -0.142298 -0.314389 0.476819 0.820855 -0.885432 -0.213937 0.412603 0.425158 -0.560305 0.710844 0.949836 0.2785 -0.142298 -0.344914 0.875965 -0.337223 0.949836 0.2785 -0.142298 -0.399903 -0.909633 -0.112448 -0.9484 -0.010216 0.316912 -0.423989 -0.14674 -0.8937 0.190038 -0.56332 0.804087 0.85625 -0.211177 -0.471424 0.85625 -0.211177 -0.471424 -0.399897 -0.909636 -0.112453 -0.9484 -0.010216 0.316912 -0.423974 -0.146738 -0.893708 0.190041 -0.563326 0.804082 0.85625 -0.211177 -0.471424 0.85625 -0.211177 -0.471424 -0.399896 -0.909635 -0.112459 -0.9484 -0.010216 0.316912 -0.423983 -0.146738 -0.893704 0.190034 -0.563328 0.804082 0.85625 -0.211177 -0.471424 0.85625 -0.211177 -0.471424 -0.399895 -0.909636 -0.11246 -0.9484 -0.010216 0.316912 -0.423976 -0.146737 -0.893707 0.190023 -0.563333 0.804082 0.85625 -0.211177 -0.471424 0.85625 -0.211177 -0.471424 -0.503888 -0.861185 -0.066759 -0.9484 -0.010216 0.316912 -0.493426 -0.073153 -0.866706 0.136911 -0.495836 0.857556 0.85625 -0.211177 -0.471424 0.85625 -0.211177 -0.471424 -0.503883 -0.861189 -0.066752 -0.9484 -0.010216 0.316912 -0.49343 -0.073153 -0.866704 0.136933 -0.495824 0.85756 0.85625 -0.211177 -0.471424 0.85625 -0.211177 -0.471424 -0.809927 0.155356 0.565582 -0.847812 -0.282638 0.448699 -0.839786 -0.35893 0.407344 -0.538014 0.333458 0.774175 -0.806927 -0.551892 0.210438 -0.75834 -0.621372 0.197021 -0.823719 -0.552457 0.127585 -0.756878 -0.645238 0.103944 -0.861191 -0.50814 0.011988 -0.816768 -0.576776 -0.014811 -0.894188 -0.44577 -0.041441 -0.889953 -0.454236 -0.04066 -0.901078 -0.4334 -0.014947 -0.862762 -0.505603 0.002799 -0.939547 0.330538 0.089419 -0.827295 0.539774 0.155655 -0.530304 0.846239 0.051546 -0.634329 0.758257 0.150577 -0.616169 0.784215 0.073087 -0.763526 0.634527 0.120012 -0.485552 0.822225 0.29696 -0.554002 0.769801 0.316999 -0.258346 0.751764 0.60672 -0.452766 0.742412 0.493789 -0.212115 0.647922 0.731577 -0.546362 0.576231 0.607821 -0.950064 0.123764 0.286463 -0.790211 0.472672 0.390061 -0.807588 0.136183 0.573809 -0.8397 0.101287 0.533521 -0.795486 0.485962 0.361998 -0.915013 0.03049 0.402271 -0.838623 0.35594 0.412332 -0.930314 0.086672 0.356376 -0.844436 0.290789 0.449855 -0.921757 0.16702 0.349955 -0.861311 0.270797 0.429898 -0.923114 0.180791 0.339374 -0.906024 0.171304 0.387007 -0.978879 0.040342 0.200419 -0.932858 -0.166165 0.319634 -0.85459 -0.006129 0.519268 -0.918673 -0.392739 -0.042374 -0.851225 -0.242363 0.465485 -0.89808 -0.439832 0.000107 -0.869438 -0.133221 0.475742 -0.915441 -0.378592 0.136514 -0.900532 -0.009461 0.434687 -0.912375 -0.353415 0.206568 -0.946376 0.022976 0.322249 -0.895948 -0.391916 0.208998 -0.988792 -0.032868 0.145636 -0.971501 0.043486 0.233011 -0.86125 -0.078332 0.502108 -0.929039 -0.016619 0.369609 -0.816768 -0.576776 -0.014811 -0.903792 -0.423466 0.061948 -0.883136 -0.459476 0.094619 -0.889953 -0.454236 -0.04066 -0.756878 -0.645238 0.103944 -0.879422 -0.450175 0.154788 -0.75834 -0.621372 0.197021 -0.935674 -0.323775 0.140299 -0.835102 -0.525556 0.162465 -0.862762 -0.505603 0.002799 -0.754776 0.32121 0.571959 -0.827295 0.539774 0.155655 -0.634329 0.758257 0.150577 -0.639446 0.63744 0.42986 -0.836882 0.373465 0.40019 -0.763526 0.634527 0.120012 -0.689712 0.578911 0.434925 -0.554002 0.769801 0.316999 -0.802127 0.35588 0.479523 -0.674869 0.538603 0.50444 -0.709247 0.511227 0.485402 -0.605858 0.664046 0.438154 -0.452766 0.742412 0.493789 -0.768316 0.513599 0.381976 -0.546362 0.576231 0.607821 -0.888782 0.234326 0.3939 -0.809927 0.155356 0.565582 -0.839786 -0.35893 0.407344 -0.979208 0.066974 0.191485 -0.753227 0.462375 0.467823 -0.7477 0.485894 0.452606 -0.701494 0.590424 0.399131 -0.95233 0.235608 0.193796 -0.906841 0.306197 0.289626 -0.880864 0.329706 0.339666 -0.892435 0.234165 0.385652 -0.902788 0.082094 0.422179 -0.926758 0.021618 0.375036 -0.85345 -0.514553 -0.082818 -0.802057 -0.590385 -0.090283 -0.853944 -0.516679 -0.061832 -0.685255 -0.727761 -0.02811 -0.566779 -0.819906 0.080724 -0.955618 -0.079477 0.283687 -0.703341 0.643981 0.301 -0.581849 -0.81145 0.054787 -0.881014 -0.177749 0.438429 -0.861396 0.401437 0.3112 -0.789295 0.54425 0.284262 -0.874496 0.414485 0.251911 -0.747231 0.664556 -0.003333 -0.655177 -0.742734 0.138165 -0.573615 -0.67981 0.456972 -0.599223 -0.301637 0.741584 -0.000000 -0.696964 0.717106 0 -0.299497 0.954097 -0.421846 0.204133 0.883389 0 0.201397 0.97951 -0.666784 0.257254 0.699442 -0.000000 0.672613 0.739995 -0.166504 0.60775 0.776477 -0.773968 0.390045 0.498837 -0.835529 0.517685 -0.184101 -0.458496 0.876823 0.144786 -0.311718 0.37884 0.871385 0.000008 0.432107 0.901822 0.027132 0.689059 0.724197 -0.352541 0.693969 0.627792 -0.628404 0.682863 0.372568 -0.768123 0.63764 0.058331 -0.757804 0.63105 0.165859 -0.563249 0.709157 0.424084 -0.52831 0.579256 0.620767 -0.705346 -0.301311 0.641637 -0.878989 -0.157047 0.450239 -0.898049 -0.00676 0.439844 -0.933837 0.144789 0.327084 -0.958652 0.260503 0.114566 -0.933479 0.356472 0.039306 -0.377174 0.920728 0.099999 -0.313732 0.941437 0.123562 0.38452 0.918506 0.092142 0.483405 0.858031 0.173499 0.228854 0.969132 0.091698 0.153262 0.978782 0.135999 0 0.997152 0.075422 0.000003 0.998181 -0.060284 -0.170166 0.9834 -0.062997 0 0.993911 0.110188 -0.345713 0.838986 0.420221 0.332157 0.891925 0.306826 0.207725 0.953579 0.218029 0.299067 0.819459 0.488923 -0.362532 0.661895 0.656099 0.123978 0.877246 0.463756 0 0.976701 0.214603 0.000000 0.859743 0.510727 -0.453119 0.371408 0.810395 0.327701 0.640217 0.694791 0.053346 0.669398 0.740987 0 0.638852 0.76933 -0.277123 0.078967 0.957584 0.377389 0.427028 0.82172 -0.110294 0.534786 0.837758 0 0.614137 0.789199 -0.417431 0.473101 0.77584 0 0.78033 0.625368 0.000073 0.920319 0.39117 -0.440064 0.830718 0.340956 0.00114 0.869024 -0.494768 -0.722445 0.636179 -0.270831 -0.94526 0.326263 -0.006045 -0.79132 -0.034947 0.610403 0.000019 -0.152468 0.988308 0.791841 -0.034696 0.60974 0.311705 0.378902 0.871363 0.166502 0.607752 0.776476 0.421845 0.204132 0.88339 0.599223 -0.301637 0.741584 0.881013 -0.177749 0.43843 0.573616 -0.679812 0.456968 0.655177 -0.742734 0.138166 0.955618 -0.079477 0.283687 0.70334 0.64398 0.301001 0.701494 0.590424 0.39913 0.753228 0.462375 0.467821 0.802127 0.35588 0.479522 0.674869 0.538603 0.504439 0.639446 0.63744 0.42986 0.836882 0.373464 0.400191 0.634329 0.758256 0.15058 0.754775 0.32121 0.57196 0.827294 0.539772 0.155664 0.763526 0.634527 0.120014 0.689712 0.57891 0.434926 0.554002 0.7698 0.317 0.709248 0.511228 0.4854 0.605857 0.664045 0.438156 0.452765 0.742412 0.49379 0.768317 0.5136 0.381975 0.54636 0.57623 0.607824 0.888782 0.234326 0.393901 0.809926 0.155356 0.565583 0.839786 -0.358931 0.407343 0.979208 0.066974 0.191486 0.75834 -0.621372 0.197019 0.935674 -0.323775 0.140298 0.879422 -0.450174 0.154788 0.756877 -0.645238 0.103945 0.883136 -0.459476 0.094619 0.816768 -0.576776 -0.01481 0.903792 -0.423465 0.061947 0.889953 -0.454236 -0.040661 0.835102 -0.525556 0.162466 0.862762 -0.505603 0.002801 0.976043 0.186328 0.112351 0.958652 0.260503 0.114565 0.933479 0.356472 0.039306 0.377174 0.920728 0.099999 0.313732 0.941437 0.123562 -0.38452 0.918506 0.092142 -0.483405 0.858031 0.173499 -0.228854 0.969132 0.091698 -0.153262 0.978782 0.136 0.170163 0.983399 -0.063007 0.345714 0.838986 0.42022 0.933838 0.144789 0.327083 -0.332157 0.891925 0.306825 -0.207725 0.953579 0.218029 0.898049 -0.00676 0.439843 0.362533 0.661895 0.656099 -0.299067 0.819459 0.488923 -0.123977 0.877246 0.463756 0.878989 -0.157047 0.450239 0.453119 0.371407 0.810395 -0.327701 0.640216 0.694792 -0.053346 0.669398 0.740986 0.705346 -0.301311 0.641638 0.277122 0.078967 0.957584 -0.37739 0.427028 0.82172 0.110294 0.534787 0.837758 0.528309 0.579256 0.620767 0.417431 0.473101 0.775839 0.563219 0.70916 0.424118 0.7477 0.485894 0.452606 0.789295 0.544249 0.284263 0.874496 0.414485 0.251912 0.747232 0.664555 -0.003332 0.861396 0.401437 0.311201 0.773968 0.390046 0.498837 0.458496 0.876823 0.144785 0.835532 0.517684 -0.184095 0.666783 0.257255 0.699443 0.627242 0.684581 0.371371 0.767098 0.638786 0.059274 0.756697 0.632013 0.167241 0.945216 0.32639 -0.006 0.723142 0.63576 -0.269954 0.4398 0.830635 0.341498 0.351957 0.69502 0.626956 -0.02713 0.68906 0.724196 -0.976043 0.186328 0.112351 -0.976901 0.212526 0.022312 -0.948199 -0.261519 0.180349 -0.800819 0.21096 0.560522 -0.718314 0.271846 0.640409 -0.990105 -0.127611 0.058376 -0.899286 -0.4198 0.122686 -0.698838 0.076653 0.711161 -0.841398 -0.505905 0.190024 -0.569822 0.140101 0.809738 -0.833988 -0.509995 0.210638 -0.48511 0.071147 0.871554 -0.85082 -0.525236 0.015212 -0.55392 0.178195 0.813277 -0.889857 -0.445522 -0.098308 -0.645207 0.377807 0.664056 -0.913221 -0.407457 0.002663 -0.690464 0.41703 0.591054 -0.888252 -0.432036 0.156053 -0.680049 0.349342 0.644588 -0.669119 -0.554669 0.494593 -0.53888 0.260564 0.801071 0.000008 -0.659075 0.752077 -0.729381 -0.684024 0.010696 -0.862948 -0.504274 -0.032052 -0.698074 -0.714766 -0.042464 -0.458451 -0.836824 -0.299246 -0.447762 -0.763804 -0.464879 -0.498807 -0.75989 -0.416843 -0.523285 -0.781277 -0.340264 -0.463863 -0.885316 -0.032366 -0.000005 -0.999992 0.004095 -0.962326 -0.236855 -0.133526 -0.980645 0.175972 0.085847 -0.922967 0.272576 -0.271724 -0.973326 0.101516 -0.205744 -0.8302 0.407243 -0.380686 -0.909899 0.117417 -0.397865 -0.928191 -0.165253 -0.333397 0 -0.82056 -0.571561 -0.918762 -0.385931 -0.083265 -0.973583 0.015894 -0.227778 -0.988898 0.01152 -0.148152 -0.922265 -0.313437 0.226239 -0.750967 -0.634222 0.18388 -0.963448 0.206611 -0.17053 -0.789177 0.262518 -0.555234 -0.71658 0.475951 -0.509886 -0.997338 0.017058 0.070899 -0.968622 0.149002 0.198921 -0.805435 0.440948 0.396029 -0.958741 -0.112731 -0.260973 -0.836116 0.510559 -0.200598 -0.589216 -0.282321 -0.757047 -0.71255 0.003151 -0.701615 -0.704813 -0.26507 -0.658009 -0.170166 0.9834 -0.062997 -0.565463 0.783018 -0.259102 -0.112715 0.598476 -0.793172 0.670883 0.699782 -0.2454 -0.271194 0.764945 0.58422 0.429276 0.742816 0.513757 0.72523 0.644401 0.242464 0.670883 0.699782 -0.2454 -0.383257 -0.386593 -0.838845 -0.761897 -0.286654 -0.580812 -0.941461 -0.090476 -0.324753 -0.999241 0.034513 0.01809 -0.910233 0.192738 0.366508 -0.719618 0.492579 0.489403 -0.249241 0.81626 0.521152 0.353889 0.878986 0.319604 0.739236 0.673442 0.002416 0.396067 0.813064 0.426682 0.816946 0.573904 0.056866 0.90362 0.180734 -0.388338 0.84628 0.336772 -0.41279 -0.936815 0.183718 0.2977 -0.354017 0.703445 0.616309 -0.944446 -0.260074 -0.200957 -0.492838 -0.541291 -0.68126 0.434194 -0.367377 -0.822502 -0.05126 -0.266623 -0.962437 0.644876 -0.016756 -0.764103 0.90362 0.180734 -0.388338 0.84628 0.336772 -0.41279 0 0.154501 0.987993 -0.424665 -0.861881 0.277167 -0.399992 -0.914829 -0.05562 0.000000 -0.908181 -0.418577 -0.000000 -0.829802 -0.558058 0 -0.816543 -0.577284 -0.76429 0.38211 -0.519473 -0.679215 0.590224 -0.436238 -0.000931 0.735747 -0.677256 0.000892 0.591807 -0.806079 0 -0.173422 0.984848 -0.311526 -0.161916 0.936341 -0.194851 0.142958 0.970359 0 0.165834 0.986154 0.014086 0.578007 0.815911 -0.000813 0.601982 0.798509 0.000164 0.221444 -0.975173 0.244169 0.686293 -0.685116 0.000125 0.376037 -0.926605 0.368985 0.124346 -0.92108 0 -0.043985 -0.999032 -0.132527 -0.335338 -0.93273 -0.334132 -0.026108 -0.942165 -0.527545 -0.106679 -0.842803 -0.635747 -0.369515 -0.677705 -0.741265 0.460509 -0.488322 -0.847941 0.197346 -0.491987 -0.665938 0.401429 -0.628793 -0.884156 0.396813 -0.246592 -0.952581 -0.006801 -0.30421 -0.967202 0.254009 0.000166 -0.994274 -0.083885 -0.066201 -0.986934 0.140952 -0.078068 -0.886741 -0.236649 -0.3971 -0.910626 0.15639 -0.382496 -0.961761 -0.254702 -0.100706 -0.70108 -0.075696 -0.709053 -0.662847 -0.228254 -0.713115 -0.516073 -0.112367 -0.849142 -0.919304 -0.245891 -0.307273 -0.393549 0.00444 -0.919293 -0.247252 0.397707 -0.88357 -0.836523 0.474049 -0.274784 -0.853944 -0.516679 -0.061832 -0.196547 -0.923703 0.328849 -0.040487 -0.947114 -0.318332 -0.948199 -0.261519 0.180349 -0.85345 -0.514553 -0.082818 -0.022617 -0.881326 -0.471967 -0.802057 -0.590385 -0.090283 0.007059 -0.86796 -0.496584 -0.685255 -0.727761 -0.02811 0.07706 -0.925336 -0.371234 -0.566779 -0.819906 0.080724 0.116816 -0.966941 -0.22667 -0.581849 -0.81145 0.054787 0.075494 -0.972426 -0.220653 -0.655177 -0.742734 0.138165 -0.034432 -0.946227 -0.321665 -0.573615 -0.67981 0.456972 -0.178058 -0.902292 -0.392638 -0.000000 -0.696964 0.717106 -0.000000 -0.913974 -0.405772 0 -0.924725 -0.380635 0 -0.868798 -0.495167 0 -0.874783 -0.484515 0 -0.940189 -0.340652 0 -0.997845 0.065613 0 -0.964456 -0.264244 0 -0.96933 -0.245764 -0.224561 0.180519 0.957594 -0.800819 0.21096 0.560522 -0.718314 0.271846 0.640409 -0.242873 0.554917 0.795663 -0.163949 0.456747 0.874359 -0.698838 0.076653 0.711161 -0.451934 0.380606 0.80678 -0.569822 0.140101 0.809738 -0.633204 0.191081 0.750027 -0.48511 0.071147 0.871554 -0.726579 0.273872 0.63014 -0.082788 0.480407 0.87313 -0.171558 0.52187 0.835595 -0.196582 0.346192 0.917337 -0.228237 0.745295 0.626453 -0.270306 0.708698 0.651676 -0.425488 0.477957 0.768452 -0.515739 0.38606 0.764834 0 0.607324 0.794454 0 0.301406 0.953496 0 0.866238 0.499632 0 0.859335 0.511414 0 0.675306 0.737537 0 0.557142 0.830417 0 0.576512 0.817089 -0.588638 0.375326 0.715986 0 0.732553 0.68071 -0.627784 0.450516 0.634762 -0.720799 0.412392 0.557119 -0.699098 0.460817 0.546727 -0.623793 0.470601 0.624033 -0.644743 0.468116 0.604297 -0.632269 -0.160753 0.757888 -0.252297 0.530307 0.809395 0.000000 0.703256 0.710936 0 -0.209039 0.977907 0 0.451179 0.892433 -0.53888 0.260564 0.801071 0 0.154501 0.987993 -0.680049 0.349342 0.644588 -0.690464 0.41703 0.591054 -0.645207 0.377807 0.664056 -0.55392 0.178195 0.813277 0 -0.931455 -0.363857 -0.206859 0.121689 0.970774 -0.074959 0.37339 0.924641 0.000331 0.373757 0.927527 -0.695157 -0.025521 0.718405 -0.597281 -0.018335 0.801822 -0.948204 -0.091517 0.304193 -0.891155 0.076335 0.447231 -0.233258 0.110023 0.966171 -0.225897 0.09694 0.969316 -0.000000 0.143634 0.989631 0.000000 0.104308 0.994545 -0.994274 -0.083885 -0.066201 -0.967202 0.254009 0.000166 -0.994077 0.011119 0.10811 -0.961761 -0.254702 -0.100706 -0.986934 0.140952 -0.078068 -0.950369 -0.248572 0.187114 -0.807928 0.421522 0.41179 -0.871766 0.489571 -0.018569 -0.554741 0.38215 0.739069 -0.683929 0.044763 0.728174 -0.186933 0.351417 0.917367 -0.660025 0.008714 0.751193 0.133707 0.142609 0.980706 -0.696509 -0.23252 0.67883 -0.067139 -0.402122 0.913121 -0.642587 -0.465722 0.608428 -0.228342 -0.699791 0.676869 -0.609802 -0.715436 0.341017 -0.521338 -0.413393 0.746534 -0.454158 -0.226315 0.861697 0 -0.166988 0.985959 -0.358513 -0.001854 0.933523 0 -0.441027 0.897494 -0.655538 -0.224965 0.720875 -0.742261 -0.111307 0.660802 -0.72513 -0.035468 0.687698 -0.567518 -0.716484 0.405677 0 -0.798188 0.602408 -0.231223 -0.954259 0.18954 -0.551009 -0.829117 0.094622 0 -0.995221 0.097643 -0.412851 -0.870164 -0.269015 -0.614324 -0.787371 -0.051508 -0.607661 -0.752873 -0.252845 -0.722875 -0.690396 -0.028368 0 -0.999061 -0.043323 0 -0.998622 -0.052486 -0.821155 -0.570615 -0.010107 0 -0.999808 0.019574 -0.979318 -0.085314 -0.183462 -0.858505 -0.511582 -0.035415 -0.980541 0.090718 -0.174095 -0.761686 0.352548 -0.54364 -0.825437 0.400423 -0.397889 -0.707497 0.62364 -0.332448 -0.576596 0.690952 -0.436031 -0.693266 0.520012 -0.49897 -0.57531 0.577858 -0.578877 -0.837048 -0.212197 -0.504305 -0.730596 -0.609791 -0.307219 -0.822402 -0.554107 -0.128919 -0.000001 -0.486235 -0.873828 0 -0.967337 -0.253493 -0.77467 0.626388 -0.086738 -0.979179 -0.095117 -0.179338 0 0.981343 -0.192268 0.822402 -0.554107 -0.128919 0.979179 -0.095117 -0.179338 0.979318 -0.085314 -0.183462 0.858505 -0.511582 -0.035416 0.980541 0.090718 -0.174095 0.825437 0.400423 -0.397889 0.707497 0.62364 -0.332449 0.576596 0.690952 -0.436031 0.693266 0.520008 -0.498973 0.761686 0.352548 -0.54364 0.741268 0.460499 -0.488326 0.967209 0.253981 0.000162 0.884166 0.396793 -0.246589 0.95258 -0.006887 -0.304211 0.994267 -0.083969 -0.066197 0.986915 0.141099 -0.078031 0.910599 0.156524 -0.382503 0.886787 -0.236442 -0.397119 0.961836 -0.254424 -0.100702 0.84794 0.19732 -0.491998 0.665935 0.401422 -0.628801 0.57531 0.577858 -0.578877 0.77467 0.626388 -0.086738 0 0.070717 0.997496 0.259535 0.651083 0.713255 0.130327 0.875208 0.465861 0.282388 0.567331 0.773559 0.174645 0.805008 0.566975 0.010738 0.104112 0.994508 -0.305152 0.305017 0.902135 -0.226007 -0.067367 0.971793 -0.00387 0.469635 0.882852 0.656012 -0.752986 -0.051587 0.669822 -0.623104 0.403832 0.666602 -0.65743 0.351322 0.663209 -0.732389 -0.154147 0.303033 -0.282112 0.910266 -0.225805 0.201034 0.953204 -0.259562 0.183743 0.948086 -0.513077 0.45742 0.726305 -0.655918 0.31137 0.687619 -0.697815 0.635071 0.33127 -0.880882 0.446627 0.156755 -0.742211 0.670018 -0.01409 -0.854628 0.49947 -0.14192 0.548029 -0.761412 0.346289 0.221988 -0.374559 0.900237 -0.724837 0.533752 -0.435569 -0.63677 0.614348 -0.46594 -0.299104 0.076796 0.951125 -0.519662 0.437212 0.734028 -0.693274 0.602303 0.395729 -0.78889 0.613276 -0.039309 0.158916 -0.566594 0.808528 0.434245 -0.834273 0.339736 0.592621 -0.787656 -0.168517 0.581729 -0.809663 -0.077699 -0.396954 0.876845 0.271238 -0.099017 0.69598 0.711202 -0.238697 0.963867 0.118252 0.231503 0.817884 0.526757 0.112602 0.069388 0.991215 0.701644 0.255851 0.665008 -0.597865 0.767981 -0.2297 -0.57939 0.741112 -0.339206 0.36296 -0.588473 0.722468 0.832874 -0.149168 0.532982 0.594232 -0.680865 0.428149 0.895965 -0.193911 0.399557 0.772837 -0.6316 0.061686 0.912596 -0.408177 0.023682 -0.700406 0.47239 -0.535051 -0.573792 0.606545 -0.550333 -0.761211 0.481896 -0.433974 -0.550712 0.387648 -0.73922 0.897614 0.027565 0.43992 0.704202 0.310967 0.638279 0.497464 0.214741 0.840485 -0.069742 0.634619 0.769672 0.131109 0.770862 0.623363 -0.59774 0.748293 0.287689 -0.437513 0.88486 0.160016 -0.706741 0.609212 -0.359691 -0.788279 0.544298 -0.286979 0.749994 -0.136354 0.647237 0.9222 -0.144147 0.358843 0.775916 -0.410802 0.478744 0.828227 -0.560039 0.019911 0.618149 -0.779312 0.102784 -0.740596 0.291391 -0.605482 -0.73136 0.314768 -0.605007 -0.642438 0.008527 -0.76629 -0.662722 0.010609 -0.748791 -0.807552 0.266376 -0.526216 -0.33512 -0.491604 -0.803754 -0.3085 -0.496431 -0.811409 -0.051107 -0.755578 -0.653062 0.046703 -0.705537 -0.707133 0.262082 -0.890546 -0.371808 0.424003 -0.776991 -0.465302 0.618149 -0.779312 0.102784 0.828227 -0.560039 0.019911 0.577758 -0.56869 0.585481 0.522529 -0.27757 0.806175 0.577666 -0.25899 0.774097 0.466548 0.127218 0.875299 0.298985 0.107289 0.948207 -0.015558 0.780671 0.624749 -0.213175 0.520523 0.826808 -0.467577 0.879051 0.092953 -0.672863 0.622298 0.4 -0.857123 0.503503 -0.108745 -0.661702 0.699751 -0.269254 0.594098 -0.54446 0.592124 0.471015 -0.862019 0.187264 0.541206 -0.814891 0.207482 -0.727269 0.419426 -0.543288 -0.810316 0.310209 -0.497151 -0.674156 -0.157701 -0.721557 -0.68838 -0.003207 -0.725343 -0.403884 -0.659532 -0.633952 -0.346141 -0.526158 -0.776752 -0.108752 -0.837634 -0.535296 -0.028368 -0.805053 -0.592525 0.306877 -0.919904 -0.244136 0.231203 -0.936818 -0.262522 0.541206 -0.814891 0.207482 0.471015 -0.862019 0.187264 0.284086 -0.857811 -0.428317 -0.300045 -0.78177 -0.546634 -0.307355 -0.809012 -0.501031 0.745574 -0.663526 0.062066 0.123714 -0.477923 -0.869646 0.899208 -0.197433 -0.390442 -0.503987 -0.438874 -0.7439 -0.937651 -0.240796 -0.250654 -0.515924 0.759277 -0.396638 -0.164642 0.793183 -0.586305 -0.100099 0.994285 -0.037126 -0.247252 0.397707 -0.88357 -0.345062 0.365572 -0.864459 -0.417681 0.723359 -0.549813 0.491338 -0.804987 -0.332541 0.656012 -0.752986 -0.051587 0.663209 -0.732389 -0.154147 0.304439 -0.642337 -0.703363 0.594037 -0.734084 -0.328999 0.520912 -0.659089 -0.54245 0.592621 -0.787656 -0.168517 0.580786 -0.747857 -0.321554 0.448781 -0.6991 -0.556646 0.125948 -0.260484 -0.957228 0.031495 -0.330495 -0.943282 -0.480767 0.209698 -0.851405 -0.387832 0.268367 -0.881797 -0.22846 -0.002488 -0.97355 0.581729 -0.809663 -0.077699 0.625875 -0.697201 -0.349559 0.439979 -0.649018 -0.620641 0.104965 -0.314445 -0.943455 -0.097774 0.004076 -0.9952 0.772837 -0.6316 0.061686 0.702571 -0.606112 -0.372856 0.611485 -0.643947 -0.459803 0.912596 -0.408177 0.023682 0.49823 -0.476456 -0.724401 0.259162 -0.67086 -0.694825 0.196414 -0.206046 -0.958627 -0.125898 -0.561203 -0.818047 -0.448537 -0.373949 -0.811774 -0.12893 0.352463 -0.926902 -0.733316 -0.050257 -0.678028 -0.175817 0.968972 0.17373 0.735207 0.203207 0.646666 0.750707 -0.153134 0.642643 0.778796 -0.344278 0.524356 0.745574 -0.663526 0.062066 -0.323646 0.943148 -0.07566 -0.556808 0.749816 -0.357409 -0.336231 0.850079 0.405358 -0.839499 0.495698 -0.22254 -0.946585 -0.268673 -0.178301 0.073981 0.421618 0.903751 -0.521478 -0.835502 0.1732 0.255838 -0.218203 0.941772 -0.79208 -0.090543 0.603665 0.211505 -0.845942 0.489539 0.310403 -0.785953 0.534722 0.034436 0.223829 0.97402 0.720164 0.201099 0.664021 0.967771 0.085908 0.236724 0.899208 -0.197433 -0.390442 -0.63002 0.394912 -0.66867 -0.441927 -0.539605 -0.716608 -0.657923 0.225995 -0.718375 -0.510995 -0.388208 -0.766928 -0.536468 0.764771 -0.35683 -0.556808 0.749816 -0.357409 -0.307355 -0.809012 -0.501031 0.064082 -0.963983 -0.258129 0.048868 0.877822 0.476487 -0.336231 0.850079 0.405358 0.406885 0.538365 0.737976 0.073981 0.421618 0.903751 0.626999 0.053752 0.777164 0.255838 -0.218203 0.941772 0.567784 -0.677198 0.468 0.211505 -0.845942 0.489539 0.140304 -0.90046 -0.411688 -0.620225 0.71763 -0.316748 -0.695513 0.097392 -0.711882 0.046131 0.890129 0.453368 0.430029 0.637345 0.639427 0.784194 0.113613 0.610026 0.777844 -0.585203 0.229121 -0.653443 0.13978 -0.743958 -0.358585 -0.374394 -0.85513 -0.437597 -0.52945 -0.726768 -0.576719 0.766422 -0.282828 0.142539 -0.718083 -0.681205 0.055332 0.918716 0.391023 0.499564 0.64892 0.57388 0.879086 -0.004159 0.476644 0.775644 -0.628573 -0.057204 -0.537337 -0.422054 -0.730164 -0.732514 0.208944 -0.647893 -0.710097 -0.574166 -0.40755 -0.937035 -0.303589 -0.172624 -0.99823 0.058241 0.012028 -0.759734 -0.437964 0.480616 -0.604723 -0.359393 0.710737 -0.494797 -0.720307 0.486141 -0.307926 -0.935395 -0.173833 0.156038 -0.870848 0.466129 -0.330886 -0.645442 0.688417 -0.602568 0.769332 -0.212226 0.030137 0.896865 0.441276 0.418011 0.56684 0.709901 -0.16491 0.275791 0.946966 0.188159 0.140716 0.972006 -0.495156 0.399867 0.771315 0.727735 -0.271594 0.629792 -0.431794 -0.258091 0.864259 0.532435 -0.833125 0.149719 0.313138 -0.437788 0.842785 0.156038 -0.870848 0.466129 -0.79685 0.583537 0.156572 0 -0.959087 0.28311 -0.920189 0.389538 0.038874 -0.881587 0.373088 0.289153 -0.83626 0.408432 0.365859 -0.938404 0.343024 0.041613 -0.904698 0.357167 -0.23228 -0.91646 0.277773 -0.288 -0.968278 0.246842 0.038815 -0.927279 0.248329 0.280155 -0.923351 0.090576 -0.37312 -0.617289 -0.19128 -0.763129 -0.670561 0.082557 -0.737246 -0.596839 0.167645 -0.784652 -0.809653 0.281893 -0.51478 0.015324 -0.097495 -0.995118 -0.121404 -0.20144 -0.971948 0.687142 -0.21772 -0.693133 0.550142 -0.268768 -0.790638 0.81222 -0.169577 -0.55816 0.800018 -0.209532 -0.562199 0.900663 -0.159754 -0.404086 0.883312 -0.199212 -0.424352 0.733594 -0.31073 -0.60439 0.392482 -0.464783 -0.793684 -0.163165 -0.44573 -0.880172 0.874104 -0.299228 -0.382628 0.706118 -0.297611 -0.642514 0.260198 -0.423676 -0.867638 -0.170052 -0.453212 -0.875032 -0.416875 -0.448885 -0.790391 -0.923335 -0.141377 -0.357022 -0.998633 0.029087 0.043433 -0.893242 0.0275 0.448735 0.870735 -0.37808 -0.314446 -0.75236 0.169524 0.636566 -0.629133 0.430652 0.647094 -0.379482 0.515063 0.768573 -0.624826 -0.03734 0.779871 -0.993825 -0.059858 0.093429 -0.878204 -0.03551 0.476966 -0.911506 -0.089379 -0.401458 0.396946 0.41693 -0.817682 0.003947 0.477659 -0.878536 -0.675885 -0.019721 0.736743 -0.095431 -0.16125 0.982289 0.03492 -0.009163 0.999348 -0.497399 0.093864 0.862429 0.209702 0.249016 0.945524 -0.284151 0.418904 0.862426 0.050275 0.562307 0.825399 0.570787 0.343684 0.74571 0.647292 0.122836 0.752279 0.746861 0.164822 0.64423 0.851848 0.063231 0.519958 0.843783 0.113555 0.524534 0.987268 -0.115837 0.109012 0.994657 -0.029659 0.098877 0.883312 -0.199212 -0.424352 0.900663 -0.159754 -0.404086 0.497061 -0.048523 0.866358 0.791599 -0.168795 0.587264 0.948669 -0.294047 0.116467 0.874104 -0.299228 -0.382628 0.343447 -0.262678 0.90169 0.677568 -0.429755 0.596835 0.878375 -0.464895 0.11104 0.870735 -0.37808 -0.314446 0.44095 -0.447541 0.777991 0.652577 -0.582731 0.484321 -0.080804 -0.185063 0.979399 0.828873 -0.508121 0.234058 0.968269 -0.191769 -0.16025 0.997961 0.060801 -0.019433 0.909137 -0.198737 0.366023 0.832421 -0.229535 0.50437 0.599355 -0.38012 0.704473 0.662538 -0.514611 0.54426 0.554785 -0.5321 0.639596 0.533618 -0.539499 0.651301 -0.894303 -0.025996 0.446706 -0.961637 0.209814 0.176725 -0.864439 0.018888 0.502382 -0.987596 0.077705 0.13644 -0.909537 0.290944 -0.296808 -0.433255 0.17428 -0.884261 -0.880551 0.333673 -0.336588 -0.541343 0.27144 -0.795781 -0.425537 0.540605 -0.725717 -0.085501 0.167805 -0.982105 -0.005875 0.510155 -0.860062 0.359402 0.069111 -0.93062 0.432616 0.424635 -0.795316 0.831773 0.152964 -0.533625 0.847396 -0.046354 -0.528935 0.855434 0.257514 -0.449354 0.968269 -0.191769 -0.16025 0.992112 -0.114348 -0.051373 0.997961 0.060801 -0.019433 0.756772 -0.310903 -0.575009 0.299688 -0.175245 -0.937804 0.823209 -0.233574 -0.517466 0.436605 -0.015494 -0.89952 -0.100249 -0.056014 -0.993384 -0.02837 0.154221 -0.987629 -0.566652 0.009718 -0.8239 -0.613561 0.0872 -0.784818 -0.927957 0.048474 -0.369523 -0.91758 -0.002059 -0.397545 -0.991522 0.044132 0.122218 -0.997532 -0.056036 0.042302 -0.826523 -0.045038 0.561098 -0.819961 -0.115559 0.560633 0.932307 -0.343777 -0.112342 0.920181 -0.369527 -0.129295 -0.593864 -0.202819 0.778582 -0.682409 -0.215876 0.698366 -0.555673 -0.160487 0.815764 -0.052928 -0.398475 0.915651 -0.095788 -0.515752 0.851366 -0.079398 -0.264504 0.961111 0.540649 -0.369898 0.755562 0.478832 -0.270353 0.835242 0.552392 -0.322856 0.768523 0.611409 -0.285712 0.737935 0.80647 -0.379527 0.453394 0.838186 -0.369132 0.401479 0.920181 -0.369527 -0.129295 0.932307 -0.343777 -0.112342 0.511611 -0.035558 0.858481 0.705716 -0.165619 0.688865 -0.604245 0.079201 0.792853 -0.854951 0.015335 0.518481 -0.998393 -0.053332 0.019153 -0.121489 0.06606 0.990392 0.873833 -0.221371 0.432909 0.965426 -0.255165 -0.053327 -0.934818 0.088838 -0.343835 -0.674716 0.334235 -0.658062 0.022749 0.5343 -0.844989 0.662323 0.246084 -0.707652 0.904315 -0.124899 -0.408184 0.965426 -0.255165 -0.053327 0.927254 -0.217 -0.305142 0.849579 0.227105 -0.476066 -0.836472 0.223962 -0.500155 -0.96147 0.007714 -0.274802 0.013051 0.624177 -0.781174 0.932361 -0.295807 -0.207847 -0.718267 -0.528495 -0.452532 -0.77554 -0.173157 -0.607087 0.03697 0.023017 -0.999051 0.721039 -0.317611 -0.615813 0.573355 -0.724702 -0.382193 0.523513 -0.773709 -0.356804 -0.95055 0.199273 -0.238211 -0.989161 0.141865 0.037889 -0.795343 0.573322 0.196805 -0.579454 0.652177 0.488772 -0.030522 0.752945 0.657375 0.610286 0.546893 0.573113 0.845194 0.421078 0.329152 0.759449 0.630779 0.159232 0.467487 0.783136 0.410066 0.551731 0.833082 0.03959 0.292334 0.902065 0.317523 0.010773 0.947779 0.318745 0.007447 0.883363 0.468631 -0.242231 0.93723 0.250847 -0.409362 0.847622 0.337578 -0.582707 0.810551 -0.058816 -0.702027 0.709765 0.05824 0.978362 0.09059 -0.186016 0.983157 0.137921 -0.11992 -0.937621 0.236492 -0.254832 -0.94874 0.118898 -0.292842 -0.484005 -0.689499 -0.538823 -0.528013 -0.583193 -0.617324 -0.500234 -0.826211 -0.259115 0.551909 -0.814202 -0.180196 0.529279 -0.713578 -0.458989 0.999661 0.020085 -0.016554 0.58434 -0.641427 -0.49711 -0.416839 0.902242 -0.110475 -0.927431 0.137739 -0.347706 -0.52831 -0.836521 -0.145331 0.966059 0.06796 -0.249224 0.339838 0.940445 0.00861 0.500954 -0.865053 -0.026997 0.199785 0.977955 -0.060743 0.055186 0.945899 0.319734 0.149329 0.957708 0.24596 0.04251 0.981594 0.186188 -0.076034 0.984078 0.160654 0.009286 0.9949 0.100441 0.008699 0.964251 0.264848 0.900827 0.163156 -0.402356 0.709682 -0.541682 -0.45048 -0.91275 0.393875 0.108394 0.771442 -0.401111 -0.493951 0.929022 0.21184 -0.303385 0.97747 0.137476 0.160167 0.729784 -0.213465 0.649498 0.993958 -0.036124 0.10365 0.657886 0.044706 0.751789 0.393561 -0.737674 0.548585 0.47878 -0.839706 -0.256247 0.006233 -0.99367 -0.112167 -0.385084 -0.625374 0.678688 -0.553115 -0.821805 -0.136748 -0.959465 0.046669 0.277938 -0.364777 -0.19939 0.909495 0.796756 0.586987 0.143617 0.288885 0.915301 0.280661 0.726109 0.659238 -0.195375 0.213879 0.970776 -0.108858 0.319133 0.157042 0.934608 -0.535906 0.844266 0.004466 -0.898055 0.424928 0.113726 -0.8627 0.274938 0.424449 -0.957201 -0.287141 -0.036294 -0.186654 -0.029585 0.98198 -0.504596 0.771488 0.387543 0.992112 -0.114348 -0.051373 0.932361 -0.295807 -0.207847 0.523513 -0.773709 -0.356804 -0.162511 0.977262 -0.136198 -0.821249 0.259042 -0.508377 -0.658194 -0.513434 -0.550605 -0.821014 0.338793 -0.459516 -0.756174 -0.272247 -0.595049 -0.997994 0.056769 0.028026 -0.942102 0.312696 0.1211 -0.614684 0.721075 -0.31971 -0.64675 0.733862 0.20775 -0.675894 0.07303 0.733371 -0.805162 -0.053977 0.590594 -0.66513 -0.474851 0.576297 -0.498055 -0.799954 -0.334686 -0.103029 -0.982071 -0.157867 0.138216 -0.534442 0.833827 0.457934 -0.888881 0.013684 0.392889 -0.139864 0.908888 0.893839 -0.064648 0.443702 0.351284 -0.021761 0.936016 0.876127 0.196912 0.440031 0.94398 0.263293 0.198942 0.93971 -0.337014 0.058019 0.127589 -0.843679 0.521465 0.668252 0.733025 0.12694 0.555528 0.649456 0.519226 -0.040067 0.853541 0.519483 0.081377 0.996666 -0.005831 -0.129599 0.096356 0.986874 -0.618506 0.782092 0.076045 -0.926049 0.278388 0.254819 -0.466854 -0.002426 0.884331 -0.660957 0.667749 0.342413 -0.988562 0.098181 0.114483 -0.723974 -0.113978 0.680346 -0.582807 -0.702406 0.408609 -0.496006 -0.866531 -0.055693 0.007623 -0.999533 -0.029592 0.32325 -0.753202 0.572884 0.446911 -0.893663 -0.040467 0.971051 -0.021744 0.23788 0.653775 -0.164653 0.738558 0.942944 0.162377 0.290672 0.885249 -0.462664 0.047713 0.049478 -0.754905 0.653965 0.938391 0.300191 0.171193 0.536398 -0.055732 0.842123 0.696997 0.616529 0.366181 0.118252 0.900322 0.418852 0.692535 0.715159 0.094562 0.145852 0.98472 0.095148 0.017397 0.042517 0.998944 -0.500234 -0.826211 -0.259115 0.022394 -0.876476 -0.480925 0.008257 -0.98733 -0.158465 -0.484005 -0.689499 -0.538823 0.529279 -0.713578 -0.458989 0.551909 -0.814202 -0.180196 -0.007465 -0.998727 0.04989 -0.52831 -0.836521 -0.145331 0.500954 -0.865053 -0.026997 -0.528013 -0.583193 -0.617324 0.047184 -0.812959 -0.580407 0.58434 -0.641427 -0.49711 -0.718267 -0.528495 -0.452532 -0.008624 -0.911975 -0.410156 0.523513 -0.773709 -0.356804 -0.77554 -0.173157 -0.607087 -0.095545 -0.899824 -0.425662 0.573355 -0.724702 -0.382193 0.03697 0.023017 -0.999051 0.721039 -0.317611 -0.615813 -0.114808 -0.993258 0.016025 -0.006737 -0.982827 0.184404 0.127589 -0.843679 0.521465 0.119645 -0.972997 -0.197388 0.93971 -0.337014 0.058019 0.057445 -0.890859 -0.450632 -0.658194 -0.513434 -0.550605 -0.997994 0.056769 0.028026 -0.756174 -0.272247 -0.595049 -0.498055 -0.799954 -0.334686 0.007623 -0.999533 -0.029592 -0.815058 -0.571633 -0.094426 0.012441 -0.983022 -0.183065 0.885249 -0.462664 0.047713 0.446911 -0.893663 -0.040467 0.168522 -0.982979 0.073159 -0.051137 -0.975326 -0.214766 0.049478 -0.754905 0.653965 0.077099 -0.95063 0.300596 0.47878 -0.839706 -0.256247 -0.059925 -0.847034 -0.52815 0.771442 -0.401111 -0.493951 0.006233 -0.99367 -0.112167 -0.957201 -0.287141 -0.036294 0.709682 -0.541682 -0.45048 -0.553115 -0.821805 -0.136748 -0.959465 0.046669 0.277938 0.993958 -0.036124 0.10365 -0.496006 -0.866531 -0.055693 -0.988562 0.098181 0.114483 0.614324 -0.787371 -0.051508 0.722875 -0.690396 -0.028369 0.607661 -0.752873 -0.252846 0.412851 -0.870164 -0.269016 0.551009 -0.829117 0.094621 0.231223 -0.954259 0.189541 0.609802 -0.715436 0.341017 0.228342 -0.699791 0.676869 0.642587 -0.465722 0.608428 0.067139 -0.402122 0.913121 0.696509 -0.23252 0.67883 -0.133708 0.142609 0.980706 0.660025 0.008714 0.751193 0.186933 0.351417 0.917367 0.683929 0.044763 0.728174 0.554741 0.38215 0.739069 0.891146 0.076324 0.447251 0.521338 -0.413393 0.746534 0.454158 -0.226315 0.861697 0.358514 -0.001854 0.933523 0.655538 -0.224965 0.720875 0.742261 -0.111307 0.660802 0.72513 -0.03546 0.687698 0.567518 -0.716484 0.405677 0.807928 0.421522 0.41179 0.2259 0.096944 0.969315 0.695149 -0.025515 0.718413 0.233256 0.110028 0.966171 0.948189 -0.09155 0.304231 0.597228 -0.018357 0.801862 0.994267 -0.083969 -0.066197 0.967209 0.253981 0.000162 0.074652 0.372972 0.924835 -0.013457 0.578735 0.815405 0.194852 0.142958 0.970359 0.311526 -0.161916 0.936341 0.767083 0.387018 -0.511664 0.68507 0.590507 -0.426593 -0.245986 0.685391 -0.685368 -0.369472 0.12397 -0.920935 0.132527 -0.335338 -0.93273 0.527543 -0.106673 -0.842804 0.334132 -0.026108 -0.942165 0.635748 -0.369515 -0.677705 0.701077 -0.075648 -0.709062 0.516073 -0.112367 -0.849142 0.662848 -0.228254 -0.713115 0.919304 -0.245891 -0.307273 0.247252 0.397707 -0.88357 0.393548 0.00444 -0.919293 0.824575 0.496337 -0.271526 0.567784 -0.677198 0.468 0.777844 -0.585203 0.229121 0.775644 -0.628573 -0.057204 0.532435 -0.833125 0.149719 -0.038428 -0.866349 -0.497958 0.156038 -0.870848 0.466129 -0.307926 -0.935395 -0.173833 -0.839499 0.495698 -0.22254 -0.800218 -0.397523 -0.449028 -0.836235 0.27201 -0.476153 -0.946585 -0.268673 -0.178301 -0.281822 0.955296 -0.089364 -0.323646 0.943148 -0.07566 -0.521478 -0.835502 0.1732 -0.47573 -0.843483 -0.249435 0.430092 0.826072 0.364178 0.266176 0.894298 0.359695 0.801699 0.237662 0.548448 0.735207 0.203207 0.646666 0.806274 -0.324454 0.494623 0.750707 -0.153134 0.642643 0.340502 -0.914147 0.219986 0.310403 -0.785953 0.534722 -0.333438 -0.72408 -0.603761 -0.301646 0.953309 -0.014525 -0.830125 0.249676 -0.498553 0.47111 0.780684 0.410595 0.810818 0.327198 0.4853 0.915113 -0.226874 0.333311 0.485975 -0.846525 -0.21731 -0.833881 0.306475 -0.459038 -0.671688 -0.259115 -0.694042 -0.71384 -0.376081 -0.590759 -0.346097 0.936924 0.048899 -0.266636 -0.609128 -0.746906 0.428926 0.825382 0.367105 0.837751 0.447027 0.313594 0.983987 -0.173912 0.03904 0.591542 -0.691867 -0.414002 0.759147 0.380139 0.528385 0.894012 -0.315334 0.318287 0.563118 0.206501 0.800159 0.643175 -0.443945 0.623889 0.417299 -0.905604 -0.075781 0.237913 -0.92263 0.303565 0.318372 0.835632 0.447613 0.260696 0.463889 0.846667 -0.085104 0.634533 0.768196 -0.509183 0.757271 0.408991 -0.419559 0.895403 0.149075 -0.935463 0.220905 0.27588 -0.892639 0.326053 -0.311265 -0.458982 -0.286614 0.840945 -0.262371 -0.198861 0.944254 -0.48059 -0.631699 0.608267 0.237913 -0.92263 0.303565 -0.270498 -0.604353 0.749392 -0.514277 -0.855836 -0.055357 -0.974913 -0.206669 0.082665 -0.871176 -0.453618 -0.187837 -0.804744 -0.300516 -0.511935 -0.514277 -0.855836 -0.055357 -0.359774 -0.818976 -0.447036 0.237913 -0.92263 0.303565 0.417299 -0.905604 -0.075781 -0.615897 -0.504335 0.605242 -0.607767 -0.426917 0.669598 0.591542 -0.691867 -0.414002 0.485975 -0.846525 -0.21731 0.340502 -0.914147 0.219986 0.720164 0.201099 0.664021 0.966206 0.169073 0.194579 0.967771 0.085908 0.236724 0.657097 0.332128 0.676694 0.831006 -0.15968 -0.532852 0.899208 -0.197433 -0.390442 0.034436 0.223829 0.97402 -0.102679 0.331085 0.937998 -0.015277 -0.412422 -0.910865 0.123714 -0.477923 -0.869646 -0.608221 -0.375396 -0.699389 -0.503987 -0.438874 -0.7439 -0.988239 -0.1274 -0.084571 -0.937651 -0.240796 -0.250654 -0.778555 0.174782 0.602746 -0.79208 -0.090543 0.603665 -0.79208 -0.090543 0.603665 -0.778555 0.174782 0.602746 0.672171 0.404353 0.62023 -0.060321 0.558087 0.827587 -0.122968 -0.39676 -0.909648 0.777243 -0.208086 -0.593795 0.961248 0.202557 0.187011 -0.674294 -0.28431 -0.681539 -0.995483 -0.009311 -0.094485 -0.722887 0.423131 0.546256 0.678565 0.549238 0.487737 0.985127 0.141744 0.097125 0.747003 -0.285141 -0.600567 -0.03651 0.840556 0.540492 -0.130921 -0.416221 -0.899789 -0.671412 -0.171606 -0.720942 -0.894211 0.375755 -0.243299 -0.657361 0.714311 0.240074 0.663066 0.4164 0.622057 0.981173 -0.06443 0.182066 0.667694 -0.586787 -0.458111 -0.013699 0.61411 0.789102 -0.093776 -0.587506 -0.803768 -0.694468 -0.258695 -0.67141 -0.980292 0.152986 -0.124994 -0.746208 0.480879 0.460358 -0.746208 0.480879 0.460358 -0.657361 0.714311 0.240074 -0.722887 0.423131 0.546256 -0.499303 -0.68712 -0.527791 -0.784125 -0.472268 -0.402631 -0.062503 -0.995525 -0.070879 0.028049 -0.86819 0.495438 -0.405453 -0.884425 0.231084 -0.565678 -0.794576 0.220585 -0.943029 -0.192259 0.271538 -0.650434 -0.535242 0.538936 -0.464663 -0.350595 0.813125 -0.69871 0.069899 0.711982 -0.082309 -0.200296 0.976272 -0.098048 0.205893 0.97365 0.558961 0.171657 0.811232 0.594839 -0.772756 -0.221395 0.651922 -0.65831 0.376333 0.223036 -0.582075 0.781949 0.73432 -0.12458 0.667274 0.142244 -0.318 0.937359 -0.098048 0.205893 0.97365 -0.69871 0.069899 0.711982 -0.610699 -0.682036 -0.402336 -0.919304 -0.245891 -0.307273 -0.923423 -0.3691 0.105141 -0.635747 -0.369515 -0.677705 -0.788937 0.356215 0.500688 -0.836523 0.474049 -0.274784 -0.466914 0.878846 -0.098082 0.267681 0.934062 0.236378 -0.24645 0.818021 0.519716 -0.065136 0.946747 -0.315322 0.660461 0.681431 -0.315345 0.244169 0.686293 -0.685116 0.615777 0.068279 -0.784956 0.368985 0.124346 -0.92108 0.023034 -0.584907 -0.810773 -0.132527 -0.335338 -0.93273 -0.610699 -0.682036 -0.402336 -0.635747 -0.369515 -0.677705 -0.560404 -0.768134 -0.309705 0.145721 -0.589256 -0.794697 0.686428 0.051048 -0.725403 0.7372 0.621002 -0.266256 0.398073 0.870096 0.290637 -0.040319 0.761764 0.646599 -0.566091 0.335813 0.752842 -0.859476 -0.376372 0.345898 -0.560404 -0.768134 -0.309705 -0.881512 -0.277166 0.38225 -0.516848 -0.797367 -0.311568 -0.611819 0.244224 0.752351 -0.516848 -0.797367 -0.311568 0.716579 -0.10732 -0.689201 0.200408 -0.527357 -0.82567 0.075913 0.600657 0.795894 0.661665 0.637546 0.394633 0.913749 0.361688 -0.185054 0.733007 0.007124 0.680184 -0.112776 0.174341 0.978206 -0.873602 0.179578 0.452295 -0.85579 0.248456 -0.453754 0.041804 -0.090675 -0.995003 -0.85579 0.248456 -0.453754 0.432912 -0.226193 -0.872596 -0.332252 0.938025 -0.098577 0.985263 -0.135439 0.104466 0.716559 -0.223647 -0.660701 -0.190697 0.082007 0.978218 0.653619 -0.122049 0.746918 0.511535 -0.178973 0.840417 -0.254835 0.045988 0.96589 -0.901198 0.188599 0.390222 -0.781779 0.083628 -0.617922 -0.87179 0.086141 0.482247 -0.839083 -0.187633 -0.510621 -0.047789 -0.095799 -0.994253 -0.781779 0.083628 -0.617922 -0.839083 -0.187633 -0.510621 0.760763 -0.235125 -0.604942 0.078881 -0.356568 -0.930933 0.738829 -0.290517 -0.608056 0.94731 -0.221138 0.231737 0.921823 -0.331587 0.200731 -0.439642 -0.897621 0.031491 0.510212 -0.174416 -0.842178 -0.777735 0.040654 0.627277 -0.439642 -0.897621 0.031491 -0.230065 0.159437 0.960026 0.274717 -0.001717 0.961524 0.671514 0.470746 0.572248 -0.358089 0.368211 0.858017 -0.675759 0.516491 0.525915 -0.587697 -0.400176 -0.703186 -0.074621 0.972055 -0.222578 -0.020655 0.982129 -0.187072 -0.674492 0.370862 0.638374 0.765734 -0.184673 -0.616075 0.344447 -0.125981 -0.930314 0.830365 0.107507 -0.54675 -0.587697 -0.400176 -0.703186 0.969491 -0.243654 -0.026842 -0.074621 0.972055 -0.222578 0.463532 0.113075 -0.878836 -0.685229 0.151324 0.712435 -0.048539 -0.99786 -0.043815 -0.332252 0.938025 -0.098577 -0.048539 -0.99786 -0.043815 -0.685229 0.151324 0.712435 -0.295852 0.92157 -0.251356 -0.642993 0.126568 0.755341 -0.332252 0.938025 -0.098577 0.565619 -0.140772 -0.812563 0.432912 -0.226193 -0.872596 0.24468 -0.948166 0.202762 -0.048539 -0.99786 -0.043815 0.24468 -0.948166 0.202762 -0.635196 0.121656 0.762709 0.313111 -0.912086 0.264688 0.313111 -0.912086 0.264688 0.550906 -0.091359 -0.829552 -0.365477 0.87869 -0.307135 -0.602171 0.03538 0.797583 0.408008 -0.878946 0.246947 0.408008 -0.878946 0.246947 0.524294 -0.060997 -0.84935 -0.458053 0.836507 -0.300738 -0.539537 -0.101217 0.835856 0.46547 -0.869754 0.163909 0.46547 -0.869754 0.163909 0.537899 -0.139573 -0.831375 -0.500254 0.804605 -0.319934 0.46547 -0.869754 0.163909 -0.587697 -0.400176 -0.703186 -0.59544 0.283776 0.751613 -0.409366 -0.841608 -0.352301 -0.358089 0.368211 0.858017 0.419052 0.791152 0.445505 0.671514 0.470746 0.572248 0.824732 0.146539 -0.546208 0.830365 0.107507 -0.54675 -0.409366 -0.841608 -0.352301 -0.587697 -0.400176 -0.703186 -0.330814 -0.891901 -0.308342 -0.691723 0.138166 0.708823 -0.700919 0.107078 0.705157 -0.311955 -0.919311 -0.239898 0.294371 0.940722 0.16849 0.361784 0.898118 0.249992 0.740526 0.042266 -0.670697 0.673409 0.001578 -0.739269 -0.330814 -0.891901 -0.308342 -0.311955 -0.919311 -0.239898 -0.696203 0.091919 0.711936 -0.270626 -0.950289 -0.153991 0.226277 0.97001 0.088766 0.639148 -0.01557 -0.768926 -0.270626 -0.950289 -0.153991 -0.709461 0.059961 0.70219 -0.252344 -0.958744 -0.130891 0.168479 0.985027 0.036552 0.612418 -0.020045 -0.79028 -0.252344 -0.958744 -0.130891 -0.252344 -0.958744 -0.130891 0.510212 -0.174416 -0.842178 0.037426 -0.973996 0.223454 0.605994 -0.181236 -0.774548 -0.439642 -0.897621 0.031491 -0.020655 0.982129 -0.187072 -0.099205 0.964535 -0.244601 -0.674492 0.370862 0.638374 -0.653439 0.229939 0.721211 0.103529 -0.950826 0.291912 0.609282 -0.138789 -0.780713 -0.160431 0.93692 -0.310551 -0.659613 0.150922 0.736297 0.037426 -0.973996 0.223454 0.103529 -0.950826 0.291912 0.221915 -0.945578 0.237984 0.583746 -0.064581 -0.809364 -0.230624 0.916102 -0.327977 -0.649008 0.066364 0.757881 0.221915 -0.945578 0.237984 0.287633 -0.945677 0.151529 0.570928 -0.18213 -0.800544 -0.329375 0.903586 -0.273943 -0.528938 -0.246553 0.812057 0.287633 -0.945677 0.151529 0.287633 -0.945677 0.151529 -0.186933 0.351417 0.917367 -0.554741 0.38215 0.739069 0.133707 0.142609 0.980706 -0.067139 -0.402122 0.913121 -0.228342 -0.699791 0.676869 -0.231223 -0.954259 0.18954 -0.412851 -0.870164 -0.269015 -0.807928 0.421522 0.41179 -0.761686 0.352548 -0.54364 -0.837048 -0.212197 -0.504305 -0.730596 -0.609791 -0.307219 -0.607661 -0.752873 -0.252845 -0.412851 -0.870164 -0.269015 -0.69871 0.069899 0.711982 -0.943029 -0.192259 0.271538 0.809926 0.155356 0.565583 0.847813 -0.282639 0.448696 0.53801 0.333456 0.774179 0.839786 -0.358931 0.407343 0.806927 -0.551893 0.210435 0.75834 -0.621372 0.197019 0.823718 -0.552457 0.12759 0.756877 -0.645238 0.103945 0.861191 -0.508141 0.011988 0.816768 -0.576776 -0.01481 0.894188 -0.44577 -0.041445 0.889953 -0.454236 -0.040661 0.901078 -0.433399 -0.014948 0.862762 -0.505603 0.002801 0.939547 0.330538 0.089419 0.827294 0.539772 0.155664 0.530305 0.846238 0.051545 0.634329 0.758256 0.15058 0.61617 0.784215 0.073084 0.763526 0.634527 0.120014 0.485552 0.822226 0.296958 0.554002 0.7698 0.317 0.258346 0.751764 0.606719 0.452765 0.742412 0.49379 0.212113 0.647919 0.731579 0.54636 0.57623 0.607824 0.950065 0.123765 0.28646 0.790214 0.472674 0.390053 0.807586 0.136183 0.573811 0.8397 0.101288 0.533522 0.795486 0.485963 0.361996 0.915012 0.030489 0.402272 0.838622 0.35594 0.412334 0.930315 0.086672 0.356374 0.844436 0.29079 0.449855 0.921758 0.16702 0.349952 0.861311 0.270797 0.429899 0.923114 0.180791 0.339374 0.906024 0.171304 0.38701 0.978879 0.040342 0.200419 0.932858 -0.166165 0.319632 0.854588 -0.00613 0.519271 0.918673 -0.39274 -0.042373 0.851223 -0.242364 0.465488 0.898081 -0.439831 0.000107 0.869436 -0.13322 0.475746 0.915441 -0.378592 0.136516 0.900531 -0.00946 0.434689 0.912375 -0.353415 0.206569 0.946376 0.022976 0.322251 0.895948 -0.391916 0.208994 0.988792 -0.032868 0.145635 0.971502 0.043486 0.233011 0.86125 -0.078332 0.502108 0.929039 -0.016619 0.369609 0.95233 0.235608 0.193795 0.90684 0.306197 0.289627 0.880864 0.329706 0.339667 0.892435 0.234165 0.385651 0.902788 0.082094 0.422177 0.926759 0.021618 0.375034 0.85345 -0.514553 -0.082817 0.802057 -0.590384 -0.090283 0.853944 -0.516679 -0.061832 0.685255 -0.727761 -0.028109 0.566779 -0.819905 0.080726 0.581849 -0.81145 0.054788 0.948199 -0.26152 0.180349 0.976901 0.212526 0.022312 0.80082 0.210959 0.560521 0.718314 0.271846 0.64041 0.899286 -0.4198 0.122685 0.990105 -0.12761 0.058375 0.698838 0.076652 0.711161 0.841398 -0.505905 0.190024 0.569821 0.140101 0.809738 0.833994 -0.509985 0.210641 0.485109 0.071148 0.871554 0.850848 -0.525191 0.01523 0.55392 0.178195 0.813277 0.889897 -0.445452 -0.09826 0.645207 0.377807 0.664056 0.913255 -0.407379 0.002737 0.690465 0.417032 0.591053 0.888277 -0.431958 0.156129 0.68005 0.349343 0.644586 0.669092 -0.554643 0.494659 0.538881 0.260564 0.80107 0.73096 -0.682252 0.01519 0.865318 -0.500302 -0.030374 0.698102 -0.714739 -0.042454 0.458424 -0.836832 -0.299264 0.447743 -0.763809 -0.464889 0.498785 -0.7599 -0.416851 0.523251 -0.781288 -0.340291 0.463811 -0.885342 -0.032383 0.962326 -0.236855 -0.133526 0.980645 0.175972 0.085846 0.973326 0.101516 -0.205745 0.922967 0.272576 -0.271724 0.817721 0.415996 -0.397843 0.906971 0.134362 -0.399186 0.931781 -0.163082 -0.324328 0.923369 -0.376548 -0.074842 0.975289 0.0179 -0.220209 0.989935 0.017448 -0.140445 0.923399 -0.306741 0.230747 0.754377 -0.628386 0.189859 0.963448 0.206611 -0.17053 0.789177 0.262518 -0.555233 0.707808 0.454693 -0.540613 0.997338 0.017058 0.070899 0.968622 0.149002 0.198922 0.805434 0.440948 0.396031 0.958741 -0.112731 -0.260973 0.846889 0.484727 -0.218674 0.589216 -0.282321 -0.757047 0.712521 0.003146 -0.701643 0.704813 -0.26507 -0.658009 0.170163 0.983399 -0.063007 0.112726 0.598466 -0.793178 0.567521 0.779738 -0.26444 -0.670862 0.699799 -0.245409 0.271194 0.764945 0.584219 -0.429276 0.742817 0.513757 -0.72523 0.644401 0.242464 -0.670862 0.699799 -0.245409 0.383257 -0.386593 -0.838845 0.05126 -0.266623 -0.962437 -0.739236 0.673442 0.002417 -0.353888 0.878985 0.319606 0.249241 0.81626 0.521152 0.719618 0.492578 0.489405 0.910232 0.192738 0.366509 0.999241 0.034513 0.018091 0.941462 -0.090476 -0.324752 0.761897 -0.286654 -0.580812 -0.396067 0.813064 0.426682 -0.816946 0.573904 0.056866 -0.903619 0.180735 -0.388339 -0.846279 0.336772 -0.412791 0.936815 0.183718 0.297699 0.944446 -0.260073 -0.200957 0.492838 -0.54129 -0.68126 -0.434193 -0.367378 -0.822502 -0.644875 -0.016756 -0.764104 -0.903619 0.180735 -0.388339 -0.846279 0.336772 -0.412791 0.354018 0.703446 0.616308 0.425413 -0.860156 0.281346 0.399236 -0.915402 -0.051473 0.853944 -0.516679 -0.061832 0.196546 -0.923704 0.328847 0.948199 -0.26152 0.180349 0.040487 -0.947114 -0.318332 0.85345 -0.514553 -0.082817 0.022617 -0.881326 -0.471966 0.802057 -0.590384 -0.090283 -0.007059 -0.86796 -0.496583 0.685255 -0.727761 -0.028109 -0.07706 -0.925336 -0.371234 0.566779 -0.819905 0.080726 -0.116816 -0.966941 -0.22667 0.581849 -0.81145 0.054788 -0.075494 -0.972426 -0.220653 0.655177 -0.742734 0.138166 0.034432 -0.946228 -0.321663 0.573616 -0.679812 0.456968 0.178058 -0.902292 -0.392638 0.224561 0.180519 0.957593 0.80082 0.210959 0.560521 0.718314 0.271846 0.64041 0.16395 0.456746 0.874359 0.242874 0.554917 0.795663 0.698838 0.076652 0.711161 0.451934 0.380607 0.80678 0.569821 0.140101 0.809738 0.633205 0.191081 0.750027 0.485109 0.071148 0.871554 0.726579 0.273872 0.63014 0.171558 0.52187 0.835595 0.082788 0.480407 0.873129 0.196583 0.346193 0.917336 0.228238 0.745294 0.626453 0.270307 0.708698 0.651676 0.425487 0.477956 0.768452 0.515739 0.38606 0.764834 0.588638 0.375326 0.715986 0.627783 0.450515 0.634763 0.7208 0.412393 0.557118 0.699098 0.460818 0.546725 0.623793 0.470601 0.624033 0.644743 0.468116 0.604295 0.63227 -0.160753 0.757887 0.252297 0.530307 0.809395 0.538881 0.260564 0.80107 0.68005 0.349343 0.644586 0.690465 0.417032 0.591053 0.645207 0.377807 0.664056 0.55392 0.178195 0.813277 0.206858 0.121689 0.970774 0.994084 0.011217 0.108036 0.986915 0.141099 -0.078031 0.961836 -0.254424 -0.100702 0.950427 -0.248403 0.18704 0.871766 0.489571 -0.01857 0.821155 -0.570615 -0.010107 0.730596 -0.609792 -0.307219 0.837048 -0.212197 -0.504305 -0.262183 0.650733 0.712606 -0.130327 0.875208 0.46586 -0.175447 0.805545 0.565965 -0.282389 0.56733 0.773559 -0.010738 0.104112 0.994508 0.226007 -0.067367 0.971793 0.305152 0.305017 0.902135 0.00387 0.469635 0.882852 -0.656012 -0.752986 -0.051586 -0.666602 -0.65743 0.351322 -0.669822 -0.623105 0.403831 -0.663209 -0.732389 -0.154146 -0.303033 -0.282112 0.910266 0.259559 0.183739 0.948087 0.225802 0.201031 0.953205 0.513077 0.457413 0.726309 0.655909 0.311376 0.687626 0.69562 0.645972 0.314377 0.891718 0.436308 0.120311 0.729609 0.683784 -0.010523 0.844762 0.517009 -0.13813 -0.548029 -0.761412 0.346289 -0.592621 -0.787656 -0.168517 0.723522 0.542156 -0.427297 0.628082 0.633133 -0.452389 0.788898 0.613266 -0.039304 0.693282 0.602293 0.395731 0.519665 0.437203 0.734031 0.299104 0.076792 0.951126 -0.221988 -0.374558 0.900237 -0.158916 -0.566594 0.808528 -0.434245 -0.834273 0.339736 -0.581729 -0.809663 -0.077699 0.396954 0.876845 0.271238 0.099017 0.695979 0.711202 0.238697 0.963867 0.118252 -0.231503 0.817883 0.526757 -0.112602 0.069388 0.991214 -0.701644 0.255851 0.665008 0.597865 0.767981 -0.229701 0.57939 0.741112 -0.339206 -0.36296 -0.588473 0.722468 -0.832874 -0.149167 0.532982 -0.594232 -0.680865 0.428148 -0.895965 -0.193911 0.399557 -0.772837 -0.6316 0.061686 -0.912596 -0.408177 0.023682 0.700406 0.472391 -0.53505 0.573791 0.606545 -0.550334 0.761215 0.481885 -0.433979 0.550711 0.387639 -0.739225 -0.897614 0.027565 0.43992 -0.922201 -0.144146 0.358843 -0.749995 -0.136353 0.647237 -0.497464 0.214741 0.840485 -0.704202 0.310966 0.638278 0.069742 0.634619 0.769672 -0.131109 0.770862 0.623363 0.59774 0.748293 0.287689 0.437514 0.88486 0.160016 0.706741 0.609212 -0.359691 0.788279 0.544297 -0.286979 -0.775916 -0.410802 0.478744 -0.828227 -0.560039 0.019911 -0.618149 -0.779312 0.102784 0.740596 0.291391 -0.605482 0.731361 0.314769 -0.605006 0.642438 0.008527 -0.76629 0.662722 0.010609 -0.748791 0.807552 0.266375 -0.526216 0.33512 -0.491604 -0.803754 0.3085 -0.496431 -0.811409 0.051107 -0.755578 -0.653062 -0.046703 -0.705537 -0.707133 -0.262082 -0.890546 -0.371808 -0.424003 -0.776991 -0.465302 -0.618149 -0.779312 0.102784 -0.828227 -0.560039 0.019911 -0.577758 -0.56869 0.58548 -0.522529 -0.27757 0.806175 -0.577666 -0.258991 0.774097 -0.466548 0.127218 0.875299 -0.298985 0.107289 0.948207 0.015558 0.780671 0.624749 0.213175 0.520523 0.826808 0.467577 0.879051 0.092954 0.672864 0.622298 0.399999 0.857123 0.503502 -0.108745 0.661703 0.699751 -0.269254 -0.594098 -0.54446 0.592125 -0.471015 -0.86202 0.187263 -0.541206 -0.814891 0.207482 0.727269 0.419426 -0.543288 0.810316 0.310209 -0.497151 0.674156 -0.1577 -0.721556 0.688381 -0.003207 -0.725342 0.403884 -0.659532 -0.633952 0.346141 -0.526158 -0.776753 0.108752 -0.837634 -0.535296 0.028368 -0.805053 -0.592525 -0.306877 -0.919904 -0.244136 -0.231202 -0.936818 -0.262522 -0.541206 -0.814891 0.207482 -0.471015 -0.86202 0.187263 -0.284086 -0.857811 -0.428318 0.300044 -0.78177 -0.546634 0.307355 -0.809012 -0.501032 -0.745575 -0.663526 0.062065 -0.123714 -0.477922 -0.869647 -0.899208 -0.197433 -0.390442 0.503987 -0.438874 -0.7439 0.937651 -0.240797 -0.250654 0.100099 0.994285 -0.037126 0.494516 0.772906 -0.397581 0.164642 0.793183 -0.586305 0.247252 0.397707 -0.88357 0.417681 0.72336 -0.549812 0.345062 0.365572 -0.864459 -0.491337 -0.804987 -0.332541 -0.663209 -0.732389 -0.154146 -0.656012 -0.752986 -0.051586 -0.594037 -0.734084 -0.328999 -0.304439 -0.642337 -0.703364 -0.520911 -0.659089 -0.542451 -0.592621 -0.787656 -0.168517 -0.577156 -0.748902 -0.325633 -0.436098 -0.704902 -0.559403 -0.125948 -0.260484 -0.957228 -0.037896 -0.348029 -0.936718 0.480761 0.209694 -0.851409 0.22846 -0.002488 -0.97355 0.387829 0.268366 -0.881799 -0.581729 -0.809663 -0.077699 -0.599714 -0.716175 -0.356982 -0.466453 -0.591779 -0.657434 -0.13913 -0.39482 -0.908163 0.097774 0.004076 -0.9952 -0.772837 -0.6316 0.061686 -0.704638 -0.584752 -0.401932 -0.611485 -0.643947 -0.459803 -0.912596 -0.408177 0.023682 -0.525572 -0.458512 -0.716618 -0.259162 -0.67086 -0.694825 -0.226898 -0.212356 -0.950485 0.125898 -0.561203 -0.818047 0.448538 -0.373949 -0.811774 0.128931 0.352463 -0.926902 0.733315 -0.050257 -0.678029 0.173843 0.972198 0.156874 -0.735207 0.203207 0.646666 -0.750707 -0.153134 0.642643 -0.778796 -0.344278 0.524356 -0.745575 -0.663526 0.062065 0.323647 0.943148 -0.075659 0.336231 0.850079 0.405357 0.556808 0.749816 -0.357409 0.839499 0.495699 -0.22254 0.946585 -0.268674 -0.1783 -0.073981 0.421617 0.903751 0.521477 -0.835501 0.173201 -0.255838 -0.218203 0.941772 0.79208 -0.090543 0.603665 -0.211505 -0.845942 0.489539 -0.034436 0.223828 0.97402 -0.310403 -0.785953 0.534722 -0.720164 0.201099 0.664021 -0.967771 0.085908 0.236724 -0.899208 -0.197433 -0.390442 0.63002 0.394912 -0.66867 0.441927 -0.539605 -0.716608 0.510995 -0.388207 -0.766929 0.657923 0.225995 -0.718375 0.536468 0.764771 -0.356831 0.556808 0.749816 -0.357409 0.307355 -0.809012 -0.501032 -0.064082 -0.963983 -0.25813 -0.048868 0.877823 0.476486 0.336231 0.850079 0.405357 -0.406885 0.538365 0.737976 -0.073981 0.421617 0.903751 -0.626998 0.053752 0.777164 -0.255838 -0.218203 0.941772 -0.567784 -0.677198 0.468 -0.211505 -0.845942 0.489539 0.437596 -0.52945 -0.726768 0.695513 0.097392 -0.711882 -0.046132 0.890129 0.453368 0.620225 0.717629 -0.316748 -0.430029 0.637345 0.639427 -0.784194 0.113613 0.610026 -0.777844 -0.585203 0.229121 0.358585 -0.374394 -0.855129 0.653444 0.13978 -0.743958 0.576719 0.766422 -0.282828 -0.14254 -0.718082 -0.681205 -0.140303 -0.90046 -0.411688 -0.777844 -0.585203 0.229121 -0.567784 -0.677198 0.468 -0.055332 0.918716 0.391023 -0.499564 0.64892 0.57388 -0.879086 -0.004158 0.476644 -0.775645 -0.628572 -0.057204 -0.775645 -0.628572 -0.057204 0.537337 -0.422054 -0.730164 0.732515 0.208945 -0.647892 0.710097 -0.574166 -0.40755 0.937035 -0.303589 -0.172624 0.99823 0.058244 0.012027 0.759736 -0.437963 0.480613 0.604723 -0.359392 0.710737 0.494796 -0.720306 0.486143 -0.156038 -0.870848 0.466128 0.307926 -0.935395 -0.173835 0.330888 -0.645445 0.688414 0.602567 0.769333 -0.212226 -0.030136 0.896865 0.441276 -0.418012 0.566839 0.709901 -0.188158 0.140717 0.972006 0.164909 0.275792 0.946966 0.495156 0.399867 0.771315 -0.727735 -0.271593 0.629793 0.431793 -0.25809 0.864259 -0.532436 -0.833125 0.149719 -0.313138 -0.437789 0.842784 -0.156038 -0.870848 0.466128 0.796849 0.583538 0.156572 0.92019 0.389538 0.038873 0.881587 0.373088 0.289153 0.938404 0.343024 0.041613 0.83626 0.408432 0.365858 0.904698 0.357166 -0.232281 0.916459 0.277773 -0.288 0.968278 0.246842 0.038815 0.927279 0.248329 0.280155 0.923351 0.090576 -0.373121 0.617289 -0.19128 -0.763129 0.670561 0.082557 -0.737246 0.596839 0.167645 -0.784652 0.809653 0.281893 -0.51478 -0.015324 -0.097495 -0.995118 0.121404 -0.20144 -0.971948 -0.687142 -0.21772 -0.693133 -0.550142 -0.268768 -0.790637 -0.81222 -0.169577 -0.55816 -0.800018 -0.209532 -0.562199 -0.900663 -0.159754 -0.404086 -0.883312 -0.199212 -0.424351 -0.733594 -0.31073 -0.60439 -0.392483 -0.464783 -0.793684 0.163165 -0.44573 -0.880172 -0.874104 -0.299228 -0.382628 -0.706119 -0.297611 -0.642514 -0.260199 -0.423676 -0.867638 0.170051 -0.453212 -0.875032 0.416875 -0.448885 -0.790391 0.923335 -0.141377 -0.357022 0.998633 0.029087 0.043433 0.893242 0.0275 0.448734 -0.870735 -0.37808 -0.314446 0.75236 0.169524 0.636566 0.629133 0.430652 0.647094 0.379482 0.515063 0.768573 0.624826 -0.03734 0.77987 0.993825 -0.059858 0.093429 0.878204 -0.03551 0.476966 0.911506 -0.089379 -0.401458 0.675885 -0.019721 0.736743 0.095431 -0.16125 0.982289 -0.034919 -0.009163 0.999348 0.497399 0.093864 0.862429 -0.209701 0.249017 0.945524 0.284151 0.418904 0.862426 -0.050275 0.562307 0.825399 -0.570787 0.343684 0.74571 -0.647292 0.122837 0.752279 -0.746861 0.164822 0.64423 -0.851848 0.063231 0.519958 -0.843783 0.113555 0.524534 -0.987268 -0.115837 0.109012 -0.994657 -0.029659 0.098877 -0.883312 -0.199212 -0.424351 -0.900663 -0.159754 -0.404086 -0.49706 -0.048523 0.866358 -0.791599 -0.168795 0.587264 -0.948669 -0.294046 0.116467 -0.874104 -0.299228 -0.382628 -0.343447 -0.262678 0.90169 -0.677568 -0.429755 0.596836 -0.878375 -0.464895 0.111041 -0.870735 -0.37808 -0.314446 -0.44095 -0.447541 0.777991 -0.652577 -0.582731 0.484322 0.080804 -0.185063 0.979399 -0.828873 -0.508121 0.234058 -0.968269 -0.191769 -0.16025 -0.997961 0.060801 -0.019433 -0.832421 -0.229535 0.50437 -0.909137 -0.198737 0.366023 -0.599355 -0.38012 0.704473 -0.662537 -0.514611 0.544261 -0.554785 -0.5321 0.639596 -0.533618 -0.539499 0.651301 0.894303 -0.025996 0.446706 0.86444 0.018888 0.502382 0.961638 0.209813 0.176725 0.987596 0.077705 0.13644 0.909537 0.290943 -0.296808 0.880551 0.333673 -0.336589 0.433254 0.17428 -0.884261 0.541343 0.27144 -0.795782 0.425537 0.540605 -0.725717 0.085501 0.167805 -0.982105 0.005875 0.510155 -0.860063 -0.359402 0.069111 -0.93062 -0.432617 0.424636 -0.795316 -0.847396 -0.046354 -0.528934 -0.855434 0.257514 -0.449354 -0.992112 -0.114348 -0.051373 -0.997961 0.060801 -0.019433 -0.003947 0.477659 -0.878537 -0.396946 0.41693 -0.817682 -0.831773 0.152964 -0.533625 -0.968269 -0.191769 -0.16025 -0.992112 -0.114348 -0.051373 -0.920181 -0.369527 -0.129295 -0.80647 -0.379527 0.453394 -0.838186 -0.369132 0.401479 -0.611409 -0.285711 0.737935 -0.552392 -0.322856 0.768523 -0.478832 -0.270353 0.835242 0.095788 -0.515752 0.851366 -0.540649 -0.369898 0.755562 0.079399 -0.264503 0.961111 0.052928 -0.398475 0.915651 0.682409 -0.215876 0.698366 0.555674 -0.160487 0.815764 0.593865 -0.20282 0.778582 0.819961 -0.115559 0.560633 0.826524 -0.045039 0.561097 0.997532 -0.056036 0.042301 0.991522 0.044132 0.122218 0.91758 -0.002059 -0.397546 0.927956 0.048474 -0.369523 0.613561 0.087199 -0.784818 0.566652 0.009718 -0.8239 0.028369 0.154221 -0.987629 0.100248 -0.056014 -0.993384 -0.436605 -0.015494 -0.89952 -0.299688 -0.175246 -0.937804 -0.823209 -0.233573 -0.517466 -0.756772 -0.310904 -0.575009 -0.932307 -0.343777 -0.112342 -0.920181 -0.369527 -0.129295 0.998393 -0.053332 0.019152 -0.904316 -0.124899 -0.408183 -0.662323 0.246084 -0.707652 0.674716 0.334235 -0.658062 0.934818 0.088838 -0.343836 -0.022749 0.5343 -0.844989 -0.965426 -0.255165 -0.053327 -0.927254 -0.217001 -0.305142 -0.849579 0.227104 -0.476066 0.836472 0.223962 -0.500156 0.96147 0.007714 -0.274802 -0.013052 0.624177 -0.781174 -0.932361 -0.295807 -0.207847 0.718267 -0.528496 -0.452532 0.77554 -0.173157 -0.607087 -0.036971 0.023017 -0.999051 -0.721039 -0.317611 -0.615813 -0.573355 -0.724702 -0.382192 -0.523513 -0.773709 -0.356804 0.989161 0.141865 0.037888 0.95055 0.199272 -0.238212 0.795343 0.573322 0.196805 0.854952 0.015335 0.518481 0.579454 0.652177 0.488772 0.604245 0.079201 0.792852 0.121489 0.06606 0.990392 -0.51161 -0.035557 0.858481 -0.705716 -0.165619 0.688866 -0.873833 -0.221371 0.432909 -0.932307 -0.343777 -0.112342 -0.965426 -0.255165 -0.053327 0.030523 0.752945 0.657375 -0.610286 0.546893 0.573113 -0.845194 0.421078 0.329152 -0.759449 0.630779 0.159233 -0.467487 0.783136 0.410066 -0.551731 0.833082 0.03959 -0.292334 0.902065 0.317523 -0.010772 0.947779 0.318745 -0.007446 0.883363 0.468631 0.242231 0.93723 0.250847 0.409363 0.847622 0.337577 0.582707 0.810552 -0.058816 0.702027 0.709765 0.05824 -0.978362 0.09059 -0.186015 -0.983157 0.137921 -0.11992 0.93762 0.236492 -0.254832 0.94874 0.118898 -0.292843 0.484005 -0.689499 -0.538823 0.528012 -0.583193 -0.617324 0.500234 -0.826211 -0.259115 -0.55191 -0.814202 -0.180196 -0.529279 -0.713578 -0.458989 -0.999661 0.020085 -0.016554 -0.58434 -0.641427 -0.497109 0.416838 0.902242 -0.110475 0.927431 0.137738 -0.347706 0.52831 -0.836521 -0.145331 -0.966059 0.06796 -0.249224 -0.339838 0.940445 0.00861 -0.500954 -0.865053 -0.026997 -0.199785 0.977955 -0.060743 -0.055186 0.945899 0.319734 -0.149329 0.957708 0.24596 -0.04251 0.981594 0.186188 0.076034 0.984078 0.160653 -0.009286 0.9949 0.100441 -0.008699 0.964251 0.264848 -0.900827 0.163155 -0.402356 -0.709682 -0.541682 -0.450479 0.91275 0.393875 0.108393 -0.771442 -0.40111 -0.493951 -0.929022 0.21184 -0.303385 -0.97747 0.137476 0.160167 -0.993958 -0.036124 0.10365 -0.729784 -0.213465 0.649499 -0.657886 0.044707 0.751789 -0.393561 -0.737674 0.548586 -0.47878 -0.839706 -0.256247 -0.006233 -0.99367 -0.112167 0.385085 -0.625373 0.678688 0.553115 -0.821805 -0.136748 0.959465 0.046668 0.277938 0.364778 -0.19939 0.909495 -0.796756 0.586987 0.143617 -0.288885 0.9153 0.280661 -0.726109 0.659238 -0.195375 -0.213879 0.970776 -0.108858 -0.319133 0.157042 0.934608 0.535906 0.844266 0.004465 0.898055 0.424928 0.113726 0.862701 0.274938 0.424449 0.957201 -0.287141 -0.036294 0.186654 -0.029585 0.98198 0.504596 0.771488 0.387543 -0.932361 -0.295807 -0.207847 -0.523513 -0.773709 -0.356804 0.162511 0.977262 -0.136198 0.821249 0.259042 -0.508378 0.658194 -0.513434 -0.550605 0.821014 0.338793 -0.459516 0.756173 -0.272247 -0.595049 0.997994 0.056769 0.028026 0.942102 0.312696 0.1211 0.614684 0.721075 -0.31971 0.646751 0.733862 0.20775 0.675894 0.073029 0.733371 0.805161 -0.053978 0.590594 0.66513 -0.47485 0.576298 0.498055 -0.799954 -0.334686 0.103029 -0.982071 -0.157867 -0.138216 -0.534442 0.833827 -0.457934 -0.888881 0.013684 -0.392888 -0.139864 0.908888 -0.893839 -0.064648 0.443703 -0.351284 -0.021761 0.936016 -0.876127 0.196912 0.440031 -0.93971 -0.337014 0.058019 -0.94398 0.263293 0.198942 -0.12759 -0.843679 0.521465 -0.668252 0.733025 0.12694 -0.555528 0.649456 0.519226 0.040067 0.853541 0.519483 -0.081377 0.996666 -0.005831 0.1296 0.096356 0.986873 0.618506 0.782092 0.076045 0.926049 0.278388 0.254819 0.660957 0.667749 0.342413 0.466855 -0.002425 0.884331 0.988562 0.098181 0.114483 0.723975 -0.113977 0.680345 0.582807 -0.702406 0.408609 0.496006 -0.866531 -0.055693 -0.007624 -0.999533 -0.029591 -0.323252 -0.753201 0.572884 -0.446911 -0.893663 -0.040467 -0.971051 -0.021744 0.237881 -0.653776 -0.164653 0.738558 -0.942944 0.162377 0.290673 -0.049479 -0.754905 0.653965 -0.885249 -0.462664 0.047713 -0.938391 0.300191 0.171193 -0.536398 -0.055732 0.842123 -0.696997 0.616528 0.366181 -0.118252 0.900322 0.418853 -0.692535 0.715159 0.094562 -0.145853 0.98472 0.095148 -0.017397 0.042517 0.998944 0.500234 -0.826211 -0.259115 -0.022394 -0.876476 -0.480925 0.484005 -0.689499 -0.538823 -0.008257 -0.98733 -0.158465 -0.529279 -0.713578 -0.458989 -0.55191 -0.814202 -0.180196 0.007465 -0.998727 0.04989 0.52831 -0.836521 -0.145331 -0.500954 -0.865053 -0.026997 0.528012 -0.583193 -0.617324 -0.047184 -0.812959 -0.580407 -0.58434 -0.641427 -0.497109 0.718267 -0.528496 -0.452532 0.008624 -0.911975 -0.410156 -0.523513 -0.773709 -0.356804 0.77554 -0.173157 -0.607087 0.095545 -0.899824 -0.425662 -0.573355 -0.724702 -0.382192 -0.036971 0.023017 -0.999051 -0.721039 -0.317611 -0.615813 0.114808 -0.993258 0.016025 0.006737 -0.982827 0.184404 -0.12759 -0.843679 0.521465 -0.119645 -0.972997 -0.197388 -0.93971 -0.337014 0.058019 -0.057445 -0.890859 -0.450632 0.658194 -0.513434 -0.550605 0.997994 0.056769 0.028026 0.498055 -0.799954 -0.334686 0.756173 -0.272247 -0.595049 -0.007624 -0.999533 -0.029591 -0.012442 -0.983022 -0.183065 0.815058 -0.571633 -0.094426 -0.885249 -0.462664 0.047713 -0.446911 -0.893663 -0.040467 0.496006 -0.866531 -0.055693 0.988562 0.098181 0.114483 -0.168522 -0.982979 0.073159 0.051137 -0.975326 -0.214766 -0.049479 -0.754905 0.653965 -0.077099 -0.95063 0.300596 -0.47878 -0.839706 -0.256247 -0.771442 -0.40111 -0.493951 0.059925 -0.847034 -0.52815 -0.006233 -0.99367 -0.112167 0.957201 -0.287141 -0.036294 -0.709682 -0.541682 -0.450479 0.553115 -0.821805 -0.136748 0.959465 0.046668 0.277938 -0.993958 -0.036124 0.10365 0.038428 -0.866349 -0.497959 0.307926 -0.935395 -0.173835 -0.156038 -0.870848 0.466128 -0.532436 -0.833125 0.149719 0.839499 0.495699 -0.22254 0.800218 -0.397524 -0.449027 0.946585 -0.268674 -0.1783 0.836235 0.27201 -0.476153 0.281822 0.955296 -0.089364 0.323647 0.943148 -0.075659 0.521477 -0.835501 0.173201 0.475731 -0.843483 -0.249434 -0.430092 0.826072 0.364177 -0.266176 0.894298 0.359695 -0.801699 0.237662 0.548448 -0.735207 0.203207 0.646666 -0.806274 -0.324454 0.494623 -0.750707 -0.153134 0.642643 -0.340502 -0.914147 0.219986 -0.310403 -0.785953 0.534722 0.71384 -0.376081 -0.590759 0.830124 0.249676 -0.498553 -0.47111 0.780684 0.410595 0.301646 0.95331 -0.014525 -0.810818 0.327198 0.4853 -0.915113 -0.226874 0.333311 -0.485975 -0.846525 -0.21731 0.671689 -0.259116 -0.694041 0.833881 0.306475 -0.459038 0.346097 0.936924 0.048899 0.266636 -0.609129 -0.746905 0.333438 -0.72408 -0.603761 -0.485975 -0.846525 -0.21731 -0.340502 -0.914147 0.219986 -0.428926 0.825382 0.367105 -0.837751 0.447027 0.313594 -0.983987 -0.173912 0.03904 -0.591542 -0.691868 -0.414002 -0.591542 -0.691868 -0.414002 -0.759147 0.380138 0.528385 -0.894012 -0.315334 0.318287 -0.563119 0.206501 0.800159 -0.643175 -0.443946 0.623889 -0.4173 -0.905604 -0.07578 -0.237913 -0.92263 0.303566 -0.318372 0.835633 0.447613 -0.260695 0.463889 0.846667 0.085104 0.634533 0.768196 0.509183 0.757271 0.408991 0.419559 0.895403 0.149075 0.935463 0.220905 0.27588 0.892639 0.326053 -0.311265 0.458982 -0.286614 0.840945 0.262371 -0.198861 0.944254 0.480592 -0.6317 0.608265 0.270498 -0.604353 0.749392 -0.237913 -0.92263 0.303566 0.514277 -0.855836 -0.055358 0.871176 -0.453618 -0.187838 0.804745 -0.300516 -0.511934 0.974913 -0.206668 0.082665 0.514277 -0.855836 -0.055358 0.359774 -0.818976 -0.447035 -0.237913 -0.92263 0.303566 -0.4173 -0.905604 -0.07578 0.615899 -0.504337 0.605238 0.607768 -0.426918 0.669596 -0.720164 0.201099 0.664021 -0.966206 0.169073 0.194579 -0.657097 0.332128 0.676694 -0.967771 0.085908 0.236724 -0.831006 -0.15968 -0.532852 -0.899208 -0.197433 -0.390442 -0.034436 0.223828 0.97402 0.102679 0.331084 0.937998 0.015277 -0.412422 -0.910865 -0.123714 -0.477922 -0.869647 0.608221 -0.375397 -0.699389 0.503987 -0.438874 -0.7439 0.988239 -0.1274 -0.08457 0.937651 -0.240797 -0.250654 0.778555 0.174781 0.602746 0.79208 -0.090543 0.603665 0.79208 -0.090543 0.603665 0.778555 0.174781 0.602746 -0.961248 0.202557 0.187012 -0.777244 -0.208086 -0.593795 0.122968 -0.39676 -0.909649 0.674293 -0.28431 -0.68154 0.995483 -0.009311 -0.094486 0.722887 0.423131 0.546255 -0.985127 0.141745 0.097125 -0.678565 0.549238 0.487737 -0.672171 0.404352 0.62023 0.060321 0.558087 0.827587 0.722887 0.423131 0.546255 -0.747003 -0.28514 -0.600567 0.03651 0.840557 0.540492 0.130921 -0.416221 -0.899789 0.671412 -0.171605 -0.720942 0.894211 0.375755 -0.2433 0.657361 0.714312 0.240073 0.657361 0.714312 0.240073 -0.663068 0.4164 0.622055 -0.981174 -0.064428 0.182064 -0.667694 -0.586787 -0.458111 0.093776 -0.587507 -0.803767 0.694468 -0.258695 -0.671409 0.980292 0.152986 -0.124994 0.746208 0.480879 0.460358 0.746208 0.480879 0.460358 0.0137 0.614109 0.789102 0.499303 -0.687119 -0.527791 0.784125 -0.472267 -0.402631 0.062504 -0.995525 -0.070878 -0.02805 -0.86819 0.495438 0.405454 -0.884425 0.231085 0.565678 -0.794576 0.220585 0.943029 -0.192259 0.271538 0.650434 -0.535241 0.538936 0.464663 -0.350595 0.813125 0.698709 0.069898 0.711983 0.082309 -0.200297 0.976272 0.098048 0.205892 0.97365 -0.558961 0.171657 0.811232 -0.594837 -0.772757 -0.221394 -0.651921 -0.658311 0.376333 -0.223036 -0.582075 0.781949 -0.73432 -0.124579 0.667273 -0.142244 -0.317999 0.93736 0.098048 0.205892 0.97365 0.698709 0.069898 0.711983 0.6107 -0.682035 -0.402335 0.919304 -0.245891 -0.307273 0.635748 -0.369515 -0.677705 0.923424 -0.369098 0.105142 0.788937 0.356216 0.500688 0.824575 0.496337 -0.271526 0.466892 0.880125 -0.085978 0.246449 0.818021 0.519716 -0.267682 0.934062 0.236377 0.064986 0.948888 -0.308849 -0.660462 0.68143 -0.315346 -0.245986 0.685391 -0.685368 -0.615777 0.068278 -0.784956 -0.369472 0.12397 -0.920935 -0.023033 -0.584907 -0.810773 0.132527 -0.335338 -0.93273 0.6107 -0.682035 -0.402335 0.635748 -0.369515 -0.677705 0.56609 0.335814 0.752842 0.859476 -0.376371 0.345899 0.560405 -0.768134 -0.309704 -0.14572 -0.589256 -0.794697 -0.686428 0.051047 -0.725403 -0.737201 0.621001 -0.266257 -0.398075 0.870096 0.290637 0.611818 0.244225 0.752352 0.881513 -0.277165 0.38225 0.560405 -0.768134 -0.309704 0.51685 -0.797366 -0.311568 0.51685 -0.797366 -0.311568 -0.200407 -0.527357 -0.82567 -0.716579 -0.107321 -0.6892 -0.913749 0.361687 -0.185055 -0.661665 0.637546 0.394632 0.040318 0.761764 0.646599 -0.075914 0.600658 0.795894 -0.733007 0.007124 0.680184 0.112776 0.174341 0.978206 0.873602 0.179579 0.452296 0.85579 0.248457 -0.453754 -0.716558 -0.223648 -0.660701 -0.985263 -0.13544 0.104466 -0.041803 -0.090675 -0.995003 0.85579 0.248457 -0.453754 -0.432911 -0.226193 -0.872596 0.04854 -0.99786 -0.043816 0.332252 0.938025 -0.098577 0.190696 0.082008 0.978218 -0.511536 -0.178973 0.840416 -0.653619 -0.12205 0.746917 0.254833 0.045989 0.965891 0.901197 0.1886 0.390222 0.87179 0.086142 0.482247 0.781779 0.083628 -0.617922 0.839083 -0.187633 -0.510621 0.047789 -0.095799 -0.994253 0.839083 -0.187633 -0.510621 0.781779 0.083628 -0.617922 -0.078881 -0.356569 -0.930933 -0.760763 -0.235127 -0.604943 -0.738829 -0.290518 -0.608055 -0.94731 -0.221139 0.231736 -0.921822 -0.331588 0.200731 0.439644 -0.89762 0.03149 -0.510211 -0.174417 -0.842178 0.777734 0.040655 0.627278 0.439644 -0.89762 0.03149 0.230064 0.159437 0.960026 0.675758 0.516492 0.525915 0.358088 0.368212 0.858017 0.587699 -0.400176 -0.703185 0.07462 0.972055 -0.222579 -0.671514 0.470746 0.572247 -0.274717 -0.001717 0.961524 0.674493 0.370862 0.638374 0.020654 0.982129 -0.187073 -0.969491 -0.243655 -0.026842 -0.765733 -0.184674 -0.616075 -0.830365 0.107506 -0.54675 -0.344447 -0.125982 -0.930314 0.587699 -0.400176 -0.703185 0.07462 0.972055 -0.222579 -0.463532 0.113074 -0.878836 0.685228 0.151325 0.712435 0.04854 -0.99786 -0.043816 0.332252 0.938025 -0.098577 0.685228 0.151325 0.712435 0.642991 0.12657 0.755342 0.295851 0.921571 -0.251356 0.332252 0.938025 -0.098577 -0.565618 -0.140773 -0.812563 -0.432911 -0.226193 -0.872596 -0.24468 -0.948166 0.202762 0.04854 -0.99786 -0.043816 -0.24468 -0.948166 0.202762 0.635195 0.121657 0.76271 -0.313111 -0.912087 0.264687 -0.313111 -0.912087 0.264687 -0.550905 -0.09136 -0.829552 0.365476 0.87869 -0.307134 0.602171 0.035381 0.797583 -0.408006 -0.878948 0.246946 -0.408006 -0.878948 0.246946 -0.524293 -0.060999 -0.84935 0.458052 0.836508 -0.300737 0.539538 -0.101218 0.835855 -0.465467 -0.869755 0.163909 -0.465467 -0.869755 0.163909 -0.537897 -0.139574 -0.831376 0.500253 0.804605 -0.319934 -0.465467 -0.869755 0.163909 0.587699 -0.400176 -0.703185 0.595439 0.283777 0.751613 0.358088 0.368212 0.858017 0.409367 -0.841607 -0.352301 -0.419054 0.791151 0.445504 -0.671514 0.470746 0.572247 -0.824732 0.146538 -0.546208 -0.830365 0.107506 -0.54675 0.409367 -0.841607 -0.352301 0.587699 -0.400176 -0.703185 0.330815 -0.891901 -0.308341 0.700919 0.107079 0.705157 0.691722 0.138167 0.708823 0.311956 -0.919311 -0.239897 -0.294372 0.940721 0.16849 -0.361786 0.898118 0.249992 -0.673409 0.001577 -0.739269 -0.740526 0.042265 -0.670697 0.311956 -0.919311 -0.239897 0.330815 -0.891901 -0.308341 0.696202 0.09192 0.711936 0.270627 -0.950288 -0.15399 -0.226278 0.97001 0.088765 -0.639148 -0.01557 -0.768926 0.270627 -0.950288 -0.15399 0.709461 0.059963 0.702189 0.252346 -0.958744 -0.130891 -0.168481 0.985027 0.03655 -0.612417 -0.020045 -0.790281 0.252346 -0.958744 -0.130891 0.252346 -0.958744 -0.130891 -0.510211 -0.174417 -0.842178 -0.037424 -0.973996 0.223453 0.439644 -0.89762 0.03149 -0.605994 -0.181236 -0.774549 0.020654 0.982129 -0.187073 0.099204 0.964536 -0.244601 0.674493 0.370862 0.638374 0.653439 0.22994 0.721211 -0.103529 -0.950826 0.291911 -0.609282 -0.138789 -0.780714 0.16043 0.936921 -0.310551 -0.037424 -0.973996 0.223453 0.659613 0.150924 0.736297 -0.103529 -0.950826 0.291911 -0.221914 -0.945578 0.237985 -0.583746 -0.064582 -0.809364 0.230624 0.916102 -0.327978 0.649008 0.066365 0.757881 -0.221914 -0.945578 0.237985 -0.287632 -0.945678 0.151531 -0.570927 -0.182131 -0.800544 0.329375 0.903586 -0.273944 0.528939 -0.246553 0.812056 -0.287632 -0.945678 0.151531 -0.287632 -0.945678 0.151531 0.186933 0.351417 0.917367 0.554741 0.38215 0.739069 -0.133708 0.142609 0.980706 0.067139 -0.402122 0.913121 0.228342 -0.699791 0.676869 0.231223 -0.954259 0.189541 0.412851 -0.870164 -0.269016 0.807928 0.421522 0.41179 0.761686 0.352548 -0.54364 0.837048 -0.212197 -0.504305 0.730596 -0.609792 -0.307219 0.607661 -0.752873 -0.252846 0.412851 -0.870164 -0.269016 0.698709 0.069898 0.711983 0.943029 -0.192259 0.271538 0.492838 -0.54129 -0.68126 -0.418421 -0.482542 -0.769466 0.429737 -0.640592 -0.636371 -0.434193 -0.367378 -0.822502 -0.471372 -0.482669 -0.738132 0.380154 -0.655883 -0.652151 0.908154 -0.37286 -0.190346 0.888048 -0.393928 -0.237047 0.940914 0.121634 0.316048 0.934093 0.163729 0.317274 0.396638 0.642805 0.655347 0.379897 0.666254 0.641704 -0.447604 0.743927 0.496209 -0.48267 0.737698 0.472051 -0.893559 0.442921 0.0733 -0.877945 0.471061 0.085519 -0.924556 0.04628 -0.378225 -0.922678 -0.008725 -0.385472 -0.418421 -0.482542 -0.769466 -0.471372 -0.482669 -0.738132 -0.870087 0.356857 -0.340001 0.066394 0.90208 0.426431 0.110857 -0.450935 -0.885646 0.98764 0.038299 -0.151987 -0.396067 0.813064 0.426682 0.354018 0.703446 0.616308 0.936815 0.183718 0.297699 0.944446 -0.260073 -0.200957 -0.816946 0.573904 0.056866 -0.903619 0.180735 -0.388339 -0.434193 -0.367378 -0.822502 0.110857 -0.450935 -0.885646 0.98764 0.038299 -0.151987 -0.929346 0.132301 -0.344692 -0.739665 0.097014 -0.665946 -0.98837 0.14608 -0.04226 -0.532872 0.090274 -0.841367 -0.897039 0.173953 0.406278 -0.955174 0.167665 0.24399 -0.32324 0.194894 0.92603 -0.297995 0.193448 0.93476 0.989351 0.033037 0.14175 0.68953 0.093815 0.718155 0.89002 0.053128 0.452816 0.533772 0.112726 0.838082 0.978998 0.005223 -0.203804 0.925415 0.013995 -0.378697 0.333238 0.047493 -0.941646 0.293313 0.049994 -0.954708 0.293313 0.049994 -0.954708 0.333238 0.047493 -0.941646 0.925415 0.013995 -0.378697 -0.532872 0.090274 -0.841367 0.293313 0.049994 -0.954708 -0.933916 0.073564 -0.349842 -0.735552 0.093946 -0.670923 -0.975449 0.058624 -0.212281 -0.568161 0.115555 -0.814764 -0.92889 0.052461 0.366622 -0.990013 0.057618 0.128662 -0.252638 0.059766 0.965713 -0.205382 0.05741 0.976997 0.618945 0.054941 0.783511 0.809814 0.059637 0.583648 0.966768 0.055162 0.249632 0.9748 0.067062 0.212763 0.994667 0.087303 -0.054921 0.936332 0.117695 -0.330802 0.269325 0.153205 -0.950785 0.307468 0.155151 -0.938825 0.307468 0.155151 -0.938825 0.269325 0.153205 -0.950785 0.936332 0.117695 -0.330802 -0.568161 0.115555 -0.814764 0.307468 0.155151 -0.938825 -0.492838 -0.541291 -0.68126 0.418421 -0.482542 -0.769466 0.434194 -0.367377 -0.822502 -0.429737 -0.640592 -0.636371 0.471372 -0.482669 -0.738132 -0.380154 -0.655883 -0.652151 -0.908154 -0.372861 -0.190347 -0.888048 -0.393928 -0.237047 -0.940914 0.121633 0.316049 -0.934093 0.163728 0.317274 -0.396637 0.642805 0.655348 -0.379896 0.666254 0.641704 0.447604 0.743927 0.496209 0.48267 0.737699 0.472049 0.893559 0.442922 0.073297 0.877945 0.471061 0.08552 0.924556 0.04628 -0.378226 0.922677 -0.008724 -0.385474 0.418421 -0.482542 -0.769466 0.471372 -0.482669 -0.738132 0.870086 0.356858 -0.340005 -0.066393 0.90208 0.426432 -0.110859 -0.450936 -0.885645 -0.987641 0.038295 -0.151984 0.396067 0.813064 0.426682 -0.354017 0.703445 0.616309 -0.936815 0.183718 0.2977 -0.944446 -0.260074 -0.200957 0.816946 0.573904 0.056866 0.90362 0.180734 -0.388338 0.434194 -0.367377 -0.822502 -0.110859 -0.450936 -0.885645 -0.987641 0.038295 -0.151984 0.929346 0.132301 -0.344693 0.739665 0.097014 -0.665945 0.532872 0.090274 -0.841367 0.98837 0.14608 -0.042262 0.897039 0.173953 0.406278 0.955174 0.167665 0.243988 0.323239 0.194894 0.926031 0.297994 0.193448 0.934761 -0.989351 0.033037 0.14175 -0.68953 0.093815 0.718156 -0.890019 0.053128 0.452817 -0.533771 0.112726 0.838082 -0.978998 0.005223 -0.203805 -0.925415 0.013995 -0.378697 -0.333238 0.047493 -0.941646 -0.293313 0.049993 -0.954708 -0.293313 0.049993 -0.954708 -0.333238 0.047493 -0.941646 -0.925415 0.013995 -0.378697 0.532872 0.090274 -0.841367 -0.293313 0.049993 -0.954708 0.933916 0.073564 -0.349841 0.735552 0.093946 -0.670922 0.568161 0.115555 -0.814764 0.975449 0.058623 -0.212279 0.92889 0.052461 0.366622 0.990013 0.057618 0.128663 0.252638 0.059766 0.965713 0.20538 0.057411 0.976997 -0.618943 0.054941 0.783512 -0.809812 0.059637 0.58365 -0.966768 0.055162 0.249633 -0.974799 0.067062 0.212764 -0.994667 0.087304 -0.054921 -0.936332 0.117695 -0.330802 -0.269325 0.153205 -0.950785 -0.307469 0.155152 -0.938824 -0.307469 0.155152 -0.938824 -0.269325 0.153205 -0.950785 -0.936332 0.117695 -0.330802 0.568161 0.115555 -0.814764 -0.307469 0.155152 -0.938824 -0.00008 -0.859982 0.510324 -0.094963 -0.99547 -0.004665 0.165372 -0.98622 0.004708 0.239622 -0.970584 0.023393 -0.222486 -0.974764 0.018311 -0.956869 0.074646 0.280765 -0.972183 0.09304 0.214951 -0.254267 -0.966735 0.027772 -0.97893 0.058446 0.195651 -0.868038 0.433153 0.24267 -0.842376 0.465985 0.270667 -0.143127 0.922099 0.359511 -0.049212 0.906028 0.420348 -0.796848 0.480514 0.366251 -0.01836 0.831575 0.555109 -0.819223 0.118296 0.561142 0.033323 0.752222 0.658067 0.78673 0.564 0.250916 0.759287 0.537091 0.367445 0.947644 0.135056 0.289363 0.963207 0.185456 0.19452 0.805701 0.253347 0.535407 0.797621 0.571523 0.192776 0.971024 0.20222 0.127355 0.165372 -0.98622 0.004708 0.239622 -0.970584 0.023393 0.29319 -0.955744 0.024349 0.343587 -0.938584 0.031745 0.849475 0.511143 0.130864 -0.131503 0.936058 0.326347 -0.90846 0.3572 0.217044 -0.983046 -0.048019 0.17696 -0.261453 -0.96403 0.047837 0.343587 -0.938584 0.031745 0.29319 -0.955744 0.024349 -0.25536 -0.964928 0.060868 0.377729 -0.924553 0.05023 0.983531 0.154167 0.094341 0.377729 -0.924553 0.05023 -0.083453 -0.859979 0.50346 -0.092929 -0.995469 -0.020119 0.162381 -0.98622 0.031667 0.232578 -0.970585 0.062232 -0.222488 -0.974764 -0.018288 -0.989885 0.074645 0.120644 -0.994239 0.093041 0.053213 -0.255387 -0.966735 -0.014147 -0.997743 0.058446 0.03307 -0.896024 0.433152 0.097576 -0.875281 0.465985 0.12939 -0.199946 0.922099 0.331293 -0.117234 0.906027 0.406658 -0.845982 0.480514 0.231129 -0.108814 0.831574 0.54465 -0.899898 0.118304 0.419748 -0.074643 0.752221 0.65467 0.735159 0.564001 0.376092 0.689044 0.537091 0.486571 0.887628 0.135056 0.440314 0.918479 0.185456 0.349289 0.707392 0.253342 0.659859 0.755403 0.571523 0.320512 0.937165 0.20222 0.284304 0.162381 -0.98622 0.031667 0.232578 -0.970585 0.062232 0.285272 -0.955744 0.071927 0.333782 -0.938584 0.087459 0.805813 0.511598 0.298218 -0.253084 0.910725 0.326387 -0.939155 0.340256 0.047058 -0.999307 -0.035757 -0.010319 -0.265755 -0.96403 0.004474 0.333782 -0.938584 0.087459 0.285272 -0.955744 0.071927 -0.221738 -0.975098 -0.004097 0.365113 -0.926298 0.093088 0.955718 0.119886 0.268757 0.365113 -0.926298 0.093088 0.076405 -0.859975 0.504585 -0.094588 -0.99547 0.009619 0.16421 -0.98622 -0.020129 0.240421 -0.970585 -0.012783 -0.21723 -0.974764 0.051448 -0.903984 0.074646 0.420999 -0.928988 0.093041 0.358224 -0.247233 -0.966735 0.065565 -0.938552 0.058446 0.340153 -0.821865 0.433153 0.370022 -0.792297 0.465986 0.393857 -0.087631 0.922099 0.376901 0.01434 0.906028 0.422975 -0.732957 0.480515 0.481538 0.06504 0.831574 0.551592 -0.725868 0.118294 0.677585 0.131576 0.752221 0.64564 0.815449 0.564 0.130176 0.80578 0.537092 0.249501 0.980308 0.135056 0.144072 0.981481 0.185456 0.047967 0.876843 0.253342 0.408613 0.817504 0.571523 0.071059 0.979144 0.20222 -0.019609 0.16421 -0.98622 -0.020129 0.240421 -0.970585 -0.012783 0.293528 -0.955744 -0.019867 0.344464 -0.938584 -0.020106 0.855556 0.517024 0.026661 -0.129095 0.913955 0.384735 -0.863212 0.373674 0.339459 -0.954302 -0.035804 0.296692 -0.25133 -0.96403 0.086481 0.344464 -0.938584 -0.020106 0.293528 -0.955744 -0.019867 -0.219682 -0.971834 0.085312 0.391772 -0.919905 -0.017018 0.984003 0.16584 -0.06508 0.391772 -0.919905 -0.017018 0.000081 -0.859982 0.510324 -0.165372 -0.98622 0.004707 0.094963 -0.99547 -0.004666 -0.239622 -0.970584 0.023393 0.222486 -0.974764 0.01831 0.956869 0.074645 0.280765 0.972183 0.09304 0.214951 0.254267 -0.966735 0.027771 0.97893 0.058446 0.195651 0.868038 0.433153 0.24267 0.842376 0.465985 0.270667 0.143127 0.922099 0.359511 0.049212 0.906027 0.420348 0.796848 0.480514 0.366251 0.01836 0.831575 0.555109 0.819223 0.118296 0.561141 -0.033323 0.752222 0.658067 -0.78673 0.564 0.250916 -0.759287 0.537091 0.367445 -0.947644 0.135056 0.289363 -0.963207 0.185456 0.19452 -0.805701 0.253347 0.535408 -0.797621 0.571523 0.192776 -0.971024 0.20222 0.127355 -0.165372 -0.98622 0.004707 -0.239622 -0.970584 0.023393 -0.29319 -0.955744 0.024349 -0.343587 -0.938584 0.031745 -0.849475 0.511143 0.130864 0.131503 0.936058 0.326347 0.908461 0.3572 0.217043 0.983046 -0.048019 0.176959 0.261453 -0.96403 0.047836 -0.343587 -0.938584 0.031745 -0.29319 -0.955744 0.024349 0.25536 -0.964928 0.060868 -0.377729 -0.924553 0.05023 -0.98353 0.154167 0.094341 -0.377729 -0.924553 0.05023 0.083454 -0.859979 0.50346 -0.162381 -0.98622 0.031667 0.092928 -0.995469 -0.020119 -0.232578 -0.970585 0.062232 0.222488 -0.974764 -0.018288 0.989885 0.074645 0.120644 0.994239 0.09304 0.053212 0.255387 -0.966735 -0.014147 0.997743 0.058446 0.033069 0.896024 0.433152 0.097575 0.875281 0.465985 0.12939 0.199946 0.922099 0.331293 0.117234 0.906027 0.406658 0.845982 0.480514 0.231129 0.108814 0.831574 0.54465 0.899898 0.118304 0.419748 0.074643 0.752221 0.65467 -0.735158 0.564001 0.376092 -0.689044 0.537091 0.486571 -0.887628 0.135056 0.440314 -0.918479 0.185456 0.349289 -0.707392 0.253342 0.659859 -0.755403 0.571523 0.320512 -0.937165 0.20222 0.284304 -0.162381 -0.98622 0.031667 -0.232578 -0.970585 0.062232 -0.285272 -0.955744 0.071927 -0.333782 -0.938584 0.087459 -0.805813 0.511597 0.298218 0.253084 0.910725 0.326387 0.939155 0.340256 0.047058 0.999307 -0.035757 -0.010319 0.265755 -0.96403 0.004473 -0.333782 -0.938584 0.087459 -0.285272 -0.955744 0.071927 0.221738 -0.975098 -0.004097 -0.365113 -0.926298 0.093088 -0.955718 0.119886 0.268757 -0.365113 -0.926298 0.093088 -0.076404 -0.859975 0.504585 -0.16421 -0.98622 -0.020129 0.094588 -0.99547 0.009618 -0.240421 -0.970585 -0.012783 0.21723 -0.974764 0.051447 0.903984 0.074646 0.420999 0.928988 0.093041 0.358224 0.247233 -0.966735 0.065564 0.938552 0.058446 0.340153 0.821865 0.433153 0.370022 0.792297 0.465986 0.393857 0.087631 0.922099 0.376901 -0.01434 0.906028 0.422975 0.732957 0.480515 0.481538 -0.06504 0.831574 0.551592 0.725868 0.118294 0.677585 -0.131576 0.752221 0.64564 -0.815449 0.564 0.130176 -0.80578 0.537092 0.249501 -0.980308 0.135056 0.144072 -0.981481 0.185456 0.047967 -0.876843 0.253342 0.408613 -0.817504 0.571523 0.071059 -0.979144 0.20222 -0.019609 -0.16421 -0.98622 -0.020129 -0.240421 -0.970585 -0.012783 -0.293528 -0.955744 -0.019867 -0.344464 -0.938584 -0.020106 -0.855556 0.517024 0.026662 0.129095 0.913955 0.384736 0.863212 0.373674 0.339458 0.954302 -0.035804 0.296692 0.25133 -0.96403 0.08648 -0.344464 -0.938584 -0.020106 -0.293528 -0.955744 -0.019867 0.219682 -0.971834 0.085312 -0.391772 -0.919905 -0.017018 -0.984003 0.16584 -0.065079 -0.391772 -0.919905 -0.017018 -0.136052 -0.769881 0.623517 -0.627044 -0.619545 -0.472208 0.751484 -0.614818 -0.239311 -0.711277 -0.524769 -0.467656 -0.797304 0.421572 0.431953 -0.801873 0.225802 0.553185 0.439346 0.370021 0.818572 0.495553 0.265008 0.827163 -0.759933 0.588265 0.27649 0.458803 0.412846 0.786802 0.714006 -0.682489 -0.156215 -0.711283 -0.475389 -0.517766 -0.740015 0.630901 0.233113 -0.689146 -0.49953 -0.524925 0.625014 -0.780191 -0.025683 0.530611 -0.839093 0.119895 -0.745977 0.619047 0.24556 -0.934701 0.072674 -0.347926 0.467525 0.386408 0.795053 -0.064546 0.748314 0.660197 0.625014 -0.780191 -0.025683 0.530611 -0.839093 0.119895 0.421708 -0.865655 0.269821 0.707384 -0.277035 0.650277 -0.573463 -0.493415 -0.653974 -0.142725 -0.937519 -0.317314 0.421708 -0.865655 0.269821 0.544437 0.368806 0.753373 0.714006 -0.682489 -0.156215 0.751484 -0.614818 -0.239311 -0.179058 -0.738135 0.650458 -0.773324 -0.519531 -0.363398 0.601326 -0.719507 -0.347445 -0.841649 -0.420535 -0.33879 -0.655265 0.461418 0.598098 -0.660644 0.279212 0.696843 0.574702 -0.769957 -0.277279 -0.849635 -0.376048 -0.369741 -0.631338 0.620791 0.464791 -0.616142 0.665622 0.421089 -0.844172 -0.389453 -0.368374 0.500328 -0.853674 -0.144608 0.423303 -0.905778 0.019521 -0.605479 0.671558 0.42709 -0.96758 0.198589 -0.156052 -0.815578 -0.435386 -0.381146 -0.313317 -0.896903 -0.312085 0.363204 -0.912329 0.189048 0.646496 0.140504 0.749868 0.603511 0.247544 0.757955 0.574702 -0.769957 -0.277279 0.500328 -0.853674 -0.144608 0.623429 0.293651 0.724641 0.627274 0.279078 0.727079 0.423303 -0.905778 0.019521 0.363204 -0.912329 0.189048 0.766497 -0.378516 0.518853 0.601326 -0.719507 -0.347445 0.143979 0.691903 0.707489 0.706572 0.303256 0.639368 -0.58375 -0.139011 0.799945 0.543615 0.290102 0.787606 -0.385655 0.920449 -0.063586 0.625272 0.126243 0.770129 -0.475333 0.876485 0.076371 0.303132 -0.940597 0.152935 0.128031 -0.92713 0.352191 -0.734031 -0.518965 -0.438034 -0.820958 -0.376933 -0.428893 -0.695184 -0.527713 -0.488096 0.472975 -0.878075 -0.072654 0.684601 0.127937 0.717603 -0.612448 0.714872 0.33744 -0.664877 0.585066 0.464367 -0.704594 -0.503971 -0.49956 0.538442 -0.82895 -0.151403 -0.689477 0.501897 0.522227 -0.988108 0.109025 -0.108426 -0.475333 0.876485 0.076371 -0.385655 0.920449 -0.063586 -0.612448 0.714872 0.33744 0.68137 0.164488 0.713217 0.57365 -0.802762 -0.162782 0.891599 -0.283632 0.352993 -0.664877 0.585066 0.464367 0.694597 0.24433 0.676638 0.090457 0.572839 0.814661 -0.12823 -0.801319 -0.584333 -0.755776 -0.439609 -0.485331 -0.689477 0.501897 0.522227 0.136053 -0.76988 0.623517 -0.751484 -0.614819 -0.239311 0.627044 -0.619545 -0.472208 0.711277 -0.524768 -0.467657 -0.714006 -0.682489 -0.156215 0.797304 0.421572 0.431953 0.801873 0.225802 0.553185 -0.439345 0.370021 0.818572 -0.495553 0.265007 0.827163 0.759933 0.588265 0.27649 -0.458803 0.412846 0.786803 0.711283 -0.475389 -0.517766 0.740015 0.630901 0.233112 0.689146 -0.49953 -0.524926 -0.625014 -0.780191 -0.025684 -0.530611 -0.839093 0.119894 0.745978 0.619046 0.245558 0.934701 0.072673 -0.347926 -0.467525 0.386408 0.795053 0.064546 0.748315 0.660195 -0.625014 -0.780191 -0.025684 -0.714006 -0.682489 -0.156215 -0.530611 -0.839093 0.119894 -0.421709 -0.865656 0.269818 -0.707384 -0.277034 0.650277 0.573462 -0.493418 -0.653973 0.142725 -0.937517 -0.317318 -0.421709 -0.865656 0.269818 -0.544435 0.368808 0.753373 -0.751484 -0.614819 -0.239311 0.179058 -0.738133 0.65046 -0.601326 -0.719507 -0.347445 0.773324 -0.519531 -0.363398 0.841648 -0.420535 -0.33879 0.655265 0.461419 0.598098 0.660644 0.279213 0.696842 -0.574702 -0.769957 -0.27728 0.849635 -0.376048 -0.369741 0.631338 0.620792 0.464791 0.616142 0.665622 0.42109 0.844173 -0.389453 -0.368373 -0.500328 -0.853675 -0.144608 -0.423301 -0.905779 0.019524 0.605479 0.671557 0.427091 0.96758 0.198589 -0.15605 0.815577 -0.435387 -0.381145 0.313318 -0.896905 -0.312079 -0.3632 -0.912329 0.189052 -0.646496 0.140505 0.749868 -0.603511 0.247545 0.757955 -0.574702 -0.769957 -0.27728 -0.500328 -0.853675 -0.144608 -0.623429 0.293651 0.724641 -0.627274 0.279077 0.727079 -0.423301 -0.905779 0.019524 -0.3632 -0.912329 0.189052 -0.766495 -0.378519 0.518853 -0.601326 -0.719507 -0.347445 -0.143979 0.691903 0.707488 -0.70657 0.303259 0.639369 0.583749 -0.139004 0.799947 0.385655 0.920449 -0.063586 -0.543615 0.290102 0.787606 -0.625272 0.126243 0.770128 0.475333 0.876485 0.076371 -0.303132 -0.940597 0.152935 -0.128031 -0.92713 0.35219 0.734031 -0.518965 -0.438034 0.820958 -0.376933 -0.428893 0.695184 -0.527713 -0.488096 -0.472975 -0.878075 -0.072653 -0.684601 0.127936 0.717603 0.612449 0.714871 0.33744 0.664877 0.585065 0.464367 0.704594 -0.503971 -0.49956 -0.538441 -0.82895 -0.151404 0.689477 0.501897 0.522227 0.988108 0.109025 -0.108427 0.475333 0.876485 0.076371 0.385655 0.920449 -0.063586 0.612449 0.714871 0.33744 -0.68137 0.164487 0.713217 -0.573649 -0.802764 -0.162783 -0.891598 -0.283636 0.352992 0.664877 0.585065 0.464367 -0.694597 0.244332 0.676636 -0.090457 0.572839 0.814661 0.12823 -0.801319 -0.584333 0.689477 0.501897 0.522227 0.755777 -0.439609 -0.48533 0.791841 -0.034696 0.60974 0.984465 0.175581 0.000873 0.810705 -0.189748 0.553853 0.945216 0.32639 -0.006 0.993753 0.110799 0.013329 0.819037 -0.190558 0.541171 0.993817 0.111028 -0.000325 0.797063 -0.169842 0.579521 0.723142 0.63576 -0.269954 0.778103 0.478215 -0.407267 0.774129 0.432637 -0.462113 0.740409 0.419638 -0.52507 0.00114 0.869024 -0.494768 0.000537 0.720719 -0.693227 0.000001 0.647919 -0.761709 0.000001 0.590054 -0.807364 0.000011 -0.41594 0.909392 0.000019 -0.152468 0.988308 0.000000 -0.332606 0.943066 0.000000 -0.386544 0.922271 0.973714 0.21529 0.074369 0.691365 0.446054 -0.568376 0.000000 0.635605 -0.772015 -0.000001 0.843065 0.537811 -0.79132 -0.034947 0.610403 -0.810509 -0.189724 0.554148 -0.984386 0.176017 0.001301 -0.94526 0.326263 -0.006045 -0.993753 0.110799 0.013329 -0.819036 -0.190557 0.541173 -0.993817 0.111028 -0.000324 -0.797063 -0.169842 0.579521 -0.722445 0.636179 -0.270831 -0.777695 0.478925 -0.407212 -0.774129 0.432638 -0.462114 -0.740408 0.419638 -0.525071 0.00114 0.869024 -0.494768 0.000537 0.720719 -0.693227 0.000001 0.647919 -0.761709 0.000001 0.590054 -0.807364 -0.973714 0.21529 0.074375 -0.753875 -0.146977 0.640367 -0.691363 0.446054 -0.568377 0.000000 0.635605 -0.772015 -0.000000 -0.21832 0.975877 0.753875 -0.146977 0.640367 0.673775 -0.028756 0.738377 -0.673773 0.028756 -0.738379 -0.673773 -0.028757 0.738378 0.673775 0.028757 -0.738377 0.58159 -0.110377 -0.805959 0.55253 -0.039847 -0.83254 0.64957 -0.036335 -0.759433 0.645474 -0.050251 -0.762128 0.646546 -0.167045 -0.744362 0.624131 -0.13355 -0.769822 0.644491 -0.293003 -0.706244 0.625638 -0.24946 -0.739153 0.659708 -0.236047 -0.713489 0.648143 -0.371196 -0.664924 0.623213 -0.350889 -0.698916 0.600827 -0.471077 -0.645828 -0.597884 0.098506 0.795507 -0.567486 0.028016 0.822906 -0.660742 0.030018 0.750012 -0.657448 0.044086 0.752209 -0.654647 0.164897 0.737731 -0.640433 0.129125 0.757082 -0.653064 0.292717 0.698444 -0.643879 0.249208 0.723405 -0.659745 0.23582 0.713531 -0.648215 0.370935 0.664999 -0.623124 0.351056 0.698911 -0.60135 0.469761 0.646299 -0.58159 -0.110378 -0.805959 -0.552529 -0.039847 -0.83254 -0.64957 -0.036336 -0.759433 -0.645474 -0.050252 -0.762128 -0.646545 -0.167046 -0.744362 -0.62413 -0.133551 -0.769822 -0.64449 -0.293004 -0.706244 -0.625637 -0.249461 -0.739153 -0.659708 -0.236049 -0.713489 -0.648142 -0.371197 -0.664924 -0.623212 -0.35089 -0.698916 -0.600826 -0.471078 -0.645829 0.597884 0.098507 0.795507 0.567485 0.028017 0.822907 0.660742 0.030019 0.750013 0.657447 0.044087 0.75221 0.654646 0.164898 0.737732 0.640432 0.129126 0.757082 0.653063 0.292719 0.698444 0.643878 0.249209 0.723405 0.659744 0.235821 0.71353 0.648215 0.370936 0.664999 0.623124 0.351057 0.69891 0.60135 0.469763 0.646298 -0.510011 -0.258341 -0.820456 0.000001 -0.769544 -0.638593 -0.927339 -0.264939 -0.26429 0 -0.371734 -0.928339 -0.600355 0.100812 -0.793354 -0.994928 0.036844 -0.093604 -0.491815 0.593292 -0.637278 -0.920359 0.386624 -0.058834 0 0.734952 -0.678119 0 0.092862 -0.995679 0.491812 0.593289 -0.637283 0.920359 0.386624 -0.058834 0.600352 0.100811 -0.793357 0.994928 0.036844 -0.093604 0.927339 -0.264939 -0.26429 0.51001 -0.258341 -0.820457 0.000001 -0.769544 -0.638593 0 -0.371734 -0.928339 0 0.997597 -0.069281 -0.510005 0.094367 -0.854979 0 -0.446795 -0.894636 -0.927339 -0.13591 -0.348671 0 0.034086 -0.999419 -0.600333 0.412117 -0.685391 -0.994928 0.071454 -0.070806 -0.491774 0.799887 -0.344004 -0.920361 0.377528 0.102024 0 0.945953 -0.324304 0 0.486414 -0.873729 0.491772 0.799883 -0.344017 0.920361 0.377528 0.102024 0.600333 0.412116 -0.685391 0.994928 0.071454 -0.070806 0.927338 -0.13591 -0.348672 0.510011 0.094369 -0.854976 0 -0.446795 -0.894636 0 0.034086 -0.999419 0 0.940867 0.338777 -0.509964 0.301916 -0.805471 0.000000 -0.212885 -0.977077 -0.927339 -0.045921 -0.371395 0 0.278983 -0.960296 -0.600386 0.568067 -0.562882 -0.994928 0.086681 -0.051043 -0.491778 0.859935 -0.136627 -0.920361 0.340809 0.191796 0 0.996671 -0.081525 0 0.686456 -0.727171 0.491778 0.859934 -0.13663 0.920361 0.340808 0.191796 0.600385 0.568068 -0.562883 0.994928 0.086681 -0.051044 0.927339 -0.045922 -0.371395 0.509964 0.301918 -0.80547 0.000000 -0.212885 -0.977077 0 0.278983 -0.960296 0 0.828557 0.559905 -0.510002 0.529424 -0.677944 0 0.08978 -0.995962 -0.927339 0.067514 -0.368082 0.000000 0.554006 -0.832512 -0.600351 0.710696 -0.366729 -0.994928 0.097996 -0.022714 -0.491805 0.86133 0.127431 -0.920358 0.267654 0.285135 -0.000000 0.975281 0.22097 0 0.872859 -0.487972 0.491802 0.86133 0.127443 0.920358 0.267654 0.285136 0.600351 0.710697 -0.366727 0.994928 0.097996 -0.022715 0.927339 0.067514 -0.368083 0.510003 0.529426 -0.677942 0 0.08978 -0.995962 0.000000 0.554006 -0.832512 0 0.622634 0.782513 -0.50999 0.574548 -0.64016 0 0.157658 -0.987494 -0.927339 0.09252 -0.362604 0 0.609625 -0.79269 -0.994927 0.099321 -0.015963 -0.600352 0.734104 -0.317285 -0.491805 0.850603 0.186015 -0.920358 0.247535 0.302767 -0.000000 0.957898 0.28711 0.000001 0.904179 -0.427153 0.491807 0.850602 0.186016 0.920358 0.247536 0.302765 0 0.567683 0.823247 -0.510005 0.593451 -0.622665 -0.000001 0.187206 -0.982321 -0.927338 0.103355 -0.359669 -0.000004 0.633076 -0.774089 -0.994928 0.099754 -0.012975 -0.600348 0.743286 -0.295141 -0.49181 0.844612 0.21155 -0.920358 0.238339 0.310059 0.000004 0.94882 0.315817 -0.000001 0.916573 -0.399867 0.491816 0.844611 0.211541 0.920357 0.238339 0.310061 0.600348 0.743286 -0.295141 0.994928 0.099755 -0.012975 0.927338 0.103356 -0.35967 0.510004 0.593451 -0.622665 -0.000001 0.187206 -0.982321 -0.000004 0.633076 -0.774089 0 0.542721 0.839913 -0.510062 0.60901 -0.607408 -0.000003 0.212014 -0.977267 -0.927338 0.112427 -0.356939 0.000004 0.652546 -0.757749 -0.994928 0.10005 -0.010446 -0.600314 0.750565 -0.276181 -0.491761 0.839009 0.232882 -0.92036 0.230411 0.315988 -0.000000 0.94052 0.339739 0 0.926446 -0.376427 0.491757 0.839013 0.232877 0.92036 0.230411 0.315988 0.600313 0.75057 -0.276168 0.994928 0.10005 -0.010448 0.927337 0.112427 -0.35694 0.510068 0.609012 -0.6074 -0.000003 0.212014 -0.977267 0.000004 0.652546 -0.757749 -0.000000 0.521288 0.853381 -0.509988 0.658228 -0.553758 0.000000 0.293857 -0.955849 -0.92734 0.142193 -0.346154 -0.000006 0.714268 -0.699872 -0.994928 0.100573 -0.001953 -0.60035 0.77118 -0.211803 -0.491862 0.816325 0.302797 -0.920362 0.202873 0.334329 0 0.908463 0.417966 0 0.954923 -0.296855 0.49187 0.816331 0.302766 0.920362 0.202872 0.33433 0.600352 0.771177 -0.21181 0.994928 0.100573 -0.001954 0.92734 0.142192 -0.346154 0.509988 0.658233 -0.553752 0.000000 0.293857 -0.955849 -0.000006 0.714268 -0.699872 -0.000004 0.447283 0.894393 -0.927761 -0.123565 -0.352124 0.000001 -0.428471 -0.903556 -0.933222 -0.120409 -0.338523 0 -0.420998 -0.907062 0.000001 -0.429902 -0.902876 -0.927339 -0.129332 -0.351164 -0.994938 0.072585 -0.069497 -0.994996 0.071948 -0.069335 -0.917643 0.383473 0.104306 -0.927199 0.361168 0.099292 -0.994927 0.072772 -0.069452 -0.920359 0.375549 0.109101 0 0.93926 0.343205 0 0.935686 0.352833 0 0.934334 0.356398 -0.877603 -0.145785 -0.456683 0 -0.372232 -0.92814 -0.509996 0.110424 -0.85306 -0.000001 0.052866 -0.998602 -0.600343 0.424896 -0.677533 -0.992791 0.093146 -0.075434 -0.491788 0.806184 -0.328957 -0.826173 0.545706 0.140155 0 0.951881 -0.306467 0 0.954202 0.299163 0.000001 0.502713 -0.864453 0.826173 0.545705 0.140157 0.491789 0.806187 -0.328948 0.992791 0.093146 -0.075434 0.600344 0.424896 -0.677533 0.877603 -0.145784 -0.456683 0.509996 0.110425 -0.853059 0 -0.372232 -0.92814 -0.000001 0.052866 -0.998602 0 -0.420998 -0.907062 0.927761 -0.123565 -0.352124 0.000001 -0.428471 -0.903556 0.933222 -0.120409 -0.338523 0.000001 -0.429902 -0.902876 0.927339 -0.129332 -0.351163 0.994938 0.072585 -0.069497 0.994996 0.071948 -0.069335 0.917643 0.383473 0.104306 0.927199 0.361169 0.099292 0.994927 0.072772 -0.069452 0.920359 0.375549 0.109102 -0.927762 -0.247183 -0.279569 0 -0.73746 -0.675391 -0.933223 -0.239133 -0.268161 0 -0.731861 -0.681454 0 -0.738529 -0.674222 -0.927339 -0.252163 -0.276508 -0.994938 0.041034 -0.091732 -0.994996 0.040505 -0.091341 -0.994928 0.041223 -0.09176 -0.8776 -0.307182 -0.368045 0 -0.694636 -0.719361 -0.509988 -0.219278 -0.831763 0 -0.327466 -0.944863 -0.600375 0.138169 -0.787692 -0.992791 0.057839 -0.104981 -0.491796 0.62272 -0.608569 0 0.766138 -0.642676 0 0.139805 -0.990179 0.491795 0.62272 -0.60857 0.992791 0.057839 -0.104982 0.600374 0.138169 -0.787693 0.8776 -0.307182 -0.368046 0.509987 -0.219277 -0.831764 0 -0.694636 -0.719361 0 -0.327466 -0.944863 0 -0.731861 -0.681454 0.927762 -0.247183 -0.279569 0 -0.73746 -0.675391 0.933223 -0.239133 -0.268162 0 -0.738529 -0.674222 0.927339 -0.252163 -0.276508 0.994938 0.041034 -0.091732 0.994996 0.040505 -0.091341 0.994928 0.041223 -0.09176 -0.682021 0.431557 0.590429 -0.888963 0.404688 -0.214413 -0.940194 0.189921 -0.282781 -0.000002 0.929706 -0.368303 0.000632 -0.935632 0.352977 -0.000732 -0.996189 -0.087219 -0.424665 -0.861881 0.277167 -0.650144 -0.500875 0.571347 -0.401857 -0.585939 0.703695 -0.750967 -0.634222 0.18388 0.000632 -0.935632 0.352977 0.000052 -0.593253 0.805016 -0.881627 -0.291237 0.371369 -0.922265 -0.313437 0.226239 -0.9957 0.033515 -0.086363 -0.988898 0.01152 -0.148152 -0.973583 0.015894 -0.227778 -0.987525 0.081948 -0.134456 -0.940194 0.189921 -0.282781 -0.888963 0.404688 -0.214413 -0.565463 0.783018 -0.259102 -0.836116 0.510559 -0.200598 -0.000002 0.929706 -0.368303 -0.771734 0.293391 -0.564224 0 0.455703 -0.890132 -0.994553 0.07702 -0.070229 -0.998861 -0.031373 -0.035951 -0.83823 -0.165975 0.519444 -0.926176 0.158668 0.342085 -0.55214 -0.163065 0.81765 -0.787589 0.103625 0.607425 -0.417859 0.126678 0.899637 -0.464022 0.544229 0.698927 -0.384377 0.532458 0.754151 -0.250725 0.528677 0.810948 -0.40279 0.554464 0.728238 -0.325906 0.624883 0.709442 0.174645 0.805008 0.566975 0.259535 0.651083 0.713255 0.015363 0.594342 0.804066 -0.4666 0.016185 0.88432 -0.175817 0.968972 0.17373 -0.558002 0.77668 0.292237 -0.515924 0.759277 -0.396638 -0.662786 0.572743 -0.48237 -0.880036 0.376762 -0.289115 -0.830355 0.411594 0.375634 -0.605727 0.287053 -0.742088 -0.961063 0.177025 -0.212179 -0.704591 0.306048 -0.640224 -0.972409 0.109367 -0.206056 -0.495293 0.465477 -0.733496 0 0.374656 -0.927164 0 0.257144 -0.966373 -0.065136 0.946747 -0.315322 0.000000 0.036181 -0.999345 -0.399665 0.282812 -0.871943 0.000000 0.321415 -0.946939 -0.483623 0.445305 -0.753533 -0.599339 0.319116 -0.734138 -0.938909 0.053352 -0.340006 -0.997176 0.015055 -0.073581 -0.871766 0.489571 -0.018569 -0.811234 0.492179 -0.315688 -0.809813 0.172046 -0.560896 -0.75324 0.156569 -0.638839 -0.538494 0.21665 -0.814302 -0.466914 0.878846 -0.098082 0.000003 0.998181 -0.060284 -0.682021 0.431557 0.590429 -0.125527 0.080733 0.9888 -0.565413 0.06714 0.82207 -0.973169 -0.057199 0.22287 -0.177101 0.043216 0.983243 0 0.023353 0.999727 -0.866725 0.153578 0.474554 -0.997176 0.015055 -0.073581 0 0.13602 0.990706 0 -0.999878 0.015626 0 0.761635 -0.648007 0 0.922033 -0.38711 0 0.568077 -0.822975 -0.638685 0.720166 -0.271002 -0.954748 0.219934 -0.200213 -0.866227 -0.490286 -0.096285 0 -0.998074 -0.062034 0 0.968374 -0.249502 -0.646864 0.731297 -0.216266 -0.948086 0.265609 -0.174884 -0.874332 -0.474293 -0.102907 0 -0.996778 -0.080207 0 0.9833 -0.18199 -0.696264 0.701008 -0.154286 -0.95144 0.277628 -0.132985 -0.880824 -0.464068 -0.093752 0 -0.996173 -0.087403 0 0.991074 -0.133316 -0.734771 0.669913 -0.106432 -0.954469 0.278059 -0.108036 -0.886725 -0.452451 -0.0949 -0.000000 -0.994387 -0.105808 0 0.994475 -0.104974 -0.761355 0.643658 -0.077738 -0.960984 0.263595 -0.083829 -0.894473 -0.438502 -0.087375 0 -0.993769 -0.111462 0 0.997412 -0.0719 -0.771967 0.633404 -0.053542 -0.975823 0.210739 -0.057945 -0.892993 -0.443229 -0.07818 0 -0.993946 -0.109867 0 0.996776 -0.080231 -0.767941 0.637968 -0.05713 -0.987245 0.146768 -0.061697 -0.875181 -0.474581 -0.093976 0 -0.991184 -0.132496 0.875181 -0.474581 -0.093976 0.987245 0.146768 -0.061698 0.892993 -0.443228 -0.07818 0.975823 0.210739 -0.057945 0.894473 -0.438502 -0.087375 0.960984 0.263595 -0.083829 0.886725 -0.452451 -0.0949 0.954469 0.278059 -0.108036 0.880824 -0.464068 -0.093752 0.95144 0.277628 -0.132986 0.874332 -0.474293 -0.102907 0.948086 0.265609 -0.174885 0.866227 -0.490286 -0.096285 0.954748 0.219933 -0.200213 0.811234 0.492179 -0.315688 0.871766 0.489571 -0.01857 0.938901 0.053283 -0.340037 0.997179 0.014983 -0.073553 0.809791 0.172035 -0.56093 0.753214 0.156619 -0.638858 0.599327 0.319117 -0.734147 0.538485 0.216656 -0.814306 0.483623 0.445305 -0.753533 0.399665 0.282812 -0.871943 0.638685 0.720166 -0.271002 0.646864 0.731297 -0.216266 0.696264 0.701008 -0.154286 0.734771 0.669913 -0.106432 0.761355 0.643658 -0.077738 0.771966 0.633404 -0.053542 0.767941 0.637968 -0.05713 0.015363 0.594342 0.804066 0.250748 0.234231 0.939288 0.031346 -0.391153 0.919792 -0.4666 0.016185 0.88432 -0.599574 0.664235 0.446433 -0.224213 0.822386 0.522886 0.355802 -0.934347 0.020016 0.352803 -0.808702 0.470671 0.245988 -0.377661 0.892671 -0.334592 -0.087068 0.938332 -0.510519 0.093095 0.854812 -0.881885 0.320335 0.345927 -0.942688 0.32704 -0.066211 -0.888199 0.296785 -0.350743 -0.6007 0.387649 -0.699205 -0.752211 0.197539 -0.628615 -0.255477 -0.017729 -0.966653 -0.510995 -0.388208 -0.766928 -0.426376 0.903046 -0.052078 -0.76843 0.467652 -0.436826 -0.764014 0.64192 -0.064963 -0.627295 0.187754 -0.75581 -0.232153 0.042387 -0.971755 -0.101678 -0.280673 -0.954403 -0.393549 0.00444 -0.919293 -0.516073 -0.112367 -0.849142 -0.123115 -0.52441 -0.842518 0.174442 -0.914789 -0.364322 -0.961761 -0.254702 -0.100706 0.355802 -0.934347 0.020016 -0.886741 -0.236649 -0.3971 -0.047474 -0.232381 -0.971466 -0.151947 0.00268 -0.988385 -0.356 0.18513 -0.915965 0.266176 0.894298 0.359695 -0.63002 0.394912 -0.66867 0.211505 -0.845942 0.489539 -0.680838 -0.584244 0.441722 0.313138 -0.437788 0.842785 -0.231389 -0.490811 0.839979 -0.335112 -0.330972 0.882133 -0.10167 -0.389817 0.915263 -0.712595 -0.116183 0.691888 -0.815058 -0.571633 -0.094426 -0.103029 -0.982071 -0.157867 0.457934 -0.888881 0.013684 0.893839 -0.064648 0.443702 0.971051 -0.021744 0.23788 0.177108 0.043217 0.983242 0.973165 -0.057256 0.222872 0.997179 0.014983 -0.073553 0.565411 0.067088 0.822076 0.125522 0.080718 0.988802 0.866785 0.153671 0.474415 0.404179 0.552797 0.728735 0.466642 0.016252 0.884297 -0.015019 0.592571 0.805378 0.252727 0.526395 0.811811 0.417859 0.126678 0.899637 0.55214 -0.163065 0.81765 0.40191 -0.585702 0.703862 0.650095 -0.500555 0.571682 0.425413 -0.860156 0.281346 0.754377 -0.628386 0.189859 0.881583 -0.291008 0.371652 0.923399 -0.306741 0.230747 0.995698 0.033876 -0.086242 0.975289 0.0179 -0.220209 0.989935 0.017448 -0.140445 0.98755 0.082247 -0.134091 0.940263 0.207967 -0.269548 0.885845 0.415628 -0.206235 0.567521 0.779738 -0.26444 0.846889 0.484727 -0.218674 0.771779 0.293451 -0.564131 0.994553 0.07702 -0.070229 0.998861 -0.031373 -0.035951 0.83823 -0.165975 0.519444 0.929244 0.155577 0.335113 0.787589 0.103625 0.607425 0.46864 0.542888 0.696885 0.389473 0.528537 0.754294 0.961063 0.177025 -0.212179 0.972478 0.109462 -0.205682 0.334589 0.622997 0.707054 0.89136 0.353692 -0.283512 0.835215 0.406827 0.370011 0.704591 0.306048 -0.640224 0.610889 0.276992 -0.741681 0.665019 0.566222 -0.486973 0.562621 0.784534 0.260701 0.50728 0.455115 -0.731804 -0.262183 0.650733 0.712606 0.494516 0.772906 -0.397581 0.173843 0.972198 0.156874 0.064986 0.948888 -0.308849 0.466892 0.880125 -0.085978 0.310403 -0.785953 0.534722 -0.236766 -0.306269 0.922031 0.643175 -0.443945 0.623889 -0.177324 -0.462626 0.868639 -0.020655 0.982129 -0.187072 -0.048539 -0.99786 -0.043815 -0.439642 -0.897621 0.031491 -0.662847 -0.228254 -0.713115 -0.871766 0.489571 -0.018569 -0.811234 0.492179 -0.315688 0.682021 0.431557 0.590428 0.885845 0.415628 -0.206235 0.940263 0.207967 -0.269548 0.682021 0.431557 0.590428 -0.175447 0.805545 0.565965 -0.015019 0.592571 0.805378 -0.250749 0.234229 0.939288 -0.031347 -0.391156 0.91979 0.466642 0.016252 0.884297 0.599574 0.664235 0.446434 0.224213 0.822386 0.522886 -0.355802 -0.934347 0.020017 -0.352804 -0.808703 0.470669 -0.245988 -0.377662 0.892671 0.334589 -0.087068 0.938333 0.510516 0.093097 0.854813 0.88188 0.320345 0.345929 0.944867 0.319158 -0.073247 0.896859 0.279387 -0.34291 0.62283 0.382302 -0.682589 0.761381 0.194657 -0.618391 0.255477 -0.017729 -0.966653 0.510995 -0.388207 -0.766929 0.426376 0.903046 -0.052078 0.76843 0.467652 -0.436826 0.764014 0.64192 -0.064963 0.627295 0.187754 -0.75581 0.232153 0.042387 -0.971755 0.101678 -0.280673 -0.954403 0.393548 0.00444 -0.919293 0.516073 -0.112367 -0.849142 0.123115 -0.52441 -0.842518 -0.174442 -0.914789 -0.364322 0.961836 -0.254424 -0.100702 -0.355802 -0.934347 0.020017 0.886787 -0.236442 -0.397119 0.047474 -0.232381 -0.971466 0.151947 0.00268 -0.988385 0.356 0.18513 -0.915964 -0.266176 0.894298 0.359695 0.63002 0.394912 -0.66867 -0.211505 -0.845942 0.489539 0.680837 -0.584244 0.441725 -0.313138 -0.437789 0.842784 0.231389 -0.490811 0.839978 0.335112 -0.330971 0.882133 0.101671 -0.389817 0.915263 0.712595 -0.116183 0.691888 0.815058 -0.571633 -0.094426 0.103029 -0.982071 -0.157867 -0.457934 -0.888881 0.013684 -0.893839 -0.064648 0.443703 -0.971051 -0.021744 0.237881 -0.310403 -0.785953 0.534722 0.236766 -0.306269 0.922031 -0.643175 -0.443946 0.623889 0.177323 -0.462626 0.868639 0.020654 0.982129 -0.187073 0.04854 -0.99786 -0.043816 0.439644 -0.89762 0.03149 0.662848 -0.228254 -0.713115 0.871766 0.489571 -0.01857 0.811234 0.492179 -0.315688 -0.950369 -0.248572 0.187114 -0.961761 -0.254702 -0.100706 0.950427 -0.248403 0.18704 0.961836 -0.254424 -0.100702</float_array>
          <technique_common>
            <accessor source="#GeometrySource1-array" count="4531" stride="3">
              <param name="X" type="float"/>
              <param name="Y" type="float"/>
              <param name="Z" type="float"/>
            </accessor>
          </technique_common>
        </source>
        <source id="GeometrySource2" name="chr209UV">
          <float_array id="GeometrySource2-array" count="9062">0.393466 0.062787 0.392448 0.054057 0.4137 0.055292 0.418811 0.086597 0.396959 0.073361 0.437407 0.054893 0.453241 0.064221 0.4619 0.050858 0.939912 0.062787 0.919678 0.055292 0.94093 0.054057 0.914567 0.086597 0.936419 0.073361 0.895971 0.054893 0.880137 0.064221 0.871478 0.050858 0.393466 0.062787 0.4137 0.055292 0.392448 0.054057 0.418811 0.086597 0.396959 0.073361 0.437407 0.054893 0.453241 0.064221 0.4619 0.050858 0.939912 0.062787 0.94093 0.054057 0.919678 0.055292 0.914567 0.086597 0.936419 0.073361 0.895971 0.054893 0.880137 0.064221 0.871478 0.050858 0.89936 0.095482 0.914567 0.086597 0.880137 0.064221 0.833746 0.048131 0.889744 0.100531 0.845361 0.093019 0.87472 0.105677 0.810927 0.047276 0.817 0.077711 0.793774 0.044772 0.786209 0.058379 0.76243 0.036952 0.914134 0.168399 0.872035 0.174016 0.91603 0.190953 0.872128 0.144847 0.868405 0.202527 0.904514 0.203954 0.757003 0.175103 0.824152 0.155999 0.773953 0.137876 0.815064 0.191742 0.804293 0.080371 0.75582 0.08805 0.788858 0.105262 0.766154 0.053326 0.870451 0.116884 0.831731 0.125845 0.836922 0.099957 0.912709 0.131747 0.891991 0.237415 0.912264 0.220704 0.882874 0.233147 0.916671 0.220942 0.76531 0.307174 0.835992 0.27237 0.829483 0.256164 0.761903 0.281065 0.748074 0.183189 0.709129 0.208009 0.752089 0.211008 0.695678 0.162384 0.864394 0.208411 0.809505 0.198453 0.813792 0.21396 0.866163 0.212745 0.929419 0.208213 0.904893 0.213445 0.906273 0.215581 0.903487 0.210863 0.908288 0.21851 0.433985 0.095589 0.453241 0.064221 0.418811 0.086597 0.499633 0.048131 0.450531 0.101624 0.494641 0.093019 0.462605 0.106097 0.518536 0.04603 0.525462 0.075251 0.536466 0.043008 0.549419 0.058379 0.581698 0.034906 0.421493 0.168399 0.463593 0.174016 0.4635 0.144847 0.419598 0.190953 0.467223 0.202527 0.431114 0.203954 0.578625 0.175103 0.561674 0.137876 0.511475 0.155999 0.520564 0.191742 0.531335 0.080371 0.54677 0.105262 0.579808 0.08805 0.569473 0.053326 0.465177 0.116884 0.503897 0.125845 0.498706 0.099957 0.422919 0.131747 0.443637 0.237415 0.423364 0.220704 0.418957 0.220942 0.452754 0.233147 0.570317 0.307174 0.506145 0.256164 0.499636 0.27237 0.573724 0.281065 0.587554 0.183189 0.583539 0.211008 0.626499 0.208009 0.639949 0.162384 0.471233 0.208411 0.521835 0.21396 0.526123 0.198453 0.469465 0.212745 0.406208 0.208213 0.427339 0.21851 0.429354 0.215581 0.430734 0.213445 0.432141 0.210863 0.89936 0.095482 0.880137 0.064221 0.914567 0.086597 0.833746 0.048131 0.889744 0.100531 0.845361 0.093019 0.87472 0.105677 0.810927 0.047276 0.817 0.077711 0.793774 0.044772 0.786209 0.058379 0.76243 0.036952 0.914134 0.168399 0.872035 0.174016 0.872128 0.144847 0.91603 0.190953 0.868405 0.202527 0.904514 0.203954 0.757003 0.175103 0.824152 0.155999 0.815064 0.191742 0.773953 0.137876 0.804293 0.080371 0.788858 0.105262 0.75582 0.08805 0.766154 0.053326 0.870451 0.116884 0.831731 0.125845 0.836922 0.099957 0.912709 0.131747 0.891991 0.237415 0.912264 0.220704 0.916671 0.220942 0.882874 0.233147 0.76531 0.307174 0.829483 0.256164 0.835992 0.27237 0.761903 0.281065 0.748074 0.183189 0.752089 0.211008 0.709129 0.208009 0.695678 0.162384 0.864394 0.208411 0.813792 0.21396 0.809505 0.198453 0.866163 0.212745 0.929419 0.208213 0.908288 0.21851 0.906273 0.215581 0.904893 0.213445 0.903487 0.210863 0.433985 0.095589 0.418811 0.086597 0.453241 0.064221 0.499633 0.048131 0.450531 0.101624 0.494641 0.093019 0.462605 0.106097 0.518536 0.04603 0.525462 0.075251 0.536466 0.043008 0.549419 0.058379 0.581698 0.034906 0.421493 0.168399 0.463593 0.174016 0.419598 0.190953 0.4635 0.144847 0.467223 0.202527 0.431114 0.203954 0.578625 0.175103 0.520564 0.191742 0.511475 0.155999 0.561674 0.137876 0.531335 0.080371 0.579808 0.08805 0.54677 0.105262 0.569473 0.053326 0.465177 0.116884 0.498706 0.099957 0.503897 0.125845 0.422919 0.131747 0.443637 0.237415 0.423364 0.220704 0.452754 0.233147 0.418957 0.220942 0.570317 0.307174 0.499636 0.27237 0.506145 0.256164 0.573724 0.281065 0.587554 0.183189 0.626499 0.208009 0.583539 0.211008 0.639949 0.162384 0.471233 0.208411 0.526123 0.198453 0.521835 0.21396 0.469465 0.212745 0.406208 0.208213 0.432141 0.210863 0.430734 0.213445 0.429354 0.215581 0.427339 0.21851 0.661339 0.215923 0.647575 0.207929 0.65089 0.205444 0.659593 0.217625 0.640434 0.202176 0.644688 0.199114 0.664325 0.213751 0.658114 0.201262 0.667421 0.211966 0.66562 0.197468 0.654355 0.193601 0.664477 0.188564 0.669564 0.21138 0.66957 0.196217 0.669573 0.186898 0.666349 0.219487 0.665715 0.220917 0.667524 0.219723 0.667752 0.22092 0.668156 0.219262 0.667334 0.218564 0.668598 0.218767 0.668331 0.217943 0.669577 0.218998 0.669574 0.217773 0.66958 0.220064 0.670819 0.217937 0.670553 0.21876 0.671817 0.218551 0.670997 0.219253 0.672803 0.219474 0.67163 0.219712 0.673442 0.220902 0.671409 0.220912 0.67954 0.217612 0.677795 0.215909 0.691558 0.207938 0.688248 0.205448 0.698705 0.202193 0.694455 0.199125 0.674807 0.21374 0.681025 0.201262 0.671707 0.211961 0.673519 0.197469 0.684789 0.193604 0.674668 0.188568 0.666476 0.265513 0.63782 0.246953 0.64232 0.243714 0.666716 0.26678 0.667143 0.265026 0.652545 0.237882 0.667611 0.264502 0.663252 0.232555 0.668646 0.264746 0.66865 0.265874 0.669679 0.264495 0.674032 0.232558 0.670149 0.265016 0.684737 0.237885 0.694962 0.243725 0.670818 0.265501 0.699457 0.246971 0.670585 0.266771 0.668643 0.230792 0.867735 0.027459 0.855569 0.037898 0.862722 0.024595 0.855897 0.038136 0.86994 0.02905 0.855782 0.038758 0.868943 0.022852 0.8575 0.015441 0.859297 0.014147 0.869039 0.023358 0.86338 0.011818 0.869209 0.022657 0.869396 0.022448 0.867655 0.009691 0.869809 0.022546 0.869811 0.022996 0.870222 0.022445 0.87196 0.009693 0.870409 0.022654 0.876235 0.01182 0.880318 0.014152 0.870677 0.022847 0.882113 0.015448 0.870584 0.023354 0.869808 0.008987 0.661065 0.079285 0.643325 0.068982 0.647597 0.06578 0.658814 0.081479 0.634122 0.061569 0.639604 0.057622 0.664913 0.076486 0.656909 0.06039 0.668903 0.074186 0.666582 0.0555 0.652063 0.050516 0.665109 0.044025 0.671665 0.073431 0.671672 0.053888 0.671677 0.041877 0.667522 0.083879 0.666704 0.085721 0.669037 0.084183 0.66933 0.085726 0.66985 0.083589 0.668791 0.082689 0.67042 0.082951 0.670075 0.081889 0.671681 0.083249 0.671679 0.081669 0.671686 0.084623 0.673282 0.081881 0.67294 0.082942 0.674569 0.082673 0.673512 0.083578 0.67584 0.083862 0.674328 0.084168 0.676663 0.085702 0.674043 0.085715 0.684522 0.081462 0.682273 0.079267 0.700012 0.068994 0.695745 0.065785 0.709223 0.06159 0.703745 0.057636 0.678423 0.076471 0.686436 0.06039 0.674428 0.074179 0.676762 0.055502 0.691287 0.050521 0.678243 0.04403 0.668875 0.124755 0.666114 0.12551 0.663792 0.106824 0.668883 0.105212 0.662319 0.095349 0.668888 0.093202 0.668889 0.132994 0.667286 0.133214 0.671638 0.125503 0.670493 0.133205 0.673973 0.106826 0.675454 0.095354 0.619225 0.044139 0.601485 0.033836 0.605757 0.030634 0.616974 0.046333 0.592282 0.026423 0.597764 0.022476 0.623072 0.04134 0.615068 0.025244 0.627062 0.03904 0.624741 0.020354 0.610223 0.01537 0.623268 0.008879 0.629824 0.038285 0.629832 0.018742 0.629837 0.006732 0.625681 0.048733 0.624864 0.050575 0.627196 0.049037 0.62749 0.05058 0.62801 0.048443 0.626951 0.047543 0.62858 0.047805 0.628235 0.046744 0.629841 0.048103 0.629838 0.046523 0.629845 0.049477 0.631442 0.046735 0.6311 0.047796 0.632728 0.047527 0.631672 0.048432 0.633999 0.048716 0.632488 0.049022 0.634822 0.050556 0.632203 0.050569 0.642682 0.046316 0.640433 0.044121 0.658171 0.033849 0.653905 0.03064 0.667382 0.026444 0.661905 0.02249 0.636582 0.041326 0.644595 0.025244 0.632587 0.039033 0.634922 0.020356 0.649447 0.015375 0.636403 0.008884 0.047218 0.888263 0.023624 0.841884 0.048224 0.886396 0.018302 0.843061 0.005865 0.856392 0.042573 0.840686 0.060753 0.842405 0.066261 0.842695 0.049696 0.887911 0.080864 0.846217 0.093607 0.839479 0.077229 0.807286 0.094305 0.838183 0.073535 0.808103 0.064903 0.817357 0.090383 0.806455 0.103002 0.807648 0.106825 0.807849 0.095327 0.839234 0.116962 0.810293 0.096319 0.795524 0.079941 0.763331 0.097017 0.794228 0.076247 0.764149 0.067614 0.773402 0.093094 0.7625 0.105714 0.763693 0.109537 0.763895 0.098038 0.79528 0.119674 0.766339 0.040061 0.77786 0.023683 0.745667 0.040759 0.776564 0.019989 0.746485 0.011513 0.756195 0.036837 0.744836 0.049456 0.746029 0.053279 0.74623 0.041781 0.777616 0.063275 0.749984 0.145711 0.817069 0.129333 0.784876 0.146409 0.815773 0.125639 0.785694 0.116852 0.794493 0.142487 0.784045 0.156377 0.785219 0.158481 0.785402 0.147293 0.81694 0.168935 0.788902 0.041416 0.827933 0.025084 0.793083 0.042103 0.826503 0.021919 0.794318 0.013293 0.801484 0.036799 0.789717 0.049724 0.791295 0.051884 0.79172 0.04314 0.827751 0.061071 0.794167 0.705187 0.862559 0.72328 0.892353 0.710056 0.896442 0.730947 0.885985 0.69665 0.894663 0.688485 0.892487 0.560674 0.80918 0.578768 0.838973 0.565543 0.843062 0.586434 0.832605 0.552137 0.841283 0.543972 0.839108 0.409995 0.865753 0.428089 0.895547 0.414865 0.899636 0.435755 0.889179 0.401458 0.897857 0.393294 0.895682 0.51771 0.889222 0.499616 0.859429 0.51284 0.855339 0.49195 0.865797 0.526247 0.857119 0.534411 0.859294 0.491031 0.828069 0.472937 0.798275 0.486161 0.794186 0.465271 0.804643 0.499568 0.795966 0.507732 0.798141 0.573544 0.881781 0.555451 0.851987 0.568675 0.847898 0.547785 0.858355 0.582082 0.849677 0.590246 0.851852 0.616448 0.809533 0.634542 0.839326 0.621317 0.843415 0.642208 0.832958 0.607911 0.841636 0.599746 0.839461 0.474922 0.864987 0.493016 0.89478 0.479792 0.898869 0.500682 0.888412 0.466385 0.897089 0.458221 0.894915 0.542901 0.864827 0.560995 0.89462 0.547771 0.898709 0.568661 0.888252 0.534364 0.896929 0.526199 0.894754 0.430599 0.830462 0.412505 0.800668 0.425729 0.796579 0.404839 0.807037 0.439136 0.798359 0.4473 0.800534 0.663403 0.839499 0.645309 0.809705 0.658534 0.805616 0.637643 0.816073 0.67194 0.807396 0.680105 0.809571 0.447338 0.883409 0.429245 0.853615 0.442469 0.849526 0.421579 0.859983 0.455875 0.851305 0.46404 0.853481 0.59525 0.862044 0.613343 0.891837 0.600119 0.895926 0.62101 0.885469 0.586712 0.894147 0.578548 0.891972 0.682959 0.878258 0.664866 0.848465 0.67809 0.844376 0.6572 0.854833 0.691497 0.846155 0.699661 0.84833 0.599843 0.824624 0.58124 0.796848 0.596213 0.795383 0.610826 0.796622 0.573568 0.805072 0.619834 0.798794 0.458416 0.812716 0.477019 0.840492 0.462046 0.841957 0.447433 0.840718 0.484691 0.832268 0.438424 0.838546 0.629426 0.877629 0.610824 0.849854 0.625797 0.848388 0.640409 0.849627 0.603152 0.858077 0.649418 0.8518 0.543745 0.824695 0.525143 0.79692 0.540116 0.795454 0.554728 0.796693 0.517471 0.805143 0.563737 0.798865 0.509676 0.816972 0.528278 0.844747 0.513305 0.846213 0.498693 0.844973 0.53595 0.836524 0.489684 0.842801 0.65214 0.868393 0.670743 0.896168 0.65577 0.897634 0.641157 0.896395 0.678415 0.887945 0.632148 0.894222 0.047218 0.888263 0.023624 0.841884 0.018302 0.843061 0.048224 0.886396 0.005865 0.856392 0.042573 0.840686 0.060753 0.842405 0.066261 0.842695 0.049696 0.887911 0.080864 0.846217 0.093607 0.839479 0.077229 0.807286 0.073535 0.808103 0.094305 0.838183 0.064903 0.817357 0.090383 0.806455 0.103002 0.807648 0.106825 0.807849 0.095327 0.839234 0.116962 0.810293 0.096319 0.795524 0.079941 0.763331 0.076247 0.764149 0.097017 0.794228 0.067614 0.773402 0.093094 0.7625 0.105714 0.763693 0.109537 0.763895 0.098038 0.79528 0.119674 0.766339 0.040061 0.77786 0.023683 0.745667 0.019989 0.746485 0.040759 0.776564 0.011513 0.756195 0.036837 0.744836 0.049456 0.746029 0.053279 0.74623 0.041781 0.777616 0.063275 0.749984 0.145711 0.817069 0.129333 0.784876 0.125639 0.785694 0.146409 0.815773 0.116852 0.794493 0.142487 0.784045 0.156377 0.785219 0.158481 0.785402 0.147293 0.81694 0.168935 0.788902 0.041416 0.827933 0.025084 0.793083 0.021919 0.794318 0.042103 0.826503 0.013293 0.801484 0.036799 0.789717 0.049724 0.791295 0.051884 0.79172 0.04314 0.827751 0.061071 0.794167 0.560674 0.80918 0.565543 0.843062 0.578768 0.838973 0.586434 0.832605 0.552137 0.841283 0.543972 0.839108 0.409995 0.865753 0.414865 0.899636 0.428089 0.895547 0.435755 0.889179 0.401458 0.897857 0.393294 0.895682 0.51771 0.889222 0.51284 0.855339 0.499616 0.859429 0.49195 0.865797 0.526247 0.857119 0.534411 0.859294 0.491031 0.828069 0.486161 0.794186 0.472937 0.798275 0.465271 0.804643 0.499568 0.795966 0.507732 0.798141 0.573544 0.881781 0.568675 0.847898 0.555451 0.851987 0.547785 0.858355 0.582082 0.849677 0.590246 0.851852 0.616448 0.809533 0.621317 0.843415 0.634542 0.839326 0.642208 0.832958 0.607911 0.841636 0.599746 0.839461 0.474922 0.864987 0.479792 0.898869 0.493016 0.89478 0.500682 0.888412 0.466385 0.897089 0.458221 0.894915 0.542901 0.864827 0.547771 0.898709 0.560995 0.89462 0.568661 0.888252 0.534364 0.896929 0.526199 0.894754 0.430599 0.830462 0.425729 0.796579 0.412505 0.800668 0.404839 0.807037 0.439136 0.798359 0.4473 0.800534 0.663403 0.839499 0.658534 0.805616 0.645309 0.809705 0.637643 0.816073 0.67194 0.807396 0.680105 0.809571 0.447338 0.883409 0.442469 0.849526 0.429245 0.853615 0.421579 0.859983 0.455875 0.851305 0.46404 0.853481 0.59525 0.862044 0.600119 0.895926 0.613343 0.891837 0.62101 0.885469 0.586712 0.894147 0.578548 0.891972 0.682959 0.878258 0.67809 0.844376 0.664866 0.848465 0.6572 0.854833 0.691497 0.846155 0.699661 0.84833 0.599843 0.824624 0.596213 0.795383 0.58124 0.796848 0.610826 0.796622 0.573568 0.805072 0.619834 0.798794 0.458416 0.812716 0.462046 0.841957 0.477019 0.840492 0.447433 0.840718 0.484691 0.832268 0.438424 0.838546 0.629426 0.877629 0.625797 0.848388 0.610824 0.849854 0.640409 0.849627 0.603152 0.858077 0.649418 0.8518 0.543745 0.824695 0.540116 0.795454 0.525143 0.79692 0.554728 0.796693 0.517471 0.805143 0.563737 0.798865 0.509676 0.816972 0.513305 0.846213 0.528278 0.844747 0.498693 0.844973 0.53595 0.836524 0.489684 0.842801 0.65214 0.868393 0.65577 0.897634 0.670743 0.896168 0.641157 0.896395 0.678415 0.887945 0.632148 0.894222 0.657041 0.518718 0.638212 0.535041 0.654641 0.544111 0.646197 0.514854 0.621789 0.541356 0.627257 0.549871 0.601825 0.537587 0.601359 0.549259 0.577981 0.52776 0.573267 0.53758 0.565501 0.512147 0.551776 0.514958 0.558822 0.499351 0.543554 0.498976 0.556259 0.489615 0.539641 0.48719 0.565932 0.480712 0.551734 0.473213 0.578493 0.47362 0.57058 0.466437 0.597409 0.46965 0.594891 0.461168 0.623607 0.477288 0.628913 0.465694 0.639098 0.499526 0.648742 0.494617 0.564865 0.491341 0.572372 0.485043 0.576038 0.4875 0.585522 0.484227 0.58311 0.480963 0.598476 0.484122 0.59811 0.478169 0.613103 0.490227 0.61785 0.485075 0.623204 0.502152 0.631858 0.501515 0.627196 0.513488 0.636232 0.514091 0.623814 0.523707 0.628196 0.5271 0.569498 0.49284 0.565194 0.49913 0.569613 0.500255 0.571031 0.510974 0.575217 0.509879 0.583556 0.522285 0.586346 0.519516 0.601414 0.530201 0.601073 0.526192 0.616794 0.532408 0.614303 0.528003 0.607493 0.511416 0.589843 0.498476 0.598921 0.505293 0.214237 0.903086 0.197464 0.909425 0.214074 0.90788 0.197474 0.903729 0.228926 0.895893 0.232389 0.901569 0.238368 0.885656 0.24787 0.888071 0.184469 0.90842 0.188104 0.901373 0.172083 0.909215 0.181956 0.898767 0.180608 0.888923 0.172104 0.89766 0.17082 0.885749 0.184565 0.87891 0.172758 0.866781 0.191069 0.867226 0.146988 0.896623 0.150169 0.911491 0.144677 0.881147 0.202217 0.851264 0.204977 0.855099 0.226026 0.852218 0.223693 0.857364 0.244212 0.85877 0.236368 0.862571 0.245767 0.872557 0.263903 0.871414 0.125628 0.910621 0.130668 0.922865 0.121949 0.897431 0.232855 0.829756 0.208955 0.83183 0.188116 0.836658 0.164688 0.846704 0.139942 0.862171 0.116615 0.879065 0.184949 0.819516 0.159711 0.828148 0.203949 0.815243 0.130681 0.840618 0.107697 0.858944 0.090467 0.89517 0.102365 0.910819 0.081364 0.877329 0.062195 0.915647 0.083859 0.92187 0.106784 0.922112 0.111299 0.93159 0.090847 0.936421 0.050672 0.897419 0.02779 0.908948 0.037389 0.924812 0.011835 0.916511 0.021126 0.936528 0.047482 0.939302 0.035257 0.950322 0.059573 0.933743 0.05377 0.959599 0.065858 0.948798 0.079179 0.940741 0.090224 0.928492 0.084773 0.943267 0.069306 0.951383 0.058079 0.961775 0.077196 0.946667 0.078838 0.951 0.087555 0.945618 0.095543 0.940378 0.117285 0.943348 0.135482 0.935624 0.161831 0.923423 0.18216 0.923818 0.198672 0.924041 0.21732 0.922277 0.238315 0.913567 0.255992 0.901105 0.27529 0.891692 0.266523 0.919172 0.283783 0.914193 0.268231 0.94205 0.28708 0.936142 0.267624 0.963044 0.293802 0.958322 0.295927 0.986539 0.33309 0.979676 0.330783 0.961698 0.270968 0.991642 0.243871 0.928769 0.244606 0.947126 0.241884 0.967305 0.220809 0.951541 0.220468 0.936139 0.216604 0.966991 0.240985 0.994299 0.209514 0.990925 0.201271 0.937816 0.201456 0.950764 0.19616 0.962566 0.185087 0.982449 0.184368 0.937582 0.187157 0.947941 0.177647 0.952766 0.163875 0.970374 0.164591 0.937131 0.142592 0.960627 0.128856 0.960546 0.125141 0.949162 0.122056 0.960988 0.118957 0.950996 0.097139 0.948076 0.08012 0.953949 0.063437 0.964769 0.08012 0.953949 0.069306 0.951383 0.065858 0.948798 0.047482 0.939302 0.037389 0.924812 0.062195 0.915647 0.02779 0.908948 0.050672 0.897419 0.090467 0.89517 0.102365 0.910819 0.121949 0.897431 0.125628 0.910621 0.146988 0.896623 0.150169 0.911491 0.172104 0.89766 0.17082 0.885749 0.180608 0.888923 0.172083 0.909215 0.181956 0.898767 0.184565 0.87891 0.172758 0.866781 0.191069 0.867226 0.144677 0.881147 0.202217 0.851264 0.204977 0.855099 0.226026 0.852218 0.223693 0.857364 0.244212 0.85877 0.236368 0.862571 0.245767 0.872557 0.263903 0.871414 0.238368 0.885656 0.24787 0.888071 0.232389 0.901569 0.228926 0.895893 0.214074 0.90788 0.214237 0.903086 0.197464 0.909425 0.197474 0.903729 0.184469 0.90842 0.188104 0.901373 0.272434 0.848636 0.255992 0.901105 0.27529 0.891692 0.266523 0.919172 0.283783 0.914193 0.268231 0.94205 0.28708 0.936142 0.267624 0.963044 0.293802 0.958322 0.330783 0.961698 0.243871 0.928769 0.238315 0.913567 0.244606 0.947126 0.241884 0.967305 0.21732 0.922277 0.220468 0.936139 0.220809 0.951541 0.216604 0.966991 0.198672 0.924041 0.201271 0.937816 0.201456 0.950764 0.19616 0.962566 0.18216 0.923818 0.184368 0.937582 0.187157 0.947941 0.177647 0.952766 0.161831 0.923423 0.164591 0.937131 0.135482 0.935624 0.130668 0.922865 0.106784 0.922112 0.111299 0.93159 0.090847 0.936421 0.083859 0.92187 0.079179 0.940741 0.084773 0.943267 0.090224 0.928492 0.059573 0.933743 0.087555 0.945618 0.095543 0.940378 0.117285 0.943348 0.097139 0.948076 0.118957 0.950996 0.125141 0.949162 0.078838 0.951 0.077196 0.946667 0.272434 0.848636 0.241976 0.813114 0.214825 0.812972 0.213708 0.810256 0.194793 0.795666 0.21236 0.778002 0.194717 0.765174 0.180498 0.783787 0.175272 0.754279 0.163971 0.776115 0.156433 0.744273 0.149702 0.764772 0.138403 0.733271 0.138361 0.752086 0.117726 0.727751 0.122123 0.745917 0.093671 0.724913 0.097479 0.743976 0.067521 0.720617 0.069882 0.740152 0.042479 0.712828 0.03945 0.731415 0.02266 0.698353 0.185327 0.723624 0.212343 0.742388 0.160735 0.725062 0.139881 0.703551 0.111464 0.700746 0.089307 0.700011 0.067269 0.698653 0.048842 0.698203 0.038307 0.684927 0.232114 0.760355 0.226929 0.793145 0.264315 0.802534 0.249604 0.779369 0.28884 0.794718 0.275598 0.76514 0.259123 0.740952 0.062418 0.675975 0.240074 0.721575 0.289917 0.718047 0.265696 0.702133 0.247556 0.69215 0.218915 0.69866 0.279887 0.835037 0.290058 0.824184 0.299946 0.816093 0.290881 0.862353 0.28815 0.878444 0.292203 0.894292 0.296252 0.848877 0.314879 0.810994 0.313817 0.830195 0.32834 0.82496 0.304125 0.838133 0.384781 0.830133 0.345137 0.806531 0.349079 0.823732 0.373063 0.834721 0.296802 0.910953 0.303112 0.927653 0.314512 0.943809 0.336442 0.953478 0.326385 0.842816 0.318861 0.84914 0.311858 0.860659 0.307274 0.873224 0.306623 0.883179 0.310699 0.894036 0.311774 0.906473 0.31785 0.920083 0.328503 0.933744 0.327043 0.912584 0.338692 0.925427 0.35295 0.935405 0.345014 0.944653 0.322331 0.884898 0.321933 0.898992 0.327012 0.870612 0.336071 0.856045 0.347256 0.846053 0.337418 0.835733 0.349792 0.834051 0.359872 0.850268 0.367507 0.842513 0.013198 0.71587 0.198201 0.676325 0.168629 0.692323 0.125064 0.665652 0.101613 0.670729 0.082587 0.673226 0.960797 0.929116 0.966266 0.95795 0.995365 0.949851 0.99153 0.920854 0.844083 0.916436 0.854363 0.908809 0.827188 0.889494 0.817285 0.896897 0.807817 0.871177 0.792353 0.882641 0.978443 0.792367 0.958436 0.808293 0.9745 0.822559 0.962538 0.791349 0.97623 0.766962 0.951986 0.768739 0.95079 0.742892 0.930225 0.746678 0.921254 0.769771 0.875656 0.669582 0.89825 0.69216 0.915317 0.670483 0.86161 0.690696 0.88176 0.709698 0.850094 0.70798 0.862605 0.716869 0.876693 0.732142 0.882169 0.747256 0.887542 0.732413 0.876545 0.741773 0.908496 0.749963 0.896105 0.755425 0.901296 0.768583 0.916892 0.791926 0.909648 0.784477 0.908889 0.805636 0.913445 0.808353 0.644681 0.44524 0.656893 0.449007 0.657114 0.444145 0.643728 0.449276 0.646404 0.438451 0.658289 0.438388 0.649364 0.428105 0.662301 0.428362 0.656905 0.415068 0.668535 0.416615 0.664046 0.400355 0.673281 0.403461 0.670687 0.382816 0.67948 0.386526 0.677887 0.363636 0.685966 0.367316 0.686352 0.353338 0.689855 0.358334 0.695377 0.349414 0.6954 0.357452 0.695053 0.368235 0.695625 0.435851 0.695884 0.428562 0.695244 0.441468 0.694568 0.448501 0.695234 0.386674 0.695701 0.404366 0.652845 0.452996 0.64418 0.450402 0.643541 0.460544 0.657777 0.469674 0.655811 0.462243 0.645448 0.468965 0.661452 0.477525 0.648867 0.477386 0.664604 0.486004 0.652299 0.486307 0.666872 0.495693 0.653346 0.456252 0.671011 0.461322 0.668816 0.455601 0.671641 0.468098 0.674425 0.475504 0.677357 0.484841 0.678072 0.494678 0.695199 0.459096 0.694674 0.451725 0.695378 0.4658 0.695247 0.47446 0.694812 0.484143 0.694528 0.493909 0.694517 0.502835 0.678687 0.504224 0.694974 0.514057 0.680166 0.515579 0.668594 0.506393 0.671001 0.518408 0.684353 0.528945 0.674712 0.530527 0.687866 0.536703 0.682515 0.541402 0.696517 0.531131 0.69708 0.539208 0.695345 0.546159 0.67905 0.551556 0.695345 0.558197 0.66807 0.536785 0.661487 0.521013 0.658138 0.505986 0.655381 0.495518 0.695925 0.418375 0.66568 0.453634 0.793319 0.843228 0.768233 0.866746 0.768535 0.775139 0.784127 0.794965 0.811227 0.777618 0.795193 0.757853 0.740386 0.790186 0.724319 0.766026 0.714715 0.805544 0.698734 0.776995 0.841559 0.759834 0.831053 0.756491 0.832084 0.790986 0.864415 0.766044 0.857613 0.76497 0.839013 0.793824 0.796713 0.731469 0.814764 0.732104 0.779656 0.729501 0.765003 0.738778 0.751319 0.712762 0.742787 0.719596 0.732658 0.696409 0.728387 0.700198 0.724612 0.679082 0.710642 0.684848 0.720592 0.663548 0.710692 0.663007 0.693512 0.687041 0.696895 0.715814 0.675369 0.715765 0.710561 0.739036 0.671549 0.686871 0.718259 0.706197 0.732102 0.72826 0.748008 0.752674 0.697107 0.66037 0.679988 0.658829 0.724573 0.64657 0.716916 0.64006 0.704017 0.627236 0.743039 0.635147 0.734295 0.626621 0.777244 0.633472 0.771909 0.618572 0.744531 0.590918 0.722344 0.611699 0.818327 0.606462 0.770825 0.566505 0.864553 0.621748 0.844638 0.573798 0.885822 0.592284 0.860662 0.651847 0.888106 0.636074 0.911642 0.6089 0.926683 0.62568 0.901214 0.650899 0.938315 0.652239 0.84264 0.638664 0.812877 0.632019 0.97323 0.139611 0.987699 0.094725 0.971065 0.124718 0.984314 0.132246 0.981266 0.126655 0.991549 0.1194 0.97323 0.139611 0.981266 0.126655 0.864553 0.621748 0.844638 0.573798 0.885822 0.592284 0.888106 0.636074 0.911642 0.6089 0.926683 0.62568 0.901214 0.650899 0.860662 0.651847 0.875656 0.669582 0.850094 0.70798 0.86161 0.690696 0.88176 0.709698 0.862605 0.716869 0.876693 0.732142 0.887542 0.732413 0.882169 0.747256 0.876545 0.741773 0.89825 0.69216 0.915317 0.670483 0.938315 0.652239 0.984314 0.132246 0.684811 0.74575 0.435368 0.509314 0.415444 0.528967 0.437927 0.527237 0.410834 0.512509 0.457753 0.550536 0.43785 0.553271 0.458353 0.558935 0.438537 0.542084 0.516071 0.569212 0.49736 0.572211 0.500486 0.58921 0.518104 0.588044 0.480156 0.590242 0.459452 0.588327 0.462047 0.611077 0.443703 0.610264 0.439167 0.588829 0.427163 0.610417 0.421492 0.587705 0.411667 0.614369 0.403242 0.585924 0.502475 0.608275 0.482821 0.609322 0.395637 0.623249 0.387609 0.597514 0.467333 0.634224 0.449184 0.635836 0.434921 0.637649 0.418891 0.642793 0.486902 0.632748 0.504216 0.629813 0.519629 0.609402 0.518139 0.63001 0.437964 0.650818 0.454007 0.647768 0.441157 0.665429 0.457567 0.660192 0.470949 0.645241 0.474368 0.656811 0.422795 0.656447 0.425052 0.669921 0.490013 0.643755 0.491672 0.655294 0.50809 0.643154 0.507309 0.654489 0.517514 0.643307 0.519507 0.65263 0.40901 0.674863 0.40184 0.664175 0.399921 0.650287 0.390418 0.655145 0.49368 0.666555 0.476786 0.667211 0.478927 0.68082 0.462436 0.684582 0.460023 0.671453 0.445871 0.690579 0.442874 0.677567 0.427232 0.683123 0.430491 0.696661 0.496084 0.68012 0.509786 0.666496 0.512589 0.680929 0.524871 0.665114 0.528079 0.681899 0.41688 0.703258 0.412301 0.688404 0.400527 0.713487 0.39421 0.696494 0.398592 0.680052 0.390721 0.717986 0.383719 0.702332 0.378754 0.723853 0.371788 0.706681 0.366773 0.728549 0.359956 0.712694 0.353972 0.734343 0.347104 0.716734 0.513119 0.69633 0.496484 0.695708 0.49536 0.713319 0.480164 0.710769 0.480066 0.6955 0.46604 0.711631 0.464667 0.698726 0.451833 0.716097 0.449564 0.703551 0.435298 0.709286 0.439846 0.722325 0.511618 0.715268 0.527562 0.698438 0.525032 0.71734 0.428867 0.729826 0.4225 0.715965 0.418383 0.739628 0.408475 0.72594 0.407594 0.748969 0.398016 0.731932 0.396231 0.754977 0.386236 0.738205 0.386589 0.757719 0.375314 0.74203 0.378482 0.762648 0.364944 0.747013 0.407704 0.77809 0.41786 0.777735 0.437084 0.777245 0.400231 0.780317 0.414433 0.78953 0.406713 0.791152 0.426522 0.789361 0.445564 0.787566 0.38238 0.519966 0.383684 0.53458 0.39474 0.53064 0.360334 0.537936 0.37188 0.557242 0.383365 0.550798 0.320225 0.607698 0.305932 0.614619 0.309568 0.632859 0.33325 0.600843 0.324081 0.628357 0.337678 0.623656 0.317181 0.65329 0.331525 0.649068 0.345226 0.645395 0.3505 0.619726 0.35968 0.641393 0.382654 0.630811 0.374798 0.605038 0.374657 0.635415 0.329293 0.672109 0.341372 0.669403 0.35415 0.666959 0.367002 0.663328 0.374957 0.661061 0.34005 0.685984 0.347931 0.683791 0.354234 0.698353 0.343936 0.700076 0.359826 0.680449 0.365484 0.691847 0.372059 0.676441 0.376592 0.688302 0.383478 0.686146 0.383318 0.658889 0.390138 0.681985 0.396282 0.518883 0.479034 0.734738 0.490329 0.747226 0.509132 0.740808 0.520722 0.742508 0.459508 0.737485 0.449739 0.745688 0.457336 0.751864 0.461472 0.749474 0.462625 0.756406 0.459516 0.759825 0.468623 0.767159 0.462803 0.768099 0.468698 0.780476 0.455827 0.776047 0.478737 0.764629 0.4848 0.7708 0.497417 0.761283 0.510367 0.755736 0.521481 0.755108 0.366744 0.380601 0.366432 0.422312 0.383088 0.41045 0.350137 0.39267 0.400042 0.403329 0.386712 0.37042 0.331497 0.408055 0.351043 0.435846 0.412217 0.400713 0.402595 0.377691 0.425285 0.393322 0.417457 0.375894 0.440135 0.38803 0.434287 0.371353 0.454899 0.381306 0.443499 0.361234 0.365551 0.457834 0.409729 0.427801 0.393242 0.437233 0.422898 0.420323 0.435715 0.414901 0.44955 0.410432 0.463321 0.404088 0.402732 0.456092 0.39197 0.465824 0.378134 0.44784 0.418746 0.444329 0.377581 0.476392 0.430512 0.439152 0.448616 0.43368 0.465189 0.427772 0.482474 0.415274 0.404194 0.480786 0.413809 0.467871 0.415065 0.490166 0.421558 0.477961 0.425927 0.470962 0.42655 0.483209 0.433913 0.469991 0.433648 0.49403 0.436089 0.503304 0.453812 0.499064 0.451241 0.496264 0.425632 0.457602 0.438381 0.452815 0.456681 0.449557 0.444912 0.461429 0.4612 0.458417 0.438254 0.462577 0.472904 0.437378 0.449216 0.468705 0.491136 0.427667 0.4769 0.448649 0.494209 0.438322 0.430961 0.464795 0.690293 0.641182 0.1759 0.608991 0.144152 0.583364 0.152592 0.604692 0.180439 0.589309 0.212275 0.612004 0.206333 0.587559 0.188027 0.543942 0.160188 0.544918 0.20746 0.545018 0.227884 0.542933 0.235393 0.586757 0.241681 0.6085 0.229622 0.608907 0.261434 0.590073 0.258592 0.574037 0.280615 0.570477 0.273561 0.557475 0.30421 0.537336 0.302027 0.529285 0.324376 0.51353 0.321778 0.509763 0.295493 0.505905 0.270729 0.525105 0.252907 0.535501 0.316336 0.493558 0.289383 0.48212 0.268607 0.490633 0.24799 0.497842 0.223989 0.500015 0.201186 0.512658 0.180653 0.514422 0.15449 0.513563 0.309269 0.474757 0.132083 0.539943 0.130242 0.576016 0.135792 0.600729 0.120717 0.501206 0.177101 0.486319 0.151666 0.486287 0.200869 0.486227 0.26658 0.474456 0.245469 0.480732 0.12829 0.484132 0.103097 0.498621 0.09901 0.527772 0.11681 0.533885 0.093703 0.553262 0.110575 0.566405 0.105187 0.581208 0.080999 0.56304 0.068053 0.540588 0.063631 0.547431 0.049966 0.528938 0.0478 0.533545 0.032557 0.515767 0.031444 0.51995 0.009418 0.511356 0.008937 0.516188 0.077806 0.51754 0.061411 0.508165 0.038548 0.497292 0.016127 0.491247 0.089884 0.493793 0.071349 0.485465 0.048128 0.472678 0.028649 0.465568 0.086851 0.471587 0.073497 0.464717 0.107708 0.47846 0.058983 0.459082 0.03648 0.449792 0.040793 0.436407 0.058845 0.443661 0.064029 0.429042 0.081401 0.435934 0.075911 0.450266 0.096451 0.442372 0.092052 0.45706 0.152777 0.469506 0.175821 0.453855 0.154241 0.454316 0.175542 0.469459 0.198166 0.453001 0.222406 0.484388 0.198869 0.470032 0.220501 0.44991 0.221369 0.468039 0.241613 0.445529 0.243973 0.46459 0.262309 0.441381 0.264812 0.459905 0.287237 0.466794 0.283565 0.438413 0.285935 0.454957 0.307686 0.461895 0.304551 0.437446 0.306019 0.451273 0.279548 0.42097 0.261288 0.422834 0.276774 0.4034 0.259715 0.40533 0.240662 0.42537 0.241877 0.405216 0.220515 0.428634 0.220709 0.405707 0.198358 0.43094 0.197486 0.404322 0.176022 0.429939 0.176652 0.397452 0.155141 0.429528 0.156438 0.394829 0.295601 0.403288 0.300138 0.420199 0.135861 0.426167 0.134047 0.451054 0.138502 0.392594 0.118285 0.425006 0.113837 0.447052 0.124112 0.390216 0.102498 0.422154 0.109945 0.391112 0.087863 0.417466 0.09431 0.393546 0.069015 0.413432 0.077864 0.395475 0.050767 0.4044 0.062325 0.390324 0.111872 0.369186 0.097356 0.369608 0.136193 0.366193 0.157928 0.36625 0.175869 0.375213 0.125046 0.369159 0.086848 0.370343 0.073534 0.3763 0.199638 0.377801 0.225824 0.377762 0.244384 0.377716 0.260287 0.376585 0.278998 0.375909 0.304653 0.375406 0.278093 0.362293 0.260535 0.364525 0.228178 0.365444 0.195275 0.363492 0.24679 0.363631 0.302461 0.361987 0.204728 0.344154 0.233091 0.347499 0.248025 0.345612 0.258742 0.348775 0.272715 0.346095 0.299594 0.347298 0.174167 0.347639 0.17119 0.36099 0.155734 0.350239 0.134659 0.352236 0.122861 0.355067 0.110077 0.355909 0.090825 0.357522 0.083558 0.335971 0.101147 0.331744 0.076222 0.314482 0.09483 0.307305 0.113616 0.302522 0.117983 0.326981 0.13367 0.299153 0.134884 0.326035 0.154097 0.297443 0.152763 0.325858 0.054264 0.321068 0.063858 0.337646 0.174642 0.322159 0.179436 0.293612 0.195303 0.318873 0.190035 0.339982 0.203343 0.294299 0.029381 0.330338 0.041655 0.344897 0.073775 0.362997 0.054767 0.362084 0.155931 0.278441 0.180701 0.275066 0.209771 0.274501 0.046204 0.306165 0.068551 0.299862 0.018779 0.316605 0.059111 0.287151 0.078769 0.270175 0.088453 0.29043 0.111016 0.287176 0.134003 0.27982 0.109207 0.273176 0.13486 0.256912 0.036746 0.29204 0.018769 0.301091 0.123623 0.243146 0.009377 0.285532 0.030599 0.284534 0.027136 0.272972 0.011412 0.266247 0.010493 0.270277 0.030311 0.267557 0.009112 0.254775 0.003318 0.256507 0.013121 0.239853 0.030089 0.234539 0.029685 0.229919 0.044116 0.237048 0.039596 0.239816 0.033933 0.2724 0.043686 0.269596 0.041198 0.281566 0.051614 0.277069 0.037563 0.265773 0.057159 0.271106 0.061105 0.261285 0.048913 0.257965 0.055596 0.236298 0.041775 0.259892 0.047316 0.263911 0.044036 0.42189 0.062481 0.383166 0.046462 0.382252 0.156225 0.262124 0.183406 0.262057 0.207525 0.259171 0.186653 0.247342 0.206613 0.240102 0.200203 0.22739 0.181781 0.237087 0.171051 0.249838 0.172428 0.23872 0.175346 0.23223 0.194186 0.22185 0.193935 0.210147 0.200046 0.20741 0.184363 0.197019 0.168265 0.200441 0.166685 0.193235 0.15921 0.207783 0.152811 0.207159 0.163287 0.225303 0.154521 0.231237 0.144904 0.2396 0.142473 0.209953 0.133914 0.2215 0.154299 0.244608 0.160997 0.23524 0.166442 0.2377 0.162129 0.247967 0.167694 0.230931 0.113975 0.253242 0.111967 0.232298 0.106298 0.234304 0.108267 0.240058 0.116772 0.214431 0.112091 0.2138 0.104544 0.204312 0.107314 0.200245 0.087707 0.203409 0.080202 0.212629 0.073718 0.212417 0.074252 0.225202 0.077522 0.223675 0.088564 0.241225 0.066493 0.230955 0.065961 0.244111 0.083909 0.255115 0.092885 0.236934 0.095149 0.243162 0.102936 0.243787 0.095141 0.256513 0.105833 0.256462 0.100433 0.23908 0.735421 0.402821 0.771367 0.43498 0.778432 0.407101 0.733931 0.437233 0.805827 0.44294 0.814263 0.416819 0.780357 0.385914 0.737285 0.378648 0.817227 0.396343 0.736696 0.471309 0.764602 0.47183 0.792128 0.478922 0.740095 0.504453 0.758857 0.502855 0.780265 0.5061 0.738953 0.542061 0.752648 0.532559 0.770405 0.533103 0.752701 0.555153 0.76542 0.549415 0.769683 0.36819 0.750564 0.368703 0.759196 0.355789 0.743272 0.359562 0.755247 0.342966 0.73578 0.348581 0.727828 0.365444 0.700791 0.349048 0.710567 0.357348 0.71448 0.3419 0.788038 0.342508 0.767312 0.348167 0.784722 0.358853 0.804797 0.358023 0.801851 0.345886 0.795622 0.374652 0.821245 0.379126 0.807575 0.370939 0.810817 0.382425 0.853356 0.377501 0.831896 0.373566 0.847828 0.388629 0.841122 0.365192 0.816219 0.362552 0.831708 0.391184 0.824914 0.355668 0.813201 0.350793 0.860712 0.386473 0.771381 0.338882 0.758697 0.335322 0.734295 0.626621 0.771909 0.618572 0.777244 0.633472 0.743039 0.635147 0.716916 0.64006 0.724573 0.64657 0.710692 0.663007 0.720592 0.663548 0.710642 0.684848 0.724612 0.679082 0.728387 0.700198 0.732658 0.696409 0.742787 0.719596 0.751319 0.712762 0.765003 0.738778 0.779656 0.729501 0.795193 0.757853 0.693512 0.687041 0.696895 0.715814 0.710561 0.739036 0.718259 0.706197 0.732102 0.72826 0.748008 0.752674 0.697107 0.66037 0.796713 0.731469 0.724319 0.766026 0.768535 0.775139 0.740386 0.790186 0.811227 0.777618 0.784127 0.794965 0.841559 0.759834 0.831053 0.756491 0.793319 0.843228 0.807817 0.871177 0.827188 0.889494 0.854363 0.908809 0.960797 0.929116 0.966266 0.95795 0.958436 0.808293 0.962538 0.791349 0.951986 0.768739 0.930225 0.746678 0.95079 0.742892 0.921254 0.769771 0.908496 0.749963 0.901296 0.768583 0.896105 0.755425 0.916892 0.791926 0.908889 0.805636 0.909648 0.784477 0.913445 0.808353 0.341313 0.446906 0.354804 0.46443 0.361135 0.486034 0.369179 0.500391 0.384384 0.490942 0.376987 0.509011 0.394011 0.500476 0.393045 0.239753 0.368686 0.247958 0.38182 0.255873 0.380513 0.235672 0.398267 0.264037 0.414088 0.237661 0.36081 0.225259 0.35093 0.24134 0.414217 0.27425 0.432806 0.250077 0.428147 0.285023 0.447307 0.260223 0.440618 0.29767 0.465403 0.273404 0.445514 0.308573 0.462559 0.296836 0.338566 0.259137 0.383278 0.285611 0.367309 0.274647 0.398803 0.297475 0.410679 0.308478 0.42087 0.318631 0.430069 0.327419 0.357171 0.291086 0.342598 0.284141 0.354524 0.265362 0.372219 0.299011 0.325491 0.272625 0.384278 0.312074 0.396886 0.325482 0.412046 0.334757 0.427469 0.34479 0.383017 0.33879 0.403286 0.346933 0.369959 0.347986 0.390809 0.361269 0.420708 0.359793 0.407412 0.369863 0.37352 0.322847 0.363457 0.334196 0.361065 0.329114 0.355393 0.32085 0.363043 0.311991 0.347713 0.31742 0.350254 0.304811 0.352255 0.325458 0.358488 0.337962 0.328308 0.33584 0.328331 0.35652 0.33189 0.352761 0.320435 0.337388 0.340507 0.316419 0.32637 0.312686 0.333268 0.299055 0.30937 0.299917 0.315427 0.283889 0.29472 0.28688 0.302207 0.27279 0.327706 0.31877 0.338292 0.323179 0.313688 0.260369 0.329943 0.252655 0.338021 0.230443 0.547614 0.317917 0.559129 0.34522 0.565821 0.32584 0.542016 0.338765 0.576087 0.353485 0.58154 0.334886 0.53228 0.316079 0.525776 0.336288 0.59134 0.359711 0.594002 0.340317 0.60702 0.365641 0.609795 0.345894 0.624794 0.37151 0.629338 0.351659 0.642605 0.37758 0.647923 0.35304 0.52017 0.309719 0.509313 0.332646 0.53159 0.36461 0.519765 0.362566 0.588167 0.384256 0.567871 0.376453 0.548 0.369105 0.603934 0.391426 0.617283 0.395838 0.627103 0.399753 0.521988 0.390995 0.544974 0.399084 0.561626 0.401689 0.506631 0.383369 0.5777 0.40764 0.597984 0.417436 0.616897 0.417118 0.629947 0.422229 0.519307 0.407336 0.542623 0.410325 0.559343 0.412323 0.501475 0.398252 0.570972 0.416979 0.591959 0.432623 0.608621 0.434951 0.628669 0.437913 0.486704 0.390558 0.492633 0.375731 0.510356 0.359961 0.570463 0.432472 0.584009 0.446051 0.563429 0.427664 0.55337 0.428067 0.563874 0.441832 0.57139 0.445514 0.563921 0.465759 0.562739 0.452925 0.541657 0.460028 0.539072 0.468055 0.533293 0.439977 0.525084 0.453442 0.519423 0.423564 0.55573 0.421143 0.54629 0.420172 0.536667 0.429939 0.534598 0.421914 0.529072 0.431045 0.497685 0.409181 0.483638 0.401688 0.671307 0.596399 0.670467 0.569449 0.655858 0.595517 0.69202 0.570383 0.646351 0.594621 0.659735 0.564604 0.642368 0.568093 0.626047 0.586224 0.636642 0.591965 0.628356 0.562756 0.615198 0.580612 0.617133 0.556303 0.601067 0.576527 0.603226 0.552677 0.584998 0.574793 0.581602 0.546048 0.568532 0.578032 0.550737 0.551103 0.580889 0.620137 0.591204 0.619871 0.599876 0.621277 0.607982 0.62377 0.614965 0.627338 0.620564 0.630392 0.62802 0.631089 0.637708 0.630661 0.650913 0.633001 0.630899 0.670666 0.644235 0.666736 0.622588 0.668227 0.574908 0.656435 0.592902 0.662154 0.585323 0.664063 0.614717 0.665881 0.607504 0.664101 0.600539 0.663184 0.603391 0.684967 0.612157 0.686578 0.624208 0.690445 0.635717 0.692466 0.578484 0.683062 0.565831 0.680477 0.571553 0.671791 0.561275 0.673309 0.595795 0.683773 0.587578 0.682868 0.608309 0.716597 0.599743 0.715833 0.597663 0.741548 0.607763 0.741189 0.623103 0.719051 0.633869 0.720351 0.622139 0.741295 0.632994 0.739924 0.571126 0.712613 0.560946 0.709192 0.553037 0.7276 0.583947 0.713787 0.562106 0.738243 0.577177 0.738499 0.592932 0.714619 0.588813 0.740567 0.540003 0.73572 0.548249 0.747742 0.621099 0.756379 0.63826 0.754213 0.607097 0.757375 0.59631 0.759751 0.589666 0.776099 0.611383 0.772609 0.62367 0.771422 0.624403 0.788115 0.630043 0.786571 0.642696 0.784426 0.641056 0.769976 0.573239 0.757137 0.560962 0.754197 0.5692 0.772421 0.554719 0.767207 0.586939 0.759746 0.549285 0.764873 0.555133 0.755272 0.644743 0.68112 0.651715 0.675529 0.643475 0.691585 0.565558 0.662978 0.521696 0.943778 0.494412 0.928175 0.490517 0.938222 0.524444 0.930862 0.494001 0.918384 0.526481 0.919686 0.491939 0.90749 0.526742 0.906793 0.487657 0.946685 0.459394 0.932366 0.457144 0.939932 0.460786 0.907479 0.461466 0.916399 0.460915 0.92462 0.425022 0.926787 0.423066 0.93179 0.425836 0.9081 0.427997 0.914321 0.42694 0.920913 0.372974 0.916772 0.371548 0.919249 0.372858 0.909032 0.373357 0.911976 0.373751 0.914033 0.370658 0.914242 0.802523 0.988621 0.797762 0.969412 0.791113 0.985578 0.814684 0.971428 0.805902 0.949591 0.828093 0.949547 0.798948 0.927586 0.814451 0.926569 0.793058 0.909803 0.805387 0.911785 0.763226 0.985215 0.762506 0.968267 0.703197 0.963829 0.70264 0.979854 0.705514 0.947132 0.767529 0.948178 0.769185 0.926889 0.705561 0.930111 0.763248 0.908752 0.702039 0.914169 0.636309 0.958327 0.634438 0.969714 0.637294 0.946757 0.636321 0.93469 0.633721 0.923924 0.545372 0.952664 0.544809 0.957231 0.545662 0.948347 0.545126 0.944292 0.544476 0.939994 0.542038 0.948336 0.361203 0.971511 0.391953 0.987052 0.394175 0.974953 0.358118 0.98807 0.360509 0.958798 0.395129 0.963569 0.361776 0.943861 0.396111 0.951044 0.443164 0.991103 0.443097 0.981278 0.444127 0.970702 0.445872 0.960242 0.399316 0.938801 0.448902 0.950284 0.49926 0.991859 0.499966 0.986383 0.499033 0.978877 0.498941 0.969149 0.503427 0.961327 0.572614 0.993448 0.573723 0.989424 0.570797 0.986079 0.573302 0.983566 0.574181 0.980195 0.57617 0.985754 0.099766 0.594907 0.127745 0.619511 0.077455 0.572804 0.059251 0.554624 0.045618 0.538446 0.030322 0.524413 0.008407 0.521179 0.154498 0.627431 0.245982 0.633009 0.263209 0.608412 0.284617 0.578501 0.306603 0.545916 0.327162 0.517571 0.625352 0.448616 0.604611 0.447637 0.657041 0.518718 0.638212 0.535041 0.646197 0.514854 0.654641 0.544111 0.621789 0.541356 0.627257 0.549871 0.601825 0.537587 0.601359 0.549259 0.577981 0.52776 0.573267 0.53758 0.565501 0.512147 0.551776 0.514958 0.558822 0.499351 0.543554 0.498976 0.556259 0.489615 0.539641 0.48719 0.565932 0.480712 0.551734 0.473213 0.578493 0.47362 0.57058 0.466437 0.597409 0.46965 0.594891 0.461168 0.623607 0.477288 0.628913 0.465694 0.639098 0.499526 0.648742 0.494617 0.564865 0.491341 0.572372 0.485043 0.576038 0.4875 0.585522 0.484227 0.58311 0.480963 0.598476 0.484122 0.59811 0.478169 0.613103 0.490227 0.61785 0.485075 0.623204 0.502152 0.631858 0.501515 0.627196 0.513488 0.636232 0.514091 0.623814 0.523707 0.628196 0.5271 0.569498 0.49284 0.565194 0.49913 0.569613 0.500255 0.571031 0.510974 0.575217 0.509879 0.583556 0.522285 0.586346 0.519516 0.601414 0.530201 0.601073 0.526192 0.616794 0.532408 0.614303 0.528003 0.607493 0.511416 0.589843 0.498476 0.598921 0.505293 0.232855 0.829756 0.208955 0.83183 0.188116 0.836658 0.164688 0.846704 0.139942 0.862171 0.116615 0.879065 0.184949 0.819516 0.159711 0.828148 0.203949 0.815243 0.130681 0.840618 0.107697 0.858944 0.081364 0.877329 0.214825 0.812972 0.241976 0.813114 0.213708 0.810256 0.194793 0.795666 0.194717 0.765174 0.21236 0.778002 0.180498 0.783787 0.175272 0.754279 0.163971 0.776115 0.156433 0.744273 0.149702 0.764772 0.138403 0.733271 0.138361 0.752086 0.117726 0.727751 0.122123 0.745917 0.093671 0.724913 0.097479 0.743976 0.067521 0.720617 0.069882 0.740152 0.042479 0.712828 0.03945 0.731415 0.185327 0.723624 0.212343 0.742388 0.160735 0.725062 0.139881 0.703551 0.111464 0.700746 0.089307 0.700011 0.067269 0.698653 0.048842 0.698203 0.232114 0.760355 0.226929 0.793145 0.249604 0.779369 0.264315 0.802534 0.28884 0.794718 0.275598 0.76514 0.259123 0.740952 0.240074 0.721575 0.289917 0.718047 0.265696 0.702133 0.247556 0.69215 0.218915 0.69866 0.279887 0.835037 0.290058 0.824184 0.299946 0.816093 0.290881 0.862353 0.28815 0.878444 0.292203 0.894292 0.296252 0.848877 0.314879 0.810994 0.313817 0.830195 0.32834 0.82496 0.304125 0.838133 0.384781 0.830133 0.349079 0.823732 0.345137 0.806531 0.373063 0.834721 0.296802 0.910953 0.303112 0.927653 0.314512 0.943809 0.336442 0.953478 0.326385 0.842816 0.337418 0.835733 0.328503 0.933744 0.31785 0.920083 0.311774 0.906473 0.310699 0.894036 0.306623 0.883179 0.307274 0.873224 0.311858 0.860659 0.318861 0.84914 0.327043 0.912584 0.338692 0.925427 0.35295 0.935405 0.345014 0.944653 0.322331 0.884898 0.327012 0.870612 0.336071 0.856045 0.347256 0.846053 0.349792 0.834051 0.359872 0.850268 0.367507 0.842513 0.321933 0.898992 0.198201 0.676325 0.168629 0.692323 0.644681 0.44524 0.656893 0.449007 0.643728 0.449276 0.657114 0.444145 0.646404 0.438451 0.658289 0.438388 0.649364 0.428105 0.662301 0.428362 0.656905 0.415068 0.668535 0.416615 0.664046 0.400355 0.673281 0.403461 0.670687 0.382816 0.67948 0.386526 0.677887 0.363636 0.685966 0.367316 0.686352 0.353338 0.689855 0.358334 0.652845 0.452996 0.64418 0.450402 0.643541 0.460544 0.655811 0.462243 0.657777 0.469674 0.645448 0.468965 0.661452 0.477525 0.648867 0.477386 0.664604 0.486004 0.652299 0.486307 0.666872 0.495693 0.671011 0.461322 0.653346 0.456252 0.668816 0.455601 0.671641 0.468098 0.674425 0.475504 0.677357 0.484841 0.678072 0.494678 0.678687 0.504224 0.680166 0.515579 0.668594 0.506393 0.671001 0.518408 0.684353 0.528945 0.674712 0.530527 0.687866 0.536703 0.682515 0.541402 0.67905 0.551556 0.66807 0.536785 0.661487 0.521013 0.658138 0.505986 0.655381 0.495518 0.66568 0.453634 0.832084 0.790986 0.857613 0.76497 0.864415 0.766044 0.839013 0.793824 0.814764 0.732104 0.818327 0.606462 0.812877 0.632019 0.84264 0.638664 0.435368 0.509314 0.415444 0.528967 0.410834 0.512509 0.437927 0.527237 0.457753 0.550536 0.458353 0.558935 0.43785 0.553271 0.438537 0.542084 0.516071 0.569212 0.500486 0.58921 0.49736 0.572211 0.518104 0.588044 0.480156 0.590242 0.462047 0.611077 0.459452 0.588327 0.443703 0.610264 0.439167 0.588829 0.427163 0.610417 0.421492 0.587705 0.411667 0.614369 0.403242 0.585924 0.502475 0.608275 0.519629 0.609402 0.395637 0.623249 0.387609 0.597514 0.418891 0.642793 0.434921 0.637649 0.449184 0.635836 0.467333 0.634224 0.482821 0.609322 0.486902 0.632748 0.504216 0.629813 0.518139 0.63001 0.437964 0.650818 0.454007 0.647768 0.441157 0.665429 0.457567 0.660192 0.470949 0.645241 0.474368 0.656811 0.422795 0.656447 0.425052 0.669921 0.490013 0.643755 0.491672 0.655294 0.50809 0.643154 0.507309 0.654489 0.517514 0.643307 0.519507 0.65263 0.40901 0.674863 0.40184 0.664175 0.399921 0.650287 0.390418 0.655145 0.49368 0.666555 0.509786 0.666496 0.496084 0.68012 0.478927 0.68082 0.476786 0.667211 0.462436 0.684582 0.460023 0.671453 0.445871 0.690579 0.442874 0.677567 0.427232 0.683123 0.430491 0.696661 0.512589 0.680929 0.524871 0.665114 0.528079 0.681899 0.41688 0.703258 0.412301 0.688404 0.400527 0.713487 0.39421 0.696494 0.398592 0.680052 0.390721 0.717986 0.383719 0.702332 0.378754 0.723853 0.371788 0.706681 0.366773 0.728549 0.359956 0.712694 0.353972 0.734343 0.347104 0.716734 0.513119 0.69633 0.496484 0.695708 0.49536 0.713319 0.480164 0.710769 0.480066 0.6955 0.46604 0.711631 0.464667 0.698726 0.451833 0.716097 0.449564 0.703551 0.435298 0.709286 0.439846 0.722325 0.511618 0.715268 0.527562 0.698438 0.525032 0.71734 0.428867 0.729826 0.4225 0.715965 0.418383 0.739628 0.408475 0.72594 0.407594 0.748969 0.398016 0.731932 0.396231 0.754977 0.386236 0.738205 0.386589 0.757719 0.375314 0.74203 0.378482 0.762648 0.364944 0.747013 0.407704 0.77809 0.41786 0.777735 0.437084 0.777245 0.400231 0.780317 0.414433 0.78953 0.406713 0.791152 0.426522 0.789361 0.445564 0.787566 0.39474 0.53064 0.38238 0.519966 0.383684 0.53458 0.360334 0.537936 0.383365 0.550798 0.37188 0.557242 0.320225 0.607698 0.309568 0.632859 0.305932 0.614619 0.324081 0.628357 0.33325 0.600843 0.337678 0.623656 0.317181 0.65329 0.331525 0.649068 0.345226 0.645395 0.3505 0.619726 0.35968 0.641393 0.382654 0.630811 0.374657 0.635415 0.374798 0.605038 0.329293 0.672109 0.341372 0.669403 0.35415 0.666959 0.367002 0.663328 0.374957 0.661061 0.34005 0.685984 0.347931 0.683791 0.354234 0.698353 0.343936 0.700076 0.359826 0.680449 0.365484 0.691847 0.372059 0.676441 0.376592 0.688302 0.383478 0.686146 0.383318 0.658889 0.390138 0.681985 0.396282 0.518883 0.479034 0.734738 0.490329 0.747226 0.509132 0.740808 0.520722 0.742508 0.459508 0.737485 0.457336 0.751864 0.449739 0.745688 0.461472 0.749474 0.462625 0.756406 0.459516 0.759825 0.468623 0.767159 0.462803 0.768099 0.468698 0.780476 0.455827 0.776047 0.4848 0.7708 0.478737 0.764629 0.497417 0.761283 0.510367 0.755736 0.521481 0.755108 0.366744 0.380601 0.366432 0.422312 0.350137 0.39267 0.383088 0.41045 0.400042 0.403329 0.386712 0.37042 0.331497 0.408055 0.351043 0.435846 0.412217 0.400713 0.402595 0.377691 0.425285 0.393322 0.417457 0.375894 0.440135 0.38803 0.434287 0.371353 0.454899 0.381306 0.443499 0.361234 0.378134 0.44784 0.393242 0.437233 0.422898 0.420323 0.409729 0.427801 0.435715 0.414901 0.44955 0.410432 0.463321 0.404088 0.39197 0.465824 0.402732 0.456092 0.418746 0.444329 0.377581 0.476392 0.365551 0.457834 0.354804 0.46443 0.341313 0.446906 0.430512 0.439152 0.448616 0.43368 0.465189 0.427772 0.482474 0.415274 0.361135 0.486034 0.404194 0.480786 0.413809 0.467871 0.415065 0.490166 0.421558 0.477961 0.425927 0.470962 0.42655 0.483209 0.433913 0.469991 0.433648 0.49403 0.453812 0.499064 0.436089 0.503304 0.451241 0.496264 0.425632 0.457602 0.438381 0.452815 0.456681 0.449557 0.4612 0.458417 0.444912 0.461429 0.438254 0.462577 0.472904 0.437378 0.449216 0.468705 0.491136 0.427667 0.4769 0.448649 0.494209 0.438322 0.430961 0.464795 0.1759 0.608991 0.144152 0.583364 0.180439 0.589309 0.152592 0.604692 0.212275 0.612004 0.206333 0.587559 0.188027 0.543942 0.160188 0.544918 0.20746 0.545018 0.227884 0.542933 0.235393 0.586757 0.241681 0.6085 0.229622 0.608907 0.261434 0.590073 0.258592 0.574037 0.280615 0.570477 0.273561 0.557475 0.30421 0.537336 0.302027 0.529285 0.324376 0.51353 0.321778 0.509763 0.295493 0.505905 0.270729 0.525105 0.252907 0.535501 0.316336 0.493558 0.289383 0.48212 0.268607 0.490633 0.24799 0.497842 0.223989 0.500015 0.201186 0.512658 0.180653 0.514422 0.15449 0.513563 0.309269 0.474757 0.132083 0.539943 0.130242 0.576016 0.135792 0.600729 0.120717 0.501206 0.177101 0.486319 0.151666 0.486287 0.200869 0.486227 0.12829 0.484132 0.103097 0.498621 0.09901 0.527772 0.11681 0.533885 0.093703 0.553262 0.110575 0.566405 0.105187 0.581208 0.080999 0.56304 0.068053 0.540588 0.063631 0.547431 0.049966 0.528938 0.0478 0.533545 0.032557 0.515767 0.031444 0.51995 0.009418 0.511356 0.008937 0.516188 0.077806 0.51754 0.061411 0.508165 0.038548 0.497292 0.016127 0.491247 0.089884 0.493793 0.071349 0.485465 0.048128 0.472678 0.028649 0.465568 0.086851 0.471587 0.073497 0.464717 0.107708 0.47846 0.058983 0.459082 0.03648 0.449792 0.040793 0.436407 0.064029 0.429042 0.058845 0.443661 0.081401 0.435934 0.075911 0.450266 0.096451 0.442372 0.092052 0.45706 0.152777 0.469506 0.154241 0.454316 0.175821 0.453855 0.175542 0.469459 0.198166 0.453001 0.198869 0.470032 0.222406 0.484388 0.220501 0.44991 0.221369 0.468039 0.241613 0.445529 0.243973 0.46459 0.262309 0.441381 0.264812 0.459905 0.283565 0.438413 0.285935 0.454957 0.304551 0.437446 0.306019 0.451273 0.245469 0.480732 0.26658 0.474456 0.287237 0.466794 0.307686 0.461895 0.044036 0.42189 0.050767 0.4044 0.069015 0.413432 0.077864 0.395475 0.09431 0.393546 0.087863 0.417466 0.109945 0.391112 0.113837 0.447052 0.102498 0.422154 0.124112 0.390216 0.118285 0.425006 0.134047 0.451054 0.138502 0.392594 0.135861 0.426167 0.156438 0.394829 0.155141 0.429528 0.176652 0.397452 0.176022 0.429939 0.197486 0.404322 0.198358 0.43094 0.220709 0.405707 0.220515 0.428634 0.241877 0.405216 0.240662 0.42537 0.259715 0.40533 0.261288 0.422834 0.276774 0.4034 0.279548 0.42097 0.295601 0.403288 0.300138 0.420199 0.175869 0.375213 0.278998 0.375909 0.260287 0.376585 0.225824 0.377762 0.199638 0.377801 0.244384 0.377716 0.304653 0.375406 0.278093 0.362293 0.260535 0.364525 0.228178 0.365444 0.195275 0.363492 0.24679 0.363631 0.302461 0.361987 0.204728 0.344154 0.233091 0.347499 0.248025 0.345612 0.258742 0.348775 0.272715 0.346095 0.299594 0.347298 0.17119 0.36099 0.174167 0.347639 0.155734 0.350239 0.157928 0.36625 0.134659 0.352236 0.136193 0.366193 0.125046 0.369159 0.111872 0.369186 0.097356 0.369608 0.086848 0.370343 0.062325 0.390324 0.073534 0.3763 0.122861 0.355067 0.110077 0.355909 0.090825 0.357522 0.083558 0.335971 0.101147 0.331744 0.076222 0.314482 0.09483 0.307305 0.113616 0.302522 0.117983 0.326981 0.13367 0.299153 0.134884 0.326035 0.154097 0.297443 0.152763 0.325858 0.054264 0.321068 0.063858 0.337646 0.174642 0.322159 0.179436 0.293612 0.195303 0.318873 0.190035 0.339982 0.203343 0.294299 0.029381 0.330338 0.041655 0.344897 0.073775 0.362997 0.054767 0.362084 0.155931 0.278441 0.180701 0.275066 0.209771 0.274501 0.046204 0.306165 0.068551 0.299862 0.018779 0.316605 0.059111 0.287151 0.078769 0.270175 0.088453 0.29043 0.111016 0.287176 0.134003 0.27982 0.109207 0.273176 0.13486 0.256912 0.036746 0.29204 0.018769 0.301091 0.123623 0.243146 0.009377 0.285532 0.030599 0.284534 0.027136 0.272972 0.010493 0.270277 0.011412 0.266247 0.030311 0.267557 0.009112 0.254775 0.003318 0.256507 0.013121 0.239853 0.030089 0.234539 0.029685 0.229919 0.044116 0.237048 0.039596 0.239816 0.033933 0.2724 0.043686 0.269596 0.041198 0.281566 0.051614 0.277069 0.037563 0.265773 0.057159 0.271106 0.061105 0.261285 0.048913 0.257965 0.055596 0.236298 0.041775 0.259892 0.047316 0.263911 0.062481 0.383166 0.046462 0.382252 0.156225 0.262124 0.183406 0.262057 0.207525 0.259171 0.186653 0.247342 0.206613 0.240102 0.200203 0.22739 0.181781 0.237087 0.171051 0.249838 0.172428 0.23872 0.175346 0.23223 0.194186 0.22185 0.193935 0.210147 0.200046 0.20741 0.184363 0.197019 0.168265 0.200441 0.166685 0.193235 0.15921 0.207783 0.152811 0.207159 0.163287 0.225303 0.154521 0.231237 0.142473 0.209953 0.144904 0.2396 0.133914 0.2215 0.154299 0.244608 0.160997 0.23524 0.166442 0.2377 0.162129 0.247967 0.167694 0.230931 0.113975 0.253242 0.111967 0.232298 0.108267 0.240058 0.106298 0.234304 0.116772 0.214431 0.112091 0.2138 0.104544 0.204312 0.107314 0.200245 0.087707 0.203409 0.080202 0.212629 0.073718 0.212417 0.074252 0.225202 0.077522 0.223675 0.088564 0.241225 0.065961 0.244111 0.066493 0.230955 0.083909 0.255115 0.092885 0.236934 0.095149 0.243162 0.102936 0.243787 0.095141 0.256513 0.105833 0.256462 0.100433 0.23908 0.735421 0.402821 0.771367 0.43498 0.733931 0.437233 0.778432 0.407101 0.805827 0.44294 0.814263 0.416819 0.780357 0.385914 0.737285 0.378648 0.817227 0.396343 0.736696 0.471309 0.764602 0.47183 0.792128 0.478922 0.740095 0.504453 0.758857 0.502855 0.780265 0.5061 0.738953 0.542061 0.752648 0.532559 0.770405 0.533103 0.752701 0.555153 0.76542 0.549415 0.769683 0.36819 0.750564 0.368703 0.759196 0.355789 0.743272 0.359562 0.755247 0.342966 0.73578 0.348581 0.727828 0.365444 0.700791 0.349048 0.71448 0.3419 0.710567 0.357348 0.788038 0.342508 0.784722 0.358853 0.767312 0.348167 0.804797 0.358023 0.801851 0.345886 0.771381 0.338882 0.758697 0.335322 0.795622 0.374652 0.821245 0.379126 0.807575 0.370939 0.810817 0.382425 0.853356 0.377501 0.847828 0.388629 0.831896 0.373566 0.841122 0.365192 0.816219 0.362552 0.831708 0.391184 0.824914 0.355668 0.813201 0.350793 0.860712 0.386473 0.384384 0.490942 0.394011 0.500476 0.376987 0.509011 0.369179 0.500391 0.393045 0.239753 0.368686 0.247958 0.380513 0.235672 0.38182 0.255873 0.398267 0.264037 0.414088 0.237661 0.36081 0.225259 0.35093 0.24134 0.414217 0.27425 0.432806 0.250077 0.428147 0.285023 0.447307 0.260223 0.440618 0.29767 0.465403 0.273404 0.445514 0.308573 0.462559 0.296836 0.354524 0.265362 0.367309 0.274647 0.398803 0.297475 0.383278 0.285611 0.410679 0.308478 0.42087 0.318631 0.430069 0.327419 0.342598 0.284141 0.357171 0.291086 0.372219 0.299011 0.325491 0.272625 0.338566 0.259137 0.329943 0.252655 0.338021 0.230443 0.384278 0.312074 0.396886 0.325482 0.412046 0.334757 0.427469 0.34479 0.313688 0.260369 0.383017 0.33879 0.403286 0.346933 0.369959 0.347986 0.390809 0.361269 0.420708 0.359793 0.407412 0.369863 0.37352 0.322847 0.363457 0.334196 0.361065 0.329114 0.355393 0.32085 0.363043 0.311991 0.347713 0.31742 0.350254 0.304811 0.352255 0.325458 0.358488 0.337962 0.328308 0.33584 0.33189 0.352761 0.328331 0.35652 0.320435 0.337388 0.32637 0.312686 0.333268 0.299055 0.340507 0.316419 0.30937 0.299917 0.315427 0.283889 0.29472 0.28688 0.302207 0.27279 0.327706 0.31877 0.338292 0.323179 0.547614 0.317917 0.559129 0.34522 0.542016 0.338765 0.565821 0.32584 0.576087 0.353485 0.58154 0.334886 0.53228 0.316079 0.525776 0.336288 0.59134 0.359711 0.594002 0.340317 0.60702 0.365641 0.609795 0.345894 0.624794 0.37151 0.629338 0.351659 0.642605 0.37758 0.647923 0.35304 0.52017 0.309719 0.509313 0.332646 0.548 0.369105 0.567871 0.376453 0.588167 0.384256 0.603934 0.391426 0.617283 0.395838 0.627103 0.399753 0.544974 0.399084 0.521988 0.390995 0.53159 0.36461 0.519765 0.362566 0.510356 0.359961 0.561626 0.401689 0.506631 0.383369 0.5777 0.40764 0.597984 0.417436 0.616897 0.417118 0.629947 0.422229 0.492633 0.375731 0.519307 0.407336 0.542623 0.410325 0.559343 0.412323 0.570972 0.416979 0.591959 0.432623 0.608621 0.434951 0.628669 0.437913 0.486704 0.390558 0.501475 0.398252 0.570463 0.432472 0.584009 0.446051 0.563429 0.427664 0.55337 0.428067 0.563874 0.441832 0.57139 0.445514 0.563921 0.465759 0.562739 0.452925 0.541657 0.460028 0.539072 0.468055 0.533293 0.439977 0.525084 0.453442 0.519423 0.423564 0.55573 0.421143 0.54629 0.420172 0.536667 0.429939 0.534598 0.421914 0.529072 0.431045 0.497685 0.409181 0.483638 0.401688 0.671307 0.596399 0.670467 0.569449 0.69202 0.570383 0.655858 0.595517 0.646351 0.594621 0.659735 0.564604 0.642368 0.568093 0.636642 0.591965 0.626047 0.586224 0.628356 0.562756 0.615198 0.580612 0.617133 0.556303 0.601067 0.576527 0.603226 0.552677 0.584998 0.574793 0.581602 0.546048 0.568532 0.578032 0.550737 0.551103 0.62802 0.631089 0.637708 0.630661 0.580889 0.620137 0.591204 0.619871 0.599876 0.621277 0.607982 0.62377 0.614965 0.627338 0.622588 0.668227 0.630899 0.670666 0.650913 0.633001 0.644235 0.666736 0.574908 0.656435 0.585323 0.664063 0.592902 0.662154 0.600539 0.663184 0.607504 0.664101 0.620564 0.630392 0.614717 0.665881 0.603391 0.684967 0.612157 0.686578 0.624208 0.690445 0.635717 0.692466 0.587578 0.682868 0.595795 0.683773 0.578484 0.683062 0.565831 0.680477 0.571553 0.671791 0.565558 0.662978 0.561275 0.673309 0.608309 0.716597 0.597663 0.741548 0.599743 0.715833 0.607763 0.741189 0.623103 0.719051 0.622139 0.741295 0.633869 0.720351 0.632994 0.739924 0.571126 0.712613 0.553037 0.7276 0.560946 0.709192 0.562106 0.738243 0.583947 0.713787 0.577177 0.738499 0.592932 0.714619 0.588813 0.740567 0.540003 0.73572 0.548249 0.747742 0.621099 0.756379 0.63826 0.754213 0.607097 0.757375 0.62367 0.771422 0.611383 0.772609 0.624403 0.788115 0.630043 0.786571 0.589666 0.776099 0.59631 0.759751 0.641056 0.769976 0.642696 0.784426 0.586939 0.759746 0.573239 0.757137 0.5692 0.772421 0.560962 0.754197 0.554719 0.767207 0.549285 0.764873 0.555133 0.755272 0.644743 0.68112 0.651715 0.675529 0.643475 0.691585 0.521696 0.943778 0.490517 0.938222 0.494412 0.928175 0.524444 0.930862 0.494001 0.918384 0.526481 0.919686 0.491939 0.90749 0.526742 0.906793 0.487657 0.946685 0.459394 0.932366 0.457144 0.939932 0.460786 0.907479 0.461466 0.916399 0.460915 0.92462 0.425022 0.926787 0.423066 0.93179 0.425836 0.9081 0.427997 0.914321 0.42694 0.920913 0.372974 0.916772 0.371548 0.919249 0.372858 0.909032 0.373357 0.911976 0.373751 0.914033 0.370658 0.914242 0.802523 0.988621 0.797762 0.969412 0.814684 0.971428 0.791113 0.985578 0.805902 0.949591 0.828093 0.949547 0.798948 0.927586 0.814451 0.926569 0.793058 0.909803 0.805387 0.911785 0.763226 0.985215 0.703197 0.963829 0.762506 0.968267 0.70264 0.979854 0.705514 0.947132 0.767529 0.948178 0.705561 0.930111 0.769185 0.926889 0.702039 0.914169 0.763248 0.908752 0.636309 0.958327 0.634438 0.969714 0.637294 0.946757 0.636321 0.93469 0.633721 0.923924 0.545372 0.952664 0.544809 0.957231 0.545662 0.948347 0.545126 0.944292 0.544476 0.939994 0.542038 0.948336 0.361203 0.971511 0.391953 0.987052 0.358118 0.98807 0.394175 0.974953 0.360509 0.958798 0.395129 0.963569 0.361776 0.943861 0.396111 0.951044 0.443164 0.991103 0.443097 0.981278 0.444127 0.970702 0.399316 0.938801 0.445872 0.960242 0.448902 0.950284 0.49926 0.991859 0.499966 0.986383 0.499033 0.978877 0.498941 0.969149 0.503427 0.961327 0.572614 0.993448 0.573723 0.989424 0.570797 0.986079 0.573302 0.983566 0.574181 0.980195 0.57617 0.985754 0.099766 0.594907 0.127745 0.619511 0.077455 0.572804 0.059251 0.554624 0.045618 0.538446 0.030322 0.524413 0.008407 0.521179 0.154498 0.627431 0.245982 0.633009 0.263209 0.608412 0.284617 0.578501 0.306603 0.545916 0.327162 0.517571 0.625352 0.448616 0.604611 0.447637 0.321149 0.188902 0.328277 0.11653 0.333968 0.117191 0.309402 0.188034 0.341036 0.062102 0.343785 0.062556 0.341221 0.119607 0.347198 0.063418 0.348452 0.122961 0.350596 0.064232 0.354714 0.125494 0.353981 0.065025 0.360417 0.125914 0.356926 0.065106 0.360048 0.064449 0.366427 0.123849 0.372225 0.120262 0.362811 0.063403 0.377012 0.116873 0.365545 0.062168 0.358441 0.050659 0.35652 0.051104 0.359752 0.049272 0.35512 0.049605 0.363993 0.196935 0.354138 0.196448 0.344482 0.194204 0.333752 0.191385 0.375362 0.195013 0.387156 0.191842 0.397534 0.187693 0.346172 0.049373 0.348444 0.049903 0.285273 0.025262 0.300164 0.08454 0.294577 0.093163 0.286078 0.024141 0.287667 0.098775 0.283834 0.026124 0.283086 0.02671 0.282003 0.099978 0.280992 0.025297 0.282178 0.026064 0.269606 0.092825 0.276548 0.098856 0.264274 0.083929 0.280026 0.024052 0.261459 0.076999 0.2796 0.023752 0.28653 0.023923 0.3035 0.077567 0.282967 0.024049 0.284075 0.024058 0.28354 0.023752 0.318052 0.061009 0.307726 0.012038 0.312059 0.008852 0.317232 0.06158 0.317382 0.005242 0.31871 0.060416 0.319655 0.059882 0.321081 0.003855 0.325249 0.005203 0.320932 0.060443 0.33025 0.008898 0.321676 0.061023 0.334285 0.012367 0.322389 0.061637 0.336842 0.014721 0.323064 0.062355 0.316836 0.062146 0.304288 0.01414 0.320874 0.062047 0.319349 0.061814 0.319747 0.062464 0.321149 0.188902 0.328277 0.11653 0.309402 0.188034 0.333968 0.117191 0.341036 0.062102 0.343785 0.062556 0.341221 0.119607 0.347198 0.063418 0.348452 0.122961 0.350596 0.064232 0.354714 0.125494 0.353981 0.065025 0.360417 0.125914 0.356926 0.065106 0.360048 0.064449 0.366427 0.123849 0.372225 0.120262 0.362811 0.063403 0.377012 0.116873 0.365545 0.062168 0.358441 0.050659 0.35652 0.051104 0.359752 0.049272 0.35512 0.049605 0.363993 0.196935 0.354138 0.196448 0.344482 0.194204 0.333752 0.191385 0.375362 0.195013 0.387156 0.191842 0.397534 0.187693 0.346172 0.049373 0.348444 0.049903 0.285273 0.025262 0.300164 0.08454 0.286078 0.024141 0.294577 0.093163 0.287667 0.098775 0.283834 0.026124 0.283086 0.02671 0.282003 0.099978 0.280992 0.025297 0.282178 0.026064 0.269606 0.092825 0.276548 0.098856 0.264274 0.083929 0.280026 0.024052 0.261459 0.076999 0.2796 0.023752 0.28653 0.023923 0.3035 0.077567 0.282967 0.024049 0.284075 0.024058 0.28354 0.023752 0.318052 0.061009 0.307726 0.012038 0.317232 0.06158 0.312059 0.008852 0.317382 0.005242 0.31871 0.060416 0.319655 0.059882 0.321081 0.003855 0.325249 0.005203 0.320932 0.060443 0.33025 0.008898 0.321676 0.061023 0.334285 0.012367 0.322389 0.061637 0.336842 0.014721 0.323064 0.062355 0.316836 0.062146 0.304288 0.01414 0.320874 0.062047 0.319349 0.061814 0.319747 0.062464 0.257465 0.185945 0.25796 0.185386 0.257894 0.18647 0.269518 0.182586 0.26494 0.176992 0.263017 0.175454 0.268957 0.157275 0.273946 0.159643 0.276615 0.130615 0.257481 0.127427 0.257329 0.155133 0.249454 0.127896 0.252174 0.155851 0.257199 0.174076 0.254623 0.174486 0.258058 0.184725 0.257343 0.18571 0.246796 0.156945 0.251855 0.17507 0.247583 0.178856 0.236129 0.163372 0.256349 0.18547 0.241701 0.13018 0.223285 0.138788 0.256691 0.186059 0.246476 0.180896 0.231806 0.16696 0.215531 0.143331 0.239432 0.116632 0.248983 0.117958 0.258337 0.115502 0.28217 0.115482 0.284507 0.133723 0.301666 0.145644 0.28453 0.168592 0.290911 0.120434 0.31047 0.132604 0.215644 0.12322 0.206913 0.129973 0.161635 0.107517 0.16114 0.108076 0.161206 0.106992 0.149582 0.110876 0.154161 0.116469 0.156083 0.118008 0.150143 0.136187 0.145154 0.133819 0.142485 0.162847 0.161619 0.166035 0.161772 0.138329 0.169646 0.165565 0.166926 0.137611 0.161901 0.119386 0.164478 0.118976 0.161042 0.108737 0.161757 0.107751 0.172304 0.136516 0.167245 0.118392 0.171517 0.114606 0.182971 0.13009 0.162751 0.107992 0.177399 0.163282 0.195815 0.154674 0.16241 0.107403 0.172624 0.112566 0.187294 0.126502 0.203569 0.150131 0.178926 0.173251 0.169884 0.173883 0.160828 0.175868 0.137675 0.176093 0.134593 0.159739 0.117434 0.147818 0.13457 0.12487 0.129006 0.170907 0.110177 0.15437 0.202002 0.167374 0.210071 0.162443 0.059455 0.186834 0.05995 0.186276 0.059885 0.187359 0.071508 0.183475 0.06693 0.177882 0.065008 0.176343 0.070947 0.158165 0.075937 0.160532 0.078606 0.131504 0.059471 0.128317 0.059319 0.156023 0.051444 0.128786 0.054165 0.15674 0.05919 0.174965 0.056613 0.175375 0.060048 0.185614 0.059333 0.1866 0.048787 0.157835 0.053845 0.175959 0.049574 0.179745 0.038119 0.164261 0.05834 0.186359 0.043692 0.131069 0.025276 0.139677 0.058681 0.186948 0.048466 0.181785 0.033797 0.16785 0.017522 0.14422 0.041675 0.11819 0.051139 0.117313 0.060363 0.11604 0.083541 0.118139 0.086497 0.134612 0.103656 0.146533 0.086521 0.169481 0.093247 0.120643 0.112849 0.132836 0.017664 0.12441 0.008465 0.130179 0.257465 0.185945 0.257894 0.18647 0.25796 0.185386 0.269518 0.182586 0.26494 0.176992 0.263017 0.175454 0.268957 0.157275 0.273946 0.159643 0.276615 0.130615 0.257481 0.127427 0.257329 0.155133 0.249454 0.127896 0.252174 0.155851 0.257199 0.174076 0.254623 0.174486 0.258058 0.184725 0.257343 0.18571 0.246796 0.156945 0.251855 0.17507 0.247583 0.178856 0.236129 0.163372 0.256349 0.18547 0.241701 0.13018 0.223285 0.138788 0.256691 0.186059 0.246476 0.180896 0.231806 0.16696 0.215531 0.143331 0.239432 0.116632 0.248983 0.117958 0.258337 0.115502 0.28217 0.115482 0.284507 0.133723 0.301666 0.145644 0.28453 0.168592 0.290911 0.120434 0.31047 0.132604 0.215644 0.12322 0.206913 0.129973 0.161635 0.107517 0.161206 0.106992 0.16114 0.108076 0.149582 0.110876 0.154161 0.116469 0.156083 0.118008 0.150143 0.136187 0.145154 0.133819 0.142485 0.162847 0.161619 0.166035 0.161772 0.138329 0.169646 0.165565 0.166926 0.137611 0.161901 0.119386 0.164478 0.118976 0.161042 0.108737 0.161757 0.107751 0.172304 0.136516 0.167245 0.118392 0.171517 0.114606 0.182971 0.13009 0.162751 0.107992 0.177399 0.163282 0.195815 0.154674 0.16241 0.107403 0.172624 0.112566 0.187294 0.126502 0.203569 0.150131 0.178926 0.173251 0.169884 0.173883 0.160828 0.175868 0.137675 0.176093 0.134593 0.159739 0.117434 0.147818 0.13457 0.12487 0.129006 0.170907 0.110177 0.15437 0.202002 0.167374 0.210071 0.162443 0.059455 0.186834 0.059885 0.187359 0.05995 0.186276 0.071508 0.183475 0.06693 0.177882 0.065008 0.176343 0.070947 0.158165 0.075937 0.160532 0.078606 0.131504 0.059471 0.128317 0.059319 0.156023 0.051444 0.128786 0.054165 0.15674 0.05919 0.174965 0.056613 0.175375 0.060048 0.185614 0.059333 0.1866 0.048787 0.157835 0.053845 0.175959 0.049574 0.179745 0.038119 0.164261 0.05834 0.186359 0.043692 0.131069 0.025276 0.139677 0.058681 0.186948 0.048466 0.181785 0.033797 0.16785 0.017522 0.14422 0.041675 0.11819 0.051139 0.117313 0.060363 0.11604 0.083541 0.118139 0.086497 0.134612 0.103656 0.146533 0.086521 0.169481 0.093247 0.120643 0.112849 0.132836 0.017664 0.12441 0.008465 0.130179 0.052405 0.098995 0.045046 0.077371 0.037957 0.081326 0.041055 0.061074 0.053238 0.057853 0.052846 0.074886 0.065262 0.061062 0.060499 0.077077 0.053532 0.040454 0.069793 0.044372 0.029557 0.066339 0.037626 0.044238 0.05434 0.021206 0.033463 0.025712 0.022112 0.050703 0.013798 0.03372 0.054683 0.012929 0.039581 0.014516 0.074972 0.026238 0.069778 0.015032 0.084511 0.052588 0.093866 0.036585 0.098911 0.027528 0.086414 0.019975 0.031422 0.016199 0.022808 0.018399 0.009549 0.024281 0.077472 0.01726 0.076111 0.067355 0.067258 0.081767 0.217849 0.098152 0.211262 0.076284 0.204038 0.079981 0.207846 0.059839 0.220139 0.05706 0.219147 0.074055 0.196164 0.0647 0.205005 0.042905 0.221033 0.039672 0.222527 0.020473 0.201491 0.024244 0.189283 0.048819 0.181569 0.031554 0.223167 0.01186 0.209522 0.010502 0.199219 0.011442 0.189672 0.015522 0.176762 0.020713 0.226714 0.076516 0.232028 0.060684 0.242657 0.067357 0.251571 0.052884 0.237147 0.044166 0.242963 0.026216 0.261477 0.037223 0.268134 0.027414 0.257238 0.019198 0.233302 0.081438 0.236509 0.01138 0.24698 0.013513 0.137161 0.007161 0.145647 0.028417 0.152443 0.023899 0.15041 0.044482 0.161724 0.038335 0.138227 0.047751 0.137847 0.030976 0.125995 0.044849 0.130072 0.028931 0.12248 0.061428 0.138851 0.065053 0.154487 0.061073 0.107175 0.054645 0.098676 0.071016 0.118244 0.079489 0.139035 0.084117 0.094675 0.079473 0.108874 0.085523 0.114729 0.039559 0.122994 0.024805 0.169499 0.053506 0.159557 0.079354 0.139083 0.09189 0.154754 0.089193 0.178646 0.06984 0.161697 0.087298 0.168117 0.084304 0.123442 0.089563 0.1164 0.087598 0.18304 0.077823 0.052405 0.098995 0.037957 0.081326 0.045046 0.077371 0.041055 0.061074 0.029557 0.066339 0.053238 0.057853 0.052846 0.074886 0.065262 0.061062 0.060499 0.077077 0.053532 0.040454 0.069793 0.044372 0.037626 0.044238 0.05434 0.021206 0.033463 0.025712 0.022112 0.050703 0.013798 0.03372 0.054683 0.012929 0.039581 0.014516 0.074972 0.026238 0.069778 0.015032 0.084511 0.052588 0.076111 0.067355 0.093866 0.036585 0.098911 0.027528 0.086414 0.019975 0.031422 0.016199 0.022808 0.018399 0.009549 0.024281 0.077472 0.01726 0.067258 0.081767 0.217849 0.098152 0.204038 0.079981 0.211262 0.076284 0.207846 0.059839 0.220139 0.05706 0.219147 0.074055 0.196164 0.0647 0.205005 0.042905 0.221033 0.039672 0.222527 0.020473 0.201491 0.024244 0.189283 0.048819 0.181569 0.031554 0.223167 0.01186 0.209522 0.010502 0.199219 0.011442 0.189672 0.015522 0.176762 0.020713 0.226714 0.076516 0.232028 0.060684 0.242657 0.067357 0.251571 0.052884 0.237147 0.044166 0.242963 0.026216 0.261477 0.037223 0.268134 0.027414 0.257238 0.019198 0.233302 0.081438 0.236509 0.01138 0.24698 0.013513 0.137161 0.007161 0.152443 0.023899 0.145647 0.028417 0.15041 0.044482 0.161724 0.038335 0.138227 0.047751 0.137847 0.030976 0.125995 0.044849 0.130072 0.028931 0.12248 0.061428 0.138851 0.065053 0.154487 0.061073 0.107175 0.054645 0.098676 0.071016 0.118244 0.079489 0.139035 0.084117 0.094675 0.079473 0.108874 0.085523 0.114729 0.039559 0.122994 0.024805 0.169499 0.053506 0.159557 0.079354 0.139083 0.09189 0.154754 0.089193 0.178646 0.06984 0.161697 0.087298 0.168117 0.084304 0.123442 0.089563 0.18304 0.077823 0.1164 0.087598 0.238924 0.334913 0.232904 0.310715 0.24421 0.312658 0.226606 0.333396 0.241678 0.278236 0.248709 0.279512 0.248896 0.247467 0.252484 0.248323 0.208072 0.32963 0.222276 0.30766 0.235016 0.276415 0.245534 0.246374 0.200066 0.325433 0.214895 0.30402 0.229914 0.274251 0.242544 0.244966 0.254492 0.313234 0.253785 0.336335 0.25646 0.248682 0.255507 0.280001 0.254277 0.229338 0.252528 0.230157 0.251945 0.227708 0.257189 0.22471 0.268706 0.335822 0.26479 0.313286 0.276193 0.312036 0.281093 0.33506 0.269417 0.279081 0.262322 0.279926 0.264084 0.247929 0.260451 0.248565 0.299822 0.332435 0.286988 0.309636 0.276178 0.277669 0.267507 0.247043 0.308071 0.328735 0.294578 0.306453 0.281402 0.275819 0.270577 0.245819 0.259814 0.229507 0.258934 0.231468 0.26151 0.23043 0.262241 0.228021 0.257031 0.229885 0.255036 0.231349 0.499633 0.048131 0.833746 0.048131 0.499633 0.048131 0.833746 0.048131 0.736221 0.123571 0.70668 0.159666 0.676537 0.34532 0.700816 0.302755 0.75859 0.257118 0.713752 0.267524 0.755459 0.234084 0.715944 0.237577 0.823368 0.240973 0.81769 0.226454 0.875413 0.22674 0.869305 0.218725 0.599406 0.123571 0.628948 0.159666 0.659091 0.34532 0.634812 0.302755 0.577038 0.257118 0.621876 0.267524 0.580169 0.234084 0.619684 0.237577 0.512259 0.240973 0.517938 0.226454 0.460214 0.22674 0.466322 0.218725 0.736221 0.123571 0.70668 0.159666 0.676537 0.34532 0.700816 0.302755 0.75859 0.257118 0.713752 0.267524 0.755459 0.234084 0.715944 0.237577 0.823368 0.240973 0.81769 0.226454 0.875413 0.22674 0.869305 0.218725 0.599406 0.123571 0.628948 0.159666 0.659091 0.34532 0.634812 0.302755 0.577038 0.257118 0.621876 0.267524 0.580169 0.234084 0.619684 0.237577 0.512259 0.240973 0.517938 0.226454 0.460214 0.22674 0.466322 0.218725 0.666799 0.300254 0.643215 0.284979 0.646918 0.282313 0.666998 0.301297 0.667349 0.299853 0.655334 0.277513 0.667734 0.299422 0.664146 0.273128 0.668586 0.299623 0.668589 0.300551 0.669436 0.299416 0.673018 0.273132 0.669822 0.299845 0.681829 0.277516 0.690244 0.282322 0.670373 0.300244 0.693944 0.284993 0.670181 0.301289 0.668583 0.271678 0.769908 0.030202 0.749077 0.01671 0.752348 0.014355 0.770083 0.031123 0.770394 0.029848 0.759781 0.010115 0.770734 0.029467 0.767565 0.006242 0.771486 0.029645 0.771489 0.030465 0.772237 0.029462 0.775402 0.006245 0.772579 0.029841 0.783184 0.010118 0.790617 0.014363 0.773065 0.030193 0.793885 0.016722 0.772896 0.031116 0.771484 0.004961 0.810576 0.040882 0.79131 0.028403 0.794335 0.026225 0.810738 0.041734 0.811025 0.040555 0.80121 0.022304 0.81134 0.040202 0.808409 0.018722 0.812036 0.040367 0.812038 0.041125 0.812731 0.040198 0.815657 0.018725 0.813046 0.040548 0.822855 0.022307 0.829729 0.026233 0.813496 0.040874 0.832752 0.028415 0.813339 0.041728 0.812033 0.017537 0.837024 0.021244 0.821409 0.01113 0.82386 0.009365 0.837155 0.021935 0.837388 0.020979 0.829433 0.006187 0.837643 0.020693 0.835267 0.003284 0.838207 0.020827 0.838209 0.021441 0.83877 0.020689 0.841142 0.003286 0.839026 0.020974 0.846976 0.006189 0.852547 0.009371 0.839391 0.021238 0.854997 0.01114 0.839263 0.02193 0.838205 0.002323 0.853768 0.038142 0.839717 0.029041 0.841923 0.027453 0.853886 0.038763 0.846937 0.024593 0.854095 0.037903 0.854324 0.037646 0.852187 0.021981 0.854832 0.037766 0.854834 0.038319 0.855339 0.037642 0.857473 0.021983 0.85483 0.021117 0.8847 0.033627 0.874427 0.026973 0.87604 0.025812 0.884786 0.034081 0.879706 0.023722 0.884939 0.033452 0.885107 0.033264 0.883544 0.021812 0.885478 0.033352 0.885479 0.033756 0.885848 0.033262 0.887408 0.021813 0.886016 0.033449 0.891246 0.023723 0.894911 0.025816 0.886256 0.033622 0.896523 0.02698 0.886173 0.034078 0.885476 0.02118 0.888606 0.013953 0.879771 0.008231 0.881158 0.007232 0.88868 0.014344 0.884311 0.005434 0.888811 0.013803 0.888956 0.013641 0.887612 0.003792 0.889275 0.013717 0.889276 0.014064 0.889593 0.013639 0.890935 0.003793 0.889738 0.0138 0.894236 0.005435 0.897388 0.007236 0.889944 0.013949 0.898774 0.008236 0.889872 0.014341 0.889274 0.003248 0.905055 0.026556 0.895263 0.020213 0.8968 0.019106 0.905137 0.026988 0.900295 0.017113 0.905283 0.026389 0.905443 0.02621 0.903953 0.015293 0.905797 0.026294 0.905798 0.026679 0.90615 0.026208 0.907637 0.015294 0.90631 0.026386 0.911296 0.017114 0.914789 0.01911 0.906539 0.026551 0.916326 0.020219 0.906459 0.026985 0.905795 0.01469 0.702071 0.044139 0.684331 0.033836 0.688603 0.030634 0.69982 0.046333 0.675128 0.026423 0.68061 0.022476 0.705919 0.04134 0.697915 0.025244 0.709909 0.03904 0.707588 0.020354 0.693069 0.01537 0.706115 0.008879 0.712671 0.038285 0.712678 0.018742 0.712683 0.006732 0.708528 0.048733 0.70771 0.050575 0.710043 0.049037 0.710336 0.05058 0.710856 0.048443 0.709797 0.047543 0.711426 0.047805 0.711081 0.046744 0.712687 0.048103 0.712685 0.046523 0.712692 0.049477 0.714288 0.046735 0.713946 0.047796 0.715575 0.047527 0.714518 0.048432 0.716846 0.048716 0.715334 0.049022 0.717669 0.050556 0.715049 0.050569 0.725528 0.046316 0.723279 0.044121 0.741018 0.033849 0.736751 0.03064 0.750229 0.026444 0.744751 0.02249 0.719429 0.041326 0.727442 0.025244 0.715434 0.039033 0.717768 0.020356 0.732293 0.015375 0.719249 0.008884 0.658276 0.130609 0.640536 0.120306 0.644808 0.117104 0.656025 0.132804 0.631333 0.112893 0.636815 0.108946 0.662123 0.12781 0.654119 0.111714 0.649274 0.10184 0.664732 0.135203 0.663915 0.137045 0.666247 0.135507 0.666541 0.137051 0.667061 0.134913 0.666002 0.134013 0.667631 0.134275 0.668892 0.134573 0.668896 0.135947 0.670151 0.134266 0.671779 0.133997 0.670723 0.134902 0.67305 0.135186 0.671539 0.135493 0.673873 0.137026 0.671254 0.137039 0.681733 0.132787 0.679484 0.130591 0.697222 0.120319 0.692956 0.11711 0.706433 0.112915 0.700956 0.10896 0.675633 0.127796 0.683646 0.111714 0.688498 0.101845 0.206232 0.803728 0.314617 0.786887 0.310524 0.743989 0.369993 0.772546 0.183558 0.642988 0.15322 0.656749 0.878228 0.943056 0.882184 0.920528 0.869902 0.924747 0.894589 0.941 0.858171 0.946681 0.854487 0.931281 0.894063 0.914788 0.900698 0.927906 0.906213 0.910931 0.910785 0.928664 0.924147 0.934274 0.919687 0.908748 0.937985 0.945902 0.945353 0.969167 0.967421 0.98335 0.947417 0.982913 0.993292 0.979559 0.954566 0.902627 0.983893 0.896616 0.909706 0.88838 0.895606 0.892638 0.881494 0.896217 0.881672 0.876738 0.867248 0.901593 0.864629 0.878726 0.845513 0.883162 0.86746 0.862668 0.848997 0.861922 0.82917 0.864026 0.823502 0.838972 0.887329 0.859154 0.88105 0.843451 0.864355 0.842519 0.844139 0.838763 0.831701 0.813521 0.890464 0.838845 0.900694 0.851831 0.899797 0.831656 0.91797 0.842516 0.921616 0.864452 0.898428 0.873233 0.946158 0.857621 0.926776 0.884395 0.949331 0.879658 0.932941 0.908777 0.946809 0.835895 0.976933 0.87448 0.973855 0.851837 0.946965 0.817832 0.972138 0.742721 0.951394 0.7194 0.969914 0.717018 0.94695 0.688644 0.926165 0.695981 0.886052 0.720788 0.873011 0.725599 0.816548 0.690155 0.837588 0.667856 0.904385 0.709705 0.908916 0.729513 0.931186 0.725635 0.929709 0.81831 0.398739 0.819558 0.643459 0.454345 0.768618 0.82383 0.806191 0.808476 0.821102 0.787901 0.751697 0.805643 0.730975 0.828981 0.822662 0.812886 0.853971 0.762325 0.746576 0.846561 0.786607 0.546362 0.964368 0.644663 0.962097 0.588629 0.967615 0.685157 0.93144 0.565187 0.904494 0.551318 0.864556 0.538563 0.80697 0.519366 0.968464 0.510901 0.944518 0.508216 0.918881 0.501612 0.8821 0.494323 0.828994 0.482658 0.972581 0.450671 0.95159 0.450818 0.929902 0.447508 0.89839 0.444379 0.853383 0.438593 0.977396 0.38963 0.958723 0.391444 0.939826 0.38984 0.913876 0.389668 0.876285 0.387031 0.980858 0.323318 0.966257 0.327239 0.950152 0.328052 0.928427 0.329502 0.899211 0.328512 0.984551 0.258685 0.972859 0.262154 0.959797 0.263372 0.942314 0.266632 0.91845 0.270723 0.990556 0.188361 0.98006 0.190478 0.970636 0.192381 0.957989 0.196251 0.941315 0.200136 0.957989 0.196251 0.970636 0.192381 0.942314 0.266632 0.959797 0.263372 0.928427 0.329502 0.950152 0.328052 0.913876 0.389668 0.939826 0.38984 0.89839 0.444379 0.929902 0.447508 0.8821 0.494323 0.918881 0.501612 0.864556 0.538563 0.904494 0.551318 0.837588 0.667856 0.816548 0.690155 0.886052 0.720788 0.873011 0.725599 0.904385 0.709705 0.908916 0.729513 0.926165 0.695981 0.931186 0.725635 0.94695 0.688644 0.951394 0.7194 0.93144 0.565187 0.944518 0.508216 0.95159 0.450818 0.958723 0.391444 0.966257 0.327239 0.972859 0.262154 0.98006 0.190478 0.460855 0.517172 0.457779 0.533087 0.474514 0.556232 0.477738 0.548411 0.422703 0.554432 0.420648 0.540841 0.515482 0.55941 0.493841 0.560229 0.477287 0.569587 0.460087 0.573852 0.437379 0.563334 0.425669 0.569269 0.409368 0.573367 0.393394 0.576594 0.382653 0.586958 0.376812 0.577422 0.354094 0.583358 0.435576 0.762055 0.400044 0.54444 0.387741 0.562666 0.403608 0.558092 0.374081 0.567222 0.353971 0.565396 0.339229 0.573562 0.34199 0.549352 0.331484 0.566622 0.327938 0.582701 0.316924 0.594607 0.300414 0.602017 0.302841 0.605859 0.314445 0.589077 0.346181 0.596628 0.363617 0.613357 0.387472 0.67299 0.469353 0.731453 0.439819 0.751394 0.328276 0.428609 0.420451 0.489684 0.463925 0.480775 0.456663 0.478883 0.457314 0.464771 0.110674 0.462449 0.131304 0.467357 0.127856 0.210835 0.729231 0.336649 0.744867 0.333072 0.760497 0.332991 0.811413 0.348159 0.751697 0.805643 0.821102 0.787901 0.853971 0.762325 0.806191 0.808476 0.768618 0.82383 0.822662 0.812886 0.823502 0.838972 0.831701 0.813521 0.844139 0.838763 0.82917 0.864026 0.845513 0.883162 0.867248 0.901593 0.869902 0.924747 0.882184 0.920528 0.878228 0.943056 0.894589 0.941 0.894063 0.914788 0.900698 0.927906 0.906213 0.910931 0.924147 0.934274 0.910785 0.928664 0.919687 0.908748 0.937985 0.945902 0.945353 0.969167 0.967421 0.98335 0.947417 0.982913 0.954566 0.902627 0.909706 0.88838 0.895606 0.892638 0.881494 0.896217 0.881672 0.876738 0.864629 0.878726 0.86746 0.862668 0.848997 0.861922 0.926776 0.884395 0.932941 0.908777 0.887329 0.859154 0.921616 0.864452 0.898428 0.873233 0.949331 0.879658 0.946158 0.857621 0.91797 0.842516 0.900694 0.851831 0.946809 0.835895 0.864355 0.842519 0.899797 0.831656 0.890464 0.838845 0.946965 0.817832 0.929709 0.81831 0.350354 0.214961 0.366856 0.347252 0.346444 0.360435 0.348997 0.351839 0.537909 0.758761 0.52133 0.9555 0.366578 0.93045 0.324843 0.577638 0.171448 0.630052 0.21814 0.632643 0.206232 0.803728 0.314617 0.786887 0.310524 0.743989 0.643459 0.454345 0.88105 0.843451 0.460855 0.517172 0.457779 0.533087 0.474514 0.556232 0.477738 0.548411 0.422703 0.554432 0.420648 0.540841 0.515482 0.55941 0.493841 0.560229 0.477287 0.569587 0.460087 0.573852 0.437379 0.563334 0.425669 0.569269 0.409368 0.573367 0.393394 0.576594 0.382653 0.586958 0.376812 0.577422 0.354094 0.583358 0.435576 0.762055 0.400044 0.54444 0.387741 0.562666 0.403608 0.558092 0.374081 0.567222 0.353971 0.565396 0.339229 0.573562 0.34199 0.549352 0.331484 0.566622 0.327938 0.582701 0.316924 0.594607 0.300414 0.602017 0.302841 0.605859 0.314445 0.589077 0.346181 0.596628 0.363617 0.613357 0.387472 0.67299 0.469353 0.731453 0.439819 0.751394 0.328276 0.428609 0.420451 0.489684 0.463925 0.480775 0.456663 0.478883 0.457314 0.464771 0.110674 0.462449 0.131304 0.467357 0.127856 0.210835 0.729231 0.336649 0.744867 0.333072 0.760497 0.332991 0.811413 0.348159 0.350354 0.214961 0.366856 0.347252 0.346444 0.360435 0.348997 0.351839 0.537909 0.758761 0.52133 0.9555 0.366578 0.93045 0.324843 0.577638 0.171448 0.630052 0.21814 0.632643 0.492724 0.554017 0.516177 0.555193 0.492724 0.554017 0.516177 0.555193</float_array>
          <technique_common>
            <accessor source="#GeometrySource2-array" count="4531" stride="2">
              <param name="S" type="float"/>
              <param name="T" type="float"/>
            </accessor>
          </technique_common>
        </source>
        <vertices id="Geometry-vertices">
          <input semantic="POSITION" source="#GeometrySource"/>
          <input semantic="NORMAL" source="#GeometrySource1"/>
          <input semantic="TEXCOORD" source="#GeometrySource2"/>
        </vertices>
        <triangles material="VisualMaterial0" count="6670">
          <input semantic="VERTEX" source="#Geometry-vertices" offset="0"/>
          <p>0 1 2 3 0 2 3 4 0 3 2 5 6 3 5 6 5 7 8 9 10 11 9 8 11 8 12 11 13 9 14 13 11 14 15 13 16 17 18 19 17 16 19 16 20 19 21 17 22 21 19 22 23 21 24 25 26 27 24 26 27 28 24 27 26 29 30 27 29 30 29 31 32 33 34 32 34 35 32 35 36 36 35 37 36 37 38 37 35 39 37 39 40 40 39 41 40 41 42 42 41 43 44 45 46 44 47 45 46 45 48 46 48 49 50 51 52 50 53 51 54 55 56 54 57 55 58 59 47 58 60 59 61 47 44 61 58 47 62 63 64 62 65 63 66 67 68 66 68 69 70 71 72 70 73 71 74 75 76 74 76 77 78 79 80 78 81 79 78 63 65 78 80 82 83 84 85 83 86 84 83 87 86 87 88 86 87 89 88 88 90 86 88 91 90 91 92 90 91 93 92 93 94 92 95 96 97 95 98 96 98 99 96 98 100 99 101 102 103 101 103 104 105 106 107 105 107 108 109 110 111 109 97 110 112 97 109 112 95 97 113 114 115 113 116 114 117 118 119 117 120 118 121 122 123 121 123 124 125 126 127 125 128 126 129 130 131 129 132 133 129 115 114 129 131 132 134 135 136 134 137 135 134 138 137 138 139 137 138 140 139 139 141 137 139 142 141 142 143 141 142 144 143 144 145 143 146 147 148 146 149 147 149 150 147 149 151 150 152 153 154 152 155 153 156 157 158 156 158 159 160 148 161 160 161 162 163 148 160 163 146 148 164 165 166 164 167 165 168 169 170 168 171 169 172 173 174 172 174 175 176 177 178 176 179 177 180 181 182 180 182 183 180 183 184 180 166 165 185 186 187 185 187 188 185 188 189 189 188 190 189 190 191 190 188 192 190 192 193 193 192 194 193 194 195 195 194 196 197 198 199 197 200 198 199 198 201 199 201 202 203 204 205 203 205 206 207 208 209 207 210 208 211 212 213 211 213 200 214 200 197 214 211 200 215 216 217 215 218 216 219 220 221 219 221 222 223 224 225 223 226 224 227 228 229 227 229 230 231 232 233 231 216 218 231 234 235 231 233 234 236 237 238 236 239 237 238 237 240 238 240 241 242 236 238 242 238 243 243 238 241 244 242 243 244 243 245 243 241 246 245 243 246 245 246 247 248 244 245 248 245 249 249 245 247 249 247 250 251 239 236 251 252 239 253 252 251 253 254 252 255 254 253 255 253 251 256 251 236 256 236 242 255 251 256 257 255 256 258 242 244 258 256 242 257 256 258 259 257 258 259 258 260 260 258 244 260 244 248 257 261 255 255 261 254 257 259 261 259 260 262 259 262 263 263 261 259 263 262 264 263 264 265 263 265 261 265 264 266 265 266 267 267 266 268 265 267 269 267 268 269 265 269 261 266 270 268 266 271 270 264 271 266 271 272 270 271 273 272 273 274 272 273 275 274 276 273 271 262 276 264 264 276 271 277 275 273 276 277 273 278 277 276 260 278 262 262 278 276 260 248 278 248 249 279 278 279 277 248 279 278 279 280 277 277 280 275 249 281 279 249 250 281 279 281 280 282 283 284 282 285 283 286 285 282 286 282 284 286 284 287 288 286 287 288 287 289 290 288 289 288 291 286 286 291 285 288 290 291 292 291 290 293 292 290 292 294 291 294 292 293 294 293 295 296 294 295 296 297 294 298 297 296 294 299 291 298 299 297 294 297 299 293 290 300 290 289 300 301 302 303 301 304 302 305 304 301 305 306 304 307 308 309 307 310 308 311 307 309 312 310 307 311 312 307 313 312 311 313 311 314 315 313 314 313 315 316 312 316 310 313 316 312 317 316 315 318 317 315 319 317 318 317 319 316 319 318 320 321 319 320 321 322 319 323 322 321 323 324 322 319 324 316 319 322 324 318 315 325 315 314 325 326 327 328 326 329 327 328 327 330 328 330 331 332 326 328 332 328 333 333 328 331 334 332 333 334 333 335 333 331 336 335 333 336 335 336 337 338 334 335 338 335 339 339 335 337 339 337 340 341 329 326 341 342 329 343 342 341 343 344 342 345 343 341 345 344 343 346 326 332 345 341 346 346 341 326 347 345 346 347 346 348 348 332 334 348 346 332 349 347 348 350 334 338 349 348 350 350 348 334 347 351 345 347 349 351 345 351 344 349 350 352 349 352 353 353 351 349 353 352 354 353 354 355 353 355 351 355 354 356 355 356 357 357 356 358 355 357 359 357 358 359 355 359 351 356 360 358 356 361 360 354 361 356 361 362 360 361 363 362 363 364 362 363 365 364 366 363 361 354 366 361 352 366 354 366 367 363 367 365 363 368 367 366 352 368 366 350 338 368 350 368 352 338 369 368 338 339 369 368 369 367 367 370 365 369 370 367 369 371 370 339 340 371 339 371 369 372 373 374 375 374 376 372 374 375 375 376 377 378 379 373 378 373 372 378 372 380 378 380 381 372 375 382 372 382 380 375 377 383 375 383 382 384 385 386 384 387 385 386 385 388 386 388 389 390 384 386 390 386 391 391 386 389 392 390 391 392 391 393 393 391 394 391 389 394 393 394 395 396 392 393 396 393 397 397 393 395 397 395 398 399 387 384 399 400 387 401 400 399 401 402 400 403 402 401 403 401 399 404 384 390 404 399 384 403 399 404 405 403 404 406 404 390 406 390 392 405 404 406 407 405 406 408 392 396 408 406 392 407 406 408 405 407 409 403 409 402 405 409 403 407 408 410 407 410 411 411 409 407 411 410 412 411 412 413 411 413 409 413 412 414 413 414 415 415 414 416 413 417 409 413 415 417 415 416 417 414 418 416 414 419 418 412 419 414 419 420 418 419 421 420 421 422 420 421 423 422 424 421 419 412 424 419 410 424 412 425 423 421 424 425 421 408 426 410 408 396 426 410 426 424 426 425 424 396 427 426 426 427 425 396 397 427 425 428 423 427 428 425 427 429 428 397 429 427 397 398 429 430 431 432 430 433 431 434 433 430 431 435 432 432 435 436 432 436 437 432 437 438 438 437 439 440 441 442 440 443 441 444 443 440 441 445 442 442 445 446 442 446 447 442 447 448 448 447 449 450 451 452 450 453 451 454 453 450 451 455 452 452 455 456 452 456 457 452 457 458 458 457 459 460 461 462 460 463 461 464 463 460 461 465 462 462 465 466 462 466 467 462 467 468 468 467 469 470 471 472 470 473 471 474 473 470 471 475 472 472 475 476 472 476 477 472 477 478 478 477 479 480 481 482 480 483 481 484 483 480 481 485 482 482 485 486 482 486 487 482 487 488 488 487 489 490 491 492 493 491 490 492 494 490 490 494 495 496 497 498 499 497 496 498 500 496 496 500 501 502 503 504 505 503 502 504 506 502 502 506 507 508 509 510 511 509 508 510 512 508 508 512 513 514 515 516 517 515 514 516 518 514 514 518 519 520 521 522 523 521 520 522 524 520 520 524 525 526 527 528 529 527 526 528 530 526 526 530 531 532 533 534 535 533 532 534 536 532 532 536 537 538 539 540 541 539 538 540 542 538 538 542 543 544 545 546 547 545 544 546 548 544 544 548 549 550 551 552 553 551 550 552 554 550 550 554 555 556 557 558 559 557 556 558 560 556 556 560 561 562 563 564 565 563 562 564 566 562 562 566 567 568 569 570 571 569 568 570 572 568 568 572 573 574 575 576 576 577 574 578 575 574 574 577 579 580 581 582 582 583 580 584 581 580 580 583 585 586 587 588 588 589 586 590 587 586 586 589 591 592 593 594 594 595 592 596 593 592 592 595 597 598 599 600 600 601 598 602 599 598 598 601 603 604 605 606 606 607 604 608 605 604 604 607 609 610 611 612 610 613 611 614 610 612 611 613 615 613 616 615 613 617 616 613 618 617 618 619 617 620 621 622 620 623 621 624 620 622 621 623 625 623 626 625 623 627 626 623 628 627 628 629 627 630 631 632 630 633 631 634 630 632 631 633 635 633 636 635 633 637 636 633 638 637 638 639 637 640 641 642 640 643 641 644 640 642 641 643 645 643 646 645 643 647 646 643 648 647 648 649 647 650 651 652 650 653 651 654 650 652 651 653 655 653 656 655 653 657 656 653 658 657 658 659 657 660 661 662 660 663 661 664 660 662 661 663 665 663 666 665 663 667 666 663 668 667 668 669 667 670 671 672 673 670 672 671 670 674 670 675 674 676 677 678 679 676 678 677 676 680 676 681 680 682 683 684 685 682 684 683 682 686 682 687 686 688 689 690 691 688 690 689 688 692 688 693 692 694 695 696 697 694 696 695 694 698 694 699 698 700 701 702 703 700 702 701 700 704 700 705 704 706 707 708 709 706 708 707 706 710 706 711 710 712 713 714 715 712 714 713 712 716 712 717 716 718 719 720 721 718 720 719 718 722 718 723 722 724 725 726 727 724 726 725 724 728 724 729 728 730 731 732 733 730 732 731 730 734 730 735 734 736 737 738 739 736 738 737 736 740 736 741 740 742 743 744 745 742 744 743 742 746 742 747 746 748 749 750 749 748 751 752 748 750 748 753 751 754 755 756 755 754 757 758 754 756 754 759 757 760 761 762 761 760 763 764 760 762 760 765 763 766 767 768 767 766 769 770 766 768 766 771 769 772 773 774 773 772 775 776 772 774 772 777 775 778 779 780 779 778 781 782 778 780 778 783 781 784 785 786 784 787 785 786 785 788 786 788 789 789 788 790 789 790 791 791 790 792 791 792 793 793 792 794 793 794 795 795 794 796 795 796 797 797 796 798 797 798 799 799 798 800 799 800 801 801 800 802 801 802 803 803 802 804 803 804 805 805 804 806 805 806 807 807 806 808 787 809 808 787 784 809 807 808 809 796 810 798 798 810 811 798 811 800 810 812 811 811 812 813 800 814 802 800 811 814 811 813 814 814 813 815 802 816 804 802 814 816 814 815 816 816 815 817 816 817 818 804 816 818 804 818 806 818 817 819 806 818 820 806 820 808 818 819 820 821 820 819 822 808 820 821 822 820 822 787 808 822 821 823 822 823 824 787 822 824 787 824 785 810 825 812 796 826 810 826 825 810 794 826 796 826 827 825 792 828 794 794 828 826 828 827 826 828 829 827 790 830 792 830 829 828 792 830 828 830 831 829 790 832 830 788 832 790 832 831 830 832 833 831 785 824 834 834 833 832 785 834 788 788 834 832 834 835 833 824 835 834 824 823 835 836 821 819 821 836 823 836 831 833 836 833 835 836 835 823 837 812 825 837 813 812 837 815 813 837 827 829 837 825 827 838 836 819 815 837 838 838 829 831 838 837 829 836 838 831 815 838 817 838 819 817 839 840 841 839 842 840 843 839 841 843 841 844 845 843 844 845 844 846 842 847 840 842 848 847 848 849 847 848 850 849 849 850 851 849 851 852 851 853 852 851 854 853 854 855 853 854 856 855 852 853 857 849 852 858 852 857 858 853 855 859 853 859 857 856 860 855 856 861 860 861 862 860 861 863 862 863 864 862 863 865 864 864 865 866 867 866 845 867 845 846 864 866 867 858 857 868 858 868 869 857 859 870 857 870 868 862 864 871 860 862 872 862 871 872 860 872 873 855 860 873 859 855 874 855 873 874 870 859 875 859 874 875 870 875 876 874 873 877 875 874 878 874 877 878 879 872 871 873 872 879 873 879 877 876 875 880 875 878 880 876 880 881 870 876 882 868 870 883 870 882 883 876 881 884 876 884 882 883 882 885 883 885 886 887 883 886 868 883 887 869 868 887 869 887 888 889 888 887 882 890 885 882 884 890 885 890 891 885 891 892 892 891 893 892 893 894 885 892 895 892 894 896 892 896 895 885 895 897 895 896 898 895 898 899 897 895 899 897 899 900 900 886 885 900 885 897 900 889 901 889 887 901 887 886 901 900 901 886 900 902 889 898 903 899 898 904 903 900 899 905 900 905 902 905 899 906 902 905 906 902 906 907 889 902 907 888 889 908 889 907 908 888 908 909 869 888 909 858 869 910 869 909 910 849 858 911 858 910 911 912 847 849 840 847 912 912 849 911 840 912 913 841 840 913 841 913 914 844 841 914 846 844 915 844 914 915 916 867 846 846 915 916 916 917 867 918 917 916 918 919 917 920 919 918 920 921 919 922 921 920 922 923 921 924 923 922 925 923 924 925 926 923 924 922 927 916 915 928 916 928 918 918 928 929 918 929 920 920 930 922 920 929 930 928 931 929 915 914 932 915 932 928 928 932 931 929 931 933 929 933 930 922 930 934 922 934 927 930 933 935 930 935 934 914 936 932 914 913 936 932 936 937 932 937 931 931 937 938 931 938 933 933 938 939 933 939 935 913 912 940 940 912 911 913 940 936 936 941 937 936 940 941 937 941 942 937 942 938 938 942 943 938 943 939 940 911 944 941 944 942 941 940 944 942 944 945 911 910 945 942 945 943 911 945 944 910 946 945 909 947 910 910 947 946 947 948 946 909 949 947 908 949 909 947 949 948 950 908 907 908 950 949 951 907 906 899 951 906 899 903 951 951 950 907 951 903 904 951 904 952 953 952 904 898 954 904 953 904 954 955 953 954 898 955 954 956 898 896 956 955 898 957 894 893 957 956 896 957 896 894 958 956 957 957 893 959 958 957 959 958 959 960 961 958 960 962 958 961 963 962 961 964 962 963 965 964 963 966 964 965 967 966 965 967 965 968 969 967 968 970 967 969 970 966 967 970 969 971 969 968 972 972 968 973 972 973 974 968 965 975 968 975 973 965 963 975 974 973 976 974 976 977 977 976 978 977 978 979 979 978 980 979 980 981 980 982 981 980 983 982 983 984 982 983 985 984 984 985 986 984 986 987 987 986 988 987 988 989 989 988 990 989 990 991 991 990 992 993 970 971 993 992 970 991 992 993 980 994 983 995 985 983 995 983 996 997 995 996 997 996 998 999 997 998 999 998 1000 1001 999 1000 924 927 1001 1001 927 934 1001 1000 1002 924 1001 1002 925 924 1002 925 1002 1003 995 997 1004 995 1004 1005 985 995 1005 985 1005 986 997 999 1006 997 1006 1004 999 1007 1006 999 1001 1007 1001 934 1007 1007 934 935 986 1008 988 986 1005 1008 1005 1004 1009 1005 1009 1008 1004 1006 1010 1004 1010 1009 1006 1007 1011 1006 1011 1010 1007 935 1011 1011 935 939 988 1012 990 988 1008 1012 1008 1009 1013 1008 1013 1012 1009 1010 1014 1009 1014 1013 1010 1015 1014 1011 939 1015 1010 1011 1015 1015 939 943 990 1012 1016 990 1016 992 1016 970 992 1012 1017 1016 1012 1013 1017 1013 1018 1017 1013 1014 1018 1015 943 1019 1014 1015 1019 1014 1019 1018 1019 943 945 970 1020 966 1017 1020 1016 1016 1020 970 1018 1021 1017 1019 945 1021 1017 1021 1020 1018 1019 1021 1020 1021 945 1022 945 946 966 1020 1022 1020 945 1022 966 1023 964 966 1022 1023 1023 1024 964 964 1024 962 1023 1025 1024 1026 1024 1025 962 1027 958 1024 1027 962 1028 958 1027 1028 1026 1029 1028 1027 1030 1026 1030 1024 1028 1030 1026 1024 1030 1027 1031 1028 955 1028 1031 958 1031 955 956 958 1031 956 1026 1032 1029 1026 1033 1032 1025 1033 1026 1023 1034 1025 1025 1034 1033 1023 1022 1034 1035 1032 1033 953 1032 1035 1033 1034 1036 1033 1036 1035 1034 1037 1036 1037 948 1036 1034 1022 1037 1022 946 1037 1037 946 948 1029 1032 1038 953 1038 1032 955 1038 953 1028 1039 955 1028 1029 1039 1039 1038 955 1029 1038 1039 864 1040 871 864 867 1040 1041 871 1040 879 871 1042 1042 871 1041 1042 1041 1043 1044 1045 1046 1044 1046 1047 1047 1046 1048 1047 1048 1049 1049 1048 1050 1049 1050 1051 1051 1050 1052 1051 1052 1053 1053 1052 1054 1053 1054 1055 1055 1054 1056 1055 1056 1057 1057 1056 1058 1057 1058 1059 1059 1058 1060 1059 1060 1061 1061 1060 1062 1050 1048 1063 1048 1064 1063 1048 1046 1064 1050 1063 1065 1052 1050 1065 1054 1052 1066 1052 1065 1066 1056 1054 1067 1054 1066 1067 1058 1056 1068 1056 1067 1068 1060 1058 1069 1058 1068 1069 1060 1069 1070 1062 1060 1070 1069 1071 1070 1062 1070 1071 1046 1045 1072 1046 1072 1064 1073 1041 1074 1073 1074 1075 1075 1074 1076 1072 1075 1077 1075 1076 1077 1072 1077 1078 1069 1079 1071 1080 1078 1081 1080 1081 1082 1080 1082 1083 1080 1083 1084 1074 1041 1085 1041 1040 1085 1076 1074 1086 1076 1086 1087 1074 1085 1086 1085 1040 1088 1040 867 1089 1040 1089 1088 867 1090 1089 867 917 1090 1085 1088 1091 1086 1085 1091 1092 1087 1093 1092 1093 1094 1087 1095 1093 1086 1091 1095 1087 1086 1095 1096 1097 1098 1096 1098 1099 917 1100 1090 917 919 1100 919 1101 1100 919 921 1101 921 923 1102 921 1102 1101 923 926 1103 923 1103 1102 1094 1093 1104 1093 1105 1104 1093 1095 1105 1095 1106 1105 1095 1091 1106 1091 1088 1107 1091 1107 1106 1088 1108 1107 1088 1089 1108 1089 1109 1108 1089 1090 1109 1090 1100 1110 1090 1110 1109 1100 1111 1110 1100 1101 1111 1101 1102 1112 1101 1112 1111 1113 1110 1111 1112 1113 1111 1112 1114 1113 1115 1114 1112 1102 1116 1112 1115 1112 1116 1102 1103 1116 1109 1117 1108 1106 1107 1117 1107 1108 1117 1113 1118 1110 1109 1110 1118 1109 1118 1117 1105 1106 1119 1106 1117 1119 1105 1119 1120 1120 1104 1105 1121 1104 1120 1121 1122 1104 1094 1104 1122 1098 1094 1122 1099 1098 1123 1122 1121 1123 1098 1122 1123 1123 1121 1124 1123 1124 1125 1099 1123 1125 1061 1062 1126 1063 1084 1127 1063 1127 1128 1067 1066 1129 1068 1067 1130 1067 1129 1130 1069 1131 1079 1069 1068 1131 1068 1130 1131 1132 1133 1134 1132 1134 1135 1136 1137 1138 1139 1138 1140 1136 1138 1139 1139 1140 1141 1142 1143 1144 1142 1145 1143 1146 1145 1142 1146 1147 1145 1147 1148 1149 1147 1149 1150 1151 1152 1153 1154 1152 1151 1154 1155 1152 1156 1155 1154 1156 1157 1155 1158 1159 1160 1158 1161 1159 1149 1162 1150 1162 1163 1164 1162 1164 1150 1165 1166 1167 1165 1167 1168 1169 1170 1171 1169 1172 1170 1173 1169 1171 1173 1171 1174 1175 1173 1174 1175 1174 1176 1177 1175 1176 1177 1176 1178 1179 1177 1178 1179 1178 1180 1181 1179 1180 1181 1180 1182 1183 1181 1182 1183 1182 1184 1185 1183 1184 1185 1184 1186 1187 1185 1186 1188 1186 1184 1187 1186 1188 1188 1184 1189 1176 1174 1190 1176 1190 1191 1178 1176 1191 1174 1171 1192 1174 1192 1190 1171 1170 1193 1171 1193 1192 1184 1182 1194 1184 1194 1189 1182 1180 1195 1182 1195 1194 1172 1196 1170 1172 1197 1196 1198 1199 1200 1198 1201 1199 1201 1202 1199 1201 1203 1202 1203 1204 1202 1203 1205 1204 1205 1206 1204 1207 1200 1208 1207 1208 1209 1200 1210 1208 1200 1199 1210 1199 1202 1211 1199 1211 1210 1202 1212 1211 1202 1204 1212 1204 1206 1213 1204 1213 1212 1209 1208 1214 1209 1214 1215 1209 1215 1193 1208 1210 1216 1208 1216 1214 1210 1217 1216 1210 1211 1217 1211 1212 1218 1211 1218 1217 1212 1213 1219 1212 1219 1218 1213 1220 1219 1206 1221 1213 1213 1221 1220 1221 1222 1220 1221 1223 1222 1224 1223 1221 1206 1224 1221 1224 1225 1223 1225 1226 1223 1225 1227 1226 1227 1228 1226 1227 1229 1228 1223 1226 1230 1230 1226 1228 1223 1230 1222 1229 1231 1228 1230 1228 1231 1229 1232 1231 1233 1232 1229 1233 1234 1232 1235 1233 1229 1235 1229 1227 1236 1235 1227 1236 1227 1225 1237 1236 1225 1237 1225 1224 1238 1224 1206 1238 1237 1224 1205 1238 1206 1178 1191 1239 1180 1239 1195 1180 1178 1239 1207 1240 1196 1209 1193 1240 1207 1209 1240 1141 1140 1241 1141 1241 1242 1243 1244 1245 1243 1245 1246 1247 1243 1248 1249 1247 1248 1249 1248 1250 1246 1245 1251 1246 1251 1252 1253 1254 1255 1253 1256 1254 1246 1252 1257 1252 1258 1257 1246 1257 1259 1246 1259 1260 1260 1259 1261 1260 1261 1262 1262 1261 1263 1262 1263 1264 1264 1263 1265 1264 1265 1266 1266 1265 1267 1266 1267 1268 1269 1266 1268 1270 1266 1269 1271 1270 1269 1272 1270 1271 1271 1269 1273 1270 1274 1266 1274 1264 1266 1272 1275 1270 1275 1274 1270 1260 1262 1275 1275 1264 1274 1275 1262 1264 1276 1260 1275 1246 1260 1276 1243 1246 1276 1243 1276 1248 1248 1276 1272 1276 1275 1272 1269 1268 1277 1273 1269 1277 1273 1277 1278 1268 1267 1279 1268 1279 1280 1277 1268 1280 1278 1277 1281 1277 1280 1281 1280 1279 1282 1280 1282 1283 1283 1282 1284 1283 1284 1285 1286 1283 1285 1287 1280 1283 1287 1281 1280 1286 1287 1283 1288 1286 1285 1288 1289 1286 1290 1291 1288 1290 1292 1291 1293 1294 1290 1294 1292 1290 1294 1295 1292 1294 1296 1295 1293 1151 1297 1293 1297 1294 1294 1297 1296 1151 1153 1297 1297 1298 1296 1297 1153 1298 1293 1290 1299 1288 1299 1290 1285 1284 1300 1285 1300 1288 1288 1300 1299 1301 1302 1303 1304 1302 1305 1301 1305 1302 1304 1306 1302 1307 1303 1302 1307 1302 1308 1309 1310 1311 1312 1309 1311 1312 1311 1313 1312 1313 1314 1312 1314 1315 1316 1312 1315 1316 1309 1312 1316 1315 1317 1318 1319 1320 1318 1320 1321 1322 1323 1324 1322 1324 1325 1319 1317 1326 1319 1326 1320 1317 1327 1326 1317 1315 1327 1315 1328 1327 1315 1314 1328 1329 1302 1306 1329 1308 1302 1250 1248 1330 1330 1272 1271 1248 1272 1330 1331 1332 1333 1331 1334 1332 1335 1336 1337 1335 1338 1336 1339 1340 1341 1339 1341 1342 1343 1344 1345 1344 1346 1345 1344 1347 1346 1347 1348 1346 1347 1349 1348 1349 1350 1348 1349 1351 1350 1342 1341 1352 1341 1353 1352 1341 1343 1353 1343 1345 1353 1351 1354 1350 1351 1355 1354 1353 1345 1356 1345 1357 1356 1345 1346 1357 1346 1358 1357 1346 1348 1358 1348 1359 1358 1348 1350 1359 1352 1353 1360 1353 1356 1360 1352 1360 1361 1362 1352 1361 1342 1352 1362 1362 1361 1363 1357 1358 1364 1357 1364 1365 1356 1357 1365 1365 1364 1366 1365 1366 1367 1368 1365 1367 1360 1356 1368 1356 1365 1368 1368 1367 1369 1358 1359 1370 1358 1370 1364 1370 1366 1364 1370 1371 1366 1360 1368 1372 1372 1368 1369 1361 1360 1372 1372 1369 1373 1363 1361 1374 1361 1372 1374 1374 1372 1373 1374 1373 1375 1363 1374 1376 1376 1374 1375 1376 1375 1377 1370 1378 1371 1359 1379 1370 1370 1379 1378 1350 1380 1359 1350 1354 1380 1359 1380 1379 1354 1381 1380 1375 1373 1382 1373 1383 1382 1373 1369 1383 1382 1383 1384 1383 1385 1384 1383 1386 1385 1369 1386 1383 1369 1367 1386 1386 1387 1385 1386 1388 1387 1367 1366 1388 1367 1388 1386 1366 1389 1388 1366 1371 1389 1389 1387 1388 1389 1390 1387 1382 1384 1391 1377 1375 1392 1375 1382 1392 1392 1382 1391 1392 1391 1393 1377 1392 1394 1394 1392 1393 1394 1393 1395 1389 1396 1390 1389 1397 1396 1371 1378 1397 1371 1397 1389 1397 1398 1396 1397 1399 1398 1378 1400 1399 1378 1399 1397 1399 1401 1398 1399 1402 1401 1402 1403 1401 1402 1404 1403 1404 1405 1403 1404 1406 1405 1406 1407 1405 1406 1408 1407 1395 1393 1409 1393 1410 1409 1393 1391 1410 1409 1410 1411 1410 1412 1411 1391 1413 1410 1410 1413 1412 1391 1384 1413 1413 1414 1412 1384 1415 1413 1413 1415 1414 1384 1385 1415 1415 1416 1414 1385 1387 1417 1385 1417 1415 1415 1417 1416 1418 1416 1417 1387 1418 1417 1387 1390 1418 1418 1419 1416 1409 1411 1420 1395 1409 1421 1421 1409 1420 1421 1420 1422 1418 1423 1419 1418 1424 1423 1390 1424 1418 1390 1396 1424 1424 1425 1423 1424 1426 1425 1396 1398 1426 1396 1426 1424 1426 1427 1425 1398 1401 1428 1426 1428 1427 1398 1428 1426 1428 1429 1427 1428 1430 1429 1401 1430 1428 1401 1403 1430 1430 1431 1429 1403 1405 1432 1430 1432 1431 1403 1432 1430 1432 1433 1431 1405 1434 1432 1405 1407 1434 1432 1434 1433 1429 1431 1435 1429 1435 1436 1427 1429 1436 1427 1436 1437 1431 1433 1438 1431 1438 1435 1438 1439 1435 1438 1440 1439 1435 1441 1436 1435 1439 1441 1436 1441 1442 1436 1442 1437 1443 1444 1445 1334 1445 1332 1446 1447 1448 1446 1444 1443 1446 1448 1444 1449 1450 1451 1452 1449 1453 1449 1451 1453 1452 1453 1454 1453 1451 1455 1454 1453 1456 1453 1455 1456 1454 1456 1457 1458 1454 1457 1458 1457 1459 1355 1460 1354 1355 1461 1460 1460 1462 1381 1354 1460 1381 1456 1455 1463 1457 1456 1464 1456 1463 1464 1459 1457 1465 1457 1464 1465 1462 1459 1466 1459 1465 1466 1462 1466 1467 1464 1463 1468 1464 1468 1469 1465 1464 1469 1470 1471 1408 1470 1408 1406 1465 1469 1472 1473 1406 1404 1473 1470 1406 1467 1466 1474 1475 1473 1404 1475 1404 1402 1476 1475 1402 1476 1402 1399 1462 1467 1477 1462 1477 1381 1478 1476 1399 1400 1478 1399 1334 1479 1445 1479 1443 1445 1411 1412 1480 1411 1480 1481 1420 1411 1481 1422 1420 1482 1420 1481 1482 1422 1482 1483 1484 1485 1486 1484 1486 1487 1488 1487 1486 1488 1486 1489 1489 1490 1488 1489 1491 1490 1492 1437 1442 1491 1492 1490 1491 1493 1492 1492 1493 1437 1481 1494 1495 1482 1481 1496 1481 1495 1496 1482 1496 1497 1482 1497 1498 1482 1498 1483 1499 1500 1501 1499 1502 1500 1499 1501 1503 1499 1503 1504 1500 1502 1505 1500 1505 1506 1504 1503 1507 1504 1507 1508 1508 1507 1509 1508 1509 1510 1510 1509 1511 1510 1511 1512 1512 1511 1513 1512 1513 1514 1500 1506 1515 1507 1503 1516 1503 1501 1517 1503 1517 1516 1507 1516 1518 1509 1507 1518 1509 1518 1519 1511 1509 1519 1511 1519 1520 1513 1511 1520 1513 1520 1521 1516 1517 1522 1517 1523 1522 1517 1524 1523 1501 1524 1517 1501 1500 1524 1500 1515 1524 1516 1522 1525 1518 1516 1525 1524 1515 1526 1524 1526 1523 1518 1525 1527 1519 1518 1527 1519 1527 1528 1520 1519 1528 1520 1528 1529 1521 1520 1529 1521 1529 1530 1522 1523 1531 1525 1522 1532 1522 1531 1532 1532 1531 1533 1532 1533 1534 1532 1534 1535 1535 1534 1536 1535 1536 1537 1538 1539 1540 1538 1540 1541 1542 1532 1535 1525 1532 1542 1527 1525 1542 1528 1527 1543 1527 1542 1543 1528 1543 1544 1529 1528 1544 1544 1543 1545 1544 1545 1546 1543 1547 1545 1545 1547 1537 1529 1544 1548 1530 1529 1548 1548 1544 1546 1545 1537 1549 1530 1548 1550 1548 1546 1551 1550 1548 1551 1550 1551 1552 1542 1535 1553 1553 1535 1537 1543 1553 1547 1543 1542 1553 1547 1553 1537 1278 1554 1281 1278 1281 1554 1555 1556 1557 1555 1558 1556 1559 1558 1555 1559 1560 1558 1558 1560 1561 1556 1558 1561 1556 1561 1562 1560 1563 1561 1560 1564 1563 1560 1565 1564 1566 1565 1560 1560 1559 1567 1566 1560 1567 1568 1565 1566 1568 1569 1565 1570 1569 1568 1570 1571 1569 1572 1571 1570 1572 1573 1571 1574 1573 1572 1574 1575 1573 1571 1573 1576 1571 1576 1577 1569 1571 1577 1565 1569 1578 1569 1577 1578 1565 1578 1564 1573 1575 1579 1573 1579 1576 1577 1576 1580 1578 1577 1581 1577 1580 1581 1578 1581 1582 1564 1578 1582 1564 1582 1583 1563 1564 1583 1561 1563 1584 1563 1583 1584 1562 1561 1585 1561 1584 1585 1562 1585 1586 1576 1587 1580 1576 1579 1587 1588 1562 1586 1589 1556 1562 1589 1562 1588 1590 1556 1589 1556 1590 1557 1588 1586 1591 1586 1585 1592 1591 1586 1593 1586 1592 1593 1585 1594 1592 1585 1584 1594 1582 1581 1595 1582 1595 1596 1591 1593 1597 1598 1591 1597 1599 1591 1598 1600 1588 1591 1599 1600 1591 1601 1600 1599 1601 1602 1600 1590 1589 1602 1602 1589 1588 1602 1588 1600 1590 1602 1603 1603 1602 1601 1603 1601 1604 1605 1601 1599 1604 1601 1605 1604 1605 1606 1606 1605 1607 1606 1607 1608 1608 1607 1609 1608 1609 1610 1610 1609 1611 1610 1611 1612 1605 1599 1613 1613 1599 1598 1607 1605 1613 1609 1607 1614 1607 1613 1614 1609 1614 1615 1611 1609 1615 1611 1615 1616 1613 1598 1617 1614 1613 1617 1615 1614 1618 1614 1617 1618 1615 1618 1619 1616 1615 1619 1616 1619 1620 1618 1617 1621 1618 1621 1622 1619 1618 1622 1617 1598 1623 1598 1597 1623 1617 1623 1621 1620 1619 1624 1619 1622 1624 1620 1624 1625 1626 1627 1628 1627 1629 1628 1627 1630 1629 1630 1631 1629 1630 1632 1631 1633 1634 1635 1633 1636 1634 1636 1637 1634 1638 1639 1594 1636 1639 1637 1639 1640 1637 1638 1641 1639 1596 1641 1638 1639 1641 1640 1641 1642 1640 1596 1643 1641 1595 1643 1596 1641 1643 1642 1643 1644 1642 1643 1645 1644 1646 1645 1595 1595 1645 1643 1645 1647 1644 1645 1648 1647 1646 1648 1645 1649 1648 1646 1648 1650 1647 1649 1651 1648 1648 1651 1650 1644 1647 1652 1650 1652 1647 1644 1652 1653 1653 1652 1654 1653 1654 1655 1656 1653 1655 1644 1653 1656 1644 1656 1642 1656 1655 1657 1658 1656 1657 1642 1656 1658 1642 1658 1640 1658 1657 1659 1660 1658 1659 1640 1658 1660 1640 1660 1637 1660 1659 1661 1637 1660 1662 1662 1660 1661 1637 1662 1634 1662 1661 1663 1634 1662 1664 1634 1664 1635 1664 1662 1663 1664 1663 1665 1652 1666 1654 1650 1667 1652 1652 1667 1666 1635 1664 1668 1635 1668 1669 1668 1664 1665 1668 1665 1670 1669 1668 1671 1671 1668 1670 1669 1671 1672 1671 1670 1673 1674 1671 1673 1672 1674 1631 1672 1671 1674 1674 1673 1675 1631 1676 1629 1631 1674 1676 1676 1674 1675 1676 1675 1677 1629 1676 1678 1629 1678 1628 1678 1676 1677 1678 1677 1679 1628 1678 1680 1680 1678 1679 1680 1679 1681 1677 1675 1682 1679 1677 1683 1677 1682 1683 1673 1670 1684 1670 1665 1685 1670 1685 1684 1665 1686 1685 1665 1663 1686 1686 1663 1661 1675 1673 1687 1673 1684 1687 1675 1687 1682 1681 1679 1688 1679 1683 1688 1681 1688 1689 1686 1661 1690 1661 1691 1690 1661 1659 1691 1659 1692 1691 1659 1657 1692 1657 1655 1693 1657 1693 1692 1655 1694 1693 1655 1654 1694 1654 1666 1695 1654 1695 1694 1693 1694 1696 1692 1693 1697 1693 1696 1697 1690 1691 1698 1690 1698 1699 1692 1697 1700 1691 1700 1698 1691 1692 1700 1694 1695 1701 1694 1701 1696 1698 1702 1699 1698 1703 1702 1700 1703 1698 1697 1704 1700 1700 1704 1703 1696 1705 1697 1697 1705 1704 1701 1706 1696 1696 1706 1705 1701 1707 1706 1708 1699 1702 1709 1699 1708 1690 1709 1686 1690 1699 1709 1685 1686 1709 1710 1709 1708 1710 1685 1709 1687 1684 1711 1711 1684 1685 1711 1685 1710 1687 1711 1712 1682 1687 1712 1682 1712 1713 1682 1714 1683 1682 1713 1714 1688 1683 1714 1713 1715 1714 1712 1716 1713 1713 1716 1715 1716 1717 1715 1716 1718 1717 1716 1719 1718 1716 1720 1719 1711 1720 1712 1712 1720 1716 1720 1721 1719 1722 1711 1710 1711 1722 1720 1720 1722 1721 1722 1723 1721 1724 1710 1708 1722 1710 1724 1722 1724 1723 1715 1717 1725 1715 1725 1726 1714 1715 1726 1723 1724 1727 1724 1708 1727 1723 1727 1728 1728 1727 1729 1727 1730 1729 1708 1702 1730 1727 1708 1730 1728 1729 1731 1726 1725 1732 1726 1732 1733 1734 1726 1733 1734 1688 1714 1734 1689 1688 1714 1726 1734 1734 1733 1735 1721 1723 1736 1723 1728 1737 1723 1737 1736 1728 1731 1738 1728 1738 1737 1732 1725 1739 1725 1717 1740 1725 1740 1739 1732 1739 1741 1739 1740 1742 1740 1743 1742 1717 1744 1740 1717 1718 1744 1740 1744 1743 1718 1745 1744 1718 1719 1745 1719 1746 1745 1721 1736 1746 1719 1721 1746 1744 1745 1747 1744 1747 1743 1745 1746 1748 1745 1748 1747 1739 1742 1749 1741 1739 1749 1741 1749 1750 1747 1748 1751 1749 1752 1750 1749 1753 1752 1754 1755 1756 1754 1757 1755 1756 1755 1758 1756 1758 1759 1758 1760 1759 1761 1760 1758 1760 1761 1762 1761 1763 1762 1761 1764 1763 1757 1754 1765 1766 1757 1765 1749 1767 1753 1749 1742 1767 1742 1768 1767 1766 1769 1757 1742 1770 1768 1742 1743 1771 1742 1771 1770 1772 1771 1773 1772 1773 1763 1763 1764 1774 1772 1774 1775 1774 1766 1775 1763 1774 1772 1774 1769 1766 1626 1628 1776 1628 1680 1776 1734 1777 1689 1734 1778 1777 1734 1735 1778 1746 1779 1748 1746 1736 1779 1736 1737 1780 1736 1780 1779 1737 1738 1781 1737 1781 1780 1779 1780 1782 1780 1783 1782 1780 1781 1783 1784 1782 1783 1784 1785 1782 1779 1782 1786 1787 1785 1788 1784 1788 1785 1784 1789 1788 1784 1790 1789 1784 1791 1790 1791 1792 1790 1792 1793 1790 1792 1794 1793 1794 1795 1793 1794 1796 1795 1796 1797 1795 1796 1798 1797 1748 1799 1800 1748 1800 1801 1748 1802 1799 1748 1779 1802 1797 1798 1803 1804 1787 1788 1797 1803 1804 1779 1786 1805 1779 1805 1802 1804 1788 1806 1797 1804 1806 1747 1751 1807 1808 1809 1810 1811 1809 1808 1811 1812 1809 1813 1812 1811 1813 1811 1814 1815 1813 1814 1813 1815 1816 1816 1815 1817 1818 1816 1817 1818 1819 1816 1820 1819 1818 1743 1821 1822 1743 1823 1821 1820 1824 1819 1824 1820 1825 1809 1826 1810 1826 1824 1825 1743 1747 1827 1743 1827 1823 1747 1828 1827 1747 1807 1828 1826 1829 1824 1809 1829 1826 1830 1831 1832 1830 1833 1831 1834 1832 1831 1834 1835 1832 1830 1832 1836 1830 1836 1837 1832 1835 1838 1832 1838 1836 1831 1833 1839 1834 1831 1840 1831 1839 1840 1834 1840 1841 1840 1839 1842 1840 1842 1843 1841 1840 1843 1841 1843 1844 1843 1842 1845 1844 1843 1846 1843 1845 1846 1844 1846 1847 1847 1846 1848 1848 1846 1845 1847 1848 1849 1837 1836 1850 1837 1850 1851 1852 1851 1850 1852 1853 1851 1853 1837 1851 1853 1852 1854 1853 1854 1855 1853 1856 1837 1857 1858 1859 1860 1861 1862 1860 1862 1863 1860 1863 1864 1838 1865 1836 1866 1867 1865 1866 1865 1868 1838 1866 1868 1838 1868 1865 1869 1870 1871 1872 1873 1870 1869 1872 1870 1838 1874 1866 1872 1875 1873 1875 1876 1873 1877 1869 1871 1860 1878 1861 1878 1879 1861 1286 1880 1287 1286 1881 1880 1880 1881 1882 1880 1882 1883 1287 1880 1884 1884 1880 1883 1287 1884 1281 1884 1883 1885 1886 1884 1885 1886 1885 1887 1888 1886 1887 1888 1887 1889 1890 1888 1889 1890 1889 1891 1892 1890 1891 1892 1891 1893 1894 1892 1893 1894 1893 1895 1896 1894 1895 1897 1886 1888 1271 1273 1897 1898 1897 1888 1271 1897 1898 1330 1271 1899 1899 1271 1898 1900 1888 1890 1898 1888 1900 1901 1898 1900 1901 1890 1892 1894 1901 1892 1899 1898 1901 1901 1900 1890 1902 1901 1894 1902 1899 1901 1896 1902 1894 1897 1903 1886 1273 1278 1903 1273 1903 1897 1278 1281 1903 1903 1281 1884 1903 1884 1886 1896 1895 1904 1249 1250 1905 1250 1330 1905 1905 1330 1899 1905 1899 1902 1906 1905 1902 1906 1902 1896 1249 1905 1907 1907 1905 1906 1906 1896 1908 1906 1908 1909 1896 1910 1908 1896 1904 1911 1896 1911 1910 1141 1242 1912 1139 1141 1913 1141 1912 1913 1139 1913 1914 1136 1139 1914 1136 1914 1915 1916 1135 1134 1916 1134 1917 1142 1144 1918 1146 1142 1919 1142 1918 1919 1146 1919 1920 1920 1921 1922 1920 1923 1921 1921 1923 1924 1924 1923 1925 1924 1925 1926 1927 1928 1929 1927 1930 1928 1506 1931 1932 1506 1932 1515 1515 1932 1933 1515 1933 1526 1526 1933 1934 1526 1934 1935 1935 1533 1531 1523 1526 1935 1523 1935 1531 1935 1934 1936 1935 1937 1533 1935 1936 1937 1938 1939 1940 1938 1941 1939 1938 1940 1942 1938 1942 1943 1939 1941 1944 1939 1944 1945 1943 1942 1946 1943 1946 1947 1947 1946 1948 1947 1948 1949 1949 1948 1950 1949 1950 1951 1951 1950 1952 1951 1952 1953 1939 1945 1954 1946 1942 1955 1942 1956 1955 1942 1940 1956 1948 1946 1957 1946 1955 1957 1948 1957 1958 1950 1948 1958 1950 1958 1959 1952 1950 1959 1952 1959 1960 1955 1956 1961 1956 1962 1961 1939 1954 1963 1940 1963 1956 1940 1939 1963 1956 1963 1962 1957 1955 1964 1955 1961 1964 1963 1965 1962 1963 1954 1965 1958 1957 1966 1957 1964 1966 1959 1958 1967 1958 1966 1967 1959 1967 1968 1960 1959 1968 1960 1968 1969 1966 1970 1967 1968 1967 1970 1968 1970 1971 1971 1970 1972 1971 1972 1973 1974 1971 1973 1968 1974 1969 1968 1971 1974 1974 1973 1975 1966 1976 1970 1964 1976 1966 1970 1977 1972 1970 1976 1977 1976 1978 1977 1976 1979 1978 1976 1980 1979 1961 1980 1964 1964 1980 1976 1980 1981 1979 1961 1982 1980 1962 1982 1961 1980 1982 1981 1978 1979 1983 1977 1978 1983 1979 1981 1983 1977 1983 1984 1985 1986 1987 1985 1988 1986 1982 1989 1981 1982 1990 1989 1982 1991 1990 1965 1991 1962 1962 1991 1982 1991 1992 1990 1991 1993 1992 1965 1993 1991 1993 1994 1992 1993 1995 1994 1989 1990 1996 1989 1996 1997 1981 1989 1997 1981 1997 1983 1998 1995 1993 1998 1993 1965 1954 1998 1965 1945 1999 1954 1954 1999 1998 1945 2000 1999 2001 2002 2003 2001 2004 2002 2003 2002 2005 2003 2005 2006 2004 2001 2007 2004 2007 2008 2006 2005 2009 2006 2009 2010 2010 2009 2011 2010 2011 2012 2012 2011 2013 2012 2013 2014 2014 2013 2015 2014 2015 2016 2017 2008 2007 2017 2018 2008 2002 2004 2019 2004 2020 2019 2004 2008 2020 2011 2009 2021 2009 2005 2022 2009 2022 2021 2005 2002 2023 2002 2019 2023 2005 2023 2022 2011 2021 2024 2013 2011 2024 2013 2024 2025 2015 2013 2025 2015 2025 2026 2023 2019 2027 2022 2023 2028 2023 2027 2028 2022 2028 2029 2021 2022 2029 2019 2030 2027 2019 2020 2030 2021 2029 2031 2024 2021 2031 2025 2024 2032 2024 2031 2032 2025 2032 2033 2026 2025 2033 2026 2033 2034 2028 2027 2035 2028 2035 2036 2029 2028 2036 2031 2029 2037 2029 2036 2037 2027 2038 2035 2027 2030 2038 2032 2031 2039 2031 2037 2039 2033 2032 2040 2032 2039 2040 2034 2033 2041 2033 2040 2041 2034 2041 2042 2030 2043 2038 2020 2044 2030 2030 2044 2043 2020 2045 2044 2008 2045 2020 2008 2018 2045 2040 2039 2046 2040 2046 2047 2048 2046 2039 2037 2048 2039 2046 2048 2049 2047 2046 2050 2046 2049 2050 2047 2050 2051 2052 2047 2051 2052 2051 2053 2052 2053 2054 2052 2054 2055 2056 2055 2054 2056 2057 2055 2058 2057 2056 2038 2058 2035 2037 2059 2048 2036 2059 2037 2048 2059 2049 2059 2060 2049 2036 2060 2059 2060 2061 2049 2035 2058 2062 2035 2062 2036 2036 2062 2060 2060 2062 2061 2062 2058 2063 2058 2056 2063 2062 2063 2061 2038 2064 2058 2043 2064 2038 2043 2065 2064 2066 2067 2068 2066 2069 2067 2067 2070 2068 2067 2071 2070 2072 2073 2074 2072 2075 2073 2075 2076 2073 2075 2077 2076 2077 2078 2076 2077 2079 2078 2079 2080 2078 2079 2081 2080 2081 2082 2080 2081 2083 2082 2080 2082 2084 2078 2080 2085 2080 2084 2085 2078 2085 2086 2076 2078 2086 2073 2076 2087 2076 2086 2087 2074 2073 2088 2073 2087 2088 2074 2088 2089 2070 2074 2089 2068 2070 2090 2070 2089 2090 2068 2090 2091 2092 2066 2068 2092 2068 2091 2093 2092 2091 2093 2094 2092 2091 2090 2095 2091 2095 2093 2085 2084 2096 2087 2086 2097 2085 2096 2098 2086 2085 2098 2086 2098 2097 2090 2099 2095 2090 2089 2099 2089 2088 2100 2089 2100 2099 2087 2097 2101 2088 2087 2101 2088 2101 2100 2099 2100 2102 2095 2099 2103 2099 2102 2103 2093 2095 2104 2095 2103 2104 2093 2104 2105 2097 2098 2106 2098 2107 2106 2098 2108 2107 2109 2107 2108 2100 2110 2102 2100 2101 2110 2101 2111 2110 2101 2097 2111 2097 2106 2111 2112 2113 2114 2112 2114 2115 2116 2112 2115 2117 2116 2118 2116 2115 2118 2117 2118 2119 2120 2121 2122 2123 2120 2124 2120 2122 2124 2123 2124 2125 2126 2123 2125 2113 2127 2114 2113 2126 2127 2126 2125 2127 2124 2122 2128 2124 2128 2129 2119 2118 2130 2119 2130 2131 2118 2115 2132 2118 2132 2130 2115 2114 2133 2115 2133 2132 2132 2133 2134 2130 2135 2136 2130 2132 2135 2132 2134 2135 2136 2135 2137 2136 2137 2138 2136 2139 2140 2136 2138 2139 2127 2125 2141 2125 2142 2141 2125 2124 2142 2142 2143 2141 2141 2143 2134 2142 2144 2143 2114 2145 2133 2145 2134 2133 2141 2134 2145 2127 2141 2145 2114 2127 2145 2142 2146 2144 2124 2129 2147 2142 2147 2146 2124 2147 2142 2094 2093 2148 2148 2093 2105 2094 2148 2149 2148 2105 2150 2098 2151 2108 2098 2096 2151 2152 2153 2154 2152 2155 2153 2155 2156 2153 2155 2157 2156 2157 2158 2156 2157 2159 2158 2160 2154 2161 2160 2161 2162 2156 2158 2163 2153 2156 2164 2156 2163 2164 2154 2153 2165 2153 2164 2165 2154 2165 2161 2162 2161 2166 2162 2166 2167 2164 2163 2168 2164 2168 2169 2165 2164 2169 2161 2170 2166 2161 2165 2170 2165 2169 2170 2167 2166 2171 2167 2171 2172 2169 2168 2173 2169 2173 2174 2170 2169 2174 2166 2175 2171 2166 2170 2175 2170 2174 2175 2174 2171 2175 2174 2176 2171 2177 2178 2179 2177 2180 2178 2180 2181 2178 2180 2182 2181 2182 2183 2181 2182 2184 2183 2184 2185 2183 2184 2186 2185 2187 2188 2189 2187 2189 2190 2188 2191 2189 2188 2192 2191 2192 2193 2194 2192 2194 2191 2193 2195 2196 2193 2196 2194 2190 2189 2197 2190 2197 2198 2189 2191 2199 2189 2199 2197 2191 2200 2199 2191 2194 2200 2194 2196 2201 2194 2201 2200 2198 2197 2202 2198 2202 2203 2197 2199 2204 2197 2204 2202 2199 2200 2205 2199 2205 2204 2200 2206 2205 2200 2201 2206 2204 2207 2202 2204 2205 2207 2208 2209 2210 2208 2211 2209 2212 2208 2210 2212 2210 2213 2214 2212 2213 2214 2213 2215 2210 2209 2216 2213 2210 2217 2210 2216 2217 2215 2213 2218 2213 2217 2218 2215 2218 2219 2220 2215 2219 2220 2219 2221 2217 2216 2222 2218 2217 2223 2217 2222 2223 2219 2218 2224 2218 2223 2224 2221 2219 2225 2219 2224 2225 2221 2225 2226 2223 2222 2227 2224 2223 2228 2223 2227 2228 2224 2228 2229 2225 2224 2229 2225 2229 2230 2230 2229 2228 2226 2225 2230 2226 2230 2231 2230 2228 2232 2233 1590 1603 2233 2234 1590 2234 1557 1590 2235 1603 1604 2235 2233 1603 2236 2235 1604 2236 1604 1606 2237 2236 1606 2237 1606 1608 2238 1608 1610 2238 2237 1608 2239 2238 1610 2239 1610 1612 2234 2240 1557 2241 1566 1567 2241 1568 1566 2241 2242 1568 2242 1570 1568 2243 1572 1570 2242 2243 1570 2243 2244 1572 2244 1574 1572 2244 2245 1574 2041 2246 2042 2040 2047 2247 2041 2247 2246 2040 2247 2041 2248 2249 2250 2248 2251 2249 2251 2252 2249 2251 2253 2252 2253 2254 2252 2253 2255 2254 2255 2256 2254 2255 2257 2256 2257 2258 2256 2257 2259 2258 2259 2260 2258 2259 2261 2260 2261 2262 2260 2261 2263 2262 2263 2264 2262 2263 2265 2264 2265 2266 2264 2265 2267 2266 2267 2268 2266 2267 2269 2268 2269 2270 2268 2269 2271 2270 2271 2272 2270 2271 2273 2272 2250 2273 2248 2250 2272 2273 2260 2262 2274 2262 2264 2275 2262 2275 2274 2274 2275 2276 2275 2277 2276 2264 2266 2278 2264 2278 2275 2275 2278 2277 2278 2279 2277 2278 2280 2279 2266 2280 2278 2266 2268 2280 2280 2281 2279 2280 2282 2281 2268 2282 2280 2268 2270 2282 2282 2283 2281 2270 2284 2282 2282 2284 2283 2270 2272 2284 2285 2283 2284 2285 2284 2286 2286 2284 2272 2286 2272 2250 2286 2287 2285 2250 2288 2286 2250 2249 2288 2286 2288 2287 2274 2276 2289 2258 2260 2290 2260 2274 2290 2290 2274 2289 2290 2289 2291 2258 2290 2292 2292 2290 2291 2256 2258 2292 2292 2291 2293 2254 2256 2294 2256 2292 2294 2294 2292 2293 2294 2293 2295 2254 2294 2296 2252 2254 2296 2296 2294 2295 2296 2295 2297 2249 2298 2288 2249 2252 2298 2298 2296 2297 2252 2296 2298 2298 2297 2299 2288 2299 2287 2288 2298 2299 2300 2297 2295 2300 2283 2285 2300 2287 2299 2300 2299 2297 2285 2287 2300 2301 2276 2277 2301 2291 2289 2301 2293 2291 2301 2289 2276 2301 2277 2279 2302 2281 2283 2279 2281 2302 2279 2302 2301 2302 2293 2301 2302 2295 2293 2300 2295 2302 2302 2283 2300 980 2303 994 978 2303 980 978 2304 2303 976 2304 978 973 2305 976 976 2305 2304 975 2306 973 973 2306 2305 975 2307 2306 963 2307 975 963 961 2308 963 2308 2307 2306 2309 2305 2307 2310 2306 2306 2310 2309 2305 2311 2304 2305 2309 2311 2311 2303 2304 2307 2312 2310 2308 2312 2307 2308 2313 2312 961 960 2314 2308 2314 2313 2308 961 2314 2311 2315 2303 2315 2316 2303 2316 994 2303 2315 2317 2316 2318 2319 2320 2318 2321 2319 2321 2322 2319 2321 2323 2322 2323 2324 2322 2323 2325 2324 2325 2326 2324 2325 2327 2326 2327 2328 2326 2327 2329 2328 2329 2330 2328 2329 2331 2330 2331 2332 2330 2331 2333 2332 2333 2334 2332 2335 1062 2334 2335 1126 1062 2333 2335 2334 2324 2336 2322 2322 2336 2337 2322 2337 2319 2324 2338 2336 2326 2338 2324 2328 2339 2326 2326 2339 2338 2328 2340 2339 2340 1129 2339 2330 2340 2328 2340 1130 1129 2330 2341 2340 2341 1130 2340 2332 2341 2330 2341 1131 1130 2342 1131 2341 2332 2342 2341 2334 2342 2332 2342 1079 1131 2342 1071 1079 2342 2343 1071 2334 2343 2342 1062 2343 2334 1062 1071 2343 2319 2344 2320 2319 2337 2344 2345 2346 2347 2345 2347 2316 2346 2348 2347 2346 2349 2348 2344 2350 2349 2344 2349 2346 2351 2352 2350 2351 2353 2352 2351 2354 2353 2351 2355 2354 2316 2356 994 2347 2356 2316 2348 2357 2347 2348 2358 2357 2347 2357 2356 2356 2359 994 994 2359 2360 994 2360 983 983 2361 996 983 2360 2361 2357 2362 2356 2356 2362 2359 2363 2364 2358 2363 2365 2364 2358 2366 2357 2358 2364 2366 2357 2366 2362 2367 2368 2369 2367 2370 2368 996 2371 998 996 2361 2371 998 2372 1000 998 2371 2372 1000 2372 2373 1000 2373 1002 1002 2374 1003 1002 2373 2374 2365 2375 2364 2368 2376 2365 2365 2376 2375 2372 2377 2373 2371 2378 2372 2372 2378 2377 2361 2379 2371 2371 2379 2378 2360 2380 2361 2361 2380 2379 2360 2381 2380 2359 2381 2360 2359 2382 2381 2362 2382 2359 2366 2383 2362 2362 2383 2382 2364 2384 2366 2364 2375 2384 2366 2384 2383 2377 2378 2385 2385 2378 2379 2377 2385 2386 2387 2377 2386 2387 2388 2377 2373 2388 2374 2373 2377 2388 2382 2389 2381 2380 2381 2389 2383 2389 2382 2384 2390 2383 2383 2390 2389 2384 2391 2390 2391 2384 2375 2392 2391 2375 2392 2375 2376 2368 2393 2376 2376 2393 2392 2370 2393 2368 2393 2394 2392 2370 2395 2393 2393 2395 2394 2385 2379 2396 2380 2389 2396 2380 2396 2379 2336 2397 2355 2336 2398 2397 2399 2400 2401 2402 1192 1193 2399 2402 2400 2402 1193 2400 2403 2402 2399 2403 2404 2402 2404 1192 2402 2404 1190 1192 2405 2404 2403 2405 2406 2404 2406 1190 2404 2406 1191 1190 2407 2406 2405 2407 2408 2406 2408 1191 2406 2408 1239 1191 2409 2408 2407 2410 1239 2408 2410 1195 1239 2409 2410 2408 2411 2410 2409 2412 1194 1195 2412 1195 2410 2411 2412 2410 2413 2412 2411 2413 2414 2412 1188 1189 2414 2414 1189 1194 2414 1194 2412 2415 2414 2413 1188 2414 2416 1187 2416 2415 1187 1188 2416 2415 2416 2414 2401 2400 2417 2401 2417 2418 2419 2420 2421 2419 2421 2422 2422 2421 2423 2422 2423 2424 2424 2423 2425 2424 2425 2426 2426 2425 2427 2428 1214 1216 2429 2428 2420 2430 1214 2428 2429 2430 2428 2430 1193 1215 2430 1215 1214 2420 2431 2421 2420 2428 2431 2428 1216 2431 2431 1216 1217 2431 1217 2432 2421 2432 2423 2432 1217 1218 2421 2431 2432 2423 2432 2433 2423 2433 2425 2433 1218 1219 2432 1218 2433 2434 1219 1220 2433 1219 2434 2425 2434 2427 2425 2433 2434 2427 2434 2435 2434 1220 2435 2435 1220 1222 2436 1222 1230 2435 1222 2436 2427 2435 2437 2437 2435 2436 2437 2436 2438 2436 1230 2439 2438 2436 2439 2438 2439 2440 2440 2439 2441 1230 1231 2441 1230 2441 2439 2442 2441 1231 2442 1231 1232 2440 2441 2442 2443 1232 1234 2443 2442 1232 2444 2440 2442 2444 2442 2443 2445 2440 2444 2445 2438 2440 2446 2437 2438 2446 2438 2445 2447 2437 2446 2447 2427 2437 2426 2427 2447 2429 2417 2448 2430 2448 1193 2429 2448 2430 2449 2450 2451 2449 2451 2452 1911 1904 2453 1309 2454 1310 2454 1881 1286 2454 1286 1289 1881 2455 1882 1881 2454 2455 2454 2456 2455 2454 1309 2456 1316 2456 1309 2457 2458 2459 2457 2460 2458 2461 2462 2463 2461 2463 2464 2465 2466 2467 2465 2468 2466 2469 2470 2471 2471 2470 2472 2471 2472 2473 2473 2472 2474 2473 2474 2475 2475 2474 2476 2475 2476 2477 2468 2478 2466 2468 2479 2478 2477 2476 2480 2477 2480 2481 2474 2482 2476 2474 2483 2482 2472 2483 2474 2470 2484 2472 2472 2484 2483 2470 2485 2484 2466 2478 2486 2466 2486 2469 2486 2485 2470 2469 2486 2470 2478 2487 2486 2486 2487 2485 2479 2488 2478 2478 2488 2487 2479 2489 2488 2484 2490 2483 2484 2491 2490 2485 2491 2484 2491 2492 2490 2491 2493 2492 2487 2494 2485 2485 2494 2491 2494 2493 2491 2494 2495 2493 2496 2490 2492 2483 2496 2482 2483 2490 2496 2496 2492 2497 2487 2498 2494 2498 2495 2494 2488 2498 2487 2498 2499 2495 2489 2500 2488 2500 2499 2498 2488 2500 2498 2500 2501 2499 2489 2502 2500 2502 2501 2500 2502 2503 2501 2496 2497 2504 2496 2504 2505 2482 2496 2505 2476 2506 2480 2482 2505 2506 2476 2482 2506 2480 2506 2507 2501 2508 2499 2501 2509 2508 2503 2509 2501 2509 2510 2508 2508 2510 2511 2499 2508 2512 2508 2511 2512 2499 2512 2495 2512 2511 2513 2495 2512 2514 2512 2513 2514 2495 2514 2493 2514 2513 2515 2493 2516 2492 2493 2514 2516 2514 2515 2516 2517 2516 2515 2492 2516 2517 2492 2517 2497 2517 2515 2518 2509 2519 2510 2503 2520 2509 2520 2519 2509 2520 2521 2519 2517 2518 2522 2497 2517 2523 2517 2522 2523 2497 2523 2504 2523 2522 2524 2523 2524 2525 2504 2525 2526 2504 2523 2525 2525 2524 2527 2525 2527 2528 2528 2527 2529 2528 2529 2530 2530 2529 2531 2530 2531 2532 2532 2531 2533 2532 2533 2534 2521 2535 2519 2519 2535 2536 2519 2536 2510 2535 2537 2536 2536 2537 2538 2536 2538 2539 2510 2536 2539 2510 2539 2511 2539 2538 2540 2511 2539 2541 2511 2541 2513 2539 2540 2541 2541 2540 2542 2541 2542 2543 2513 2541 2543 2513 2543 2515 2515 2544 2518 2544 2543 2542 2515 2543 2544 2544 2542 2545 2535 2546 2537 2547 2546 2535 2521 2547 2535 2547 2548 2546 2544 2545 2549 2518 2550 2522 2518 2544 2550 2544 2549 2550 2550 2549 2551 2550 2551 2552 2522 2550 2552 2522 2552 2524 2552 2551 2553 2552 2553 2554 2524 2554 2527 2524 2552 2554 2554 2553 2555 2527 2556 2529 2554 2555 2556 2527 2554 2556 2556 2555 2557 2529 2558 2531 2529 2556 2558 2556 2557 2558 2558 2557 2559 2531 2560 2533 2558 2559 2560 2531 2558 2560 2555 2561 2557 2555 2562 2561 2553 2562 2555 2553 2563 2562 2557 2561 2564 2557 2564 2559 2564 2561 2565 2564 2565 2566 2561 2567 2565 2561 2562 2567 2562 2563 2568 2562 2568 2567 2459 2458 2569 2570 2569 2571 2572 2570 2571 2572 2573 2574 2572 2571 2573 2575 2576 2577 2575 2578 2576 2579 2578 2575 2579 2580 2578 2578 2581 2576 2578 2582 2581 2580 2582 2578 2580 2583 2582 2584 2583 2580 2584 2585 2583 2480 2507 2586 2481 2480 2586 2586 2507 2587 2481 2586 2588 2582 2589 2581 2582 2590 2589 2583 2590 2582 2583 2591 2590 2585 2591 2583 2587 2592 2585 2585 2592 2591 2587 2593 2592 2590 2594 2589 2590 2595 2594 2596 2534 2597 2596 2532 2534 2592 2598 2591 2599 2532 2596 2599 2530 2532 2592 2600 2598 2593 2600 2592 2601 2530 2599 2601 2528 2530 2602 2525 2528 2602 2528 2601 2587 2507 2603 2587 2603 2593 2604 2525 2602 2526 2525 2604 2605 2569 2570 2459 2569 2605 2537 2606 2538 2537 2607 2606 2546 2607 2537 2546 2608 2607 2548 2608 2546 2548 2609 2608 2610 2611 2612 2610 2613 2611 2614 2611 2613 2614 2615 2611 2615 2614 2616 2615 2616 2617 2617 2616 2618 2618 2568 2563 2618 2563 2619 2617 2618 2619 2607 2620 2621 2608 2622 2607 2607 2622 2620 2608 2623 2622 2608 2609 2624 2608 2624 2623 2625 2626 2627 2625 2628 2626 2625 2629 2628 2625 2630 2629 2626 2631 2627 2626 2632 2631 2630 2633 2629 2630 2634 2633 2634 2635 2633 2634 2636 2635 2636 2637 2635 2636 2638 2637 2638 2639 2637 2638 2640 2639 2628 2641 2626 2629 2642 2628 2628 2642 2641 2635 2643 2633 2633 2643 2644 2633 2644 2629 2629 2644 2642 2635 2645 2643 2637 2645 2635 2637 2646 2645 2639 2646 2637 2639 2647 2646 2642 2648 2641 2644 2649 2642 2642 2649 2648 2644 2650 2649 2643 2650 2644 2641 2648 2651 2626 2652 2632 2641 2651 2652 2626 2641 2652 2632 2652 2653 2632 2653 2654 2643 2655 2650 2645 2655 2643 2645 2656 2655 2646 2656 2645 2646 2657 2656 2647 2657 2646 2647 2658 2657 2652 2659 2653 2652 2651 2659 2649 2660 2648 2649 2661 2660 2650 2661 2649 2661 2662 2660 2661 2663 2662 2661 2664 2663 2664 2665 2663 2664 2666 2665 2667 2668 2669 2667 2670 2668 2650 2671 2661 2655 2671 2650 2671 2664 2661 2655 2672 2671 2656 2672 2655 2657 2673 2656 2656 2673 2672 2673 2674 2675 2673 2675 2672 2675 2666 2676 2672 2675 2676 2657 2677 2673 2677 2674 2673 2658 2677 2657 2675 2678 2666 2658 2679 2677 2679 2680 2677 2677 2680 2674 2679 2681 2680 2671 2682 2664 2672 2682 2671 2682 2666 2664 2676 2666 2682 2672 2676 2682 2683 2684 2685 2683 2686 2684 2687 2683 2685 2687 2685 2688 2684 2689 2685 2685 2689 2688 2684 2690 2689 2688 2689 2691 2688 2691 2692 2688 2692 2693 2694 2688 2693 2688 2695 2687 2694 2695 2688 2696 2694 2693 2696 2693 2697 2698 2696 2697 2698 2697 2699 2700 2698 2699 2700 2699 2701 2702 2700 2701 2702 2701 2703 2699 2704 2701 2697 2705 2699 2699 2705 2704 2693 2692 2706 2697 2706 2705 2693 2706 2697 2701 2704 2707 2701 2707 2703 2705 2708 2704 2706 2709 2705 2705 2709 2708 2692 2710 2706 2706 2710 2709 2692 2711 2710 2691 2711 2692 2689 2712 2691 2691 2712 2711 2690 2713 2689 2689 2713 2712 2690 2714 2713 2704 2708 2715 2704 2715 2707 2716 2714 2690 2717 2716 2690 2717 2690 2684 2684 2686 2718 2718 2717 2684 2716 2719 2714 2714 2720 2713 2719 2721 2714 2714 2721 2720 2713 2722 2712 2713 2720 2722 2719 2723 2721 2724 2723 2719 2725 2724 2719 2725 2719 2726 2726 2719 2716 2727 2725 2726 2718 2728 2717 2728 2716 2717 2728 2726 2716 2727 2726 2728 2729 2727 2728 2718 2729 2728 2729 2730 2727 2730 2731 2727 2731 2725 2727 2730 2732 2731 2732 2733 2731 2732 2734 2733 2734 2735 2733 2734 2736 2735 2736 2737 2735 2736 2738 2737 2733 2739 2731 2739 2724 2725 2731 2739 2725 2735 2740 2733 2733 2740 2739 2737 2741 2735 2735 2741 2740 2737 2742 2741 2740 2743 2739 2739 2743 2724 2741 2744 2740 2740 2744 2743 2742 2745 2741 2741 2745 2744 2742 2746 2745 2744 2747 2743 2745 2748 2744 2744 2748 2747 2743 2749 2724 2743 2747 2749 2724 2749 2723 2745 2750 2748 2746 2750 2745 2746 2751 2750 2752 2753 2754 2754 2753 2755 2754 2755 2756 2756 2755 2757 2756 2757 2758 2759 2760 2761 2759 2761 2762 2762 2761 2763 2762 2763 2764 2765 2722 2764 2764 2763 2766 2764 2766 2767 2765 2764 2767 2767 2766 2768 2767 2768 2769 2769 2768 2770 2769 2770 2771 2771 2770 2772 2771 2772 2773 2773 2772 2774 2773 2774 2775 2776 2767 2769 2776 2765 2767 2710 2777 2709 2777 2776 2769 2710 2776 2777 2777 2769 2771 2778 2777 2771 2778 2771 2773 2779 2778 2773 2779 2773 2775 2752 2780 2753 2753 2780 2781 2753 2781 2782 2755 2753 2782 2781 2783 2782 2782 2783 2784 2757 2755 2785 2782 2784 2785 2755 2782 2785 2785 2784 2786 2787 2757 2788 2785 2786 2788 2757 2785 2788 2788 2786 2789 2788 2789 2790 2787 2788 2790 2791 2787 2790 2790 2789 2792 2790 2792 2793 2791 2790 2793 2760 2791 2793 2793 2792 2794 2793 2794 2795 2760 2793 2795 2761 2760 2795 2795 2794 2796 2763 2761 2797 2795 2796 2797 2761 2795 2797 2797 2796 2798 2763 2797 2799 2766 2763 2799 2797 2798 2799 2799 2798 2800 2799 2800 2801 2766 2799 2801 2768 2766 2801 2801 2800 2802 2801 2802 2803 2770 2768 2803 2768 2801 2803 2803 2802 2804 2803 2804 2805 2770 2803 2805 2805 2804 2806 2805 2806 2807 2774 2772 2807 2770 2807 2772 2770 2805 2807 2807 2806 2808 2774 2807 2809 2807 2808 2809 2794 2810 2796 2810 2798 2796 2804 2811 2806 2804 2812 2811 2802 2812 2804 2798 2813 2800 2798 2814 2813 2810 2814 2798 2802 2815 2812 2800 2815 2802 2800 2813 2815 2806 2816 2808 2806 2811 2816 2812 2817 2811 2815 2818 2812 2812 2818 2817 2814 2819 2813 2814 2820 2819 2813 2819 2821 2813 2821 2815 2815 2821 2818 2811 2822 2816 2811 2817 2822 2819 2820 2823 2821 2819 2824 2819 2823 2824 2818 2821 2825 2821 2824 2825 2818 2825 2826 2817 2818 2826 2822 2817 2827 2817 2826 2827 2822 2827 2828 2814 2829 2820 2814 2810 2829 2830 2823 2820 2829 2830 2820 2831 2830 2829 2832 2829 2810 2831 2829 2832 2794 2832 2810 2792 2832 2794 2833 2831 2832 2833 2832 2834 2792 2834 2832 2789 2834 2792 2786 2835 2789 2835 2833 2834 2789 2835 2834 2784 2836 2786 2786 2836 2835 2783 2837 2784 2784 2837 2836 2783 2838 2837 2839 2838 2783 2781 2839 2783 2839 2840 2838 2835 2841 2833 2836 2841 2835 2836 2842 2841 2836 2837 2843 2838 2843 2837 2836 2843 2842 2842 2843 2844 2841 2842 2845 2842 2844 2845 2845 2844 2846 2845 2846 2847 2845 2847 2848 2833 2841 2849 2845 2848 2849 2841 2845 2849 2849 2848 2850 2833 2849 2851 2849 2850 2851 2851 2831 2833 2851 2850 2852 2853 2830 2831 2851 2853 2831 2851 2852 2853 2844 2854 2846 2843 2855 2844 2844 2855 2854 2853 2856 2830 2852 2856 2853 2852 2857 2856 2857 2858 2856 2830 2859 2823 2856 2858 2859 2856 2859 2830 2857 2860 2858 2855 2861 2854 2855 2862 2861 2863 2838 2840 2863 2862 2855 2843 2863 2855 2863 2843 2838 2863 2864 2862 2850 2865 2852 2852 2866 2857 2852 2865 2866 2857 2867 2860 2857 2866 2867 2861 2868 2854 2854 2868 2869 2854 2869 2846 2861 2870 2868 2868 2871 2869 2869 2871 2872 2846 2869 2873 2869 2872 2873 2846 2873 2847 2847 2873 2874 2847 2874 2848 2848 2874 2875 2848 2875 2850 2850 2875 2865 2873 2876 2874 2873 2872 2876 2874 2876 2877 2874 2877 2875 2868 2878 2871 2870 2878 2868 2870 2879 2878 2876 2880 2877 2878 2879 2881 2878 2881 2882 2883 2884 2885 2883 2885 2886 2884 2887 2885 2884 2888 2887 2887 2888 2889 2890 2887 2889 2889 2891 2890 2890 2891 2892 2890 2892 2893 2886 2894 2883 2895 2894 2886 2878 2882 2896 2878 2896 2871 2871 2896 2897 2895 2886 2898 2871 2897 2899 2871 2900 2872 2871 2899 2900 2901 2892 2902 2901 2902 2900 2903 2895 2898 2903 2904 2895 2892 2901 2903 2901 2904 2903 2892 2903 2893 2863 2840 2905 2863 2906 2864 2863 2905 2906 2875 2877 2907 2875 2907 2865 2865 2908 2866 2865 2907 2908 2866 2908 2909 2866 2909 2867 2907 2910 2908 2908 2911 2909 2908 2910 2911 2912 2911 2910 2912 2910 2913 2907 2914 2910 2915 2916 2913 2912 2913 2916 2912 2916 2917 2912 2917 2918 2912 2918 2919 2919 2918 2920 2920 2918 2921 2920 2921 2922 2922 2921 2923 2922 2923 2924 2924 2923 2925 2924 2925 2926 2877 2927 2928 2877 2929 2927 2877 2930 2907 2877 2928 2930 2925 2931 2926 2932 2916 2915 2925 2932 2931 2907 2933 2914 2907 2930 2933 2925 2934 2932 2932 2934 2916 2876 2935 2880 2936 2937 2938 2939 2936 2938 2939 2938 2940 2941 2939 2940 2941 2942 2939 2943 2942 2941 2941 2944 2943 2944 2945 2943 2946 2945 2944 2946 2944 2947 2948 2946 2947 2872 2949 2950 2872 2950 2951 2948 2947 2952 2952 2953 2948 2954 2953 2952 2938 2937 2954 2872 2951 2955 2872 2955 2876 2876 2955 2956 2876 2956 2935 2938 2954 2957 2954 2952 2957 2958 2959 2960 2958 2961 2959 2962 2959 2961 2962 2961 2963 2958 2964 2961 2958 2965 2964 2961 2964 2966 2961 2966 2963 2959 2967 2960 2959 2968 2967 2962 2968 2959 2962 2969 2968 2968 2970 2967 2968 2971 2970 2969 2971 2968 2969 2972 2971 2971 2973 2970 2972 2974 2971 2971 2974 2973 2972 2975 2974 2976 2973 2974 2975 2976 2974 2975 2977 2976 2965 2978 2964 2965 2979 2978 2980 2978 2979 2981 2979 2965 2980 2979 2981 2981 2982 2980 2981 2983 2982 2981 2965 2984 2985 2986 2987 2988 2989 2990 2988 2991 2989 2988 2992 2991 2988 2990 2993 2993 2990 2994 2966 2964 2995 2996 2995 2997 2966 2995 2998 2966 2998 2996 2996 2998 2995 2999 3000 3001 2999 3001 3002 3002 3001 3003 2966 2996 3004 3002 3003 3005 3005 3003 3006 3007 3000 2999 3008 2660 2662 2648 2660 3008 2648 3008 2651 3008 2662 3009 3008 3009 3010 3008 3010 3011 2651 3011 2659 2651 3008 3011 3012 3013 3014 3012 3015 3013 3012 3016 3015 3012 3017 3016 3013 3018 3014 3013 3019 3018 3017 3020 3016 3017 3021 3020 3021 3022 3020 3021 3023 3022 3023 3024 3022 3023 3025 3024 3025 3026 3024 3025 3027 3026 3015 3028 3013 3016 3029 3015 3015 3029 3028 3022 3030 3020 3016 3031 3029 3020 3030 3031 3020 3031 3016 3024 3032 3022 3022 3032 3030 3026 3033 3024 3024 3033 3032 3026 3034 3033 3029 3035 3028 3031 3036 3029 3029 3036 3035 3030 3037 3031 3031 3037 3036 3028 3035 3038 3013 3028 3039 3013 3039 3019 3028 3038 3039 3019 3040 3041 3019 3039 3040 3030 3042 3037 3032 3042 3030 3032 3043 3042 3033 3043 3032 3033 3044 3043 3034 3044 3033 3034 3045 3044 3039 3046 3040 3039 3038 3046 3042 3043 3047 3044 3047 3043 3044 3048 3047 3048 3049 3047 3048 3050 3049 3044 3045 3051 3051 3050 3048 3044 3051 3048 3051 3052 3050 3042 3047 3053 3037 3042 3053 3047 3049 3054 3047 3054 3053 3053 3054 3055 3053 3055 3056 3037 3053 3057 3036 3037 3057 3053 3056 3057 3057 3056 3058 3036 3057 3059 3035 3036 3059 3057 3058 3059 3056 3060 3058 3054 3060 3055 3055 3060 3056 3054 3061 3060 3062 3063 3064 3062 3064 3065 3059 3066 3067 3035 3059 3067 3038 3035 3067 3059 3058 3068 3059 3068 3066 3067 3066 3069 3067 3069 3070 3046 3038 3070 3038 3067 3070 3070 3069 3071 3070 3071 3072 3046 3070 3072 3068 3073 3066 3068 3074 3073 3058 3074 3068 3058 3060 3074 3075 3076 3077 3075 3078 3076 3078 3079 3076 3078 3080 3079 3077 3081 3075 3077 3082 3081 3080 3083 3079 3080 3084 3083 3084 3085 3083 3084 3086 3085 3086 3087 3085 3086 3088 3087 3088 3089 3087 3088 3090 3089 3091 3081 3082 3091 3082 3092 3079 3093 3076 3083 3094 3079 3079 3094 3093 3083 3095 3094 3085 3095 3083 3087 3096 3085 3085 3096 3095 3089 3097 3087 3087 3097 3096 3089 3098 3097 3094 3099 3093 3093 3099 3100 3076 3093 3101 3093 3100 3101 3076 3101 3077 3077 3102 3082 3077 3101 3102 3082 3103 3092 3082 3102 3103 3094 3104 3099 3095 3104 3094 3101 3100 3105 3101 3105 3102 3095 3106 3104 3096 3106 3095 3096 3107 3106 3097 3107 3096 3098 3108 3097 3097 3108 3107 3098 3109 3108 3102 3105 3110 3102 3110 3103 3099 3111 3100 3104 3112 3099 3099 3112 3111 3106 3113 3104 3104 3113 3112 3106 3114 3113 3107 3114 3106 3108 3115 3107 3107 3115 3114 3108 3116 3115 3109 3116 3108 3109 3117 3116 3105 3118 3110 3100 3119 3105 3100 3111 3119 3105 3119 3118 3115 3120 3114 3115 3121 3120 3122 3114 3120 3113 3114 3122 3120 3123 3122 3120 3124 3123 3121 3124 3120 3121 3125 3124 3126 3125 3121 3126 3127 3125 3126 3128 3127 3126 3129 3128 3130 3128 3129 3130 3129 3131 3132 3130 3131 3119 3111 3132 3112 3113 3133 3122 3123 3133 3113 3122 3133 3133 3123 3134 3112 3133 3134 3134 3123 3135 3112 3134 3136 3134 3135 3136 3111 3112 3136 3111 3136 3132 3132 3137 3130 3136 3137 3132 3136 3135 3137 3118 3119 3138 3119 3132 3138 3118 3138 3139 3140 3141 3142 3140 3143 3141 3141 3143 3144 3141 3144 3145 3146 3147 3148 3146 3148 3149 3149 3148 3150 3149 3150 3151 3151 3150 3152 3151 3152 3153 3153 3152 3154 3153 3154 3155 3155 3154 3156 3155 3156 3157 3143 3158 3144 3143 3159 3158 3154 3160 3156 3152 3161 3154 3154 3161 3160 3152 3162 3161 3150 3162 3152 3148 3163 3150 3150 3163 3162 3148 3164 3163 3147 3164 3148 3159 3165 3158 3159 3166 3165 3167 3159 3143 3166 3159 3167 3167 3143 3140 3166 3167 3168 3161 3169 3160 3162 3170 3161 3161 3170 3169 3163 3171 3162 3162 3171 3170 3164 3172 3163 3163 3172 3171 3164 3173 3172 3147 3174 3164 3144 3174 3147 3144 3158 3174 3174 3173 3164 3158 3175 3174 3174 3175 3173 3158 3165 3175 3175 3176 3173 3165 3177 3175 3175 3177 3176 3166 3178 3165 3165 3178 3177 3166 3179 3178 3172 3180 3171 3172 3181 3180 3173 3176 3181 3173 3181 3172 3171 3182 3170 3171 3180 3182 3170 3182 3183 3170 3183 3184 3170 3184 3185 3170 3185 3169 3186 3184 3183 3187 3188 3189 3187 3190 3188 3191 3190 3187 3191 3192 3190 3193 3192 3191 3193 3194 3192 3195 3196 3197 3195 3198 3196 3199 3198 3195 3199 3200 3198 3201 3200 3199 3201 3202 3200 3189 3202 3201 3189 3188 3202 3198 3203 3196 3198 3204 3203 3194 3205 3192 3194 3206 3205 3192 3207 3190 3192 3205 3207 3205 3208 3209 3205 3209 3207 3208 3210 3209 3208 3211 3210 3207 3209 3212 3190 3207 3213 3207 3212 3213 3190 3213 3188 3208 3214 3215 3208 3215 3211 3188 3213 3216 3216 3213 3212 3188 3216 3202 3217 3216 3212 3202 3217 3200 3202 3216 3217 3217 3212 3218 3219 3217 3218 3200 3219 3198 3200 3217 3219 3219 3218 3220 3219 3220 3221 3219 3221 3222 3198 3219 3222 3198 3222 3204 3223 3179 3166 3168 3223 3166 3168 3224 3223 3223 3225 3179 3226 3227 3228 3226 3228 3229 3229 3228 3230 3229 3230 3231 3231 3230 3232 3231 3232 3233 3234 3235 3227 3234 3236 3235 3230 3237 3232 3228 3238 3230 3230 3238 3237 3227 3239 3228 3227 3235 3239 3228 3239 3238 3236 3240 3235 3236 3241 3240 3238 3242 3237 3239 3243 3238 3238 3243 3242 3235 3240 3244 3239 3244 3243 3235 3244 3239 3241 3245 3240 3241 3246 3245 3243 3247 3242 3244 3248 3243 3243 3248 3247 3240 3249 3244 3240 3245 3249 3244 3249 3248 3248 3249 3245 3248 3245 3250 3251 3252 3253 3251 3254 3252 3253 3252 3255 3253 3255 3256 3256 3255 3257 3256 3257 3258 3258 3257 3259 3258 3259 3260 3261 3262 3263 3261 3264 3262 3263 3262 3265 3263 3265 3266 3266 3265 3267 3266 3267 3268 3268 3269 3270 3268 3267 3269 3264 3271 3262 3264 3272 3271 3262 3271 3273 3262 3273 3265 3265 3274 3267 3265 3273 3274 3267 3274 3275 3267 3275 3269 3272 3276 3271 3272 3277 3276 3271 3278 3273 3271 3276 3278 3273 3278 3279 3273 3279 3274 3274 3279 3280 3274 3280 3275 3278 3281 3279 3278 3276 3281 3282 3283 3284 3282 3285 3283 3286 3285 3282 3286 3287 3285 3288 3287 3286 3288 3289 3287 3285 3290 3283 3287 3291 3285 3285 3291 3290 3289 3292 3287 3287 3292 3291 3293 3294 3289 3289 3294 3292 3293 3295 3294 3291 3296 3290 3292 3297 3291 3291 3297 3296 3292 3298 3297 3294 3298 3292 3295 3299 3294 3294 3299 3298 3295 3300 3299 3297 3301 3296 3298 3302 3297 3297 3302 3301 3298 3303 3302 3299 3303 3298 3304 3302 3303 3299 3304 3303 3300 3304 3299 3300 3305 3304 3304 3306 3302 3307 2729 2718 3308 2718 2686 3307 2718 3308 3309 2730 2729 3309 2729 3307 3310 2732 2730 3310 2730 3309 3311 2732 3310 3311 2734 2732 3312 2736 2734 3312 2734 3311 3313 2736 3312 3313 2738 2736 3308 2686 3314 3315 2694 2696 3315 2695 2694 3315 2696 3316 3316 2696 2698 3317 2698 2700 3316 2698 3317 3317 2700 3318 3318 2700 2702 3318 2702 3319 3116 3117 3320 3115 3321 3121 3115 3116 3321 3116 3320 3321 3322 3323 3324 3322 3325 3323 3324 3323 3326 3324 3326 3327 3328 3324 3327 3328 3327 3329 3330 3328 3329 3330 3329 3331 3332 3330 3331 3332 3331 3333 3334 3332 3333 3334 3333 3335 3336 3334 3335 3336 3337 3334 3338 3337 3336 3338 3336 3339 3340 3338 3339 3340 3339 3341 3341 3339 3342 3339 3336 3342 3336 3343 3342 3336 3335 3343 3335 3333 3343 3343 3344 3342 3341 3342 3344 3333 3345 3343 3343 3345 3344 3333 3331 3345 3337 3346 3334 3346 3332 3334 3346 3347 3332 3347 3330 3332 3348 3328 3330 3347 3348 3330 3349 3324 3328 3349 3322 3324 3348 3349 3328 3337 3350 3346 3351 3337 3338 3351 3350 3337 3352 3338 3340 3352 3351 3338 3329 3327 3353 3327 3326 3353 3331 3329 3354 3329 3353 3354 3355 3356 3357 3355 3358 3356 3359 3355 3357 3359 3360 3355 3361 3360 3359 3361 3359 3362 3363 3355 3360 3363 3360 3364 3364 3360 3361 3365 3363 3364 3366 3361 3362 3366 3364 3361 3365 3364 3366 3367 3363 3365 3367 3368 3363 3369 3368 3367 3369 3370 3368 3356 3358 3371 3356 3371 3372 3373 3355 3363 3373 3374 3355 3375 3374 3373 3376 3377 3378 3376 3379 3377 3380 3376 3378 3380 3381 3376 3382 3381 3380 3382 3380 3383 3384 3382 3383 3385 3381 3382 3384 3385 3382 3386 3385 3384 3386 3387 3385 3387 3381 3385 3387 3376 3381 3388 3387 3386 3388 3389 3387 3390 3389 3388 3390 3391 3389 3377 3379 3392 3377 3392 3393 3394 3376 3387 3394 3395 3376 3396 3395 3394 3397 3398 3399 3397 3400 3398 3400 3401 3398 3400 3402 3401 3403 3402 3400 3403 3404 3402 3405 3404 3403 3405 3406 3404 3407 3406 3405 3407 3408 3406 3409 3408 3407 3409 3410 3408 3411 3410 3409 3411 3409 3412 3413 3411 3412 3413 3414 3411 3415 3414 3413 3415 3416 3414 3414 3417 3411 3416 3417 3414 3411 3418 3410 3411 3417 3418 3410 3418 3408 3418 3417 3419 3416 3419 3417 3408 3420 3406 3408 3418 3420 3418 3419 3420 3421 3409 3407 3412 3409 3421 3421 3407 3422 3422 3407 3405 3422 3405 3423 3423 3405 3403 3423 3403 3424 3424 3403 3400 3424 3400 3397 3412 3421 3425 3426 3412 3425 3426 3413 3412 3427 3413 3426 3427 3415 3413 3404 3428 3402 3402 3428 3401 3404 3429 3428 3406 3429 3404 3430 3431 3432 3430 3433 3431 3434 3433 3430 3434 3430 3435 3436 3434 3435 3436 3437 3434 3438 3435 3430 3438 3439 3435 3439 3436 3435 3440 3439 3438 3441 3436 3439 3441 3437 3436 3440 3441 3439 3442 3440 3438 3442 3438 3443 3444 3442 3443 3444 3443 3445 3431 3446 3432 3431 3447 3446 3448 3438 3430 3448 3430 3449 3450 3448 3449 3451 3452 3453 3451 3454 3452 3455 3454 3451 3455 3451 3456 3457 3455 3456 3457 3458 3455 3459 3458 3457 3459 3457 3460 3460 3457 3456 3461 3459 3460 3462 3460 3456 3462 3456 3451 3461 3460 3462 3463 3461 3462 3463 3462 3464 3465 3463 3464 3465 3464 3466 3452 3467 3453 3452 3468 3467 3469 3462 3451 3469 3451 3470 3471 3469 3470 3472 3473 3474 3475 3474 3473 3475 3473 3476 3473 3477 3476 3478 3476 3477 3478 3479 3476 3479 3478 3480 3478 3481 3480 3478 3482 3481 3482 3483 3481 3482 3484 3483 3485 3484 3482 3485 3478 3477 3485 3482 3478 3485 3486 3484 3487 3486 3485 3487 3485 3477 3473 3487 3477 3488 3487 3473 3487 3488 3486 3488 3473 3472 3489 3484 3486 3490 3486 3488 3489 3486 3490 3489 3490 3491 3489 3491 3492 3493 3491 3490 3490 3488 3493 3472 3493 3488 3484 3494 3483 3484 3489 3494 3494 3489 3492 3494 3492 3495 3472 3496 3493 3497 3491 3493 3497 3493 3496 3498 3491 3497 3498 3492 3491 3498 3495 3492 3498 3499 3495 3495 3500 3494 3500 3483 3494 3500 3501 3483 3501 3481 3483 3502 3480 3481 3501 3502 3481 3502 3503 3480 3479 3480 3504 3504 3480 3503 3479 3504 3505 3479 3505 3506 3476 3506 3475 3476 3479 3506 3504 3503 3507 3504 3508 3505 3504 3507 3508 3499 3509 3495 3495 3509 3500 3499 3510 3509 3511 3512 3513 3514 3513 3512 3514 3512 3515 3512 3516 3515 3517 3515 3516 3517 3518 3515 3518 3517 3519 3517 3520 3519 3517 3521 3520 3521 3522 3520 3521 3523 3522 3524 3517 3516 3524 3521 3517 3524 3523 3521 3524 3525 3523 3526 3525 3524 3512 3526 3516 3526 3524 3516 3527 3512 3511 3527 3526 3512 3526 3527 3525 3528 3523 3525 3529 3525 3527 3528 3525 3529 3528 3529 3530 3528 3530 3531 3511 3532 3527 3529 3527 3532 3532 3530 3529 3523 3533 3522 3523 3528 3533 3533 3528 3531 3533 3531 3534 3511 3535 3532 3536 3532 3535 3536 3530 3532 3537 3530 3536 3537 3531 3530 3537 3534 3531 3537 3538 3534 3534 3539 3533 3539 3522 3533 3539 3540 3522 3540 3520 3522 3541 3519 3520 3540 3541 3520 3541 3542 3519 3543 3519 3542 3518 3519 3543 3518 3543 3544 3518 3544 3545 3515 3518 3545 3515 3545 3514 3543 3542 3546 3543 3546 3547 3543 3547 3544 3538 3548 3534 3534 3548 3539 3538 3549 3548 3550 3551 3552 3553 3552 3551 3553 3551 3554 3551 3555 3554 3556 3554 3555 3556 3557 3554 3557 3556 3558 3556 3559 3558 3556 3560 3559 3560 3561 3559 3560 3562 3561 3563 3562 3560 3563 3560 3556 3563 3556 3555 3563 3564 3562 3565 3564 3563 3551 3565 3555 3565 3563 3555 3566 3551 3550 3565 3566 3564 3566 3565 3551 3567 3562 3564 3568 3564 3566 3567 3564 3568 3567 3568 3569 3567 3569 3570 3568 3566 3571 3550 3571 3566 3571 3569 3568 3572 3567 3570 3562 3567 3572 3562 3572 3561 3572 3570 3573 3550 3574 3571 3575 3569 3571 3575 3571 3574 3576 3570 3569 3576 3569 3575 3576 3573 3570 3576 3577 3573 3578 3561 3572 3573 3578 3572 3579 3559 3561 3578 3579 3561 3580 3558 3559 3579 3580 3559 3580 3581 3558 3582 3558 3581 3557 3558 3582 3557 3582 3583 3554 3557 3584 3557 3583 3584 3554 3584 3553 3582 3581 3585 3582 3585 3586 3582 3586 3583 3573 3587 3578 3577 3587 3573 3577 3588 3587 3589 3590 3591 3592 3591 3590 3592 3593 3591 3591 3593 3594 3595 3594 3593 3595 3593 3596 3596 3597 3595 3595 3597 3598 3595 3598 3599 3599 3598 3600 3599 3600 3601 3602 3595 3599 3602 3594 3595 3602 3599 3601 3602 3601 3603 3604 3602 3603 3604 3594 3602 3591 3594 3604 3605 3591 3604 3604 3603 3605 3605 3589 3591 3606 3603 3601 3607 3605 3603 3606 3607 3603 3606 3608 3607 3606 3609 3608 3607 3610 3605 3589 3605 3610 3610 3607 3608 3601 3611 3606 3611 3609 3606 3601 3600 3611 3611 3612 3609 3589 3610 3613 3614 3613 3610 3614 3610 3608 3615 3608 3609 3615 3614 3608 3615 3609 3612 3615 3612 3616 3612 3611 3617 3617 3611 3600 3617 3600 3618 3618 3600 3598 3618 3598 3619 3619 3598 3597 3619 3597 3620 3596 3621 3597 3621 3620 3597 3596 3622 3621 3593 3623 3596 3593 3592 3623 3596 3623 3622 3621 3624 3620 3621 3622 3625 3621 3625 3624 3612 3617 3626 3616 3612 3626 3616 3626 3627 3628 3629 3630 3631 3630 3629 3631 3632 3630 3630 3632 3633 3634 3633 3632 3634 3632 3635 3635 3636 3634 3634 3636 3637 3634 3637 3638 3638 3637 3639 3638 3639 3640 3641 3633 3634 3641 3634 3638 3641 3638 3640 3641 3640 3642 3643 3633 3641 3630 3633 3643 3643 3641 3642 3644 3630 3643 3644 3628 3630 3643 3642 3644 3645 3642 3640 3645 3646 3642 3646 3644 3642 3645 3647 3646 3645 3648 3647 3649 3646 3647 3628 3644 3649 3646 3649 3644 3640 3639 3650 3650 3648 3645 3640 3650 3645 3650 3651 3648 3628 3649 3652 3653 3649 3647 3653 3652 3649 3654 3648 3651 3654 3647 3648 3654 3653 3647 3654 3651 3655 3656 3650 3639 3651 3650 3656 3657 3639 3637 3656 3639 3657 3657 3637 3658 3658 3637 3636 3658 3636 3659 3635 3660 3636 3660 3659 3636 3635 3661 3660 3632 3662 3635 3632 3631 3662 3635 3662 3661 3660 3663 3659 3660 3661 3664 3660 3664 3663 3655 3651 3665 3651 3656 3665 3655 3665 3666 3667 3668 3669 3670 3669 3668 3670 3671 3669 3669 3671 3672 3673 3672 3671 3673 3671 3674 3674 3675 3673 3673 3675 3676 3673 3676 3677 3677 3676 3678 3677 3678 3679 3680 3672 3673 3680 3677 3679 3680 3673 3677 3680 3679 3681 3682 3672 3680 3669 3672 3682 3682 3680 3681 3683 3669 3682 3682 3681 3683 3683 3667 3669 3684 3681 3679 3685 3683 3681 3684 3685 3681 3684 3686 3685 3684 3687 3686 3688 3685 3686 3667 3683 3688 3685 3688 3683 3679 3678 3689 3679 3689 3684 3689 3687 3684 3689 3690 3687 3667 3688 3691 3692 3691 3688 3692 3688 3686 3693 3692 3686 3693 3686 3687 3693 3687 3690 3693 3690 3694 3695 3689 3678 3690 3689 3695 3696 3678 3676 3695 3678 3696 3696 3676 3697 3697 3676 3675 3697 3675 3698 3674 3699 3675 3699 3698 3675 3674 3700 3699 3671 3670 3701 3674 3701 3700 3671 3701 3674 3699 3702 3698 3699 3703 3702 3699 3700 3703 3690 3695 3704 3694 3690 3704 3694 3704 3705 3706 3707 3708 3709 3708 3707 3710 3709 3707 3706 3711 3707 3710 3707 3711 3712 3710 3711 3706 3713 3711 3712 3711 3713 3714 3709 3710 3712 3714 3710 3712 3715 3714 3709 3716 3708 3714 3717 3709 3717 3716 3709 3718 3717 3714 3718 3719 3717 3717 3720 3716 3719 3720 3717 3719 3721 3720 3719 3718 3722 3719 3722 3723 3714 3724 3718 3714 3715 3724 3718 3724 3725 3718 3725 3722 3712 3726 3715 3727 3724 3715 3727 3715 3726 3724 3727 3728 3724 3728 3729 3730 3719 3723 3719 3730 3731 3732 3719 3731 3732 3721 3719 3724 3733 3725 3733 3724 3729 3712 3734 3726 3713 3734 3712 3706 3735 3713 3713 3735 3734 3736 3737 3738 3739 3738 3737 3740 3739 3737 3740 3737 3741 3736 3741 3737 3739 3742 3738 3743 3742 3739 3744 3739 3740 3744 3743 3739 3745 3743 3744 3745 3746 3743 3743 3747 3742 3746 3747 3743 3746 3748 3747 3746 3745 3749 3746 3749 3750 3751 3746 3750 3746 3751 3752 3753 3748 3746 3753 3746 3752 3736 3754 3741 3755 3744 3740 3755 3740 3741 3755 3741 3754 3754 3756 3755 3755 3756 3757 3755 3757 3758 3755 3758 3744 3744 3758 3759 3744 3759 3745 3760 3759 3758 3760 3758 3757 3759 3760 3761 3759 3761 3762 3736 3763 3754 3754 3763 3756 3745 3759 3764 3745 3764 3749 3759 3765 3764 3765 3759 3762 3766 3767 3768 3769 3768 3767 3769 3770 3768 3767 3771 3769 3772 3767 3766 3767 3772 3771 3772 3773 3771 3772 3766 3774 3772 3774 3773 3771 3773 3775 3771 3775 3776 3777 3769 3771 3777 3771 3776 3773 3778 3775 3775 3778 3779 3775 3779 3780 3776 3775 3780 3776 3780 3781 3777 3776 3781 3780 3779 3782 3780 3782 3783 3773 3784 3778 3774 3784 3773 3774 3785 3784 3774 3766 3785 3769 3777 3786 3769 3786 3770 3777 3781 3787 3787 3786 3777 3787 3781 3788 3787 3788 3789 3787 3790 3786 3791 3787 3789 3787 3791 3792 3781 3793 3788 3781 3780 3793 3780 3794 3793 3780 3783 3794 3795 3790 3787 3795 3787 3792 3796 3797 3798 3799 3798 3797 3799 3797 3800 3801 3798 3799 3796 3798 3802 3801 3802 3798 3803 3802 3801 3796 3802 3804 3803 3804 3802 3803 3801 3805 3805 3801 3799 3803 3805 3806 3805 3799 3807 3807 3799 3800 3808 3805 3807 3808 3807 3809 3807 3800 3810 3809 3807 3810 3809 3810 3811 3809 3812 3808 3809 3813 3812 3805 3808 3814 3805 3814 3806 3808 3815 3814 3808 3812 3815 3803 3806 3816 3804 3803 3817 3803 3816 3817 3818 3816 3806 3818 3806 3814 3814 3819 3818 3814 3820 3819 3821 3813 3809 3809 3822 3821 3823 3822 3809 3823 3809 3811 3824 3820 3814 3814 3815 3824 3804 3817 3825 3796 3804 3825 3826 3827 3828 3829 3828 3827 3830 3828 3829 3830 3831 3828 3826 3828 3831 3829 3827 3832 3833 3829 3832 3834 3830 3829 3834 3829 3833 3835 3834 3833 3835 3833 3836 3833 3832 3837 3836 3833 3837 3836 3837 3838 3836 3839 3835 3836 3840 3839 3841 3840 3836 3836 3842 3841 3843 3836 3838 3843 3842 3836 3826 3831 3844 3845 3831 3830 3845 3830 3834 3845 3844 3831 3844 3845 3846 3845 3847 3846 3845 3834 3848 3845 3848 3847 3834 3849 3848 3834 3835 3849 3850 3847 3848 3850 3848 3849 3849 3851 3850 3849 3852 3851 3826 3844 3853 3844 3846 3853 3835 3854 3849 3835 3839 3854 3849 3854 3855 3855 3852 3849 3856 3857 3858 3859 3858 3857 3859 3857 3860 3858 3859 3861 3862 3856 3858 3858 3861 3862 3862 3861 3863 3862 3864 3856 3862 3863 3864 3861 3865 3863 3861 3866 3865 3867 3861 3859 3867 3866 3861 3863 3865 3868 3865 3869 3868 3866 3870 3865 3865 3870 3869 3866 3871 3870 3867 3871 3866 3870 3872 3869 3870 3873 3872 3864 3863 3874 3863 3868 3874 3864 3874 3875 3864 3875 3856 3859 3876 3867 3859 3860 3876 3877 3867 3876 3867 3877 3871 3877 3878 3871 3877 3879 3878 3877 3876 3880 3881 3879 3877 3877 3882 3881 3871 3878 3883 3871 3883 3870 3884 3882 3877 3884 3877 3880 3870 3885 3873 3870 3883 3885 3886 3887 3888 3886 3889 3887 3888 3887 3890 3888 3890 3891 3891 3890 3892 3891 3892 3893 3887 3889 3894 3890 3887 3895 3887 3894 3895 3892 3890 3896 3890 3895 3896 3892 3896 3897 3895 3894 3898 3896 3895 3899 3895 3898 3899 3896 3899 3900 3897 3896 3900 3897 3900 3901 3902 3886 3888 3902 3903 3886 3904 3891 3893 3905 3888 3891 3904 3905 3891 3905 3902 3888 3893 3892 3906 3906 3892 3897 3907 3897 3901 3906 3897 3907 3907 3901 3908 3906 3907 3908 3906 3908 3909 3902 3910 3903 3902 3911 3910 3905 3911 3902 3910 3911 3912 3910 3912 3913 3911 3914 3912 3911 3915 3914 3904 3915 3905 3905 3915 3911 3915 3916 3914 3904 3917 3915 3915 3917 3916 3912 3918 3913 3912 3919 3918 3914 3919 3912 3914 3920 3919 3916 3920 3914 3916 3921 3920 3919 3922 3918 3919 3923 3922 3920 3923 3919 3921 3924 3920 3920 3924 3923 3921 3925 3924 3917 3926 3916 3926 3921 3916 3917 3927 3926 3928 3925 3921 3926 3928 3921 3926 3929 3928 3928 3929 3925 3926 3909 3929 3930 3906 3909 3930 3909 3926 3930 3927 3917 3930 3904 3893 3930 3917 3904 3930 3926 3927 3893 3906 3931 3930 3931 3906 3930 3893 3931 3932 6 7 3933 15 14 3934 23 22 3935 30 31 47 51 45 47 59 51 45 53 48 45 51 53 51 59 56 51 56 52 56 3936 52 56 55 3936 52 3936 3937 52 3937 50 59 54 56 59 60 54 68 62 64 68 67 62 69 3938 66 69 3939 3938 3940 3939 69 68 3940 69 3940 3941 3939 3942 3941 3940 3942 3943 3941 72 3943 3942 72 71 3943 72 75 70 72 76 75 68 3944 3940 3944 3942 3940 64 3944 68 3945 76 72 3945 72 3942 3944 3945 3942 64 3946 3944 3946 3945 3944 77 76 3945 79 74 77 79 81 74 3946 3947 3945 77 3945 3947 82 3947 3946 80 79 77 82 80 3947 80 77 3947 97 96 103 97 103 110 96 104 103 96 99 104 103 106 110 103 102 106 106 102 3948 106 3948 107 102 3949 3948 102 101 3949 110 106 105 110 105 111 118 116 113 118 113 119 120 117 3950 120 3950 3951 3952 120 3951 118 120 3952 3952 3951 3953 3954 3952 3953 3954 3953 3955 122 3954 3955 122 3955 123 122 121 127 122 127 126 3956 3952 3954 118 3952 3956 116 118 3956 3957 3954 122 3957 122 126 3956 3954 3957 116 3956 3958 3958 3956 3957 128 3957 126 132 128 125 132 125 133 3958 3957 3959 128 3959 3957 130 3958 3959 130 3959 131 131 128 132 131 3959 128 148 147 153 148 153 161 147 154 153 147 150 154 153 157 161 153 155 157 157 155 3960 157 3960 158 155 3961 3960 155 152 3961 161 157 156 161 156 162 169 167 164 169 164 170 171 168 3962 171 3962 3963 169 171 3964 3964 171 3963 3964 3963 3965 3966 3964 3965 3966 3965 3967 173 3966 3967 173 3967 174 173 172 178 173 178 177 3968 3964 3966 169 3964 3968 167 169 3968 3969 3966 173 3969 173 177 3968 3966 3969 3970 3968 3969 167 3968 3970 179 3969 177 183 179 176 183 176 184 3970 3969 3971 179 3971 3969 181 3970 3971 182 179 183 181 3971 182 182 3971 179 200 205 198 200 213 205 198 204 201 198 205 204 205 213 209 205 209 206 209 3972 206 209 208 3972 206 3972 3973 206 3973 203 213 207 209 213 212 207 221 215 217 221 220 215 222 3974 219 222 3975 3974 3976 3975 222 221 3976 222 3976 3977 3975 3978 3977 3976 3978 3979 3977 225 3979 3978 225 224 3979 225 228 223 225 229 228 3980 3978 3976 221 3980 3976 217 3980 221 3980 3981 3978 3981 229 225 3981 225 3978 3982 3981 3980 217 3982 3980 230 229 3981 233 227 230 233 232 227 230 3981 3983 3982 3983 3981 235 3983 3982 235 234 3983 234 233 230 234 230 3983 3984 3985 3986 3984 3987 3985 3988 3984 3986 3988 3987 3984 3988 3986 3989 3990 3988 3989 3990 3989 3991 3992 3990 3991 3988 3993 3987 3990 3993 3988 3990 3992 3993 3994 3993 3992 3995 3994 3992 3996 3994 3995 3994 3996 3993 3996 3995 3997 3998 3996 3997 3998 3999 3996 4000 3999 3998 4000 4001 3999 3996 4001 3993 3996 3999 4001 3992 3991 4002 3995 3992 4002 4003 4004 4005 4003 4006 4004 4007 4003 4005 4007 4006 4003 4007 4005 4008 4009 4007 4008 4009 4008 4010 4011 4009 4010 4009 4012 4007 4009 4011 4012 4007 4012 4006 4013 4012 4011 4014 4013 4011 4013 4015 4012 4015 4013 4014 4015 4014 4016 4017 4015 4016 4017 4018 4015 4019 4018 4017 4015 4020 4012 4019 4020 4018 4015 4018 4020 4014 4011 4021 4011 4010 4021 4022 4023 4024 4022 4025 4023 4026 4025 4022 4026 4022 4024 4026 4024 4027 4028 4026 4027 4028 4027 4029 4030 4028 4029 4028 4030 4031 4028 4031 4026 4026 4031 4025 4032 4031 4030 4033 4032 4030 4032 4034 4031 4034 4032 4033 4034 4033 4035 4036 4034 4035 4036 4037 4034 4038 4037 4036 4034 4039 4031 4034 4037 4039 4038 4039 4037 4033 4030 4040 4030 4029 4040 4041 4042 4043 4041 4044 4042 4045 4044 4041 4045 4041 4043 4045 4043 4046 4047 4045 4046 4047 4046 4048 4049 4047 4048 4047 4049 4050 4045 4050 4044 4047 4050 4045 4051 4050 4049 4052 4051 4049 4053 4051 4052 4051 4053 4050 4053 4052 4054 4055 4053 4054 4055 4056 4053 4057 4056 4055 4053 4058 4050 4053 4056 4058 4057 4058 4056 4052 4049 4059 4049 4048 4059 4060 4061 4062 4060 4063 4061 4064 4060 4062 4064 4065 4060 4065 4063 4060 4066 4065 4064 4066 4064 4067 4068 4066 4067 4066 4068 4069 4066 4069 4065 4065 4069 4063 4070 4069 4068 4071 4070 4068 302 4070 4071 4070 302 4069 302 4071 303 302 306 4069 302 304 306 4071 4068 4072 4068 4067 4072 4073 4074 4075 4073 4076 4074 4077 4073 4075 4077 4078 4073 4078 4076 4073 4079 4078 4077 4079 4077 4080 4081 4079 4080 4079 4082 4078 4078 4082 4076 4079 4081 4082 4083 4082 4081 4084 4083 4081 4085 4083 4084 4083 4085 4082 4085 4084 4086 4087 4085 4086 4087 4088 4085 4089 4088 4087 4089 4090 4088 4085 4090 4082 4085 4088 4090 4084 4081 4091 4081 4080 4091 4092 4093 4094 4092 4095 4093 4096 4092 4094 4096 4097 4092 4097 4095 4092 4098 4097 4096 4098 4096 4099 4100 4098 4099 4098 4101 4097 4098 4100 4101 4097 4101 4095 4102 4101 4100 4103 4102 4100 4104 4102 4103 4102 4104 4101 4104 4103 4105 4106 4104 4105 4106 4107 4104 4108 4107 4106 4104 4109 4101 4104 4107 4109 4108 4109 4107 4103 4100 4110 4100 4099 4110 4111 4112 4113 4111 4114 4112 4115 4111 4113 4115 4116 4111 4116 4114 4111 4117 4116 4115 4117 4115 4118 4119 4117 4118 4117 4119 4120 4116 4120 4114 4117 4120 4116 4121 4120 4119 4122 4121 4119 4121 4123 4120 4123 4121 4122 4123 4122 4124 4125 4123 4124 4125 4126 4123 4127 4126 4125 4123 4128 4120 4127 4128 4126 4123 4126 4128 4122 4119 4129 4119 4118 4129 4130 4131 4132 4130 4133 4131 4132 4131 4134 4132 4134 4135 4136 4130 4132 4137 4132 4135 4136 4132 4137 4138 4136 4137 4138 4137 4139 4139 4137 4140 4137 4135 4140 4139 4140 4141 4142 4138 4139 4143 4139 4141 4142 4139 4143 4143 4141 4144 4145 4133 4130 4145 4146 4133 4147 4146 4145 4147 4148 4146 4149 4148 4147 4149 4147 4145 4150 4130 4136 4150 4145 4130 4149 4145 4150 4151 4149 4150 4152 4136 4138 4151 4150 4152 4152 4150 4136 4153 4151 4152 4153 4152 4154 4154 4138 4142 4154 4152 4138 4151 4153 4155 4151 4155 4149 4149 4155 4148 4153 4154 4156 4153 4156 4157 4157 4155 4153 4157 4156 4158 4157 4159 4155 4157 4158 4159 4159 4158 4160 4159 4160 4161 4161 4160 4162 4161 4162 4163 4159 4161 4163 4159 4163 4155 4160 4164 4162 4158 4165 4160 4160 4165 4164 4165 4166 4164 4165 4167 4166 4167 4168 4166 4167 4169 4168 4156 4170 4158 4170 4167 4165 4158 4170 4165 4171 4169 4167 4170 4171 4167 4154 4172 4156 4172 4171 4170 4154 4142 4172 4156 4172 4170 4172 4173 4171 4142 4173 4172 4142 4143 4173 4173 4174 4171 4171 4174 4169 4173 4175 4174 4143 4175 4173 4143 4144 4175 4176 4177 4178 4176 4179 4177 4178 4177 4180 4178 4180 4181 4182 4176 4178 4183 4178 4181 4182 4178 4183 373 4182 4183 373 4183 374 374 4183 4184 4183 4181 4184 374 4184 376 4185 4179 4176 4185 4186 4179 4187 4186 4185 4187 4188 4186 4189 4187 4185 4189 4188 4187 4189 4185 4190 4190 4176 4182 4190 4185 4176 4191 4189 4190 379 4182 373 379 4190 4182 4191 4190 379 4192 4191 379 4192 379 378 4191 4192 4193 4191 4193 4189 4189 4193 4188 4192 378 381 4194 4193 4192 4192 381 4194 4194 381 4195 4194 4196 4193 4194 4195 4196 4196 4195 4197 4196 4197 4198 4198 4197 4199 4196 4198 4200 4196 4200 4193 4198 4199 4200 4197 4201 4199 4195 4202 4197 4197 4202 4201 4202 4203 4201 4202 4204 4203 4204 4205 4203 4204 4206 4205 4207 4204 4202 381 4207 4195 4195 4207 4202 4208 4206 4204 4207 4208 4204 380 4208 4207 381 380 4207 380 382 4208 382 4209 4208 4208 4209 4206 382 383 4209 1043 1041 1073 1043 1073 4210 4210 1073 1045 4210 1045 1044 1064 1084 1063 1064 1080 1084 1064 1078 1080 1064 1072 1078 1045 1073 1075 1045 1075 1072 1077 1076 4211 1078 4212 1081 1077 4211 4212 1078 1077 4212 4211 1076 1087 4211 1087 1092 1097 1092 1094 1097 1094 1098 4213 1097 1096 1065 1063 1128 1065 1128 1066 1128 1127 4214 1128 4214 4215 1066 1128 4215 1066 4215 1129 4216 4217 4218 4216 4219 4217 4220 4216 4218 4220 4218 4221 4219 4222 4217 4219 4223 4222 4224 4225 4226 4224 4226 4227 4228 1133 1132 4228 4229 1133 4229 4230 1133 4229 4231 4230 1133 4232 1134 1133 4230 4232 4233 1132 1135 4233 1135 4234 4224 4227 4235 4224 4235 4236 4224 4237 4222 4224 4236 4237 4237 4236 4238 4218 4217 4239 4221 4218 1137 4218 4239 1137 4221 1137 1136 4239 4237 4240 4237 4238 4240 1137 4239 4241 4239 4240 4241 1137 4241 1138 4240 4238 4242 4241 4240 4243 4240 4242 4243 1138 4241 4244 4241 4243 4244 1138 4244 1140 4245 1140 4244 4242 4246 4247 4242 4247 4248 4243 4242 4248 4244 4243 4249 4243 4248 4249 4244 4249 4245 4245 4249 4250 4246 4251 4247 4246 4252 4251 4252 4253 4251 4252 4254 4253 4246 4255 4252 4246 4256 4255 4254 4255 4257 4258 4233 4259 4258 4260 4233 4254 4257 4261 4233 4234 4262 4233 4262 4259 4259 4263 4257 4259 4262 4263 4257 4263 1144 4257 1144 4261 4261 1144 1143 4261 1143 4264 4265 1147 1146 4265 1148 1147 4266 1148 4265 4266 4265 4267 4268 4266 4267 4269 4266 4268 1153 4269 4268 1152 4269 1153 1157 4270 1155 1157 4271 4270 4271 1160 4270 4271 1158 1160 4272 1156 1154 4272 1154 4273 4273 1154 1151 1155 4274 1152 1155 4270 4274 1152 4274 4269 4270 1160 4275 4270 4275 4274 4273 1151 1293 4276 1149 1148 4269 4276 4266 4275 1149 4276 4276 1148 4266 4274 4275 4276 4274 4276 4269 1160 1162 4275 4275 1162 1149 1160 1159 1162 1164 1165 1150 1164 1166 1165 1168 1167 4253 4254 1168 4253 4261 4264 4277 4254 4277 1168 4261 4277 4254 4213 1096 4278 1196 1193 1170 1197 1207 1196 1197 4279 1207 4279 1200 1207 4279 1198 1200 1196 1240 1193 1242 1241 4280 4280 1241 4281 4280 4281 1244 1244 4281 4282 1244 4282 1245 1244 1243 1247 4280 1244 4283 1244 1247 4283 4283 1247 1249 4283 1249 4284 4281 1253 4282 4281 4285 1253 4281 4245 4285 4245 4250 4285 1245 4282 4286 1245 4286 1251 4282 1255 4286 4282 1253 1255 4287 4280 4283 1242 4280 4287 4287 4283 4284 4288 1289 1288 4288 1288 1291 1153 4268 1298 1296 1298 4289 1295 1296 4290 1296 4289 4290 1298 4268 4291 1298 4291 4289 4268 4267 4291 1292 1295 4292 1295 4290 4292 1292 4292 4293 1291 1292 4293 1291 4293 4294 4295 1291 4294 4295 4288 1291 4292 4290 4296 4293 4292 4297 4292 4296 4297 4293 4297 4298 4294 4293 4298 4294 4298 4299 4300 4294 4299 4300 4295 4294 4297 4296 4301 4298 4297 4302 4297 4301 4302 4299 4298 4303 4298 4302 4303 4299 4303 4304 4305 4300 4299 4305 4299 4304 4302 4301 4306 4302 4306 4307 4303 4302 4307 4304 4303 4308 4303 4307 4308 4304 4308 4309 4310 4304 4309 4310 4305 4304 4307 4306 4311 4307 4311 4312 4308 4307 4312 4309 4308 4313 4308 4312 4313 4309 4313 4314 4315 4310 4309 4315 4309 4314 4312 4311 4316 4313 4312 4317 4312 4316 4317 4314 4313 4318 4313 4317 4318 4314 4318 4319 4320 4314 4319 4320 4315 4314 4317 4316 4321 4318 4317 4322 4317 4321 4322 4319 4318 4323 4318 4322 4323 4324 4320 4319 4319 4323 4324 4322 4321 1306 4323 4322 1304 4322 1306 1304 4324 4323 1305 4323 1304 1305 4324 1305 1301 4324 4325 4320 4325 4324 1301 4325 1301 1303 4325 1303 1307 4325 1307 4326 4326 1307 1308 4326 4320 4325 4326 1308 4327 4328 4326 4327 4326 4328 4320 4328 4327 4329 4320 4328 4330 4330 4328 4329 4320 4330 4315 4330 4329 4331 4315 4330 4332 4315 4332 4310 4332 4330 4331 4332 4331 4333 4310 4332 4334 4310 4334 4305 4334 4332 4333 4334 4333 4335 4336 4334 4335 4305 4336 4300 4305 4334 4336 4336 4335 4337 4338 4336 4337 4300 4336 4338 4300 4338 4295 4338 4337 4339 4295 1310 4288 1310 4338 4339 4295 4338 1310 1310 4339 1311 1314 4290 4289 1313 4290 1314 4340 1316 1317 4340 1317 1319 4341 4340 1319 4341 1319 1318 1321 1320 4342 1321 4342 4343 4343 4342 1323 4343 1323 1322 1320 1326 4344 1320 4344 4342 4342 4344 4345 4342 4345 1323 1326 4346 4344 1326 1327 4346 4344 4346 4347 4344 4347 4345 1327 4348 4346 4348 4291 4267 1328 4291 4348 1328 4289 4291 1314 4289 1328 1327 1328 4348 4349 4267 4265 4346 4349 4347 4346 4348 4349 4348 4267 4349 4349 4265 1922 4347 4349 1922 1311 4350 1313 1311 4339 4350 4350 4296 4290 1313 4350 4290 4339 4337 4351 4350 4351 4296 4351 4301 4296 4339 4351 4350 4337 4335 4352 4352 4306 4301 4337 4352 4351 4351 4352 4301 4335 4353 4352 4335 4333 4353 4353 4311 4306 4352 4353 4306 4353 4354 4311 4333 4331 4354 4354 4316 4311 4333 4354 4353 4354 4355 4316 4355 4321 4316 4331 4329 4355 4331 4355 4354 4329 4327 4356 4356 1306 4321 4329 4356 4355 4355 4356 4321 4327 1329 4356 4327 1308 1329 4356 1329 1306 4357 1331 1333 4357 1333 4358 1333 1335 4358 4358 1335 4359 4358 4360 4357 4358 4359 4360 4359 1335 1337 1333 1338 1335 1332 1338 1333 1338 4361 1336 1332 4362 1338 1338 4362 4361 4363 4364 1340 4363 1340 1339 1340 4365 1343 4365 1344 1343 1336 4366 1337 4359 4366 4365 4359 1337 4366 4365 4366 1344 1340 1343 1341 4366 1347 1344 4366 4367 1347 4361 4367 1336 1336 4367 4366 4361 4368 4367 4368 1349 1347 4367 4368 1347 4368 4369 1349 4369 1351 1349 4369 4370 1351 4370 4371 1351 4370 4372 4371 4372 4373 4371 4373 1355 4371 4371 1355 1351 1379 1400 1378 1380 1381 1379 1425 1427 1437 1425 1437 4374 1423 1425 4374 4375 1332 1445 1444 4375 1445 4375 4362 1332 1444 1448 4375 4375 1448 4376 4376 4370 4369 4362 4375 4377 4362 4377 4361 4377 4368 4361 4377 4369 4368 4376 4369 4377 4375 4376 4377 1448 4378 4376 4378 4370 4376 4378 4372 4370 4373 4372 4378 1447 4373 4378 1448 1447 4378 1447 4379 4373 4379 4380 4373 4380 4379 4381 4381 4379 1447 4381 1447 1446 4380 4381 4382 4383 4380 4382 4380 4383 1452 4383 1449 1452 4383 4384 1449 4385 4386 4384 4385 4384 4387 4380 1452 4388 4380 4388 4373 4388 1452 1454 4388 1454 1458 4373 4388 1458 4373 1458 4389 4389 1458 1459 4389 1459 1462 4373 4389 1461 1461 4389 1462 4373 1461 1355 1461 1462 1460 1469 1468 1471 1469 1471 1470 1466 1465 1472 1472 1469 1470 1472 1470 1473 1466 1472 1474 1474 1472 1473 1474 1473 1475 1474 1475 1476 1477 1467 1474 4390 1474 1476 1477 1474 4390 1381 1477 4390 1381 4390 1379 1379 1478 1400 4390 1476 1478 1379 4390 1478 1412 1414 4391 1412 4391 1480 1414 1416 1484 1414 1484 4391 1416 1419 1485 1416 1485 1484 1423 4374 4392 1419 4392 1485 1419 1423 4392 1490 1492 1495 1490 1495 1494 4393 1506 1505 4393 1931 1506 1534 4394 1536 1534 1533 4394 1533 1538 4394 1533 1539 1538 4395 1541 1540 4395 4396 1541 4395 4397 4396 4395 1546 4397 1546 1545 1549 1546 1549 4397 1584 1583 1638 1584 1638 1594 1583 1596 1638 1583 1582 1596 1581 1646 1595 1581 1580 1646 1580 1649 1646 1580 1587 1649 1624 1626 1625 1624 1627 1626 1622 1627 1624 1621 1630 1622 1622 1630 1627 1623 1632 1621 1621 1632 1630 1632 1672 1631 1623 4398 1632 1632 4398 1672 1597 4398 1623 4398 1669 1672 1593 4399 1597 4398 4399 1669 1597 4399 4398 4399 1635 1669 1593 1633 4399 4399 1633 1635 1593 1636 1633 1593 1592 1636 1594 1636 1592 1594 1639 1636 1752 1753 1754 1752 1754 1756 1753 1765 1754 1753 1767 1765 1767 1766 1765 1767 1768 1766 1768 1770 1775 1768 1775 1766 1770 1772 1775 1770 1771 1772 1771 1743 1822 1771 1822 1773 1786 1782 1785 1786 1785 1787 1800 1798 1796 1800 1799 1798 1751 1748 1801 1799 1802 1803 1799 1803 1798 1802 1804 1803 1805 1787 1804 1805 1786 1787 1802 1805 1804 1807 1751 1808 1807 1808 1810 1751 1811 1808 1751 1801 4400 1751 4400 1811 1821 1820 1818 1821 1823 1820 1823 1825 1820 1823 1827 1825 1827 1826 1825 1828 1810 1826 1828 1807 1810 1827 1828 1826 1862 1850 1836 1862 1852 1850 1862 1861 1852 1858 1853 1855 1858 1856 1853 1858 1855 4401 1858 4401 1859 1855 1854 4402 1855 4402 4401 1854 4403 4402 1862 1836 1865 1863 1862 1865 1863 1865 1867 1870 1867 1866 1870 1873 1867 1871 1870 1866 1871 1866 1874 1863 4404 1864 1909 1907 1906 4405 1249 1907 4287 4284 4405 4405 4284 1249 1909 4405 1907 1909 1908 4406 1908 4407 4406 1908 1910 4407 4406 4407 2450 4406 2450 2449 4408 4406 2449 1909 4406 4408 4287 4405 4409 1242 4287 4409 4409 4405 1909 4409 1909 4408 1242 4409 1912 4409 4408 1912 4408 2449 4410 4411 4408 4410 4411 4410 4412 4411 4412 4413 4414 4411 4413 1913 4411 4414 1914 1913 4414 1914 4414 4415 1915 1914 4415 4221 1136 1915 1915 4415 4416 4417 1915 4416 4221 1915 4417 4220 4221 4417 4417 4416 4418 4419 4417 4418 4220 4417 4419 4419 4418 4420 4420 4418 4421 4420 4421 4422 4423 4424 4425 4423 4426 4424 4427 1916 1917 1917 1134 4232 4427 1917 4428 1917 4232 4429 4428 1917 4429 4428 4429 4430 4431 4262 4234 4431 4234 1135 4431 1135 1916 4423 4432 4426 4423 4433 4432 4423 4421 4434 4423 4434 4433 4434 4435 4433 4416 4436 4434 4416 4415 4436 4434 4436 4435 4436 4437 4435 4436 4438 4437 4415 4414 4438 4414 4413 4438 4415 4438 4436 4439 4431 4440 4441 4442 4443 4431 4444 4262 4439 4444 4431 4444 4263 4262 4444 4445 4263 4445 1144 4263 4446 4445 4442 4441 4447 4442 4445 4448 1144 4446 4448 4445 4438 4413 4449 4438 4449 4437 4447 4450 4446 4441 4451 4447 4447 4451 4450 4448 1918 1144 4448 4452 1918 4265 1920 1922 4265 1146 1920 4345 4347 1921 4347 1922 1921 1323 4345 1924 1323 1924 1324 4345 1921 1924 1925 1923 1927 1925 1927 1929 4446 4450 1930 1930 4450 1928 4446 1930 4453 4448 4446 4453 4448 4453 4452 4454 1945 1944 4454 2000 1945 1972 1977 1984 1972 1984 4455 4456 1972 4455 4456 4455 4457 4456 4457 1987 4456 1987 1986 1990 1988 1985 1990 1985 1996 2071 2074 2070 2071 2072 2074 2103 2102 2113 2104 2103 2112 2103 2113 2112 2105 2104 2116 2104 2112 2116 2105 2116 2117 2106 2107 2121 2111 2106 2120 2106 2121 2120 2111 2120 2123 2110 2111 2123 2102 2110 2126 2102 2126 2113 2110 2123 2126 2131 2130 2136 2131 2136 2140 2147 4458 2146 2147 2129 4458 4459 2154 2160 4459 2152 2154 2178 2181 2192 2178 2192 2188 2181 2183 2193 2181 2193 2192 2183 2195 2193 2183 2185 2195 4460 2214 2215 4460 2215 2220 4383 4382 4461 2240 1555 1557 2240 4462 1555 4462 1559 1555 4462 4463 1559 4463 1567 1559 4463 2241 1567 2317 2345 2316 2317 4464 2345 4464 2320 2345 4464 2318 2320 2339 1129 4215 2337 2336 2355 2337 2355 2351 2337 2351 2350 2337 2350 2344 2320 2346 2345 2320 2344 2346 2349 4465 2348 2350 4466 2349 2350 2352 4466 2349 4466 4465 4465 2358 2348 4465 2363 2358 2369 2365 2363 2369 2368 2365 4213 4278 2367 4213 2367 2369 2338 2398 2336 2338 2339 2398 2339 4215 2398 2398 4215 4214 2398 4214 2397 2417 2400 1193 2418 2417 2429 2418 2429 4467 4467 2429 2420 4467 2420 2419 2417 1193 2448 4437 4468 4441 4441 4468 4451 4437 4449 4468 4288 2454 1289 4288 1310 2454 4469 2460 2457 4469 4470 2460 2460 4470 2461 4470 4471 2461 4470 4469 4472 4470 4472 4471 4471 2462 2461 2458 2460 2464 2460 2461 2464 2464 2463 4473 2464 4473 4474 2458 2464 4474 4475 2467 4476 4475 2465 2467 2467 2469 4477 4477 2469 2471 4471 4477 4478 4477 2471 4478 4471 4478 2462 2463 2462 4478 2467 2466 2469 4478 2471 2473 4473 2463 4479 2463 4478 4479 4478 2473 4479 4479 2473 4480 4473 4479 4480 4480 2473 2475 4480 2475 4481 4481 2475 2477 4481 2477 4482 4482 2477 4483 4482 4483 4484 4484 4483 4485 4483 2477 2481 4485 4483 2481 2505 2504 2526 2506 2505 2507 2551 2563 2553 2551 4486 2563 2549 4486 2551 4487 2569 2458 2571 2569 4487 4487 2458 4474 2571 4487 2573 4488 4481 4482 4487 4488 2573 4489 4480 4481 4488 4489 4481 4489 4473 4480 4474 4473 4489 4487 4489 4488 4474 4489 4487 4485 4490 4484 2573 4488 4490 4490 4482 4484 4490 4488 4482 2574 4490 4485 2573 4490 2574 2574 4485 4491 4491 4485 4492 4492 4493 4491 4493 2574 4491 4493 2572 2574 4492 4494 4493 4495 4494 4492 4492 2579 4495 4495 2579 2575 4495 2575 4496 4497 4496 4498 4497 4499 4496 4492 4485 4500 4492 4500 2579 4500 2580 2579 4500 2584 2580 4485 2584 4500 4485 4501 2584 4501 2585 2584 4501 2587 2585 2588 2587 4501 4485 2588 4501 4485 2481 2588 2588 2586 2587 2591 2595 2590 2595 2597 2594 2595 2596 2597 2598 2596 2595 2591 2598 2595 2598 2599 2596 2600 2599 2598 2600 2601 2599 2600 2602 2601 2603 2600 2593 4502 2602 2600 2603 4502 2600 2507 4502 2603 2507 2505 4502 2505 2604 4502 4502 2604 2602 2505 2526 2604 2538 4503 2540 2538 2606 4503 2540 4503 2610 2540 2610 2542 2542 2612 2545 2542 2610 2612 2549 4504 4486 2545 2612 4504 2545 4504 2549 2616 2620 2618 2616 2621 2620 4505 2631 2632 4505 2632 2654 2663 2665 4506 2663 4506 2662 2662 4506 2667 2662 2667 2669 4507 2668 2670 4507 2670 4508 4507 4508 4509 4507 4509 2674 2674 2678 2675 2674 4509 2678 2712 2765 2711 2712 2722 2765 2750 2751 2752 2748 2750 2754 2750 2752 2754 2747 2748 2756 2748 2754 2756 2749 2747 2758 2747 2756 2758 2758 2757 2787 2758 2787 4510 2749 2758 4510 2723 2749 4510 4510 2787 2791 2721 2723 4511 2723 4510 4511 4510 2791 4511 4511 2791 2760 4511 2760 2759 2721 4511 2759 2722 2720 2762 2721 2762 2720 2721 2759 2762 2722 2762 2764 2711 2776 2710 2711 2765 2776 2709 2777 2778 2709 2778 2708 2708 2778 2779 2708 2779 2715 2881 2883 2882 2881 2884 2883 2882 2883 2894 2896 2894 2895 2882 2894 2896 2896 2895 2897 2897 2904 2899 2897 2895 2904 2899 2904 2901 2899 2901 2900 2900 2949 2872 2900 2902 2949 2914 2913 2910 2914 2915 2913 2927 2924 2926 2927 2926 2928 2880 2929 2877 2928 2931 2930 2928 2926 2931 2930 2931 2932 2933 2915 2914 2933 2932 2915 2930 2932 2933 2935 2936 2880 2935 2937 2936 2880 2936 2939 2880 4512 2929 2880 2939 4512 2950 2946 2948 2950 2948 2951 2951 2948 2953 2951 2953 2955 2955 2953 2954 2956 2954 2937 2955 2954 2956 2956 2937 2935 2989 2964 2978 2989 2978 2980 2989 2980 2990 2987 2983 2981 2987 2981 2984 2987 4513 2983 2987 2986 4513 2983 4514 2982 2983 4513 4514 2982 4514 4515 2991 2992 4516 2991 2995 2989 2989 2995 2964 2991 2997 2995 3001 2996 2997 3001 2997 3003 3000 2996 3001 3000 3004 2996 4517 3018 3019 4517 3019 3041 3049 3061 3054 3049 4518 3061 4519 4518 3049 4519 4520 4518 4519 3063 4520 4519 3064 3063 3066 3062 3065 3066 3073 3062 3145 3144 3147 3145 3147 3146 3177 3189 3176 3178 3187 3177 3177 3187 3189 3178 3191 3187 3179 3191 3178 3179 3193 3191 3181 3199 3180 3180 3199 3195 3180 3195 3182 3182 3197 3183 3182 3195 3197 3176 3201 3181 3176 3189 3201 3181 3201 3199 3206 3208 3205 3206 3214 3208 3222 3221 4521 3222 4521 3204 4522 3227 3226 4522 3234 3227 3252 3266 3255 3252 3263 3266 3255 3266 3268 3255 3268 3257 3257 3270 3259 3257 3268 3270 4523 3289 3288 4523 3293 3289 4495 4524 4494 3314 2686 2683 3314 2683 4525 4525 2683 2687 4525 2687 4526 4526 2687 2695 4526 2695 3315 63 3946 64 63 82 3946 63 78 82 114 116 3958 114 3958 130 114 130 129 165 167 3970 165 3970 181 165 181 180 216 3982 217 216 235 3982 216 231 235 4222 4223 4225 4222 4225 4224 4227 4226 4228 4227 4228 4260 4260 4228 1132 4260 1132 4233 4235 4227 4260 4236 4235 4256 4236 4256 4238 4217 4222 4237 4217 4237 4239 4238 4256 4246 4238 4246 4242 4255 4254 4252 4255 4259 4257 4235 4260 4258 4255 4258 4259 4256 4258 4255 4256 4235 4258 1159 1163 1162 1241 1140 4245 1241 4245 4281 4285 4250 1256 4285 1256 1253 4360 4359 4364 4360 4364 4527 4527 4364 4363 4527 4363 4528 4364 4359 4365 4364 4365 1340 4384 1450 1449 4384 4386 1450 4387 4384 4383 1912 4408 4411 4410 2449 2452 4410 2452 4412 1912 4411 1913 4421 4425 4422 4421 4423 4425 4426 4427 4424 4426 4440 4427 4440 1916 4427 4440 4431 1916 4432 4440 4426 4433 4443 4432 4433 4435 4443 4418 4416 4434 4418 4434 4421 4435 4441 4443 4435 4437 4441 4443 4439 4432 4432 4439 4440 4443 4442 4439 4442 4444 4439 4442 4445 4444 4442 4447 4446 1324 1924 1926 2179 2178 2188 2179 2188 2187 4387 4383 4461 4472 4476 4471 4472 4529 4476 4529 4475 4476 4529 4530 4475 4476 4477 4471 4476 2467 4477 4496 2575 2577 4496 2577 4498 4499 4495 4496 3254 3263 3252 3254 3261 3263 4499 4524 4495</p>
        </triangles>
      </mesh>
    </geometry>
  </library_geometries>
  <library_controllers>
    <controller id="Controller">
      <skin source="#Geometry">
        <bind_shape_matrix>1 0 0 0 0 1 0 0 0 0 1 0 0 0 0 1</bind_shape_matrix>
        <source id="Controller-joints">
          <Name_array id="Controller-joints-array" count="67">J_wing05_l J_shoulder_r J_toe_l J_foot_index_r J_neck02 J_elbow_l J_wing05_r J_hand_l J_chin J_foot_pinkie_r J_tail01 J_thumb03_r J_arm_l J_wing03_l J_wing02_l J_index02_l J_index01_l J_thumb02_l J_arm_r J_wing01_r J_tail04 J_leg_r J_knee_r J_foot_index_l J_toe_r J_middle02_l J_neck01 J_elbow_r J_tail02 J_thumb01_l J_index03_l J_wing01_l J_wing02_r J_foot_r J_wing04_r J_foot_pinkie_l J_middle03_l J_spine02 J_thumb03_l CharacterFaceCenterTarget J_center J_foot_middle_r J_index01_r J_tail05 J_foot_middle_l J_head J_knee_l J_middle02_r J_thumb01_r J_middle03_r J_foot_l J_leg_l J_root J_index02_r J_thumb02_r J_tail03 J_index03_r J_wing03_r J_spine01 J_wing04_l J_middle01_r J_shoulder_l J_hand_r J_middle01_l GRP_joint chr209 _18_prefab</Name_array>
          <technique_common>
            <accessor source="#Controller-joints-array" count="67" stride="1">
              <param name="JOINT" type="Name"/>
            </accessor>
          </technique_common>
        </source>
        <source id="Controller-bind_poses">
          <float_array id="Controller-bind_poses-array" count="1072">0.084976 0.096483 -0.097388 -0.231737 0.103718 0.029677 0.119902 -0.037438 0.089644 -0.125796 -0.046407 0.161388 0 0 0 1 0.16129 0 0 0.021564 0 -0.16129 0 0.233938 0 0 -0.16129 0.006694 0 0 0 1 0.159721 0 -0.022447 -0.050391 0 0.16129 0 -0.01589 0.022447 0 0.159721 -0.050462 0 0 0 1 0.159721 0 -0.022447 0.042459 0 -0.16129 0 0.006079 -0.022447 0 -0.159721 0.055114 0 0 0 1 0 0.138112 0.083305 -0.240583 -0.16129 0 0 0 0 -0.083305 0.138112 0.129908 0 0 0 1 0.091491 -0.091711 0.096088 0.058354 0.114186 0.113913 0 -0.192062 -0.067863 0.068025 0.129544 -0.051666 0 0 0 1 0.084976 -0.096483 0.097388 0.231737 0.103718 -0.029677 -0.119902 0.037438 0.089644 0.125796 0.046407 -0.161388 0 0 0 1 0.091491 -0.091711 0.096088 0.019919 0.114186 0.113913 0 -0.192062 -0.067863 0.068025 0.129544 -0.051666 0 0 0 1 0 -0.030429 0.158394 0.014277 -0.16129 0 0 0 0 -0.158394 -0.030429 0.302454 0 0 0 1 0.155795 0 0.041744 0.060692 0 -0.16129 0 0.006079 0.041744 0 -0.155795 0.078883 0 0 0 1 0 -0.023677 -0.159543 -0.010295 0 0.159543 -0.023677 -0.148239 0.16129 0 0 0 0 0 0 1 0.044272 0.125045 -0.091751 -0.036072 -0.126668 0.084211 0.053648 -0.171128 0.089497 0.05733 0.121318 -0.02405 0 0 0 1 0.113111 -0.113382 0.019108 0.12998 0.114186 0.113913 0 -0.1939 -0.013495 0.013527 0.160154 -0.02225 0 0 0 1 0.084976 0.096483 -0.097388 -0.252155 0.103718 0.029677 0.119902 -0.037438 0.089644 -0.125796 -0.046407 0.212861 0 0 0 1 -0.035074 0.157197 -0.008569 -0.255298 0.103718 0.029677 0.119902 -0.037438 0.118436 0.020563 -0.107539 -0.110971 0 0 0 1 0.069833 -0.054047 0.13497 -0.050242 0.068006 0.144484 0.022671 -0.211951 -0.128503 0.047092 0.085345 0.017882 0 0 0 1 0.088397 -0.00321 0.134871 -0.094581 0.041077 0.154229 -0.023252 -0.183399 -0.128503 0.047092 0.085345 0.017882 0 0 0 1 0.044272 -0.125045 0.091751 0.050152 -0.126668 -0.084211 -0.053648 0.171128 0.089497 -0.05733 -0.121318 0.02405 0 0 0 1 0.113111 0.113382 -0.019108 -0.12998 0.114186 -0.113913 0 0.193899 -0.013495 -0.013527 -0.160154 0.02225 0 0 0 1 0.090145 -0.092862 0.096254 0.162149 0.101785 -0.027668 -0.12202 0.033014 0.086764 0.12894 0.043138 -0.172836 0 0 0 1 0 0 -0.16129 -0.186357 0 0.16129 0 -0.135017 0.16129 0 0 0 0 0 0 1 0.035753 0.1559 -0.02077 -0.135417 0.157278 -0.035439 0.004721 0.057742 0 -0.0213 -0.159878 0.025954 0 0 0 1 0.032255 0.149839 0.050223 -0.083339 0.157278 -0.035439 0.004721 0.057742 0.015421 0.048029 -0.153199 -0.011077 0 0 0 1 0.159721 0 0.022447 -0.042459 0 0.16129 0 -0.006079 -0.022447 0 0.159721 -0.055114 0 0 0 1 0.159721 0 0.022447 0.050391 0 -0.16129 0 0.01589 0.022447 0 -0.159721 0.050462 0 0 0 1 0.089784 -0.080553 0.107072 -0.032466 0.100784 0.125533 0.00993 -0.213438 -0.088294 0.061377 0.120214 -0.021984 0 0 0 1 0 0.147631 0.064957 -0.230063 -0.16129 0 0 0 0 -0.064957 0.147631 0.098072 0 0 0 1 0.091491 0.091711 -0.096088 -0.058354 0.114186 -0.113913 0 0.192062 -0.067863 -0.068025 -0.129544 0.051666 0 0 0 1 0 -0.011972 -0.160845 -0.064362 0 0.160845 -0.011972 -0.143926 0.16129 0 0 0 0 0 0 1 -0.000121 -0.145862 0.068839 0.125948 -0.134182 -0.038106 -0.080979 0.146975 0.089497 -0.05733 -0.121318 0.02405 0 0 0 1 0.069833 -0.054047 0.13497 -0.064758 0.068006 0.144484 0.022671 -0.211951 -0.128503 0.047092 0.085345 0.017882 0 0 0 1 0.090145 0.092862 -0.096254 -0.16215 0.101785 0.027668 0.12202 -0.033014 0.086764 -0.12894 -0.043138 0.172836 0 0 0 1 -0.035073 -0.157197 0.008569 0.255297 0.103718 -0.029677 -0.119902 0.037438 0.118436 -0.020563 0.107539 0.110971 0 0 0 1 0.159721 0 0.022447 0.048187 0 -0.16129 0 0.047627 0.022447 0 -0.159721 0.005149 0 0 0 1 0.084976 -0.096483 0.097388 0.253859 0.103718 -0.029677 -0.119902 0.037438 0.089644 0.125796 0.046407 -0.202905 0 0 0 1 0.155795 0 -0.041745 -0.060692 0 0.16129 0 -0.006079 0.041745 0 0.155795 -0.078883 0 0 0 1 0.089784 -0.080553 0.107072 -0.046981 0.100784 0.125533 0.00993 -0.213438 -0.088294 0.061377 0.120214 -0.021984 0 0 0 1 0 0.16129 0 -0.198576 -0.16129 0 0 0 0 0 0.16129 0 0 0 0 1 0.044272 -0.125045 0.091751 0.036073 -0.126668 -0.084211 -0.053648 0.171128 0.089497 -0.05733 -0.121318 0.02405 0 0 0 1 0 -0.030429 0.158394 -0.052675 -0.16129 0 0 0 0 -0.158394 -0.030429 0.302454 0 0 0 1 0.16129 0 0 0 0 0.16129 0 -0.170491 0 0 0.16129 0 0 0 0 1 0.161069 0 0.008441 0.053755 0 -0.16129 0 0.006079 0.008441 0 -0.161069 0.063387 0 0 0 1 0.088397 0.00321 -0.134871 0.094581 0.041077 -0.154229 0.023252 0.183399 -0.128503 -0.047092 -0.085345 -0.017882 0 0 0 1 0 0 -0.16129 -0.252135 0 0.16129 0 -0.135017 0.16129 0 0 0 0 0 0 1 0.161069 0 -0.008441 -0.053755 0 0.16129 0 -0.006079 0.008441 0 0.161069 -0.063387 0 0 0 1 0 -0.030429 0.158394 0.027024 -0.16129 0 0 0 0 -0.158394 -0.030429 0.302454 0 0 0 1 0.032255 -0.149839 -0.050223 0.083339 0.157278 0.035439 -0.004721 -0.057742 0.015421 -0.048029 0.153199 0.011077 0 0 0 1 0.089784 0.080553 -0.107072 0.032465 0.100784 -0.125533 -0.00993 0.213437 -0.088294 -0.061377 -0.120214 0.021984 0 0 0 1 -0.000121 0.145862 -0.068839 -0.125948 -0.134182 0.038106 0.080979 -0.146975 0.089497 0.05733 0.121318 -0.02405 0 0 0 1 0.089784 0.080553 -0.107072 0.046982 0.100784 -0.125533 -0.00993 0.213438 -0.088294 -0.061377 -0.120214 0.021984 0 0 0 1 0.159721 0 -0.022447 -0.048187 0 0.16129 0 -0.047627 0.022447 0 0.159721 -0.005149 0 0 0 1 0.035753 -0.1559 0.02077 0.135417 0.157278 0.035439 -0.004721 -0.057742 0 0.0213 0.159878 -0.025954 0 0 0 1 0.16129 0 0 0 0 0.16129 0 0 0 0 0.16129 0 0 0 0 1 0.069833 0.054047 -0.13497 0.050242 0.068006 -0.144484 -0.022671 0.211951 -0.128503 -0.047092 -0.085345 -0.017882 0 0 0 1 0.044272 0.125045 -0.091751 -0.050152 -0.126668 0.084211 0.053648 -0.171128 0.089497 0.05733 0.121318 -0.02405 0 0 0 1 0 0 -0.16129 -0.125039 0 0.16129 0 -0.135017 0.16129 0 0 0 0 0 0 1 0.069833 0.054047 -0.13497 0.064758 0.068006 -0.144484 -0.022671 0.211951 -0.128503 -0.047092 -0.085345 -0.017882 0 0 0 1 0.084976 -0.096483 0.097388 0.252155 0.103718 -0.029677 -0.119902 0.037438 0.089644 0.125796 0.046407 -0.212862 0 0 0 1 0 0.16129 0 -0.170491 -0.16129 0 0 0 0 0 0.16129 0 0 0 0 1 0.084976 0.096483 -0.097388 -0.253859 0.103718 0.029677 0.119902 -0.037438 0.089644 -0.125796 -0.046407 0.202905 0 0 0 1 0.11645 0.044373 -0.102397 0.06659 0.076339 -0.139623 0.026311 0.194659 -0.081402 -0.06746 -0.121808 0.034416 0 0 0 1 0.16129 0 0 -0.021564 0 0.16129 0 -0.233938 0 0 0.16129 -0.006694 0 0 0 1 0.091491 0.091711 -0.096088 -0.019919 0.114186 -0.113913 0 0.192062 -0.067863 -0.068025 -0.129544 0.051666 0 0 0 1 0.11645 -0.044373 0.102397 -0.06659 0.076339 0.139623 -0.02631 -0.194658 -0.081402 0.06746 0.121808 -0.034416 0 0 0 1 0.16129 0 0 0 0 0.16129 0 0 0 0 0.16129 0 0 0 0 1 0.16129 0 0 0 0 0.16129 0 0 0 0 0.16129 0 0 0 0 1 1 0 0 0 0 1 0 0 0 0 1 0 0 0 0 1</float_array>
          <technique_common>
            <accessor source="#Controller-bind_poses-array" count="67" stride="16">
              <param name="TRANSFORM" type="float4x4"/>
            </accessor>
          </technique_common>
        </source>
        <source id="Controller-weights">
          <float_array id="Controller-weights-array" count="2059">1 0.5 0.5 0.5 0.5 0.040822 0.163289 0.795888 0.5 0.5 0.5 0.5 0.040822 0.163289 0.795888 0.5 0.5 0.5 0.5 0.040822 0.163289 0.795889 0.5 0.5 0.5 0.5 0.040822 0.163289 0.795889 0.2 0.8 0.98 0.02 0.5 0.5 0.7 0.3 0.5 0.5 0.5 0.5 0.99 0.01 0.5 0.5 0.5 0.5 0.5 0.5 0.5 0.5 0.5 0.5 0.3 0.69 0.01 0.3 0.7 0.01 0.98 0.01 0.3 0.7 0.3 0.7 0.7 0.3 0.7 0.3 0.7 0.3 0.71 0.29 0.7 0.3 0.51 0.49 0.5 0.5 0.2 0.8 0.98 0.02 0.5 0.5 0.7 0.3 0.5 0.5 0.5 0.5 0.99 0.01 0.5 0.5 0.5 0.5 0.5 0.5 0.5 0.5 0.5 0.5 0.3 0.69 0.01 0.01 0.98 0.01 0.3 0.7 0.3 0.7 0.3 0.7 0.7 0.3 0.7 0.3 0.7 0.3 0.71 0.29 0.5 0.5 0.51 0.49 0.7 0.3 0.2 0.8 0.98 0.02 0.5 0.5 0.7 0.3 0.5 0.5 0.5 0.5 0.99 0.01 0.5 0.5 0.5 0.5 0.5 0.5 0.5 0.5 0.5 0.5 0.3 0.69 0.01 0.01 0.98 0.01 0.3 0.7 0.3 0.7 0.3 0.7 0.7 0.3 0.7 0.3 0.7 0.3 0.71 0.29 0.5 0.5 0.51 0.49 0.7 0.3 0.2 0.8 0.98 0.02 0.5 0.5 0.7 0.3 0.5 0.5 0.5 0.5 0.99 0.01 0.5 0.5 0.5 0.5 0.5 0.5 0.5 0.5 0.5 0.5 0.3 0.69 0.01 0.3 0.7 0.01 0.98 0.01 0.3 0.7 0.3 0.7 0.7 0.3 0.7 0.3 0.7 0.3 0.71 0.29 0.7 0.3 0.51 0.49 0.5 0.5 0.5 0.5 0.5 0.5 0.5 0.5 0.5 0.5 0.978449 0.02155 0.991894 0.008105 0.978449 0.02155 0.991894 0.008105 0.939158 0.060841 0.96833 0.03167 0.278241 0.711975 0.009784 0.717901 0.282099 0.93917 0.060829 0.717902 0.282099 0.96833 0.03167 0.278241 0.711975 0.009784 0.636294 0.363706 0.814817 0.185182 0.950333 0.049666 0.636294 0.363706 0.814817 0.185182 0.950333 0.049666 0.051228 0.948771 0.174751 0.825249 0.6 0.4 0.864384 0.135616 0.943834 0.056165 0.954275 0.045724 0.946338 0.053661 0.555456 0.444544 0.627342 0.372658 0.698196 0.301804 0.4 0.6 0.909019 0.090981 0.3 0.7 0.8 0.2 0.92757 0.07243 0.379997 0.620003 0.3 0.7 0.979232 0.020768 0.001542 0.998458 0.068164 0.931836 0.5 0.5 0.094211 0.905789 0.1 0.9 0.095986 0.904013 0.097522 0.902478 0.039551 0.013718 0.94673 0.993019 0.00698 0.063122 0.936877 0.4 0.6 0.4 0.6 0.99 0.01 0.2 0.8 0.775717 0.224283 0.051228 0.948771 0.641518 0.358482 0.735997 0.264003 0.037078 0.716448 0.246474 0.772648 0.227352 0.185111 0.814888 0.099474 0.900526 0.097522 0.902478 0.063122 0.936877 0.059822 0.026829 0.913347 0.3 0.7 0.3 0.7 0.5 0.5 0.2 0.8 0.2 0.8 0.2 0.8 0.6 0.4 0.1 0.9 0.2 0.8 0.2 0.8 0.2 0.8 0.6 0.4 0.095985 0.904015 0.097521 0.902479 0.993021 0.006979 0.039551 0.013718 0.94673 0.063122 0.936877 0.094208 0.905791 0.1 0.9 0.1 0.9 0.1 0.9 0.1 0.9 0.8 0.2 0.8 0.2 0.6 0.4 0.992277 0.007722 0.3 0.7 0.021626 0.978373 0.013299 0.9867 0.1 0.9 0.2 0.8 0.2 0.8 0.2 0.8 0.2 0.8 0.1 0.9 0.1 0.9 0.1 0.9 0.5 0.5 0.5 0.5 0.997534 0.002466 0.009657 0.990342 0.3 0.7 0.3 0.7 0.3 0.7 0.011528 0.988471 0.01 0.99 0.01 0.99 0.01 0.99 0.01 0.99 0.99 0.01 0.99 0.01 0.99 0.01 0.99 0.01 0.99 0.01 0.99 0.01 0.99 0.01 0.1 0.9 0.2 0.8 0.2 0.8 0.1 0.9 0.3 0.7 0.3 0.7 0.7 0.3 0.3 0.7 0.3 0.7 0.3 0.7 0.3 0.7 0.3 0.7 0.7 0.3 0.5 0.5 0.5 0.5 0.5 0.5 0.5 0.5 0.5 0.5 0.5 0.5 0.5 0.5 0.5 0.5 0.5 0.5 0.5 0.5 0.5 0.5 0.5 0.5 0.5 0.5 0.5 0.5 0.5 0.5 0.5 0.5 0.5 0.5 0.5 0.5 0.5 0.5 0.5 0.5 0.99 0.01 0.5 0.5 0.5 0.5 0.5 0.5 0.5 0.5 0.5 0.5 0.5 0.5 0.5 0.5 0.5 0.5 0.5 0.5 0.3 0.7 0.099473 0.900526 0.185096 0.814904 0.097521 0.902479 0.037074 0.71645 0.246476 0.078734 0.921266 0.002615 0.997385 0.974219 0.025781 0.379959 0.620041 0.5 0.5 0.4 0.6 0.4 0.6 0.99 0.01 0.2 0.8 0.99 0.01 0.99 0.01 0.01 0.99 0.01 0.99 0.99 0.01 0.99 0.01 0.99 0.01 0.99 0.01 0.99 0.01 0.99 0.01 0.99 0.01 0.99 0.01 0.2 0.8 0.99 0.01 0.99 0.01 0.99 0.01 0.01 0.99 0.99 0.01 0.01 0.99 0.99 0.01 0.99 0.01 0.99 0.01 0.99 0.01 0.02 0.98 0.98 0.02 0.98 0.02 0.98 0.02 0.99 0.01 0.01 0.98 0.01 0.99 0.01 0.99 0.01 0.01 0.98 0.01 0.99 0.01 0.3 0.7 0.05125 0.94875 0.174682 0.825318 0.6 0.4 0.86457 0.13543 0.943854 0.056145 0.954332 0.045668 0.946407 0.053593 0.561129 0.438871 0.633569 0.366431 0.705809 0.294191 0.4 0.6 0.909086 0.090914 0.3 0.7 0.8 0.2 0.775651 0.224349 0.05125 0.94875 0.73609 0.26391 0.063122 0.936877 0.059823 0.026829 0.913347 0.3 0.7 0.1 0.9 0.1 0.9 0.8 0.2 0.8 0.2 0.6 0.4 0.992277 0.007722 0.3 0.7 0.021626 0.978374 0.013299 0.9867 0.1 0.9 0.2 0.8 0.2 0.8 0.2 0.8 0.2 0.8 0.1 0.9 0.1 0.9 0.1 0.9 0.5 0.5 0.5 0.5 0.997534 0.002466 0.018834 0.981165 0.3 0.7 0.3 0.7 0.3 0.7 0.011528 0.988471 0.01 0.99 0.01 0.99 0.01 0.99 0.01 0.99 0.99 0.01 0.99 0.01 0.99 0.01 0.99 0.01 0.99 0.01 0.99 0.01 0.99 0.01 0.1 0.9 0.2 0.8 0.2 0.8 0.1 0.9 0.3 0.7 0.3 0.7 0.7 0.3 0.3 0.7 0.3 0.7 0.3 0.7 0.3 0.7 0.3 0.7 0.7 0.3 0.5 0.5 0.5 0.5 0.5 0.5 0.5 0.5 0.5 0.5 0.5 0.5 0.5 0.5 0.5 0.5 0.5 0.5 0.5 0.5 0.5 0.5 0.5 0.5 0.5 0.5 0.5 0.5 0.5 0.5 0.5 0.5 0.5 0.5 0.5 0.5 0.5 0.5 0.5 0.5 0.99 0.01 0.5 0.5 0.5 0.5 0.5 0.5 0.5 0.5 0.5 0.5 0.5 0.5 0.5 0.5 0.5 0.5 0.5 0.5 0.99 0.01 0.99 0.01 0.01 0.99 0.01 0.99 0.99 0.01 0.99 0.01 0.99 0.01 0.99 0.01 0.99 0.01 0.99 0.01 0.99 0.01 0.99 0.01 0.2 0.8 0.99 0.01 0.99 0.01 0.99 0.01 0.01 0.99 0.99 0.01 0.99 0.01 0.99 0.01 0.01 0.99 0.98 0.02 0.99 0.01 0.99 0.01 0.02 0.98 0.98 0.02 0.98 0.02 0.99 0.01 0.01 0.98 0.01 0.99 0.01 0.99 0.01 0.01 0.98 0.01 0.99 0.01 0.3 0.7 0.2 0.8 0.2 0.8 0.2 0.8 0.2 0.8 0.5 0.5 0.3 0.7 0.5 0.5 0.5 0.5 0.5 0.5 0.5 0.5 0.5 0.5 0.5 0.5 0.5 0.5 0.5 0.5 0.5 0.5 0.3 0.7 0.5 0.5 0.5 0.5 0.5 0.5 0.5 0.5 0.5 0.5 0.5 0.5 0.5 0.5 0.5 0.5 0.5 0.5 0.3 0.7 0.5 0.5 0.5 0.5 0.5 0.5 0.5 0.5 0.5 0.5 0.5 0.5 0.5 0.5 0.5 0.5 0.5 0.5 0.3 0.7 0.5 0.5 0.5 0.5 0.5 0.5 0.5 0.5 0.5 0.5 0.5 0.5 0.5 0.5 0.5 0.5 0.5 0.5 0.5 0.5 0.5 0.5 0.5 0.5 0.5 0.5 0.5 0.5 0.5 0.5 0.5 0.5 0.5 0.5 0.5 0.5 0.5 0.5 0.5 0.5 0.5 0.5 0.5 0.5 0.5 0.5 0.5 0.5 0.5 0.5 0.5 0.5 0.5 0.5 0.1 0.9 0.1 0.9 0.1 0.9 0.1 0.9 0.1 0.9 0.1 0.9 0.1 0.9 0.1 0.9 0.1 0.9 0.1 0.9 0.1 0.9 0.1 0.9 0.1 0.9 0.1 0.9 0.1 0.9 0.1 0.9 0.1 0.9 0.1 0.9 0.1 0.9 0.5 0.5 0.5 0.5 0.5 0.5 0.5 0.5 0.5 0.5 0.5 0.5 0.5 0.5 0.5 0.5 0.5 0.5 0.5 0.5 0.5 0.5 0.5 0.5 0.5 0.5 0.5 0.5 0.5 0.5 0.5 0.5 0.5 0.5 0.5 0.5 0.5 0.5 0.8 0.2 0.8 0.2 0.8 0.2 0.8 0.2 0.8 0.2 0.8 0.2 0.8 0.2 0.8 0.2 0.8 0.2 0.8 0.2 0.8 0.2 0.8 0.2 0.8 0.2 0.8 0.2 0.8 0.2 0.8 0.2 0.8 0.2 0.8 0.2 0.8 0.2 0.5 0.5 0.5 0.5 0.5 0.5 0.5 0.5 0.5 0.5 0.5 0.5 0.5 0.5 0.5 0.5 0.5 0.5 0.5 0.5 0.5 0.5 0.8 0.2 0.8 0.2 0.8 0.2 0.8 0.2 0.8 0.2 0.8 0.2 0.8 0.2 0.8 0.2 0.8 0.2 0.8 0.2 0.8 0.2 0.8 0.2 0.8 0.2 0.8 0.2 0.8 0.2 0.8 0.2 0.8 0.2 0.8 0.2 0.8 0.2 0.5 0.5 0.5 0.5 0.5 0.5 0.5 0.5 0.5 0.5 0.5 0.5 0.5 0.5 0.5 0.5 0.5 0.5 0.5 0.5 0.5 0.5 0.5 0.5 0.5 0.5 0.5 0.5 0.5 0.5 0.5 0.5 0.5 0.5 0.5 0.5 0.5 0.5 0.5 0.5 0.5 0.5 0.5 0.5 0.5 0.5 0.5 0.5 0.5 0.5 0.5 0.5 0.5 0.5 0.5 0.5 0.5 0.5 0.5 0.5 0.5 0.5 0.5 0.5 0.5 0.5 0.5 0.5 0.5 0.5 0.5 0.5 0.5 0.5 0.5 0.5 0.3 0.7 0.3 0.7 0.3 0.7 0.3 0.7 0.200976 0.799024 0.3 0.7 0.3 0.7 0.3 0.7 0.3 0.7 0.3 0.7 0.3194 0.6806 0.350398 0.649602 0.3 0.7 0.3 0.7 0.3 0.7 0.3 0.7 0.3 0.7 0.3 0.7 0.3 0.7 0.3 0.7 0.3 0.7 0.3 0.7 0.3 0.7 0.3 0.7 0.3 0.7 0.3 0.7 0.3 0.7 0.3 0.7 0.3 0.7 0.3 0.7 0.3 0.7 0.3 0.7 0.3 0.7 0.3 0.7 0.3 0.7 0.3 0.7 0.3 0.7 0.3 0.7 0.200976 0.799024 0.3 0.7 0.3 0.7 0.3 0.7 0.3 0.7 0.3 0.7 0.3194 0.6806 0.350398 0.649602 0.2 0.8 0.2 0.8 0.2 0.8 0.2 0.8 0.201314 0.798686 0.321215 0.678785 0.329099 0.670901 0.281169 0.718831 0.592208 0.407792 0.2 0.8 0.2 0.8 0.2 0.8 0.2 0.8 0.535892 0.464108 0.418942 0.581058 0.669544 0.330456 0.930468 0.069531 0.790555 0.209445 0.669544 0.330456 0.418942 0.581058 0.535881 0.464119 0.2 0.8 0.2 0.8 0.2 0.8 0.2 0.8 0.2 0.8 0.2 0.8 0.2 0.8 0.2 0.8 0.201314 0.798686 0.321215 0.678785 0.329098 0.670902 0.281169 0.718831 0.592208 0.407792 0.434243 0.565757 0.90205 0.097949 0.593178 0.406822 0.3 0.7 0.3 0.7 0.8 0.2 0.3 0.7 0.012065 0.788559 0.199375 0.531499 0.468501 0.4 0.6 0.3 0.7 0.499435 0.500565 0.019944 0.79103 0.189026 0.698196 0.301804 0.990008 0.009991 0.627342 0.372658 0.555456 0.444544 0.002263 0.987782 0.009954 0.593178 0.406822 0.90205 0.097949 0.909019 0.090981 0.3 0.7 0.990127 0.009872 0.942868 0.057132 0.022172 0.968051 0.009776 0.009855 0.980244 0.0099 0.979921 0.020079 0.141129 0.0484 0.81047 0.946139 0.053861 0.051682 0.948318 0.049713 0.950286 0.635034 0.364966 0.653735 0.346265 0.484497 0.515504 0.188481 0.811519 0.612103 0.387897 0.007832 0.992167 0.336911 0.655371 0.007718 0.60739 0.39261 0.402605 0.597395 0.075636 0.169745 0.754618 0.137108 0.145157 0.717735 0.197381 0.802619 0.951024 0.048976 0.043106 0.956894 0.003592 0.98648 0.009928 0.008671 0.991329 0.970364 0.029635 0.194772 0.805228 0.5 0.5 0.5 0.5 0.5 0.5 0.5 0.5 0.5 0.5 0.5 0.5 0.434776 0.565224 0.3 0.7 0.3 0.7 0.493386 0.506614 0.563126 0.436874 0.5 0.5 0.434243 0.565757 0.227755 0.772245 0.539507 0.460493 0.465135 0.534865 0.119158 0.880843 0.120374 0.879626 0.055332 0.218563 0.726104 0.434776 0.565224 0.244789 0.755211 0.2 0.8 0.1 0.9 0.5 0.5 0.5 0.5 0.5 0.5 0.5 0.5 0.5 0.5 0.5 0.5 0.8 0.2 0.8 0.2 0.8 0.2 0.8 0.2 0.8 0.2 0.5 0.5 0.5 0.5 0.5 0.5 0.5 0.5 0.5 0.5 0.8 0.2 0.8 0.2 0.8 0.2 0.8 0.2 0.8 0.2 0.5 0.5 0.5 0.5 0.5 0.5 0.5 0.5 0.5 0.5 0.2 0.8 0.2 0.8 0.2 0.8 0.2 0.8 0.2 0.8 0.5 0.5 0.5 0.5 0.5 0.5 0.5 0.5 0.5 0.5 0.5 0.5 0.5 0.5 0.2 0.8 0.2 0.8 0.5 0.5 0.5 0.5 0.8 0.2 0.8 0.2 0.5 0.5 0.5 0.5 0.8 0.2 0.8 0.2 0.5 0.5 0.5 0.5 0.3 0.7 0.3 0.7 0.5 0.5 0.434749 0.565251 0.493383 0.506617 0.563152 0.436848 0.5 0.5 0.5 0.5 0.5 0.5 0.5 0.5 0.5 0.5 0.8 0.2 0.5 0.5 0.8 0.2 0.5 0.5 0.2 0.8 0.5 0.5 0.007832 0.992167 0.197162 0.802838 0.8 0.2 0.336911 0.655371 0.007718 0.8 0.2 0.5 0.5 0.33563 0.66437 0.364565 0.018027 0.617407 0.915082 0.084917 0.9 0.1 0.9 0.1 0.9 0.1 0.9 0.1 0.9 0.1 0.982059 0.017941 0.9 0.1 0.785464 0.214536 0.5 0.5 0.8 0.2 0.8 0.2 0.8 0.2 0.6 0.4 0.2 0.8 0.99 0.01 0.4 0.6 0.2 0.8 0.299984 0.014412 0.685604 0.063122 0.936877 0.33563 0.66437 0.039551 0.013718 0.94673 0.984722 0.015277 0.997582 0.002418 0.3 0.7 0.01 0.99 0.99 0.01 0.7 0.3 0.7 0.3 0.5 0.5 0.119157 0.880843 0.465129 0.534871 0.434749 0.565251 0.539547 0.460453 0.227755 0.772245 0.05536 0.218673 0.725966 0.188485 0.811515 0.336933 0.655349 0.007717 0.007834 0.992165 0.482767 0.517233 0.055894 0.944106 0.940696 0.059303 0.536853 0.463147 0.013317 0.787408 0.199275 0.3 0.7 0.4 0.6 0.021464 0.791085 0.18745 0.705809 0.294191 0.990009 0.00999 0.561129 0.438871 0.633569 0.366431 0.002443 0.987605 0.009951 0.596987 0.403013 0.927414 0.072586 0.909086 0.090914 0.990127 0.009872 0.024066 0.966177 0.009756 0.010591 0.979515 0.009893 0.979085 0.020915 0.151448 0.050211 0.798341 0.056029 0.94397 0.64465 0.35535 0.66528 0.33472 0.946911 0.053089 0.003908 0.98617 0.009921 0.612121 0.387879 0.081142 0.167543 0.751314 0.147337 0.141065 0.711598 0.04269 0.95731 0.197104 0.802896 0.335238 0.664762 0.607405 0.392595 0.010503 0.989496 0.01 0.99 0.99 0.01 0.98 0.02 0.99 0.01 0.4 0.6 0.3 0.7 0.3 0.7 0.433807 0.566193 0.927414 0.072586 0.596987 0.403013 0.433807 0.566193 0.007834 0.992165 0.197178 0.802822 0.8 0.2 0.336933 0.655349 0.007717 0.8 0.2 0.5 0.5 0.335629 0.66437 0.364565 0.018027 0.617407 0.915083 0.084917 0.9 0.1 0.9 0.1 0.9 0.1 0.9 0.1 0.9 0.1 0.982059 0.017941 0.9 0.1 0.785464 0.214536 0.5 0.5 0.8 0.2 0.8 0.2 0.8 0.2 0.6 0.4 0.2 0.8 0.99 0.01 0.4 0.6 0.2 0.8 0.299984 0.014412 0.685604 0.063122 0.936877 0.335629 0.66437 0.039551 0.013718 0.94673 0.984725 0.015274 0.997582 0.002418 0.3 0.7 0.01 0.99 0.99 0.01 0.7 0.3 0.7 0.3 0.5 0.5 0.01 0.99 0.99 0.01 0.98 0.02 0.99 0.01 0.4 0.6 0.3 0.7 0.3 0.7 0.059822 0.026829 0.913347 0.063122 0.936877 0.059823 0.026829 0.913347 0.063122 0.936877</float_array>
          <technique_common>
            <accessor source="#Controller-weights-array" count="2059" stride="1">
              <param name="WEIGHT" type="float"/>
            </accessor>
          </technique_common>
        </source>
        <joints>
          <input semantic="JOINT" source="#Controller-joints"/>
          <input semantic="INV_BIND_MATRIX" source="#Controller-bind_poses"/>
        </joints>
        <vertex_weights count="4531">
          <input semantic="JOINT" source="#Controller-joints" offset="0"/>
          <input semantic="WEIGHT" source="#Controller-weights" offset="1"/>
          <vcount>1 2 2 1 1 1 1 3 1 2 2 1 1 1 1 3 1 2 2 1 1 1 1 3 1 2 2 1 1 1 1 3 1 1 1 2 1 1 2 2 1 2 1 1 1 2 1 2 1 2 1 2 2 1 1 2 2 1 1 2 1 1 1 3 2 3 1 1 2 2 1 2 2 1 1 1 2 2 1 2 2 1 2 1 1 1 2 1 1 2 2 1 2 1 1 1 2 2 1 1 2 1 2 2 1 1 2 2 1 1 2 1 1 1 3 3 2 1 2 1 2 1 2 2 1 1 2 1 2 1 2 2 2 1 1 1 1 2 1 1 2 2 1 2 1 1 1 2 2 1 1 2 1 2 1 2 1 2 2 1 1 2 1 1 1 3 3 2 1 2 1 2 1 2 2 1 1 2 1 2 1 2 2 2 1 1 1 1 2 1 1 2 2 1 2 1 1 1 2 1 2 1 2 1 1 2 2 1 2 2 1 1 1 2 1 1 3 2 3 1 1 2 2 1 2 2 1 1 1 2 2 1 1 2 2 2 1 1 1 1 1 1 1 1 1 1 1 1 1 1 1 1 1 1 1 1 1 1 1 1 1 1 1 1 1 1 1 1 1 1 1 1 1 1 1 1 1 1 1 1 1 1 1 1 1 1 1 1 1 1 1 1 1 1 1 1 1 1 1 1 1 1 2 2 2 1 2 1 1 1 1 1 1 1 1 1 1 1 1 1 1 1 1 1 1 1 1 1 1 1 2 2 1 1 1 1 1 1 1 1 1 1 1 1 1 1 1 1 1 1 1 1 1 1 1 1 1 1 1 1 1 1 1 1 2 2 1 1 1 1 1 1 1 2 2 1 3 1 1 2 2 2 2 3 1 1 1 1 2 2 1 1 1 1 2 1 1 1 1 1 1 1 1 1 1 1 1 1 1 1 1 1 1 1 1 1 1 1 1 1 1 1 2 2 1 1 1 1 2 1 1 1 1 1 1 1 1 1 1 1 1 1 1 1 1 1 1 1 1 1 1 1 1 1 1 1 1 1 1 1 1 1 1 1 1 1 1 1 1 1 1 1 1 1 1 1 1 1 1 1 1 1 1 1 1 1 1 1 1 1 1 1 1 1 1 1 1 1 1 1 1 1 1 1 1 1 1 1 1 1 1 1 1 1 1 1 1 1 1 1 1 1 1 1 1 1 1 1 1 1 1 1 1 1 1 1 1 1 1 1 1 1 1 1 1 1 1 1 1 1 1 1 1 1 1 1 1 1 1 1 1 1 1 1 1 1 1 1 1 1 1 1 1 1 1 1 1 1 1 1 1 1 1 1 1 1 1 1 1 1 1 1 1 1 1 1 1 1 1 1 1 1 1 1 1 1 1 1 1 1 1 1 1 1 1 1 1 1 1 1 1 1 1 1 1 1 1 1 1 1 1 1 1 1 1 1 1 1 1 1 1 1 1 1 1 1 1 1 1 1 1 1 1 1 1 1 1 1 1 1 1 1 1 1 1 1 1 1 1 1 1 1 1 1 1 1 1 1 1 1 1 1 1 1 1 1 1 1 1 1 1 1 1 1 1 1 1 1 1 1 1 1 1 1 1 1 1 1 1 1 1 1 1 1 1 1 1 1 1 1 1 1 1 1 1 1 1 1 1 1 1 1 1 1 1 1 1 1 1 1 1 1 1 1 1 1 1 1 1 1 1 1 1 1 1 1 1 1 1 1 1 1 1 1 1 1 1 1 1 1 1 1 1 1 1 1 1 1 1 1 1 1 1 1 1 1 1 1 1 1 1 1 1 1 1 1 1 1 1 1 1 1 1 1 1 1 1 1 1 1 1 1 1 1 1 1 1 1 1 1 1 1 1 1 1 1 1 1 1 1 1 1 1 1 1 1 1 1 1 1 1 1 1 1 1 1 1 1 1 1 1 1 1 1 1 1 1 1 1 1 1 1 1 1 1 1 1 1 1 1 1 1 1 1 1 1 1 1 1 1 1 1 1 1 1 1 1 1 1 1 1 1 1 1 1 1 1 1 1 1 1 1 1 1 1 1 1 1 1 1 1 1 1 1 1 1 1 1 1 1 1 1 1 1 1 1 1 1 1 1 1 1 1 1 1 1 1 1 1 1 1 1 1 1 1 1 1 1 1 1 1 1 1 1 1 1 1 1 1 1 1 1 1 1 1 1 1 1 1 1 1 1 1 1 1 1 1 1 1 1 1 1 1 1 1 1 1 1 1 1 1 1 1 1 1 1 1 1 1 1 1 1 1 1 1 1 1 1 1 1 1 1 1 1 1 1 1 1 1 1 1 1 1 1 1 1 1 1 1 1 1 1 1 1 1 1 1 1 1 1 1 1 1 2 1 2 1 1 1 1 1 1 1 1 1 1 1 1 1 1 1 1 1 1 2 2 2 1 1 1 1 1 1 1 1 1 1 2 2 1 1 2 2 2 2 1 1 1 1 1 1 1 1 1 1 1 1 2 1 1 1 1 1 1 1 1 1 1 1 1 1 1 1 1 1 1 1 1 1 1 1 1 1 1 1 1 1 2 2 2 1 1 1 2 2 1 1 2 2 1 2 1 1 1 1 1 1 1 2 1 1 1 2 2 1 2 1 2 1 3 2 2 1 2 2 1 2 1 2 1 1 1 1 1 1 1 1 1 1 1 1 1 1 1 1 1 1 1 1 1 1 1 1 1 1 1 2 2 1 1 1 1 1 1 1 1 1 1 1 1 1 1 1 1 1 2 1 1 1 1 1 1 1 1 1 1 1 1 1 1 1 1 1 1 1 1 1 1 1 1 2 3 2 1 2 2 1 1 1 1 1 2 1 1 2 1 3 2 2 1 1 1 1 1 1 1 1 1 1 1 1 1 1 1 1 1 1 1 1 1 1 1 1 1 1 1 1 1 1 2 1 2 2 1 1 2 2 1 2 1 1 1 1 1 1 1 1 1 1 1 2 2 1 2 2 1 1 1 1 1 2 2 1 2 3 2 2 2 2 1 1 1 2 2 1 1 2 2 2 1 2 1 1 1 1 1 1 1 1 1 1 1 1 1 1 1 1 1 1 1 1 1 1 1 1 1 1 1 1 1 1 1 1 1 1 1 1 1 1 2 2 2 1 1 1 1 1 1 1 1 1 1 1 1 1 1 1 1 1 1 1 1 1 1 1 1 1 1 1 1 1 1 2 1 2 1 2 1 1 2 1 1 1 2 1 2 1 1 1 1 1 1 1 1 1 1 1 1 1 1 1 1 1 1 2 2 1 2 2 1 1 1 1 1 1 1 1 1 1 1 1 2 1 1 1 1 2 1 1 2 1 1 2 1 2 1 1 2 1 1 1 1 1 1 1 1 1 1 1 1 2 1 1 2 2 1 1 1 1 1 1 1 1 1 1 1 1 1 1 1 1 1 1 1 2 1 1 1 1 1 1 1 1 1 1 1 1 1 1 1 1 1 1 2 2 1 1 1 1 2 2 1 1 1 1 1 2 1 1 1 1 2 2 1 1 1 1 1 1 1 1 1 1 1 1 1 1 1 1 1 1 1 1 1 1 1 1 1 1 1 2 2 1 2 2 1 1 1 1 1 1 1 2 2 2 1 1 2 1 1 1 1 1 1 1 1 1 1 1 1 1 1 1 1 1 1 1 1 1 1 1 2 2 2 2 1 1 1 1 1 1 1 2 1 1 1 1 1 1 1 1 1 1 1 1 1 1 1 1 1 1 1 1 1 1 1 1 1 1 1 1 1 1 1 1 1 1 1 1 1 1 1 1 1 1 1 1 1 1 1 1 1 1 1 1 1 1 1 1 1 1 1 1 1 1 1 1 1 1 1 1 1 1 1 1 1 1 1 1 1 1 1 1 1 1 1 1 1 1 1 1 1 1 1 1 1 1 1 1 1 1 1 1 1 1 1 1 1 1 1 1 1 1 1 1 1 1 1 1 1 1 2 2 2 1 1 1 1 1 1 1 1 1 1 1 1 1 2 2 1 2 2 1 2 1 1 1 1 1 1 1 1 2 2 1 1 2 1 1 1 1 1 1 1 1 1 1 1 1 2 2 1 2 1 1 2 1 2 1 1 1 1 1 1 1 1 1 1 1 1 1 2 1 2 1 1 1 2 2 1 1 1 1 1 1 1 1 1 1 1 1 1 1 1 1 1 1 1 1 1 1 2 1 1 2 2 1 1 2 1 1 2 2 2 1 1 1 1 1 1 2 2 1 2 1 1 1 1 1 1 1 1 1 1 1 1 1 1 1 1 1 1 1 1 1 1 1 1 1 1 1 1 1 1 2 1 1 1 2 2 2 1 3 2 2 2 1 2 1 1 1 1 2 1 1 2 2 1 1 2 2 1 1 1 1 1 2 2 1 1 1 1 1 1 2 1 1 1 1 1 1 1 1 2 1 1 1 1 1 1 1 1 1 1 1 1 1 1 1 1 1 1 2 2 1 2 1 1 1 1 1 1 1 1 1 1 2 1 2 1 2 1 2 1 2 1 1 1 1 1 1 1 1 1 1 1 1 1 1 1 1 1 1 1 1 1 1 1 1 1 1 1 1 1 1 1 1 1 1 1 1 1 1 1 1 1 1 1 1 1 1 1 1 1 1 1 1 1 1 1 1 1 1 1 1 1 1 1 1 1 1 1 1 1 1 1 1 1 1 1 1 2 1 1 1 1 1 1 1 1 1 1 1 1 1 1 1 1 1 1 1 1 1 1 1 1 1 1 1 1 1 1 2 2 2 2 2 2 1 1 2 2 1 1 1 1 1 1 1 1 1 1 1 1 1 1 1 1 2 1 1 2 1 1 1 1 1 1 1 1 1 1 1 1 1 1 1 2 1 2 1 2 1 1 1 1 1 1 1 2 1 1 1 1 1 1 1 1 1 1 1 1 1 1 1 1 1 1 2 3 1 2 1 2 1 3 1 1 1 1 1 1 1 1 1 1 1 1 1 1 1 1 1 1 1 1 1 1 1 1 1 2 1 1 1 1 1 1 1 1 1 1 1 1 1 1 1 1 1 1 1 1 1 1 1 1 1 1 1 1 2 1 1 1 1 1 1 1 1 1 1 1 1 1 1 1 1 1 1 1 1 1 1 1 1 1 1 1 1 1 1 1 1 1 1 1 1 1 1 1 1 1 1 1 1 1 1 1 1 1 1 1 1 1 1 1 1 1 1 1 1 1 1 1 1 1 1 1 1 1 1 1 1 1 1 1 1 2 1 1 2 1 1 1 1 1 1 1 1 1 1 1 1 1 1 1 1 2 2 2 1 1 1 1 1 1 1 1 1 2 2 1 2 2 2 2 1 1 1 1 1 1 1 1 1 1 1 1 1 2 1 1 1 1 1 1 1 1 1 1 1 1 1 1 1 1 1 1 1 1 1 1 1 1 1 1 1 2 2 1 1 1 1 1 1 1 1 1 1 1 1 1 1 1 1 1 1 2 2 1 1 1 1 1 1 1 1 1 1 1 1 1 1 1 1 1 1 1 1 1 1 1 1 1 1 1 1 1 2 1 1 2 3 2 1 1 1 1 2 1 2 1 2 2 2 1 1 2 1 1 1 1 1 1 1 1 1 1 1 1 1 1 1 1 1 1 1 1 1 1 1 1 1 1 1 1 1 1 1 1 1 1 1 1 1 2 2 2 1 1 1 1 1 1 1 1 1 1 1 1 1 1 1 1 1 1 1 1 1 1 1 1 1 1 1 1 1 1 2 1 2 1 2 1 1 2 1 1 1 2 1 2 1 1 1 1 1 1 1 1 1 1 1 1 1 1 1 1 1 2 1 2 1 2 2 1 1 1 1 1 1 1 1 1 1 1 1 1 2 1 1 2 1 1 1 2 1 1 2 1 2 1 1 2 1 1 1 1 1 1 1 1 1 1 1 1 2 1 1 2 1 2 1 1 1 1 1 1 1 1 1 1 1 1 1 1 1 1 1 1 2 1 1 1 1 1 1 1 1 1 1 1 1 1 1 1 1 1 1 1 1 1 2 2 1 1 1 1 2 2 1 1 1 1 2 1 1 1 1 1 2 2 1 1 1 1 1 1 1 1 1 1 1 1 1 1 1 1 1 1 1 1 1 1 1 1 1 1 2 2 1 2 2 1 1 1 1 1 1 1 2 2 2 2 1 1 1 1 1 1 1 1 1 1 1 1 1 1 1 1 1 1 1 1 1 1 1 2 2 2 2 1 1 1 1 1 1 1 2 1 1 1 1 1 1 1 1 1 1 1 1 1 1 1 1 1 1 1 1 1 1 1 1 1 1 1 1 1 1 1 1 1 1 1 1 1 1 1 1 1 1 1 1 1 1 1 1 1 1 1 1 1 1 1 1 1 1 1 1 1 1 1 1 1 1 1 1 1 1 1 1 1 1 1 1 1 1 1 1 1 1 1 1 1 1 1 1 1 1 1 1 1 1 1 1 1 1 1 1 1 1 1 1 1 1 1 1 1 1 1 1 1 1 1 1 1 1 1 1 1 2 2 2 1 1 1 1 1 1 1 1 1 1 1 1 1 2 2 1 2 2 1 2 1 1 1 1 1 1 1 2 2 1 1 2 1 1 1 1 1 1 1 1 1 1 1 1 2 2 1 2 1 1 2 1 2 1 1 1 1 1 1 1 1 1 1 1 1 1 1 2 2 1 1 1 2 2 1 1 1 1 1 1 1 1 1 1 1 1 1 1 1 1 1 1 1 1 1 1 2 1 1 2 2 1 1 1 2 1 2 2 2 1 1 1 1 1 1 1 1 2 2 1 2 1 1 1 1 1 2 2 1 1 1 1 1 1 1 2 1 1 1 1 1 1 1 1 2 1 1 1 1 1 1 1 1 1 1 1 1 1 1 1 1 1 1 1 1 1 2 2 1 2 1 1 1 1 1 1 1 1 1 1 1 2 2 2 1 1 2 1 2 1 1 1 1 1 1 1 1 1 1 1 1 1 1 1 1 1 1 1 1 1 1 1 1 1 1 1 1 1 1 1 1 1 1 1 1 1 1 1 1 1 1 1 1 1 1 1 1 1 1 1 1 1 1 1 1 1 1 1 1 1 1 1 1 1 1 1 1 1 1 1 1 1 2 1 1 1 1 1 1 1 1 1 1 1 1 1 1 1 1 1 1 1 1 1 1 1 1 1 1 1 1 1 1 2 2 2 2 2 2 2 2 1 2 1 1 1 1 1 1 1 1 1 1 1 1 1 1 1 1 1 2 1 1 2 1 1 1 1 1 1 1 1 1 1 1 1 1 1 1 2 1 2 1 1 1 1 1 1 1 1 2 1 1 1 1 1 1 1 1 1 1 1 1 1 1 1 1 1 1 2 1 3 2 1 2 1 3 1 1 1 1 1 1 1 1 1 1 1 1 1 1 1 1 1 1 1 1 1 1 1 1 2 1 1 1 1 1 1 1 1 1 1 1 1 1 1 1 1 1 1 1 1 1 1 1 1 1 1 1 1 1 2 1 1 1 1 1 1 1 1 1 1 1 1 1 1 1 1 1 1 1 1 1 1 1 1 1 1 1 1 1 1 1 1 1 1 1 1 1 1 1 1 1 1 1 1 1 1 1 1 1 1 1 1 1 1 1 1 1 1 1 1 1 1 1 1 1 1 1 1 1 1 1 1 1 1 1 1 1 1 1 1 1 1 1 1 1 1 1 1 1 1 1 1 1 1 1 1 1 1 1 1 1 1 1 1 1 1 1 1 1 1 1 1 1 1 1 1 1 1 1 1 1 1 1 1 1 1 1 1 1 1 1 1 1 1 1 1 1 1 1 1 1 1 1 1 1 1 1 1 1 1 1 1 1 1 1 1 1 1 1 1 1 1 1 1 1 1 1 1 1 1 1 1 1 1 1 1 1 1 1 1 1 1 1 1 1 1 1 1 1 1 1 1 1 1 1 1 1 1 1 1 1 1 1 1 1 1 1 1 1 1 1 1 1 1 1 1 1 1 1 1 1 1 1 1 1 1 1 1 1 1 1 1 1 1 1 1 1 1 1 1 1 1 1 1 1 1 1 1 1 1 1 1 1 1 1 1 1 1 1 1 1 1 1 1 1 1 1 1 1 1 1 1 1 1 1 1 1 1 1 1 1 1 1 1 1 1 1 1 1 1 1 1 1 1 1 1 1 1 1 1 1 1 1 1 1 1 1 1 1 1 1 1 1 1 1 1 1 1 1 1 1 1 1 1 1 1 1 1 1 1 1 1 1 1 1 1 1 1 1 1 1 1 1 1 1 1 1 1 1 1 1 1 1 1 1 1 1 1 1 1 1 1 1 1 1 1 1 1 1 1 1 1 1 1 1 1 1 1 1 1 1 1 1 1 1 1 1 1 1 1 1 1 1 1 1 1 1 1 1 1 1 1 1 1 1 1 1 1 1 1 1 1 1 1 1 1 1 1 1 1 1 1 1 1 1 1 1 1 1 1 1 1 1 1 1 1 1 1 1 1 1 1 1 1 1 1 1 1 1 1 1 1 1 1 1 1 1 1 1 1 1 1 1 1 1 1 1 1 1 1 1 1 1 1 1 1 1 1 1 1 1 1 1 1 1 1 1 1 1 1 1 1 1 1 1 1 1 1 1 1 1 1 1 1 1 1 1 1 1 1 1 1 1 1 1 1 1 1 1 1 1 1 1 1 1 1 1 1 1 1 1 1 1 1 1 1 1 1 1 1 1 1 1 1 1 1 1 1 1 1 1 1 1 1 1 1 1 1 1 1 1 1 1 1 1 1 1 1 1 1 1 1 1 1 1 1 1 1 1 1 1 1 1 1 1 1 1 1 1 1 1 1 1 1 1 1 1 1 1 1 1 1 1 1 1 1 1 1 1 1 1 1 1 1 1 1 1 2 2 2 2 2 1 1 2 2 2 2 2 2 2 2 2 2 1 1 2 2 2 2 2 2 2 2 2 2 1 1 2 2 2 2 2 2 2 2 2 2 1 1 2 2 2 2 2 2 2 2 2 2 2 2 2 2 2 2 2 2 2 2 2 2 2 2 2 2 2 2 2 2 2 2 2 2 2 2 2 2 2 2 2 2 2 2 2 2 2 2 2 2 2 2 2 2 2 2 2 2 2 2 2 2 2 2 2 2 2 2 2 2 2 2 2 2 2 2 2 2 2 2 2 2 2 2 2 2 1 1 2 2 2 2 2 2 2 2 2 2 2 2 2 2 2 2 2 2 2 2 2 2 2 2 2 2 2 2 2 2 2 2 2 2 2 2 2 2 2 2 2 2 2 2 2 2 2 2 2 2 2 2 2 2 2 2 2 2 2 2 2 2 2 2 2 2 2 2 2 2 2 2 2 2 2 2 2 2 2 2 2 2 2 2 2 2 2 2 2 2 2 2 2 2 2 2 2 2 2 2 2 2 2 2 2 2 2 2 2 2 2 2 2 2 2 2 2 2 2 2 2 2 2 2 2 2 2 2 2 2 2 2 2 2 2 2 2 2 2 2 2 2 2 2 2 2 2 2 2 2 2 2 2 2 3 2 2 2 2 3 2 2 2 2 3 2 2 2 1 2 2 2 3 3 2 3 2 2 2 2 2 2 2 2 1 1 2 3 1 2 1 2 3 3 2 2 2 3 2 2 2 1 2 2 2 2 2 2 2 2 2 2 2 2 1 1 2 2 2 2 2 2 3 2 2 2 2 2 2 2 2 2 2 2 2 2 2 2 2 2 2 2 2 2 2 2 2 2 2 2 2 2 2 2 2 2 2 2 2 2 2 2 2 2 2 2 2 2 2 2 2 2 2 2 2 2 2 2 2 2 2 2 2 2 2 2 2 2 2 2 2 2 2 2 2 2 2 3 2 2 2 3 2 2 2 2 2 2 2 2 2 1 2 2 2 2 2 2 2 2 2 3 2 2 3 2 2 2 1 1 2 1 2 1 1 2 2 2 1 1 1 1 2 2 2 2 2 3 2 3 2 2 2 2 2 3 2 2 3 2 2 2 2 3 2 2 2 1 2 3 3 2 3 2 2 2 2 3 2 3 3 2 2 2 2 2 1 1 1 1 1 2 1 2 1 1 2 2 2 2 2 2 2 2 2 1 2 2 2 3 2 2 2 3 2 2 2 2 2 2 2 2 2 1 2 2 2 2 2 2 2 2 2 3 2 2 3 2 2 2 1 1 2 1 2 1 1 2 2 2 1 1 1 1 2 1 2 1 1 2 2 2 2 2 3 2 3 2 </vcount>
          <v>37 0 37 1 40 2 31 3 37 4 31 0 37 0 31 0 31 0 0 5 14 6 31 7 37 0 31 8 37 9 37 10 40 11 31 0 37 0 31 0 31 0 0 12 14 13 31 14 37 0 19 15 37 16 37 17 40 18 19 0 37 0 19 0 19 0 6 19 32 20 19 21 37 0 37 22 40 23 19 24 37 25 19 0 37 0 19 0 19 0 6 26 32 27 19 28 19 0 19 0 19 0 6 29 32 30 32 0 6 0 6 31 32 32 6 33 32 34 6 0 6 35 32 36 6 0 6 0 32 0 6 37 34 38 32 0 6 39 34 40 34 0 34 41 32 42 34 0 6 43 34 44 6 45 34 46 34 0 6 0 6 47 34 48 6 49 34 50 6 0 6 0 6 51 34 52 6 0 32 0 57 0 34 53 57 54 32 55 34 56 57 57 34 58 57 59 32 60 57 0 57 0 34 61 57 62 34 63 57 64 34 0 34 65 57 66 34 67 57 68 34 0 34 0 34 0 34 69 57 70 34 71 57 72 32 0 34 73 57 74 34 75 57 76 34 0 34 77 57 78 19 0 19 0 19 0 6 79 32 80 19 0 6 0 6 81 19 82 6 83 32 84 6 0 6 85 32 86 6 0 6 0 32 0 6 87 34 88 6 89 34 90 32 0 34 0 34 91 32 92 34 0 6 93 34 94 6 95 34 96 34 0 6 0 6 97 34 98 6 99 34 100 6 0 6 0 6 101 34 102 6 0 32 0 57 0 34 103 57 104 32 105 34 106 57 107 32 108 34 109 57 110 57 0 34 111 57 112 57 0 34 113 57 114 34 0 34 115 57 116 34 117 57 118 34 0 34 0 34 119 57 120 34 0 34 121 57 122 32 0 34 123 57 124 34 125 57 126 34 127 57 128 34 0 31 0 31 0 31 0 0 129 14 130 14 0 0 0 0 131 14 132 0 133 14 134 0 0 0 135 14 136 0 0 0 0 14 0 0 137 59 138 0 139 59 140 14 0 59 0 59 141 14 142 59 0 0 143 59 144 59 0 0 145 59 146 0 0 0 147 59 148 0 149 59 150 0 0 0 0 0 151 59 152 0 0 14 0 13 0 59 153 13 154 14 155 59 156 13 157 14 158 59 159 13 160 13 0 59 161 13 162 13 0 59 163 13 164 59 0 59 165 13 166 59 167 13 168 59 0 59 0 59 169 13 170 59 0 59 171 13 172 14 0 59 173 13 174 59 175 13 176 59 177 13 178 59 0 31 0 31 0 31 0 0 179 14 180 31 0 0 0 0 181 31 182 0 183 14 184 0 0 0 185 14 186 0 0 0 0 14 0 0 187 59 188 14 0 0 189 59 190 59 0 59 191 14 192 59 0 59 0 0 193 59 194 0 195 59 196 0 0 0 197 59 198 0 199 59 200 0 0 0 0 0 0 0 201 59 202 14 0 13 0 59 203 13 204 14 205 59 206 13 207 59 208 13 209 14 210 13 0 13 0 59 211 13 212 59 213 13 214 59 0 59 215 13 216 59 217 13 218 59 0 59 0 59 0 59 219 13 220 59 221 13 222 14 0 59 0 59 223 13 224 59 225 13 226 59 227 13 228 37 0 37 0 37 0 37 0 37 0 37 0 37 0 37 0 37 0 37 0 37 0 37 0 37 0 37 0 37 0 37 0 37 0 37 0 37 0 37 0 37 0 37 0 37 0 37 0 37 0 37 0 37 0 37 0 37 0 37 0 37 0 37 0 37 0 37 0 37 0 37 0 37 0 37 0 37 0 37 0 37 0 37 0 37 0 37 0 37 0 37 0 37 0 37 0 37 0 37 0 37 0 37 0 37 0 37 0 37 0 37 0 37 0 37 0 37 0 37 0 37 0 37 0 37 0 37 0 37 0 28 0 55 229 28 230 55 231 28 232 55 233 28 234 28 0 55 235 28 236 55 0 55 0 55 0 55 0 55 0 55 0 55 0 55 0 55 0 55 0 55 0 55 0 55 0 55 0 55 0 55 0 55 0 55 0 55 0 4 0 4 0 4 0 4 0 4 237 26 238 4 239 26 240 4 0 4 0 4 0 4 0 4 0 4 0 4 0 4 0 4 0 4 0 4 0 4 0 4 0 4 0 4 0 4 0 4 0 4 0 4 0 4 0 4 0 4 0 4 0 4 0 4 0 4 0 4 0 4 0 4 0 4 0 4 0 4 0 4 241 26 242 4 243 26 244 4 0 4 0 4 0 4 0 4 0 4 0 26 0 26 245 37 246 26 247 37 248 26 0 4 249 26 250 37 251 26 0 26 0 26 252 37 253 26 254 37 255 26 256 37 257 26 258 37 259 4 260 26 261 37 262 45 0 45 0 45 0 45 0 45 263 4 264 45 265 4 266 45 0 45 0 45 0 45 0 45 267 4 268 45 0 45 0 45 0 45 0 45 0 45 0 45 0 45 0 45 0 45 0 45 0 45 0 45 0 45 0 45 0 45 0 45 0 45 0 45 0 45 0 45 0 45 0 45 0 45 0 45 0 45 0 45 0 45 269 4 270 45 271 4 272 45 0 45 0 45 0 45 0 45 273 4 274 45 0 8 0 8 0 8 0 8 0 8 0 8 0 8 0 8 0 8 0 8 0 45 0 45 0 45 0 45 0 45 0 45 0 45 0 45 0 45 0 45 0 45 0 45 0 45 0 45 0 45 0 45 0 45 0 45 0 45 0 45 0 8 0 8 0 8 0 8 0 8 0 8 0 8 0 8 0 8 0 8 0 8 0 8 0 8 0 8 0 8 0 8 0 8 0 8 0 8 0 8 0 8 0 8 0 8 0 8 0 8 0 8 0 8 0 8 0 8 0 8 0 8 0 8 0 8 0 8 0 8 0 8 0 8 0 8 0 8 0 8 0 8 0 8 0 8 0 8 0 8 0 8 0 8 0 8 0 8 0 8 0 8 0 8 0 8 0 8 0 8 0 8 0 8 0 8 0 8 0 8 0 8 0 8 0 8 0 8 0 8 0 8 0 8 0 8 0 8 0 8 0 8 0 8 0 8 0 8 0 8 0 8 0 8 0 8 0 8 0 8 0 8 0 8 0 8 0 8 0 8 0 8 0 8 0 8 0 8 0 8 0 8 0 8 0 8 0 8 0 8 0 8 0 8 0 8 0 8 0 8 0 8 0 8 0 8 0 8 0 8 0 8 0 8 0 8 0 8 0 8 0 8 0 8 0 8 0 8 0 45 0 45 0 45 0 45 0 45 0 45 0 45 0 45 0 45 0 45 0 45 0 45 0 45 0 45 0 45 0 45 0 45 0 45 0 45 0 45 0 45 0 45 0 45 0 45 0 45 0 45 0 45 0 45 0 45 0 45 0 45 0 45 0 45 0 45 0 45 0 45 0 8 0 8 0 8 0 8 0 8 0 8 0 8 0 8 0 8 0 8 0 45 0 45 0 45 0 45 0 45 0 45 0 45 0 45 0 45 0 45 0 45 0 45 0 45 0 45 0 45 0 45 0 45 0 45 0 45 0 45 0 8 0 8 0 8 0 8 0 8 0 8 0 8 0 8 0 8 0 8 0 8 0 8 0 8 0 8 0 8 0 8 0 8 0 8 0 8 0 8 0 8 0 8 0 8 0 8 0 8 0 8 0 8 0 8 0 8 0 8 0 8 0 8 0 8 0 8 0 8 0 8 0 8 0 8 0 8 0 8 0 8 0 8 0 8 0 8 0 8 0 8 0 8 0 8 0 8 0 8 0 8 0 8 0 8 0 8 0 8 0 8 0 8 0 8 0 8 0 8 0 8 0 8 0 8 0 8 0 8 0 8 0 8 0 8 0 8 0 8 0 8 0 8 0 8 0 8 0 8 0 8 0 8 0 8 0 8 0 8 0 8 0 8 0 8 0 8 0 8 0 8 0 8 0 8 0 8 0 8 0 8 0 8 0 8 0 8 0 8 0 8 0 8 0 8 0 8 0 8 0 8 0 8 0 8 0 8 0 8 0 8 0 8 0 8 0 45 0 45 0 45 0 45 0 45 0 45 0 45 0 45 0 45 0 45 0 45 0 45 0 45 0 45 0 45 0 45 0 45 0 45 0 45 0 45 0 45 0 45 0 45 0 45 0 45 0 45 0 45 0 45 0 45 0 45 0 45 0 45 0 45 0 45 0 45 0 45 0 45 0 45 0 45 0 45 0 45 0 45 0 45 0 45 0 45 0 45 0 45 0 45 0 45 0 45 0 45 0 45 0 45 0 45 0 45 0 45 0 45 0 45 0 45 0 45 0 45 0 45 0 45 0 45 0 45 0 45 0 45 0 45 0 45 0 45 0 45 0 45 0 45 0 45 0 45 0 45 0 45 0 45 0 45 0 45 0 45 0 45 0 45 0 45 0 45 0 45 0 45 0 45 0 45 0 45 0 45 0 45 0 45 0 45 0 45 0 45 0 45 0 45 0 45 0 45 0 45 0 45 0 45 0 45 0 45 0 45 0 45 0 45 0 45 0 45 0 45 0 45 0 45 0 45 0 45 0 45 0 45 0 45 0 45 0 45 0 45 0 45 0 45 0 45 0 45 0 45 0 45 0 45 0 45 0 45 0 45 0 45 0 45 0 45 0 45 0 45 0 45 0 45 0 45 0 45 0 45 0 45 0 45 0 45 0 45 0 45 0 45 0 45 0 45 0 45 0 45 0 45 0 45 0 45 0 45 0 45 0 45 0 45 0 45 0 45 0 45 0 45 0 45 0 45 0 45 0 45 0 45 0 45 0 45 0 45 0 45 0 45 0 45 0 45 0 45 0 45 0 45 0 45 0 45 0 45 0 45 0 45 0 45 0 45 0 45 0 45 0 45 0 45 0 45 0 45 0 45 0 45 0 45 0 45 0 45 0 45 0 45 0 45 0 45 0 45 0 45 0 45 0 45 0 45 0 45 0 45 0 45 0 45 0 45 0 45 0 45 0 45 0 45 0 45 0 45 0 45 0 45 0 45 0 45 0 45 0 45 0 45 0 45 0 45 0 45 0 45 0 45 0 45 0 45 0 45 0 45 0 45 0 45 0 45 0 45 0 45 0 45 0 45 0 45 0 45 0 45 0 45 0 45 0 45 0 45 0 45 0 45 0 45 0 45 0 45 0 45 0 45 0 45 0 45 0 45 0 45 0 45 0 45 0 45 0 45 0 45 0 45 0 45 0 45 0 45 0 45 0 45 0 45 0 45 0 45 0 45 0 45 0 45 0 45 0 45 0 45 0 45 0 45 0 45 0 45 0 45 0 45 0 45 0 45 0 45 0 45 0 45 0 45 0 45 0 45 0 45 0 45 0 45 0 45 0 45 0 8 275 45 276 8 0 8 277 45 278 8 0 8 0 8 0 8 0 8 0 8 0 8 0 8 0 8 0 8 0 8 0 8 0 8 0 8 0 8 0 8 0 8 0 8 0 8 279 45 280 8 281 45 282 8 283 45 284 8 0 8 0 8 0 8 0 8 0 45 0 45 0 45 0 45 0 45 0 45 285 4 286 45 287 4 288 8 0 45 0 45 289 4 290 45 291 4 292 45 293 4 294 8 295 45 296 45 0 45 0 45 0 45 0 45 0 45 0 45 0 45 0 45 0 45 0 45 0 45 0 45 297 4 298 45 0 45 0 45 0 45 0 45 0 45 0 45 0 45 0 45 0 45 0 45 0 45 0 45 0 45 0 45 0 45 0 45 0 45 0 45 0 45 0 45 0 45 0 45 0 45 0 45 0 45 0 45 0 45 0 8 0 8 299 45 300 8 301 45 302 8 303 45 304 8 0 8 0 4 0 45 305 4 306 45 307 4 308 4 0 26 0 26 309 37 310 1 311 37 312 37 0 1 313 37 314 37 0 37 0 37 0 37 0 37 0 37 0 37 0 37 315 40 316 37 0 37 0 40 0 37 317 40 318 37 319 40 320 40 0 37 321 40 322 40 0 37 323 40 324 37 0 18 325 1 326 37 327 37 328 40 329 18 330 37 331 37 0 1 332 37 333 1 334 37 335 37 0 1 336 37 337 1 0 1 338 37 339 45 0 45 0 45 0 45 0 45 0 45 0 45 0 45 0 45 0 45 0 45 0 45 0 45 0 45 0 45 0 45 0 45 0 45 0 45 0 45 0 45 0 45 0 45 0 45 0 45 0 45 0 45 0 8 340 45 341 8 342 45 343 8 0 8 0 8 0 8 0 8 0 8 0 8 0 8 0 8 0 8 0 8 0 8 0 8 0 8 0 8 0 8 0 8 0 8 344 45 345 8 0 8 0 8 0 8 0 8 0 8 0 8 0 8 0 8 0 8 0 8 0 8 0 8 0 8 0 8 0 8 0 8 0 8 0 8 0 8 0 8 0 8 0 8 0 45 0 8 346 45 347 1 348 37 349 40 350 37 351 40 352 40 0 37 353 40 354 37 355 40 356 40 0 40 0 40 0 40 0 40 0 37 357 40 358 40 0 37 0 18 359 37 360 37 0 18 361 1 362 37 363 21 364 40 365 21 366 40 367 40 0 40 0 40 0 40 0 40 0 40 0 40 0 40 0 40 0 40 0 40 0 40 0 40 0 40 0 40 0 40 0 40 0 40 0 40 0 40 0 40 0 40 0 40 0 40 0 40 0 40 0 40 0 40 0 40 0 40 0 10 368 40 369 40 0 28 370 10 371 28 372 10 373 40 0 40 0 28 374 10 375 10 376 40 377 40 0 37 378 40 379 40 0 40 0 43 0 43 0 43 0 43 0 43 0 43 0 43 0 43 0 40 0 28 380 10 381 28 382 10 383 40 0 28 384 10 385 10 386 40 387 40 0 40 0 40 0 40 0 40 0 37 388 40 389 37 390 40 391 37 0 37 392 40 393 12 394 61 395 37 396 12 397 37 398 37 399 40 400 37 401 40 402 37 403 40 404 43 0 40 0 1 0 18 405 1 406 18 407 1 408 1 0 18 0 18 409 1 410 18 411 1 412 18 413 1 414 18 0 18 415 1 416 18 0 18 0 18 0 18 0 18 0 18 0 18 0 18 0 18 0 18 0 18 0 18 0 18 0 18 0 18 0 18 0 18 0 18 0 18 0 18 0 18 0 18 0 18 0 18 0 18 0 27 0 27 0 18 0 27 0 18 0 27 0 18 0 27 0 18 0 27 0 18 0 27 0 27 0 27 417 18 418 27 419 18 420 27 421 18 422 27 0 27 0 27 0 27 0 27 0 27 0 27 0 27 0 27 0 27 0 27 0 27 0 27 0 27 0 27 0 27 0 27 0 27 0 27 0 27 0 27 0 27 0 27 0 27 0 27 0 27 0 27 0 27 0 27 0 27 0 62 423 27 424 27 0 62 425 27 426 27 0 62 427 27 428 27 0 27 0 62 429 27 430 27 0 27 0 27 0 62 431 27 432 27 0 62 433 27 434 27 0 27 0 27 0 27 0 27 0 27 0 27 0 27 0 27 0 62 0 62 0 62 0 62 0 48 0 48 0 48 0 48 0 1 0 18 435 1 436 18 437 1 438 1 0 18 439 1 440 18 441 1 442 18 0 18 0 18 0 18 0 18 0 18 0 18 0 18 0 18 0 18 0 18 0 18 0 18 443 1 444 18 0 18 0 18 0 18 0 27 445 18 446 18 0 18 0 27 447 18 448 27 0 27 0 27 449 18 450 27 0 27 451 18 452 27 0 27 0 27 453 18 454 27 0 1 0 62 0 62 0 62 0 62 0 62 0 62 0 62 0 62 0 62 0 62 0 48 455 62 456 62 0 48 0 48 457 62 458 48 459 62 460 48 0 48 0 48 0 48 0 62 0 62 0 62 0 62 0 62 0 62 0 62 0 62 0 62 0 62 0 62 0 62 0 62 0 62 0 62 0 48 461 62 462 60 0 60 0 60 0 60 0 60 0 60 0 60 0 47 0 47 0 60 0 47 0 47 0 47 0 47 0 47 0 47 0 47 0 47 0 49 463 47 464 49 465 47 466 49 0 49 0 49 0 49 0 49 467 47 468 49 469 47 470 49 0 47 0 47 0 47 0 49 0 49 471 47 472 49 0 47 0 49 0 47 0 49 473 47 474 49 475 47 476 49 0 40 0 21 0 21 0 21 0 21 0 21 0 21 0 21 0 21 0 21 0 21 0 21 0 21 0 21 0 21 0 21 0 21 0 21 0 21 0 21 0 21 0 21 0 21 0 21 0 21 0 21 0 22 477 21 478 22 479 21 480 21 0 22 481 21 482 22 483 21 484 21 0 21 0 21 0 21 0 21 0 21 0 21 0 22 485 21 486 22 487 21 488 22 489 21 490 22 0 22 0 22 491 21 492 21 0 21 0 21 0 21 0 21 0 21 0 21 0 21 0 21 0 21 0 21 0 21 0 21 0 21 0 21 0 21 0 21 0 21 0 21 0 21 0 21 0 21 0 21 0 22 493 21 494 22 495 21 496 22 497 21 498 22 499 21 500 22 0 22 0 22 0 22 0 22 0 22 0 22 0 22 501 21 502 22 0 22 0 22 0 22 0 22 0 22 0 22 0 22 0 22 0 22 0 22 0 22 0 22 0 22 0 22 0 22 0 22 0 22 0 22 0 22 0 22 0 22 0 22 0 22 0 22 0 22 0 22 0 22 0 22 0 22 0 22 0 22 0 22 0 22 0 22 0 22 0 22 0 22 0 22 0 22 0 22 0 22 0 22 0 22 0 22 0 22 0 22 0 22 0 22 0 33 0 33 0 33 0 33 0 33 0 33 0 33 0 33 0 33 0 33 0 33 0 33 0 33 0 33 0 33 0 33 0 33 0 33 0 33 0 33 0 33 0 33 0 33 0 33 0 33 0 33 0 33 0 33 0 33 0 33 0 33 0 33 0 33 0 33 0 33 0 33 0 33 0 33 0 33 0 33 0 33 0 33 0 33 0 33 0 33 0 33 0 33 0 33 0 33 0 33 0 33 0 33 0 33 0 33 0 33 0 33 0 33 0 33 0 33 0 33 0 24 0 24 0 33 0 33 0 33 0 24 0 24 0 24 0 24 0 41 503 24 504 3 505 24 506 3 507 24 508 3 0 3 0 3 0 3 0 3 0 3 0 3 0 3 0 3 0 3 0 3 0 3 0 3 0 3 509 24 510 3 511 24 512 3 0 3 513 24 514 3 515 24 516 3 0 3 517 24 518 3 0 3 0 22 0 33 0 33 0 24 0 24 0 24 0 9 519 24 520 9 521 24 522 9 0 9 0 9 523 24 524 9 0 9 0 9 0 9 0 9 0 9 0 9 0 9 0 9 0 9 0 9 0 9 0 9 525 24 526 9 527 24 528 24 0 9 529 24 530 9 0 9 0 9 531 24 532 9 0 41 533 24 534 41 0 41 0 41 0 41 0 41 0 41 0 41 0 41 0 41 0 41 0 41 0 41 0 41 0 41 535 24 536 24 0 41 537 24 538 41 0 41 0 41 0 41 539 24 540 41 541 24 542 41 0 33 0 33 0 33 0 33 0 33 0 33 0 33 0 33 0 33 0 33 0 33 0 33 0 33 0 33 0 33 0 33 0 33 0 33 0 33 0 33 0 24 0 24 543 33 544 24 0 24 0 9 545 24 546 9 547 24 548 24 0 9 0 9 549 24 550 9 0 41 0 41 551 24 552 41 553 24 554 41 555 24 556 41 0 24 0 24 0 24 0 24 0 3 0 3 557 24 558 3 559 24 560 3 0 3 561 24 562 24 0 3 0 3 0 3 0 41 0 41 0 40 0 40 0 40 0 40 0 40 0 40 0 40 0 40 0 40 0 40 0 40 0 40 0 40 0 40 0 40 0 40 0 40 0 40 0 40 0 40 0 40 0 40 0 40 0 40 0 51 563 40 564 40 0 40 0 40 0 37 565 40 566 37 567 40 568 37 569 40 570 40 0 61 571 37 572 40 573 61 574 37 575 61 576 37 577 26 578 37 579 4 0 45 580 4 581 37 0 37 0 37 0 37 0 37 582 40 583 37 0 37 0 61 584 37 585 61 586 37 587 37 0 61 0 61 588 37 589 61 590 37 591 62 0 60 0 47 0 47 0 47 0 49 592 47 593 49 594 47 595 62 0 62 0 62 0 62 0 62 0 62 0 48 596 62 597 62 0 62 0 62 0 62 0 62 0 62 0 62 0 62 0 48 598 62 599 42 0 42 0 42 0 42 0 42 0 42 0 42 0 53 0 53 0 42 0 53 0 53 0 53 0 53 0 53 0 53 0 53 0 53 0 56 600 53 601 56 602 53 603 53 0 56 604 53 605 53 0 56 0 56 0 56 0 53 0 56 0 53 0 56 0 56 0 56 0 56 606 53 607 56 0 56 608 53 609 56 0 56 610 53 611 53 0 56 612 53 613 53 0 56 614 53 615 53 0 56 0 56 0 53 0 42 0 62 0 48 0 48 0 48 0 48 0 48 0 48 0 48 0 48 0 48 0 48 0 48 0 48 0 48 0 48 0 48 0 48 0 48 0 48 0 48 0 48 0 48 0 48 0 48 0 48 0 48 0 48 0 54 0 54 0 54 0 54 0 54 0 54 0 54 0 54 0 54 0 54 0 54 0 54 0 54 0 54 0 54 0 54 0 54 0 54 0 48 0 11 0 11 0 11 0 11 0 11 0 11 0 11 0 11 0 11 0 11 0 11 0 11 0 11 0 11 0 11 0 11 0 11 0 11 0 11 0 11 0 19 0 37 0 19 0 37 0 19 0 1 616 37 617 37 0 19 0 19 0 37 0 19 0 37 0 19 0 37 0 19 0 37 0 19 0 37 0 19 0 19 0 19 0 19 0 19 0 19 0 19 0 19 0 19 0 19 0 19 0 19 0 19 0 19 0 19 0 19 0 19 0 19 0 32 618 19 619 32 620 19 621 32 622 19 623 6 624 32 625 32 626 19 627 6 628 32 629 6 0 6 0 32 630 19 631 32 632 19 633 32 0 32 0 32 0 32 0 32 0 32 0 32 0 32 0 32 0 32 0 32 0 32 0 32 0 32 0 32 0 32 0 34 634 32 635 34 0 32 0 34 636 32 637 32 0 32 0 32 0 32 0 32 0 32 0 32 0 34 0 34 0 32 0 32 0 32 0 32 0 32 0 32 0 34 638 32 639 6 0 6 640 19 641 6 0 6 642 19 643 6 0 6 0 6 0 6 0 6 0 6 0 6 0 6 644 19 645 6 0 6 0 6 0 6 0 6 0 6 0 6 0 6 0 6 0 6 0 6 0 6 0 6 0 6 0 6 0 6 0 6 0 32 0 57 646 32 647 34 648 57 649 32 650 32 0 57 651 32 652 32 0 57 653 32 654 32 0 34 655 57 656 32 657 32 0 57 0 57 0 57 0 57 0 57 0 57 0 57 0 57 0 57 0 57 0 57 0 57 0 57 0 57 0 57 0 57 0 57 0 57 0 57 0 57 0 57 0 34 0 34 0 34 0 34 658 32 659 34 0 34 0 34 0 34 0 34 0 34 0 34 0 34 0 34 0 34 0 34 0 34 0 34 0 34 0 34 0 34 0 34 0 34 0 34 0 34 0 34 0 40 0 40 0 40 0 40 0 40 0 40 0 40 0 21 660 40 661 40 0 40 0 40 0 40 0 40 0 11 0 11 0 45 0 45 0 45 0 45 0 45 0 45 0 45 0 45 0 45 0 45 0 45 0 45 0 45 0 45 0 45 0 45 0 45 0 45 0 45 0 45 0 45 0 45 0 45 0 45 0 45 0 45 0 45 0 45 0 45 0 45 0 45 0 45 0 45 0 45 0 45 0 45 0 45 0 45 0 45 0 45 0 45 0 45 0 45 0 45 0 45 0 45 0 45 0 45 0 45 0 45 0 45 0 45 0 45 0 45 0 45 0 45 0 45 0 45 0 45 0 45 0 45 0 45 0 45 0 45 0 45 0 45 0 45 0 45 0 45 0 8 662 45 663 8 0 8 0 8 664 45 665 8 0 8 0 8 0 8 0 8 0 8 0 8 0 8 0 8 0 8 0 8 0 8 0 8 0 8 0 8 0 8 0 8 666 45 667 8 668 45 669 8 670 45 671 8 0 8 0 8 0 8 0 45 0 45 0 45 0 45 0 45 0 45 672 4 673 45 674 4 675 45 0 45 676 4 677 45 678 4 679 45 680 4 681 8 682 45 683 45 0 45 0 45 0 45 0 45 0 45 0 45 0 45 0 45 0 45 0 45 0 45 0 45 0 45 684 4 685 45 0 45 0 45 0 45 0 45 0 45 0 45 0 45 0 45 0 45 0 45 0 45 0 45 0 45 0 45 0 45 0 45 0 45 0 45 0 45 0 45 0 45 0 45 0 45 0 45 0 45 0 45 0 8 686 45 687 8 688 45 689 45 0 45 0 45 0 45 0 45 0 45 0 45 0 45 0 45 0 45 0 45 0 45 0 45 0 45 0 45 0 45 0 45 0 45 0 8 690 45 691 8 692 45 693 8 0 8 0 8 0 8 0 8 0 8 0 8 0 8 0 8 0 8 0 8 0 8 0 8 0 8 0 8 0 8 0 8 0 8 0 8 0 8 0 8 0 8 0 8 0 8 0 8 0 8 0 8 0 8 0 8 0 8 694 45 695 37 0 37 0 12 696 37 697 12 698 61 699 37 700 51 701 40 702 40 0 40 0 40 0 61 0 12 703 61 704 61 0 12 705 61 706 12 0 12 707 61 708 12 709 61 710 12 711 61 712 12 0 12 0 12 713 61 714 12 0 12 0 12 0 12 0 12 0 12 0 12 0 12 0 12 0 12 0 12 0 12 0 12 0 12 0 12 0 12 0 12 0 12 0 12 0 12 0 12 0 12 0 12 0 12 0 5 0 5 0 12 0 5 0 12 0 5 0 12 0 5 0 12 0 5 0 12 0 5 0 5 0 5 715 12 716 5 717 12 718 5 719 12 720 5 0 5 0 5 0 5 0 5 0 5 0 5 0 5 0 5 0 5 0 5 0 5 0 5 0 5 0 5 0 5 0 5 0 5 0 5 0 5 0 5 0 5 0 5 0 5 0 5 0 5 0 5 0 5 0 5 0 5 0 7 721 5 722 5 0 7 723 5 724 5 0 7 725 5 726 5 0 5 0 7 727 5 728 5 0 5 0 5 0 7 729 5 730 5 0 7 731 5 732 5 0 5 0 5 0 5 0 5 0 5 0 5 0 5 0 5 0 7 0 7 0 7 0 7 0 29 0 29 0 29 0 29 0 12 733 61 734 61 0 12 735 61 736 61 0 12 737 61 738 12 739 61 740 12 0 12 0 12 0 12 0 12 0 12 0 12 0 12 0 12 0 12 0 12 0 12 0 12 0 12 741 61 742 12 0 12 0 5 743 12 744 12 0 12 0 12 0 5 745 12 746 5 0 5 0 5 747 12 748 5 0 5 749 12 750 5 0 5 0 5 751 12 752 5 0 61 0 7 0 7 0 7 0 7 0 7 0 7 0 7 0 7 0 7 0 7 0 29 753 7 754 7 0 29 0 29 755 7 756 29 0 29 757 7 758 29 0 29 0 29 0 7 0 7 0 7 0 7 0 7 0 7 0 7 0 7 0 7 0 7 0 7 0 7 0 7 0 7 0 7 0 29 759 7 760 63 0 63 0 63 0 63 0 63 0 63 0 63 0 25 0 25 0 25 0 25 0 63 0 63 0 7 0 25 0 25 0 25 0 25 0 25 0 25 0 25 0 36 761 25 762 36 763 25 764 36 0 36 0 36 0 36 0 36 765 25 766 36 767 25 768 36 0 25 0 25 0 25 0 36 769 25 770 36 0 36 0 25 0 36 0 25 0 36 771 25 772 36 773 25 774 36 0 51 0 51 0 51 0 51 0 51 0 51 0 51 0 51 0 51 0 51 0 51 0 51 0 51 0 51 0 51 0 51 0 51 0 51 0 51 0 51 0 51 0 51 0 51 0 51 0 51 0 46 775 51 776 46 777 51 778 51 0 46 779 51 780 46 781 51 782 51 0 51 0 51 0 51 0 51 0 51 0 51 0 46 783 51 784 46 785 51 786 46 787 51 788 46 789 51 790 51 0 51 0 51 0 51 0 51 0 51 0 51 0 51 0 51 0 51 0 51 0 51 0 51 0 51 0 51 0 51 0 51 0 51 0 51 0 51 0 51 0 51 0 51 0 46 791 51 792 46 793 51 794 46 795 51 796 46 797 51 798 46 0 46 0 46 0 46 0 46 0 46 0 46 0 46 799 51 800 46 0 46 0 46 0 46 0 46 0 46 0 46 0 46 0 46 0 46 0 46 0 46 0 46 0 46 0 46 0 46 0 46 0 46 0 46 0 46 0 46 0 46 0 46 0 46 0 46 0 46 0 46 0 46 0 46 0 46 0 46 0 46 0 46 0 46 0 46 0 46 0 46 0 46 0 46 0 46 0 46 0 46 0 46 0 46 0 46 0 46 0 46 0 46 0 46 0 46 0 46 0 50 0 50 0 50 0 50 0 50 0 50 0 50 0 50 0 50 0 50 0 50 0 50 0 50 0 50 0 50 0 50 0 50 0 50 0 50 0 50 0 50 0 50 0 50 0 50 0 50 0 50 0 50 0 50 0 50 0 46 0 50 0 50 0 50 0 50 0 50 0 50 0 50 0 50 0 50 0 50 0 50 0 50 0 50 0 50 0 50 0 50 0 50 0 50 0 50 0 50 0 50 0 50 0 50 0 50 0 50 0 50 0 50 0 50 0 50 0 50 0 50 0 2 0 2 0 50 0 50 0 50 0 2 0 2 0 2 0 2 0 44 801 2 802 23 803 2 804 23 805 2 806 23 0 23 0 23 0 23 0 23 0 23 0 23 0 23 0 23 0 23 0 23 0 23 0 23 0 23 807 2 808 23 809 2 810 23 0 23 811 2 812 23 813 2 814 23 0 23 815 2 816 23 0 23 0 50 0 50 0 2 0 2 0 2 0 35 817 2 818 35 819 2 820 35 0 35 0 35 821 2 822 35 0 35 0 35 0 35 0 35 0 35 0 35 0 35 0 35 0 35 0 35 0 35 0 35 823 2 824 35 825 2 826 2 0 35 827 2 828 35 0 35 0 35 829 2 830 35 0 44 831 2 832 44 0 44 0 44 0 44 0 44 0 44 0 44 0 44 0 44 0 44 0 44 0 44 0 44 0 2 0 44 833 2 834 44 835 2 836 44 0 44 0 44 0 44 837 2 838 44 839 2 840 44 0 50 0 50 0 50 0 50 0 50 0 50 0 50 0 50 0 50 0 50 0 50 0 50 0 50 0 50 0 50 0 50 0 50 0 50 0 50 0 50 0 2 0 2 841 50 842 2 0 2 0 35 843 2 844 35 845 2 846 2 0 35 0 35 0 35 847 2 848 44 0 44 849 2 850 44 851 2 852 44 853 2 854 44 0 44 0 44 0 2 0 2 0 2 0 2 0 23 0 23 855 2 856 23 857 2 858 23 0 23 859 2 860 2 0 23 0 23 0 23 0 25 0 36 861 25 862 36 863 25 864 25 0 7 0 7 0 7 0 7 0 7 0 7 0 29 865 7 866 7 0 7 0 7 0 7 0 7 0 7 0 7 0 7 0 29 867 7 868 16 0 16 0 16 0 16 0 16 0 16 0 16 0 15 0 15 0 15 0 15 0 16 0 16 0 7 0 15 0 15 0 15 0 15 0 15 0 15 0 15 0 30 869 15 870 30 871 15 872 15 0 30 873 15 874 15 0 30 0 30 0 30 0 15 0 30 0 15 0 30 0 30 0 30 0 30 0 30 875 15 876 30 877 15 878 30 879 15 880 15 0 30 0 30 881 15 882 15 0 30 883 15 884 15 0 30 0 30 0 29 0 29 0 29 0 29 0 29 0 29 0 29 0 29 0 29 0 29 0 29 0 29 0 29 0 29 0 29 0 29 0 29 0 29 0 29 0 29 0 29 0 29 0 29 0 29 0 17 0 17 0 29 0 29 0 29 0 17 0 17 0 17 0 17 0 17 0 17 0 17 0 17 0 17 0 17 0 17 0 17 0 17 0 17 0 17 0 17 0 38 0 38 0 38 0 38 0 38 0 38 0 38 0 38 0 38 0 38 0 38 0 38 0 38 0 38 0 38 0 38 0 38 0 38 0 38 0 38 0 31 0 37 0 37 0 31 0 31 0 61 885 37 886 37 0 31 0 31 0 37 0 31 0 37 0 31 0 37 0 31 0 37 0 31 0 37 0 31 0 31 0 31 0 31 0 31 0 31 0 31 0 31 0 31 0 31 0 31 0 31 0 31 0 31 0 31 0 31 0 31 0 31 0 14 887 31 888 14 889 31 890 14 891 31 892 0 893 14 894 14 895 31 896 14 897 31 898 14 899 31 900 0 901 14 902 0 0 0 903 31 904 0 0 14 0 14 0 14 0 14 0 14 0 14 0 14 0 14 0 14 0 14 0 14 0 14 0 14 0 14 0 14 0 14 0 59 905 14 906 59 0 14 0 59 907 14 908 14 0 14 0 14 0 14 0 14 0 14 0 14 0 59 0 59 0 14 0 14 0 14 0 14 0 14 0 14 0 59 909 14 910 0 0 0 911 31 912 0 0 0 0 0 0 0 0 0 0 0 0 0 0 0 0 0 913 31 914 0 0 0 0 0 0 0 0 0 0 0 0 0 0 0 0 0 0 0 0 0 0 0 0 0 0 0 0 0 0 0 0 0 0 14 0 13 915 14 916 14 0 59 917 13 918 14 919 13 920 14 921 14 0 13 922 14 923 14 0 59 924 13 925 14 926 14 0 13 0 13 0 13 0 13 0 13 0 13 0 13 0 13 0 13 0 13 0 13 0 13 0 13 0 13 0 13 0 13 0 13 0 13 0 13 0 13 0 13 0 59 0 59 0 59 927 14 928 59 0 59 0 59 0 59 0 59 0 59 0 59 0 59 0 59 0 59 0 59 0 59 0 59 0 59 0 59 0 59 0 59 0 59 0 59 0 59 0 59 0 59 0 40 0 40 0 40 0 40 0 40 0 40 0 40 0 51 929 40 930 40 0 40 0 40 0 40 0 40 0 38 0 38 0 45 0 45 0 45 0 45 0 45 0 45 0 45 0 45 0 45 0 45 0 45 0 45 0 45 0 45 0 45 0 45 0 45 0 45 0 45 0 45 0 45 0 45 0 45 0 45 0 45 0 45 0 45 0 45 0 45 0 45 0 45 0 45 0 45 0 45 0 45 0 45 0 45 0 45 0 45 0 45 0 45 0 45 0 45 0 45 0 45 0 45 0 45 0 45 0 45 0 45 0 45 0 45 0 45 0 45 0 45 0 45 0 45 0 45 0 45 0 45 0 45 0 45 0 45 0 45 0 45 0 45 0 45 0 45 0 45 0 45 0 45 0 45 0 45 0 45 0 45 0 45 0 45 0 45 0 45 0 45 0 45 0 45 0 45 0 45 0 45 0 45 0 45 0 45 0 45 0 45 0 45 0 45 0 45 0 45 0 45 0 45 0 45 0 45 0 45 0 45 0 45 0 45 0 45 0 45 0 45 0 45 0 45 0 45 0 45 0 45 0 45 0 45 0 45 0 45 0 45 0 45 0 45 0 45 0 45 0 45 0 45 0 45 0 45 0 45 0 45 0 45 0 45 0 45 0 45 0 45 0 45 0 45 0 45 0 45 0 45 0 45 0 45 0 45 0 45 0 45 0 45 0 45 0 45 0 45 0 45 0 45 0 45 0 45 0 45 0 45 0 44 0 44 0 44 0 44 0 44 0 44 0 44 0 44 0 44 0 44 0 44 0 44 0 44 0 44 0 44 0 44 0 44 0 44 0 44 0 44 0 44 0 44 0 44 0 44 0 44 0 44 0 44 0 44 0 44 0 44 0 44 0 44 0 44 0 44 0 44 0 44 0 44 0 44 0 44 0 23 0 23 0 23 0 23 0 23 0 23 0 23 0 23 0 23 0 23 0 23 0 23 0 23 0 23 0 23 0 23 0 23 0 23 0 23 0 23 0 23 0 23 0 23 0 23 0 23 0 23 0 23 0 23 0 23 0 23 0 23 0 23 0 23 0 23 0 23 0 23 0 23 0 23 0 23 0 35 0 35 0 35 0 35 0 35 0 35 0 35 0 35 0 35 0 35 0 35 0 35 0 35 0 35 0 35 0 35 0 35 0 35 0 35 0 35 0 35 0 35 0 35 0 35 0 35 0 35 0 35 0 35 0 35 0 35 0 35 0 35 0 35 0 35 0 35 0 35 0 35 0 35 0 35 0 41 0 41 0 41 0 41 0 41 0 41 0 41 0 41 0 41 0 41 0 41 0 41 0 41 0 41 0 41 0 41 0 41 0 41 0 41 0 41 0 41 0 41 0 41 0 41 0 41 0 41 0 41 0 41 0 41 0 41 0 41 0 41 0 41 0 41 0 41 0 41 0 41 0 41 0 41 0 3 0 3 0 3 0 3 0 3 0 3 0 3 0 3 0 3 0 3 0 3 0 3 0 3 0 3 0 3 0 3 0 3 0 3 0 3 0 3 0 3 0 3 0 3 0 3 0 3 0 3 0 3 0 3 0 3 0 3 0 3 0 3 0 3 0 3 0 3 0 3 0 3 0 3 0 3 0 9 0 9 0 9 0 9 0 9 0 9 0 9 0 9 0 9 0 9 0 9 0 9 0 9 0 9 0 9 0 9 0 9 0 9 0 9 0 9 0 9 0 9 0 9 0 9 0 9 0 9 0 9 0 9 0 9 0 9 0 9 0 9 0 9 0 9 0 9 0 9 0 9 0 9 0 9 0 49 0 49 0 49 0 49 0 49 0 49 0 49 0 49 0 49 0 49 0 49 0 49 0 49 0 49 0 49 0 49 0 49 0 49 0 49 0 49 0 49 0 49 0 49 0 49 0 49 0 49 0 49 0 49 0 49 0 49 0 56 0 56 0 56 0 56 0 56 0 56 0 56 0 56 0 56 0 56 0 56 0 56 0 56 0 56 0 56 0 56 0 56 0 56 0 56 0 56 0 56 0 56 0 56 0 56 0 56 0 56 0 56 0 56 0 56 0 56 0 11 0 11 0 11 0 11 0 11 0 11 0 11 0 11 0 11 0 11 0 11 0 11 0 11 0 11 0 11 0 11 0 11 0 11 0 11 0 11 0 11 0 11 0 11 0 11 0 11 0 11 0 11 0 11 0 11 0 11 0 36 0 36 0 36 0 36 0 36 0 36 0 36 0 36 0 36 0 36 0 36 0 36 0 36 0 36 0 36 0 36 0 36 0 36 0 36 0 36 0 36 0 36 0 36 0 36 0 36 0 36 0 36 0 36 0 36 0 36 0 30 0 30 0 30 0 30 0 30 0 30 0 30 0 30 0 30 0 30 0 30 0 30 0 30 0 30 0 30 0 30 0 30 0 30 0 30 0 30 0 30 0 30 0 30 0 30 0 30 0 30 0 30 0 30 0 30 0 30 0 38 0 38 0 38 0 38 0 38 0 38 0 38 0 38 0 38 0 38 0 38 0 38 0 38 0 38 0 38 0 38 0 38 0 38 0 38 0 38 0 38 0 38 0 38 0 38 0 38 0 38 0 38 0 38 0 38 0 38 0 45 0 45 0 45 0 45 0 45 0 45 0 45 0 45 0 45 0 45 0 45 0 45 0 45 0 45 0 45 0 45 0 45 0 45 0 45 0 45 0 45 0 45 0 45 0 45 0 45 0 45 0 45 0 45 0 45 0 45 0 45 0 45 0 45 0 45 0 45 0 45 0 45 0 45 0 45 0 45 0 45 0 45 0 45 0 45 0 45 0 45 0 0 931 14 932 0 933 14 934 6 935 32 936 6 937 32 938 6 939 34 940 34 0 57 0 34 941 57 942 34 943 57 944 34 945 57 946 34 947 57 948 34 949 57 950 34 951 57 952 34 953 57 954 34 955 57 956 34 957 57 958 6 959 34 960 34 0 57 0 34 961 57 962 34 963 57 964 34 965 57 966 34 967 57 968 34 969 57 970 34 971 57 972 34 973 57 974 34 975 57 976 34 977 57 978 0 979 59 980 59 0 13 0 59 981 13 982 59 983 13 984 59 985 13 986 59 987 13 988 59 989 13 990 59 991 13 992 59 993 13 994 59 995 13 996 59 997 13 998 0 999 59 1000 59 0 13 0 59 1001 13 1002 59 1003 13 1004 59 1005 13 1006 59 1007 13 1008 59 1009 13 1010 59 1011 13 1012 59 1013 13 1014 59 1015 13 1016 59 1017 13 1018 37 1019 40 1020 37 1021 40 1022 37 1023 40 1024 37 1025 40 1026 37 1027 40 1028 37 1029 40 1030 37 1031 40 1032 37 1033 40 1034 37 1035 40 1036 37 1037 40 1038 37 1039 40 1040 37 1041 40 1042 37 1043 40 1044 37 1045 40 1046 37 1047 40 1048 37 1049 40 1050 37 1051 40 1052 37 1053 40 1054 37 1055 40 1056 37 1057 40 1058 37 1059 40 1060 37 1061 40 1062 37 1063 40 1064 37 1065 40 1066 37 1067 40 1068 37 1069 40 1070 37 1071 40 1072 37 1073 40 1074 37 1075 40 1076 37 1077 40 1078 37 1079 40 1080 37 1081 40 1082 37 1083 40 1084 37 1085 40 1086 37 1087 40 1088 37 1089 40 1090 37 1091 40 1092 37 1093 40 1094 28 1095 10 1096 28 1097 10 1098 28 1099 10 1100 28 1101 10 1102 28 1103 10 1104 28 1105 10 1106 28 1107 10 1108 28 1109 10 1110 28 1111 10 1112 28 1113 10 1114 28 1115 10 1116 28 1117 10 1118 28 1119 10 1120 28 1121 10 1122 28 1123 10 1124 28 1125 10 1126 28 1127 10 1128 28 1129 10 1130 28 1131 10 1132 28 1133 10 1134 28 1135 10 1136 28 1137 10 1138 28 1139 10 1140 28 1141 10 1142 28 1143 10 1144 28 1145 10 1146 28 1147 10 1148 28 1149 10 1150 28 1151 10 1152 28 1153 10 1154 28 1155 10 1156 28 1157 10 1158 28 1159 10 1160 28 1161 10 1162 28 1163 10 1164 28 1165 10 1166 28 1167 10 1168 28 1169 10 1170 55 1171 28 1172 28 0 28 0 55 1173 28 1174 55 1175 28 1176 55 1177 28 1178 55 1179 28 1180 55 1181 28 1182 55 1183 28 1184 55 1185 28 1186 55 1187 28 1188 55 1189 28 1190 55 1191 28 1192 55 1193 28 1194 55 1195 28 1196 55 1197 28 1198 55 1199 28 1200 55 1201 28 1202 55 1203 28 1204 55 1205 28 1206 55 1207 28 1208 55 1209 28 1210 55 1211 28 1212 55 1213 28 1214 55 1215 28 1216 55 1217 28 1218 55 1219 28 1220 55 1221 28 1222 55 1223 28 1224 55 1225 28 1226 55 1227 28 1228 55 1229 28 1230 20 1231 55 1232 20 1233 55 1234 20 1235 55 1236 20 1237 55 1238 20 1239 55 1240 20 1241 55 1242 20 1243 55 1244 20 1245 55 1246 20 1247 55 1248 20 1249 55 1250 20 1251 55 1252 20 1253 55 1254 20 1255 55 1256 20 1257 55 1258 20 1259 55 1260 20 1261 55 1262 20 1263 55 1264 20 1265 55 1266 20 1267 55 1268 20 1269 55 1270 20 1271 55 1272 20 1273 55 1274 20 1275 55 1276 20 1277 55 1278 20 1279 55 1280 20 1281 55 1282 20 1283 55 1284 20 1285 55 1286 20 1287 55 1288 20 1289 55 1290 20 1291 55 1292 20 1293 55 1294 20 1295 55 1296 20 1297 55 1298 20 1299 55 1300 20 1301 55 1302 20 1303 55 1304 20 1305 55 1306 45 1307 4 1308 45 1309 4 1310 45 1311 4 1312 45 1313 4 1314 45 1315 4 1316 45 1317 4 1318 45 1319 4 1320 45 1321 4 1322 45 1323 4 1324 45 1325 4 1326 45 1327 4 1328 45 1329 4 1330 45 1331 4 1332 45 1333 4 1334 45 1335 4 1336 45 1337 4 1338 45 1339 4 1340 45 1341 4 1342 45 1343 4 1344 45 1345 4 1346 45 1347 4 1348 45 1349 4 1350 45 1351 4 1352 45 1353 4 1354 45 1355 4 1356 45 1357 4 1358 45 1359 4 1360 45 1361 4 1362 45 1363 4 1364 45 1365 4 1366 45 1367 4 1368 45 1369 4 1370 45 1371 4 1372 45 1373 4 1374 45 1375 4 1376 45 1377 4 1378 45 1379 4 1380 45 1381 4 1382 45 1383 4 1384 45 1385 4 1386 45 1387 4 1388 45 1389 4 1390 45 1391 4 1392 45 1393 4 1394 45 1395 4 1396 45 1397 4 1398 26 1399 37 1400 26 1401 37 1402 26 1403 37 1404 26 1405 37 1406 26 1407 37 1408 26 1409 37 1410 26 1411 37 1412 26 1413 37 1414 26 1415 37 1416 26 1417 37 1418 26 1419 37 1420 26 1421 37 1422 26 1423 37 1424 26 1425 37 1426 26 1427 37 1428 26 1429 37 1430 26 1431 37 1432 26 1433 37 1434 26 1435 37 1436 26 1437 37 1438 26 1439 37 1440 26 1441 37 1442 26 1443 37 1444 26 1445 37 1446 26 1447 37 1448 26 1449 37 1450 26 1451 37 1452 26 1453 37 1454 26 1455 37 1456 26 1457 37 1458 26 1459 37 1460 26 1461 37 1462 26 1463 37 1464 26 1465 37 1466 8 1467 45 1468 45 1469 4 1470 45 1471 4 1472 45 1473 4 1474 8 1475 45 1476 8 1477 45 1478 8 1479 45 1480 45 1481 4 1482 26 1483 4 1484 26 1485 8 1486 45 1487 8 1488 45 1489 4 1490 26 1491 45 1492 4 1493 26 1494 45 1495 4 1496 4 1497 26 1498 45 1499 4 1500 45 1501 4 1502 45 1503 4 1504 26 1505 45 1506 4 1507 45 1508 4 1509 45 1510 4 1511 45 0 45 1512 4 1513 4 1514 26 1515 4 1516 26 1517 4 1518 26 1519 37 1520 4 1521 26 1522 37 1523 26 1524 37 1525 1 1526 26 1527 37 1528 26 1529 37 1530 1 1531 37 1532 1 1533 37 1534 1 1535 37 1536 1 1537 37 1538 1 1539 37 1540 1 1541 37 1542 1 1543 37 1544 1 0 1 0 18 1545 1 1546 18 1547 1 1548 37 1549 1 0 1 1550 37 1551 1 0 1 1552 37 1553 1 1554 26 1555 37 1556 1 1557 26 1558 37 1559 26 1560 37 1561 26 1562 37 1563 4 1564 26 1565 45 1566 4 1567 26 1568 1 1569 37 1570 26 1571 37 1572 26 1573 37 1574 37 0 37 1575 40 1576 37 1577 40 1578 37 1579 40 1580 37 1581 40 1582 37 1583 40 1584 37 1585 40 1586 37 1587 40 1588 21 1589 40 1590 21 1591 40 1592 37 1593 40 1594 37 1595 40 1596 37 1597 40 1598 37 0 45 0 8 1599 45 1600 37 1601 40 1602 37 1603 40 1604 37 1605 40 1606 37 1607 40 1608 37 1609 40 1610 18 1611 1 1612 37 1613 37 1614 40 1615 37 1616 40 1617 28 1618 10 1619 37 1620 40 1621 28 1622 10 1623 37 1624 40 1625 28 1626 10 1627 28 1628 10 1629 28 1630 10 1631 28 1632 10 1633 28 1634 10 1635 28 1636 10 1637 28 1638 10 1639 28 1640 10 1641 28 1642 10 1643 55 1644 28 1645 55 1646 28 1647 55 1648 28 1649 55 1650 28 1651 55 1652 28 1653 55 1654 28 1655 55 1656 28 1657 55 1658 28 1659 55 1660 28 1661 55 1662 28 1663 20 1664 55 1665 20 1666 55 1667 20 1668 55 1669 20 1670 55 1671 20 1672 55 1673 43 1674 20 1675 43 1676 20 1677 43 1678 20 1679 43 1680 20 1681 43 1682 20 1683 43 1684 20 1685 43 1686 20 1687 43 1688 20 1689 43 1690 20 1691 43 1692 20 1693 43 1694 20 1695 43 1696 20 1697 43 1698 20 1699 43 1700 20 1701 20 1702 55 1703 20 1704 55 1705 55 1706 28 1707 55 1708 28 1709 55 1710 28 1711 55 1712 28 1713 28 1714 10 1715 28 1716 10 1717 28 1718 10 1719 28 1720 10 1721 51 1722 40 1723 51 1724 40 1725 37 1726 40 1727 37 1728 40 1729 37 1730 40 1731 37 1732 40 1733 37 1734 40 1735 37 1736 40 1737 37 1738 40 1739 37 1740 40 1741 28 1742 10 1743 28 1744 10 1745 55 1746 28 1747 55 1748 28 1749 20 1750 55 1751 43 1752 20 1753 43 1754 20 1755 18 1756 1 1757 18 1758 1 1759 18 1760 1 1761 18 1762 1 1763 37 1764 18 1765 1 1766 18 1767 1 1768 18 1769 37 1770 18 1771 1 1772 37 1773 18 1774 1 1775 18 1776 1 1777 18 1778 1 1779 18 1780 1 1781 18 1782 1 1783 18 1784 1 1785 18 1786 1 1787 18 1788 1 1789 18 1790 1 1791 62 0 18 1792 1 1793 18 1794 1 1795 18 1796 1 1797 18 1798 1 1799 18 1800 1 1801 18 1802 37 1803 1 1804 37 1805 1 1806 37 1807 1 1808 37 1809 18 1810 1 1811 37 1812 18 1813 37 1814 18 1815 37 1816 18 1817 1 1818 37 1819 18 1820 37 1821 18 1822 1 1823 27 1824 18 1825 62 0 62 0 48 1826 62 1827 49 0 49 1828 47 1829 49 0 49 0 22 1830 21 1831 22 1832 21 1833 41 1834 24 1835 9 0 9 0 9 0 41 0 37 1836 40 1837 37 1838 40 1839 37 1840 40 1841 37 1842 40 1843 37 1844 40 1845 12 1846 61 1847 37 1848 61 1849 37 1850 12 1851 61 1852 37 1853 12 1854 61 1855 61 1856 37 1857 61 1858 37 1859 26 1860 37 1861 4 1862 26 1863 45 1864 4 1865 26 1866 8 1867 45 1868 8 1869 45 1870 45 1871 4 1872 26 1873 45 1874 4 1875 4 1876 26 1877 45 1878 4 1879 45 1880 4 1881 45 1882 4 1883 26 1884 45 1885 4 1886 45 1887 4 1888 45 1889 4 1890 45 0 4 1891 26 1892 4 1893 26 1894 37 1895 4 1896 26 1897 37 1898 26 1899 37 1900 61 1901 26 1902 37 1903 61 1904 37 1905 61 1906 37 1907 61 1908 37 1909 26 1910 37 1911 45 1912 4 1913 26 1914 61 1915 37 1916 61 1917 26 1918 37 1919 61 1920 26 1921 37 1922 4 1923 26 1924 26 1925 37 1926 61 1927 37 1928 61 1929 37 1930 61 1931 37 1932 61 0 61 0 61 0 37 0 37 0 48 1933 62 1934 56 0 56 1935 53 1936 56 0 34 0 6 1937 19 1938 34 1939 32 1940 1 1941 37 1942 21 1943 40 1944 21 1945 40 1946 8 1947 45 1948 45 1949 4 1950 45 1951 4 1952 8 1953 45 1954 61 0 12 1955 61 1956 12 1957 61 1958 12 1959 61 1960 12 1961 61 1962 37 1963 12 1964 61 1965 12 1966 61 1967 12 1968 37 1969 12 1970 61 1971 37 1972 12 1973 61 1974 12 1975 61 1976 12 1977 61 1978 12 1979 61 1980 12 1981 61 1982 12 1983 61 1984 12 1985 61 1986 12 1987 61 1988 12 1989 61 1990 7 0 12 1991 61 1992 12 1993 61 1994 12 1995 61 1996 12 1997 61 1998 12 1999 61 2000 12 2001 37 2002 61 2003 37 2004 61 2005 37 2006 61 2007 37 2008 12 2009 61 2010 37 2011 12 2012 37 2013 12 2014 37 2015 12 2016 61 2017 37 2018 12 2019 37 2020 12 2021 61 2022 5 2023 12 2024 7 0 7 0 29 2025 7 2026 36 0 36 2027 25 2028 36 0 36 0 46 2029 51 2030 46 2031 51 2032 44 2033 2 2034 35 0 35 0 35 0 44 0 29 2035 7 2036 30 0 30 2037 15 2038 30 0 59 0 0 2039 31 2040 59 2041 14 2042 61 2043 37 2044 51 2045 40 2046 51 2047 40 2048 18 2049 1 2050 37 2051 18 2052 37 2053 12 2054 61 2055 37 2056 12 2057 37 2058</v>
        </vertex_weights>
      </skin>
      <extra>
        <technique profile="FCOLLADA">
          <user_properties>SkinController</user_properties>
        </technique>
      </extra>
    </controller>
  </library_controllers>
  <library_visual_scenes>
    <visual_scene id="VisualSceneNode" name="rdmscene">
      <node id="VisualSceneNode1" name="_18_prefab" sid="_18_prefab" type="JOINT">
        <matrix>1 0 0 0 0 1 0 0 0 0 1 0 0 0 0 1</matrix>
        <node id="VisualSceneNode2" name="chr209" sid="chr209" type="JOINT">
          <matrix>6.2 0 0 0 0 6.2 0 0 0 0 6.2 0 0 0 0 1</matrix>
          <node id="VisualSceneNode3" name="GRP_joint" sid="GRP_joint" type="JOINT">
            <matrix>1 0 0 0 0 1 0 0 0 0 1 0 0 0 0 1</matrix>
            <node id="VisualSceneNode4" name="J_root" sid="J_root" type="JOINT">
              <matrix>1 0 0 0 0 1 0 0 0 0 1 0 0 0 0 1</matrix>
              <node id="VisualSceneNode5" name="J_center" sid="J_center" type="JOINT">
                <matrix>1 0 0 0 0 1 0 0.170491 0 0 1 0 0 0 0 1</matrix>
                <node id="VisualSceneNode6" name="J_spine01" sid="J_spine01" type="JOINT">
                  <matrix>0 -1 0 0 1 0 0 0 0 0 1 0 0 0 0 1</matrix>
                  <node id="VisualSceneNode7" name="J_spine02" sid="J_spine02" type="JOINT">
                    <matrix>1 0 0 0.028085 0 1 0 0 0 0 1 0 0 0 0 1</matrix>
                    <node id="VisualSceneNode8" name="J_wing01_l" sid="J_wing01_l" type="JOINT">
                      <matrix>0.575747 0.171547 -0.799429 0.038614 -0.558904 -0.631068 -0.53794 -0.018485 -0.596776 0.756522 -0.267457 -0.025564 0 0 0 1</matrix>
                      <node id="VisualSceneNode9" name="J_wing02_l" sid="J_wing02_l" type="JOINT">
                        <matrix>0.471304 0.021705 0.881704 0.056829 -0.010232 0.999764 -0.019142 -0.000321 -0.881912 0 0.471415 0 0 0 0 1</matrix>
                        <node id="VisualSceneNode10" name="J_wing05_l" sid="J_wing05_l" type="JOINT">
                          <matrix>0.500528 0 -0.86572 0.000409 0 1 0 0 0.86572 0 0.500529 0.008868 0 0 0 1</matrix>
                        </node>
                        <node id="VisualSceneNode11" name="J_wing03_l" sid="J_wing03_l" type="JOINT">
                          <matrix>0.500528 0 -0.86572 0.055191 0 1 0 0 0.86572 0 0.500529 0.000781 0 0 0 1</matrix>
                        </node>
                        <node id="VisualSceneNode12" name="J_wing04_l" sid="J_wing04_l" type="JOINT">
                          <matrix>0.500528 0 -0.86572 0.047425 0 1 0 0 0.86572 0 0.500529 0.00724 0 0 0 1</matrix>
                        </node>
                      </node>
                    </node>
                    <node id="VisualSceneNode13" name="J_shoulder_r" sid="J_shoulder_r" type="JOINT">
                      <matrix>0 -1 0 0.035361 -1 0 0 0.021564 0 0 -1 0.006694 0 0 0 1</matrix>
                      <node id="VisualSceneNode14" name="J_arm_r" sid="J_arm_r" type="JOINT">
                        <matrix>0.701287 0.707952 -0.083672 -0.022692 -0.702966 0.706261 0.083872 0.003757 0.118472 0 0.992957 0 0 0 0 1</matrix>
                        <node id="VisualSceneNode15" name="J_elbow_r" sid="J_elbow_r" type="JOINT">
                          <matrix>0.868096 0 -0.496396 -0.053674 0 1 0 0.001837 0.496396 0 0.868096 0.006365 0 0 0 1</matrix>
                          <node id="VisualSceneNode16" name="J_hand_r" sid="J_hand_r" type="JOINT">
                            <matrix>1 0 0 -0.038435 0 1 0 0 0 0 1 0.000000 0 0 0 1</matrix>
                            <node id="VisualSceneNode17" name="J_thumb01_r" sid="J_thumb01_r" type="JOINT">
                              <matrix>0.768058 -0.636678 0.068764 -0.015105 -0.639234 -0.755827 0.141793 0.003874 -0.038302 -0.152861 -0.987505 0.000626 0 0 0 1</matrix>
                              <node id="VisualSceneNode18" name="J_thumb02_r" sid="J_thumb02_r" type="JOINT">
                                <matrix>0.943703 0.330795 0 -0.02201 -0.330795 0.943703 0 -0.002071 0 0 1 0.000000 0 0 0 1</matrix>
                                <node id="VisualSceneNode19" name="J_thumb03_r" sid="J_thumb03_r" type="JOINT">
                                  <matrix>1 0 0 -0.01408 0 1 0 0 0 0 1 -0.000000 0 0 0 1</matrix>
                                </node>
                              </node>
                            </node>
                            <node id="VisualSceneNode20" name="J_index01_r" sid="J_index01_r" type="JOINT">
                              <matrix>0.820368 -0.485132 -0.302726 -0.013951 0.373948 0.855641 -0.357828 -0.006628 0.432618 0.180347 0.883355 -0.00653 0 0 0 1</matrix>
                              <node id="VisualSceneNode21" name="J_index02_r" sid="J_index02_r" type="JOINT">
                                <matrix>0.943703 0.330795 0 -0.022944 -0.330795 0.943703 0 0.000000 0 0 1 -0.000000 0 0 0 1</matrix>
                                <node id="VisualSceneNode22" name="J_index03_r" sid="J_index03_r" type="JOINT">
                                  <matrix>1 0 0 -0.014515 0 1 0 -0.000000 0 0 1 0.000000 0 0 0 1</matrix>
                                </node>
                              </node>
                            </node>
                            <node id="VisualSceneNode23" name="J_middle01_r" sid="J_middle01_r" type="JOINT">
                              <matrix>0.944194 -0.320926 -0.074198 -0.017768 0.316831 0.94646 -0.061902 -0.011141 0.090091 0.034939 0.99532 0.00461 0 0 0 1</matrix>
                              <node id="VisualSceneNode24" name="J_middle02_r" sid="J_middle02_r" type="JOINT">
                                <matrix>0.960754 0.276109 -0.026748 -0.022945 -0.277163 0.959454 -0.051264 0.000000 0.011509 0.056666 0.998327 0.000000 0 0 0 1</matrix>
                                <node id="VisualSceneNode25" name="J_middle03_r" sid="J_middle03_r" type="JOINT">
                                  <matrix>1 0 0 -0.014516 0 1 0 0 0 0 1 0.000000 0 0 0 1</matrix>
                                </node>
                              </node>
                            </node>
                          </node>
                        </node>
                      </node>
                    </node>
                    <node id="VisualSceneNode26" name="J_neck01" sid="J_neck01" type="JOINT">
                      <matrix>0.915315 0 -0.402739 0.051501 0 1 0 0 0.402739 0 0.915315 0.002888 0 0 0 1</matrix>
                      <node id="VisualSceneNode27" name="J_neck02" sid="J_neck02" type="JOINT">
                        <matrix>0.991788 0 -0.127892 0.025158 0 1 0 0 0.127892 0 0.991788 0 0 0 0 1</matrix>
                        <node id="VisualSceneNode28" name="J_head" sid="J_head" type="JOINT">
                          <matrix>0.34567 0 -0.938356 0.033884 0 1 0 0 0.938356 0 0.34567 0 0 0 0 1</matrix>
                          <node id="VisualSceneNode29" name="J_chin" sid="J_chin" type="JOINT">
                            <matrix>1 0 0 0.012747 0 1 0 0 0 0 1 0 0 0 0 1</matrix>
                          </node>
                          <node id="VisualSceneNode30" name="CharacterFaceCenterTarget" sid="CharacterFaceCenterTarget" type="JOINT">
                            <matrix>1 0 0 0.0797 0 1 0 0 0 0 1 0 0 0 0 1</matrix>
                          </node>
                        </node>
                      </node>
                    </node>
                    <node id="VisualSceneNode31" name="J_shoulder_l" sid="J_shoulder_l" type="JOINT">
                      <matrix>0 1 0 0.035361 -1 0 0 -0.021564 0 0 1 0.006694 0 0 0 1</matrix>
                      <node id="VisualSceneNode32" name="J_arm_l" sid="J_arm_l" type="JOINT">
                        <matrix>0.701287 0.707952 -0.083672 0.022692 -0.702966 0.706261 0.083872 -0.003756 0.118472 0 0.992957 0 0 0 0 1</matrix>
                        <node id="VisualSceneNode33" name="J_elbow_l" sid="J_elbow_l" type="JOINT">
                          <matrix>0.868096 0 -0.496396 0.053675 0 1 0 -0.001837 0.496396 0 0.868096 -0.006365 0 0 0 1</matrix>
                          <node id="VisualSceneNode34" name="J_hand_l" sid="J_hand_l" type="JOINT">
                            <matrix>1 0 0 0.038435 0 1 0 0 0 0 1 0 0 0 0 1</matrix>
                            <node id="VisualSceneNode35" name="J_index01_l" sid="J_index01_l" type="JOINT">
                              <matrix>0.820368 -0.485132 -0.302726 0.013951 0.373948 0.855641 -0.357828 0.006628 0.432618 0.180347 0.883355 0.006529 0 0 0 1</matrix>
                              <node id="VisualSceneNode36" name="J_index02_l" sid="J_index02_l" type="JOINT">
                                <matrix>0.943703 0.330795 0 0.022945 -0.330795 0.943703 0 0 0 0 1 0 0 0 0 1</matrix>
                                <node id="VisualSceneNode37" name="J_index03_l" sid="J_index03_l" type="JOINT">
                                  <matrix>1 0 0 0.014515 0 1 0 0 0 0 1 0 0 0 0 1</matrix>
                                </node>
                              </node>
                            </node>
                            <node id="VisualSceneNode38" name="J_thumb01_l" sid="J_thumb01_l" type="JOINT">
                              <matrix>0.768058 -0.636678 0.068764 0.015106 -0.639234 -0.755827 0.141793 -0.003874 -0.038302 -0.152861 -0.987505 -0.000626 0 0 0 1</matrix>
                              <node id="VisualSceneNode39" name="J_thumb02_l" sid="J_thumb02_l" type="JOINT">
                                <matrix>0.943703 0.330795 0 0.02201 -0.330795 0.943703 0 0.002071 0 0 1 0 0 0 0 1</matrix>
                                <node id="VisualSceneNode40" name="J_thumb03_l" sid="J_thumb03_l" type="JOINT">
                                  <matrix>1 0 0 0.014079 0 1 0 0 0 0 1 0 0 0 0 1</matrix>
                                </node>
                              </node>
                            </node>
                            <node id="VisualSceneNode41" name="J_middle01_l" sid="J_middle01_l" type="JOINT">
                              <matrix>0.944194 -0.320926 -0.074198 0.017769 0.316831 0.94646 -0.061902 0.011141 0.090091 0.034939 0.99532 -0.004611 0 0 0 1</matrix>
                              <node id="VisualSceneNode42" name="J_middle02_l" sid="J_middle02_l" type="JOINT">
                                <matrix>0.960754 0.276109 -0.026748 0.022945 -0.277163 0.959454 -0.051264 0 0.011509 0.056666 0.998327 0 0 0 0 1</matrix>
                                <node id="VisualSceneNode43" name="J_middle03_l" sid="J_middle03_l" type="JOINT">
                                  <matrix>1 0 0 0.014515 0 1 0 0 0 0 1 0 0 0 0 1</matrix>
                                </node>
                              </node>
                            </node>
                          </node>
                        </node>
                      </node>
                    </node>
                    <node id="VisualSceneNode44" name="J_wing01_r" sid="J_wing01_r" type="JOINT">
                      <matrix>-0.575747 -0.171546 0.79943 0.038614 -0.558905 -0.631068 -0.537939 0.018485 0.596776 -0.756522 0.267458 -0.025564 0 0 0 1</matrix>
                      <node id="VisualSceneNode45" name="J_wing02_r" sid="J_wing02_r" type="JOINT">
                        <matrix>0.471304 0.021705 0.881704 -0.056829 -0.010232 0.999765 -0.019142 0.000321 -0.881912 0 0.471415 -0.000000 0 0 0 1</matrix>
                        <node id="VisualSceneNode46" name="J_wing05_r" sid="J_wing05_r" type="JOINT">
                          <matrix>0.500529 0 -0.86572 -0.00041 0 1 0 0 0.86572 0 0.500528 -0.008868 0 0 0 1</matrix>
                        </node>
                        <node id="VisualSceneNode47" name="J_wing04_r" sid="J_wing04_r" type="JOINT">
                          <matrix>0.500529 0 -0.86572 -0.047425 0 1 0 0 0.86572 0 0.500528 -0.00724 0 0 0 1</matrix>
                        </node>
                        <node id="VisualSceneNode48" name="J_wing03_r" sid="J_wing03_r" type="JOINT">
                          <matrix>0.500529 0 -0.86572 -0.055192 0 1 0 0 0.86572 0 0.500528 -0.000781 0 0 0 1</matrix>
                        </node>
                      </node>
                    </node>
                  </node>
                </node>
                <node id="VisualSceneNode49" name="J_leg_l" sid="J_leg_l" type="JOINT">
                  <matrix>0.221669 0.975122 0 0.026287 -0.966581 0.219727 0.132063 -0.023484 0.128778 -0.029274 0.991241 0.006597 0 0 0 1</matrix>
                  <node id="VisualSceneNode50" name="J_knee_l" sid="J_knee_l" type="JOINT">
                    <matrix>0.902187 0 0.431346 0.055451 0 1 0 0 -0.431346 0 0.902187 0 0 0 0 1</matrix>
                    <node id="VisualSceneNode51" name="J_foot_l" sid="J_foot_l" type="JOINT">
                      <matrix>0.241377 -0.929002 -0.280523 0.049279 0.969707 0.219727 0.106721 0 -0.037505 -0.297785 0.953896 0 0 0 0 1</matrix>
                      <node id="VisualSceneNode52" name="J_toe_l" sid="J_toe_l" type="JOINT">
                        <matrix>1 0 0 0.002204 0 1 0 -0.031737 0 0 1 0.045312 0 0 0 1</matrix>
                        <node id="VisualSceneNode53" name="J_foot_index_l" sid="J_foot_index_l" type="JOINT">
                          <matrix>0.961262 0 -0.275637 -0.024768 0 1 0 -0.009811 0.275637 0 0.961262 0.01422 0 0 0 1</matrix>
                        </node>
                        <node id="VisualSceneNode54" name="J_foot_pinkie_l" sid="J_foot_pinkie_l" type="JOINT">
                          <matrix>0.992546 0 0.121869 0.019461 0 1 0 -0.009811 -0.121869 0 0.992546 0.020436 0 0 0 1</matrix>
                        </node>
                        <node id="VisualSceneNode55" name="J_foot_middle_l" sid="J_foot_middle_l" type="JOINT">
                          <matrix>0.996195 0 -0.087155 -0.002365 0 1 0 -0.009811 0.087155 0 0.996195 0.017369 0 0 0 1</matrix>
                        </node>
                      </node>
                    </node>
                  </node>
                </node>
                <node id="VisualSceneNode56" name="J_leg_r" sid="J_leg_r" type="JOINT">
                  <matrix>0.221669 0.975122 -0.000000 -0.026287 0.966581 -0.219727 -0.132063 -0.023484 -0.128778 0.029273 -0.991241 0.006597 0 0 0 1</matrix>
                  <node id="VisualSceneNode57" name="J_knee_r" sid="J_knee_r" type="JOINT">
                    <matrix>0.902187 0 0.431346 -0.055451 0 1 0 0 -0.431345 0 0.902187 0 0 0 0 1</matrix>
                    <node id="VisualSceneNode58" name="J_foot_r" sid="J_foot_r" type="JOINT">
                      <matrix>0.241377 -0.929002 -0.280523 -0.049279 0.969707 0.219727 0.106721 0 -0.037505 -0.297785 0.953896 0 0 0 0 1</matrix>
                      <node id="VisualSceneNode59" name="J_toe_r" sid="J_toe_r" type="JOINT">
                        <matrix>1 0 0 -0.002204 0 1 0 0.031737 0 0 1 -0.045312 0 0 0 1</matrix>
                        <node id="VisualSceneNode60" name="J_foot_index_r" sid="J_foot_index_r" type="JOINT">
                          <matrix>0.961262 0 -0.275637 0.024768 0 1 0 0.009811 0.275637 0 0.961262 -0.01422 0 0 0 1</matrix>
                        </node>
                        <node id="VisualSceneNode61" name="J_foot_pinkie_r" sid="J_foot_pinkie_r" type="JOINT">
                          <matrix>0.992546 0 0.121869 -0.019461 0 1 0 0.009811 -0.121869 0 0.992546 -0.020436 0 0 0 1</matrix>
                        </node>
                        <node id="VisualSceneNode62" name="J_foot_middle_r" sid="J_foot_middle_r" type="JOINT">
                          <matrix>0.996195 0 -0.087155 0.002365 0 1 0 0.009811 0.087155 0 0.996195 -0.017369 0 0 0 1</matrix>
                        </node>
                      </node>
                    </node>
                  </node>
                </node>
                <node id="VisualSceneNode63" name="J_tail01" sid="J_tail01" type="JOINT">
                  <matrix>0 0 1 0 -0.146802 0.989166 0 -0.025369 -0.989166 -0.146802 0 -0.031945 0 0 0 1</matrix>
                  <node id="VisualSceneNode64" name="J_tail02" sid="J_tail02" type="JOINT">
                    <matrix>0.997334 -0.072971 0 0.043393 0.072971 0.997334 0 0 0 0 1 0 0 0 0 1</matrix>
                    <node id="VisualSceneNode65" name="J_tail03" sid="J_tail03" type="JOINT">
                      <matrix>0.997241 -0.074229 0 0.050308 0.074229 0.997241 0 0 0 0 1 0 0 0 0 1</matrix>
                      <node id="VisualSceneNode66" name="J_tail04" sid="J_tail04" type="JOINT">
                        <matrix>1 0 0 0.061318 0 1 0 0 0 0 1 0 0 0 0 1</matrix>
                        <node id="VisualSceneNode67" name="J_tail05" sid="J_tail05" type="JOINT">
                          <matrix>1 0 0 0.065778 0 1 0 0 0 0 1 0 0 0 0 1</matrix>
                        </node>
                      </node>
                    </node>
                  </node>
                </node>
              </node>
            </node>
          </node>
        </node>
      </node>
      <node id="VisualSceneNode68" name="chr209" type="NODE">
        <matrix>1 0 0 0 0 1 0 0 0 0 1 0 0 0 0 1</matrix>
        <instance_controller url="#Controller">
          <skeleton>#VisualSceneNode1</skeleton>
          <bind_material>
            <technique_common>
              <instance_material symbol="VisualMaterial0" target="#VisualMaterial"/>
            </technique_common>
          </bind_material>
        </instance_controller>
      </node>
    </visual_scene>
  </library_visual_scenes>
  <scene>
    <instance_visual_scene url="#VisualSceneNode"/>
  </scene>
</COLLADA>
