<?xml version="1.0" encoding="utf-8"?>
<COLLADA xmlns="http://www.collada.org/2005/11/COLLADASchema" version="1.4.1">
  <asset>
    <created>2017-08-25T20:39:00Z</created>
    <modified>2017-08-25T20:39:00Z</modified>
  </asset>
  <library_images>
    <image id="Image">
      <init_from>chr341a01.png</init_from>
    </image>
  </library_images>
  <library_materials>
    <material id="VisualMaterial" name="chr341a01-material">
      <instance_effect url="#Effect"/>
      <extra>
        <technique profile="FCOLLADA">
          <user_properties>chr341a01-material</user_properties>
        </technique>
      </extra>
    </material>
  </library_materials>
  <library_effects>
    <effect id="Effect" name="chr341a01_png">
      <profile_COMMON>
        <newparam sid="Image-surface">
          <surface type="2D">
            <init_from>Image</init_from>
            <format>A8R8G8B8</format>
          </surface>
        </newparam>
        <newparam sid="Image-sampler">
          <sampler2D>
            <source>Image-surface</source>
            <wrap_s>WRAP</wrap_s>
            <wrap_t>WRAP</wrap_t>
            <minfilter>NONE</minfilter>
            <magfilter>NONE</magfilter>
            <mipfilter>NONE</mipfilter>
          </sampler2D>
        </newparam>
        <technique sid="common">
          <phong>
            <emission>
              <color>0 0 0 1</color>
            </emission>
            <ambient>
              <color>0 0 0 1</color>
            </ambient>
            <diffuse>
              <texture texture="Image-sampler" texcoord=""/>
            </diffuse>
            <specular>
              <color>1 1 1 1</color>
            </specular>
            <shininess>
              <float>0</float>
            </shininess>
            <transparent opaque="A_ONE">
              <color>0 0 0 1</color>
            </transparent>
            <transparency>
              <float>1</float>
            </transparency>
            <index_of_refraction>
              <float>1.55</float>
            </index_of_refraction>
          </phong>
          <extra>
            <technique profile="FCOLLADA">
              <spec_level>
                <float>0</float>
              </spec_level>
            </technique>
          </extra>
        </technique>
      </profile_COMMON>
      <extra>
        <technique profile="FCOLLADA">
          <user_properties>chr341a01.png</user_properties>
        </technique>
      </extra>
    </effect>
  </library_effects>
  <library_geometries>
    <geometry id="Geometry" name="chr341">
      <mesh>
        <source id="GeometrySource" name="chr341Pos">
          <float_array id="GeometrySource-array" count="7170">0.006976 1.06598 0.583023 0.051024 1.05033 0.608703 0.007058 1.04748 0.571605 0.051106 1.03183 0.597284 0.038868 1.0214 0.611919 -0.005178 1.03705 0.58624 0 1.09831 0.605742 0.031293 1.08535 0.605742 0 1.11205 0.624651 0.041008 1.09506 0.624651 0.044255 1.05406 0.605742 0.057993 1.05406 0.624651 0.031293 1.02276 0.605742 0.041008 1.01305 0.624651 0 1.0098 0.605742 0 0.996063 0.624651 0 1.13428 0.605742 0.056726 1.11078 0.605742 0.056726 0.99733 0.605742 0.080223 1.05406 0.605742 0 0.973833 0.605742 0 1.11205 0.586832 0.041008 1.09506 0.586832 0.041008 1.01305 0.586832 0 0.996063 0.586832 0.057993 1.05406 0.586832 -0.031293 1.08535 0.605742 -0.041008 1.09506 0.624651 -0.044255 1.05406 0.605742 -0.057993 1.05406 0.624651 -0.031293 1.02276 0.605742 -0.041008 1.01305 0.624651 -0.056726 1.11078 0.605742 -0.056726 0.99733 0.605742 -0.080223 1.05406 0.605742 -0.041008 1.09506 0.586832 -0.041008 1.01305 0.586832 -0.057993 1.05406 0.586832 0 1.05442 0.608556 0.02353 1.05442 0.597974 0 1.07795 0.597974 -0.02353 1.05442 0.597974 -0.02353 1.05442 0.54464 0 1.07795 0.54464 0 1.03089 0.597974 0 1.03089 0.54464 0.02353 1.05442 0.54464 -0.006976 1.06598 0.583023 -0.007058 1.04748 0.571605 -0.051024 1.05033 0.608703 -0.051106 1.03183 0.597284 -0.038868 1.0214 0.611919 0.005178 1.03705 0.58624 0.015589 1.05649 0.584078 -0.000236 1.06372 0.571226 0.015589 1.10316 0.609853 -0.000236 1.1104 0.597001 -0.015076 1.05649 0.584571 -0.015076 1.10316 0.610346 0.160215 1.00117 0.481837 0.092482 1.08565 0.537716 0.092482 1.02318 0.537716 0.192765 0.990718 0.417994 0.160215 1.10766 0.481837 0.099002 0.916914 0.481837 0.057139 0.974532 0.537716 0 1.05442 0.55659 0 0.955967 0.537716 0.163618 0.934423 0.417994 0.119134 0.889375 0.417994 0 0.884748 0.481837 0.062495 0.860954 0.417994 0 0.850668 0.417994 -0.092482 1.08565 0.537716 -0.092482 1.02318 0.537716 -0.202244 1.05442 0.417994 -0.192765 0.990718 0.417994 -0.160215 1.00117 0.481837 -0.099002 0.916914 0.481837 -0.057139 0.974532 0.537716 -0.163618 0.934423 0.417994 -0.119134 0.889375 0.417994 -0.062495 0.860954 0.417994 0 1.60104 -0.201926 0.028248 1.60104 -0.230174 0 1.62793 -0.210756 0.019754 1.62793 -0.230511 0.019754 1.72275 -0.230511 0 1.72275 -0.210756 0.007505 1.75052 -0.230286 0 1.75052 -0.222783 0 1.60104 -0.258421 0 1.62793 -0.250266 0 1.72275 -0.250266 0 1.75052 -0.237793 -0.007505 1.75052 -0.230286 -0.019754 1.62793 -0.230511 -0.028248 1.60104 -0.230174 -0.019754 1.72275 -0.230511 0 1.61644 -0.220423 0 1.57047 -0.220423 0.010008 1.61644 -0.230431 0.010008 1.57047 -0.230431 0 1.61644 -0.240439 0 1.57047 -0.240439 -0.010008 1.61644 -0.230431 -0.010008 1.57047 -0.230431 0 1.60104 -0.119558 0.028248 1.60104 -0.147805 0 1.62793 -0.128391 0.019754 1.62793 -0.148143 0.019754 1.72275 -0.148143 0 1.72275 -0.128391 0.007505 1.75052 -0.147921 0 1.75052 -0.140418 0 1.60104 -0.176053 0 1.62793 -0.167897 0 1.72275 -0.167897 0 1.75052 -0.155428 -0.007505 1.75052 -0.147921 -0.019754 1.62793 -0.148143 -0.028248 1.60104 -0.147805 -0.019754 1.72275 -0.148143 0 1.61644 -0.138055 0 1.57047 -0.138055 0.010008 1.61644 -0.148066 0.010008 1.57047 -0.148066 0 1.61644 -0.158071 0 1.57047 -0.158071 -0.010008 1.61644 -0.148066 -0.010008 1.57047 -0.148066 0.246453 1.30171 -0.766779 0.290454 1.25903 -0.756076 0.255769 1.156 -0.730236 0.290454 1.19868 -0.740939 0.304213 1.3106 -0.702906 0.327591 1.24316 -0.703573 0.304213 1.17918 -0.66863 0.246406 1.14731 -0.65059 0.184228 1.156 -0.730236 0.183915 1.14731 -0.65059 0.127271 1.17918 -0.66863 0.246406 1.35349 -0.701108 0.184228 1.30171 -0.766779 0.183915 1.35349 -0.701108 0.140227 1.19868 -0.740939 0.104087 1.24316 -0.703573 0.140227 1.25903 -0.756076 0.127271 1.3106 -0.702906 0.388272 0.982168 0.118883 0.377384 0.993255 0.118883 0.415507 0.996833 0.103954 0.377384 1.02423 0.103954 0.377384 0.992761 0.161345 0.387837 0.981934 0.161345 0.388235 0.97476 0.118883 0.387741 0.97476 0.161345 0.387741 0.870904 0.161345 0.388235 0.870904 0.118883 0.419213 0.97476 0.103954 0.419213 0.870904 0.103954 0.419213 0.864705 0.103052 0.388235 0.857908 0.115535 0.419213 0.860036 0.099065 0.388235 0.848006 0.107894 0.388235 0.844645 0.09586 0.419213 0.859488 0.094255 0.388235 0.844773 -0.182148 0.419213 0.859701 -0.182148 0.404882 0.859701 -0.222667 0.378054 0.844773 -0.207178 0.330962 0.844773 -0.288768 0.354586 0.859701 -0.308477 0.318835 0.844773 -0.298824 0.330296 0.859701 -0.327603 0.190286 0.859701 -0.383364 0.178824 0.844773 -0.354585 0.160673 0.847682 -0.3631 0.178641 0.802311 -0.354126 0.136542 0.813677 -0.371137 0.077983 0.911421 -0.386222 0.178189 0.860633 -0.389708 0.090307 0.928619 -0.41348 0.072658 0.914935 -0.384919 0.075289 0.939272 -0.409277 0.052176 0.878974 -0.394751 0.047074 0.882327 -0.394044 0.043544 0.889106 -0.377891 0.067684 0.924035 -0.377185 0.051057 0.954127 -0.377929 0.318652 0.802311 -0.298365 0.330585 0.802311 -0.288454 0.377626 0.802311 -0.206931 0.387741 0.802311 -0.182148 0.387741 0.802439 0.100416 0.387741 0.813768 0.132971 0.387741 0.838672 0.151155 0.422204 0.830563 0.166188 0.422204 0.870904 0.179257 0.422204 0.97476 0.179257 0.418137 0.998249 0.179257 0.377384 1.02722 0.179257 0.422204 0.799325 0.143546 0.422204 0.784636 0.102337 0.422204 0.784399 -0.182148 0.407472 0.784399 -0.224163 0.356867 0.784399 -0.31038 0.331403 0.784399 -0.330382 0.191393 0.784399 -0.386143 0.136528 0.800453 -0.407657 0.044834 0.871556 -0.432333 0.029059 0.882881 -0.428854 0.005094 0.894418 -0.379306 0.060394 0.892742 -0.457846 0.035105 0.911027 -0.451438 -0.007947 0.928616 -0.37994 0.156945 0.817726 -0.432652 0.202651 0.80475 -0.414411 0.342661 0.80475 -0.35865 0.380071 0.80475 -0.329739 0.433823 0.80475 -0.239376 0.452632 0.80475 -0.182148 0.452632 0.804863 0.100155 0.452632 0.815735 0.131531 0.452632 0.839776 0.149107 0.452632 0.870904 0.158906 0.452632 0.97476 0.158906 0.444888 1.01265 0.158906 0.377384 1.05765 0.158906 0.377384 1.05578 0.123207 0.44324 1.01177 0.123207 0.450758 0.97476 0.123207 0.450758 0.870904 0.123207 0.450758 0.855948 0.119162 0.450758 0.844519 0.110448 0.450758 0.840347 0.096324 0.450758 0.840448 -0.182148 0.4322 0.840448 -0.238439 0.378642 0.840448 -0.328546 0.341968 0.840448 -0.356909 0.201957 0.840448 -0.41267 0.176562 0.846241 -0.423707 0.081924 0.919742 -0.448472 0.057127 0.937598 -0.441763 0.014213 0.956658 -0.379273 0.431982 1.03166 0.176883 0.398148 1.02781 0.196685 0.414459 1.06563 0.176883 0.390859 1.04172 0.196685 0.432355 1.00039 0.176883 0.398081 1.00039 0.196685 0.432355 0.810795 0.176883 0.398081 0.810795 0.196685 0.432355 0.796934 0.175496 0.398081 0.789258 0.193728 0.398081 0.774111 0.180685 0.432355 0.789783 0.168596 0.398081 0.76863 0.160875 0.432355 0.788395 0.1597 0.398081 0.768747 -0.189673 0.432355 0.78855 -0.189673 0.41263 0.78855 -0.226066 0.382947 0.768747 -0.208929 0.33336 0.768747 -0.291018 0.360616 0.78855 -0.311799 0.317566 0.768747 -0.305263 0.330781 0.78855 -0.336888 0.178394 0.768747 -0.363416 0.317556 0.729132 -0.305239 0.178384 0.729132 -0.363392 0.094106 0.768747 -0.361048 0.095508 0.78855 -0.395041 0.081842 0.790391 -0.395041 0.075158 0.771785 -0.360767 0.061095 0.791467 -0.360767 0.079892 0.797596 -0.395041 0.060987 0.829525 -0.360916 0.08079 0.831042 -0.396276 0.08079 0.857803 -0.379386 0.021372 0.829514 -0.360895 0.023492 0.779204 -0.36074 0 0.831041 -0.396222 0.00465 0.77306 -0.394987 0 0.857758 -0.379358 0.061786 0.734565 -0.36074 0.055087 0.715916 -0.394987 0.094105 0.729132 -0.361021 0.095506 0.709283 -0.394988 0.191588 0.709283 -0.394992 0.33076 0.709283 -0.336839 0.360574 0.709283 -0.311766 0.333338 0.729132 -0.291002 0.412584 0.709283 -0.22604 0.382924 0.729132 -0.208916 0.398055 0.729132 -0.189673 0.432302 0.709283 -0.189673 0.398055 0.729089 0.163226 0.432302 0.709278 0.164405 0.398055 0.742759 0.20487 0.432302 0.72705 0.216988 0.398055 0.773903 0.230203 0.432302 0.766209 0.248478 0.432302 0.810795 0.25615 0.398055 0.810795 0.236301 0.398055 1.00039 0.236301 0.432302 1.00039 0.25615 0.398121 1.02781 0.236301 0.431929 1.03166 0.25615 0.390842 1.0417 0.236301 0.409729 1.06559 0.25615 0.377216 1.04805 0.236301 0.377216 1.04808 0.196685 0.388348 1.08235 0.176883 0.366454 1.0823 0.25615 0.09691 0.729077 -0.429029 0.061768 0.734514 -0.42931 0.023439 0.779187 -0.42931 0.021317 0.829826 -0.430981 0.021317 0.886837 -0.397591 0.060949 0.829824 -0.431008 0.060949 0.88686 -0.397605 0.061059 0.791455 -0.429337 0.075145 0.77175 -0.429337 0.096911 0.768709 -0.429056 0.191608 0.78855 -0.395041 0.204831 0.768709 -0.426686 0.204821 0.729077 -0.426661 0.344004 0.768709 -0.368533 0.343993 0.729077 -0.368508 0.387868 0.729077 -0.332576 0.38789 0.768709 -0.332592 0.442308 0.729077 -0.243201 0.442331 0.768709 -0.243215 0.466625 0.729077 -0.189673 0.466652 0.768709 -0.189673 0.466625 0.729034 0.16323 0.466652 0.768591 0.160877 0.466625 0.742715 0.204904 0.466652 0.774081 0.180709 0.466652 0.789243 0.193764 0.466652 0.810795 0.196724 0.466625 0.773881 0.230253 0.466625 0.810795 0.236356 0.466625 1.00039 0.236356 0.466652 1.00039 0.196724 0.465814 1.0355 0.236356 0.465841 1.0355 0.196724 0.430972 1.08953 0.236356 0.433081 1.08955 0.196724 0.366454 1.11662 0.236356 0.376209 1.11665 0.196724 -0.390859 1.04172 0.196685 -0.398148 1.02781 0.196685 -0.414459 1.06563 0.176883 -0.431982 1.03166 0.176883 -0.432355 1.00039 0.176883 -0.398081 1.00039 0.196685 -0.432355 0.810795 0.176883 -0.398081 0.810795 0.196685 -0.432355 0.796934 0.175496 -0.398081 0.789258 0.193728 -0.398081 0.774111 0.180685 -0.432355 0.789783 0.168596 -0.398081 0.76863 0.160875 -0.432355 0.788395 0.1597 -0.398081 0.768747 -0.189673 -0.432355 0.78855 -0.189673 -0.41263 0.78855 -0.226066 -0.382947 0.768747 -0.208929 -0.33336 0.768747 -0.291018 -0.360616 0.78855 -0.311799 -0.317566 0.768747 -0.305263 -0.330781 0.78855 -0.336888 -0.178394 0.768747 -0.363416 -0.317556 0.729132 -0.305239 -0.178384 0.729132 -0.363392 -0.094106 0.768747 -0.361048 -0.095508 0.78855 -0.395041 -0.081842 0.790391 -0.395041 -0.075158 0.771785 -0.360767 -0.061095 0.791467 -0.360767 -0.079892 0.797596 -0.395041 -0.060987 0.829525 -0.360916 -0.08079 0.831042 -0.396276 -0.08079 0.857803 -0.379386 -0.021372 0.829514 -0.360895 -0.023492 0.779204 -0.36074 -0.00465 0.77306 -0.394987 -0.061786 0.734565 -0.36074 -0.055087 0.715916 -0.394987 -0.094105 0.729132 -0.361021 -0.095506 0.709283 -0.394988 -0.191588 0.709283 -0.394992 -0.33076 0.709283 -0.336839 -0.360574 0.709283 -0.311766 -0.333338 0.729132 -0.291002 -0.412584 0.709283 -0.22604 -0.382924 0.729132 -0.208916 -0.398055 0.729132 -0.189673 -0.432302 0.709283 -0.189673 -0.398055 0.729089 0.163226 -0.432302 0.709278 0.164405 -0.398055 0.742759 0.20487 -0.432302 0.72705 0.216988 -0.398055 0.773903 0.230203 -0.432302 0.766209 0.248478 -0.432302 0.810795 0.25615 -0.398055 0.810795 0.236301 -0.398055 1.00039 0.236301 -0.432302 1.00039 0.25615 -0.398121 1.02781 0.236301 -0.431929 1.03166 0.25615 -0.390842 1.0417 0.236301 -0.409729 1.06559 0.25615 -0.377216 1.04805 0.236301 -0.377216 1.04808 0.196685 -0.388348 1.08235 0.176883 -0.366454 1.0823 0.25615 -0.061768 0.734514 -0.42931 -0.09691 0.729077 -0.429029 -0.023439 0.779187 -0.42931 -0.021317 0.829826 -0.430981 -0.021317 0.886837 -0.397591 -0.060949 0.829824 -0.431008 -0.060949 0.88686 -0.397605 -0.061059 0.791455 -0.429337 -0.075145 0.77175 -0.429337 -0.096911 0.768709 -0.429056 -0.191608 0.78855 -0.395041 -0.204831 0.768709 -0.426686 -0.204821 0.729077 -0.426661 -0.344004 0.768709 -0.368533 -0.343993 0.729077 -0.368508 -0.387868 0.729077 -0.332576 -0.38789 0.768709 -0.332592 -0.442308 0.729077 -0.243201 -0.442331 0.768709 -0.243215 -0.466625 0.729077 -0.189673 -0.466652 0.768709 -0.189673 -0.466625 0.729034 0.16323 -0.466652 0.768591 0.160877 -0.466625 0.742715 0.204904 -0.466652 0.774081 0.180709 -0.466652 0.789243 0.193764 -0.466652 0.810795 0.196724 -0.466625 0.773881 0.230253 -0.466625 0.810795 0.236356 -0.466625 1.00039 0.236356 -0.466652 1.00039 0.196724 -0.465814 1.0355 0.236356 -0.465841 1.0355 0.196724 -0.430972 1.08953 0.236356 -0.433081 1.08955 0.196724 -0.366454 1.11662 0.236356 -0.376209 1.11665 0.196724 0.174256 1.05052 -0.545811 0.201126 1.07005 -0.545811 0.227997 1.05052 -0.545811 0.184519 1.01893 -0.545811 0.217733 1.01893 -0.545811 0.155583 1.05659 -0.478872 0.174256 1.05052 -0.450037 0.201126 1.08968 -0.478872 0.201126 1.07005 -0.450037 0.174256 1.05052 -0.545811 0.201126 1.07005 -0.545811 0.184519 1.01893 -0.450037 0.172978 1.00305 -0.478872 0.184519 1.01893 -0.545811 0.174256 1.05052 -0.340956 0.184519 1.01893 -0.340956 0.201126 1.07005 -0.340956 0.229274 1.00305 -0.478872 0.217733 1.01893 -0.450037 0.217733 1.01893 -0.545811 0.218662 1.01893 -0.340956 0.246669 1.05659 -0.478872 0.227997 1.05052 -0.450037 0.227997 1.05052 -0.545811 0.227997 1.05052 -0.340956 -0.246453 1.30171 -0.766779 -0.255769 1.156 -0.730236 -0.290454 1.25903 -0.756076 -0.290454 1.19868 -0.740939 -0.304213 1.3106 -0.702906 -0.327591 1.24316 -0.703573 -0.304213 1.17918 -0.66863 -0.246406 1.14731 -0.65059 -0.184228 1.156 -0.730236 -0.183915 1.14731 -0.65059 -0.127271 1.17918 -0.66863 -0.246406 1.35349 -0.701108 -0.184228 1.30171 -0.766779 -0.183915 1.35349 -0.701108 -0.140227 1.19868 -0.740939 -0.104087 1.24316 -0.703573 -0.140227 1.25903 -0.756076 -0.127271 1.3106 -0.702906 -0.377384 1.02423 0.103954 -0.377384 0.993255 0.118883 -0.415507 0.996833 0.103954 -0.388272 0.982168 0.118883 -0.377384 0.992761 0.161345 -0.387837 0.981934 0.161345 -0.388235 0.97476 0.118883 -0.387741 0.97476 0.161345 -0.387741 0.870904 0.161345 -0.388235 0.870904 0.118883 -0.419213 0.97476 0.103954 -0.419213 0.870904 0.103954 -0.419213 0.864705 0.103052 -0.388235 0.857908 0.115535 -0.419213 0.860036 0.099065 -0.388235 0.848006 0.107894 -0.388235 0.844645 0.09586 -0.419213 0.859488 0.094255 -0.388235 0.844773 -0.182148 -0.419213 0.859701 -0.182148 -0.404882 0.859701 -0.222667 -0.378054 0.844773 -0.207178 -0.330962 0.844773 -0.288768 -0.354586 0.859701 -0.308477 -0.318835 0.844773 -0.298824 -0.330296 0.859701 -0.327603 -0.190286 0.859701 -0.383364 -0.178824 0.844773 -0.354585 -0.160673 0.847682 -0.3631 -0.178641 0.802311 -0.354126 -0.136542 0.813677 -0.371137 -0.077983 0.911421 -0.386222 -0.178189 0.860633 -0.389708 -0.090307 0.928619 -0.41348 -0.072658 0.914935 -0.384919 -0.075289 0.939272 -0.409277 -0.052176 0.878974 -0.394751 -0.047074 0.882327 -0.394044 -0.043544 0.889106 -0.377891 -0.067684 0.924035 -0.377185 -0.051057 0.954127 -0.377929 -0.318652 0.802311 -0.298365 -0.330585 0.802311 -0.288454 -0.377626 0.802311 -0.206931 -0.387741 0.802311 -0.182148 -0.387741 0.802439 0.100416 -0.387741 0.813768 0.132971 -0.387741 0.838672 0.151155 -0.422204 0.830563 0.166188 -0.422204 0.870904 0.179257 -0.422204 0.97476 0.179257 -0.418137 0.998249 0.179257 -0.377384 1.02722 0.179257 -0.422204 0.799325 0.143546 -0.422204 0.784636 0.102337 -0.422204 0.784399 -0.182148 -0.407472 0.784399 -0.224163 -0.356867 0.784399 -0.31038 -0.331403 0.784399 -0.330382 -0.191393 0.784399 -0.386143 -0.136528 0.800453 -0.407657 -0.044834 0.871556 -0.432333 -0.029059 0.882881 -0.428854 -0.005094 0.894418 -0.379306 -0.060394 0.892742 -0.457846 -0.035105 0.911027 -0.451438 0.007947 0.928616 -0.37994 -0.156945 0.817726 -0.432652 -0.202651 0.80475 -0.414411 -0.342661 0.80475 -0.35865 -0.380071 0.80475 -0.329739 -0.433823 0.80475 -0.239376 -0.452632 0.80475 -0.182148 -0.452632 0.804863 0.100155 -0.452632 0.815735 0.131531 -0.452632 0.839776 0.149107 -0.452632 0.870904 0.158906 -0.452632 0.97476 0.158906 -0.444888 1.01265 0.158906 -0.377384 1.05765 0.158906 -0.377384 1.05578 0.123207 -0.44324 1.01177 0.123207 -0.450758 0.97476 0.123207 -0.450758 0.870904 0.123207 -0.450758 0.855948 0.119162 -0.450758 0.844519 0.110448 -0.450758 0.840347 0.096324 -0.450758 0.840448 -0.182148 -0.4322 0.840448 -0.238439 -0.378642 0.840448 -0.328546 -0.341968 0.840448 -0.356909 -0.201957 0.840448 -0.41267 -0.176562 0.846241 -0.423707 -0.081924 0.919742 -0.448472 -0.057127 0.937598 -0.441763 -0.014213 0.956658 -0.379273 -0.174256 1.05052 -0.545811 -0.227997 1.05052 -0.545811 -0.201126 1.07005 -0.545811 -0.184519 1.01893 -0.545811 -0.217733 1.01893 -0.545811 -0.155583 1.05659 -0.478872 -0.201126 1.08968 -0.478872 -0.174256 1.05052 -0.450037 -0.201126 1.07005 -0.450037 -0.174256 1.05052 -0.545811 -0.201126 1.07005 -0.545811 -0.184519 1.01893 -0.450037 -0.172978 1.00305 -0.478872 -0.184519 1.01893 -0.545811 -0.174256 1.05052 -0.340956 -0.184519 1.01893 -0.340956 -0.201126 1.07005 -0.340956 -0.217733 1.01893 -0.450037 -0.229274 1.00305 -0.478872 -0.217733 1.01893 -0.545811 -0.218662 1.01893 -0.340956 -0.246669 1.05659 -0.478872 -0.227997 1.05052 -0.450037 -0.227997 1.05052 -0.545811 -0.227997 1.05052 -0.340956 0.439547 1.1904 -0.144681 0.393297 1.1904 -0.119117 0.436879 1.23711 -0.124653 0.393297 1.22068 -0.106576 0.437162 1.14344 -0.124653 0.393297 1.16013 -0.106576 0.434105 1.12182 -0.076301 0.393297 1.14759 -0.076301 0.435922 1.25892 -0.076301 0.393297 1.23322 -0.076301 0.254694 1.23322 -0.076301 0.254694 1.1904 -0.119117 0.254694 1.14759 -0.076301 0.393297 1.16013 -0.046026 0.437162 1.14344 -0.027949 0.393297 1.1904 -0.033485 0.439547 1.1904 -0.00792 0.436879 1.23711 -0.027949 0.393297 1.22068 -0.046026 0.254694 1.1904 -0.033485 0.526149 1.10808 -0.217242 0.498012 1.05935 -0.153953 0.491356 1.14287 -0.217242 0.442623 1.11474 -0.153953 0.573676 1.03907 -0.153953 0.573676 1.09535 -0.217242 0.478621 1.1904 -0.217242 0.422348 1.1904 -0.153953 0.491356 1.23793 -0.217242 0.442623 1.26607 -0.153953 0.526149 1.27272 -0.217242 0.498012 1.32146 -0.153953 0.573676 1.28546 -0.217242 0.573676 1.34173 -0.153953 0.422803 1.1033 -0.076301 0.48657 1.03953 -0.076301 0.573676 1.01619 -0.076301 0.573676 1.36462 -0.076301 0.48657 1.34128 -0.076301 0.422803 1.27751 -0.076301 0.399463 1.1904 -0.076301 0.524798 1.16218 -0.264389 0.545456 1.14152 -0.264389 0.491356 1.14287 -0.217242 0.526149 1.10808 -0.217242 0.573676 1.13396 -0.264389 0.573676 1.09535 -0.217242 0.478621 1.1904 -0.217242 0.517236 1.1904 -0.264389 0.491356 1.23793 -0.217242 0.524798 1.21862 -0.264389 0.526149 1.27272 -0.217242 0.545456 1.23928 -0.264389 0.573676 1.28546 -0.217242 0.573676 1.24684 -0.264389 0.573676 1.1904 -0.182472 0.601896 1.14152 -0.264389 0.622555 1.16218 -0.264389 0.630116 1.1904 -0.264389 0.622555 1.21862 -0.264389 0.601896 1.23928 -0.264389 0.498012 1.05935 0.001351 0.526149 1.10808 0.06464 0.491356 1.14287 0.06464 0.442623 1.11474 0.001351 0.573676 1.03907 0.001351 0.573676 1.09535 0.06464 0.478621 1.1904 0.06464 0.422348 1.1904 0.001351 0.491356 1.23793 0.06464 0.442623 1.26607 0.001351 0.526149 1.27272 0.06464 0.498012 1.32146 0.001351 0.573676 1.28546 0.06464 0.573676 1.34173 0.001351 0.524798 1.16218 0.111787 0.491356 1.14287 0.06464 0.545456 1.14152 0.111787 0.526149 1.10808 0.06464 0.573676 1.13396 0.111787 0.573676 1.09535 0.06464 0.478621 1.1904 0.06464 0.517236 1.1904 0.111787 0.491356 1.23793 0.06464 0.524798 1.21862 0.111787 0.526149 1.27272 0.06464 0.545456 1.23928 0.111787 0.573676 1.28546 0.06464 0.573676 1.24684 0.111787 0.573676 1.1904 0.02987 0.601896 1.14152 0.111787 0.622555 1.16218 0.111787 0.630116 1.1904 0.111787 0.622555 1.21862 0.111787 0.601896 1.23928 0.111787 0.621204 1.10808 -0.217242 0.655997 1.14287 -0.217242 0.64934 1.05935 -0.153953 0.70473 1.11474 -0.153953 0.668731 1.1904 -0.217242 0.725004 1.1904 -0.153953 0.655997 1.23793 -0.217242 0.70473 1.26607 -0.153953 0.621204 1.27272 -0.217242 0.64934 1.32146 -0.153953 0.724549 1.1033 -0.076301 0.660783 1.03953 -0.076301 0.660783 1.34128 -0.076301 0.724549 1.27751 -0.076301 0.747889 1.1904 -0.076301 0.655997 1.14287 -0.217242 0.621204 1.10808 -0.217242 0.668731 1.1904 -0.217242 0.655997 1.23793 -0.217242 0.621204 1.27272 -0.217242 0.621204 1.10808 0.06464 0.64934 1.05935 0.001351 0.655997 1.14287 0.06464 0.70473 1.11474 0.001351 0.668731 1.1904 0.06464 0.725004 1.1904 0.001351 0.655997 1.23793 0.06464 0.70473 1.26607 0.001351 0.621204 1.27272 0.06464 0.64934 1.32146 0.001351 0.655997 1.14287 0.06464 0.621204 1.10808 0.06464 0.668731 1.1904 0.06464 0.655997 1.23793 0.06464 0.621204 1.27272 0.06464 0.546691 1.40103 -0.028432 0.519537 1.40103 -0.075463 0.558167 1.37808 -0.04831 0.54249 1.37808 -0.075463 0.546691 1.40103 -0.122494 0.558167 1.37808 -0.102616 0.600998 1.40103 -0.028432 0.589521 1.37808 -0.04831 0.628153 1.40103 -0.075463 0.6052 1.37808 -0.075463 0.600998 1.40103 -0.122494 0.589521 1.37808 -0.102616 0.546691 1.55444 -0.028432 0.558167 1.57739 -0.04831 0.54249 1.57739 -0.075463 0.519537 1.55444 -0.075463 0.558167 1.57739 -0.102616 0.546691 1.55444 -0.122494 0.573845 1.58579 -0.075463 0.589521 1.57739 -0.04831 0.600998 1.55444 -0.028432 0.589521 1.57739 -0.102616 0.600998 1.55444 -0.122494 0.6052 1.57739 -0.075463 0.628153 1.55444 -0.075463 0.558167 1.29063 -0.04831 0.54249 1.29063 -0.075463 0.558167 1.29063 -0.102616 0.589521 1.29063 -0.04831 0.6052 1.29063 -0.075463 0.589521 1.29063 -0.102616 0.543845 1.01538 -0.043682 0.530317 1.01481 -0.076619 0.543845 0.959078 -0.043682 0.530317 0.959079 -0.076619 0.57678 0.959079 -0.029882 0.57678 1.01596 -0.029882 0.609169 1.01538 -0.043682 0.609169 0.959078 -0.043682 0.622698 1.01481 -0.076619 0.622698 0.959079 -0.076619 0.609169 0.959079 -0.11031 0.609169 1.01538 -0.110311 0.57678 0.959078 -0.124111 0.57678 1.01596 -0.124111 0.543847 1.01538 -0.110311 0.543847 0.959079 -0.11031 0.628305 0.930346 -0.024213 0.57677 0.930346 -0.002257 0.524375 0.930346 -0.024213 0.502851 0.930347 -0.076619 0.649828 0.930347 -0.076619 0.524375 0.930346 -0.130222 0.57677 0.930346 -0.152175 0.628305 0.930346 -0.130222 0.616335 1.0487 -0.027329 0.534336 1.0487 -0.027329 0.504146 1.04488 -0.076619 0.647312 1.04488 -0.076619 0.534336 1.0487 -0.130586 0.616335 1.0487 -0.130586 0.528934 0.291673 -0.207643 0.533435 0.389339 -0.189022 0.597885 0.291673 -0.219802 0.580606 0.217394 -0.219802 0.528466 0.224219 -0.212131 0.518572 0.118935 -0.209334 0.488505 0.146219 -0.204547 0.602387 0.389339 -0.201908 0.554636 0.415517 -0.158778 0.597912 0.415517 -0.166868 0.548453 0.389339 -0.096783 0.548453 0.292572 -0.103113 0.546861 0.293918 -0.012052 0.546861 0.389339 -0.00509 0.508388 0.319651 0.056524 0.532845 0.271448 0.027376 0.548379 0.224219 -0.103112 0.548379 0.224219 0.000565 0.490605 0.226901 0.073596 0.507536 0.220601 0.05342 0.520048 0.216533 0.090954 0.536979 0.210235 0.070777 0.563062 0.415517 -0.016323 0.535329 0.415517 -0.092972 0.477746 0.457221 -0.091745 0.504159 0.457221 -0.171751 0.603802 0.457221 -0.180883 0.597912 0.415517 -0.166868 0.523358 0.457221 -0.001431 0.616975 0.457221 0.010098 0.603637 0.415517 -0.004695 0.504258 0.125649 -0.012914 0.504258 0.129105 -0.093436 0.534545 0.101642 -0.093438 0.534545 0.098186 -0.012914 0.500874 0.137396 -0.126985 0.518572 0.118935 -0.209334 0.531106 0.110173 -0.123882 0.600497 0.293918 0.032954 0.548379 0.224219 0.000565 0.601188 0.217395 0.000563 0.546861 0.293918 -0.012052 0.534545 0.098186 -0.012914 0.504258 0.125649 -0.012914 0.508388 0.319651 0.056524 0.548197 0.319651 0.087704 0.546861 0.389339 -0.00509 0.600497 0.389338 0.038952 0.520048 0.216533 0.090954 0.490605 0.226901 0.073596 0.603637 0.415517 -0.004695 0.563062 0.415517 -0.016323 0.572654 0.271448 0.058558 0.600497 0.293918 0.032954 0.548197 0.319651 0.087704 0.600497 0.389338 0.038952 0.520048 0.216533 0.090954 0.536979 0.210235 0.070777 0.616709 0.389338 -0.000875 0.616709 0.293526 -0.004619 0.618467 0.389339 -0.096783 0.618467 0.292571 -0.103113 0.602387 0.389339 -0.201908 0.597885 0.291673 -0.219802 0.601188 0.217395 -0.103113 0.580606 0.217394 -0.219802 0.601188 0.217395 0.000563 0.597912 0.415517 -0.166868 0.616167 0.415517 -0.092972 0.603637 0.415517 -0.004695 0.534545 0.101642 -0.093438 0.534545 0.098186 -0.012914 0.531106 0.110173 -0.123882 0.518572 0.118935 -0.209334 0.572654 0.271448 0.058558 0.532845 0.271448 0.027376 0.600497 0.293918 0.032954 0.546861 0.293918 -0.012052 0.536979 0.210235 0.070777 0.507536 0.220601 0.05342 0.661842 0.457221 -0.092457 0.616167 0.415517 -0.092972 0.601188 0.217395 -0.103113 0.534545 0.101642 -0.093438 0.548379 0.224219 -0.103112 0.504258 0.129105 -0.093436 0.601188 0.217395 -0.103113 0.548379 0.224219 -0.103112 0.531106 0.110173 -0.123882 0.500874 0.137396 -0.126985 -0.393297 1.22068 -0.106576 -0.393297 1.1904 -0.119117 -0.436879 1.23711 -0.124653 -0.439547 1.1904 -0.144681 -0.437162 1.14344 -0.124653 -0.393297 1.16013 -0.106576 -0.434105 1.12182 -0.076301 -0.393297 1.14759 -0.076301 -0.435922 1.25892 -0.076301 -0.393297 1.23322 -0.076301 -0.254694 1.23322 -0.076301 -0.254694 1.1904 -0.119117 -0.254694 1.14759 -0.076301 -0.393297 1.16013 -0.046026 -0.437162 1.14344 -0.027949 -0.393297 1.1904 -0.033485 -0.439547 1.1904 -0.00792 -0.436879 1.23711 -0.027949 -0.393297 1.22068 -0.046026 -0.254694 1.1904 -0.033485 -0.526149 1.10808 -0.217242 -0.491356 1.14287 -0.217242 -0.498012 1.05935 -0.153953 -0.442623 1.11474 -0.153953 -0.573676 1.03908 -0.153953 -0.573676 1.09535 -0.217242 -0.478621 1.1904 -0.217242 -0.422348 1.1904 -0.153953 -0.491356 1.23793 -0.217242 -0.442623 1.26607 -0.153953 -0.526149 1.27272 -0.217242 -0.498012 1.32146 -0.153953 -0.573676 1.28546 -0.217242 -0.573676 1.34173 -0.153953 -0.422803 1.1033 -0.076301 -0.48657 1.03953 -0.076301 -0.573676 1.01619 -0.076301 -0.573676 1.36461 -0.076301 -0.48657 1.34127 -0.076301 -0.422803 1.27751 -0.076301 -0.399463 1.1904 -0.076301 -0.524798 1.16218 -0.264389 -0.491356 1.14287 -0.217242 -0.545456 1.14152 -0.264389 -0.526149 1.10808 -0.217242 -0.573676 1.13396 -0.264389 -0.573676 1.09535 -0.217242 -0.478621 1.1904 -0.217242 -0.517236 1.1904 -0.264389 -0.491356 1.23793 -0.217242 -0.524798 1.21862 -0.264389 -0.526149 1.27272 -0.217242 -0.545456 1.23928 -0.264389 -0.573676 1.28546 -0.217242 -0.573676 1.24684 -0.264389 -0.573676 1.1904 -0.182472 -0.601896 1.14152 -0.264389 -0.622555 1.16218 -0.264389 -0.630116 1.1904 -0.264389 -0.622555 1.21862 -0.264389 -0.601896 1.23928 -0.264389 -0.498012 1.05935 0.001351 -0.526149 1.10808 0.06464 -0.491356 1.14287 0.06464 -0.442623 1.11474 0.001351 -0.573676 1.03908 0.001351 -0.573676 1.09535 0.06464 -0.478621 1.1904 0.06464 -0.422348 1.1904 0.001351 -0.491356 1.23793 0.06464 -0.442623 1.26607 0.001351 -0.526149 1.27272 0.06464 -0.498012 1.32146 0.001351 -0.573676 1.28546 0.06464 -0.573676 1.34173 0.001351 -0.524798 1.16218 0.111787 -0.545456 1.14152 0.111787 -0.491356 1.14287 0.06464 -0.526149 1.10808 0.06464 -0.573676 1.13396 0.111787 -0.573676 1.09535 0.06464 -0.478621 1.1904 0.06464 -0.517236 1.1904 0.111787 -0.491356 1.23793 0.06464 -0.524798 1.21862 0.111787 -0.526149 1.27272 0.06464 -0.545456 1.23928 0.111787 -0.573676 1.28546 0.06464 -0.573676 1.24684 0.111787 -0.573676 1.1904 0.02987 -0.601896 1.14152 0.111787 -0.622555 1.16218 0.111787 -0.630116 1.1904 0.111787 -0.622555 1.21862 0.111787 -0.601896 1.23928 0.111787 -0.621204 1.10808 -0.217242 -0.64934 1.05935 -0.153953 -0.655997 1.14287 -0.217242 -0.70473 1.11474 -0.153953 -0.668731 1.1904 -0.217242 -0.725004 1.1904 -0.153953 -0.655997 1.23793 -0.217242 -0.70473 1.26607 -0.153953 -0.621204 1.27272 -0.217242 -0.64934 1.32146 -0.153953 -0.724549 1.1033 -0.076301 -0.660783 1.03953 -0.076301 -0.660783 1.34127 -0.076301 -0.724549 1.27751 -0.076301 -0.747889 1.1904 -0.076301 -0.655997 1.14287 -0.217242 -0.621204 1.10808 -0.217242 -0.668731 1.1904 -0.217242 -0.655997 1.23793 -0.217242 -0.621204 1.27272 -0.217242 -0.621204 1.10808 0.06464 -0.64934 1.05935 0.001351 -0.655997 1.14287 0.06464 -0.70473 1.11474 0.001351 -0.668731 1.1904 0.06464 -0.725004 1.1904 0.001351 -0.655997 1.23793 0.06464 -0.70473 1.26607 0.001351 -0.621204 1.27272 0.06464 -0.64934 1.32146 0.001351 -0.655997 1.14287 0.06464 -0.621204 1.10808 0.06464 -0.668731 1.1904 0.06464 -0.655997 1.23793 0.06464 -0.621204 1.27272 0.06464 -0.546691 1.40103 -0.028432 -0.558167 1.37808 -0.04831 -0.519537 1.40103 -0.075463 -0.54249 1.37808 -0.075463 -0.546691 1.40103 -0.122494 -0.558167 1.37808 -0.102616 -0.600998 1.40103 -0.028432 -0.589521 1.37808 -0.04831 -0.628153 1.40103 -0.075463 -0.6052 1.37808 -0.075463 -0.600998 1.40103 -0.122494 -0.589521 1.37808 -0.102616 -0.546691 1.55444 -0.028432 -0.558167 1.57739 -0.04831 -0.54249 1.57739 -0.075463 -0.519537 1.55444 -0.075463 -0.558167 1.57739 -0.102616 -0.546691 1.55444 -0.122494 -0.573845 1.58579 -0.075463 -0.589521 1.57739 -0.04831 -0.600998 1.55444 -0.028432 -0.589521 1.57739 -0.102616 -0.600998 1.55444 -0.122494 -0.6052 1.57739 -0.075463 -0.628153 1.55444 -0.075463 -0.558167 1.29063 -0.04831 -0.54249 1.29063 -0.075463 -0.558167 1.29063 -0.102616 -0.589521 1.29063 -0.04831 -0.6052 1.29063 -0.075463 -0.589521 1.29063 -0.102616 -0.530317 0.959079 -0.076619 -0.530317 1.01481 -0.076619 -0.543844 0.959079 -0.043682 -0.543845 1.01538 -0.043682 -0.57678 0.959079 -0.029882 -0.57678 1.01596 -0.029882 -0.609169 1.01538 -0.043682 -0.609169 0.959078 -0.043682 -0.622698 1.01481 -0.076619 -0.622698 0.959079 -0.076619 -0.609169 0.959079 -0.11031 -0.609169 1.01538 -0.110311 -0.57678 0.959078 -0.124111 -0.57678 1.01596 -0.124111 -0.543847 1.01538 -0.110311 -0.543846 0.959079 -0.11031 -0.628304 0.930347 -0.024213 -0.57677 0.930347 -0.002257 -0.524375 0.930347 -0.024213 -0.502851 0.930347 -0.076619 -0.649828 0.930347 -0.076619 -0.524375 0.930347 -0.130222 -0.57677 0.930347 -0.152175 -0.628304 0.930346 -0.130222 -0.616335 1.0487 -0.027329 -0.534336 1.0487 -0.027329 -0.504146 1.04488 -0.076619 -0.647312 1.04488 -0.076619 -0.534336 1.0487 -0.130586 -0.616335 1.0487 -0.130586 -0.602387 0.389339 -0.201908 -0.533434 0.389339 -0.189022 -0.597885 0.291673 -0.219802 -0.554635 0.415517 -0.158778 -0.597912 0.415517 -0.166868 -0.528933 0.291674 -0.207643 -0.580606 0.217394 -0.219802 -0.528466 0.22422 -0.212131 -0.518572 0.118935 -0.209334 -0.488505 0.146219 -0.204547 -0.548453 0.389339 -0.096783 -0.535329 0.415517 -0.092972 -0.563062 0.415518 -0.016323 -0.54686 0.389339 -0.00509 -0.54686 0.293919 -0.012052 -0.508387 0.319651 0.056523 -0.532844 0.271448 0.027376 -0.548453 0.292572 -0.103113 -0.548379 0.224219 -0.103112 -0.548379 0.22422 0.000564 -0.490605 0.226901 0.073596 -0.507536 0.220601 0.05342 -0.520047 0.216533 0.090954 -0.536978 0.210235 0.070777 -0.504258 0.125649 -0.012914 -0.504258 0.129105 -0.093437 -0.534545 0.101642 -0.093438 -0.534545 0.098185 -0.012914 -0.500874 0.137396 -0.126985 -0.518572 0.118935 -0.209334 -0.531106 0.110173 -0.123882 -0.600496 0.293919 0.032953 -0.601188 0.217395 0.000562 -0.548379 0.22422 0.000564 -0.54686 0.293919 -0.012052 -0.534545 0.098185 -0.012914 -0.504258 0.125649 -0.012914 -0.600496 0.389339 0.038952 -0.548197 0.319651 0.087704 -0.54686 0.389339 -0.00509 -0.508387 0.319651 0.056523 -0.520047 0.216533 0.090954 -0.490605 0.226901 0.073596 -0.603637 0.415518 -0.004695 -0.563062 0.415518 -0.016323 -0.600496 0.389339 0.038952 -0.600496 0.293919 0.032953 -0.548197 0.319651 0.087704 -0.572654 0.271448 0.058558 -0.520047 0.216533 0.090954 -0.536978 0.210235 0.070777 -0.616709 0.389338 -0.000875 -0.616709 0.293526 -0.004619 -0.618467 0.389339 -0.096783 -0.618467 0.292572 -0.103113 -0.602387 0.389339 -0.201908 -0.597885 0.291673 -0.219802 -0.601188 0.217395 -0.103113 -0.580606 0.217394 -0.219802 -0.601188 0.217395 0.000562 -0.597912 0.415517 -0.166868 -0.616167 0.415517 -0.092972 -0.603637 0.415518 -0.004695 -0.534545 0.101642 -0.093438 -0.534545 0.098185 -0.012914 -0.531106 0.110173 -0.123882 -0.518572 0.118935 -0.209334 -0.54686 0.293919 -0.012052 -0.532844 0.271448 0.027376 -0.600496 0.293919 0.032953 -0.572654 0.271448 0.058558 -0.536978 0.210235 0.070777 -0.507536 0.220601 0.05342 -0.504158 0.457222 -0.171751 -0.603802 0.457221 -0.180883 -0.597912 0.415517 -0.166868 -0.477746 0.457221 -0.091745 -0.523358 0.457222 -0.001431 -0.616975 0.457222 0.010098 -0.603637 0.415518 -0.004695 -0.661842 0.457222 -0.092457 -0.616167 0.415517 -0.092972 -0.504258 0.129105 -0.093437 -0.534545 0.101642 -0.093438 -0.548379 0.224219 -0.103112 -0.601188 0.217395 -0.103113 -0.500874 0.137396 -0.126985 -0.548379 0.224219 -0.103112 -0.531106 0.110173 -0.123882 -0.601188 0.217395 -0.103113 0.167582 1.00117 0.487748 0.098621 1.08565 0.545157 0.098621 1.02318 0.545157 0.201359 0.990718 0.422376 0.167582 1.10766 0.487748 0.160215 1.00117 0.481837 0.092482 1.02318 0.537716 0.192765 0.990718 0.417994 -0.43962 1.14328 -0.35284 0 1.14328 -0.35284 -0.43962 1.23689 -0.29677 0 1.23689 -0.29677 0 1.09025 -0.448203 -0.43962 1.09025 -0.448203 0 1.092 -0.557306 -0.43962 1.092 -0.557306 0 1.14807 -0.650914 -0.43962 1.14807 -0.650914 0 1.24343 -0.703946 -0.43962 1.24343 -0.703946 0 1.35254 -0.702192 -0.43962 1.35254 -0.702192 -0.075172 1.36989 -0.691799 0 1.36911 -0.693504 0 1.44615 -0.646122 -0.143794 1.42039 -0.66155 -0.150967 1.44615 -0.646122 -0.174477 1.47826 -0.58838 0 1.49918 -0.550759 -0.17318 1.49918 -0.550759 0 1.49742 -0.441656 -0.176013 1.49742 -0.441656 0 1.44135 -0.348048 -0.198975 1.44135 -0.348048 0 1.34599 -0.295016 -0.232225 1.34599 -0.295016 0 1.23689 -0.29677 -0.43962 1.34599 -0.295016 -0.43962 1.23689 -0.29677 -0.43962 1.44135 -0.348048 -0.43962 1.49742 -0.441656 -0.43962 1.49918 -0.550759 -0.43962 1.44615 -0.646122 -0.391257 1.1552 -0.126114 -0.409546 1.11999 -0.065138 -0.32718 1.18697 -0.065138 -0.398266 1.1552 -0.004161 -0.407033 1.10157 0.094765 -0.370819 1.18697 0.09462 -0.377584 1.18697 0.008831 -0.368838 1.10157 0.241366 -0.335445 1.18697 0.236298 -0.384335 0.969838 0.243939 -0.422144 0.969838 0.094589 -0.376159 0.827893 0.238527 -0.340158 0.924157 0.325711 -0.334444 0.827893 0.316911 -0.410779 0.827893 0.093891 -0.420677 0.827893 -0.064573 -0.433471 0.969838 -0.065505 -0.315889 0.725475 0.301407 -0.344359 0.725475 0.229784 -0.386953 0.725475 -0.062698 -0.37752 0.725475 0.09103 -0.302339 0.640662 0.083039 -0.312503 0.640662 -0.064888 -0.159971 0.60023 -0.024385 -0.155306 0.60023 0.063884 -0.265645 0.640662 0.205357 -0.370244 0.725475 -0.179725 -0.262176 0.640662 -0.186424 -0.130511 0.60023 -0.114129 -0.121682 0.60023 0.155669 0 0.582043 0.023561 -0.175991 0.640662 0.309379 -0.254657 0.725475 0.357429 -0.121274 0.640662 -0.273078 -0.162949 0.725475 -0.34644 -0.314656 0.725475 -0.279662 -0.173964 0.827893 -0.375815 0 0.827893 -0.400406 0 0.725475 -0.369891 -0.335364 0.827593 -0.305892 -0.346345 0.968387 -0.326495 -0.41601 0.969838 -0.188306 -0.403467 0.827893 -0.185458 -0.1796 0.969838 -0.397639 -0.400433 1.10157 -0.188306 -0.338784 1.09856 -0.323012 -0.363695 1.18697 -0.188306 -0.31563 1.18697 -0.306252 -0.173635 1.10157 -0.393627 -0.167588 1.18697 -0.376508 0 1.10157 -0.418784 0 1.1876 -0.401666 0 0.969838 -0.422797 -0.323346 1.24609 -0.306254 -0.363434 1.24609 -0.185557 -0.308252 1.31297 -0.282361 -0.221633 1.37157 -0.282391 -0.167879 1.37074 -0.282972 -0.338012 1.31297 -0.182103 -0.368935 1.18697 -0.139107 -0.363434 1.23633 -0.124406 -0.365561 1.26081 -0.065138 -0.371663 1.23633 -0.005868 -0.362682 1.24609 0.094609 -0.33474 1.24609 0.237871 -0.333116 1.31297 0.094597 -0.313961 1.31297 0.233838 -0.264805 1.35349 0.206348 -0.274814 1.36668 0.084032 -0.208452 1.37388 0.181209 -0.21419 1.38669 0.07604 -0.238941 1.34423 0.267161 -0.277324 1.31297 0.306621 -0.186931 1.32858 0.327093 -0.157966 1.33751 0.283222 -0.188439 1.35617 0.233473 -0.21448 1.31297 0.361295 -0.233077 1.24609 0.378328 -0.147123 1.25709 0.441311 -0.176914 1.1876 0.415262 -0.243996 1.18697 0.379294 -0.194382 1.10157 0.424942 0 1.10157 0.467357 0 1.1876 0.443516 -0.265561 1.10157 0.388178 -0.305134 1.18697 0.316642 -0.32817 1.10157 0.323177 -0.202612 1.01552 0.42746 -0.275516 1.01552 0.393246 -0.125128 1.30965 0.397923 -0.339754 1.01552 0.329712 0 1.01552 0.474072 -0.296054 1.24609 0.318366 0 0.923994 0.470751 -0.202427 0.923994 0.424047 -0.196165 0.827731 0.414886 0 0.827731 0.45336 -0.183744 0.725475 0.390183 0 0.725475 0.421964 0 0.640663 0.341087 0 0.60023 0.200776 -0.158357 1.47307 0.240026 -0.17451 1.41526 0.237236 -0.125017 1.46413 0.294957 -0.135808 1.40344 0.306057 -0.116657 1.4952 0.279723 -0.079135 1.50162 0.299385 -0.081061 1.46604 0.332195 0 1.50266 0.315329 0 1.4654 0.350157 -0.129709 1.51313 0.241267 -0.084787 1.40727 0.367515 0 1.40727 0.387581 -0.143022 1.39103 0.295292 -0.188439 1.35617 0.233473 -0.157966 1.33751 0.283222 -0.077421 1.52982 0.251517 0 1.53612 0.25998 -0.141023 1.52713 0.18268 -0.075992 1.55851 0.175678 -0.139624 1.53507 -0.064255 -0.177344 1.48855 -0.064255 -0.174349 1.48102 0.184382 -0.175827 1.49548 -0.353249 -0.135982 1.54035 -0.35298 -0.135982 1.54035 -0.573234 -0.175827 1.49396 -0.573523 -0.107277 1.50161 -0.659456 -0.133948 1.47105 -0.659725 -0.194608 1.43669 -0.064255 -0.190911 1.42973 0.18275 -0.075633 1.56647 -0.064255 0 1.56693 0.165447 0 1.57487 -0.064255 -0.075279 1.5743 -0.352799 0 1.58296 -0.352526 0 1.57498 -0.572751 -0.076815 1.5694 -0.573042 -0.066556 1.52435 -0.659276 0 1.52824 -0.659004 -0.066556 1.47089 -0.696865 -0.14287 1.43699 -0.660026 -0.191233 1.44491 -0.573845 -0.143834 1.3993 -0.660549 -0.198034 1.39828 -0.574409 -0.197854 1.44279 -0.353549 -0.212768 1.39762 -0.354071 -0.21419 1.39762 -0.188993 -0.21419 1.39165 -0.064122 0 1.47089 -0.700696 -0.066556 1.40439 -0.708308 0 1.40439 -0.712139 0 1.36911 -0.693504 -0.067002 1.36996 -0.690768 -0.21419 1.38669 0.07604 -0.208452 1.37388 0.181209 -0.274325 1.37407 -0.187279 -0.21419 1.39762 -0.188993 -0.21419 1.39165 -0.064122 -0.27483 1.37019 -0.064762 -0.338007 1.31297 -0.065088 -0.212768 1.39762 -0.354071 -0.3383 0.871349 0.378846 -0.3383 0.746138 0.378846 -0.3383 0.977676 0.378846 -0.248774 0.871361 0.437368 -0.248774 0.746138 0.437368 -0.248774 0.977676 0.437368 -0.121739 1.39172 0.274348 -0.13267 1.33632 0.270093 0 1.39397 0.310965 -0.091043 1.24115 0.406234 0 1.23327 0.425944 -0.091043 1.24608 0.461363 0 1.23849 0.473227 0 1.30965 0.40995 0 1.3344 0.313495 -0.13267 1.33632 0.270093 0 1.3344 0.313495 0 1.39397 0.310965 -0.121739 1.39172 0.274348 -0.13267 1.33632 0.270093 0 0.640663 -0.290482 0 0.60023 -0.189229 -0.49381 1.33968 -0.657119 -0.49381 1.41247 -0.613516 -0.43962 1.35254 -0.702192 -0.43962 1.44615 -0.646122 -0.49381 1.25484 -0.658484 -0.43962 1.24343 -0.703946 -0.49381 1.18068 -0.617243 -0.43962 1.14807 -0.650914 -0.49381 1.13707 -0.544448 -0.43962 1.092 -0.557306 -0.49381 1.13571 -0.459605 -0.43962 1.09025 -0.448203 -0.49381 1.17695 -0.385446 -0.43962 1.14328 -0.35284 -0.49381 1.24974 -0.341843 -0.43962 1.23689 -0.29677 -0.49381 1.33459 -0.340479 -0.43962 1.34599 -0.295016 -0.49381 1.40875 -0.381719 -0.43962 1.44135 -0.348048 -0.49381 1.45235 -0.454514 -0.43962 1.49742 -0.441656 -0.49381 1.45371 -0.539357 -0.43962 1.49918 -0.550759 -0.531484 1.38468 -0.549512 -0.531484 1.3972 -0.470247 -0.550267 1.29471 -0.499481 -0.531484 1.32395 -0.601966 -0.531484 1.24468 -0.589447 -0.531484 1.19223 -0.528715 -0.531484 1.20475 -0.44945 -0.531484 1.26548 -0.396997 -0.531484 1.34474 -0.409516 0.43962 1.14328 -0.35284 0.43962 1.23689 -0.29677 0.43962 1.09025 -0.448203 0.43962 1.092 -0.557306 0.43962 1.14807 -0.650914 0.43962 1.24343 -0.703946 0.43962 1.35254 -0.702192 0.075172 1.36989 -0.691799 0.143794 1.42039 -0.66155 0.150967 1.44615 -0.646122 0.174477 1.47826 -0.58838 0.17318 1.49918 -0.550759 0.176013 1.49742 -0.441656 0.198975 1.44135 -0.348048 0.232225 1.34599 -0.295016 0.43962 1.34599 -0.295016 0.43962 1.23689 -0.29677 0.43962 1.44135 -0.348048 0.43962 1.49742 -0.441656 0.43962 1.49918 -0.550759 0.43962 1.44615 -0.646122 0.391257 1.1552 -0.126114 0.32718 1.18697 -0.065138 0.409546 1.11999 -0.065138 0.398266 1.1552 -0.004161 0.407033 1.10157 0.094765 0.370819 1.18697 0.09462 0.377584 1.18697 0.008831 0.368838 1.10157 0.241366 0.335445 1.18697 0.236298 0.384335 0.969838 0.243939 0.422144 0.969838 0.094589 0.376159 0.827893 0.238527 0.340158 0.924157 0.325711 0.334444 0.827893 0.316911 0.410779 0.827893 0.093891 0.420677 0.827893 -0.064573 0.433471 0.969838 -0.065505 0.315889 0.725475 0.301407 0.344359 0.725475 0.229784 0.386953 0.725475 -0.062698 0.37752 0.725475 0.09103 0.302339 0.640662 0.083039 0.312503 0.640662 -0.064888 0.159971 0.60023 -0.024385 0.155306 0.60023 0.063884 0.265645 0.640662 0.205357 0.370244 0.725475 -0.179725 0.262176 0.640662 -0.186424 0.130511 0.60023 -0.114129 0.121682 0.60023 0.155669 0.175991 0.640662 0.309379 0.254657 0.725475 0.357429 0.121274 0.640662 -0.273078 0.162949 0.725475 -0.34644 0.314656 0.725475 -0.279662 0.173964 0.827893 -0.375815 0.335364 0.827593 -0.305892 0.346345 0.968387 -0.326495 0.41601 0.969838 -0.188306 0.403467 0.827893 -0.185458 0.1796 0.969838 -0.397639 0.400433 1.10157 -0.188306 0.338784 1.09856 -0.323012 0.363695 1.18697 -0.188306 0.31563 1.18697 -0.306252 0.173635 1.10157 -0.393627 0.167588 1.18697 -0.376508 0.323346 1.24609 -0.306254 0.363434 1.24609 -0.185557 0.308252 1.31297 -0.282361 0.221633 1.37157 -0.282391 0.167879 1.37074 -0.282972 0.338012 1.31297 -0.182103 0.368935 1.18697 -0.139107 0.363434 1.23633 -0.124406 0.365561 1.26081 -0.065138 0.371663 1.23633 -0.005868 0.362682 1.24609 0.094609 0.33474 1.24609 0.237871 0.333116 1.31297 0.094597 0.313961 1.31297 0.233838 0.264805 1.35349 0.206348 0.274814 1.36668 0.084032 0.208452 1.37388 0.181209 0.21419 1.38669 0.07604 0.238941 1.34423 0.267161 0.277324 1.31297 0.306621 0.186931 1.32858 0.327093 0.157966 1.33751 0.283222 0.188439 1.35617 0.233473 0.21448 1.31297 0.361295 0.233077 1.24609 0.378328 0.147123 1.25709 0.441311 0.176914 1.1876 0.415262 0.243996 1.18697 0.379294 0.194382 1.10157 0.424942 0.265561 1.10157 0.388178 0.305134 1.18697 0.316642 0.32817 1.10157 0.323177 0.202612 1.01552 0.42746 0.275516 1.01552 0.393246 0.125128 1.30965 0.397923 0.339754 1.01552 0.329712 0.296054 1.24609 0.318366 0.202427 0.923994 0.424047 0.196165 0.827731 0.414886 0.183744 0.725475 0.390183 0.135808 1.40344 0.306057 0.17451 1.41526 0.237236 0.125017 1.46413 0.294957 0.158357 1.47307 0.240026 0.116657 1.4952 0.279723 0.079135 1.50162 0.299385 0.081061 1.46604 0.332195 0.129709 1.51313 0.241267 0.084787 1.40727 0.367515 0.143022 1.39103 0.295292 0.188439 1.35617 0.233473 0.157966 1.33751 0.283222 0.077421 1.52982 0.251517 0.141023 1.52713 0.18268 0.075992 1.55851 0.175678 0.139624 1.53507 -0.064255 0.177344 1.48855 -0.064255 0.174349 1.48102 0.184382 0.175827 1.49548 -0.353249 0.135982 1.54035 -0.35298 0.135982 1.54035 -0.573234 0.175827 1.49396 -0.573523 0.107277 1.50161 -0.659456 0.133948 1.47105 -0.659725 0.194608 1.43669 -0.064255 0.190911 1.42973 0.18275 0.075633 1.56647 -0.064255 0.075279 1.5743 -0.352799 0.076815 1.5694 -0.573042 0.066556 1.52435 -0.659276 0.066556 1.47089 -0.696865 0.14287 1.43699 -0.660026 0.191233 1.44491 -0.573845 0.143834 1.3993 -0.660549 0.198034 1.39828 -0.574409 0.197854 1.44279 -0.353549 0.212768 1.39762 -0.354071 0.21419 1.39762 -0.188993 0.21419 1.39165 -0.064122 0.066556 1.40439 -0.708308 0.067002 1.36996 -0.690768 0.21419 1.38669 0.07604 0.208452 1.37388 0.181209 0.27483 1.37019 -0.064762 0.274325 1.37407 -0.187279 0.21419 1.39165 -0.064122 0.21419 1.39762 -0.188993 0.338007 1.31297 -0.065088 0.212768 1.39762 -0.354071 0.3383 0.871349 0.378846 0.3383 0.746138 0.378846 0.3383 0.977676 0.378846 0.248774 0.977676 0.437368 0.248774 0.871361 0.437368 0.248774 0.746138 0.437368 0.121739 1.39172 0.274348 0.13267 1.33632 0.270093 0.091043 1.24608 0.461363 0.091043 1.24115 0.406234 0.13267 1.33632 0.270093 0.121739 1.39172 0.274348 0.13267 1.33632 0.270093 0.49381 1.33968 -0.657119 0.43962 1.35254 -0.702192 0.49381 1.41247 -0.613516 0.43962 1.44615 -0.646122 0.49381 1.25484 -0.658484 0.43962 1.24343 -0.703946 0.49381 1.18068 -0.617243 0.43962 1.14807 -0.650914 0.49381 1.13707 -0.544448 0.43962 1.092 -0.557306 0.49381 1.13571 -0.459605 0.43962 1.09025 -0.448203 0.49381 1.17695 -0.385446 0.43962 1.14328 -0.35284 0.49381 1.24974 -0.341843 0.43962 1.23689 -0.29677 0.49381 1.33459 -0.340479 0.43962 1.34599 -0.295016 0.49381 1.40875 -0.381719 0.43962 1.44135 -0.348048 0.49381 1.45235 -0.454514 0.43962 1.49742 -0.441656 0.49381 1.45371 -0.539357 0.43962 1.49918 -0.550759 0.531484 1.38468 -0.549512 0.531484 1.3972 -0.470247 0.550267 1.29471 -0.499481 0.531484 1.32395 -0.601966 0.531484 1.24468 -0.589447 0.531484 1.19223 -0.528715 0.531484 1.20475 -0.44945 0.531484 1.26548 -0.396997 0.531484 1.34474 -0.409516 -0.573845 0.418604 0.029718 -0.573845 0.418604 -0.180644 -0.539778 0.418604 0.029718 -0.539778 0.418604 -0.075463 -0.539778 0.418604 -0.180644 -0.573845 0.424555 0.054901 -0.517165 0.424555 0.043035 -0.573845 0.437125 0.077059 -0.497583 0.437125 0.056624 -0.468186 0.420507 -0.00899 -0.441756 0.437125 0.000797 -0.445397 0.420507 -0.075463 -0.421322 0.437125 -0.075463 -0.441756 0.437125 -0.151724 -0.468186 0.420507 -0.141936 -0.497583 0.437125 -0.207552 -0.517165 0.424555 -0.193962 -0.573845 0.437125 -0.227986 -0.573845 0.424555 -0.205828 -0.484571 0.40096 -0.075463 -0.494689 0.40096 -0.016964 -0.494689 0.40096 -0.133963 -0.539778 0.402882 0.011887 -0.539778 0.402882 -0.075463 -0.539778 0.402882 -0.162814 -0.607912 0.418604 -0.180644 -0.607912 0.418604 -0.075463 -0.607912 0.418604 0.029718 -0.630524 0.424555 0.043035 -0.650106 0.437125 0.056624 -0.679503 0.420507 -0.00899 -0.705933 0.437125 0.000797 -0.702292 0.420507 -0.075463 -0.726367 0.437125 -0.075463 -0.705933 0.437125 -0.151724 -0.679503 0.420507 -0.141936 -0.650106 0.437125 -0.207552 -0.630524 0.424555 -0.193962 -0.663118 0.40096 -0.075463 -0.653 0.40096 -0.016964 -0.653 0.40096 -0.133963 -0.607912 0.402882 0.011887 -0.607912 0.402882 -0.075463 -0.607912 0.402882 -0.162814 -0.403621 0.56318 -0.075463 -0.37809 0.560915 -0.075463 -0.426427 0.56318 -0.160575 -0.404316 0.560915 -0.17334 -0.488733 0.56318 -0.222881 -0.475967 0.560915 -0.244991 -0.573845 0.56318 -0.245687 -0.573845 0.560915 -0.271218 -0.426427 0.56318 0.009648 -0.404316 0.560915 0.022413 -0.488733 0.56318 0.071954 -0.475967 0.560915 0.094065 -0.573845 0.56318 0.09476 -0.573845 0.560915 0.120291 -0.475967 0.43939 -0.244991 -0.573845 0.43939 -0.271218 -0.404316 0.43939 -0.17334 -0.37809 0.43939 -0.075463 -0.404316 0.43939 0.022413 -0.475967 0.43939 0.094065 -0.573845 0.43939 0.120291 -0.421322 0.437125 -0.075463 -0.441756 0.437125 -0.151724 -0.497583 0.437125 -0.207552 -0.573845 0.437125 -0.227986 -0.441756 0.437125 0.000797 -0.497583 0.437125 0.056624 -0.573845 0.437125 0.077059 -0.744068 0.56318 -0.075463 -0.721262 0.56318 -0.160575 -0.769599 0.560915 -0.075463 -0.743373 0.560915 -0.17334 -0.658956 0.56318 -0.222881 -0.671722 0.560915 -0.244991 -0.721262 0.56318 0.009648 -0.743373 0.560915 0.022413 -0.658956 0.56318 0.071954 -0.671722 0.560915 0.094065 -0.671722 0.43939 -0.244991 -0.743373 0.43939 -0.17334 -0.769599 0.43939 -0.075463 -0.743373 0.43939 0.022413 -0.671722 0.43939 0.094065 -0.726367 0.437125 -0.075463 -0.705933 0.437125 -0.151724 -0.650106 0.437125 -0.207552 -0.705933 0.437125 0.000797 -0.650106 0.437125 0.056624 -0.573845 0.56318 -0.245687 -0.573845 0.900409 -0.196539 -0.488733 0.56318 -0.222881 -0.513307 0.900409 -0.180318 -0.426427 0.56318 -0.160575 -0.46899 0.900409 -0.136001 -0.403621 0.56318 -0.075463 -0.452768 0.900409 -0.075463 -0.658956 0.56318 -0.222881 -0.634383 0.900409 -0.180318 -0.721262 0.56318 -0.160575 -0.6787 0.900409 -0.136001 -0.744068 0.56318 -0.075463 -0.694921 0.900409 -0.075463 -0.573845 0.915342 -0.180685 -0.521234 0.915342 -0.166588 -0.48272 0.915342 -0.128074 -0.468623 0.915342 -0.075463 -0.573845 0.930464 -0.1523 -0.535426 0.930464 -0.142006 -0.507302 0.930464 -0.113882 -0.497008 0.930464 -0.075463 -0.626456 0.915342 -0.166588 -0.664969 0.915342 -0.128074 -0.679066 0.915342 -0.075463 -0.612263 0.930464 -0.142006 -0.640387 0.930464 -0.113882 -0.650681 0.930464 -0.075463 -0.573845 0.56318 0.09476 -0.488733 0.56318 0.071954 -0.573845 0.900409 0.045613 -0.513307 0.900409 0.029392 -0.426427 0.56318 0.009648 -0.46899 0.900409 -0.014925 -0.658956 0.56318 0.071954 -0.634383 0.900409 0.029392 -0.721262 0.56318 0.009648 -0.6787 0.900409 -0.014925 -0.573845 0.915342 0.029759 -0.521234 0.915342 0.015661 -0.48272 0.915342 -0.022852 -0.573845 0.930464 0.001373 -0.535426 0.930464 -0.008919 -0.507302 0.930464 -0.037045 -0.626456 0.915342 0.015661 -0.664969 0.915342 -0.022852 -0.612263 0.930464 -0.008919 -0.640387 0.930464 -0.037045 -0.573845 0.930464 -0.1523 -0.573845 0.930464 0.001373 -0.535426 0.930464 -0.142006 -0.535426 0.930464 -0.008919 -0.507302 0.930464 -0.037045 -0.497008 0.930464 -0.075463 -0.507302 0.930464 -0.113882 -0.612263 0.930464 -0.142006 -0.640387 0.930464 -0.113882 -0.650681 0.930464 -0.075463 -0.640387 0.930464 -0.037045 -0.612263 0.930464 -0.008919 0.573845 0.418604 -0.180644 0.573845 0.418604 0.029718 0.539778 0.418604 -0.180644 0.539778 0.418604 -0.075463 0.539778 0.418604 0.029718 0.573845 0.424555 0.054901 0.517166 0.424555 0.043035 0.573845 0.437124 0.077059 0.497584 0.437124 0.056624 0.468186 0.420507 -0.00899 0.441756 0.437124 0.000797 0.445398 0.420507 -0.075463 0.421322 0.437124 -0.075463 0.441756 0.437124 -0.151724 0.468186 0.420507 -0.141936 0.497584 0.437124 -0.207552 0.517166 0.424555 -0.193961 0.573845 0.437124 -0.227986 0.573845 0.424555 -0.205828 0.484571 0.40096 -0.075463 0.494689 0.40096 -0.016964 0.494689 0.40096 -0.133963 0.539778 0.402882 0.011888 0.539778 0.402882 -0.075463 0.539778 0.402882 -0.162814 0.607912 0.418604 0.029718 0.607912 0.418604 -0.075463 0.607912 0.418604 -0.180644 0.630524 0.424555 0.043035 0.650106 0.437124 0.056624 0.679504 0.420507 -0.00899 0.705933 0.437124 0.000797 0.702292 0.420507 -0.075463 0.726367 0.437124 -0.075463 0.705933 0.437124 -0.151724 0.679504 0.420507 -0.141936 0.650106 0.437124 -0.207552 0.630524 0.424555 -0.193961 0.663118 0.40096 -0.075463 0.653 0.40096 -0.016964 0.653 0.40096 -0.133963 0.607912 0.402882 0.011888 0.607912 0.402882 -0.075463 0.607912 0.402882 -0.162814 0.403621 0.56318 -0.075463 0.426427 0.56318 -0.160575 0.378091 0.560915 -0.075463 0.404317 0.560915 -0.17334 0.488733 0.56318 -0.222881 0.475968 0.560915 -0.244991 0.573845 0.56318 -0.245687 0.573845 0.560915 -0.271218 0.426427 0.56318 0.009648 0.404317 0.560915 0.022414 0.488733 0.56318 0.071955 0.475968 0.560915 0.094065 0.573845 0.56318 0.09476 0.573845 0.560915 0.120291 0.475968 0.43939 -0.244991 0.573845 0.43939 -0.271218 0.404317 0.43939 -0.17334 0.378091 0.43939 -0.075463 0.404317 0.43939 0.022414 0.475968 0.43939 0.094065 0.573845 0.43939 0.120291 0.421322 0.437124 -0.075463 0.441756 0.437124 -0.151724 0.497584 0.437124 -0.207552 0.573845 0.437124 -0.227986 0.441756 0.437124 0.000797 0.497584 0.437124 0.056624 0.573845 0.437124 0.077059 0.744068 0.56318 -0.075463 0.769599 0.560915 -0.075463 0.721263 0.56318 -0.160575 0.743373 0.560915 -0.17334 0.658957 0.56318 -0.222881 0.671722 0.560915 -0.244991 0.721263 0.56318 0.009648 0.743373 0.560915 0.022414 0.658957 0.56318 0.071955 0.671722 0.560915 0.094065 0.671722 0.43939 -0.244991 0.743373 0.43939 -0.17334 0.769599 0.43939 -0.075463 0.743373 0.43939 0.022414 0.671722 0.43939 0.094065 0.726367 0.437124 -0.075463 0.705933 0.437124 -0.151724 0.650106 0.437124 -0.207552 0.705933 0.437124 0.000797 0.650106 0.437124 0.056624 0.573845 0.56318 -0.245687 0.488733 0.56318 -0.222881 0.573845 0.900409 -0.196539 0.513307 0.900409 -0.180318 0.426427 0.56318 -0.160575 0.46899 0.900409 -0.136001 0.403621 0.56318 -0.075463 0.452769 0.900409 -0.075463 0.658957 0.56318 -0.222881 0.634383 0.900409 -0.180318 0.721263 0.56318 -0.160575 0.6787 0.900409 -0.136001 0.744068 0.56318 -0.075463 0.694921 0.900409 -0.075463 0.573845 0.915341 -0.180685 0.521234 0.915341 -0.166588 0.48272 0.915341 -0.128074 0.468623 0.915341 -0.075463 0.573845 0.930463 -0.1523 0.535426 0.930463 -0.142006 0.507302 0.930463 -0.113882 0.497008 0.930463 -0.075463 0.626456 0.915341 -0.166588 0.66497 0.915341 -0.128074 0.679067 0.915341 -0.075463 0.612263 0.930463 -0.142006 0.640387 0.930463 -0.113882 0.650682 0.930463 -0.075463 0.573845 0.56318 0.09476 0.573845 0.900409 0.045613 0.488733 0.56318 0.071955 0.513307 0.900409 0.029392 0.426427 0.56318 0.009648 0.46899 0.900409 -0.014925 0.658957 0.56318 0.071955 0.634383 0.900409 0.029392 0.721263 0.56318 0.009648 0.6787 0.900409 -0.014925 0.573845 0.915341 0.029759 0.521234 0.915341 0.015661 0.48272 0.915341 -0.022852 0.573845 0.930463 0.001373 0.535426 0.930463 -0.008919 0.507302 0.930463 -0.037045 0.626456 0.915341 0.015661 0.66497 0.915341 -0.022852 0.612263 0.930463 -0.008919 0.640387 0.930463 -0.037045 0.573845 0.930463 -0.1523 0.535426 0.930463 -0.142006 0.573845 0.930463 0.001373 0.507302 0.930463 -0.113882 0.497008 0.930463 -0.075463 0.507302 0.930463 -0.037045 0.535426 0.930463 -0.008919 0.612263 0.930463 -0.142006 0.612263 0.930463 -0.008919 0.640387 0.930463 -0.037045 0.650682 0.930463 -0.075463 0.640387 0.930463 -0.113882 -0.352299 0.00417 0.459717 -0.402252 0.00417 0.134084 -0.133096 0.00417 0.459717 -0.076619 0.00417 0.134084 -0.076619 0.095894 0.126422 -0.076619 0.00417 0.134084 -0.402252 0.095894 0.126422 -0.402252 0.00417 0.134084 -0.118684 0.123078 0.111468 -0.364861 0.123078 0.111468 -0.133096 0.00417 0.459717 -0.076619 0.00417 0.134084 -0.133096 0.099725 0.440562 -0.076619 0.095894 0.126422 -0.133096 0.099725 0.440562 -0.352299 0.099725 0.440562 -0.133096 0.00417 0.459717 -0.352299 0.00417 0.459717 -0.402252 0.095894 0.126422 -0.402252 0.00417 0.134084 -0.352299 0.099725 0.440562 -0.352299 0.00417 0.459717 -0.148584 0.227664 0.121046 -0.330756 0.227664 0.121046 -0.181358 0.175562 0.371859 -0.29977 0.175562 0.371859 -0.322988 0.123078 0.389099 -0.364861 0.123078 0.111468 -0.133096 0.099725 0.440562 -0.162971 0.123078 0.389099 -0.352299 0.099725 0.440562 -0.322988 0.123078 0.389099 -0.162971 0.123078 0.389099 -0.118684 0.123078 0.111468 -0.29977 0.175562 0.371859 -0.330756 0.227664 0.121046 -0.322988 0.123078 0.389099 -0.162971 0.123078 0.389099 -0.29977 0.175562 0.371859 -0.181358 0.175562 0.371859 -0.181358 0.175562 0.371859 -0.148584 0.227664 0.121046 -0.330756 0.227664 0.121046 -0.148584 0.227664 0.121046 -0.235022 0.458451 0.045695 -0.192872 0.458451 0.034401 -0.235022 0.458451 -0.122904 -0.192872 0.458451 -0.11161 -0.162016 0.458451 -0.080754 -0.162016 0.458451 0.003545 -0.150722 0.458451 -0.038604 -0.277172 0.458451 0.034401 -0.277172 0.458451 -0.11161 -0.308028 0.458451 -0.080754 -0.308028 0.458451 0.003545 -0.319322 0.458451 -0.038604 -0.137145 0 0.130924 -0.137145 0 -0.208133 -0.065493 0 0.059273 -0.065493 0 -0.136482 -0.235022 0 -0.234359 -0.235022 0 0.15715 -0.039267 0 -0.038604 -0.332899 0 0.130924 -0.332899 0 -0.208133 -0.40455 0 -0.136482 -0.40455 0 0.059273 -0.430776 0 -0.038604 -0.38244 0.112316 -0.123716 -0.355547 0.372422 -0.10819 -0.320134 0.112316 -0.186022 -0.304607 0.372422 -0.15913 -0.235022 0.112316 -0.208828 -0.235022 0.372422 -0.177775 -0.374192 0.372422 -0.038604 -0.405245 0.112316 -0.038604 -0.355547 0.372422 0.030981 -0.38244 0.112316 0.046507 -0.304607 0.372422 0.081921 -0.320134 0.112316 0.108814 -0.235022 0.372422 0.100566 -0.235022 0.112316 0.131619 -0.30144 0.425478 -0.153644 -0.235022 0.425478 -0.171441 -0.350061 0.425478 -0.105023 -0.367858 0.425478 -0.038604 -0.350061 0.425478 0.027814 -0.30144 0.425478 0.076434 -0.235022 0.425478 0.094231 -0.430776 0.110051 -0.038604 -0.40455 0.110051 0.059273 -0.332899 0.110051 0.130924 -0.235022 0.110051 0.15715 -0.40455 0.110051 -0.136482 -0.332899 0.110051 -0.208133 -0.235022 0.110051 -0.234359 -0.235022 0.458451 0.045695 -0.277172 0.458451 0.034401 -0.308028 0.458451 0.003545 -0.319322 0.458451 -0.038604 -0.308028 0.458451 -0.080754 -0.277172 0.458451 -0.11161 -0.235022 0.458451 -0.122904 -0.332899 0 -0.208133 -0.40455 0 -0.136482 -0.235022 0 -0.234359 -0.430776 0 -0.038604 -0.40455 0 0.059273 -0.332899 0 0.130924 -0.235022 0 0.15715 -0.14991 0.112316 -0.186022 -0.087604 0.112316 -0.123716 -0.114497 0.372422 -0.10819 -0.165436 0.372422 -0.15913 -0.095851 0.372422 -0.038604 -0.064798 0.112316 -0.038604 -0.114497 0.372422 0.030981 -0.087604 0.112316 0.046507 -0.165436 0.372422 0.081921 -0.14991 0.112316 0.108814 -0.168604 0.425478 0.076434 -0.119982 0.425478 0.027814 -0.102185 0.425478 -0.038604 -0.119982 0.425478 -0.105023 -0.168604 0.425478 -0.153644 -0.039267 0.110051 -0.038604 -0.065493 0.110051 0.059273 -0.137145 0.110051 0.130924 -0.065493 0.110051 -0.136482 -0.137145 0.110051 -0.208133 -0.192872 0.458451 0.034401 -0.162016 0.458451 0.003545 -0.150722 0.458451 -0.038604 -0.162016 0.458451 -0.080754 -0.192872 0.458451 -0.11161 -0.137145 0 -0.208133 -0.065493 0 -0.136482 -0.039267 0 -0.038604 -0.065493 0 0.059273 -0.137145 0 0.130924 -0.235022 0.500346 0.013426 -0.198577 0.481566 0.02452 -0.209006 0.500346 0.006455 -0.171897 0.481566 -0.002159 -0.189961 0.500346 -0.012588 -0.162132 0.481566 -0.038604 -0.18299 0.500346 -0.038604 -0.171897 0.481566 -0.075049 -0.189961 0.500346 -0.06462 -0.198577 0.481566 -0.101729 -0.209006 0.500346 -0.083665 -0.235022 0.481566 -0.111494 -0.235022 0.500346 -0.090636 -0.261038 0.500346 0.006455 -0.235022 0.481566 0.034285 -0.280083 0.500346 -0.012588 -0.271467 0.481566 0.02452 -0.287054 0.500346 -0.038604 -0.298146 0.481566 -0.002159 -0.280083 0.500346 -0.06462 -0.307912 0.481566 -0.038604 -0.261038 0.500346 -0.083665 -0.298146 0.481566 -0.075049 -0.271467 0.481566 -0.101729 -0.235022 0.579 0.013426 -0.199483 0.579 -0.003065 -0.18299 0.579 -0.038604 -0.199483 0.579 -0.074143 -0.235022 0.579 -0.090636 -0.27056 0.579 -0.003065 -0.287054 0.579 -0.038604 -0.27056 0.579 -0.074143 -0.157928 0.431959 -0.038604 -0.163031 0.458451 0.002958 -0.182366 0.431959 0.01405 -0.235022 0.431959 -0.115698 -0.193458 0.458451 -0.110595 -0.182366 0.431959 -0.09126 -0.235022 0.431959 0.038489 -0.276585 0.458451 0.033386 -0.287678 0.431959 0.01405 -0.312115 0.431959 -0.038604 -0.307012 0.458451 -0.080168 -0.287678 0.431959 -0.09126 -0.186894 0.609647 0.009522 -0.235022 0.609647 0.03186 -0.164558 0.609647 -0.038604 -0.186894 0.609647 -0.086732 -0.235022 0.609647 -0.109068 -0.179902 0.644853 -0.093724 -0.235022 0.644853 -0.119305 -0.154321 0.644853 -0.038604 -0.179902 0.644853 0.016514 -0.235022 0.644853 0.042096 -0.28315 0.609647 0.009522 -0.305486 0.609647 -0.038604 -0.28315 0.609647 -0.086732 -0.290141 0.644853 0.016514 -0.315723 0.644853 -0.038604 -0.290141 0.644853 -0.093724 0.076619 0.00417 0.134084 0.402252 0.00417 0.134084 0.133096 0.00417 0.459717 0.352299 0.00417 0.459717 0.076619 0.095894 0.126422 0.402252 0.095894 0.126422 0.076619 0.00417 0.134084 0.402252 0.00417 0.134084 0.118684 0.123078 0.111468 0.364861 0.123078 0.111468 0.076619 0.095894 0.126422 0.076619 0.00417 0.134084 0.133096 0.099725 0.440562 0.133096 0.00417 0.459717 0.133096 0.099725 0.440562 0.133096 0.00417 0.459717 0.352299 0.099725 0.440562 0.352299 0.00417 0.459717 0.352299 0.00417 0.459717 0.402252 0.00417 0.134084 0.352299 0.099725 0.440562 0.402252 0.095894 0.126422 0.29977 0.175562 0.371859 0.330756 0.227663 0.121046 0.181358 0.175562 0.371859 0.148584 0.227663 0.121046 0.322988 0.123078 0.389099 0.364861 0.123078 0.111468 0.322988 0.123078 0.389099 0.162971 0.123078 0.389099 0.352299 0.099725 0.440562 0.133096 0.099725 0.440562 0.118684 0.123078 0.111468 0.162971 0.123078 0.389099 0.29977 0.175562 0.371859 0.330756 0.227663 0.121046 0.181358 0.175562 0.371859 0.162971 0.123078 0.389099 0.29977 0.175562 0.371859 0.322988 0.123078 0.389099 0.181358 0.175562 0.371859 0.148584 0.227663 0.121046 0.148584 0.227663 0.121046 0.330756 0.227663 0.121046 0.235022 0.458451 0.045695 0.235022 0.458451 -0.122904 0.192872 0.458451 0.034401 0.192872 0.458451 -0.11161 0.162016 0.458451 -0.080754 0.162016 0.458451 0.003545 0.150722 0.458451 -0.038604 0.277172 0.458451 0.034401 0.277172 0.458451 -0.11161 0.308028 0.458451 -0.080754 0.308028 0.458451 0.003545 0.319322 0.458451 -0.038604 0.235022 0 0.15715 0.137145 0 0.130924 0.235022 0 -0.234359 0.137145 0 -0.208133 0.065494 0 -0.136482 0.065494 0 0.059273 0.039267 0 -0.038604 0.332899 0 0.130924 0.332899 0 -0.208133 0.40455 0 0.059273 0.40455 0 -0.136482 0.430776 0 -0.038604 0.38244 0.112316 -0.123716 0.320134 0.112316 -0.186022 0.355547 0.372422 -0.10819 0.304607 0.372422 -0.15913 0.235022 0.112316 -0.208828 0.235022 0.372422 -0.177775 0.374192 0.372422 -0.038604 0.405245 0.112316 -0.038604 0.355547 0.372422 0.030981 0.38244 0.112316 0.046507 0.304607 0.372422 0.081921 0.320134 0.112316 0.108814 0.235022 0.372422 0.100566 0.235022 0.112316 0.131619 0.30144 0.425478 -0.153644 0.235022 0.425478 -0.171441 0.350061 0.425478 -0.105023 0.367858 0.425478 -0.038604 0.350061 0.425478 0.027814 0.30144 0.425478 0.076434 0.235022 0.425478 0.094231 0.430776 0.110051 -0.038604 0.40455 0.110051 0.059273 0.332899 0.110051 0.130924 0.235022 0.110051 0.15715 0.40455 0.110051 -0.136482 0.332899 0.110051 -0.208133 0.235022 0.110051 -0.234359 0.235022 0.458451 0.045695 0.277172 0.458451 0.034401 0.308028 0.458451 0.003545 0.319322 0.458451 -0.038604 0.308028 0.458451 -0.080754 0.277172 0.458451 -0.11161 0.235022 0.458451 -0.122904 0.332899 0 -0.208133 0.40455 0 -0.136482 0.235022 0 -0.234359 0.430776 0 -0.038604 0.40455 0 0.059273 0.332899 0 0.130924 0.235022 0 0.15715 0.087604 0.112316 -0.123716 0.114497 0.372422 -0.10819 0.14991 0.112316 -0.186022 0.165437 0.372422 -0.15913 0.095851 0.372422 -0.038604 0.064798 0.112316 -0.038604 0.114497 0.372422 0.030981 0.087604 0.112316 0.046507 0.165437 0.372422 0.081921 0.14991 0.112316 0.108814 0.168604 0.425478 0.076434 0.119982 0.425478 0.027814 0.102186 0.425478 -0.038604 0.119982 0.425478 -0.105023 0.168604 0.425478 -0.153644 0.039267 0.110051 -0.038604 0.065494 0.110051 0.059273 0.137145 0.110051 0.130924 0.065494 0.110051 -0.136482 0.137145 0.110051 -0.208133 0.192872 0.458451 0.034401 0.162016 0.458451 0.003545 0.150722 0.458451 -0.038604 0.162016 0.458451 -0.080754 0.192872 0.458451 -0.11161 0.137145 0 -0.208133 0.065494 0 -0.136482 0.039267 0 -0.038604 0.065494 0 0.059273 0.137145 0 0.130924 0.235022 0.500346 0.013426 0.235022 0.579 0.013426 0.209006 0.500346 0.006455 0.199483 0.579 -0.003065 0.189961 0.500346 -0.012588 0.18299 0.579 -0.038604 0.18299 0.500346 -0.038604 0.189961 0.500346 -0.06462 0.199483 0.579 -0.074143 0.209006 0.500346 -0.083665 0.235022 0.579 -0.090636 0.235022 0.500346 -0.090636 0.261038 0.500346 0.006455 0.27056 0.579 -0.003065 0.280083 0.500346 -0.012588 0.287054 0.579 -0.038604 0.287054 0.500346 -0.038604 0.280083 0.500346 -0.06462 0.27056 0.579 -0.074143 0.261038 0.500346 -0.083665 0.182366 0.431959 0.01405 0.235022 0.431959 0.038489 0.193458 0.458451 0.033386 0.182366 0.431959 -0.09126 0.157928 0.431959 -0.038604 0.163031 0.458451 -0.080168 0.287678 0.431959 0.01405 0.312115 0.431959 -0.038604 0.307012 0.458451 0.002958 0.287678 0.431959 -0.09126 0.235022 0.431959 -0.115698 0.276585 0.458451 -0.110595 0.186894 0.609647 0.009522 0.235022 0.609647 0.03186 0.164558 0.609647 -0.038604 0.186894 0.609647 -0.086732 0.235022 0.609647 -0.109068 0.179902 0.644853 -0.093724 0.235022 0.644853 -0.119305 0.154321 0.644853 -0.038604 0.179902 0.644853 0.016514 0.235022 0.644853 0.042096 0.28315 0.609647 0.009522 0.305486 0.609647 -0.038604 0.28315 0.609647 -0.086732 0.290141 0.644853 0.016514 0.315723 0.644853 -0.038604 0.290141 0.644853 -0.093724 0.192765 1.11811 0.417994 0.057139 1.1343 0.537716 0 1.15286 0.537716 0.099002 1.19192 0.481837 0.163618 1.17441 0.417994 0.119134 1.21946 0.417994 0 1.22408 0.481837 0.062495 1.24788 0.417993 0 1.25816 0.417992 -0.160215 1.10766 0.481837 -0.192765 1.11811 0.417994 -0.057139 1.1343 0.537716 -0.099002 1.19192 0.481837 -0.163618 1.17441 0.417994 -0.119134 1.21946 0.417994 -0.062495 1.24788 0.417993 0.201359 1.11811 0.422376 0.092482 1.08565 0.537716 0.092482 1.08565 0.537716 0.160215 1.00117 0.481837 0.092482 1.02318 0.537716 0.160215 1.10766 0.481837 0.160215 1.10766 0.481837 0.192765 0.990718 0.417994 0.192765 1.11811 0.417994 0.192765 1.11811 0.417994 -0.235022 0.458451 0.044523 -0.193458 0.458451 0.033386 -0.151894 0.458451 -0.038604 -0.163031 0.458451 -0.080168 -0.235022 0.458451 -0.121732 -0.307012 0.458451 0.002958 -0.318149 0.458451 -0.038604 -0.276585 0.458451 -0.110595 0.235022 0.458451 0.044523 0.235022 0.481566 0.034285 0.198577 0.481566 0.02452 0.163031 0.458451 0.002958 0.171897 0.481566 -0.002159 0.151894 0.458451 -0.038604 0.162132 0.481566 -0.038604 0.171897 0.481566 -0.075049 0.198577 0.481566 -0.101729 0.235022 0.481566 -0.111494 0.271467 0.481566 0.02452 0.276585 0.458451 0.033386 0.298146 0.481566 -0.002159 0.271467 0.481566 -0.101729 0.307912 0.481566 -0.038604 0.298146 0.481566 -0.075049 0.193458 0.458451 -0.110595 0.235022 0.458451 -0.121732 0.318149 0.458451 -0.038604 0.307012 0.458451 -0.080168</float_array>
          <technique_common>
            <accessor source="#GeometrySource-array" count="2390" stride="3">
              <param name="X" type="float"/>
              <param name="Y" type="float"/>
              <param name="Z" type="float"/>
            </accessor>
          </technique_common>
        </source>
        <source id="GeometrySource1" name="chr341Nrm">
          <float_array id="GeometrySource1-array" count="7170">0.205394 0.9518 0.227795 0.205334 0.951805 0.227827 0.411674 -0.269729 -0.8705 0.411677 -0.269701 -0.870507 -0.510405 -0.751935 0.41723 -0.5104 -0.751958 0.417195 0 -1 0 -0.707107 -0.707107 0 0 0.064487 0.997919 0.045595 0.045595 0.997919 -1 0 0 0.064487 0 0.997919 -0.707092 0.707122 0 0.045595 -0.045595 0.997919 0 1 0 0 -0.064487 0.997919 0 1 0 0.707107 0.707107 0 0.707107 -0.707107 0 1 0 0 0 -1 0 0 0.064487 -0.997919 0.045595 0.045595 -0.997919 0.045595 -0.045595 -0.997919 0 -0.064487 -0.997919 0.064517 0 -0.997917 0.707107 -0.707107 0 -0.045595 0.045595 0.997919 1 0 0 -0.064487 0 0.997919 0.707092 0.707122 0 -0.045595 -0.045595 0.997919 -0.707107 0.707107 0 -0.707107 -0.707107 0 -1 0 0 -0.045595 0.045595 -0.997919 -0.045595 -0.045595 -0.997919 -0.064517 0 -0.997917 0 0 1 0.891033 0 0.453939 0 0.891033 0.453939 -0.891033 0 0.453939 -1 0 0 0 1 0 0 -0.891033 0.453939 0 -1 0 1 0 0 -0.205394 0.9518 0.227795 -0.411674 -0.269729 -0.8705 -0.205334 0.951805 0.227827 -0.411677 -0.269701 -0.870507 0.510405 -0.751935 0.41723 0.5104 -0.751958 0.417195 0.933665 -0.173134 0.313521 -0.019776 0.483339 -0.87521 0.932398 -0.174724 0.316395 -0.026704 0.483266 -0.875067 -0.91829 -0.191385 0.346575 -0.919623 -0.189888 0.343855 0.519708 -0.637297 0.568996 0.148325 0.335563 0.930267 0.148325 -0.335563 0.930267 0.66075 -0.610424 0.436797 0.519685 0.637307 0.569005 0.446747 -0.615032 0.649733 0.265608 -0.365741 0.892012 0 0 1 0 -0.451871 0.892083 0.699226 -0.507992 0.503018 0.51855 -0.713445 0.471276 0 -0.760283 0.649592 0.267162 -0.822269 0.502492 0 -0.882182 0.470908 -0.430257 0.13993 0.891795 -0.430257 -0.13993 0.891795 -0.86378 0 0.503869 -0.838848 -0.271132 0.472039 -0.722848 -0.234845 0.649876 -0.446747 -0.615032 0.649733 -0.265608 -0.365741 0.892012 -0.699226 -0.507992 0.503018 -0.51855 -0.713445 0.471276 -0.267162 -0.822269 0.502492 0 0.311903 0.950114 0.953564 0.301161 0.004242 0 0.170325 0.985388 0.986493 0.163764 -0.003479 0.981864 0.189585 -0.001129 0 0.186746 0.982408 0.684001 0.729475 0.003174 0 0.727096 0.686536 0 0.290172 -0.956975 0 0.157263 -0.987557 0 0.192364 -0.981324 0 0.731881 -0.681433 -0.684001 0.729475 0.003174 -0.986493 0.163764 -0.003479 -0.953564 0.301161 0.004242 -0.981864 0.189585 -0.001129 0 0 1 0 0 1 1 0 0 1 0 0 0 0 -1 0 0 -1 -1 0 0 -1 0 0 0 0.311995 0.950084 0.953552 0.301197 0.004303 0 0.17036 0.985382 0.986489 0.163794 -0.003448 0.981864 0.189585 -0.001068 0 0.186776 0.982403 0.683969 0.729504 0.003174 0 0.727067 0.686567 0 0.29018 -0.956972 0 0.157293 -0.987552 0 0.192329 -0.981331 0 0.731881 -0.681433 -0.683969 0.729504 0.003174 -0.986489 0.163794 -0.003448 -0.953552 0.301197 0.004303 -0.981864 0.189585 -0.001068 0 0 1 0 0 1 1 0 -0.000122 1 0 -0.000122 0 0 -1 0 0 -1 -1 0 -0.000122 -1 0 -0.000122 0.218978 0.362145 -0.906035 0.512139 0.041078 -0.85792 0.261123 -0.76167 -0.59302 0.527103 -0.417416 -0.740221 0.652145 0.509099 -0.561715 0.869263 -0.105018 -0.483066 0.680769 -0.704849 -0.199354 0.1974 -0.976779 -0.083287 -0.216776 -0.765538 -0.605771 -0.212167 -0.971385 -0.106755 -0.659824 -0.717566 -0.223004 0.216597 0.766713 -0.604349 -0.220442 0.362265 -0.905632 -0.219981 0.76554 -0.604613 -0.524663 -0.442931 -0.727008 -0.875685 -0.102178 -0.471948 -0.517325 0.042329 -0.854742 -0.656523 0.509422 -0.556298 -0.731818 -0.300949 -0.611451 -0.54511 -0.584175 -0.601327 0.126014 0.098027 -0.987173 0.144265 0.221174 -0.964505 -0.559561 -0.593803 0.578178 -0.750532 -0.301501 0.588047 -0.844095 0.002349 -0.536189 -0.858318 0.005707 0.513086 -0.833366 -0.089574 0.545415 -0.860308 0.059298 -0.506315 0.071201 0.010681 -0.997405 0.050448 0.073704 -0.996003 0.053744 0.420859 -0.905533 -0.870836 0.217907 -0.440637 0.0571 0.876076 -0.478781 -0.892137 0.373799 -0.253706 -0.86223 0.502347 -0.064853 0.050264 0.997194 -0.055482 -0.807748 0.56738 0.160073 0.098087 0.994917 -0.022767 0.070773 0.997089 -0.028352 -0.752303 0.546969 0.36724 -0.630096 0.564632 0.533076 0.077212 0.994478 -0.071077 -0.424499 0.560892 0.710775 0.051424 0.995614 -0.078158 0.058108 0.998045 -0.023011 -0.30809 0.514582 0.800179 -0.139109 0.442414 0.885957 -0.380301 -0.535919 0.753766 -0.493771 -0.524291 0.693764 0.215008 0.318621 0.923175 0.350326 0.936135 0.030366 0.593385 0.798901 0.098241 0.615184 0.001464 0.788382 0.586459 0.80748 0.063571 -0.437739 -0.556337 0.70631 -0.118538 -0.852836 0.508546 0.279803 -0.841483 0.462187 0.827941 0.123509 0.547047 0.384058 0.922149 -0.046267 -0.4328 -0.537514 0.723715 -0.642182 -0.541042 0.543025 -0.765329 -0.523862 0.373951 -0.822972 -0.54403 0.163551 -0.833103 -0.545036 0.094211 -0.814291 -0.465086 0.347312 -0.82857 -0.25212 0.499907 0.051424 -0.452715 0.890171 0.052217 -0.148565 0.987523 0.079197 0.011841 0.996789 0.135689 0.106482 0.985013 0.153452 0.235611 0.959656 0.050416 -0.799832 0.598104 0.052126 -0.98481 0.165625 0.106421 -0.994017 -0.024598 0.077975 -0.996464 -0.031281 0.083958 -0.993461 -0.077366 0.055789 -0.994805 -0.085148 -0.095921 -0.990617 -0.097355 -0.397055 -0.891282 -0.219006 -0.561462 -0.762705 -0.321001 -0.695315 -0.637878 -0.331131 -0.727731 -0.665503 -0.165872 -0.138038 -0.183298 -0.973318 -0.547821 0.127662 -0.826798 -0.83827 0.175882 -0.51611 0.085362 -0.432336 -0.897663 0.263227 -0.479973 -0.836862 0.44461 -0.429839 -0.78585 0.678896 -0.424276 -0.599241 0.819499 -0.432517 -0.375965 0.893376 -0.427354 -0.138738 0.872785 -0.48092 0.083439 0.855886 -0.414331 0.309497 0.868173 -0.223155 0.443258 0.872775 -0.080355 0.481464 0.896821 0.087194 0.433715 0.763314 0.504451 0.403585 0.523136 0.784811 0.332267 0.511811 0.766893 -0.3872 0.737845 0.488956 -0.465304 0.863546 0.084019 -0.497222 0.873341 0.059787 -0.483426 0.8795 0.212108 -0.426016 0.899738 0.358509 -0.248884 0.875592 0.4786 -0.065432 0.860992 0.490404 -0.134892 0.789345 0.495995 -0.361834 0.654638 0.48727 -0.577943 0.429195 0.493011 -0.756791 0.375904 0.494044 -0.783975 0.481294 0.420591 -0.769064 0.392381 0.527763 -0.753328 0.009674 0.774447 -0.632565 -0.404835 0.783606 -0.471244 0.074038 0.041108 -0.996408 -0.819559 -0.207865 -0.533962 0.093783 0.068117 -0.99326 -0.582549 -0.594817 -0.553922 0.001403 0.000793 -0.999999 -0.866031 0.001037 -0.499989 0.000274 0.050631 -0.998717 -0.874094 0.03058 -0.484794 0.000305 0.421221 -0.906958 -0.904798 0.174294 -0.388538 -0.904522 0.359361 -0.229564 0.000305 0.88731 -0.461173 -0.882123 0.467399 -0.058291 0.000274 0.996986 -0.077578 -0.786563 0.552635 0.275524 0.071658 0.997018 -0.028657 0.003662 0.999961 0.008057 -0.716923 0.491326 0.494592 -0.657211 0.521368 0.544288 0.035615 0.998699 -0.0365 -0.457731 0.523988 0.718275 0.030366 0.998802 -0.038362 -0.150643 0.528349 0.835556 -0.458153 -0.522792 0.718877 -0.150735 -0.52716 0.83629 0.055331 0.477447 0.876917 0.071476 0.997434 0.004089 0.661354 0.750073 0.001373 0.207441 0.340079 0.917232 0.411552 0.126197 0.902607 0.993449 0.114171 0.004852 0.607787 -0.066653 0.791298 0.994645 0.036439 -0.096714 0.988657 0.080142 -0.127019 -0.59476 -0.085332 0.799362 -0.525273 -0.216384 0.822962 0 0.209971 -0.977708 -0.924817 -0.380389 0.00415 0 0.533779 -0.845624 -0.287219 -0.496949 0.818869 -0.470848 -0.882214 0.001068 -0.029543 -0.516209 0.855953 -0.074619 -0.997209 0.00238 0.003021 -0.998017 -0.062868 0.029664 -0.998867 -0.037203 0.034608 -0.998766 -0.035615 -0.657784 -0.520172 0.54474 0.002472 -0.999959 0.008758 -0.717416 -0.49017 0.495022 -0.78733 -0.551418 0.27577 0.070376 -0.99711 -0.028626 -0.844185 -0.528863 0.087497 -0.001007 -0.987875 0.155251 -0.828149 -0.462585 0.316519 -0.000976 -0.818377 0.57468 -0.831875 -0.229233 0.505406 -0.000976 -0.409593 0.912268 -0.001037 -0.081393 0.996682 -0.854947 -0.043582 0.516881 -0.8667 0.001037 0.498828 0.00003 0.000793 1 -0.822703 -0.221111 0.523708 0.082127 0.043764 0.995661 -0.594767 -0.612529 0.520635 0.053714 0.078648 0.995454 -0.342918 -0.768179 0.540655 -0.359759 -0.771523 -0.524715 0.093327 0.201548 -0.975022 0.072452 0.164407 0.983728 -0.028993 -0.513058 -0.857864 -0.286578 -0.498872 -0.817924 -0.523767 -0.231395 -0.819832 -0.45535 0.19859 -0.867881 -0.390499 0.46866 -0.792382 0.463592 0.202345 -0.862635 0.400655 0.466332 -0.788676 0.418202 0.106054 -0.902142 0.201366 0.338641 -0.919116 0.044436 0.479369 -0.876488 0.003296 0.997933 -0.06418 0.187237 0.472807 -0.861044 0.187083 -0.473933 -0.860458 0.449633 0.478778 -0.754057 0.449332 -0.479912 -0.753515 0.664306 -0.477744 -0.574855 0.664795 0.476584 -0.575252 0.768844 -0.488463 -0.412653 0.76942 0.4873 -0.412955 0.863806 -0.470174 -0.181038 0.864384 0.469135 -0.180976 0.843256 -0.530308 0.087713 0.882595 0.466522 -0.05817 0.827179 -0.463762 0.317333 0.904952 0.358569 -0.229107 0.905238 0.1739 -0.387689 0.874572 0.030518 -0.483934 0.83092 -0.229811 0.506713 0.854042 -0.043703 0.518364 0.866914 0.009308 0.49837 0.867595 0.009308 -0.497185 0.848957 0.248489 0.466397 0.851992 0.242938 -0.463779 0.568674 0.67241 0.473788 0.612182 0.6662 -0.425924 0.333851 0.79518 0.506193 0.395741 0.885632 -0.242993 0.582549 -0.594817 -0.553922 0.819559 -0.207865 -0.533962 -0.093783 0.068117 -0.99326 -0.074038 0.041108 -0.996408 -0.001403 0.000793 -0.999999 0.866031 0.001037 -0.499989 -0.000274 0.050631 -0.998717 0.874094 0.03058 -0.484794 -0.000305 0.421221 -0.906958 0.904798 0.174294 -0.388538 0.904522 0.359361 -0.229564 -0.000305 0.88731 -0.461173 0.882123 0.467399 -0.058291 -0.000274 0.996986 -0.077578 0.786563 0.552635 0.275524 -0.071658 0.997018 -0.028657 -0.003662 0.999961 0.008057 0.716923 0.491326 0.494592 0.657211 0.521368 0.544288 -0.035615 0.998699 -0.0365 0.457731 0.523988 0.718275 -0.030366 0.998802 -0.038362 0.150643 0.528349 0.835556 0.458153 -0.522792 0.718877 0.150735 -0.52716 0.83629 -0.055331 0.477447 0.876917 -0.071476 0.997434 0.004089 -0.661354 0.750073 0.001373 -0.207441 0.340079 0.917232 -0.411552 0.126197 0.902607 -0.993449 0.114171 0.004852 -0.607787 -0.066653 0.791298 -0.994645 0.036439 -0.096714 -0.988657 0.080142 -0.127019 0.59476 -0.085332 0.799362 0.525273 -0.216384 0.822962 0.924817 -0.380389 0.00415 0.287219 -0.496949 0.818869 0.470848 -0.882214 0.001068 0.029543 -0.516209 0.855953 0.074619 -0.997209 0.00238 -0.003021 -0.998017 -0.062868 -0.029664 -0.998867 -0.037203 -0.034608 -0.998766 -0.035615 0.657784 -0.520172 0.54474 -0.002472 -0.999959 0.008758 0.717416 -0.49017 0.495022 0.78733 -0.551418 0.27577 -0.070376 -0.99711 -0.028626 0.844185 -0.528863 0.087497 0.001007 -0.987875 0.155251 0.828149 -0.462585 0.316519 0.000976 -0.818377 0.57468 0.831875 -0.229233 0.505406 0.000976 -0.409593 0.912268 0.001037 -0.081393 0.996682 0.854947 -0.043582 0.516881 0.8667 0.001037 0.498828 -0.00003 0.000793 1 0.822703 -0.221111 0.523708 -0.082127 0.043764 0.995661 0.594767 -0.612529 0.520635 -0.053714 0.078648 0.995454 0.342918 -0.768179 0.540655 0.359759 -0.771523 -0.524715 -0.093327 0.201548 -0.975022 -0.072452 0.164407 0.983728 0.286578 -0.498872 -0.817924 0.028993 -0.513058 -0.857864 0.523767 -0.231395 -0.819832 0.45535 0.19859 -0.867881 0.390499 0.46866 -0.792382 -0.463592 0.202345 -0.862635 -0.400655 0.466332 -0.788676 -0.418202 0.106054 -0.902142 -0.201366 0.338641 -0.919116 -0.044436 0.479369 -0.876488 -0.003296 0.997933 -0.06418 -0.187237 0.472807 -0.861044 -0.187083 -0.473933 -0.860458 -0.449633 0.478778 -0.754057 -0.449332 -0.479912 -0.753515 -0.664306 -0.477744 -0.574855 -0.664795 0.476584 -0.575252 -0.768844 -0.488463 -0.412653 -0.76942 0.4873 -0.412955 -0.863806 -0.470174 -0.181038 -0.864384 0.469135 -0.180976 -0.843256 -0.530308 0.087713 -0.882595 0.466522 -0.05817 -0.827179 -0.463762 0.317333 -0.904952 0.358569 -0.229107 -0.905238 0.1739 -0.387689 -0.874572 0.030518 -0.483934 -0.83092 -0.229811 0.506713 -0.854042 -0.043703 0.518364 -0.866914 0.009308 0.49837 -0.867595 0.009308 -0.497185 -0.848957 0.248489 0.466397 -0.851992 0.242938 -0.463779 -0.568674 0.67241 0.473788 -0.612182 0.6662 -0.425924 -0.333851 0.79518 0.506193 -0.395741 0.885632 -0.242993 -0.678363 0.220414 -0.700886 0 0.71329 -0.700869 0.678379 0.220409 -0.700872 -0.419246 -0.577062 -0.70088 0.419246 -0.577062 -0.70088 -0.942285 0.306139 0.135567 -0.89739 0.291582 0.331165 0 0.990768 0.135565 0 0.943563 0.331194 -0.678363 0.220414 -0.700886 0 0.71329 -0.700869 -0.554619 -0.763368 0.33116 -0.582361 -0.801547 0.135565 -0.419246 -0.577062 -0.70088 -0.951052 0.309032 0 -0.587801 -0.809005 0 0 1 0 0.582361 -0.801547 0.135565 0.55411 -0.764724 0.328877 0.419246 -0.577062 -0.70088 0.598641 -0.801017 -0.000946 0.942285 0.306139 0.135567 0.89767 0.292895 0.329244 0.678379 0.220409 -0.700872 0.94683 0.321734 0 -0.218978 0.362145 -0.906035 -0.261123 -0.76167 -0.59302 -0.512139 0.041078 -0.85792 -0.527103 -0.417416 -0.740221 -0.652145 0.509099 -0.561715 -0.869263 -0.105018 -0.483066 -0.680769 -0.704849 -0.199354 -0.1974 -0.976779 -0.083287 0.216776 -0.765538 -0.605771 0.212167 -0.971385 -0.106755 0.659824 -0.717566 -0.223004 -0.216597 0.766713 -0.604349 0.220442 0.362265 -0.905632 0.219981 0.76554 -0.604613 0.524663 -0.442931 -0.727008 0.875685 -0.102178 -0.471948 0.517325 0.042329 -0.854742 0.656523 0.509422 -0.556298 -0.144265 0.221174 -0.964505 0.54511 -0.584175 -0.601327 -0.125984 0.098028 -0.987177 0.731818 -0.300949 -0.611451 0.559561 -0.593803 0.578178 0.750532 -0.301501 0.588047 0.844095 0.002349 -0.536189 0.858318 0.005707 0.513086 0.833366 -0.089574 0.545415 0.860308 0.059298 -0.506315 -0.071201 0.010681 -0.997405 -0.050448 0.073704 -0.996003 -0.053744 0.420859 -0.905533 0.870836 0.217907 -0.440637 -0.0571 0.876076 -0.478781 0.892137 0.373799 -0.253706 0.86223 0.502347 -0.064853 -0.050264 0.997194 -0.055482 0.807748 0.56738 0.160073 -0.098087 0.994917 -0.022767 -0.070773 0.997089 -0.028352 0.752303 0.546969 0.36724 0.630096 0.564632 0.533076 -0.077212 0.994478 -0.071077 0.424499 0.560892 0.710775 -0.051424 0.995614 -0.078158 -0.058108 0.998045 -0.023011 0.30809 0.514582 0.800179 0.139109 0.442414 0.885957 0.380301 -0.535919 0.753766 0.493771 -0.524291 0.693764 -0.215008 0.318621 0.923175 -0.350326 0.936135 0.030366 -0.593385 0.798901 0.098241 -0.615169 0.001464 0.788394 -0.586459 0.80748 0.063571 0.437739 -0.556337 0.70631 0.118538 -0.852836 0.508546 -0.279803 -0.841483 0.462187 -0.827941 0.123509 0.547047 -0.384058 0.922149 -0.046267 0.4328 -0.537514 0.723715 0.642182 -0.541042 0.543025 0.765329 -0.523862 0.373951 0.822972 -0.54403 0.163551 0.833103 -0.545036 0.094211 0.814291 -0.465086 0.347312 0.82857 -0.25212 0.499907 -0.051424 -0.452715 0.890171 -0.052217 -0.148565 0.987523 -0.079197 0.011841 0.996789 -0.135689 0.106482 0.985013 -0.153452 0.235611 0.959656 -0.050416 -0.799832 0.598104 -0.052126 -0.98481 0.165625 -0.106421 -0.994017 -0.024598 -0.077975 -0.996464 -0.031281 -0.083958 -0.993461 -0.077366 -0.055789 -0.994805 -0.085148 0.095921 -0.990617 -0.097355 0.397055 -0.891282 -0.219006 0.561462 -0.762705 -0.321001 0.695315 -0.637878 -0.331131 0.727731 -0.665503 -0.165872 0.138038 -0.183298 -0.973318 0.547821 0.127662 -0.826798 0.83827 0.175882 -0.51611 -0.085362 -0.432336 -0.897663 -0.263227 -0.479973 -0.836862 -0.44461 -0.429839 -0.78585 -0.678896 -0.424276 -0.599241 -0.819499 -0.432517 -0.375965 -0.893376 -0.427354 -0.138738 -0.872785 -0.48092 0.083439 -0.855886 -0.414331 0.309497 -0.868173 -0.223155 0.443258 -0.872775 -0.080355 0.481464 -0.896821 0.087194 0.433715 -0.763314 0.504451 0.403585 -0.523136 0.784811 0.332267 -0.511811 0.766893 -0.3872 -0.737845 0.488956 -0.465304 -0.863546 0.084019 -0.497222 -0.873341 0.059787 -0.483426 -0.8795 0.212108 -0.426016 -0.899738 0.358509 -0.248884 -0.875592 0.4786 -0.065432 -0.860992 0.490404 -0.134892 -0.789345 0.495995 -0.361834 -0.654638 0.48727 -0.577943 -0.429195 0.493011 -0.756791 -0.375904 0.494044 -0.783975 -0.481294 0.420591 -0.769064 -0.392381 0.527763 -0.753328 -0.009674 0.774447 -0.632565 0.404835 0.783606 -0.471244 0.678363 0.220414 -0.700886 -0.678379 0.220409 -0.700872 0 0.71329 -0.700869 0.419246 -0.577062 -0.70088 -0.419246 -0.577062 -0.70088 0.942285 0.306139 0.135567 0 0.990768 0.135565 0.89739 0.291582 0.331165 0 0.943563 0.331194 0.678363 0.220414 -0.700886 0 0.71329 -0.700869 0.554619 -0.763368 0.33116 0.582361 -0.801547 0.135565 0.419246 -0.577062 -0.70088 0.951052 0.309032 0 0.587801 -0.809005 0 0 1 0 -0.55411 -0.764724 0.328877 -0.582361 -0.801547 0.135565 -0.419246 -0.577062 -0.70088 -0.598641 -0.801017 -0.000946 -0.942285 0.306139 0.135567 -0.89767 0.292895 0.329244 -0.678379 0.220409 -0.700872 -0.94683 0.321734 0 -0.48376 -0.001251 -0.8752 -0.269671 -0.000152 -0.962953 -0.486386 0.593662 -0.641089 -0.280564 0.676582 -0.680824 -0.486728 -0.585765 -0.648055 -0.283185 -0.673645 -0.682648 -0.513975 -0.857805 0 -0.297802 -0.954628 0 -0.502865 0.864365 0 -0.286575 0.958058 0 -0.103917 0.994586 0 -0.103917 0 -0.994586 -0.103917 -0.994586 0 -0.283185 -0.673645 0.682648 -0.486728 -0.585765 0.648055 -0.269671 -0.000152 0.962953 -0.48376 -0.001251 0.8752 -0.486386 0.593662 0.641089 -0.280564 0.676582 0.680824 -0.103917 0 0.994586 -0.379595 -0.6575 -0.650847 -0.44118 -0.76413 -0.4706 -0.6575 -0.379595 -0.650847 -0.764141 -0.441156 -0.470607 0 -0.882343 -0.470607 0 -0.759214 -0.650842 -0.759214 0 -0.650842 -0.882343 0 -0.470607 -0.657483 0.379602 -0.65086 -0.76413 0.44118 -0.4706 -0.379595 0.6575 -0.650847 -0.44118 0.76413 -0.4706 0 0.759214 -0.650842 0 0.882343 -0.470607 -0.866032 -0.499989 0 -0.499989 -0.866032 0 0 -1 0 0 1 0 -0.499989 0.866032 0 -0.866032 0.499989 0 -1 0 0 -0.078617 -0.045382 -0.995871 -0.045381 -0.078647 -0.995869 -0.6575 -0.379595 -0.650847 -0.379595 -0.6575 -0.650847 0 -0.090794 -0.99587 0 -0.759214 -0.650842 -0.759214 0 -0.650842 -0.090794 0 -0.99587 -0.657483 0.379602 -0.65086 -0.078617 0.045382 -0.995871 -0.379595 0.6575 -0.650847 -0.045412 0.078647 -0.995868 0 0.759214 -0.650842 0 0.090794 -0.99587 0 0 -1 0.045381 -0.078647 -0.995869 0.078647 -0.045381 -0.995869 0.090794 0 -0.99587 0.078647 0.045381 -0.995869 0.045381 0.078647 -0.995869 -0.44118 -0.76413 0.4706 -0.379595 -0.6575 0.650847 -0.6575 -0.379595 0.650847 -0.764141 -0.441156 0.470607 0 -0.882343 0.470607 0 -0.759214 0.650842 -0.759214 0 0.650842 -0.882343 0 0.470607 -0.657483 0.379602 0.65086 -0.76413 0.44118 0.4706 -0.379595 0.6575 0.650847 -0.44118 0.76413 0.4706 0 0.759214 0.650842 0 0.882343 0.470607 -0.078617 -0.045382 0.995871 -0.6575 -0.379595 0.650847 -0.045381 -0.078647 0.995869 -0.379595 -0.6575 0.650847 0 -0.090794 0.99587 0 -0.759214 0.650842 -0.759214 0 0.650842 -0.090794 0 0.99587 -0.657483 0.379602 0.65086 -0.078617 0.045382 0.995871 -0.379595 0.6575 0.650847 -0.045412 0.078647 0.995868 0 0.759214 0.650842 0 0.090794 0.99587 0 0 1 0.045381 -0.078647 0.995869 0.078647 -0.045381 0.995869 0.090794 0 0.99587 0.078647 0.045381 0.995869 0.045381 0.078647 0.995869 0.379595 -0.6575 -0.650847 0.6575 -0.379595 -0.650847 0.441156 -0.764141 -0.470607 0.764152 -0.441162 -0.470583 0.759214 0 -0.650842 0.882343 0 -0.470607 0.6575 0.379595 -0.650847 0.764141 0.441156 -0.470607 0.379595 0.6575 -0.650847 0.441156 0.764141 -0.470607 0.866032 -0.499989 0 0.500003 -0.866024 0 0.499989 0.866032 0 0.866032 0.499989 0 1 0 0 0.6575 -0.379595 -0.650847 0.379595 -0.6575 -0.650847 0.759214 0 -0.650842 0.6575 0.379595 -0.650847 0.379595 0.6575 -0.650847 0.379595 -0.6575 0.650847 0.441156 -0.764141 0.470607 0.6575 -0.379595 0.650847 0.764152 -0.441162 0.470583 0.759214 0 0.650842 0.882343 0 0.470607 0.6575 0.379595 0.650847 0.764141 0.441156 0.470607 0.379595 0.6575 0.650847 0.441156 0.764141 0.470607 0.6575 -0.379595 0.650847 0.379595 -0.6575 0.650847 0.759214 0 0.650842 0.6575 0.379595 0.650847 0.379595 0.6575 0.650847 -0.469231 -0.345262 0.812783 -0.938505 -0.345267 0 -0.450436 -0.434047 0.780199 -0.900893 -0.434042 0 -0.469231 -0.345262 -0.812783 -0.450436 -0.434047 -0.780199 0.469231 -0.345262 0.812783 0.450412 -0.434053 0.780209 0.938505 -0.345267 0 0.900881 -0.434067 0 0.469231 -0.345262 -0.812783 0.450406 -0.434078 -0.780199 -0.469242 0.345271 0.812773 -0.279253 0.829488 0.483703 -0.558533 0.829482 0 -0.938505 0.345267 0 -0.279281 0.829481 -0.483698 -0.469231 0.345262 -0.812783 0 1 0 0.279253 0.829488 0.483703 0.469231 0.345262 0.812783 0.279253 0.829488 -0.483703 0.469231 0.345262 -0.812783 0.558533 0.829482 0 0.938505 0.345267 0 -0.499989 0 0.866032 -1 0 0 -0.499989 0 -0.866032 0.499966 0 0.866045 1 0 0 0.499966 0 -0.866045 -0.660563 -0.295154 0.690319 -0.925779 -0.378045 0.004028 -0.647929 0.408504 0.642894 -0.913338 0.407183 0.003936 0.003051 0.410114 0.912029 0.004364 -0.15223 0.988335 0.669014 -0.276536 0.68989 0.65147 0.405788 0.641033 0.932353 -0.361527 0.004089 0.91484 0.403798 0.003967 0.653957 0.409196 -0.636317 0.675108 -0.304792 -0.671812 0.003021 0.414507 -0.910041 0.004364 -0.211648 -0.977336 -0.666255 -0.323377 -0.671962 -0.650404 0.411923 -0.638196 0.514948 0.688754 0.51034 0.0018 0.693052 0.720885 -0.512081 0.6919 0.508968 -0.722841 0.69101 0.002441 0.727079 0.68655 0.002471 -0.510256 0.695937 -0.505282 0.00177 0.69874 -0.715373 0.513125 0.692824 -0.506654 0.487056 -0.375508 0.788524 -0.490205 -0.40649 0.771016 -0.801878 -0.597403 0.010071 0.823496 -0.567228 0.010315 -0.473049 -0.472957 -0.743328 0.470847 -0.445638 -0.761387 -0.808595 0.090183 -0.581413 -0.745038 0.443324 -0.498381 0.580353 -0.005798 -0.814344 0.564032 -0.262499 -0.782919 -0.732346 0.170696 -0.659191 0.021424 -0.789662 -0.613168 -0.88112 -0.112006 -0.459436 0.528988 0.426901 -0.733435 -0.700028 0.058841 -0.711687 0.625346 0.166637 -0.762348 -0.992106 -0.115972 0.0477 -0.996584 0.000854 0.082583 -0.981259 -0.181743 -0.064029 -0.828203 0.508849 0.234846 -0.917536 0.351462 0.186016 -0.310928 -0.541041 -0.781408 -0.989162 0.116645 0.089177 -0.692133 0.009643 0.721706 -0.927792 -0.304462 0.215651 -0.411337 -0.635775 -0.65314 -0.085056 -0.5755 0.813366 0.486684 -0.87348 -0.013123 -0.6323 -0.066837 0.771835 -0.740676 -0.671305 0.027345 -0.602296 -0.797894 0.024598 -0.482869 -0.742004 -0.465046 0.383447 -0.366478 -0.84774 0.625346 0.166637 -0.762348 -0.486448 -0.665322 0.566317 0.439876 -0.459774 0.771438 0.545708 0.223276 0.807682 -0.814699 -0.201241 0.543845 -0.808856 -0.166819 -0.563846 0.126257 -0.822242 -0.554957 0.123941 -0.848725 0.514106 -0.821208 -0.209636 0.530727 0.021424 -0.789662 -0.613168 0.128759 -0.87153 0.473135 0.735762 -0.320912 0.59638 -0.692133 0.009643 0.721706 0.693881 -0.398701 0.599639 -0.981259 -0.181743 -0.064029 0.123941 -0.848725 0.514106 -0.814699 -0.201241 0.543845 -0.917536 0.351462 0.186016 0.04294 0.309676 0.949872 -0.828203 0.508849 0.234846 0.395017 0.572856 0.718191 -0.085056 -0.5755 0.813366 -0.927792 -0.304462 0.215651 0.545708 0.223276 0.807682 -0.6323 -0.066837 0.771835 0.804893 -0.543859 0.237412 0.735762 -0.320912 0.59638 0.04294 0.309676 0.949872 0.395017 0.572856 0.718191 -0.085056 -0.5755 0.813366 0.486684 -0.87348 -0.013123 0.952141 0.209912 0.222181 0.974972 -0.097936 0.199597 0.993846 0.067965 -0.087467 0.990828 -0.11231 -0.075137 0.528988 0.426901 -0.733435 0.580353 -0.005798 -0.814344 0.910827 -0.403744 -0.085943 0.564032 -0.262499 -0.782919 0.693881 -0.398701 0.599639 0.625346 0.166637 -0.762348 0.931542 -0.356649 -0.070926 0.545708 0.223276 0.807682 0.126257 -0.822242 -0.554957 0.123941 -0.848725 0.514106 0.128759 -0.87153 0.473135 0.021424 -0.789662 -0.613168 0.804893 -0.543859 0.237412 -0.310928 -0.541041 -0.781408 0.735762 -0.320912 0.59638 -0.981259 -0.181743 -0.064029 0.486684 -0.87348 -0.013123 -0.411337 -0.635775 -0.65314 0.765269 -0.641972 -0.047274 0.931542 -0.356649 -0.070926 0.910827 -0.403744 -0.085943 0.126257 -0.822242 -0.554957 -0.989162 0.116645 0.089177 -0.808856 -0.166819 -0.563846 0.910827 -0.403744 -0.085943 -0.989162 0.116645 0.089177 0.128759 -0.87153 0.473135 -0.821208 -0.209636 0.530727 0.280564 0.676582 -0.680824 0.269671 -0.000152 -0.962953 0.486386 0.593662 -0.641089 0.48376 -0.001251 -0.8752 0.486728 -0.585765 -0.648055 0.283185 -0.673645 -0.682648 0.513975 -0.857805 0 0.297802 -0.954628 0 0.502865 0.864365 0 0.286575 0.958058 0 0.103917 0.994586 0 0.103917 0 -0.994586 0.103917 -0.994586 0 0.283185 -0.673645 0.682648 0.486728 -0.585765 0.648055 0.269671 -0.000152 0.962953 0.48376 -0.001251 0.8752 0.486386 0.593662 0.641089 0.280564 0.676582 0.680824 0.103917 0 0.994586 0.379595 -0.6575 -0.650847 0.6575 -0.379595 -0.650847 0.441156 -0.764141 -0.470607 0.764141 -0.441156 -0.470607 0 -0.882343 -0.470607 0 -0.759214 -0.650842 0.759214 0 -0.650842 0.882343 0 -0.470607 0.657483 0.379602 -0.65086 0.76413 0.44118 -0.4706 0.379595 0.6575 -0.650847 0.44118 0.76413 -0.4706 0 0.759214 -0.650842 0 0.882343 -0.470607 0.866032 -0.499989 0 0.499989 -0.866032 0 0 -1 0 0 1 0 0.499989 0.866032 0 0.866032 0.499989 0 1 0 0 0.078617 -0.045382 -0.995871 0.6575 -0.379595 -0.650847 0.045381 -0.078647 -0.995869 0.379595 -0.6575 -0.650847 0 -0.090794 -0.99587 0 -0.759214 -0.650842 0.759214 0 -0.650842 0.090794 0 -0.99587 0.657483 0.379602 -0.65086 0.078617 0.045382 -0.995871 0.379595 0.6575 -0.650847 0.045412 0.078647 -0.995868 0 0.759214 -0.650842 0 0.090794 -0.99587 0 0 -1 -0.045381 -0.078647 -0.995869 -0.078647 -0.045381 -0.995869 -0.090794 0 -0.99587 -0.078647 0.045381 -0.995869 -0.045381 0.078647 -0.995869 0.441156 -0.764141 0.470607 0.379595 -0.6575 0.650847 0.6575 -0.379595 0.650847 0.764141 -0.441156 0.470607 0 -0.882343 0.470607 0 -0.759214 0.650842 0.759214 0 0.650842 0.882343 0 0.470607 0.657483 0.379602 0.65086 0.76413 0.44118 0.4706 0.379595 0.6575 0.650847 0.44118 0.76413 0.4706 0 0.759214 0.650842 0 0.882343 0.470607 0.078617 -0.045382 0.995871 0.045381 -0.078647 0.995869 0.6575 -0.379595 0.650847 0.379595 -0.6575 0.650847 0 -0.090794 0.99587 0 -0.759214 0.650842 0.759214 0 0.650842 0.090794 0 0.99587 0.657483 0.379602 0.65086 0.078617 0.045382 0.995871 0.379595 0.6575 0.650847 0.045412 0.078647 0.995868 0 0.759214 0.650842 0 0.090794 0.99587 0 0 1 -0.045381 -0.078647 0.995869 -0.078647 -0.045381 0.995869 -0.090794 0 0.99587 -0.078647 0.045381 0.995869 -0.045381 0.078647 0.995869 -0.379595 -0.6575 -0.650847 -0.441156 -0.764141 -0.470607 -0.6575 -0.379595 -0.650847 -0.764152 -0.441162 -0.470583 -0.759214 0 -0.650842 -0.882343 0 -0.470607 -0.6575 0.379595 -0.650847 -0.764141 0.441156 -0.470607 -0.379595 0.6575 -0.650847 -0.441156 0.764141 -0.470607 -0.866032 -0.499989 0 -0.499989 -0.866032 0 -0.499989 0.866032 0 -0.866032 0.499989 0 -1 0 0 -0.6575 -0.379595 -0.650847 -0.379595 -0.6575 -0.650847 -0.759214 0 -0.650842 -0.6575 0.379595 -0.650847 -0.379595 0.6575 -0.650847 -0.379595 -0.6575 0.650847 -0.441156 -0.764141 0.470607 -0.6575 -0.379595 0.650847 -0.764152 -0.441162 0.470583 -0.759214 0 0.650842 -0.882343 0 0.470607 -0.6575 0.379595 0.650847 -0.764141 0.441156 0.470607 -0.379595 0.6575 0.650847 -0.441156 0.764141 0.470607 -0.6575 -0.379595 0.650847 -0.379595 -0.6575 0.650847 -0.759214 0 0.650842 -0.6575 0.379595 0.650847 -0.379595 0.6575 0.650847 0.469231 -0.345262 0.812783 0.450436 -0.434047 0.780199 0.938505 -0.345267 0 0.900893 -0.434042 0 0.469231 -0.345262 -0.812783 0.450436 -0.434047 -0.780199 -0.469231 -0.345262 0.812783 -0.450412 -0.434053 0.780209 -0.938505 -0.345267 0 -0.900881 -0.434067 0 -0.469231 -0.345262 -0.812783 -0.450406 -0.434078 -0.780199 0.469242 0.345271 0.812773 0.279253 0.829488 0.483703 0.558533 0.829482 0 0.938508 0.345257 0 0.279281 0.829481 -0.483698 0.469231 0.345262 -0.812783 0 1 0 -0.279253 0.829488 0.483703 -0.469231 0.345262 0.812783 -0.279249 0.829475 -0.483726 -0.469231 0.345262 -0.812783 -0.558533 0.829482 0 -0.938508 0.345257 0 0.499989 0 0.866032 1 0 0 0.499989 0 -0.866032 -0.499966 0 0.866045 -1 0 0 -0.499966 0 -0.866045 0.913338 0.407183 0.003936 0.925779 -0.378045 0.004028 0.647955 0.40847 0.642889 0.660563 -0.295154 0.690319 -0.003051 0.410139 0.912018 -0.004364 -0.15223 0.988335 -0.669014 -0.276536 0.68989 -0.651488 0.40578 0.64102 -0.932353 -0.361527 0.004089 -0.91484 0.403798 0.003967 -0.653957 0.409196 -0.636317 -0.675108 -0.304792 -0.671812 -0.003021 0.414507 -0.910041 -0.004364 -0.211648 -0.977336 0.666261 -0.323349 -0.671968 0.650404 0.411923 -0.638196 -0.514948 0.688754 0.51034 -0.0018 0.693067 0.720871 0.512081 0.6919 0.508968 0.722856 0.690994 0.002441 -0.727079 0.68655 0.002471 0.510246 0.695953 -0.505271 -0.0018 0.698756 -0.715358 -0.513125 0.692824 -0.506654 -0.487056 -0.375508 0.788524 0.490205 -0.40649 0.771016 0.801878 -0.597403 0.010071 -0.823496 -0.567228 0.010315 0.473049 -0.472957 -0.743328 -0.470847 -0.445638 -0.761387 -0.528988 0.426901 -0.733435 0.745038 0.443324 -0.498381 -0.580353 -0.005798 -0.814344 0.700044 0.05884 -0.711672 -0.625346 0.166637 -0.762348 0.808609 0.090184 -0.581393 -0.564032 -0.262499 -0.782919 0.732346 0.170696 -0.659191 -0.021424 -0.789662 -0.613168 0.88112 -0.112006 -0.459436 0.992106 -0.115972 0.0477 0.740676 -0.671305 0.027345 0.632285 -0.066835 0.771847 0.828203 0.508849 0.234846 0.981259 -0.181743 -0.064029 0.917536 0.351462 0.186016 0.310928 -0.541041 -0.781408 0.996584 0.000854 0.082583 0.989162 0.116645 0.089177 0.692133 0.009643 0.721706 0.927789 -0.304492 0.21562 0.411337 -0.635775 -0.65314 0.085056 -0.5755 0.813366 -0.486684 -0.87348 -0.013123 0.814699 -0.201241 0.543845 0.808856 -0.166819 -0.563846 -0.126257 -0.822242 -0.554957 -0.123941 -0.848725 0.514106 0.821208 -0.209636 0.530727 -0.021424 -0.789662 -0.613168 -0.128759 -0.87153 0.473135 -0.735762 -0.320912 0.59638 -0.693881 -0.398701 0.599639 0.692133 0.009643 0.721706 0.981259 -0.181743 -0.064029 -0.123941 -0.848725 0.514106 0.814699 -0.201241 0.543845 -0.394983 0.57285 0.718214 -0.04294 0.309676 0.949872 0.828203 0.508849 0.234846 0.917536 0.351462 0.186016 0.085056 -0.5755 0.813366 0.927789 -0.304492 0.21562 -0.545708 0.223276 0.807682 0.632285 -0.066835 0.771847 -0.394983 0.57285 0.718214 -0.735762 -0.320912 0.59638 -0.04294 0.309676 0.949872 -0.804893 -0.543859 0.237412 0.085056 -0.5755 0.813366 -0.486684 -0.87348 -0.013123 -0.952135 0.20991 0.222209 -0.974966 -0.097936 0.199626 -0.993846 0.067965 -0.087467 -0.990828 -0.11231 -0.075137 -0.528988 0.426901 -0.733435 -0.580353 -0.005798 -0.814344 -0.910827 -0.403744 -0.085943 -0.564032 -0.262499 -0.782919 -0.693881 -0.398701 0.599639 -0.625346 0.166637 -0.762348 -0.931552 -0.356622 -0.070927 -0.545708 0.223276 0.807682 -0.126257 -0.822242 -0.554957 -0.123941 -0.848725 0.514106 -0.128759 -0.87153 0.473135 -0.021424 -0.789662 -0.613168 0.981259 -0.181743 -0.064029 0.310928 -0.541041 -0.781408 -0.735762 -0.320912 0.59638 -0.804893 -0.543859 0.237412 -0.486684 -0.87348 -0.013123 0.411337 -0.635775 -0.65314 0.48288 -0.741991 -0.465056 -0.383447 -0.366478 -0.84774 -0.625346 0.166637 -0.762348 0.602296 -0.797894 0.024598 0.486448 -0.665322 0.566317 -0.439876 -0.459774 0.771438 -0.545708 0.223276 0.807682 -0.765271 -0.641973 -0.047243 -0.931552 -0.356622 -0.070927 0.808856 -0.166819 -0.563846 -0.126257 -0.822242 -0.554957 0.989162 0.116645 0.089177 -0.910827 -0.403744 -0.085943 0.821208 -0.209636 0.530727 0.989162 0.116645 0.089177 -0.128759 -0.87153 0.473135 -0.910827 -0.403744 -0.085943 0.504272 -0.666177 0.549471 -0.111945 0.496061 0.861041 -0.111945 -0.496061 0.861041 0.549692 -0.731285 0.403808 0.504272 0.666177 0.549471 0.519708 -0.637297 0.568996 0.148325 -0.335563 0.930267 0.66075 -0.610424 0.436797 -0.331531 -0.677742 0.656318 0 -0.718384 0.695647 -0.331533 -0.258805 0.907252 0 -0.274302 0.961644 0 -0.969966 0.243239 -0.331528 -0.915113 0.229473 0 -0.961644 -0.274302 -0.331533 -0.907252 -0.258805 0 -0.695647 -0.718384 -0.331531 -0.656318 -0.677742 0 -0.243239 -0.969966 -0.331526 -0.229501 -0.915106 0 0.251415 -0.967879 -0.331533 0.258805 -0.907252 -0.002563 0.513399 -0.858146 0 0.195077 -0.980788 0 0.720213 -0.693753 0 0.513845 -0.857883 0 0.718384 -0.695647 0 0.873949 -0.486019 0 0.969966 -0.243239 0 0.969966 -0.243239 0 0.961644 0.274302 0 0.961644 0.274302 0 0.695647 0.718384 0 0.695647 0.718384 0 0.243239 0.969966 0 0.243239 0.969966 0 -0.274302 0.961644 -0.331528 0.229473 0.915113 -0.331533 -0.258805 0.907252 -0.331531 0.656318 0.677742 -0.331533 0.907252 0.258805 -0.331526 0.915106 -0.229501 -0.331531 0.677742 -0.656318 -0.848768 0.527127 0.041597 -0.912942 0.406267 -0.038514 -0.975413 0.216318 -0.042146 -0.860248 0.497435 -0.111945 -0.957392 0.240553 0.159799 -0.947829 0.270551 0.168587 -0.915178 0.355548 -0.189829 -0.910828 0.244889 0.332298 -0.937384 0.183265 0.296185 -0.938247 0.018403 0.345476 -0.987754 0.016907 0.155099 -0.924525 -0.180248 0.335805 -0.969369 -0.035981 0.24296 -0.976043 -0.108741 0.188458 -0.9701 -0.194771 0.144811 -0.979001 -0.20036 -0.037599 -0.999099 0.023682 -0.035218 -0.721726 -0.62916 0.288562 -0.820606 -0.506134 0.265397 -0.87046 -0.491141 -0.032868 -0.860552 -0.492947 0.128272 -0.529081 -0.843917 0.088749 -0.530636 -0.845258 -0.062961 -0.187937 -0.981921 -0.022584 -0.18992 -0.981068 0.037904 -0.458523 -0.858999 0.227766 -0.804919 -0.519562 -0.286638 -0.376854 -0.868431 -0.322194 -0.146002 -0.980233 -0.13352 -0.135995 -0.982178 0.129738 0 -0.999981 0.006164 -0.241709 -0.850649 0.466876 -0.281269 -0.868467 0.408231 -0.18797 -0.835319 -0.516634 -0.25224 -0.512782 -0.820628 -0.559915 -0.541847 -0.626814 -0.265027 -0.225322 -0.937545 0 -0.220868 -0.975304 0 -0.488941 -0.872317 -0.658831 -0.2249 -0.717887 -0.686471 -0.043215 -0.725872 -0.953016 0.005493 -0.30287 -0.928959 -0.197456 -0.313122 -0.268936 -0.056826 -0.96148 -0.931947 0.23143 -0.279132 -0.691658 0.183268 -0.698586 -0.944709 0.201485 -0.258708 -0.706752 0.107517 -0.699244 -0.273332 0.128914 -0.953242 -0.275926 0.234176 -0.932216 0 0.113988 -0.993482 0 0.195136 -0.980776 0 -0.06116 -0.998128 -0.699678 0.173195 -0.693147 -0.968674 0.2017 -0.144874 -0.623477 0.528989 -0.575714 -0.220865 0.760989 -0.610012 -0.501703 0.04062 -0.864086 -0.832417 0.541536 -0.117561 -0.924816 0.345719 0.158729 -0.993651 0.042361 0.104224 -0.996558 0.076632 -0.031617 -0.985645 0.107305 -0.130347 -0.95476 0.266645 0.131659 -0.942154 0.171761 0.287825 -0.808447 0.581538 0.090702 -0.774643 0.578861 0.254654 -0.40911 0.888078 0.209636 -0.497616 0.863938 0.077396 -0.661227 0.698644 0.273268 -0.671244 0.738844 0.059512 -0.228892 0.924112 0.305982 -0.605833 0.628539 0.487755 -0.070469 0.956841 0.281937 -0.065037 0.792713 0.606116 -0.550807 0.686434 0.474784 -0.39791 0.720957 0.567353 -0.610148 0.206465 0.764913 -0.227243 0.075289 0.970923 -0.320111 0.079898 0.944005 -0.586209 0.168434 0.792457 -0.342886 0.120582 0.931606 0 0.15534 0.987861 0 0.317647 0.948209 -0.587549 0.165778 0.792025 -0.824054 0.175517 0.538637 -0.805097 0.213451 0.553405 -0.241742 0.107977 0.964314 -0.529124 0.366239 0.765439 -0.107884 0.848087 0.518758 -0.857529 0.180216 0.481837 0 0.017212 0.999852 -0.789446 0.211652 0.576176 0 -0.096805 0.995303 0.037019 -0.049501 0.998088 0.124764 -0.123757 0.984438 0 -0.228464 0.973552 -0.07346 -0.601694 0.795341 0 -0.494748 0.869036 0 -0.842933 0.538018 0 -0.980885 0.19459 -0.82729 0.376854 0.416621 -0.872608 0.210827 0.440577 -0.687755 0.365104 0.627449 -0.641604 -0.36449 0.674901 -0.543734 0.611548 0.574772 -0.300249 0.736127 0.606603 -0.408592 0.53952 0.736187 0 0.768661 0.639656 0 0.604595 0.796533 -0.569158 0.724715 0.388391 -0.440694 -0.359239 0.82264 0 -0.362808 0.931864 -0.285022 -0.285235 0.915097 -0.550807 0.686434 0.474784 -0.065037 0.792713 0.606116 -0.242719 0.878343 0.411826 0 0.903893 0.42776 -0.620874 0.765869 0.167212 -0.254348 0.95022 0.179972 -0.621458 0.783269 0.016724 -0.876737 0.480684 0.016572 -0.881171 0.443042 0.165077 -0.847026 0.53155 0.00119 -0.622252 0.782812 0.002777 -0.594668 0.766766 -0.241743 -0.844022 0.474611 -0.249742 -0.484126 0.590608 -0.645604 -0.652656 0.340688 -0.676736 -0.933223 0.358817 0.018586 -0.935815 0.296618 0.190441 -0.281172 0.959305 0.026002 0 0.987081 0.160225 0 0.999525 0.030824 -0.30351 0.952828 0.000366 0 0.999992 -0.003997 0 0.967712 -0.25206 -0.255382 0.935863 -0.242778 -0.202159 0.735144 -0.647066 0 0.753553 -0.657387 -0.242047 0.352008 -0.904159 -0.713296 0.113593 -0.691597 -0.940109 0.208903 -0.269361 -0.698758 -0.013062 -0.715239 -0.946571 0.154028 -0.283336 -0.939209 0.342998 -0.015472 -0.991135 0.128424 -0.034028 -0.725169 0.686104 -0.05823 -0.682845 0.730058 0.027162 0 0.386004 -0.922497 -0.270767 -0.14222 -0.952081 0 -0.15534 -0.987861 0 0.195077 -0.980788 -0.250746 -0.436853 -0.863878 -0.671244 0.738844 0.059512 -0.661227 0.698644 0.273268 -0.533908 0.83837 -0.109901 -0.725169 0.686104 -0.05823 -0.682845 0.730058 0.027162 -0.513999 0.85752 0.021546 -0.790589 0.612237 0.011597 -0.991135 0.128424 -0.034028 -0.884086 -0.014527 0.467099 -0.778525 -0.507603 0.369104 -0.818673 0.253613 0.515223 -0.114112 -0.017609 0.993312 -0.054629 -0.508237 0.859483 -0.212962 0.221783 0.951556 0.124609 -0.559107 0.819678 0.145362 0.49749 0.855204 0 -0.696422 0.717633 -0.107611 -0.496915 0.861101 0 -0.54272 0.839914 -0.255414 -0.345323 0.903059 0 -0.373127 0.927781 0 0.850015 0.526758 0 0.7009 0.71326 0.145362 0.49749 0.855204 0 0.7009 0.71326 0 -0.696422 0.717633 0.124609 -0.559107 0.819678 0.145362 0.49749 0.855204 0 -0.816701 -0.577062 0 -0.97243 -0.233196 -0.740987 0.184186 -0.645766 -0.747849 0.476318 -0.462431 -0.331533 0.258805 -0.907252 -0.331531 0.677742 -0.656318 -0.747846 -0.160654 -0.644141 -0.331526 -0.229501 -0.915106 -0.747839 -0.462455 -0.476311 -0.331531 -0.656318 -0.677742 -0.740987 -0.645766 -0.184186 -0.331533 -0.907252 -0.258805 -0.747846 -0.644141 0.160654 -0.331528 -0.915113 0.229473 -0.747849 -0.476318 0.462431 -0.331531 -0.677742 0.656318 -0.741001 -0.184182 0.645751 -0.331533 -0.258805 0.907252 -0.747846 0.160654 0.644141 -0.331528 0.229473 0.915113 -0.747849 0.462431 0.476318 -0.331531 0.656318 0.677742 -0.741001 0.645751 0.184182 -0.331533 0.907252 0.258805 -0.747846 0.644141 -0.160654 -0.331526 0.915106 -0.229501 -0.926424 0.329032 -0.182965 -0.921867 0.372641 0.106299 -1 0 0 -0.921867 0.106299 -0.372641 -0.926424 -0.182965 -0.329032 -0.921867 -0.372641 -0.106299 -0.926424 -0.329032 0.182965 -0.921867 -0.106299 0.372641 -0.926424 0.182965 0.329032 0.331531 -0.677742 0.656318 0.331533 -0.258805 0.907252 0.331528 -0.915113 0.229473 0.331533 -0.907252 -0.258805 0.331531 -0.656318 -0.677742 0.331526 -0.229501 -0.915106 0.331533 0.258805 -0.907252 0.002563 0.513399 -0.858146 0 0.513845 -0.857883 0 0.718384 -0.695647 0 0.873949 -0.486019 0 0.969966 -0.243239 0 0.961644 0.274302 0 0.695647 0.718384 0 0.243239 0.969966 0.331528 0.229473 0.915113 0.331533 -0.258805 0.907252 0.331531 0.656318 0.677742 0.331533 0.907252 0.258805 0.331526 0.915106 -0.229501 0.331531 0.677742 -0.656318 0.848768 0.527127 0.041597 0.975413 0.216318 -0.042146 0.912942 0.406267 -0.038514 0.860248 0.497435 -0.111945 0.957392 0.240553 0.159799 0.947829 0.270551 0.168587 0.915178 0.355548 -0.189829 0.910828 0.244889 0.332298 0.937384 0.183265 0.296185 0.938247 0.018403 0.345476 0.987754 0.016907 0.155099 0.924525 -0.180248 0.335805 0.969369 -0.035981 0.24296 0.976043 -0.108741 0.188458 0.9701 -0.194771 0.144811 0.979001 -0.20036 -0.037599 0.999099 0.023682 -0.035218 0.721726 -0.62916 0.288562 0.820606 -0.506134 0.265397 0.87046 -0.491141 -0.032868 0.860552 -0.492947 0.128272 0.529081 -0.843917 0.088749 0.530636 -0.845258 -0.062961 0.187937 -0.981921 -0.022584 0.18992 -0.981068 0.037904 0.458523 -0.858999 0.227766 0.804919 -0.519562 -0.286638 0.376854 -0.868431 -0.322194 0.146002 -0.980233 -0.13352 0.135995 -0.982178 0.129738 0.241709 -0.850649 0.466876 0.281269 -0.868467 0.408231 0.18797 -0.835319 -0.516634 0.25224 -0.512782 -0.820628 0.559915 -0.541847 -0.626814 0.265027 -0.225322 -0.937545 0.658831 -0.2249 -0.717887 0.686471 -0.043215 -0.725872 0.953016 0.005493 -0.30287 0.928959 -0.197456 -0.313122 0.268936 -0.056826 -0.96148 0.931947 0.23143 -0.279132 0.691658 0.183268 -0.698586 0.944709 0.201485 -0.258708 0.706767 0.10752 -0.699228 0.273332 0.128914 -0.953242 0.275926 0.234176 -0.932216 0.699678 0.173195 -0.693147 0.968674 0.2017 -0.144874 0.623477 0.528989 -0.575714 0.220865 0.760989 -0.610012 0.501703 0.04062 -0.864086 0.832417 0.541536 -0.117561 0.924816 0.345719 0.158729 0.993651 0.042361 0.104224 0.996558 0.076632 -0.031617 0.985645 0.107305 -0.130347 0.95476 0.266645 0.131659 0.942154 0.171761 0.287825 0.808447 0.581538 0.090702 0.774643 0.578861 0.254654 0.40911 0.888078 0.209636 0.497616 0.863938 0.077396 0.661227 0.698644 0.273268 0.671244 0.738844 0.059512 0.228892 0.924112 0.305982 0.605833 0.628539 0.487755 0.070469 0.956841 0.281937 0.065037 0.792713 0.606116 0.550807 0.686434 0.474784 0.39791 0.720957 0.567353 0.610148 0.206465 0.764913 0.227243 0.075289 0.970923 0.320111 0.079898 0.944005 0.586209 0.168434 0.792457 0.342886 0.120582 0.931606 0.587549 0.165778 0.792025 0.824054 0.175517 0.538637 0.805097 0.213451 0.553405 0.241742 0.107977 0.964314 0.529124 0.366239 0.765439 0.107884 0.848087 0.518758 0.857529 0.180216 0.481837 0.789446 0.211652 0.576176 -0.037019 -0.049501 0.998088 -0.124764 -0.123757 0.984438 0.07346 -0.601694 0.795341 0.641604 -0.36449 0.674901 0.872608 0.210827 0.440577 0.687755 0.365104 0.627449 0.82729 0.376854 0.416621 0.543734 0.611548 0.574772 0.300249 0.736127 0.606603 0.408592 0.53952 0.736187 0.569158 0.724715 0.388391 0.440694 -0.359239 0.82264 0.285022 -0.285235 0.915097 0.550807 0.686434 0.474784 0.065037 0.792713 0.606116 0.242719 0.878343 0.411826 0.620874 0.765869 0.167212 0.254348 0.95022 0.179972 0.621458 0.783269 0.016724 0.876737 0.480684 0.016572 0.881171 0.443042 0.165077 0.847026 0.53155 0.00119 0.622252 0.782812 0.002777 0.594668 0.766766 -0.241743 0.844022 0.474611 -0.249742 0.484126 0.590608 -0.645604 0.652656 0.340688 -0.676736 0.933223 0.358817 0.018586 0.935815 0.296618 0.190441 0.281172 0.959305 0.026002 0.30351 0.952828 0.000366 0.255382 0.935863 -0.242778 0.202159 0.735144 -0.647066 0.242047 0.352008 -0.904159 0.713296 0.113593 -0.691597 0.940109 0.208903 -0.269361 0.698758 -0.013062 -0.715239 0.946571 0.154028 -0.283336 0.939209 0.342998 -0.015472 0.991135 0.128424 -0.034028 0.725169 0.686104 -0.05823 0.682845 0.730058 0.027162 0.270767 -0.14222 -0.952081 0.250746 -0.436853 -0.863878 0.671244 0.738844 0.059512 0.661227 0.698644 0.273268 0.513999 0.85752 0.021546 0.533908 0.83837 -0.109901 0.682845 0.730058 0.027162 0.725169 0.686104 -0.05823 0.790589 0.612237 0.011597 0.991135 0.128424 -0.034028 0.884086 -0.014527 0.467099 0.778525 -0.507603 0.369104 0.818673 0.253613 0.515223 0.212962 0.221783 0.951556 0.114112 -0.017609 0.993312 0.054629 -0.508237 0.859483 -0.124609 -0.559107 0.819678 -0.145362 0.49749 0.855204 0.255414 -0.345323 0.903059 0.107611 -0.496915 0.861101 -0.145362 0.49749 0.855204 -0.124609 -0.559107 0.819678 -0.145362 0.49749 0.855204 0.740987 0.184186 -0.645766 0.331533 0.258805 -0.907252 0.747849 0.476318 -0.462431 0.331531 0.677742 -0.656318 0.747846 -0.160654 -0.644141 0.331526 -0.229501 -0.915106 0.747839 -0.462455 -0.476311 0.331531 -0.656318 -0.677742 0.740987 -0.645766 -0.184186 0.331533 -0.907252 -0.258805 0.747846 -0.644141 0.160654 0.331528 -0.915113 0.229473 0.747849 -0.476318 0.462431 0.331531 -0.677742 0.656318 0.741001 -0.184182 0.645751 0.331533 -0.258805 0.907252 0.747846 0.160654 0.644141 0.331528 0.229473 0.915113 0.747849 0.462431 0.476318 0.331531 0.656318 0.677742 0.741001 0.645751 0.184182 0.331533 0.907252 0.258805 0.747846 0.644141 -0.160654 0.331526 0.915106 -0.229501 0.926424 0.329032 -0.182965 0.921867 0.372641 0.106299 1 0 0 0.921867 0.106299 -0.372641 0.926424 -0.182965 -0.329032 0.921867 -0.372641 -0.106299 0.926424 -0.329032 0.182965 0.921867 -0.106299 0.372641 0.926424 0.182965 0.329032 0 -0.993277 0.115759 0 -0.993277 -0.115759 -0.043825 -0.956744 0.287612 -0.707107 -0.707107 0 -0.043825 -0.956744 -0.287612 0 -0.919686 0.392656 0.171184 -0.883906 0.435208 0 -0.967753 0.251903 0.131415 -0.967452 0.216257 0.45401 -0.845912 0.279835 0.223981 -0.965874 0.130073 0.508235 -0.861219 0 0.280593 -0.959827 0 0.223981 -0.965874 -0.130073 0.454034 -0.845901 -0.279831 0.131415 -0.967452 -0.216257 0.17115 -0.883917 -0.435199 0 -0.967753 -0.251903 0 -0.919686 -0.392656 0.25981 -0.96566 0 0.27995 -0.937939 0.204691 0.27995 -0.937939 -0.204691 -0.538051 -0.749365 0.385944 -0.720438 -0.69352 0 -0.538051 -0.749365 -0.385944 0.043825 -0.956744 -0.287612 0.707107 -0.707107 0 0.043825 -0.956744 0.287612 -0.171184 -0.883906 0.435208 -0.131415 -0.967452 0.216257 -0.45401 -0.845912 0.279835 -0.223981 -0.965874 0.130073 -0.508235 -0.861219 0 -0.280593 -0.959827 0 -0.223981 -0.965874 -0.130073 -0.454034 -0.845901 -0.279831 -0.131415 -0.967452 -0.216257 -0.17115 -0.883917 -0.435199 -0.25981 -0.96566 0 -0.27995 -0.937939 0.204691 -0.27995 -0.937939 -0.204691 0.538051 -0.749365 0.385944 0.720438 -0.69352 0 0.538051 -0.749365 -0.385944 0.624327 0.781164 0 0.7813 0.624155 0 0.540679 0.781171 -0.312151 0.676638 0.624146 -0.390644 0.312151 0.781171 -0.540679 0.390652 0.624159 -0.676622 0 0.781164 -0.624327 0 0.624155 -0.7813 0.540679 0.781171 0.312151 0.676638 0.624146 0.390644 0.312151 0.781171 0.540679 0.390644 0.624146 0.676638 0 0.781164 0.624327 0 0.624155 0.7813 0.385796 -0.636146 -0.668191 0 -0.636135 -0.771578 0.668191 -0.636146 -0.385796 0.771578 -0.636135 0 0.668191 -0.636146 0.385796 0.38577 -0.636154 0.668199 0 -0.63615 0.771565 0.280593 -0.959827 0 0.223981 -0.965874 -0.130073 0.131415 -0.967452 -0.216257 0 -0.967753 -0.251903 0.223981 -0.965874 0.130073 0.131415 -0.967452 0.216257 0 -0.967753 0.251903 -0.624327 0.781164 0 -0.540679 0.781171 -0.312151 -0.7813 0.624155 0 -0.676638 0.624146 -0.390644 -0.312151 0.781171 -0.540679 -0.390652 0.624159 -0.676622 -0.540679 0.781171 0.312151 -0.676638 0.624146 0.390644 -0.312151 0.781171 0.540679 -0.390644 0.624146 0.676638 -0.385796 -0.636146 -0.668191 -0.668191 -0.636146 -0.385796 -0.771578 -0.636135 0 -0.668199 -0.636154 0.38577 -0.385796 -0.636146 0.668191 -0.280593 -0.959827 0 -0.223981 -0.965874 -0.130073 -0.131415 -0.967452 -0.216257 -0.223981 -0.965874 0.130073 -0.131415 -0.967452 0.216257 0 0.781164 -0.624327 0 0.440879 -0.897567 0.312151 0.781171 -0.540679 0.448781 0.440877 -0.777318 0.540679 0.781171 -0.312151 0.777318 0.440877 -0.448781 0.624327 0.781164 0 0.897567 0.440879 0 -0.312151 0.781171 -0.540679 -0.448781 0.440877 -0.777318 -0.540679 0.781171 -0.312151 -0.777318 0.440877 -0.448781 -0.624327 0.781164 0 -0.897567 0.440879 0 0 0.802072 -0.597228 0.298601 0.802079 -0.517211 0.517211 0.802079 -0.298601 0.597208 0.802086 0 0 0.960138 -0.279527 0.139748 0.96014 -0.24208 0.24208 0.96014 -0.139748 0.279527 0.960138 0 -0.298601 0.802079 -0.517211 -0.517211 0.802079 -0.298601 -0.597228 0.802072 0 -0.139748 0.96014 -0.24208 -0.24208 0.96014 -0.139748 -0.279527 0.960138 0 0 0.781164 0.624327 0.312151 0.781171 0.540679 0 0.440879 0.897567 0.448781 0.440877 0.777318 0.540679 0.781171 0.312151 0.777318 0.440877 0.448781 -0.312151 0.781171 0.540679 -0.448781 0.440877 0.777318 -0.540679 0.781171 0.312151 -0.777318 0.440877 0.448781 0 0.802072 0.597228 0.298601 0.802079 0.517211 0.517211 0.802079 0.298601 0 0.960138 0.279527 0.139748 0.96014 0.24208 0.24208 0.96014 0.139748 -0.298601 0.802079 0.517211 -0.517211 0.802079 0.298601 -0.139748 0.96014 0.24208 -0.24208 0.96014 0.139748 0 0.960138 -0.279527 0 0.960138 0.279527 0.139748 0.96014 -0.24208 0.139748 0.96014 0.24208 0.24208 0.96014 0.139748 0.279527 0.960138 0 0.24208 0.96014 -0.139748 -0.139748 0.96014 -0.24208 -0.24208 0.96014 -0.139748 -0.279527 0.960138 0 -0.24208 0.96014 0.139748 -0.139748 0.96014 0.24208 0 -0.993277 -0.115759 0 -0.993277 0.115759 0.043825 -0.956744 -0.287612 0.707107 -0.707107 0 0.043825 -0.956744 0.287612 0 -0.919686 0.392656 -0.17115 -0.883917 0.435199 0 -0.967753 0.251903 -0.131385 -0.967456 0.216258 -0.45401 -0.845912 0.279835 -0.223981 -0.965874 0.130073 -0.508235 -0.861219 0 -0.280593 -0.959827 0 -0.223981 -0.965874 -0.130073 -0.45401 -0.845912 -0.279835 -0.131385 -0.967456 -0.216258 -0.171152 -0.883929 -0.435174 0 -0.96776 -0.251874 0 -0.919697 -0.39263 -0.25981 -0.96566 0 -0.27995 -0.937939 0.204691 -0.27995 -0.937939 -0.204691 0.538051 -0.749365 0.385944 0.720438 -0.69352 0 0.538051 -0.749365 -0.385944 -0.043825 -0.956744 0.287612 -0.707107 -0.707107 0 -0.043825 -0.956744 -0.287612 0.17115 -0.883917 0.435199 0.131385 -0.967456 0.216258 0.45401 -0.845912 0.279835 0.223981 -0.965874 0.130073 0.508235 -0.861219 0 0.280593 -0.959827 0 0.223981 -0.965874 -0.130073 0.45401 -0.845912 -0.279835 0.131385 -0.967456 -0.216258 0.171152 -0.883929 -0.435174 0.25981 -0.96566 0 0.279924 -0.937953 0.204663 0.279922 -0.937947 -0.204692 -0.538051 -0.749365 0.385944 -0.720438 -0.69352 0 -0.538051 -0.749365 -0.385944 -0.624327 0.781164 0 -0.540679 0.781171 -0.312151 -0.7813 0.624155 0 -0.676638 0.624146 -0.390644 -0.312151 0.781171 -0.540679 -0.390652 0.624159 -0.676622 0 0.781164 -0.624327 0 0.624155 -0.7813 -0.540679 0.781171 0.312151 -0.676638 0.624146 0.390644 -0.312151 0.781171 0.540679 -0.390644 0.624146 0.676638 0 0.781164 0.624327 0 0.624155 0.7813 -0.385796 -0.636146 -0.668191 0 -0.636135 -0.771578 -0.668208 -0.636133 -0.385788 -0.771578 -0.636135 0 -0.668208 -0.636133 0.385788 -0.385788 -0.636133 0.668208 0 -0.636135 0.771578 -0.280593 -0.959827 0 -0.223981 -0.965874 -0.130073 -0.131385 -0.967456 -0.216258 0 -0.96776 -0.251874 -0.223981 -0.965874 0.130073 -0.131385 -0.967456 0.216258 0 -0.967753 0.251903 0.624327 0.781164 0 0.7813 0.624155 0 0.540679 0.781171 -0.312151 0.676638 0.624146 -0.390644 0.312151 0.781171 -0.540679 0.390652 0.624159 -0.676622 0.540679 0.781171 0.312151 0.676638 0.624146 0.390644 0.312151 0.781171 0.540679 0.390644 0.624146 0.676638 0.385796 -0.636146 -0.668191 0.668208 -0.636133 -0.385788 0.771578 -0.636135 0 0.668208 -0.636133 0.385788 0.385788 -0.636133 0.668208 0.280593 -0.959827 0 0.223981 -0.965874 -0.130073 0.131385 -0.967456 -0.216258 0.223981 -0.965874 0.130073 0.131385 -0.967456 0.216258 0 0.781164 -0.624327 -0.312151 0.781171 -0.540679 0 0.440879 -0.897567 -0.448781 0.440877 -0.777318 -0.540679 0.781171 -0.312151 -0.777318 0.440877 -0.448781 -0.624327 0.781164 0 -0.897567 0.440879 0 0.312151 0.781171 -0.540679 0.448781 0.440877 -0.777318 0.540679 0.781171 -0.312151 0.777318 0.440877 -0.448781 0.624327 0.781164 0 0.897567 0.440879 0 0 0.802086 -0.597208 -0.298601 0.802079 -0.517211 -0.517211 0.802079 -0.298601 -0.597208 0.802086 0 0 0.960138 -0.279527 -0.139748 0.96014 -0.24208 -0.24208 0.96014 -0.139748 -0.279527 0.960138 0 0.298601 0.802079 -0.517211 0.517211 0.802079 -0.298601 0.597208 0.802086 0 0.139748 0.96014 -0.24208 0.242051 0.960147 -0.139749 0.279527 0.960138 0 0 0.781164 0.624327 0 0.440879 0.897567 -0.312151 0.781171 0.540679 -0.448781 0.440877 0.777318 -0.540679 0.781171 0.312151 -0.777318 0.440877 0.448781 0.312151 0.781171 0.540679 0.448781 0.440877 0.777318 0.540679 0.781171 0.312151 0.777318 0.440877 0.448781 0 0.802086 0.597208 -0.298601 0.802079 0.517211 -0.517211 0.802079 0.298601 0 0.960138 0.279527 -0.139748 0.96014 0.24208 -0.24208 0.96014 0.139748 0.298601 0.802079 0.517211 0.517211 0.802079 0.298601 0.139748 0.96014 0.24208 0.242051 0.960147 0.139749 0 0.960138 -0.279527 -0.139748 0.96014 -0.24208 0 0.960138 0.279527 -0.24208 0.96014 -0.139748 -0.279527 0.960138 0 -0.24208 0.96014 0.139748 -0.139748 0.96014 0.24208 0.139748 0.96014 -0.24208 0.139748 0.96014 0.24208 0.242051 0.960147 0.139749 0.279527 0.960138 0 0.242051 0.960147 -0.139749 -0.521535 -0.526815 0.671169 -0.631082 -0.588476 -0.505403 0.515442 -0.527528 0.675303 0.637086 -0.587248 -0.499261 0.762862 0.333729 -0.553774 0.637086 -0.587248 -0.499261 -0.768937 0.310535 -0.558841 -0.631082 -0.588476 -0.505403 0.553584 0.133093 -0.82209 -0.567509 0.13868 -0.811604 0.515442 -0.527528 0.675303 0.637086 -0.587248 -0.499261 0.567192 0.536246 0.625086 0.762862 0.333729 -0.553774 0.567192 0.536246 0.625086 -0.574217 0.534146 0.620454 0.515442 -0.527528 0.675303 -0.521535 -0.526815 0.671169 -0.768937 0.310535 -0.558841 -0.631082 -0.588476 -0.505403 -0.574217 0.534146 0.620454 -0.521535 -0.526815 0.671169 0.518758 0.716062 -0.467059 -0.504116 0.724312 -0.470362 0.437192 0.691938 0.57453 -0.412712 0.707559 0.57361 -0.420615 0.817424 0.393575 -0.567509 0.13868 -0.811604 0.567192 0.536246 0.625086 0.41659 0.810199 0.412348 -0.574217 0.534146 0.620454 -0.420615 0.817424 0.393575 0.41659 0.810199 0.412348 0.553584 0.133093 -0.82209 -0.412712 0.707559 0.57361 -0.504116 0.724312 -0.470362 -0.420615 0.817424 0.393575 0.41659 0.810199 0.412348 -0.412712 0.707559 0.57361 0.437192 0.691938 0.57453 0.437192 0.691938 0.57453 0.518758 0.716062 -0.467059 -0.504116 0.724312 -0.470362 0.518758 0.716062 -0.467059 0 0.941388 0.337326 0.168648 0.941392 0.292129 0 0.941388 -0.337326 0.168648 0.941392 -0.292129 0.292129 0.941392 -0.168648 0.292129 0.941392 0.168648 0.337326 0.941388 0 -0.168648 0.941392 0.292129 -0.168648 0.941392 -0.292129 -0.292129 0.941392 -0.168648 -0.292129 0.941392 0.168648 -0.337326 0.941388 0 0.378558 -0.65323 0.655732 0.378558 -0.65323 -0.655732 0.655725 -0.653222 0.378584 0.655725 -0.653222 -0.378584 0 -0.653236 -0.757154 0 -0.653236 0.757154 0.757154 -0.653236 0 -0.378558 -0.65323 0.655732 -0.378558 -0.65323 -0.655732 -0.655732 -0.65323 -0.378558 -0.655732 -0.65323 0.378558 -0.757154 -0.653236 0 -0.549007 0.773383 -0.316971 -0.859933 0.118536 -0.496452 -0.316971 0.773383 -0.549007 -0.496465 0.118539 -0.859925 0 0.773382 -0.633941 0 0.118537 -0.99295 -0.99295 0.118537 0 -0.633941 0.773382 0 -0.859925 0.118539 0.496465 -0.549007 0.773383 0.316971 -0.496465 0.118539 0.859925 -0.316971 0.773383 0.549007 0 0.118537 0.99295 0 0.773382 0.633941 -0.435478 0.491389 -0.754251 0 0.491382 -0.870944 -0.754251 0.491389 -0.435478 -0.870957 0.491359 0 -0.754251 0.491389 0.435478 -0.435478 0.491389 0.754251 0 0.491382 0.870944 -0.7813 0.624155 0 -0.676638 0.624146 0.390644 -0.390644 0.624146 0.676638 0 0.624155 0.7813 -0.676638 0.624146 -0.390644 -0.390644 0.624146 -0.676638 0 0.624155 -0.7813 0 0.941388 0.337326 -0.168648 0.941392 0.292129 -0.292129 0.941392 0.168648 -0.337326 0.941388 0 -0.292129 0.941392 -0.168648 -0.168648 0.941392 -0.292129 0 0.941388 -0.337326 -0.378558 -0.65323 -0.655732 -0.655732 -0.65323 -0.378558 0 -0.653236 -0.757154 -0.757154 -0.653236 0 -0.655732 -0.65323 0.378558 -0.378558 -0.65323 0.655732 0 -0.653236 0.757154 0.316971 0.773383 -0.549007 0.549007 0.773383 -0.316971 0.859912 0.118537 -0.496488 0.496488 0.118537 -0.859912 0.99295 0.118537 0 0.633941 0.773382 0 0.859912 0.118537 0.496488 0.549007 0.773383 0.316971 0.496488 0.118537 0.859912 0.316971 0.773383 0.549007 0.435478 0.491389 0.754251 0.754263 0.491366 0.435485 0.870944 0.491382 0 0.754251 0.491389 -0.435478 0.435478 0.491389 -0.754251 0.7813 0.624155 0 0.676622 0.624159 0.390652 0.390644 0.624146 0.676638 0.676622 0.624159 -0.390652 0.390644 0.624146 -0.676638 0.168648 0.941392 0.292129 0.292129 0.941392 0.168648 0.337326 0.941388 0 0.292129 0.941392 -0.168648 0.168648 0.941392 -0.292129 0.378558 -0.65323 -0.655732 0.655725 -0.653222 -0.378584 0.757154 -0.653236 0 0.655725 -0.653222 0.378584 0.378558 -0.65323 0.655732 0 0.433981 0.900922 0.410422 0.571137 0.710884 0.449275 0.437922 0.778701 0.710884 0.571137 0.410422 0.778691 0.437916 0.4493 0.820852 0.571141 0 0.900922 0.433981 0 0.710884 0.571137 -0.410422 0.778701 0.437922 -0.449275 0.410422 0.571137 -0.710884 0.449275 0.437922 -0.778701 0 0.571127 -0.820862 0 0.433981 -0.900922 -0.449275 0.437922 0.778701 0 0.571127 0.820862 -0.778691 0.437916 0.4493 -0.41043 0.571116 0.710897 -0.900934 0.433956 0 -0.710897 0.571116 0.41043 -0.778691 0.437916 -0.4493 -0.820876 0.571107 0 -0.4493 0.437916 -0.778691 -0.710884 0.571137 -0.410422 -0.410422 0.571137 -0.710884 0 -0.26329 0.964717 0.684885 -0.248641 0.684916 0.964717 -0.26329 0 0.684901 -0.248636 -0.684901 0 -0.26329 -0.964717 -0.68488 -0.24867 0.684911 -0.964717 -0.26329 0 -0.68488 -0.24867 -0.684911 0.948589 -0.316512 0 0.869038 0.034669 0.493528 0.659068 -0.362297 0.659068 0 -0.316512 -0.948589 0.493528 0.034669 -0.869038 0.659068 -0.362297 -0.659068 0 -0.316512 0.948589 -0.493528 0.034669 0.869038 -0.659075 -0.36227 0.659075 -0.948589 -0.316512 0 -0.869038 0.034669 -0.493528 -0.659093 -0.362263 -0.659062 0.654099 -0.379879 0.654099 0 -0.38845 0.92147 0.92147 -0.38845 0 0.654099 -0.379879 -0.654099 0 -0.38845 -0.92147 0.680765 -0.270402 -0.680765 0 -0.279193 -0.960235 0.960235 -0.279193 0 0.680765 -0.270402 0.680765 0 -0.279184 0.960238 -0.654099 -0.379879 0.654099 -0.921481 -0.388424 0 -0.654099 -0.379879 -0.654099 -0.680771 -0.270373 0.680771 -0.960235 -0.279193 0 -0.680771 -0.270373 -0.680771 -0.637086 -0.587248 -0.499261 0.631082 -0.588476 -0.505403 -0.515442 -0.527528 0.675303 0.521535 -0.526815 0.671169 -0.762862 0.333729 -0.553774 0.768937 0.310535 -0.558841 -0.637086 -0.587248 -0.499261 0.631082 -0.588476 -0.505403 -0.553584 0.133093 -0.82209 0.567509 0.13868 -0.811604 -0.762862 0.333729 -0.553774 -0.637086 -0.587248 -0.499261 -0.567192 0.536246 0.625086 -0.515442 -0.527528 0.675303 -0.567192 0.536246 0.625086 -0.515442 -0.527528 0.675303 0.574217 0.534146 0.620454 0.521535 -0.526815 0.671169 0.521535 -0.526815 0.671169 0.631082 -0.588476 -0.505403 0.574217 0.534146 0.620454 0.768937 0.310535 -0.558841 0.412712 0.707559 0.57361 0.504116 0.724312 -0.470362 -0.437192 0.691938 0.57453 -0.518758 0.716062 -0.467059 0.420615 0.817424 0.393575 0.567509 0.13868 -0.811604 0.420615 0.817424 0.393575 -0.41659 0.810199 0.412348 0.574217 0.534146 0.620454 -0.567192 0.536246 0.625086 -0.553584 0.133093 -0.82209 -0.41659 0.810199 0.412348 0.412712 0.707559 0.57361 0.504116 0.724312 -0.470362 -0.437192 0.691938 0.57453 -0.41659 0.810199 0.412348 0.412712 0.707559 0.57361 0.420615 0.817424 0.393575 -0.437192 0.691938 0.57453 -0.518758 0.716062 -0.467059 -0.518758 0.716062 -0.467059 0.504116 0.724312 -0.470362 0 0.941388 0.337326 0 0.941388 -0.337326 -0.168648 0.941392 0.292129 -0.168648 0.941392 -0.292129 -0.292129 0.941392 -0.168648 -0.292129 0.941392 0.168648 -0.337326 0.941388 0 0.168648 0.941392 0.292129 0.168648 0.941392 -0.292129 0.292129 0.941392 -0.168648 0.292129 0.941392 0.168648 0.337326 0.941388 0 0 -0.653236 0.757154 -0.378558 -0.65323 0.655732 0 -0.653236 -0.757154 -0.378558 -0.65323 -0.655732 -0.655732 -0.65323 -0.378558 -0.655732 -0.65323 0.378558 -0.757154 -0.653236 0 0.378558 -0.65323 0.655732 0.378558 -0.65323 -0.655732 0.655732 -0.65323 0.378558 0.655732 -0.65323 -0.378558 0.757154 -0.653236 0 0.549007 0.773383 -0.316971 0.316971 0.773383 -0.549007 0.859933 0.118536 -0.496452 0.496465 0.118539 -0.859925 0 0.773382 -0.633941 0 0.118537 -0.99295 0.99295 0.118537 0 0.633941 0.773382 0 0.859925 0.118539 0.496465 0.549007 0.773383 0.316971 0.496465 0.118539 0.859925 0.316971 0.773383 0.549007 0 0.118537 0.99295 0 0.773382 0.633941 0.435478 0.491389 -0.754251 0 0.491382 -0.870944 0.754251 0.491389 -0.435478 0.870944 0.491382 0 0.754251 0.491389 0.435478 0.435478 0.491389 0.754251 0 0.491382 0.870944 0.7813 0.624155 0 0.676638 0.624146 0.390644 0.390644 0.624146 0.676638 0 0.624155 0.7813 0.676638 0.624146 -0.390644 0.390644 0.624146 -0.676638 0 0.624155 -0.7813 0 0.941388 0.337326 0.168648 0.941392 0.292129 0.292129 0.941392 0.168648 0.337326 0.941388 0 0.292129 0.941392 -0.168648 0.168648 0.941392 -0.292129 0 0.941388 -0.337326 0.378558 -0.65323 -0.655732 0.655732 -0.65323 -0.378558 0 -0.653236 -0.757154 0.757154 -0.653236 0 0.655732 -0.65323 0.378558 0.378558 -0.65323 0.655732 0 -0.653236 0.757154 -0.549007 0.773383 -0.316971 -0.859912 0.118537 -0.496488 -0.316971 0.773383 -0.549007 -0.496465 0.118539 -0.859925 -0.99295 0.118537 0 -0.633941 0.773382 0 -0.859912 0.118537 0.496488 -0.549007 0.773383 0.316971 -0.496465 0.118539 0.859925 -0.316971 0.773383 0.549007 -0.435478 0.491389 0.754251 -0.754263 0.491366 0.435485 -0.870944 0.491382 0 -0.754251 0.491389 -0.435478 -0.435478 0.491389 -0.754251 -0.7813 0.624155 0 -0.676638 0.624146 0.390644 -0.390644 0.624146 0.676638 -0.676638 0.624146 -0.390644 -0.390644 0.624146 -0.676638 -0.168648 0.941392 0.292129 -0.292129 0.941392 0.168648 -0.337326 0.941388 0 -0.292129 0.941392 -0.168648 -0.168648 0.941392 -0.292129 -0.378558 -0.65323 -0.655732 -0.655732 -0.65323 -0.378558 -0.757154 -0.653236 0 -0.655732 -0.65323 0.378558 -0.378558 -0.65323 0.655732 0 0.433981 0.900922 0 -0.26329 0.964717 -0.449275 0.437922 0.778701 -0.684885 -0.248641 0.684916 -0.778691 0.437916 0.4493 -0.964717 -0.26329 0 -0.900922 0.433981 0 -0.778701 0.437922 -0.449275 -0.684901 -0.248636 -0.684901 -0.449275 0.437922 -0.778701 0 -0.26329 -0.964717 0 0.433981 -0.900922 0.449275 0.437922 0.778701 0.68488 -0.24867 0.684911 0.778691 0.437916 0.4493 0.964717 -0.26329 0 0.900934 0.433956 0 0.778691 0.437916 -0.4493 0.68488 -0.24867 -0.684911 0.4493 0.437916 -0.778691 -0.659068 -0.362297 0.659068 0 -0.316512 0.948589 -0.493528 0.034669 0.869038 -0.659068 -0.362297 -0.659068 -0.948589 -0.316512 0 -0.869038 0.034669 -0.493528 0.659075 -0.36227 0.659075 0.948589 -0.316512 0 0.869038 0.034669 0.493528 0.659093 -0.362263 -0.659062 0 -0.316512 -0.948589 0.493528 0.034669 -0.869038 -0.654099 -0.379879 0.654099 0 -0.38845 0.92147 -0.92147 -0.38845 0 -0.654099 -0.379879 -0.654099 0 -0.38845 -0.92147 -0.680765 -0.270402 -0.680765 0 -0.279193 -0.960235 -0.960235 -0.279193 0 -0.680765 -0.270402 0.680765 0 -0.279184 0.960238 0.654099 -0.379879 0.654099 0.921481 -0.388424 0 0.654099 -0.379879 -0.654099 0.680771 -0.270373 0.680771 0.960235 -0.279193 0 0.680771 -0.270373 -0.680771 0.66075 0.610424 0.436797 0.265608 0.365741 0.892012 0 0.451871 0.892083 0.446738 0.615051 0.649721 0.69921 0.508003 0.503029 0.51855 0.713445 0.471276 0 0.760283 0.649592 0.267162 0.822269 0.502492 0 0.882195 0.470884 -0.722848 0.234845 0.649876 -0.838839 0.271139 0.472051 -0.265608 0.365741 0.892012 -0.446738 0.615051 0.649721 -0.69921 0.508003 0.503029 -0.51855 0.713445 0.471276 -0.267162 0.822269 0.502492 0.549692 0.731285 0.403808 0.148325 0.335563 0.930267 -0.636385 0 -0.771371 -0.796334 0 -0.604857 -0.636385 0 -0.771371 -0.796334 0 -0.604857 0.519685 0.637307 0.569005 -0.89089 0 -0.454219 0.66075 0.610424 0.436797 -0.89089 0 -0.454219 0 0.09168 0.995788 0.493528 0.034669 0.869038 0.995786 0.09171 0 0.869038 0.034669 -0.493528 0 0.09171 -0.995786 -0.869038 0.034669 0.493528 -0.995788 0.09168 0 -0.493528 0.034669 -0.869038 0 0.09168 0.995788 0 0.571127 0.820862 -0.410422 0.571137 0.710884 -0.869038 0.034669 0.493528 -0.710884 0.571137 0.410422 -0.995786 0.09171 0 -0.820852 0.571141 0 -0.710884 0.571137 -0.410422 -0.410422 0.571137 -0.710884 0 0.571127 -0.820862 0.410422 0.571137 0.710884 0.493528 0.034669 0.869038 0.710897 0.571116 0.41043 0.410422 0.571137 -0.710884 0.820876 0.571107 0 0.710884 0.571137 -0.410422 -0.493528 0.034669 -0.869038 0 0.09171 -0.995786 0.995788 0.09168 0 0.869038 0.034669 -0.493528</float_array>
          <technique_common>
            <accessor source="#GeometrySource1-array" count="2390" stride="3">
              <param name="X" type="float"/>
              <param name="Y" type="float"/>
              <param name="Z" type="float"/>
            </accessor>
          </technique_common>
        </source>
        <source id="GeometrySource2" name="chr341UV">
          <float_array id="GeometrySource2-array" count="4780">0.472704 0.076049 0.440762 0.076049 0.472704 0.064829 0.440762 0.064829 0.440762 0.055523 0.472704 0.055523 0.481668 0.114405 0.481668 0.084598 0.494083 0.114405 0.494083 0.084598 0.481668 0.059403 0.494083 0.059403 0.481668 0.034208 0.494083 0.034208 0.481668 0.004399 0.494083 0.004399 0.507421 0.114405 0.507421 0.084598 0.507421 0.034208 0.507421 0.059403 0.507421 0.004399 0.494083 0.114405 0.494083 0.084598 0.494083 0.034208 0.494083 0.004399 0.494083 0.059403 0.481668 0.084598 0.494083 0.084598 0.481668 0.059403 0.494083 0.059403 0.481668 0.034208 0.494083 0.034208 0.507421 0.084598 0.507421 0.034208 0.507421 0.059403 0.494083 0.084598 0.494083 0.034208 0.494083 0.059403 0.427992 0.099349 0.440516 0.099349 0.440516 0.113342 0.440516 0.099349 0.472233 0.099349 0.472233 0.113342 0.440516 0.085356 0.472233 0.085356 0.472233 0.099349 0.472704 0.076049 0.472704 0.064829 0.440762 0.076049 0.440762 0.064829 0.440762 0.055523 0.472704 0.055523 0.472704 0.076049 0.472704 0.064829 0.440762 0.076049 0.440762 0.064829 0.472704 0.055523 0.440762 0.055523 0.128451 0.19784 0.195838 0.25544 0.146006 0.25544 0.120115 0.170159 0.213393 0.197839 0.061247 0.249895 0.107205 0.285495 0.170922 0.334086 0.092397 0.334086 0.079698 0.201467 0.039282 0.232775 0.03559 0.334086 0.023844 0.283431 0.008407 0.334087 0.195838 0.25544 0.146006 0.25544 0.170922 0.170159 0.120115 0.170159 0.128451 0.19784 0.061247 0.249895 0.107205 0.285495 0.079698 0.201467 0.039282 0.232775 0.023844 0.283431 0.885728 0.71801 0.91002 0.71801 0.893323 0.740035 0.91031 0.740035 0.910309 0.817683 0.893323 0.817683 0.910118 0.840428 0.903664 0.840428 0.934312 0.71801 0.927298 0.740035 0.927298 0.817684 0.916574 0.840428 0.910118 0.840428 0.91031 0.740035 0.91002 0.71801 0.910309 0.817683 0.901635 0.730623 0.901635 0.692976 0.910242 0.730623 0.910242 0.692976 0.918847 0.730623 0.918848 0.692976 0.910242 0.730623 0.910242 0.692976 0.885661 0.71801 0.909953 0.71801 0.893256 0.740035 0.910243 0.740035 0.910243 0.817683 0.893256 0.817683 0.910052 0.840428 0.903598 0.840428 0.934246 0.71801 0.927231 0.740035 0.927231 0.817683 0.916507 0.840428 0.910052 0.840428 0.910243 0.740035 0.909953 0.71801 0.910243 0.817683 0.901569 0.730623 0.901569 0.692976 0.910176 0.730623 0.910176 0.692976 0.918781 0.730623 0.918781 0.692976 0.910176 0.730623 0.910176 0.692976 0.924212 0.972356 0.905563 0.952842 0.920264 0.905731 0.905563 0.925245 0.894275 0.973679 0.882924 0.940523 0.894275 0.904676 0.922345 0.885349 0.950585 0.905731 0.952689 0.885349 0.980193 0.904676 0.922345 0.992934 0.950585 0.972356 0.952689 0.992934 0.969235 0.925245 0.99145 0.940523 0.969235 0.952842 0.980193 0.973679 0.030243 0.022751 0.002092 0.022751 0.030243 0.002828 0.002092 0.002828 0.002092 0.042687 0.030243 0.042687 0.0475 0.022751 0.0475 0.042687 0.062218 0.042687 0.062218 0.022751 0.0475 0.002828 0.062218 0.002828 0.072521 0.002828 0.072521 0.022751 0.082135 0.002828 0.082135 0.022751 0.092853 0.022751 0.092853 0.002828 0.146735 0.022751 0.146735 0.002828 0.162443 0.002828 0.162443 0.022751 0.17588 0.022751 0.17588 0.002828 0.186108 0.022751 0.186108 0.002828 0.215328 0.002828 0.215328 0.022751 0.242922 0.022751 0.215328 0.042687 0.242922 0.042687 0.26972 0.022751 0.242922 0.002828 0.26972 0.002828 0.280885 0.022751 0.280885 0.002828 0.26972 0.042687 0.280885 0.042687 0.288917 0.042687 0.288917 0.022751 0.288917 0.002828 0.186108 0.042687 0.17588 0.042687 0.162442 0.042687 0.146735 0.042687 0.092853 0.042687 0.082135 0.042687 0.072521 0.042687 0.072521 0.062527 0.062218 0.062527 0.0475 0.062527 0.030243 0.062527 0.002092 0.062527 0.082135 0.062527 0.092853 0.062527 0.146735 0.062527 0.162442 0.062527 0.17588 0.062527 0.186108 0.062527 0.215328 0.062527 0.242922 0.062527 0.26972 0.062527 0.280885 0.062527 0.288917 0.062527 0.26972 0.042687 0.280885 0.042687 0.288917 0.042687 0.242922 0.042687 0.215328 0.042687 0.186108 0.042687 0.17588 0.042687 0.162442 0.042687 0.146735 0.042687 0.092853 0.042687 0.082135 0.042687 0.072521 0.042687 0.062218 0.042687 0.0475 0.042687 0.030243 0.042687 0.002092 0.042687 0.002092 0.022751 0.030243 0.022751 0.0475 0.022751 0.062218 0.022751 0.072521 0.022751 0.082135 0.022751 0.092853 0.022751 0.146735 0.022751 0.162443 0.022751 0.17588 0.022751 0.186108 0.022751 0.215328 0.022751 0.242922 0.022751 0.26972 0.022751 0.280885 0.022751 0.288917 0.022751 0.037547 0.002828 0.037547 0.022751 0.019445 0.002828 0.019445 0.022751 0.0475 0.002828 0.0475 0.022751 0.062218 0.002828 0.062218 0.022751 0.072521 0.002828 0.072521 0.022751 0.082113 0.022751 0.082113 0.002828 0.092853 0.022751 0.092853 0.002828 0.116823 0.022751 0.116823 0.002828 0.135944 0.002828 0.135944 0.022751 0.155066 0.022751 0.155066 0.002828 0.174188 0.022751 0.174187 0.002828 0.193309 0.022751 0.174187 0.042687 0.193309 0.042687 0.215328 0.022751 0.215328 0.002828 0.22665 0.002828 0.22665 0.022751 0.242922 0.022751 0.242922 0.002828 0.258575 0.022751 0.258575 0.002828 0.288917 0.002828 0.258575 0.042687 0.242922 0.042687 0.258575 0.062527 0.242922 0.062527 0.288917 0.062527 0.22665 0.042687 0.22665 0.062527 0.215328 0.042687 0.215328 0.062527 0.193309 0.062527 0.174188 0.062527 0.155066 0.062527 0.155066 0.042687 0.135944 0.062527 0.135944 0.042687 0.116823 0.042687 0.116823 0.062527 0.092853 0.042687 0.092853 0.062527 0.082113 0.042687 0.082113 0.062527 0.072521 0.042687 0.072521 0.062527 0.062218 0.062527 0.062218 0.042687 0.0475 0.042687 0.0475 0.062527 0.037547 0.042687 0.037547 0.062527 0.019445 0.042687 0.019445 0.062527 0.002092 0.042687 0.002092 0.022751 0.002092 0.002828 0.002092 0.062527 0.215328 0.042687 0.22665 0.042687 0.242922 0.042687 0.258575 0.042687 0.288917 0.042687 0.258575 0.022751 0.288917 0.022751 0.242922 0.022751 0.22665 0.022751 0.215328 0.022751 0.193309 0.002828 0.193309 0.022751 0.193309 0.042687 0.174188 0.022751 0.174187 0.042687 0.155066 0.042687 0.155066 0.022751 0.135944 0.042687 0.135944 0.022751 0.116823 0.042687 0.116823 0.022751 0.092853 0.042687 0.092853 0.022751 0.082113 0.042687 0.082113 0.022751 0.072521 0.022751 0.062218 0.022751 0.072521 0.042687 0.062218 0.042687 0.0475 0.042687 0.0475 0.022751 0.037547 0.042687 0.037547 0.022751 0.019445 0.042687 0.019445 0.022751 0.002092 0.042687 0.002092 0.022751 0.019445 0.022751 0.037547 0.022751 0.019445 0.002828 0.037547 0.002828 0.0475 0.002828 0.0475 0.022751 0.062218 0.002828 0.062218 0.022751 0.072521 0.002828 0.072521 0.022751 0.082113 0.022751 0.082113 0.002828 0.092853 0.022751 0.092853 0.002828 0.116823 0.022751 0.116823 0.002828 0.135944 0.002828 0.135944 0.022751 0.155066 0.022751 0.155066 0.002828 0.174188 0.022751 0.174187 0.002828 0.193309 0.022751 0.174187 0.042687 0.193309 0.042687 0.215328 0.022751 0.215328 0.002828 0.22665 0.002828 0.22665 0.022751 0.242922 0.022751 0.242922 0.002828 0.258575 0.022751 0.258575 0.002828 0.288917 0.002828 0.258575 0.042687 0.242922 0.042687 0.242922 0.062527 0.22665 0.042687 0.22665 0.062527 0.215328 0.042687 0.215328 0.062527 0.193309 0.062527 0.174188 0.062527 0.155066 0.062527 0.155066 0.042687 0.135944 0.062527 0.135944 0.042687 0.116823 0.042687 0.116823 0.062527 0.092853 0.042687 0.092853 0.062527 0.082113 0.042687 0.082113 0.062527 0.072521 0.042687 0.072521 0.062527 0.062218 0.062527 0.062218 0.042687 0.0475 0.042687 0.0475 0.062527 0.037547 0.042687 0.037547 0.062527 0.019445 0.042687 0.019445 0.062527 0.002092 0.042687 0.002092 0.022751 0.002092 0.002828 0.002092 0.062527 0.22665 0.042687 0.215328 0.042687 0.242922 0.042687 0.258575 0.042687 0.288917 0.042687 0.258575 0.022751 0.288917 0.022751 0.242922 0.022751 0.22665 0.022751 0.215328 0.022751 0.193309 0.002828 0.193309 0.022751 0.193309 0.042687 0.174188 0.022751 0.174187 0.042687 0.155066 0.042687 0.155066 0.022751 0.135944 0.042687 0.135944 0.022751 0.116823 0.042687 0.116823 0.022751 0.092853 0.042687 0.092853 0.022751 0.082113 0.042687 0.082113 0.022751 0.072521 0.022751 0.062218 0.022751 0.072521 0.042687 0.062218 0.042687 0.0475 0.042687 0.0475 0.022751 0.037547 0.042687 0.037547 0.022751 0.019445 0.042687 0.019445 0.022751 0.002092 0.042687 0.002092 0.022751 0.470889 0.826178 0.501957 0.848081 0.533026 0.826178 0.482756 0.790739 0.521159 0.790739 0.562231 0.762906 0.539854 0.758304 0.562231 0.788006 0.539854 0.773113 0.614182 0.758304 0.614182 0.773113 0.539854 0.734343 0.562231 0.722294 0.614182 0.734343 0.455198 0.758304 0.455198 0.734343 0.455198 0.773113 0.562231 0.722294 0.539854 0.734343 0.614182 0.734343 0.455198 0.734343 0.562231 0.762906 0.539854 0.758304 0.614182 0.758304 0.455198 0.758304 0.924212 0.972356 0.920264 0.905731 0.905563 0.952842 0.905563 0.925245 0.894275 0.973679 0.882924 0.940523 0.894275 0.904676 0.922345 0.885349 0.950585 0.905731 0.952689 0.885349 0.980193 0.904676 0.922345 0.992934 0.950585 0.972356 0.952689 0.992934 0.969235 0.925245 0.99145 0.940523 0.969235 0.952842 0.980193 0.973679 0.002092 0.002828 0.002092 0.022751 0.030243 0.002828 0.030243 0.022751 0.002092 0.042687 0.030243 0.042687 0.0475 0.022751 0.0475 0.042687 0.062218 0.042687 0.062218 0.022751 0.0475 0.002828 0.062218 0.002828 0.072521 0.002828 0.072521 0.022751 0.082135 0.002828 0.082135 0.022751 0.092853 0.022751 0.092853 0.002828 0.146735 0.022751 0.146735 0.002828 0.162443 0.002828 0.162443 0.022751 0.17588 0.022751 0.17588 0.002828 0.186108 0.022751 0.186108 0.002828 0.215328 0.002828 0.215328 0.022751 0.242922 0.022751 0.215328 0.042687 0.242922 0.042687 0.26972 0.022751 0.242922 0.002828 0.26972 0.002828 0.280885 0.022751 0.280885 0.002828 0.26972 0.042687 0.280885 0.042687 0.288917 0.042687 0.288917 0.022751 0.288917 0.002828 0.186108 0.042687 0.17588 0.042687 0.162442 0.042687 0.146735 0.042687 0.092853 0.042687 0.082135 0.042687 0.072521 0.042687 0.072521 0.062527 0.062218 0.062527 0.0475 0.062527 0.030243 0.062527 0.002092 0.062527 0.082135 0.062527 0.092853 0.062527 0.146735 0.062527 0.162442 0.062527 0.17588 0.062527 0.186108 0.062527 0.215328 0.062527 0.242922 0.062527 0.26972 0.062527 0.280885 0.062527 0.288917 0.062527 0.26972 0.042687 0.280885 0.042687 0.288917 0.042687 0.242922 0.042687 0.215328 0.042687 0.186108 0.042687 0.17588 0.042687 0.162442 0.042687 0.146735 0.042687 0.092853 0.042687 0.082135 0.042687 0.072521 0.042687 0.062218 0.042687 0.0475 0.042687 0.030243 0.042687 0.002092 0.042687 0.002092 0.022751 0.030243 0.022751 0.0475 0.022751 0.062218 0.022751 0.072521 0.022751 0.082135 0.022751 0.092853 0.022751 0.146735 0.022751 0.162443 0.022751 0.17588 0.022751 0.186108 0.022751 0.215328 0.022751 0.242922 0.022751 0.26972 0.022751 0.280885 0.022751 0.288917 0.022751 0.470889 0.826178 0.533026 0.826178 0.501957 0.848081 0.482756 0.790739 0.521159 0.790739 0.562231 0.762906 0.562231 0.788006 0.539854 0.758304 0.539854 0.773113 0.614182 0.758304 0.614182 0.773113 0.539854 0.734343 0.562231 0.722294 0.614182 0.734343 0.455198 0.758304 0.455198 0.734343 0.455198 0.773113 0.539854 0.734343 0.562231 0.722294 0.614182 0.734343 0.455198 0.734343 0.562231 0.762906 0.539854 0.758304 0.614182 0.758304 0.455198 0.758304 0.68292 0.674553 0.68292 0.70759 0.701536 0.674553 0.694576 0.70759 0.664304 0.674553 0.671264 0.70759 0.647991 0.674553 0.661049 0.70759 0.717849 0.674553 0.704791 0.70759 0.704791 0.767418 0.68292 0.767418 0.661049 0.767418 0.671264 0.70759 0.664304 0.674553 0.68292 0.70759 0.68292 0.674553 0.701536 0.674553 0.694576 0.70759 0.68292 0.767418 0.938582 0.56483 0.965211 0.56483 0.938582 0.586556 0.965211 0.586556 0.965211 0.543533 0.938582 0.543533 0.938581 0.608216 0.965211 0.608217 0.938582 0.629877 0.965211 0.629877 0.938582 0.651603 0.965211 0.651603 0.938582 0.6729 0.965211 0.6729 0.994042 0.586556 0.994042 0.56483 0.994042 0.543533 0.994042 0.6729 0.994043 0.651603 0.994042 0.629877 0.994042 0.608217 0.903027 0.586556 0.903027 0.56483 0.932467 0.586556 0.932467 0.56483 0.903027 0.543533 0.932467 0.543533 0.932467 0.608177 0.903027 0.608177 0.932467 0.629878 0.903027 0.629878 0.932467 0.651603 0.903027 0.651603 0.932467 0.6729 0.903027 0.6729 0.85647 0.608177 0.903027 0.56483 0.903027 0.586556 0.903027 0.608177 0.903027 0.629878 0.903027 0.651603 0.965211 0.56483 0.938582 0.56483 0.938582 0.586556 0.965211 0.586556 0.965211 0.543533 0.938582 0.543533 0.938581 0.608216 0.965211 0.608217 0.938582 0.629877 0.965211 0.629877 0.938582 0.651603 0.965211 0.651603 0.938582 0.6729 0.965211 0.6729 0.903027 0.586556 0.932467 0.586556 0.903027 0.56483 0.932467 0.56483 0.903027 0.543533 0.932467 0.543533 0.932467 0.608177 0.903027 0.608177 0.932467 0.629878 0.903027 0.629878 0.932467 0.651603 0.903027 0.651603 0.932467 0.6729 0.903027 0.6729 0.85647 0.608177 0.903027 0.56483 0.903027 0.586556 0.903027 0.608177 0.903027 0.629878 0.903027 0.651603 0.938582 0.56483 0.938582 0.586556 0.965211 0.56483 0.965211 0.586556 0.938581 0.608216 0.965211 0.608217 0.938582 0.629877 0.965211 0.629877 0.938582 0.651603 0.965211 0.651603 0.994042 0.586556 0.994042 0.56483 0.994043 0.651603 0.994042 0.629877 0.994042 0.608217 0.932467 0.586556 0.932467 0.56483 0.932467 0.608177 0.932467 0.629878 0.932467 0.651603 0.938582 0.56483 0.965211 0.56483 0.938582 0.586556 0.965211 0.586556 0.938581 0.608216 0.965211 0.608217 0.938582 0.629877 0.965211 0.629877 0.938582 0.651603 0.965211 0.651603 0.932467 0.586556 0.932467 0.56483 0.932467 0.608177 0.932467 0.629878 0.932467 0.651603 0.951976 0.745426 0.974118 0.745426 0.961334 0.732349 0.974118 0.732349 0.996261 0.745426 0.986902 0.732349 0.951976 0.745426 0.961334 0.732349 0.974118 0.745426 0.974118 0.732349 0.996261 0.745426 0.986902 0.732349 0.951976 0.832829 0.961334 0.845906 0.974118 0.845906 0.974118 0.832829 0.986902 0.845906 0.996261 0.832829 0.974118 0.850693 0.961334 0.845906 0.951976 0.832829 0.986902 0.845906 0.996261 0.832829 0.974118 0.845906 0.974118 0.832829 0.961334 0.682529 0.974118 0.682529 0.986902 0.68253 0.961334 0.682529 0.974118 0.682529 0.986902 0.68253 0.928259 0.519453 0.935133 0.519177 0.928259 0.500822 0.935133 0.500822 0.911521 0.500822 0.911521 0.51973 0.895061 0.519453 0.895061 0.500822 0.888186 0.519177 0.888186 0.500822 0.895061 0.500822 0.895061 0.519453 0.911521 0.500822 0.911521 0.51973 0.928258 0.519453 0.928258 0.500822 0.885336 0.486995 0.911526 0.486995 0.938153 0.486995 0.949092 0.486995 0.874398 0.486995 0.938153 0.486995 0.911526 0.486995 0.885336 0.486995 0.891419 0.535489 0.933091 0.535489 0.948434 0.533649 0.875676 0.533649 0.933091 0.535489 0.891419 0.535489 0.967129 0.117423 0.955872 0.173045 0.991453 0.117423 0.991453 0.075121 0.969842 0.079007 0.985125 0.019047 0.965258 0.034585 0.980636 0.173045 0.93759 0.187954 0.959453 0.187954 0.910674 0.173045 0.914501 0.117935 0.87119 0.118702 0.866981 0.173044 0.829735 0.133356 0.847355 0.105904 0.914501 0.079007 0.863563 0.079007 0.819414 0.080534 0.831611 0.076946 0.808921 0.074629 0.821119 0.071042 0.873771 0.187954 0.908371 0.187954 0.90763 0.211705 0.945432 0.211705 0.950952 0.211705 0.94248 0.187954 0.864769 0.211705 0.8578 0.211705 0.866742 0.187954 0.871711 0.02287 0.908653 0.024838 0.908653 0.009197 0.871711 0.007229 0.928933 0.02956 0.968152 0.019047 0.927057 0.014057 0.553113 0.118702 0.556004 0.079007 0.572694 0.07512 0.542807 0.118702 0.580842 0.007229 0.564153 0.02287 0.813465 0.133356 0.794617 0.133356 0.850712 0.173044 0.824087 0.173044 0.792652 0.074629 0.803145 0.080534 0.850473 0.187954 0.857502 0.187954 0.599402 0.105904 0.61488 0.118702 0.581783 0.133356 0.611253 0.173044 0.579818 0.074629 0.592016 0.071042 0.63533 0.173044 0.637594 0.118478 0.681571 0.173045 0.685398 0.117935 0.73456 0.173045 0.745376 0.117423 0.685398 0.07512 0.745377 0.075121 0.634461 0.07512 0.713377 0.187954 0.679268 0.187954 0.637639 0.187954 0.67955 0.009197 0.642608 0.007229 0.697954 0.014057 0.739049 0.019047 0.759649 0.105904 0.778499 0.105904 0.763614 0.118702 0.79082 0.118702 0.761273 0.071042 0.771765 0.076946 0.908059 0.211705 0.908371 0.187954 0.629948 0.07512 0.6241 0.009197 0.616301 0.079007 0.610453 0.024838 0.842991 0.07512 0.85162 0.079007 0.855546 0.014057 0.866051 0.02956 0.694576 0.70759 0.68292 0.70759 0.701536 0.674553 0.68292 0.674553 0.664304 0.674553 0.671264 0.70759 0.647991 0.674553 0.661049 0.70759 0.717849 0.674553 0.704791 0.70759 0.704791 0.767418 0.68292 0.767418 0.661049 0.767418 0.671264 0.70759 0.664304 0.674553 0.68292 0.70759 0.68292 0.674553 0.701536 0.674553 0.694576 0.70759 0.68292 0.767418 0.938582 0.56483 0.938582 0.586556 0.965211 0.56483 0.965211 0.586556 0.965211 0.543533 0.938582 0.543533 0.938581 0.608216 0.965211 0.608217 0.938582 0.629877 0.965211 0.629877 0.938582 0.651603 0.965211 0.651603 0.938582 0.6729 0.965211 0.6729 0.994042 0.586556 0.994042 0.56483 0.994042 0.543533 0.994042 0.6729 0.994043 0.651603 0.994042 0.629877 0.994042 0.608217 0.903027 0.586556 0.932467 0.586556 0.903027 0.56483 0.932467 0.56483 0.903027 0.543533 0.932467 0.543533 0.932467 0.608177 0.903027 0.608177 0.932467 0.629878 0.903027 0.629878 0.932467 0.651603 0.903027 0.651603 0.932467 0.6729 0.903027 0.6729 0.85647 0.608177 0.903027 0.56483 0.903027 0.586556 0.903027 0.608177 0.903027 0.629878 0.903027 0.651603 0.965211 0.56483 0.938582 0.56483 0.938582 0.586556 0.965211 0.586556 0.965211 0.543533 0.938582 0.543533 0.938581 0.608216 0.965211 0.608217 0.938582 0.629877 0.965211 0.629877 0.938582 0.651603 0.965211 0.651603 0.938582 0.6729 0.965211 0.6729 0.903027 0.586556 0.903027 0.56483 0.932467 0.586556 0.932467 0.56483 0.903027 0.543533 0.932467 0.543533 0.932467 0.608177 0.903027 0.608177 0.932467 0.629878 0.903027 0.629878 0.932467 0.651603 0.903027 0.651603 0.932467 0.6729 0.903027 0.6729 0.85647 0.608177 0.903027 0.56483 0.903027 0.586556 0.903027 0.608177 0.903027 0.629878 0.903027 0.651603 0.938582 0.56483 0.965211 0.56483 0.938582 0.586556 0.965211 0.586556 0.938581 0.608216 0.965211 0.608217 0.938582 0.629877 0.965211 0.629877 0.938582 0.651603 0.965211 0.651603 0.994042 0.586556 0.994042 0.56483 0.994043 0.651603 0.994042 0.629877 0.994042 0.608217 0.932467 0.586556 0.932467 0.56483 0.932467 0.608177 0.932467 0.629878 0.932467 0.651603 0.938582 0.56483 0.965211 0.56483 0.938582 0.586556 0.965211 0.586556 0.938581 0.608216 0.965211 0.608217 0.938582 0.629877 0.965211 0.629877 0.938582 0.651603 0.965211 0.651603 0.932467 0.586556 0.932467 0.56483 0.932467 0.608177 0.932467 0.629878 0.932467 0.651603 0.951976 0.745426 0.961334 0.732349 0.974118 0.745426 0.974118 0.732349 0.996261 0.745426 0.986902 0.732349 0.951976 0.745426 0.961334 0.732349 0.974118 0.745426 0.974118 0.732349 0.996261 0.745426 0.986902 0.732349 0.951976 0.832829 0.961334 0.845906 0.974118 0.845906 0.974118 0.832829 0.986902 0.845906 0.996261 0.832829 0.974118 0.850693 0.961334 0.845906 0.951976 0.832829 0.986902 0.845906 0.996261 0.832829 0.974118 0.845906 0.974118 0.832829 0.961334 0.682529 0.974118 0.682529 0.986902 0.68253 0.961334 0.682529 0.974118 0.682529 0.986902 0.68253 0.935133 0.500822 0.935133 0.519177 0.928259 0.500822 0.928259 0.519453 0.911521 0.500822 0.911521 0.51973 0.895061 0.519453 0.895061 0.500822 0.888186 0.519177 0.888186 0.500822 0.895061 0.500822 0.895061 0.519453 0.911521 0.500822 0.911521 0.51973 0.928258 0.519453 0.928258 0.500822 0.885336 0.486995 0.911526 0.486995 0.938153 0.486995 0.949092 0.486995 0.874398 0.486995 0.938153 0.486995 0.911526 0.486995 0.885336 0.486995 0.891419 0.535489 0.933091 0.535489 0.948434 0.533649 0.875676 0.533649 0.933091 0.535489 0.891419 0.535489 0.980636 0.173045 0.955872 0.173045 0.991453 0.117423 0.93759 0.187954 0.959453 0.187954 0.967129 0.117423 0.991453 0.075121 0.969842 0.079007 0.985125 0.019047 0.965258 0.034585 0.910674 0.173045 0.908371 0.187954 0.873771 0.187954 0.866981 0.173044 0.87119 0.118702 0.829735 0.133356 0.847355 0.105904 0.914501 0.117935 0.914501 0.079007 0.863563 0.079007 0.819414 0.080534 0.831611 0.076946 0.808921 0.074629 0.821119 0.071042 0.871711 0.02287 0.908653 0.024838 0.908653 0.009197 0.871711 0.007229 0.928933 0.02956 0.968152 0.019047 0.927057 0.014057 0.553113 0.118702 0.572694 0.07512 0.556004 0.079007 0.542807 0.118702 0.580842 0.007229 0.564153 0.02287 0.824087 0.173044 0.794617 0.133356 0.850712 0.173044 0.813465 0.133356 0.792652 0.074629 0.803145 0.080534 0.850473 0.187954 0.857502 0.187954 0.611253 0.173044 0.61488 0.118702 0.581783 0.133356 0.599402 0.105904 0.579818 0.074629 0.592016 0.071042 0.63533 0.173044 0.637594 0.118478 0.681571 0.173045 0.685398 0.117935 0.73456 0.173045 0.745376 0.117423 0.685398 0.07512 0.745377 0.075121 0.634461 0.07512 0.713377 0.187954 0.679268 0.187954 0.637639 0.187954 0.67955 0.009197 0.642608 0.007229 0.697954 0.014057 0.739049 0.019047 0.79082 0.118702 0.778499 0.105904 0.763614 0.118702 0.759649 0.105904 0.761273 0.071042 0.771765 0.076946 0.945432 0.211705 0.950952 0.211705 0.94248 0.187954 0.90763 0.211705 0.864769 0.211705 0.8578 0.211705 0.866742 0.187954 0.908059 0.211705 0.908371 0.187954 0.610453 0.024838 0.6241 0.009197 0.616301 0.079007 0.629948 0.07512 0.866051 0.02956 0.85162 0.079007 0.855546 0.014057 0.842991 0.07512 0.132664 0.109993 0.195838 0.157618 0.146762 0.157618 0.120753 0.072337 0.20918 0.109992 0.124641 0.109993 0.1418 0.164091 0.111539 0.072337 0.766102 0.816295 0.870167 0.816295 0.766102 0.804613 0.870167 0.804614 0.870167 0.829382 0.766102 0.829451 0.870167 0.841009 0.766102 0.841009 0.870167 0.85088 0.766102 0.85088 0.870167 0.868017 0.766102 0.868101 0.870167 0.882304 0.766102 0.882304 0.852287 0.889693 0.870167 0.889514 0.870167 0.900379 0.836356 0.896643 0.834746 0.900218 0.829287 0.913675 0.870167 0.922646 0.829621 0.92246 0.870167 0.948194 0.828837 0.948006 0.870167 0.967641 0.823176 0.967428 0.870167 0.982708 0.815019 0.98246 0.870167 0.996723 0.766102 0.982238 0.766102 0.996723 0.766102 0.967171 0.766102 0.947724 0.766102 0.922175 0.766102 0.899909 0.32325 0.687256 0.282473 0.665429 0.282473 0.714018 0.252333 0.687256 0.237055 0.665429 0.237055 0.714018 0.252333 0.714018 0.182886 0.665429 0.184437 0.714018 0.184283 0.591036 0.237055 0.591036 0.197272 0.510873 0.161039 0.565237 0.165724 0.510873 0.237055 0.510873 0.282473 0.510873 0.282473 0.591036 0.174655 0.453032 0.206033 0.453033 0.282473 0.453033 0.237055 0.453033 0.237055 0.407954 0.282473 0.407954 0.266365 0.376262 0.233788 0.376262 0.207836 0.407953 0.346073 0.453033 0.345181 0.407954 0.30499 0.376262 0.205419 0.376262 0.235659 0.366555 0.105702 0.407953 0.108839 0.453032 0.417478 0.407954 0.435278 0.453034 0.394044 0.453034 0.441522 0.510874 0.488816 0.510874 0.482058 0.453034 0.394044 0.510704 0.394044 0.590217 0.346073 0.591037 0.346073 0.510873 0.444623 0.591037 0.346073 0.665429 0.394044 0.664563 0.346073 0.714018 0.394044 0.714019 0.444622 0.664597 0.444622 0.714019 0.492172 0.664597 0.492172 0.714019 0.492172 0.591037 0.394044 0.745434 0.346073 0.745531 0.394044 0.784836 0.394044 0.821441 0.427293 0.821441 0.346073 0.784836 0.32325 0.714018 0.32325 0.745531 0.282473 0.772285 0.252333 0.74553 0.237055 0.74553 0.183291 0.74553 0.237055 0.784836 0.184283 0.784836 0.188326 0.812292 0.237055 0.821441 0.205759 0.838824 0.237055 0.845089 0.150165 0.804755 0.135723 0.784836 0.101795 0.794985 0.129894 0.816806 0.16883 0.828106 0.082219 0.784835 0.07888 0.74553 0.045406 0.753259 0.056267 0.714018 0.082083 0.714018 0.056546 0.665428 0.003764 0.665428 0.00392 0.714018 0.090917 0.665428 0.135723 0.714018 0.144782 0.665429 0.056824 0.616834 0.101562 0.616834 0.059275 0.784979 0.160541 0.616834 0.003608 0.616834 0.135723 0.74553 0.003609 0.565145 0.056054 0.565145 0.055048 0.510781 0.007138 0.510781 0.053788 0.453032 0.014242 0.453032 0.039535 0.407953 0.119612 0.376262 0.118543 0.910641 0.123178 0.876411 0.081818 0.907876 0.078354 0.868166 0.086105 0.930427 0.060855 0.948716 0.047744 0.911682 0.012531 0.948716 0.001236 0.914855 0.118698 0.938078 0.046152 0.87139 0.000444 0.87139 0.086694 0.858282 0.129341 0.843065 0.093188 0.833921 0.093909 0.95638 0.058918 0.975399 0.156613 0.941951 0.161185 0.959153 0.282473 0.943899 0.282473 0.91967 0.155838 0.91596 0.403655 0.922999 0.403542 0.945779 0.492266 0.943923 0.492173 0.921717 0.52547 0.924388 0.525576 0.908647 0.282473 0.892655 0.156771 0.887023 0.282473 0.960544 0.159632 0.985097 0.282473 0.985717 0.403466 0.961912 0.403352 0.986348 0.492511 0.980254 0.492364 0.958371 0.525401 0.938455 0.525295 0.95976 0.540063 0.910244 0.525693 0.891096 0.492068 0.896958 0.525896 0.869812 0.492272 0.869213 0.403782 0.897602 0.404002 0.868862 0.339398 0.868862 0.282473 0.865721 0.541557 0.920968 0.544527 0.872688 0.546021 0.872688 0.53898 0.853386 0.537685 0.853244 0.210578 0.863105 0.163631 0.851738 0.346073 0.821441 0.346073 0.845089 0.282473 0.845089 0.282473 0.821441 0.282473 0.784836 0.427237 0.845089 0.133481 0.536142 0.137277 0.465582 0.130257 0.59606 0.081974 0.534693 0.082453 0.463822 0.081568 0.594863 0.064954 0.854462 0.064784 0.833009 0.024151 0.855332 0.025201 0.730639 0.002034 0.731495 0.024023 0.744971 0.00366 0.742757 0.023232 0.784979 0.052549 0.812901 0.086528 0.818231 0.310359 0.132474 0.310359 0.21643 0.472487 0.213157 0.487083 0.132474 0.454638 0.407954 0.346684 0.376262 0.71625 0.938393 0.690676 0.963968 0.737975 0.950936 0.703219 0.985693 0.729583 0.903457 0.750697 0.903457 0.71625 0.868522 0.737975 0.855979 0.690676 0.842946 0.703219 0.821222 0.65574 0.833585 0.65574 0.8085 0.620804 0.842946 0.608261 0.821222 0.595229 0.868522 0.573504 0.855979 0.585868 0.903457 0.560783 0.903457 0.595229 0.938393 0.573504 0.950936 0.620804 0.963968 0.608261 0.985693 0.65574 0.973329 0.65574 0.998415 0.667096 0.94584 0.633027 0.942797 0.65574 0.903457 0.695079 0.92617 0.698123 0.892101 0.678453 0.864118 0.644383 0.861075 0.6164 0.880745 0.613357 0.914814 0.766102 0.816295 0.766102 0.804613 0.766102 0.829451 0.766102 0.841009 0.766102 0.85088 0.766102 0.868101 0.766102 0.882304 0.852287 0.889693 0.836356 0.896643 0.834746 0.900218 0.829287 0.913675 0.829621 0.92246 0.828837 0.948006 0.823176 0.967428 0.815019 0.98246 0.766102 0.982238 0.766102 0.996723 0.766102 0.967171 0.766102 0.947724 0.766102 0.922175 0.766102 0.899909 0.32325 0.687256 0.282473 0.714018 0.282473 0.665429 0.252333 0.687256 0.237055 0.665429 0.237055 0.714018 0.252333 0.714018 0.182886 0.665429 0.184437 0.714018 0.184283 0.591036 0.237055 0.591036 0.197272 0.510873 0.161039 0.565237 0.165724 0.510873 0.237055 0.510873 0.282473 0.510873 0.282473 0.591036 0.174655 0.453032 0.206033 0.453033 0.282473 0.453033 0.237055 0.453033 0.237055 0.407954 0.282473 0.407954 0.266365 0.376262 0.233788 0.376262 0.207836 0.407953 0.346073 0.453033 0.345181 0.407954 0.30499 0.376262 0.205419 0.376262 0.105702 0.407953 0.108839 0.453032 0.417478 0.407954 0.435278 0.453034 0.394044 0.453034 0.441522 0.510874 0.394044 0.510704 0.394044 0.590217 0.346073 0.591037 0.346073 0.510873 0.444623 0.591037 0.346073 0.665429 0.394044 0.664563 0.346073 0.714018 0.394044 0.714019 0.444622 0.664597 0.444622 0.714019 0.394044 0.745434 0.346073 0.745531 0.394044 0.784836 0.394044 0.821441 0.427293 0.821441 0.346073 0.784836 0.32325 0.714018 0.32325 0.745531 0.282473 0.772285 0.252333 0.74553 0.237055 0.74553 0.183291 0.74553 0.237055 0.784836 0.184283 0.784836 0.188326 0.812292 0.237055 0.821441 0.205759 0.838824 0.237055 0.845089 0.150165 0.804755 0.135723 0.784836 0.101795 0.794985 0.129894 0.816806 0.16883 0.828106 0.082219 0.784835 0.07888 0.74553 0.045406 0.753259 0.056267 0.714018 0.082083 0.714018 0.056546 0.665428 0.090917 0.665428 0.135723 0.714018 0.144782 0.665429 0.056824 0.616834 0.101562 0.616834 0.059275 0.784979 0.160541 0.616834 0.135723 0.74553 0.056054 0.565145 0.055048 0.510781 0.053788 0.453032 0.078354 0.868166 0.123178 0.876411 0.081818 0.907876 0.118543 0.910641 0.086105 0.930427 0.060855 0.948716 0.047744 0.911682 0.118698 0.938078 0.046152 0.87139 0.086694 0.858282 0.129341 0.843065 0.093188 0.833921 0.093909 0.95638 0.156613 0.941951 0.161185 0.959153 0.282473 0.943899 0.282473 0.91967 0.155838 0.91596 0.403655 0.922999 0.403542 0.945779 0.492266 0.943923 0.492173 0.921717 0.52547 0.924388 0.525576 0.908647 0.282473 0.892655 0.156771 0.887023 0.282473 0.960544 0.403466 0.961912 0.492364 0.958371 0.525401 0.938455 0.540063 0.910244 0.525693 0.891096 0.492068 0.896958 0.525896 0.869812 0.492272 0.869213 0.403782 0.897602 0.404002 0.868862 0.339398 0.868862 0.282473 0.865721 0.544527 0.872688 0.537685 0.853244 0.210578 0.863105 0.163631 0.851738 0.282473 0.821441 0.346073 0.821441 0.282473 0.845089 0.346073 0.845089 0.282473 0.784836 0.427237 0.845089 0.133481 0.536142 0.137277 0.465582 0.130257 0.59606 0.081568 0.594863 0.081974 0.534693 0.082453 0.463822 0.064954 0.854462 0.064784 0.833009 0.024023 0.744971 0.025201 0.730639 0.086528 0.818231 0.472487 0.213157 0.487083 0.132474 0.71625 0.938393 0.737975 0.950936 0.690676 0.963968 0.703219 0.985693 0.729583 0.903457 0.750697 0.903457 0.71625 0.868522 0.737975 0.855979 0.690676 0.842946 0.703219 0.821222 0.65574 0.833585 0.65574 0.8085 0.620804 0.842946 0.608261 0.821222 0.595229 0.868522 0.573504 0.855979 0.585868 0.903457 0.560783 0.903457 0.595229 0.938393 0.573504 0.950936 0.620804 0.963968 0.608261 0.985693 0.65574 0.973329 0.65574 0.998415 0.667096 0.94584 0.633027 0.942797 0.65574 0.903457 0.695079 0.92617 0.698123 0.892101 0.678453 0.864118 0.644383 0.861075 0.6164 0.880745 0.613357 0.914814 0.820175 0.701155 0.820175 0.775922 0.829626 0.701155 0.829576 0.738539 0.829626 0.775922 0.820175 0.691462 0.840643 0.695747 0.820175 0.682574 0.848158 0.690072 0.858331 0.714535 0.868642 0.710557 0.86656 0.738539 0.87614 0.738539 0.868642 0.766521 0.858331 0.762543 0.848158 0.787005 0.840643 0.78133 0.820175 0.794503 0.820175 0.785616 0.851905 0.738539 0.848309 0.717747 0.848309 0.759331 0.833825 0.708963 0.833825 0.738539 0.833825 0.768114 0.829626 0.775922 0.829576 0.738539 0.829626 0.701155 0.840643 0.695747 0.848158 0.690072 0.858331 0.714535 0.868642 0.710557 0.86656 0.738539 0.87614 0.738539 0.868642 0.766521 0.858331 0.762543 0.848158 0.787005 0.840643 0.78133 0.851905 0.738539 0.848309 0.717747 0.848309 0.759331 0.833825 0.708963 0.833825 0.738539 0.833825 0.768114 0.90797 0.307762 0.90797 0.294709 0.938209 0.307762 0.938209 0.294709 0.968555 0.307762 0.968555 0.294709 0.997904 0.307762 0.997904 0.294709 0.876833 0.307762 0.876833 0.294709 0.848922 0.307762 0.848922 0.294709 0.820413 0.307762 0.820413 0.294709 0.968555 0.25524 0.997904 0.25524 0.938209 0.25524 0.90797 0.25524 0.876833 0.25524 0.848922 0.25524 0.820413 0.25524 0.90797 0.23965 0.938209 0.23965 0.968555 0.23965 0.997904 0.23965 0.876833 0.23965 0.848922 0.23965 0.820413 0.23965 0.90797 0.307762 0.938209 0.307762 0.90797 0.294709 0.938209 0.294709 0.968555 0.307762 0.968555 0.294709 0.876833 0.307762 0.876833 0.294709 0.848922 0.307762 0.848922 0.294709 0.968555 0.25524 0.938209 0.25524 0.90797 0.25524 0.876833 0.25524 0.848922 0.25524 0.90797 0.23965 0.938209 0.23965 0.968555 0.23965 0.876833 0.23965 0.848922 0.23965 0.90797 0.307762 0.90797 0.471557 0.876833 0.307762 0.876833 0.471557 0.848922 0.307762 0.848922 0.471557 0.820413 0.307762 0.820413 0.471557 0.938209 0.307762 0.938209 0.471557 0.968556 0.307762 0.97181 0.471557 0.997904 0.307762 0.997904 0.471557 0.90797 0.477275 0.876833 0.477275 0.848922 0.477275 0.820413 0.477275 0.90797 0.484896 0.876833 0.484896 0.848922 0.484896 0.820413 0.484896 0.938209 0.477275 0.97181 0.477275 0.997904 0.477275 0.938209 0.484896 0.97181 0.484896 0.997904 0.484896 0.90797 0.307762 0.876833 0.307762 0.90797 0.471557 0.876833 0.471557 0.848922 0.307762 0.848922 0.471557 0.938209 0.307762 0.938209 0.471557 0.968556 0.307762 0.97181 0.471557 0.90797 0.477275 0.876833 0.477275 0.848922 0.477275 0.90797 0.484896 0.876833 0.484896 0.848922 0.484896 0.938209 0.477275 0.97181 0.477275 0.938209 0.484896 0.97181 0.484896 0.810711 0.593123 0.810711 0.637501 0.801633 0.598197 0.801633 0.632427 0.796625 0.624436 0.795023 0.615312 0.796625 0.606188 0.801633 0.598197 0.796625 0.606188 0.795023 0.615312 0.796625 0.624436 0.801633 0.632427 0.820175 0.775922 0.820175 0.701155 0.829626 0.775922 0.829576 0.738539 0.829626 0.701155 0.820175 0.691462 0.840643 0.695747 0.820175 0.682574 0.848158 0.690072 0.858331 0.714535 0.868642 0.710557 0.86656 0.738539 0.87614 0.738539 0.868642 0.766521 0.858331 0.762543 0.848158 0.787005 0.840643 0.78133 0.820175 0.794503 0.820175 0.785616 0.851905 0.738539 0.848309 0.717747 0.848309 0.759331 0.833825 0.708963 0.833825 0.738539 0.833825 0.768114 0.829626 0.701155 0.829576 0.738539 0.829626 0.775922 0.840643 0.695747 0.848158 0.690072 0.858331 0.714535 0.868642 0.710557 0.86656 0.738539 0.87614 0.738539 0.868642 0.766521 0.858331 0.762543 0.848158 0.787005 0.840643 0.78133 0.851905 0.738539 0.848309 0.717747 0.848309 0.759331 0.833825 0.708963 0.833825 0.738539 0.833825 0.768114 0.90797 0.307762 0.938209 0.307762 0.90797 0.294709 0.938209 0.294709 0.968555 0.307762 0.968555 0.294709 0.997904 0.307762 0.997904 0.294709 0.876833 0.307762 0.876833 0.294709 0.848922 0.307762 0.848922 0.294709 0.820413 0.307762 0.820413 0.294709 0.968555 0.25524 0.997904 0.25524 0.938209 0.25524 0.90797 0.25524 0.876833 0.25524 0.848922 0.25524 0.820413 0.25524 0.90797 0.23965 0.938209 0.23965 0.968555 0.23965 0.997904 0.23965 0.876833 0.23965 0.848922 0.23965 0.820413 0.23965 0.90797 0.307762 0.90797 0.294709 0.938209 0.307762 0.938209 0.294709 0.968555 0.307762 0.968555 0.294709 0.876833 0.307762 0.876833 0.294709 0.848922 0.307762 0.848922 0.294709 0.968555 0.25524 0.938209 0.25524 0.90797 0.25524 0.876833 0.25524 0.848922 0.25524 0.90797 0.23965 0.938209 0.23965 0.968555 0.23965 0.876833 0.23965 0.848922 0.23965 0.90797 0.307762 0.876833 0.307762 0.90797 0.471557 0.876833 0.471557 0.848922 0.307762 0.848922 0.471557 0.820413 0.307762 0.820413 0.471557 0.938209 0.307762 0.938209 0.471557 0.968556 0.307762 0.97181 0.471557 0.997904 0.307762 0.997904 0.471557 0.90797 0.477275 0.876833 0.477275 0.848922 0.477275 0.820413 0.477275 0.90797 0.484896 0.876833 0.484896 0.848922 0.484896 0.820413 0.484896 0.938209 0.477275 0.97181 0.477275 0.997904 0.477275 0.938209 0.484896 0.97181 0.484896 0.997904 0.484896 0.90797 0.307762 0.90797 0.471557 0.876833 0.307762 0.876833 0.471557 0.848922 0.307762 0.848922 0.471557 0.938209 0.307762 0.938209 0.471557 0.968556 0.307762 0.97181 0.471557 0.90797 0.477275 0.876833 0.477275 0.848922 0.477275 0.90797 0.484896 0.876833 0.484896 0.848922 0.484896 0.938209 0.477275 0.97181 0.477275 0.938209 0.484896 0.97181 0.484896 0.810711 0.593123 0.801633 0.598197 0.810711 0.637501 0.796625 0.606188 0.795023 0.615312 0.796625 0.624436 0.801633 0.632427 0.801633 0.598197 0.801633 0.632427 0.796625 0.624436 0.795023 0.615312 0.796625 0.606188 0.480874 0.345002 0.593394 0.350977 0.480874 0.30531 0.593394 0.299336 0.682198 0.325703 0.682198 0.297094 0.60907 0.325703 0.60907 0.297094 0.672752 0.331849 0.617467 0.331849 0.653798 0.20924 0.795836 0.20924 0.662153 0.253425 0.799178 0.251789 0.494788 0.254458 0.648514 0.254458 0.494788 0.208257 0.648514 0.208257 0.799178 0.251789 0.795836 0.20924 0.662153 0.253425 0.653798 0.20924 0.795426 0.362509 0.795426 0.316062 0.692192 0.354153 0.692192 0.323962 0.682748 0.270403 0.798551 0.270403 0.648514 0.254514 0.631301 0.270272 0.494788 0.254514 0.509587 0.270272 0.682748 0.270403 0.798551 0.270403 0.690268 0.292823 0.794374 0.315079 0.63187 0.270267 0.512001 0.270267 0.623961 0.291633 0.518264 0.291633 0.690268 0.292823 0.794374 0.315079 0.625126 0.359594 0.666037 0.359594 0.0083 0.861421 0.012737 0.844862 0.074534 0.861421 0.070097 0.844862 0.057975 0.832741 0.024858 0.832741 0.041417 0.828304 0.012737 0.844862 0.070097 0.844862 0.057975 0.832741 0.024858 0.832741 0.041417 0.828304 0.438173 0.244447 0.438173 0.318888 0.453904 0.260179 0.453904 0.303157 0.416683 0.324647 0.416683 0.238689 0.459662 0.281668 0.438173 0.244447 0.438173 0.318888 0.453904 0.303157 0.453904 0.260179 0.459662 0.281668 0.724792 0.477497 0.719707 0.630726 0.765004 0.477497 0.754086 0.630726 0.801019 0.477497 0.78431 0.630726 0.68281 0.630726 0.682809 0.477497 0.645571 0.630726 0.638825 0.477497 0.610057 0.630726 0.598721 0.477497 0.574786 0.630726 0.556675 0.477497 0.751859 0.661981 0.780901 0.661981 0.71867 0.661981 0.68281 0.661981 0.646948 0.661981 0.612369 0.661981 0.57848 0.661981 0.682809 0.467496 0.638825 0.467496 0.598721 0.467496 0.556675 0.467496 0.724792 0.467496 0.765004 0.467496 0.801019 0.467496 0.592995 0.673197 0.619206 0.673197 0.649725 0.673197 0.682809 0.673197 0.715893 0.673197 0.745026 0.673197 0.766384 0.673197 0.765004 0.415568 0.724792 0.415568 0.801019 0.415568 0.682809 0.415568 0.638825 0.415568 0.598721 0.415568 0.556674 0.415568 0.765004 0.477497 0.724792 0.477497 0.719707 0.630726 0.754086 0.630726 0.68281 0.630726 0.682809 0.477497 0.645571 0.630726 0.638825 0.477497 0.610057 0.630726 0.598721 0.477497 0.612369 0.661981 0.646948 0.661981 0.68281 0.661981 0.71867 0.661981 0.751859 0.661981 0.682809 0.467496 0.638825 0.467496 0.598721 0.467496 0.724792 0.467496 0.765004 0.467496 0.619206 0.673197 0.649725 0.673197 0.682809 0.673197 0.715893 0.673197 0.745026 0.673197 0.765004 0.415568 0.724792 0.415568 0.682809 0.415568 0.638825 0.415568 0.598721 0.415568 0.643001 0.707128 0.647705 0.695598 0.654607 0.707128 0.664774 0.695598 0.667922 0.707128 0.683176 0.695598 0.683176 0.707128 0.701578 0.695598 0.69843 0.707128 0.718647 0.695598 0.711744 0.707128 0.733058 0.695598 0.723351 0.707128 0.654607 0.707128 0.633293 0.695598 0.667922 0.707128 0.647705 0.695598 0.683176 0.707128 0.664774 0.695598 0.69843 0.707128 0.683176 0.695598 0.711744 0.707128 0.701578 0.695598 0.718647 0.695598 0.643001 0.767355 0.661265 0.767355 0.683176 0.767355 0.705087 0.767355 0.723351 0.767355 0.661265 0.767355 0.683176 0.767355 0.705087 0.767355 0.683176 0.674716 0.659164 0.681465 0.652639 0.674716 0.743106 0.674716 0.729461 0.681465 0.713713 0.674716 0.623213 0.674716 0.636891 0.681465 0.652639 0.674716 0.683176 0.674716 0.707188 0.681465 0.713713 0.674716 0.661265 0.783249 0.643001 0.783249 0.683176 0.783249 0.705087 0.783249 0.723351 0.783249 0.705087 0.800347 0.723351 0.800347 0.683176 0.800347 0.661265 0.800348 0.643001 0.800347 0.661265 0.783249 0.683176 0.783249 0.705087 0.783249 0.661265 0.800348 0.683176 0.800347 0.705087 0.800347 0.593394 0.299336 0.593394 0.350977 0.480874 0.30531 0.480874 0.345002 0.682198 0.325703 0.60907 0.325703 0.682198 0.297094 0.60907 0.297094 0.672752 0.331849 0.617467 0.331849 0.799178 0.251789 0.795836 0.20924 0.662153 0.253425 0.653798 0.20924 0.494788 0.254458 0.494788 0.208257 0.648514 0.254458 0.648514 0.208257 0.653798 0.20924 0.795836 0.20924 0.662153 0.253425 0.799178 0.251789 0.692192 0.323962 0.795426 0.316062 0.692192 0.354153 0.795426 0.362509 0.682748 0.270403 0.798551 0.270403 0.509587 0.270272 0.631301 0.270272 0.494788 0.254514 0.648514 0.254514 0.798551 0.270403 0.682748 0.270403 0.690268 0.292823 0.794374 0.315079 0.518264 0.291633 0.512001 0.270267 0.623961 0.291633 0.63187 0.270267 0.690268 0.292823 0.794374 0.315079 0.666037 0.359594 0.625126 0.359594 0.0083 0.861421 0.074534 0.861421 0.012737 0.844862 0.070097 0.844862 0.057975 0.832741 0.024858 0.832741 0.041417 0.828304 0.012737 0.844862 0.070097 0.844862 0.057975 0.832741 0.024858 0.832741 0.041417 0.828304 0.416683 0.238689 0.438173 0.244447 0.416683 0.324647 0.438173 0.318888 0.453904 0.303157 0.453904 0.260179 0.459662 0.281668 0.438173 0.244447 0.438173 0.318888 0.453904 0.260179 0.453904 0.303157 0.459662 0.281668 0.724792 0.477497 0.765004 0.477497 0.719707 0.630726 0.754086 0.630726 0.801019 0.477497 0.78431 0.630726 0.68281 0.630726 0.682809 0.477497 0.645571 0.630726 0.638825 0.477497 0.610057 0.630726 0.598721 0.477497 0.574786 0.630726 0.556675 0.477497 0.751859 0.661981 0.780901 0.661981 0.71867 0.661981 0.68281 0.661981 0.646948 0.661981 0.612369 0.661981 0.57848 0.661981 0.682809 0.467496 0.638825 0.467496 0.598721 0.467496 0.556675 0.467496 0.724792 0.467496 0.765004 0.467496 0.801019 0.467496 0.592995 0.673197 0.619206 0.673197 0.649725 0.673197 0.682809 0.673197 0.715893 0.673197 0.745026 0.673197 0.766384 0.673197 0.765004 0.415568 0.724792 0.415568 0.801019 0.415568 0.682809 0.415568 0.638825 0.415568 0.598721 0.415568 0.556674 0.415568 0.724792 0.477497 0.719707 0.630726 0.765004 0.477497 0.754086 0.630726 0.68281 0.630726 0.682809 0.477497 0.645571 0.630726 0.638825 0.477497 0.610057 0.630726 0.598721 0.477497 0.612369 0.661981 0.646948 0.661981 0.68281 0.661981 0.71867 0.661981 0.751859 0.661981 0.682809 0.467496 0.638825 0.467496 0.598721 0.467496 0.724792 0.467496 0.765004 0.467496 0.619206 0.673197 0.649725 0.673197 0.682809 0.673197 0.715893 0.673197 0.745026 0.673197 0.765004 0.415568 0.724792 0.415568 0.682809 0.415568 0.638825 0.415568 0.598721 0.415568 0.643001 0.707128 0.643001 0.767355 0.654607 0.707128 0.661265 0.767355 0.667922 0.707128 0.683176 0.767355 0.683176 0.707128 0.69843 0.707128 0.705087 0.767355 0.711744 0.707128 0.723351 0.767355 0.723351 0.707128 0.654607 0.707128 0.661265 0.767355 0.667922 0.707128 0.683176 0.767355 0.683176 0.707128 0.69843 0.707128 0.705087 0.767355 0.711744 0.707128 0.652639 0.674716 0.623213 0.674716 0.636891 0.681465 0.713713 0.674716 0.683176 0.674716 0.707188 0.681465 0.652639 0.674716 0.683176 0.674716 0.659164 0.681465 0.713713 0.674716 0.743106 0.674716 0.729461 0.681465 0.661265 0.783249 0.643001 0.783249 0.683176 0.783249 0.705087 0.783249 0.723351 0.783249 0.705087 0.800347 0.723351 0.800347 0.683176 0.800347 0.661265 0.800348 0.643001 0.800347 0.661265 0.783249 0.683176 0.783249 0.705087 0.783249 0.661265 0.800348 0.683176 0.800347 0.705087 0.800347 0.221729 0.170159 0.234639 0.285495 0.249448 0.334086 0.280597 0.249895 0.262146 0.201467 0.302562 0.232774 0.306254 0.334085 0.318 0.28343 0.333438 0.334085 0.213393 0.197839 0.221729 0.170159 0.234639 0.285495 0.280597 0.249895 0.262146 0.201467 0.302562 0.232774 0.318 0.28343 0.221091 0.072337 0.200044 0.164091 0.200044 0.164091 0.124641 0.109993 0.1418 0.164091 0.217203 0.109992 0.217203 0.109992 0.111539 0.072337 0.230304 0.072337 0.230304 0.072337 0.623213 0.681465 0.636891 0.681465 0.683176 0.681465 0.707188 0.681465 0.743106 0.681465 0.659164 0.681465 0.683176 0.681465 0.729461 0.681465 0.623213 0.681465 0.633293 0.695598 0.647705 0.695598 0.659164 0.681465 0.664774 0.695598 0.683176 0.681465 0.683176 0.695598 0.701578 0.695598 0.718647 0.695598 0.733058 0.695598 0.647705 0.695598 0.636891 0.681465 0.664774 0.695598 0.718647 0.695598 0.683176 0.695598 0.701578 0.695598 0.729461 0.681465 0.743106 0.681465 0.683176 0.681465 0.707188 0.681465</float_array>
          <technique_common>
            <accessor source="#GeometrySource2-array" count="2390" stride="2">
              <param name="S" type="float"/>
              <param name="T" type="float"/>
            </accessor>
          </technique_common>
        </source>
        <vertices id="Geometry-vertices">
          <input semantic="POSITION" source="#GeometrySource"/>
          <input semantic="NORMAL" source="#GeometrySource1"/>
          <input semantic="TEXCOORD" source="#GeometrySource2"/>
        </vertices>
        <triangles material="VisualMaterial0" count="3705">
          <input semantic="VERTEX" source="#Geometry-vertices" offset="0"/>
          <p>0 1 2 2 1 3 3 4 2 0 4 1 5 4 0 2 4 5 6 7 8 8 7 9 7 10 9 9 10 11 10 12 11 11 12 13 12 14 13 13 14 15 8 9 16 16 9 17 9 11 17 13 15 18 19 13 18 17 11 19 11 13 19 18 15 20 16 17 21 17 19 22 6 22 7 21 22 6 21 17 22 18 20 23 10 23 12 23 24 12 23 20 24 12 24 14 7 25 10 25 23 10 22 19 25 22 25 7 19 18 25 25 18 23 6 8 26 26 8 27 8 16 27 26 27 28 28 27 29 28 29 30 24 30 14 30 29 31 14 31 15 30 31 14 27 32 29 27 16 32 16 21 32 31 33 15 15 33 20 29 34 31 31 34 33 29 32 34 32 35 34 35 6 26 21 6 35 32 21 35 33 36 20 20 36 24 36 28 30 36 30 24 37 26 28 37 28 36 35 26 37 34 37 33 33 37 36 34 35 37 38 39 40 41 38 40 41 40 42 42 40 43 44 38 41 42 44 41 44 39 38 45 44 42 39 46 40 40 46 43 45 46 44 44 46 39 47 48 49 49 48 50 51 47 49 50 48 51 52 47 51 51 48 52 53 54 55 55 54 56 53 55 57 54 57 56 56 57 58 57 55 58 59 60 61 62 63 59 59 61 64 64 61 65 66 61 60 61 66 65 65 66 67 65 67 64 59 64 68 62 59 68 64 69 68 64 67 70 64 71 69 70 71 64 72 71 70 66 73 74 75 76 77 67 78 70 77 78 74 74 79 66 79 67 66 74 78 79 79 78 67 77 80 78 76 80 77 80 81 78 78 82 70 82 72 70 81 82 78 83 84 85 85 84 86 87 85 86 88 85 87 89 88 87 90 88 89 84 91 86 86 91 92 93 86 92 87 86 93 89 94 90 94 87 93 89 87 94 90 95 88 95 90 94 96 93 92 92 91 96 85 97 83 96 97 85 96 91 97 95 94 98 88 95 98 98 94 93 98 93 96 85 98 96 88 98 85 99 100 101 101 100 102 101 102 103 103 102 104 99 105 100 105 103 106 106 103 104 100 105 106 107 108 109 109 108 110 111 109 110 112 109 111 113 112 111 114 112 113 108 115 110 110 115 116 111 110 117 117 110 116 113 111 118 118 111 117 113 118 114 119 114 118 114 119 112 116 115 120 120 117 116 120 115 121 109 121 107 120 121 109 109 122 120 122 117 120 122 118 117 119 118 122 112 119 122 112 122 109 123 124 125 125 124 126 125 126 127 127 126 128 123 129 124 124 129 130 129 127 130 130 127 128 131 132 133 133 132 134 135 132 131 136 134 132 135 136 132 134 137 133 136 137 134 137 138 133 133 138 139 139 131 133 139 138 140 139 140 141 142 135 131 143 131 139 131 143 142 142 143 144 145 139 141 145 141 146 139 147 143 147 145 146 145 147 139 147 146 148 144 143 148 143 147 148 149 150 151 151 150 152 150 149 153 153 149 154 149 155 154 154 155 156 156 155 157 157 155 158 155 149 159 159 149 151 159 158 155 160 158 159 161 158 160 162 158 161 163 162 161 164 162 163 163 165 164 166 165 163 165 166 167 167 166 168 169 167 168 170 167 169 170 169 171 171 169 172 171 172 173 173 172 174 175 173 174 176 173 175 176 175 177 176 177 178 178 177 179 177 180 179 181 180 177 177 175 181 182 180 181 182 183 180 184 183 182 180 183 185 179 180 185 185 183 186 183 187 186 183 184 188 188 187 183 188 184 189 173 176 190 190 176 178 191 170 171 171 173 191 191 173 190 192 170 191 167 193 165 167 170 193 193 170 192 165 193 194 194 164 165 195 164 194 196 164 195 162 164 196 162 196 158 158 196 157 197 157 196 195 197 196 198 157 197 199 154 156 198 199 157 157 199 156 200 154 199 154 200 153 153 200 201 202 197 195 194 203 195 195 203 202 203 194 204 204 194 193 191 205 192 204 193 205 205 193 192 190 206 191 206 205 191 178 207 190 207 206 190 208 207 178 179 208 178 185 209 179 209 208 179 210 209 185 186 210 185 211 210 186 211 186 212 212 186 187 210 211 213 213 211 214 211 215 214 212 215 211 209 210 216 216 210 213 208 209 217 217 209 216 218 208 217 207 208 218 206 207 219 219 207 218 220 206 219 205 206 220 220 204 205 221 204 220 222 204 221 203 204 222 223 203 222 202 203 223 223 197 202 224 197 223 225 199 198 225 197 224 198 197 225 199 226 200 226 199 225 200 227 201 200 226 227 201 227 228 227 229 228 226 230 227 229 230 152 152 230 151 230 229 227 231 230 226 151 231 159 159 231 160 230 231 151 225 232 226 226 232 231 232 161 160 224 232 225 160 231 232 161 233 163 233 232 224 233 161 232 163 233 234 222 234 223 234 224 223 233 224 234 163 235 166 234 235 163 235 234 222 221 235 222 236 235 221 166 236 168 235 236 166 220 236 221 237 236 220 236 237 168 169 237 172 168 237 169 220 238 237 172 238 174 219 238 220 172 237 238 174 239 175 219 239 238 217 239 218 218 239 219 174 238 239 175 239 240 240 239 217 175 240 181 181 241 182 241 217 216 240 217 241 181 240 241 214 242 213 242 216 213 241 216 242 182 241 242 182 242 184 184 243 189 243 242 214 184 242 243 243 214 244 244 214 215 189 243 244 245 246 247 247 246 248 249 246 245 250 246 249 251 250 249 252 250 251 253 252 251 254 252 253 253 255 254 256 255 253 256 257 255 258 257 256 257 258 259 259 258 260 260 261 259 259 261 262 261 263 262 264 263 261 264 265 263 266 265 264 266 267 265 267 268 265 269 268 267 270 269 267 270 267 271 272 270 271 273 270 272 272 274 273 275 274 272 274 275 276 276 275 277 276 277 278 279 274 276 280 274 279 274 280 273 281 280 279 282 280 281 283 281 279 273 280 284 282 284 280 285 284 282 286 269 270 273 286 270 284 286 273 285 286 284 287 269 286 287 286 285 288 269 287 269 288 268 268 288 289 289 290 268 265 291 263 268 291 265 268 290 291 290 292 291 263 293 262 291 293 263 291 292 293 293 259 262 294 259 293 293 292 294 294 257 259 294 292 295 257 296 255 296 257 294 295 296 294 297 296 295 255 298 254 296 297 298 255 296 298 298 297 299 299 300 298 254 298 300 301 300 299 302 300 301 303 300 302 303 254 300 252 254 303 252 304 250 303 304 252 302 304 303 305 304 302 305 306 304 304 306 250 250 306 246 306 248 246 307 306 305 308 248 306 308 306 309 309 306 307 308 309 310 310 248 308 311 248 310 311 312 248 248 312 247 310 309 313 314 288 287 315 287 285 282 315 285 314 287 315 281 316 282 316 315 282 317 316 281 318 281 283 317 281 318 277 275 319 318 319 317 320 277 319 320 319 318 278 277 320 317 321 316 319 321 317 272 321 275 319 275 321 322 314 315 322 316 321 322 321 272 315 316 322 271 323 272 272 323 322 323 314 322 324 267 266 271 267 324 324 323 271 324 266 325 325 323 324 323 325 314 326 288 314 314 325 326 325 327 326 325 266 327 328 288 326 289 288 328 326 327 328 290 289 329 329 289 328 328 330 329 330 266 264 327 266 330 327 330 328 292 331 295 331 290 329 292 290 331 329 332 331 330 264 332 332 264 261 260 332 261 330 332 329 295 331 333 332 333 331 334 333 332 260 258 334 334 332 260 295 335 297 333 335 295 256 336 258 334 336 333 333 336 335 334 258 336 299 297 337 337 297 335 338 336 256 338 335 336 337 335 338 253 338 256 339 338 253 338 339 337 251 340 253 251 249 340 253 340 339 337 341 299 337 339 341 299 341 301 301 341 302 341 339 342 342 339 340 302 341 342 302 343 305 343 307 305 342 343 302 249 245 344 340 249 344 340 344 342 342 344 343 345 307 343 344 346 343 343 346 345 344 245 346 347 307 345 309 347 313 309 307 347 347 345 348 348 345 346 346 245 348 348 245 247 312 348 247 313 347 349 350 348 312 349 347 350 350 347 348 351 352 353 353 352 354 352 355 354 356 355 352 356 357 355 358 357 356 357 358 359 359 358 360 361 359 360 362 359 361 363 362 361 364 362 363 365 364 363 366 364 365 366 365 367 367 365 368 368 369 367 367 369 370 369 371 370 370 371 372 373 372 371 374 373 371 375 373 374 375 376 373 376 377 373 376 378 377 379 378 376 380 378 379 381 378 380 382 381 380 383 381 382 382 384 383 283 385 281 382 380 385 386 281 385 379 386 380 385 380 386 387 281 386 388 386 379 388 387 386 389 387 388 388 390 389 388 379 390 390 376 375 390 379 376 389 390 391 375 391 390 392 391 375 375 374 392 392 374 393 374 394 393 374 371 395 395 371 369 395 394 374 395 396 394 395 369 397 365 397 368 397 396 395 397 369 368 398 396 397 398 397 365 365 363 398 399 396 398 361 400 363 398 363 400 400 399 398 401 399 400 402 400 361 402 401 400 360 402 361 403 401 402 404 403 402 404 402 360 405 403 404 404 406 405 358 407 360 407 406 404 360 407 404 408 406 407 408 358 356 407 358 408 409 406 408 351 410 352 408 410 409 408 356 410 410 356 352 409 410 411 412 410 351 412 413 410 410 413 411 351 414 412 414 413 412 415 414 351 351 416 415 353 416 351 417 413 414 389 391 418 389 418 387 418 391 419 391 392 419 420 281 387 387 418 420 421 281 420 422 281 421 283 281 422 423 422 421 383 423 381 424 422 423 384 424 383 383 424 423 381 423 425 423 421 425 381 425 378 425 421 420 418 426 420 420 426 425 418 419 426 378 425 426 426 419 427 426 427 378 378 427 377 373 377 428 428 372 373 377 427 428 428 429 372 428 427 429 427 419 429 429 419 430 419 392 430 429 430 431 372 429 431 393 432 392 431 430 432 392 432 430 393 433 432 394 433 393 431 434 372 434 432 433 431 432 434 372 434 370 394 435 433 399 435 396 396 435 394 436 433 435 434 436 370 434 433 436 370 436 367 436 366 367 437 435 399 437 436 435 366 438 364 438 366 436 438 436 437 437 399 439 439 399 401 438 437 440 440 362 364 364 438 440 440 437 439 401 441 439 403 441 401 442 362 440 441 442 439 439 442 440 362 442 359 442 441 443 359 442 443 444 359 443 357 359 444 357 444 355 441 403 445 443 441 445 405 406 445 445 403 405 445 406 446 446 443 445 444 443 446 447 406 409 409 411 447 446 406 447 444 446 448 355 448 354 448 446 447 355 444 448 447 411 449 450 447 449 448 447 450 354 448 450 411 451 449 417 451 413 413 451 411 353 354 452 452 449 451 450 449 452 452 416 353 452 354 450 453 451 417 454 416 452 453 454 451 451 454 452 455 456 457 457 458 455 459 458 457 460 461 462 462 461 463 460 462 464 464 462 465 460 466 461 467 466 460 467 460 468 468 460 464 466 469 461 470 469 466 469 471 461 461 471 463 472 473 467 467 473 466 466 473 470 474 467 468 472 467 474 470 473 475 462 476 465 472 476 473 471 477 463 473 476 477 477 462 463 473 477 475 476 462 477 465 476 478 478 472 474 476 472 478 475 477 479 479 477 471 480 481 482 482 481 483 484 480 482 484 482 485 485 482 483 483 481 486 485 483 486 486 481 487 481 480 488 481 488 487 487 488 489 488 490 489 491 480 484 488 480 492 491 492 480 493 492 491 494 490 488 494 495 490 496 488 492 496 495 494 494 488 496 493 497 492 492 497 496 496 497 495 498 499 500 500 499 501 499 502 501 501 502 503 501 503 504 504 503 505 505 506 504 504 506 507 501 508 500 507 508 504 504 508 501 509 508 507 507 510 509 511 510 507 510 511 512 512 511 513 514 512 513 515 512 514 516 515 514 517 515 516 517 516 518 518 516 519 520 518 519 521 518 520 522 521 520 523 521 522 522 524 523 525 524 522 526 524 525 527 526 525 528 526 527 528 529 526 529 530 526 530 524 526 531 530 529 532 531 529 533 531 532 534 529 528 534 532 529 535 532 534 535 536 532 537 533 532 532 536 537 538 533 537 525 539 527 522 539 525 519 540 520 520 540 522 522 540 539 541 540 519 541 519 542 542 519 516 514 542 516 543 542 514 513 543 514 544 543 513 513 545 544 506 545 507 507 545 511 511 545 513 546 544 545 545 506 546 546 506 547 547 506 548 548 506 505 505 503 548 548 503 549 503 502 549 549 502 550 551 544 546 552 544 551 543 544 552 553 543 552 542 543 553 541 542 554 554 540 541 554 542 553 555 539 540 555 540 554 556 527 539 556 539 555 557 527 556 557 528 527 558 534 528 558 528 557 534 559 535 559 534 558 535 559 560 561 535 560 536 535 561 562 560 559 563 560 562 560 564 561 563 564 560 565 559 558 562 559 565 566 558 557 565 558 566 557 567 566 556 567 557 555 568 556 556 568 567 553 569 554 569 555 554 568 555 569 570 569 553 553 571 570 552 571 553 546 572 551 572 552 551 571 552 572 573 572 546 547 574 546 548 574 547 546 574 573 549 575 548 575 574 548 576 575 549 550 576 549 577 576 550 577 578 576 578 498 579 579 498 500 576 578 579 579 575 576 580 575 579 500 580 579 580 509 581 581 573 574 509 510 581 581 575 580 574 575 581 510 512 582 582 573 581 581 510 582 582 512 583 583 573 582 572 583 571 572 573 583 571 583 584 584 570 571 515 584 512 512 584 583 517 585 515 585 570 584 585 569 570 515 585 584 518 521 586 586 569 585 518 586 517 517 586 585 568 569 587 587 569 586 521 523 587 586 521 587 567 568 588 523 524 588 588 566 567 587 523 588 588 568 587 588 524 589 589 566 588 524 530 589 589 530 590 530 531 590 590 566 589 565 566 590 562 591 563 531 533 591 590 531 591 562 565 591 591 565 590 591 533 592 563 591 592 533 538 592 592 538 593 593 563 592 564 563 593 594 595 596 597 595 594 598 595 597 599 600 601 601 600 602 599 603 600 600 603 604 605 599 601 606 599 605 599 607 603 606 607 599 608 605 601 609 605 608 610 601 602 608 601 610 611 606 605 609 611 605 612 606 611 612 613 606 606 613 607 614 611 609 612 611 615 600 604 615 616 610 602 615 616 600 600 616 602 614 616 611 615 611 616 612 617 613 615 617 612 615 604 617 618 616 614 618 610 616 619 620 621 621 620 622 619 623 620 620 623 624 623 625 624 624 625 626 621 622 627 627 622 628 622 629 628 630 629 622 630 622 620 624 630 620 631 630 624 631 624 626 625 632 626 632 631 626 633 632 625 633 634 632 635 634 633 635 636 634 636 627 637 637 627 628 629 637 628 634 636 637 637 638 634 638 631 632 629 638 637 638 632 634 639 640 641 641 640 642 639 643 640 644 643 639 641 642 645 645 642 646 645 646 647 647 646 648 647 648 649 649 648 650 649 650 651 651 650 652 653 646 642 640 653 642 643 654 640 654 653 640 655 654 643 650 656 652 648 657 650 657 656 650 658 657 648 658 648 659 659 648 646 659 646 653 660 661 662 662 661 663 661 664 663 663 664 665 666 660 662 667 660 666 668 667 666 669 667 668 670 669 668 671 669 670 672 671 670 673 671 672 660 667 674 664 661 674 667 669 674 669 671 674 671 673 674 661 660 674 664 674 675 675 674 676 676 674 677 677 674 678 678 674 679 679 674 673 673 672 679 654 680 653 681 682 680 653 680 683 680 682 683 653 683 659 684 681 680 654 684 680 655 684 654 685 681 684 682 686 683 659 683 687 683 686 687 686 688 687 687 688 689 658 689 657 687 689 659 659 689 658 688 690 689 657 689 691 657 691 656 689 690 691 690 692 691 656 691 693 691 692 693 694 695 696 696 695 697 696 697 698 698 697 699 694 700 695 701 700 694 701 702 700 703 702 701 703 704 702 705 704 703 705 706 704 707 706 705 696 708 694 698 708 696 701 708 703 703 708 705 705 708 707 694 708 701 698 709 708 709 710 708 710 711 708 711 712 708 713 707 708 712 713 708 707 713 706 644 714 643 714 715 716 643 714 716 716 715 717 715 718 717 717 718 719 718 720 719 719 720 721 720 722 721 656 723 652 722 651 723 721 722 723 723 651 652 724 716 717 655 725 684 725 643 716 655 643 725 725 716 724 726 721 723 726 723 656 727 719 721 727 721 726 728 717 719 728 719 727 724 717 728 676 729 675 675 729 730 664 730 665 675 730 664 677 731 676 676 731 729 678 732 677 677 732 731 679 672 733 679 733 678 678 733 732 685 684 734 725 724 735 684 725 735 734 684 735 734 735 736 724 728 737 736 735 737 735 724 737 736 737 738 737 728 739 738 737 739 728 727 739 738 739 740 727 726 741 739 727 741 740 739 741 740 741 742 742 743 692 743 656 693 726 656 743 741 726 743 692 743 693 742 741 743 710 709 744 709 698 745 744 709 745 745 698 699 711 710 746 746 710 744 712 711 747 747 711 746 748 712 747 713 712 748 706 713 748 749 750 751 751 750 752 750 753 752 752 753 754 749 751 755 755 751 756 755 756 757 757 756 758 757 758 759 753 760 754 759 760 753 759 758 760 749 761 750 762 763 761 750 761 764 761 763 764 750 764 753 763 765 764 764 765 766 753 764 766 753 766 759 767 763 762 767 765 763 762 761 768 762 768 767 755 769 749 749 769 761 768 761 769 770 765 767 770 771 765 759 771 757 765 771 766 759 766 771 768 769 772 772 770 767 768 772 767 770 773 771 772 773 770 772 769 773 757 771 773 757 773 755 755 773 769 751 752 774 752 754 775 774 752 775 775 754 776 777 751 774 756 777 758 756 751 777 758 778 760 758 777 778 754 779 776 760 778 779 760 779 754 780 781 782 782 781 783 784 780 782 785 780 784 785 784 786 786 784 787 786 787 788 788 787 789 790 788 789 791 788 790 792 791 790 793 791 792 793 792 794 794 792 795 794 795 781 781 795 783 784 796 787 797 796 784 782 798 784 784 798 797 782 799 798 783 799 782 795 799 783 800 790 789 787 800 789 796 800 787 801 799 795 792 801 795 802 801 792 803 792 790 803 790 800 802 792 803 785 786 804 805 785 804 805 780 785 806 781 780 794 781 806 806 780 805 786 788 807 804 786 807 807 788 791 808 794 806 793 794 808 807 791 809 809 791 793 809 793 808 810 811 812 812 813 810 810 813 814 815 814 813 816 814 815 812 811 817 818 817 811 819 817 818 811 820 818 820 811 821 821 811 810 821 822 820 820 822 823 822 824 823 825 824 822 821 810 826 826 822 821 826 810 814 827 822 826 825 828 824 829 828 825 828 829 830 830 829 831 832 820 823 818 820 833 833 820 832 832 834 833 835 833 834 835 818 833 836 818 835 837 818 836 838 834 832 832 839 838 840 839 832 827 826 841 841 826 842 843 841 842 844 841 843 826 814 845 845 814 816 816 846 845 845 846 847 848 849 850 851 849 848 849 852 850 853 852 849 854 855 856 856 855 857 854 858 855 859 858 854 860 856 857 861 856 860 862 863 864 864 863 865 866 862 864 867 862 866 863 868 865 869 868 863 869 870 868 871 870 869 871 872 870 873 872 871 871 874 873 869 874 871 873 874 875 863 876 869 876 874 869 877 870 872 878 870 877 878 868 870 879 865 868 879 868 878 874 876 880 880 876 881 882 875 874 883 875 882 884 885 886 886 885 887 888 885 884 889 885 888 839 840 890 890 837 836 891 837 890 840 891 890 892 893 894 894 893 895 896 897 898 898 897 899 900 901 902 902 901 903 903 901 904 904 901 905 904 905 906 906 905 907 908 900 902 909 900 908 900 909 910 905 901 911 911 901 900 911 900 910 912 907 905 912 905 911 913 907 912 907 913 906 906 913 914 913 915 914 914 915 916 916 915 917 917 918 908 917 915 918 910 909 918 908 918 909 918 915 919 919 913 912 910 918 919 919 915 913 920 921 922 922 921 923 924 920 922 925 920 924 921 926 923 923 926 927 926 928 927 927 928 929 928 930 929 929 930 931 930 932 931 931 932 933 934 922 923 927 934 923 935 922 934 935 924 922 936 924 935 937 931 933 938 929 931 938 931 937 939 929 938 940 934 927 939 940 929 929 940 927 941 942 943 943 942 944 943 944 945 945 944 946 941 947 942 948 947 941 948 949 947 950 949 948 950 951 949 952 951 950 952 953 951 954 953 952 943 955 941 941 955 948 945 955 943 948 955 950 950 955 952 952 955 954 945 956 955 956 957 955 957 958 955 958 959 955 960 954 955 959 960 955 954 960 953 935 934 961 962 961 963 934 940 964 961 934 964 963 961 964 936 935 965 962 965 961 965 935 961 966 965 962 963 964 967 967 964 968 964 940 968 967 968 969 969 968 970 939 938 970 968 940 970 970 940 939 969 970 971 970 938 972 938 937 972 971 970 972 971 972 973 973 972 974 972 937 974 975 976 977 977 976 978 976 979 978 978 979 980 981 975 977 982 975 981 983 982 981 984 982 983 985 984 983 986 984 985 987 986 985 988 986 987 975 982 989 979 976 989 982 984 989 976 975 989 986 988 989 984 986 989 979 989 990 990 989 991 991 989 992 992 989 993 993 989 994 994 989 988 988 987 994 925 924 995 995 924 996 995 996 997 997 996 998 997 998 999 999 998 1000 999 1000 1001 1001 1000 1002 1001 1002 1003 932 1004 933 1004 937 933 1003 1004 932 1003 1002 1004 996 1005 998 936 965 1006 936 1006 924 924 1006 996 1006 1005 996 1002 1007 1004 1007 937 1004 1008 1007 1002 1000 1008 1002 998 1009 1000 1009 1008 1000 1005 1009 998 957 956 1010 956 945 1011 1010 956 1011 1011 945 946 958 957 1012 1012 957 1010 959 958 1013 1013 958 1012 953 960 1014 960 959 1014 1014 959 1013 966 1015 965 1006 965 1016 1006 1016 1005 965 1015 1016 1015 1017 1016 1016 1017 1018 1005 1018 1009 1005 1016 1018 1017 1019 1018 1009 1018 1020 1009 1020 1008 1018 1019 1020 1019 1021 1020 1008 1020 1022 1008 1022 1007 1020 1021 1022 1021 1023 1022 1023 973 1024 1022 1023 1024 1007 1024 937 1007 1022 1024 937 1024 974 1024 973 974 991 1025 990 979 1026 980 990 1026 979 990 1025 1026 992 1027 991 991 1027 1025 992 1028 1027 993 1028 992 994 987 1029 994 1029 993 993 1029 1028 1030 1031 1032 1032 1031 1033 1032 1033 1034 1034 1033 1035 1030 1036 1031 1031 1036 1037 1036 1038 1037 1037 1038 1039 1038 1040 1039 1041 1034 1035 1039 1040 1041 1040 1034 1041 1030 1032 1042 1043 1042 1044 1044 1042 1045 1042 1032 1045 1032 1034 1045 1044 1045 1046 1034 1040 1047 1045 1034 1047 1046 1045 1047 1048 1043 1044 1048 1044 1046 1043 1049 1042 1043 1048 1049 1036 1030 1050 1042 1049 1050 1050 1030 1042 1051 1048 1046 1040 1038 1052 1051 1046 1052 1047 1040 1052 1052 1046 1047 1053 1048 1051 1049 1053 1050 1049 1048 1053 1054 1036 1050 1038 1036 1054 1052 1038 1054 1053 1051 1054 1050 1053 1054 1054 1051 1052 1031 1055 1033 1033 1056 1035 1033 1055 1056 1035 1056 1057 1037 1058 1031 1037 1039 1058 1031 1058 1055 1039 1041 1059 1058 1039 1059 1059 1041 1060 1041 1035 1060 1060 1035 1057 1061 1062 1063 1063 1062 1064 1063 1064 1065 1065 1064 1066 1067 1065 1066 1068 1065 1067 1069 1068 1067 1070 1068 1069 1070 1069 1071 1071 1069 1072 1071 1072 1073 1073 1072 1074 1075 1073 1074 1076 1073 1075 1061 1076 1062 1062 1076 1075 1068 1077 1065 1065 1077 1078 1079 1065 1078 1063 1065 1079 1061 1063 1080 1061 1080 1076 1080 1063 1079 1070 1081 1068 1070 1071 1081 1068 1081 1077 1076 1082 1073 1076 1080 1082 1073 1082 1083 1071 1073 1084 1081 1071 1084 1084 1073 1083 1066 1085 1067 1086 1066 1064 1086 1085 1066 1087 1086 1064 1087 1064 1062 1075 1087 1062 1088 1072 1069 1085 1088 1067 1067 1088 1069 1074 1089 1075 1089 1087 1075 1088 1090 1072 1090 1074 1072 1090 1089 1074 1091 1092 1093 1092 1091 1094 1094 1091 1095 1093 1092 1096 1096 1097 1093 1098 1097 1096 1097 1098 1099 1099 1098 1100 1094 1101 1092 1102 1101 1094 1103 1101 1102 1104 1101 1103 1104 1105 1101 1104 1106 1105 1105 1106 1107 1096 1092 1108 1101 1105 1108 1108 1092 1101 1109 1096 1108 1098 1096 1109 1108 1105 1109 1109 1105 1110 1106 1111 1107 1107 1111 1112 1113 1112 1111 1114 1112 1113 1110 1115 1109 1109 1115 1116 1116 1115 1117 1117 1115 1118 1100 1098 1119 1119 1098 1109 1119 1120 1100 1121 1120 1119 1122 1123 1124 1125 1122 1124 1123 1126 1124 1124 1126 1127 1128 1129 1130 1130 1129 1131 1129 1132 1131 1131 1132 1133 1128 1130 1134 1134 1130 1135 1136 1137 1138 1138 1137 1139 1138 1139 1140 1140 1139 1141 1136 1142 1137 1137 1142 1143 1142 1144 1143 1143 1144 1145 1144 1146 1145 1145 1146 1147 1145 1148 1143 1147 1148 1145 1149 1148 1147 1137 1143 1150 1143 1148 1150 1146 1144 1151 1151 1144 1152 1144 1142 1152 1153 1142 1136 1152 1142 1153 1148 1154 1150 1150 1154 1155 1148 1149 1156 1156 1149 1157 1158 1159 1160 1160 1159 1161 1161 1159 1162 1162 1159 1163 1164 1102 1094 1164 1094 1165 1165 1094 1166 1164 1167 1102 1103 1102 1167 1168 1103 1167 1168 1169 1103 1103 1169 1170 1169 1171 1170 1171 1165 1166 1172 1171 1166 1170 1171 1172 1173 1174 1175 1175 1174 1176 1177 1178 1179 1179 1178 1180 1181 1182 1183 1184 1185 1181 1183 1186 1181 1186 1184 1181 1187 1186 1183 1188 1184 1186 1189 1190 1191 1191 1190 1192 1189 1193 1190 1194 1193 1189 1194 1195 1193 1196 1195 1194 1196 1197 1195 1198 1197 1196 1198 1199 1197 1200 1199 1198 1200 1201 1199 1202 1201 1200 1201 1202 1203 1204 1201 1203 1205 1204 1203 1203 1202 1206 1206 1205 1203 1207 1205 1206 1205 1207 1208 1209 1205 1208 1210 1209 1208 1210 1211 1209 1212 1211 1210 1212 1213 1211 1214 1213 1212 1214 1215 1213 1216 1215 1214 1215 1216 1217 1217 1216 1218 1219 1217 1218 1220 1216 1214 1218 1216 1220 1220 1214 1221 1221 1214 1212 1222 1212 1210 1221 1212 1222 1222 1210 1208 1223 1222 1208 1207 1206 1223 1202 1223 1206 1207 1223 1208 1224 1225 1226 1225 1227 1226 1228 1227 1225 1228 1229 1227 1227 1229 1230 1227 1230 1226 1231 1229 1228 1232 1229 1231 1228 1233 1231 1234 1233 1228 1233 1234 1235 1233 1235 1236 1236 1235 1237 1235 1234 1238 1234 1239 1238 1240 1239 1234 1240 1228 1225 1234 1228 1240 1235 1241 1237 1242 1241 1235 1239 1243 1238 1238 1243 1244 1242 1235 1244 1244 1235 1238 1243 1245 1244 1244 1245 1242 1246 1245 1243 1246 1247 1245 1245 1247 1248 1249 1241 1242 1242 1245 1249 1245 1248 1249 1250 1246 1243 1251 1246 1250 1246 1252 1247 1251 1252 1246 1249 1248 1253 1248 1247 1254 1247 1252 1254 1248 1254 1253 1255 1249 1253 1255 1241 1249 1256 1241 1255 1251 1257 1252 1251 1258 1257 1251 1250 1259 1259 1258 1251 1258 1259 1260 1261 1258 1260 1262 1258 1261 1258 1262 1257 1260 1259 1263 1264 1260 1263 1264 1263 1265 1263 1259 1266 1265 1263 1266 1266 1259 1250 1239 1266 1243 1243 1266 1250 1265 1266 1240 1240 1266 1239 1267 1261 1260 1267 1260 1264 1268 1225 1224 1268 1240 1225 1265 1240 1268 1265 1268 1264 1269 1267 1264 1264 1268 1269 1270 1269 1268 1268 1224 1270 1271 1269 1270 1269 1271 1272 1272 1267 1269 1272 1271 1273 1272 1273 1274 1274 1273 1275 1267 1272 1276 1276 1272 1274 1276 1261 1267 1277 1273 1271 1270 1277 1271 1278 1277 1270 1277 1278 1279 1273 1277 1279 1279 1280 1273 1280 1281 1273 1279 1278 1282 1270 1224 1283 1283 1224 1226 1283 1278 1270 1282 1278 1284 1284 1283 1226 1284 1278 1283 1282 1284 1285 1284 1226 1285 1230 1286 1226 1286 1285 1226 1232 1287 1229 1286 1230 1287 1287 1230 1229 1288 1287 1232 1286 1287 1289 1287 1288 1289 1286 1289 1285 1289 1288 1290 1290 1291 1289 1289 1291 1292 1291 1293 1292 1292 1293 1294 1290 1295 1291 1296 1295 1290 1296 1297 1295 1298 1295 1297 1299 1291 1295 1293 1291 1299 1299 1295 1298 1300 1297 1296 1296 1301 1300 1301 1302 1300 1302 1301 1303 1303 1301 1304 1303 1304 1305 1305 1306 1303 1303 1306 1307 1305 1304 1308 1304 1309 1308 1232 1309 1288 1308 1309 1310 1232 1310 1309 1231 1310 1232 1305 1308 1311 1308 1310 1312 1311 1308 1312 1313 1298 1297 1300 1302 1313 1313 1297 1300 1233 1314 1231 1312 1310 1314 1231 1314 1310 1236 1314 1233 1305 1315 1306 1311 1315 1305 1301 1316 1304 1304 1316 1309 1290 1316 1296 1288 1316 1290 1288 1309 1316 1316 1301 1296 1315 1311 1317 1317 1311 1318 1318 1319 1317 1317 1319 1320 1319 1321 1320 1321 1256 1255 1320 1321 1322 1322 1321 1323 1323 1321 1255 1324 1255 1253 1323 1255 1324 1324 1253 1254 1325 1326 1327 1327 1326 1328 1329 1325 1327 1329 1327 1330 1328 1331 1327 1330 1327 1331 1331 1332 1330 1333 1332 1331 1334 1325 1329 1335 1333 1331 1335 1331 1328 1336 1333 1335 1326 1337 1328 1326 1338 1337 1337 1338 1339 1329 1340 1334 1330 1340 1329 1340 1330 1341 1341 1330 1332 1334 1340 1342 1340 1341 1343 1342 1340 1343 1343 1344 1342 1345 1342 1344 1325 1334 1346 1346 1342 1345 1346 1334 1342 1345 1344 1347 1347 1344 1348 1348 1349 1347 1347 1349 1350 1349 1351 1350 1350 1351 1352 1353 1346 1345 1354 1346 1353 1346 1354 1325 1325 1354 1326 1344 1355 1348 1355 1344 1343 1343 1341 1356 1356 1355 1343 1357 1355 1356 1348 1355 1358 1355 1357 1358 1358 1357 1359 1359 1360 1358 1358 1360 1361 1348 1361 1349 1358 1361 1348 1361 1362 1349 1360 1362 1361 1349 1362 1351 1363 1362 1360 1351 1362 1364 1362 1363 1364 1352 1351 1364 1365 1352 1364 1366 1352 1365 1350 1352 1366 1365 1367 1366 1366 1367 1368 1347 1369 1345 1347 1350 1369 1369 1350 1366 1368 1369 1366 1345 1369 1353 1370 1369 1368 1371 1369 1370 1353 1369 1371 1353 1371 1372 1363 1373 1364 1365 1364 1374 1373 1374 1364 1365 1374 1367 1375 1374 1373 1376 1374 1375 1377 1374 1376 1374 1377 1367 1372 1378 1353 1353 1378 1354 1354 1379 1326 1378 1379 1354 1326 1379 1338 1282 1380 1279 1380 1280 1279 1380 1381 1280 1381 1281 1280 1381 1380 1382 1382 1383 1294 1382 1380 1383 1294 1383 1292 1380 1282 1383 1292 1384 1289 1384 1282 1285 1383 1384 1292 1383 1282 1384 1289 1384 1285 1385 1281 1381 1236 1237 1386 1256 1387 1241 1387 1237 1241 1386 1237 1387 1236 1388 1314 1386 1388 1236 1312 1314 1388 1386 1389 1388 1389 1319 1318 1390 1387 1256 1389 1390 1319 1386 1390 1389 1321 1390 1256 1319 1390 1321 1387 1390 1386 1311 1312 1391 1389 1318 1391 1388 1389 1391 1391 1318 1311 1312 1388 1391 1337 1392 1328 1335 1328 1392 1392 1337 1393 1393 1337 1339 1394 1335 1392 1394 1336 1335 1302 1303 1395 1307 1395 1303 1396 1395 1307 1302 1395 1397 1313 1302 1397 1395 1396 1397 1397 1396 1398 1399 1397 1398 1399 1313 1397 1399 1400 1313 1400 1401 1313 1401 1298 1313 1402 1403 1404 1405 1402 1404 1257 1262 1406 1252 1407 1254 1252 1257 1407 1257 1406 1407 1408 1409 1410 1410 1409 1411 1410 1412 1408 1413 1412 1410 1413 1414 1412 1415 1414 1413 1415 1416 1414 1417 1416 1415 1417 1418 1416 1419 1418 1417 1419 1420 1418 1421 1420 1419 1421 1422 1420 1423 1422 1421 1423 1424 1422 1425 1424 1423 1425 1426 1424 1427 1426 1425 1427 1428 1426 1429 1428 1427 1429 1430 1428 1431 1430 1429 1431 1409 1430 1411 1409 1431 1409 1432 1430 1428 1433 1426 1432 1433 1430 1430 1433 1428 1432 1434 1433 1408 1435 1409 1412 1435 1408 1409 1435 1432 1435 1434 1432 1436 1435 1412 1414 1436 1412 1436 1434 1435 1414 1437 1436 1437 1434 1436 1418 1437 1416 1416 1437 1414 1420 1438 1418 1438 1437 1418 1438 1434 1437 1422 1439 1420 1424 1439 1422 1439 1434 1438 1420 1439 1438 1440 1439 1424 1426 1440 1424 1426 1433 1440 1433 1434 1440 1440 1434 1439 1193 1441 1190 1190 1442 1192 1441 1442 1190 1443 1441 1193 1195 1443 1193 1197 1444 1195 1444 1443 1195 1445 1444 1197 1199 1445 1197 1201 1446 1199 1446 1445 1199 1447 1446 1201 1201 1448 1447 1204 1448 1201 1448 1204 1205 1449 1448 1205 1448 1449 1447 1450 1449 1205 1451 1450 1205 1209 1451 1205 1452 1451 1209 1211 1452 1209 1453 1452 1211 1213 1453 1211 1454 1453 1213 1215 1454 1213 1455 1454 1215 1215 1217 1455 1456 1455 1217 1457 1456 1217 1456 1458 1455 1455 1458 1454 1458 1459 1454 1454 1459 1453 1451 1452 1460 1459 1460 1453 1453 1460 1452 1450 1461 1449 1447 1449 1461 1450 1451 1461 1461 1451 1460 1462 1463 1464 1464 1463 1465 1466 1464 1465 1466 1465 1467 1465 1463 1468 1467 1465 1468 1467 1469 1466 1470 1469 1467 1469 1471 1466 1466 1471 1472 1471 1473 1472 1471 1474 1473 1473 1474 1475 1472 1473 1476 1477 1472 1476 1464 1466 1478 1478 1472 1477 1478 1466 1472 1475 1479 1473 1473 1479 1480 1476 1481 1477 1480 1482 1473 1473 1482 1476 1482 1481 1476 1480 1483 1482 1483 1481 1482 1484 1481 1483 1483 1485 1484 1486 1254 1485 1486 1485 1483 1487 1480 1479 1487 1483 1480 1483 1487 1486 1484 1488 1481 1489 1488 1484 1489 1484 1490 1490 1484 1485 1490 1254 1407 1485 1254 1490 1486 1491 1254 1486 1487 1491 1324 1254 1491 1492 1491 1487 1324 1491 1492 1323 1324 1492 1492 1487 1479 1493 1492 1479 1490 1407 1494 1406 1262 1494 1489 1490 1494 1494 1407 1406 1494 1262 1495 1261 1495 1262 1494 1495 1489 1489 1496 1488 1489 1495 1496 1497 1496 1495 1497 1495 1261 1498 1496 1497 1498 1497 1499 1500 1498 1499 1496 1501 1488 1481 1501 1477 1488 1501 1481 1498 1501 1496 1501 1498 1500 1477 1501 1478 1478 1501 1500 1502 1261 1276 1497 1261 1502 1499 1497 1502 1499 1503 1500 1503 1478 1500 1464 1478 1503 1503 1462 1464 1504 1503 1499 1499 1502 1504 1503 1505 1462 1503 1504 1505 1505 1504 1506 1507 1506 1504 1507 1276 1274 1504 1502 1507 1502 1276 1507 1508 1506 1507 1274 1508 1507 1275 1508 1274 1509 1506 1508 1509 1505 1506 1510 1505 1509 1508 1511 1509 1509 1511 1510 1511 1508 1512 1508 1513 1512 1510 1511 1514 1515 1463 1462 1510 1515 1505 1462 1505 1515 1514 1516 1510 1516 1515 1510 1516 1463 1515 1516 1517 1463 1514 1517 1516 1518 1463 1517 1468 1463 1518 1519 1470 1467 1519 1468 1518 1467 1468 1519 1520 1470 1519 1518 1517 1521 1519 1521 1520 1518 1521 1519 1520 1521 1522 1521 1523 1522 1524 1523 1521 1523 1524 1525 1525 1524 1526 1523 1527 1522 1522 1527 1528 1527 1529 1528 1527 1530 1529 1525 1531 1523 1523 1531 1527 1531 1530 1527 1528 1529 1532 1533 1528 1532 1533 1532 1534 1534 1535 1533 1306 1535 1307 1533 1535 1536 1535 1537 1536 1537 1535 1306 1315 1537 1306 1536 1537 1538 1470 1520 1539 1536 1538 1539 1539 1538 1540 1539 1540 1470 1470 1540 1469 1537 1541 1538 1315 1317 1541 1541 1537 1315 1538 1541 1542 1538 1542 1540 1399 1543 1400 1543 1529 1530 1543 1532 1529 1534 1532 1543 1471 1469 1544 1474 1471 1544 1540 1542 1544 1544 1469 1540 1520 1522 1545 1545 1522 1528 1539 1520 1545 1545 1528 1533 1533 1536 1545 1545 1536 1539 1541 1317 1546 1320 1547 1317 1317 1547 1546 1322 1323 1548 1548 1323 1492 1548 1492 1493 1548 1320 1322 1547 1320 1548 1549 1550 1551 1551 1550 1552 1552 1553 1551 1554 1551 1553 1332 1554 1341 1555 1551 1554 1333 1555 1332 1555 1549 1551 1332 1555 1554 1556 1553 1552 1557 1333 1336 1555 1333 1557 1557 1549 1555 1394 1557 1336 1550 1549 1558 1558 1559 1550 1560 1559 1558 1561 1553 1556 1341 1554 1561 1554 1553 1561 1562 1561 1556 1561 1563 1341 1341 1563 1356 1563 1561 1562 1562 1564 1563 1562 1565 1564 1556 1566 1562 1566 1565 1562 1552 1566 1556 1565 1567 1564 1564 1567 1568 1568 1567 1569 1569 1567 1570 1569 1570 1571 1571 1570 1572 1566 1573 1565 1574 1573 1566 1550 1574 1552 1552 1574 1566 1356 1575 1357 1564 1568 1575 1563 1575 1356 1563 1564 1575 1575 1576 1357 1357 1576 1359 1575 1568 1576 1359 1576 1360 1576 1568 1577 1360 1576 1577 1577 1568 1569 1577 1578 1360 1578 1569 1571 1360 1578 1363 1577 1569 1578 1579 1571 1572 1571 1579 1578 1578 1579 1363 1363 1579 1373 1580 1579 1572 1570 1581 1572 1572 1581 1580 1581 1582 1580 1583 1582 1581 1565 1584 1567 1567 1584 1570 1573 1584 1565 1570 1584 1581 1584 1583 1581 1585 1583 1584 1586 1585 1584 1573 1586 1584 1573 1587 1586 1580 1582 1588 1373 1588 1375 1588 1376 1375 1580 1588 1579 1579 1588 1373 1589 1376 1588 1588 1582 1589 1573 1590 1587 1574 1590 1573 1574 1550 1591 1590 1574 1591 1591 1550 1559 1524 1592 1526 1593 1511 1512 1514 1511 1593 1592 1514 1593 1592 1593 1594 1526 1592 1594 1594 1593 1595 1595 1512 1513 1593 1512 1595 1596 1517 1514 1596 1514 1592 1524 1596 1592 1521 1517 1596 1521 1596 1524 1597 1595 1513 1474 1598 1475 1493 1479 1599 1598 1599 1475 1475 1599 1479 1600 1474 1544 1542 1600 1544 1598 1474 1600 1542 1601 1600 1546 1601 1541 1541 1601 1542 1602 1601 1546 1602 1600 1601 1602 1546 1547 1598 1600 1602 1603 1598 1602 1603 1493 1599 1599 1598 1603 1602 1547 1603 1548 1493 1603 1603 1547 1548 1394 1604 1557 1558 1549 1604 1557 1604 1549 1604 1605 1558 1558 1605 1560 1398 1396 1606 1543 1606 1534 1399 1606 1543 1399 1398 1606 1606 1396 1607 1396 1307 1607 1534 1607 1535 1307 1535 1607 1534 1606 1607 1608 1543 1530 1400 1543 1608 1402 1609 1403 1610 1609 1402 1611 1612 1613 1613 1612 1614 1615 1612 1611 1616 1612 1615 1617 1616 1615 1618 1616 1617 1619 1618 1617 1620 1618 1619 1621 1620 1619 1622 1620 1621 1623 1622 1621 1624 1622 1623 1625 1624 1623 1626 1624 1625 1627 1626 1625 1628 1626 1627 1629 1628 1627 1630 1628 1629 1631 1630 1629 1632 1630 1631 1633 1632 1631 1614 1634 1613 1634 1632 1633 1613 1634 1633 1613 1633 1635 1633 1636 1635 1631 1629 1636 1631 1636 1633 1635 1636 1637 1611 1613 1638 1611 1638 1615 1638 1613 1635 1638 1635 1637 1615 1638 1639 1639 1638 1637 1617 1615 1639 1640 1617 1639 1619 1640 1621 1619 1617 1640 1640 1639 1637 1621 1640 1641 1623 1621 1641 1641 1640 1637 1625 1623 1642 1642 1623 1641 1642 1641 1637 1625 1642 1627 1636 1629 1643 1629 1627 1643 1627 1642 1643 1636 1643 1637 1643 1642 1637 1644 1645 1646 1646 1645 1647 1647 1645 1648 1646 1649 1644 1650 1649 1646 1650 1651 1649 1652 1651 1650 1653 1652 1650 1654 1652 1653 1655 1654 1653 1656 1654 1655 1656 1655 1657 1657 1655 1658 1657 1658 1659 1659 1658 1660 1659 1660 1661 1661 1660 1662 1660 1648 1662 1662 1648 1645 1655 1653 1663 1655 1663 1658 1663 1653 1664 1653 1650 1664 1664 1650 1646 1658 1663 1665 1660 1665 1648 1658 1665 1660 1664 1646 1666 1647 1666 1646 1667 1665 1663 1666 1667 1664 1667 1666 1647 1664 1667 1663 1648 1668 1647 1668 1665 1667 1648 1665 1668 1647 1668 1667 1645 1669 1662 1645 1644 1669 1669 1644 1670 1670 1644 1671 1649 1671 1644 1672 1671 1649 1651 1672 1649 1673 1672 1651 1673 1674 1672 1675 1674 1673 1675 1676 1674 1677 1676 1675 1678 1676 1677 1679 1676 1678 1680 1679 1678 1661 1681 1680 1662 1681 1661 1662 1669 1681 1681 1679 1680 1676 1682 1674 1679 1682 1676 1674 1683 1672 1674 1682 1683 1672 1683 1671 1684 1682 1679 1669 1684 1681 1681 1684 1679 1683 1685 1671 1671 1685 1670 1670 1685 1686 1686 1683 1682 1682 1684 1686 1685 1683 1686 1686 1684 1687 1669 1670 1687 1669 1687 1684 1687 1670 1686 1688 1689 1690 1690 1689 1691 1690 1691 1692 1692 1691 1693 1692 1693 1694 1694 1693 1695 1688 1696 1689 1689 1696 1697 1696 1698 1697 1697 1698 1699 1698 1700 1699 1699 1700 1701 1693 1702 1695 1695 1702 1703 1691 1704 1693 1693 1704 1702 1691 1705 1704 1689 1705 1691 1689 1697 1705 1697 1699 1706 1705 1697 1706 1699 1701 1707 1706 1699 1707 1707 1701 1708 1705 1709 1704 1705 1706 1709 1704 1709 1710 1704 1710 1702 1702 1711 1703 1702 1710 1711 1703 1711 1712 1709 1706 1713 1706 1707 1713 1707 1708 1714 1713 1707 1714 1714 1708 1715 1716 1717 1718 1718 1717 1719 1717 1720 1719 1721 1694 1695 1719 1720 1721 1720 1694 1721 1716 1718 1722 1722 1718 1723 1722 1723 1724 1700 1725 1701 1724 1723 1725 1724 1725 1700 1726 1695 1703 1721 1695 1726 1727 1721 1726 1719 1721 1727 1718 1719 1728 1718 1728 1723 1728 1719 1727 1723 1729 1725 1723 1728 1729 1725 1729 1730 1725 1730 1701 1701 1730 1708 1728 1731 1729 1728 1727 1731 1727 1726 1732 1731 1727 1732 1732 1726 1733 1726 1703 1733 1733 1703 1712 1729 1734 1730 1729 1731 1734 1730 1735 1708 1708 1735 1715 1730 1734 1735 1736 1737 1738 1738 1737 1739 1738 1739 1740 1740 1739 1741 1740 1741 1742 1742 1741 1743 1736 1744 1737 1737 1744 1745 1744 1746 1745 1745 1746 1747 1746 1748 1747 1747 1748 1749 1737 1750 1739 1737 1745 1750 1739 1750 1751 1739 1751 1741 1741 1752 1743 1741 1751 1752 1743 1752 1753 1750 1754 1751 1751 1754 1755 1751 1755 1752 1752 1756 1753 1752 1755 1756 1753 1756 1757 1750 1745 1758 1750 1758 1754 1745 1747 1758 1747 1749 1759 1758 1747 1759 1759 1749 1760 1758 1759 1761 1754 1758 1761 1761 1759 1762 1759 1760 1762 1762 1760 1763 1764 1765 1766 1766 1765 1767 1765 1768 1767 1769 1742 1743 1767 1768 1769 1768 1742 1769 1764 1766 1770 1770 1766 1771 1770 1771 1772 1772 1773 1748 1748 1773 1749 1772 1771 1773 1766 1767 1774 1766 1774 1771 1767 1769 1775 1774 1767 1775 1776 1743 1753 1775 1769 1776 1769 1743 1776 1774 1775 1777 1777 1775 1778 1775 1776 1778 1776 1753 1779 1779 1753 1757 1778 1776 1779 1771 1774 1780 1774 1777 1780 1771 1780 1773 1749 1781 1760 1773 1780 1781 1773 1781 1749 1780 1782 1781 1780 1777 1782 1781 1782 1783 1760 1783 1763 1781 1783 1760 1784 1785 1786 1785 1787 1786 1787 1788 1786 1788 1789 1786 1789 1790 1786 1784 1791 1785 1791 1792 1785 1792 1793 1785 1793 1794 1785 1794 1795 1785 1796 1797 1798 1798 1797 1799 1799 1797 1800 1801 1800 1797 1802 1800 1801 1803 1802 1801 1804 1802 1803 1804 1805 1802 1806 1805 1804 1806 1807 1805 1808 1807 1806 1809 1807 1808 1810 1807 1809 1811 1810 1809 1812 1810 1811 1813 1812 1811 1814 1798 1812 1796 1798 1814 1814 1812 1813 1810 1815 1807 1807 1815 1805 1802 1816 1800 1805 1815 1816 1805 1816 1802 1812 1817 1810 1817 1815 1810 1798 1817 1812 1816 1818 1800 1800 1818 1799 1818 1816 1819 1799 1818 1819 1815 1817 1819 1819 1816 1815 1819 1817 1820 1798 1799 1820 1798 1820 1817 1820 1799 1819 1821 1801 1797 1797 1796 1821 1821 1796 1822 1814 1823 1796 1822 1796 1823 1824 1803 1801 1824 1801 1821 1825 1803 1824 1826 1825 1824 1827 1825 1826 1828 1827 1826 1829 1827 1828 1829 1828 1830 1830 1828 1831 1830 1831 1832 1832 1833 1813 1813 1833 1814 1833 1823 1814 1832 1831 1833 1828 1834 1831 1828 1826 1834 1835 1824 1821 1826 1824 1835 1834 1826 1835 1831 1834 1836 1831 1836 1833 1833 1836 1823 1835 1821 1837 1822 1837 1821 1838 1836 1834 1837 1838 1835 1838 1837 1822 1835 1838 1834 1823 1839 1822 1823 1836 1839 1839 1836 1838 1822 1839 1838 1840 1841 1842 1842 1841 1843 1841 1844 1843 1843 1844 1845 1844 1846 1845 1845 1846 1847 1840 1842 1848 1848 1842 1849 1848 1849 1850 1850 1849 1851 1850 1851 1852 1852 1851 1853 1845 1847 1854 1854 1847 1855 1856 1845 1854 1843 1845 1856 1842 1843 1857 1842 1857 1849 1857 1843 1856 1849 1858 1851 1849 1857 1858 1851 1858 1859 1851 1859 1853 1853 1859 1860 1857 1861 1858 1857 1856 1861 1856 1854 1862 1861 1856 1862 1854 1855 1863 1862 1854 1863 1863 1855 1864 1858 1865 1859 1858 1861 1865 1859 1866 1860 1859 1865 1866 1860 1866 1867 1868 1869 1870 1870 1869 1871 1870 1871 1872 1846 1873 1847 1872 1871 1873 1872 1873 1846 1868 1874 1869 1869 1874 1875 1874 1876 1875 1877 1852 1853 1875 1876 1877 1876 1852 1877 1847 1878 1855 1873 1878 1847 1873 1879 1878 1871 1879 1873 1869 1880 1871 1869 1875 1880 1871 1880 1879 1875 1877 1881 1880 1875 1881 1881 1877 1882 1882 1853 1860 1877 1853 1882 1880 1883 1879 1880 1881 1883 1879 1883 1884 1879 1884 1878 1878 1885 1855 1855 1885 1864 1878 1884 1885 1881 1882 1886 1883 1881 1886 1886 1882 1887 1882 1860 1887 1887 1860 1867 1888 1889 1890 1890 1889 1891 1889 1892 1891 1891 1892 1893 1892 1894 1893 1893 1894 1895 1888 1890 1896 1896 1890 1897 1896 1897 1898 1898 1897 1899 1898 1899 1900 1900 1899 1901 1890 1891 1902 1890 1902 1897 1902 1891 1903 1891 1893 1903 1903 1893 1904 1893 1895 1904 1904 1895 1905 1902 1903 1906 1906 1903 1907 1903 1904 1907 1904 1905 1908 1907 1904 1908 1908 1905 1909 1902 1906 1910 1897 1910 1899 1897 1902 1910 1899 1911 1901 1899 1910 1911 1901 1911 1912 1910 1913 1911 1910 1906 1913 1911 1914 1912 1911 1913 1914 1912 1914 1915 1916 1917 1918 1918 1917 1919 1918 1919 1920 1920 1921 1894 1920 1919 1921 1894 1921 1895 1916 1922 1917 1917 1922 1923 1922 1924 1923 1924 1900 1925 1923 1924 1925 1925 1900 1901 1917 1923 1926 1917 1926 1919 1919 1927 1921 1919 1926 1927 1921 1927 1928 1921 1928 1895 1895 1928 1905 1926 1929 1927 1927 1930 1928 1927 1929 1930 1905 1931 1909 1928 1931 1905 1928 1930 1931 1926 1923 1932 1923 1925 1932 1926 1932 1929 1925 1901 1933 1932 1925 1933 1933 1901 1912 1929 1932 1934 1932 1933 1934 1935 1912 1915 1934 1933 1935 1933 1912 1935 1936 1937 1938 1937 1939 1938 1939 1940 1938 1940 1941 1938 1941 1942 1938 1936 1938 1943 1938 1944 1943 1944 1945 1943 1945 1946 1943 1946 1947 1943 1948 1949 1950 1950 1949 1951 1952 1953 1954 1954 1953 1955 1954 1956 1952 1957 1956 1954 1958 1959 1960 1960 1959 1961 1962 1963 1964 1964 1963 1965 1966 1967 1968 1968 1967 1969 1970 1971 1972 1972 1971 1973 1968 1974 1966 1966 1974 1975 1976 1977 1978 1978 1977 1979 1960 1961 1980 1980 1961 1981 1974 1982 1975 1975 1982 1983 1984 1985 1986 1986 1985 1987 1980 1981 1988 1988 1981 1989 1957 1990 1956 1956 1990 1991 1992 1993 1994 1994 1993 1995 1995 1993 1996 1993 1997 1996 1997 1998 1996 1992 1994 1999 1994 2000 1999 2000 2001 1999 1999 2001 2002 2001 2003 2002 2004 2005 2006 2006 2005 2007 2004 2008 2005 2009 2008 2004 2006 2007 2010 2009 2011 2008 2008 2011 2012 2012 2011 2013 2013 2011 2014 2013 2014 2015 2016 2017 2018 2018 2017 2019 2018 2019 2020 2020 2019 2021 2016 2022 2017 2023 2022 2016 2023 2024 2022 2025 2024 2023 2025 2026 2024 2027 2026 2025 2027 2028 2026 2029 2028 2027 2019 2030 2021 2021 2030 2031 2017 2032 2019 2019 2032 2030 2022 2033 2017 2017 2033 2032 2022 2034 2033 2024 2034 2022 2024 2035 2034 2026 2035 2024 2028 2036 2026 2026 2036 2035 2023 2037 2025 2025 2038 2027 2025 2037 2038 2027 2039 2029 2027 2038 2039 2029 2039 2040 2023 2041 2037 2016 2041 2023 2018 2042 2016 2016 2042 2041 2020 2043 2018 2018 2043 2042 2036 2044 2035 2035 2044 2045 2035 2046 2034 2034 2046 2033 2045 2046 2035 2033 2047 2032 2033 2046 2047 2032 2047 2048 2032 2048 2030 2030 2049 2031 2030 2048 2049 2031 2049 2050 2042 2051 2041 2041 2051 2052 2041 2052 2037 2042 2053 2051 2043 2053 2042 2037 2054 2038 2037 2052 2054 2038 2054 2055 2038 2055 2039 2039 2056 2040 2039 2055 2056 2040 2056 2057 2020 2058 2043 2059 2058 2060 2058 2020 2061 2021 2031 2061 2060 2058 2061 2061 2020 2021 2062 2059 2060 2063 2059 2062 2064 2063 2062 2065 2063 2064 2066 2065 2064 2029 2067 2028 2028 2067 2066 2067 2065 2066 2066 2064 2068 2028 2068 2036 2036 2068 2044 2066 2068 2028 2068 2064 2069 2062 2070 2064 2064 2070 2069 2060 2071 2062 2062 2071 2070 2061 2072 2060 2061 2031 2072 2060 2072 2071 2063 2065 2073 2073 2065 2074 2065 2067 2074 2074 2067 2075 2075 2029 2040 2067 2029 2075 2059 2063 2076 2076 2063 2073 2043 2058 2077 2058 2059 2077 2077 2059 2076 2043 2077 2053 2044 2068 2078 2079 2068 2069 2069 2070 2079 2078 2068 2079 2079 2070 2080 2070 2071 2080 2080 2071 2081 2071 2072 2081 2082 2031 2050 2072 2031 2082 2081 2072 2082 2053 2077 2083 2077 2076 2083 2076 2073 2084 2083 2076 2084 2073 2074 2085 2084 2073 2085 2074 2075 2086 2085 2074 2086 2075 2040 2087 2087 2040 2057 2086 2075 2087 2088 2089 2090 2090 2091 2092 2092 2093 2094 2094 2095 2096 2096 2097 2098 2098 2099 2100 2101 2102 2088 2103 2104 2101 2105 2106 2103 2107 2108 2105 2109 2110 2107 2100 2111 2109 2088 2090 2112 2088 2112 2101 2090 2092 2113 2112 2090 2113 2094 2096 2114 2094 2114 2092 2092 2114 2113 2096 2098 2115 2114 2096 2115 2098 2116 2115 2100 2109 2116 2100 2116 2098 2103 2101 2117 2101 2112 2117 2105 2118 2107 2105 2103 2118 2118 2103 2117 2109 2107 2119 2107 2118 2119 2116 2109 2119 2120 2121 2122 2123 2124 2125 2126 2127 2128 2129 2130 2131 2113 2114 2132 2113 2132 2112 2112 2132 2133 2132 2114 2134 2114 2135 2134 2115 2135 2114 2115 2116 2135 2135 2116 2136 2135 2137 2134 2135 2136 2137 2137 2136 2138 2134 2137 2139 2132 2134 2140 2140 2134 2139 2132 2140 2133 2133 2140 2141 2142 2112 2133 2117 2142 2118 2117 2112 2142 2118 2142 2143 2144 2118 2143 2116 2144 2136 2119 2144 2116 2119 2118 2144 2145 2133 2141 2142 2145 2143 2142 2133 2145 2143 2145 2146 2144 2147 2136 2144 2143 2147 2147 2143 2146 2136 2147 2138 2148 2149 2150 2150 2149 2151 2152 2153 2154 2154 2153 2155 2152 2156 2153 2153 2156 2157 2158 2159 2160 2160 2159 2161 2162 2163 2164 2164 2163 2165 2166 2167 2168 2168 2167 2169 2170 2171 2172 2172 2171 2173 2169 2174 2168 2175 2174 2169 2176 2177 2178 2178 2177 2179 2180 2158 2181 2181 2158 2160 2175 2182 2174 2183 2182 2175 2184 2185 2186 2186 2185 2187 2188 2180 2181 2189 2180 2188 2190 2191 2156 2156 2191 2157 2192 2193 2194 2193 2195 2194 2195 2196 2194 2194 2196 2197 2196 2198 2197 2192 2199 2193 2193 2199 2200 2200 2199 2201 2199 2202 2201 2202 2203 2201 2204 2205 2206 2206 2205 2207 2207 2205 2208 2208 2205 2209 2208 2209 2210 2204 2206 2211 2211 2206 2212 2211 2212 2213 2213 2212 2214 2213 2214 2215 2216 2217 2218 2218 2217 2219 2217 2220 2219 2219 2220 2221 2222 2216 2218 2223 2216 2222 2224 2223 2222 2225 2223 2224 2226 2225 2224 2227 2225 2226 2228 2227 2226 2229 2227 2228 2219 2221 2230 2230 2221 2231 2218 2219 2232 2232 2219 2230 2233 2218 2232 2222 2218 2233 2234 2222 2233 2224 2222 2234 2235 2224 2234 2226 2224 2235 2228 2226 2236 2236 2226 2235 2223 2225 2237 2225 2227 2238 2237 2225 2238 2227 2229 2239 2238 2227 2239 2239 2229 2240 2241 2223 2237 2216 2223 2241 2217 2216 2242 2242 2216 2241 2220 2217 2243 2243 2217 2242 2236 2235 2244 2244 2235 2245 2245 2235 2246 2246 2235 2234 2234 2233 2246 2233 2232 2247 2246 2233 2247 2232 2230 2248 2247 2232 2248 2230 2231 2249 2248 2230 2249 2249 2231 2250 2242 2241 2251 2241 2237 2252 2251 2241 2252 2243 2242 2253 2253 2242 2251 2237 2238 2254 2252 2237 2254 2238 2239 2255 2254 2238 2255 2239 2240 2256 2255 2239 2256 2256 2240 2257 2258 2259 2260 2220 2243 2260 2220 2261 2221 2221 2261 2231 2260 2259 2261 2260 2261 2220 2258 2262 2259 2263 2262 2258 2263 2264 2262 2265 2264 2263 2265 2266 2264 2267 2266 2265 2229 2228 2267 2267 2228 2266 2266 2228 2268 2268 2228 2236 2236 2244 2268 2266 2268 2264 2264 2268 2269 2262 2264 2270 2270 2264 2269 2259 2262 2271 2271 2262 2270 2231 2261 2272 2272 2259 2271 2261 2259 2272 2263 2273 2265 2265 2273 2274 2265 2274 2267 2267 2274 2275 2267 2275 2229 2229 2275 2240 2258 2276 2263 2263 2276 2273 2260 2243 2277 2260 2277 2258 2258 2277 2276 2243 2253 2277 2268 2244 2278 2268 2279 2269 2269 2279 2270 2278 2279 2268 2270 2279 2280 2270 2280 2271 2271 2280 2281 2271 2281 2272 2231 2282 2250 2272 2282 2231 2272 2281 2282 2277 2283 2276 2277 2253 2283 2276 2284 2273 2276 2283 2284 2273 2285 2274 2273 2284 2285 2274 2286 2275 2274 2285 2286 2275 2286 2287 2275 2287 2240 2240 2287 2257 2288 2289 2290 2290 2289 2291 2290 2291 2292 2291 2293 2292 2292 2293 2294 2294 2293 2295 2295 2293 2296 2295 2296 2297 2296 2298 2297 2297 2298 2299 2300 2289 2288 2301 2289 2300 2302 2301 2300 2302 2303 2301 2304 2303 2302 2305 2303 2304 2306 2303 2305 2307 2306 2305 2299 2298 2307 2307 2298 2306 2308 2309 2310 2311 2312 2313 2314 2315 2316 2317 2318 2319 2289 2320 2291 2291 2320 2293 2321 2320 2289 2293 2320 2322 2322 2323 2293 2293 2323 2296 2296 2323 2298 2298 2323 2324 2322 2325 2323 2323 2325 2324 2324 2325 2326 2327 2325 2322 2320 2328 2322 2322 2328 2327 2321 2328 2320 2329 2328 2321 2289 2330 2321 2303 2330 2301 2301 2330 2289 2331 2330 2303 2303 2332 2331 2298 2332 2306 2306 2332 2303 2324 2332 2298 2321 2333 2329 2331 2333 2330 2330 2333 2321 2334 2333 2331 2331 2335 2334 2332 2335 2331 2326 2335 2324 2324 2335 2332 63 60 59 73 77 74 508 509 580 508 580 500 1185 1182 1181 1182 1187 1183 2089 2091 2090 2091 2093 2092 2093 2095 2094 2095 2097 2096 2097 2099 2098 2102 2089 2088 2104 2102 2101 2106 2104 2103 2108 2106 2105 2110 2108 2107 2099 2111 2100 2111 2110 2109 2089 2121 2091 2095 2124 2097 2106 2127 2104 2111 2130 2110 2336 63 62 60 2337 66 2337 2338 66 63 2339 60 60 2339 2337 2336 2340 63 63 2340 2339 2340 2341 2339 2337 2342 2338 2339 2342 2337 2339 2343 2342 2341 2343 2339 2343 2344 2342 2345 75 77 2345 77 73 2346 75 2345 2347 66 2338 73 66 2347 2342 2347 2338 2348 73 2347 2345 73 2348 2348 2347 2342 2345 2348 2349 2346 2345 2349 2348 2350 2349 2348 2342 2351 2342 2344 2351 2350 2348 2351 2352 1185 1184 2353 1187 1182 2354 2355 2356 2357 2355 2354 2353 1182 2358 2352 2358 1185 2358 1182 1185 2357 2359 2355 2360 2358 2352 2361 2359 2357 2362 2127 2126 2127 2362 2104 2104 2362 2102 2363 2121 2089 2362 2363 2102 2121 2363 2122 2363 2126 2122 2102 2363 2089 2362 2126 2363 2121 2364 2091 2091 2364 2093 2093 2365 2095 2097 2366 2099 2108 2367 2106 2127 2367 2128 2110 2368 2108 2099 2369 2111 2310 2309 2370 2370 2371 2310 2371 2300 2288 2310 2371 2372 2372 2288 2290 2371 2288 2372 2373 2308 2310 2310 2372 2373 2373 2312 2308 2372 2290 2374 2374 2290 2292 2373 2372 2374 2373 2374 2375 2374 2292 2376 2376 2292 2294 2376 2294 2377 2377 2294 2295 2377 2295 2378 2378 2295 2297 2379 2297 2299 2378 2297 2379 2370 2380 2371 2380 2300 2371 2380 2302 2300 2381 2380 2370 2381 2309 2314 2381 2314 2316 2370 2309 2381 2382 2302 2380 2381 2382 2380 2382 2304 2302 2379 2299 2383 2383 2299 2307 2384 2305 2304 2384 2304 2382 2385 2307 2305 2383 2307 2385 2385 2305 2384 2364 2121 2120 2365 2124 2095 2364 2365 2093 2365 2120 2125 2124 2365 2125 2364 2120 2365 2124 2366 2097 2366 2124 2123 2367 2127 2106 2367 2129 2128 2368 2129 2367 2130 2368 2110 2368 2367 2108 2368 2130 2129 2366 2369 2099 2369 2130 2111 2130 2369 2131 2366 2123 2369 2369 2123 2131 2313 2312 2375 2375 2312 2373 2375 2376 2313 2375 2374 2376 2313 2376 2377 2316 2382 2381 2319 2379 2383 2316 2384 2382 2313 2377 2386 2386 2311 2313 2386 2318 2311 2386 2377 2378 2387 2378 2379 2386 2378 2387 2387 2379 2319 2319 2318 2387 2387 2318 2386 2388 2384 2316 2388 2385 2384 2316 2315 2388 2389 2385 2388 2388 2315 2389 2389 2315 2317 2389 2383 2385 2319 2383 2389 2389 2317 2319</p>
        </triangles>
      </mesh>
    </geometry>
  </library_geometries>
  <library_controllers>
    <controller id="Controller">
      <skin source="#Geometry">
        <bind_shape_matrix>1 0 0 0 0 1 0 0 0 0 1 0 0 0 0 1</bind_shape_matrix>
        <source id="Controller-joints">
          <Name_array id="Controller-joints-array" count="25">J_tuma_L J_asi_L J_hiza_L J_momo_L J_tuma_R J_asi_R J_hiza_R J_momo_R HUDTarget J_yubi_R J_te_R J_hiji_R J_ude_R CharacterCenterTarget CharacterFaceCenterTarget J_yubi_L J_te_L J_hiji_L J_ude_L J_mune J_center J_root GRP_joint GRP_mesh chr341</Name_array>
          <technique_common>
            <accessor source="#Controller-joints-array" count="25" stride="1">
              <param name="JOINT" type="Name"/>
            </accessor>
          </technique_common>
        </source>
        <source id="Controller-bind_poses">
          <float_array id="Controller-bind_poses-array" count="400">1 0 0 -0.235235 0 1 0 -0.097129 0 0 1 -0.126545 0 0 0 1 1 0 0 -0.235235 0 1 0 -0.097129 0 0 1 0.051785 0 0 0 1 1 0 0 -0.234711 0 1 0 -0.473183 0 0 1 0.018851 0 0 0 1 1 0 0 -0.233867 0 1 0 -0.678415 0 0 1 0.036636 0 0 0 1 1 0 0 0.235235 0 1 0 -0.09713 0 0 1 -0.126545 0 0 0 1 1 0 0 0.235235 0 1 0 -0.09713 0 0 1 0.051785 0 0 0 1 1 0 0 0.234711 0 1 0 -0.473183 0 0 1 0.018851 0 0 0 1 1 0 0 0.233867 0 1 0 -0.678414 0 0 1 0.036636 0 0 0 1 1 0 0 0 0 1 0 -1.57806 0 0 1 0.057985 0 0 0 1 1 0 0 0.523599 0 1 0 -0.25029 0 0 1 0.102886 0 0 0 1 1 0 0 0.530288 0 1 0 -0.437236 0 0 1 0.085678 0 0 0 1 1 0 0 0.530288 0 1 0 -0.984821 0 0 1 0.088426 0 0 0 1 1 0 0 0.527466 0 1 0 -1.18746 0 0 1 0.064094 0 0 0 1 1 0 0 0 0 1 0 -0.988863 0 0 1 0 0 0 0 1 1 0 0 0 0 1 0 -1.32368 0 0 1 -0.104746 0 0 0 1 1 0 0 -0.523598 0 1 0 -0.250291 0 0 1 0.102886 0 0 0 1 1 0 0 -0.530287 0 1 0 -0.437237 0 0 1 0.085678 0 0 0 1 1 0 0 -0.530287 0 1 0 -0.984822 0 0 1 0.088426 0 0 0 1 1 0 0 -0.527466 0 1 0 -1.18746 0 0 1 0.064094 0 0 0 1 1 0 0 0 0 1 0 -1.14037 0 0 1 0 0 0 0 1 1 0 0 0 0 1 0 -0.860136 0 0 1 0 0 0 0 1 1 0 0 0 0 1 0 0 0 0 1 0 0 0 0 1 1 0 0 0 0 1 0 0 0 0 1 0 0 0 0 1 1 0 0 0 0 1 0 0 0 0 1 0 0 0 0 1 1 0 0 0 0 1 0 0 0 0 1 0 0 0 0 1</float_array>
          <technique_common>
            <accessor source="#Controller-bind_poses-array" count="25" stride="16">
              <param name="TRANSFORM" type="float4x4"/>
            </accessor>
          </technique_common>
        </source>
        <source id="Controller-weights">
          <float_array id="Controller-weights-array" count="171">1 0.5 0.5 0.5 0.5 0.5 0.5 0.962644 0.037356 0.5 0.5 0.5 0.5 0.5 0.5 0.5 0.5 0.5 0.5 0.5 0.5 0.5 0.5 0.5 0.5 0.5 0.5 0.5 0.5 0.5 0.5 0.5 0.5 0.5 0.5 0.5 0.5 0.486037 0.513963 0.473327 0.523929 0.002743 0.488859 0.511141 0.475179 0.519933 0.004888 0.488991 0.511009 0.476732 0.521145 0.002123 0.485005 0.513343 0.001651 0.472276 0.523049 0.004674 0.5 0.5 0.5 0.5 0.5 0.5 0.5 0.5 0.5 0.5 0.5 0.5 0.5 0.5 0.5 0.5 0.5 0.5 0.5 0.5 0.5 0.5 0.5 0.5 0.5 0.5 0.5 0.5 0.5 0.5 0.5 0.5 0.5 0.5 0.5 0.5 0.5 0.5 0.5 0.5 0.5 0.5 0.5 0.5 0.5 0.5 0.49002 0.50998 0.488991 0.511009 0.481241 0.51734 0.001418 0.476732 0.521145 0.002123 0.471818 0.524767 0.003414 0.485005 0.513343 0.001651 0.480011 0.516569 0.00342 0.472276 0.523049 0.004674 0.49002 0.50998 0.5 0.5 0.5 0.5 0.486037 0.513963 0.5 0.5 0.481241 0.51734 0.001418 0.5 0.5 0.5 0.5 0.5 0.5 0.5 0.5 0.5 0.5 0.488859 0.511141 0.5 0.5 0.5 0.5 0.5 0.5 0.5 0.5 0.473327 0.523929 0.002743 0.471818 0.524767 0.003414 0.480011 0.516569 0.00342 0.475179 0.519933 0.004888</float_array>
          <technique_common>
            <accessor source="#Controller-weights-array" count="171" stride="1">
              <param name="WEIGHT" type="float"/>
            </accessor>
          </technique_common>
        </source>
        <joints>
          <input semantic="JOINT" source="#Controller-joints"/>
          <input semantic="INV_BIND_MATRIX" source="#Controller-bind_poses"/>
        </joints>
        <vertex_weights count="2390">
          <input semantic="JOINT" source="#Controller-joints" offset="0"/>
          <input semantic="WEIGHT" source="#Controller-weights" offset="1"/>
          <vcount>1 1 1 1 1 1 1 1 1 1 1 1 1 1 1 1 1 1 1 1 1 1 1 1 1 1 1 1 1 1 1 1 1 1 1 1 1 1 1 1 1 1 1 1 1 1 1 1 1 1 1 1 1 1 1 1 1 1 1 1 2 1 1 2 1 1 1 1 1 1 1 1 1 2 1 1 1 1 1 1 1 1 1 1 1 1 1 1 1 1 1 1 1 1 1 1 1 1 1 1 1 1 1 1 1 1 1 1 1 1 1 1 1 1 1 1 1 1 1 1 1 1 1 1 1 1 1 1 1 1 1 1 1 1 1 1 1 1 1 1 1 1 1 1 1 1 1 1 1 1 1 1 1 1 1 1 1 1 1 1 1 1 1 1 1 1 1 1 1 1 1 1 1 1 1 1 1 1 1 1 1 1 1 1 1 1 1 1 1 1 1 1 1 1 1 1 1 1 1 1 1 1 1 1 1 1 1 1 1 1 1 1 1 1 1 1 1 1 1 1 1 1 1 1 1 1 1 1 1 1 1 1 1 1 1 1 1 1 1 1 1 1 1 1 1 1 1 1 1 1 1 1 1 1 1 1 1 1 1 1 1 1 1 1 1 1 1 1 1 1 1 1 1 1 1 1 1 1 1 1 1 1 1 1 1 1 1 1 1 1 1 1 1 1 1 1 1 1 1 1 1 1 1 1 1 1 1 1 1 1 1 1 1 1 1 1 1 1 1 1 1 1 1 1 1 1 1 1 1 1 1 1 1 1 1 1 1 1 1 1 1 1 1 1 1 1 1 1 1 1 1 1 1 1 1 1 1 1 1 1 1 1 1 1 1 1 1 1 1 1 1 1 1 1 1 1 1 1 1 1 1 1 1 1 1 1 1 1 1 1 1 1 1 1 1 1 1 1 1 1 1 1 1 1 1 1 1 1 1 1 1 1 1 1 1 1 1 1 1 1 1 1 1 1 1 1 1 1 1 1 1 1 1 1 1 1 1 1 1 1 1 1 1 1 1 1 1 1 1 1 1 1 1 1 1 1 1 1 1 1 1 1 1 1 1 1 1 1 1 1 1 1 1 1 1 1 1 1 1 1 1 1 1 1 1 1 1 1 1 1 1 1 1 1 1 1 1 1 1 1 1 1 1 1 1 1 1 1 2 1 1 1 1 1 1 1 1 1 1 1 1 1 1 1 1 1 1 1 1 1 1 1 1 1 1 1 1 1 1 1 1 1 1 1 1 1 1 1 1 1 1 1 1 1 1 1 1 1 1 1 1 1 1 1 1 1 1 1 1 1 1 1 1 1 1 1 1 1 1 1 1 1 1 1 1 1 1 1 1 1 1 1 1 1 1 1 1 1 1 1 1 1 1 1 1 1 1 1 1 1 1 1 1 1 1 1 1 1 1 1 1 1 1 1 1 1 1 1 1 1 1 1 1 1 1 1 1 1 1 1 1 1 1 1 1 1 1 1 1 1 1 1 1 1 1 1 1 1 1 1 1 1 1 1 1 1 1 1 1 1 1 1 1 1 1 1 1 1 1 1 1 1 1 1 1 1 1 1 1 1 1 1 1 1 1 1 1 1 1 1 1 1 1 1 1 1 1 1 1 1 1 1 1 1 1 1 1 1 1 1 1 1 1 1 1 1 1 1 1 1 1 1 1 1 1 1 1 1 1 1 1 1 1 1 1 1 1 1 1 1 1 1 1 1 1 1 1 1 1 1 1 1 1 1 1 1 1 1 1 1 1 1 1 1 1 1 1 1 1 1 1 1 1 1 1 1 1 1 1 1 1 1 1 1 1 1 1 1 1 1 1 1 1 1 1 1 1 1 1 1 1 1 1 1 1 1 1 1 1 1 1 1 1 1 1 1 1 1 1 1 1 1 1 1 1 1 1 1 1 1 1 1 1 1 1 1 1 1 1 1 1 1 1 1 1 1 1 1 1 1 1 1 1 1 1 1 1 1 1 1 1 1 1 1 1 1 1 1 1 1 1 1 1 1 1 1 1 1 1 1 1 1 1 1 1 1 1 1 1 1 1 1 1 1 1 1 1 1 1 1 1 1 1 1 1 1 1 1 1 1 1 1 1 1 1 1 1 1 1 1 1 1 1 1 1 1 1 1 1 1 1 1 1 1 1 1 1 1 1 1 1 1 1 1 1 1 1 1 1 1 1 1 1 1 1 1 1 1 1 1 1 1 1 1 1 1 1 1 1 1 1 1 1 1 1 1 1 1 1 1 1 1 1 1 1 1 1 1 1 1 1 1 1 1 1 1 1 1 1 1 1 1 1 1 1 1 1 1 1 1 1 1 1 1 1 1 1 1 1 1 1 1 1 1 1 1 1 1 1 1 1 1 1 1 1 1 1 1 1 1 1 1 1 1 1 1 1 1 1 1 1 1 1 1 1 1 1 1 1 1 1 1 1 1 1 1 1 1 1 1 1 1 1 1 1 1 1 1 1 1 1 1 1 1 1 1 1 1 1 1 1 1 1 1 1 1 1 1 1 1 1 1 1 1 1 1 1 1 1 1 1 1 1 1 1 1 1 1 1 1 1 1 1 1 1 1 1 1 1 1 1 1 1 1 1 1 1 1 1 1 1 1 1 1 1 1 1 1 1 1 1 1 1 1 1 1 1 1 1 1 1 1 1 1 1 1 1 1 1 1 1 1 2 1 1 2 1 1 1 1 1 1 1 1 1 1 1 1 1 1 1 1 1 1 1 1 1 1 1 1 1 1 1 1 1 1 1 1 1 1 1 1 1 1 1 1 1 1 1 1 1 1 1 1 1 1 1 1 1 1 1 1 1 1 1 1 1 1 1 1 1 1 1 1 1 1 1 1 1 1 1 1 1 1 1 1 1 1 1 1 1 1 1 1 1 1 1 1 1 1 1 1 1 1 1 1 1 1 1 1 1 1 1 1 1 1 1 1 1 1 1 1 1 1 1 1 1 1 1 1 1 1 1 1 1 1 1 1 1 1 1 1 1 1 1 1 1 1 1 1 1 1 1 1 1 1 1 1 1 1 1 1 1 1 1 1 1 1 1 1 1 1 1 1 1 1 1 1 1 1 1 1 1 1 1 1 1 1 1 1 1 1 1 1 1 1 1 1 1 1 1 1 1 1 1 1 1 1 1 1 1 1 1 1 1 1 1 1 1 1 1 1 1 1 1 1 1 1 1 1 1 1 1 1 1 1 1 1 1 1 1 1 1 1 1 1 1 1 1 1 1 1 1 1 1 1 1 1 1 1 1 1 1 1 1 1 1 1 1 1 1 1 1 1 1 1 1 1 1 1 1 1 1 1 1 1 1 1 1 1 1 1 1 1 1 1 1 1 1 1 1 1 1 1 1 1 1 1 1 1 1 1 1 1 1 1 1 1 1 1 1 1 1 1 1 1 1 1 1 1 1 1 1 1 1 1 1 1 1 1 1 1 1 1 1 1 1 1 1 1 1 1 1 1 1 1 1 1 1 1 1 1 1 1 1 1 1 1 1 1 1 1 1 1 1 1 1 1 1 1 1 1 1 1 1 1 1 1 1 1 1 1 1 1 1 1 1 1 1 1 1 1 1 1 1 1 1 1 1 1 1 1 1 1 1 1 1 1 1 1 1 1 1 1 1 1 1 1 1 1 1 1 1 1 1 1 1 1 1 1 1 1 1 1 1 1 1 1 1 1 1 1 1 1 1 1 1 1 1 1 1 1 1 1 1 1 1 1 1 1 1 1 1 1 1 1 1 1 1 1 1 1 1 1 1 1 1 1 1 1 1 1 1 1 1 1 1 1 1 1 1 1 1 1 1 1 1 1 1 1 1 1 1 1 1 1 1 1 1 1 1 1 1 1 1 1 1 1 1 1 1 1 1 1 1 1 1 1 1 1 1 1 1 1 1 1 1 1 1 1 1 1 1 1 1 1 1 1 1 1 1 1 1 1 1 1 1 1 1 1 1 1 1 1 1 1 1 1 1 1 1 1 1 1 1 1 1 1 1 1 1 1 1 1 1 1 1 1 1 1 1 1 1 1 1 1 1 1 1 1 1 1 1 1 1 1 1 1 1 1 1 1 1 1 1 1 1 1 1 1 1 1 1 1 1 1 1 1 1 1 1 1 1 1 1 1 1 1 1 1 1 1 1 1 1 1 1 1 1 1 1 1 1 1 1 1 1 1 1 1 1 1 1 1 1 1 1 1 1 1 1 1 1 1 1 1 1 1 1 1 1 1 1 1 1 1 1 1 1 1 1 1 1 1 1 1 1 1 1 1 1 1 1 1 1 1 1 1 1 1 1 1 1 1 1 1 1 1 1 1 1 1 1 1 1 1 1 1 1 1 1 1 1 1 1 1 1 1 1 1 1 1 1 1 1 1 1 1 1 1 1 1 1 1 1 1 1 1 1 1 1 1 1 1 1 1 1 1 1 1 1 1 1 1 1 1 1 1 1 1 1 1 1 1 1 1 1 1 1 1 1 1 1 1 1 1 1 1 1 1 1 1 1 1 1 1 1 1 1 1 1 1 1 1 1 1 1 1 1 1 1 1 1 1 1 1 1 1 1 1 1 1 1 1 1 1 1 1 1 1 1 1 1 1 1 1 1 1 1 1 1 1 1 1 1 1 1 1 1 1 1 1 1 1 1 1 1 1 1 1 1 1 1 1 1 1 1 1 1 1 1 1 1 1 1 1 1 1 1 1 1 1 1 1 1 1 1 1 1 2 1 2 1 2 1 2 1 2 1 2 1 1 2 1 2 1 2 1 2 1 2 2 1 1 1 1 1 1 1 1 1 2 1 1 3 1 1 2 1 1 3 1 1 1 1 1 1 1 1 1 1 1 1 1 1 1 1 1 1 1 1 1 1 1 1 1 1 1 1 1 1 1 1 1 1 1 1 1 1 1 1 1 1 1 1 1 1 1 1 1 1 1 1 1 1 1 1 1 1 1 1 1 1 1 1 1 1 1 1 1 1 1 1 1 1 1 1 1 1 1 1 1 1 1 1 1 1 1 1 1 1 1 1 1 1 1 1 1 1 1 1 1 1 1 1 1 1 1 1 1 1 1 1 1 1 1 1 1 1 1 1 1 1 1 1 1 1 1 1 1 1 1 1 1 1 1 1 1 1 1 1 1 1 1 1 1 1 1 1 1 1 1 1 1 1 1 1 1 1 1 1 1 1 1 1 1 1 1 1 1 1 1 1 1 1 1 1 1 1 1 2 1 1 3 1 1 3 1 1 3 1 1 1 1 1 1 1 1 1 1 1 1 1 1 1 1 2 2 2 2 2 2 2 2 2 2 2 2 2 2 2 2 2 2 2 1 1 2 2 1 2 2 2 2 3 3 3 3 3 3 2 2 2 2 2 3 2 2 2 2 2 2 2 2 2 2 3 3 3 3 </vcount>
          <v>20 0 20 0 20 0 20 0 20 0 20 0 20 0 20 0 20 0 20 0 20 0 20 0 20 0 20 0 20 0 20 0 20 0 20 0 20 0 20 0 20 0 20 0 20 0 20 0 20 0 20 0 20 0 20 0 20 0 20 0 20 0 20 0 20 0 20 0 20 0 20 0 20 0 20 0 20 0 20 0 20 0 20 0 20 0 20 0 20 0 20 0 20 0 20 0 20 0 20 0 20 0 20 0 20 0 20 0 20 0 20 0 20 0 20 0 20 0 20 0 20 1 19 2 20 0 20 0 20 3 19 4 20 0 20 0 20 0 20 0 20 0 20 0 20 0 20 0 20 0 20 5 19 6 20 0 20 0 20 0 20 0 20 0 20 0 20 0 20 0 20 0 19 0 19 0 19 0 19 0 19 0 19 0 19 0 19 0 19 0 19 0 19 0 19 0 19 0 19 0 19 0 19 0 19 0 19 0 19 0 19 0 19 0 19 0 19 0 19 0 19 0 19 0 19 0 19 0 19 0 19 0 19 0 19 0 19 0 19 0 19 0 19 0 19 0 19 0 19 0 19 0 19 0 19 0 19 0 19 0 19 0 19 0 19 0 19 0 19 0 19 0 19 0 19 0 19 0 19 0 19 0 19 0 19 0 19 0 19 0 19 0 19 0 19 0 19 0 19 0 19 0 19 0 20 0 20 0 20 0 20 0 20 0 20 0 20 0 20 0 20 0 20 0 20 0 20 0 20 0 20 0 20 0 20 0 20 0 20 0 20 0 20 0 20 0 20 0 20 0 20 0 20 0 20 0 20 0 20 0 20 0 20 0 20 0 20 0 20 0 20 0 20 0 20 0 20 0 20 0 20 0 20 0 20 0 20 0 20 0 20 0 20 0 20 0 20 0 20 0 20 0 20 0 20 0 20 0 20 0 20 0 20 0 20 0 20 0 20 0 20 0 20 0 20 0 20 0 20 0 20 0 20 0 20 0 20 0 20 0 20 0 20 0 20 0 20 0 20 0 20 0 20 0 20 0 20 0 20 0 20 0 20 0 20 0 20 0 20 0 20 0 20 0 20 0 20 0 20 0 20 0 20 0 20 0 20 0 20 0 20 0 20 0 20 0 20 0 20 0 20 0 20 0 20 0 20 0 20 0 20 0 20 0 20 0 20 0 20 0 20 0 20 0 20 0 20 0 20 0 20 0 20 0 20 0 20 0 20 0 20 0 20 0 20 0 20 0 20 0 20 0 20 0 20 0 20 0 20 0 20 0 20 0 20 0 20 0 20 0 20 0 20 0 20 0 20 0 20 0 20 0 20 0 20 0 20 0 20 0 20 0 20 0 20 0 20 0 20 0 20 0 20 0 20 0 20 0 20 0 20 0 20 0 20 0 20 0 20 0 20 0 20 0 20 0 20 0 20 0 20 0 20 0 20 0 20 0 20 0 20 0 20 0 20 0 20 0 20 0 20 0 20 0 20 0 20 0 20 0 20 0 20 0 20 0 20 0 20 0 20 0 20 0 20 0 20 0 20 0 20 0 20 0 20 0 20 0 20 0 20 0 20 0 20 0 20 0 20 0 20 0 20 0 20 0 20 0 20 0 20 0 20 0 20 0 20 0 20 0 20 0 20 0 20 0 20 0 20 0 20 0 20 0 20 0 20 0 20 0 20 0 20 0 20 0 20 0 20 0 20 0 20 0 20 0 20 0 20 0 20 0 20 0 20 0 20 0 20 0 20 0 20 0 20 0 20 0 20 0 20 0 20 0 20 0 20 0 20 0 20 0 20 0 20 0 20 0 20 0 20 0 20 0 20 0 20 0 20 0 20 0 20 0 20 0 20 0 20 0 20 0 20 0 20 0 20 0 20 0 20 0 20 0 20 0 20 0 20 0 20 0 20 0 20 0 20 0 20 0 20 0 20 0 20 0 20 0 20 0 20 0 20 0 20 0 20 0 20 0 20 0 20 0 20 0 20 0 20 0 20 0 20 0 20 0 20 0 20 0 20 0 20 0 20 0 20 0 20 0 20 0 20 0 20 0 20 0 20 0 20 0 20 0 20 0 20 0 20 0 20 0 20 0 20 0 20 0 20 0 20 0 20 0 20 0 20 0 20 0 20 0 20 0 20 0 20 0 20 0 20 0 20 0 20 0 20 0 20 0 20 0 20 0 20 0 19 0 19 0 19 0 19 0 19 0 19 0 19 0 19 0 19 0 19 0 19 0 19 0 19 0 19 0 19 0 19 0 19 0 19 0 20 0 20 0 20 0 20 0 20 0 20 0 20 0 20 0 20 0 20 0 20 7 19 8 20 0 20 0 20 0 20 0 20 0 20 0 20 0 20 0 20 0 20 0 20 0 20 0 20 0 20 0 20 0 20 0 20 0 20 0 20 0 20 0 20 0 20 0 20 0 20 0 20 0 20 0 20 0 20 0 20 0 20 0 20 0 20 0 20 0 20 0 20 0 20 0 20 0 20 0 20 0 20 0 20 0 20 0 20 0 20 0 20 0 20 0 20 0 20 0 20 0 20 0 20 0 20 0 20 0 20 0 20 0 20 0 20 0 20 0 20 0 20 0 20 0 20 0 20 0 20 0 20 0 20 0 20 0 20 0 20 0 20 0 20 0 20 0 20 0 20 0 20 0 20 0 20 0 20 0 20 0 20 0 20 0 20 0 20 0 20 0 20 0 20 0 20 0 20 0 20 0 20 0 20 0 20 0 20 0 20 0 20 0 20 0 20 0 20 0 20 0 20 0 20 0 20 0 20 0 20 0 20 0 20 0 20 0 20 0 20 0 20 0 18 0 19 0 19 0 19 0 19 0 19 0 19 0 19 0 19 0 19 0 19 0 19 0 19 0 19 0 19 0 19 0 18 0 19 0 19 0 19 0 18 0 18 0 18 0 18 0 18 0 18 0 18 0 18 0 18 0 18 0 18 0 18 0 18 0 18 0 18 0 18 0 18 0 18 0 18 0 18 0 18 0 18 0 18 0 18 0 18 0 18 0 18 0 18 0 18 0 18 0 18 0 18 0 18 0 18 0 18 0 18 0 18 0 18 0 18 0 18 0 18 0 18 0 18 0 18 0 18 0 18 0 18 0 18 0 18 0 18 0 18 0 18 0 18 0 18 0 18 0 18 0 18 0 18 0 18 0 18 0 18 0 18 0 18 0 18 0 18 0 18 0 18 0 18 0 18 0 18 0 18 0 18 0 18 0 18 0 18 0 18 0 18 0 18 0 18 0 18 0 18 0 18 0 18 0 18 0 18 0 18 0 18 0 18 0 18 0 18 0 18 0 18 0 18 0 18 0 18 0 18 0 18 0 18 0 18 0 18 0 18 0 18 0 18 0 18 0 18 0 18 0 18 0 18 0 18 0 18 0 18 0 18 0 18 0 18 0 18 0 18 0 18 0 18 0 18 0 18 0 18 0 18 0 18 0 18 0 18 0 18 0 18 0 18 0 18 0 18 0 18 0 18 0 18 0 18 0 18 0 18 0 18 0 18 0 18 0 18 0 18 0 18 0 18 0 17 0 17 0 17 0 18 0 18 0 17 0 18 0 17 0 17 0 18 0 17 0 18 0 18 0 17 0 17 0 17 0 17 0 17 0 17 0 17 0 17 0 17 0 18 0 18 0 18 0 18 0 18 0 18 0 16 0 16 0 16 0 15 0 15 0 15 0 15 0 16 0 16 0 16 0 16 0 16 0 16 0 16 0 16 0 16 0 15 0 15 0 16 0 16 0 16 0 16 0 16 0 16 0 17 0 17 0 17 0 16 0 17 0 17 0 16 0 15 0 15 0 15 0 15 0 15 0 15 0 15 0 16 0 15 0 15 0 16 0 15 0 15 0 16 0 16 0 16 0 16 0 16 0 16 0 16 0 16 0 16 0 16 0 16 0 16 0 16 0 16 0 16 0 16 0 16 0 16 0 16 0 16 0 15 0 15 0 15 0 16 0 16 0 16 0 15 0 15 0 15 0 15 0 16 0 16 0 16 0 16 0 16 0 16 0 17 0 16 0 15 0 15 0 15 0 15 0 15 0 15 0 15 0 15 0 19 0 19 0 19 0 12 0 19 0 19 0 19 0 19 0 19 0 19 0 19 0 19 0 19 0 19 0 19 0 19 0 12 0 19 0 19 0 19 0 12 0 12 0 12 0 12 0 12 0 12 0 12 0 12 0 12 0 12 0 12 0 12 0 12 0 12 0 12 0 12 0 12 0 12 0 12 0 12 0 12 0 12 0 12 0 12 0 12 0 12 0 12 0 12 0 12 0 12 0 12 0 12 0 12 0 12 0 12 0 12 0 12 0 12 0 12 0 12 0 12 0 12 0 12 0 12 0 12 0 12 0 12 0 12 0 12 0 12 0 12 0 12 0 12 0 12 0 12 0 12 0 12 0 12 0 12 0 12 0 12 0 12 0 12 0 12 0 12 0 12 0 12 0 12 0 12 0 12 0 12 0 12 0 12 0 12 0 12 0 12 0 12 0 12 0 12 0 12 0 12 0 12 0 12 0 12 0 12 0 12 0 12 0 12 0 12 0 12 0 12 0 12 0 12 0 12 0 12 0 12 0 12 0 12 0 12 0 12 0 12 0 12 0 12 0 12 0 12 0 12 0 12 0 12 0 12 0 12 0 12 0 12 0 12 0 12 0 12 0 12 0 12 0 12 0 12 0 12 0 12 0 12 0 12 0 12 0 12 0 12 0 12 0 12 0 12 0 12 0 12 0 12 0 12 0 12 0 12 0 12 0 12 0 12 0 12 0 12 0 12 0 11 0 12 0 11 0 12 0 11 0 12 0 12 0 11 0 12 0 11 0 11 0 12 0 11 0 12 0 12 0 11 0 11 0 11 0 11 0 11 0 11 0 11 0 11 0 11 0 12 0 12 0 12 0 12 0 12 0 12 0 10 0 10 0 10 0 10 0 10 0 10 0 9 0 9 0 9 0 9 0 10 0 10 0 10 0 10 0 10 0 10 0 10 0 10 0 9 0 9 0 10 0 10 0 10 0 10 0 9 0 9 0 9 0 9 0 9 0 9 0 9 0 10 0 9 0 9 0 10 0 9 0 9 0 10 0 10 0 10 0 10 0 10 0 10 0 10 0 10 0 10 0 10 0 10 0 10 0 10 0 10 0 10 0 10 0 10 0 10 0 10 0 10 0 9 0 9 0 9 0 10 0 10 0 10 0 9 0 9 0 9 0 9 0 10 0 10 0 10 0 10 0 10 0 10 0 11 0 11 0 10 0 11 0 11 0 11 0 10 0 11 0 10 0 9 0 9 0 9 0 9 0 9 0 9 0 9 0 9 0 20 0 20 9 19 10 20 0 20 0 20 11 19 12 20 0 20 0 20 0 19 0 19 0 19 0 19 0 19 0 19 0 19 0 19 0 19 0 19 0 19 0 19 0 19 0 19 0 19 0 19 0 19 0 19 0 19 0 19 0 19 0 19 0 19 0 19 0 19 0 19 0 19 0 19 0 19 0 19 0 19 0 19 0 19 0 19 0 19 0 19 0 19 0 19 0 19 0 19 0 19 0 19 0 19 0 19 0 20 0 20 0 20 0 20 0 20 0 20 0 20 0 20 0 20 0 20 0 20 0 20 0 20 0 20 0 20 0 20 0 20 0 20 0 20 0 20 0 20 0 20 0 20 0 20 0 20 0 20 0 20 0 20 0 20 0 20 0 20 0 20 0 20 0 20 0 20 0 19 0 19 0 19 0 19 0 19 0 19 0 19 0 19 0 20 0 19 0 19 0 19 0 19 0 19 0 19 0 19 0 19 0 19 0 19 0 19 0 19 0 19 0 19 0 19 0 19 0 19 0 19 0 19 0 19 0 19 0 19 0 19 0 19 0 19 0 19 0 19 0 19 0 19 0 19 0 19 0 19 0 19 0 19 0 20 0 20 0 19 0 20 0 20 0 19 0 20 0 20 0 20 0 20 0 20 0 20 0 20 0 20 0 19 0 19 0 19 0 19 0 19 0 19 0 19 0 19 0 19 0 19 0 19 0 19 0 19 0 19 0 19 0 19 0 19 0 19 0 19 0 19 0 19 0 19 0 19 0 19 0 19 0 19 0 19 0 19 0 19 0 19 0 19 0 19 0 19 0 19 0 19 0 19 0 19 0 19 0 19 0 19 0 19 0 19 0 19 0 19 0 19 0 19 0 19 0 19 0 19 0 19 0 19 0 19 0 19 0 19 0 19 0 19 0 19 0 19 0 19 0 19 0 19 0 20 0 20 0 20 0 20 0 20 0 20 0 19 0 19 0 19 0 19 0 19 0 19 0 19 0 19 0 19 0 19 0 19 0 19 0 19 0 19 0 20 0 20 0 19 0 19 0 19 0 19 0 19 0 19 0 19 0 19 0 19 0 19 0 19 0 19 0 19 0 19 0 19 0 19 0 19 0 19 0 19 0 19 0 19 0 19 0 19 0 19 0 19 0 19 0 19 0 19 0 19 0 19 0 19 0 19 0 19 0 19 0 19 0 19 0 19 0 19 0 19 0 19 0 19 0 19 0 19 0 19 0 19 0 19 0 19 0 19 0 19 0 19 0 19 0 19 0 19 0 19 0 19 0 19 0 19 0 19 0 19 0 19 0 19 0 19 0 19 0 20 0 20 0 20 0 20 0 20 0 20 0 20 0 20 0 20 0 20 0 20 0 20 0 20 0 20 0 20 0 20 0 20 0 20 0 20 0 20 0 20 0 20 0 20 0 20 0 20 0 20 0 20 0 20 0 20 0 20 0 20 0 20 0 19 0 19 0 19 0 19 0 19 0 19 0 19 0 19 0 19 0 19 0 19 0 19 0 19 0 19 0 19 0 19 0 19 0 19 0 19 0 19 0 19 0 19 0 19 0 19 0 19 0 19 0 19 0 19 0 19 0 19 0 19 0 19 0 19 0 19 0 19 0 19 0 19 0 19 0 20 0 20 0 19 0 20 0 19 0 20 0 20 0 20 0 19 0 19 0 19 0 19 0 19 0 19 0 19 0 19 0 19 0 19 0 19 0 19 0 19 0 19 0 19 0 19 0 19 0 19 0 19 0 19 0 19 0 19 0 19 0 19 0 19 0 19 0 19 0 19 0 19 0 19 0 19 0 19 0 19 0 19 0 19 0 19 0 19 0 19 0 19 0 19 0 19 0 19 0 19 0 19 0 19 0 19 0 19 0 19 0 19 0 20 0 20 0 20 0 20 0 20 0 20 0 19 0 19 0 19 0 19 0 19 0 19 0 19 0 19 0 19 0 19 0 19 0 19 0 19 0 19 0 19 0 19 0 19 0 19 0 19 0 19 0 19 0 19 0 19 0 19 0 19 0 19 0 19 0 19 0 19 0 19 0 19 0 19 0 19 0 19 0 19 0 19 0 19 0 19 0 19 0 19 0 11 0 11 0 11 0 11 0 11 0 11 0 11 0 11 0 11 0 11 0 11 0 11 0 11 0 11 0 11 0 11 0 11 0 11 0 11 0 11 0 11 0 11 0 11 0 11 0 11 0 11 0 11 0 11 0 11 0 11 0 11 0 11 0 11 0 11 0 11 0 11 0 11 0 11 0 11 0 11 0 11 0 11 0 11 0 11 0 11 0 11 0 11 0 11 0 11 0 11 0 11 0 11 0 11 0 11 0 11 0 11 0 11 0 11 0 11 0 11 0 11 0 11 0 11 0 11 0 11 0 11 0 11 0 11 0 11 0 11 0 11 0 11 0 11 0 11 0 11 0 11 0 11 0 11 0 11 0 11 0 11 0 11 0 11 0 11 0 11 0 11 0 11 0 11 0 11 0 11 0 11 0 11 0 11 0 11 0 11 0 11 0 11 0 11 0 11 0 11 0 11 0 11 0 11 0 11 0 11 0 11 0 11 0 11 0 11 0 11 0 11 0 11 0 11 0 11 0 11 0 11 0 11 0 11 0 11 0 11 0 11 0 11 0 11 0 11 0 11 0 11 0 11 0 11 0 11 0 11 0 11 0 11 0 11 0 11 0 11 0 11 0 11 0 11 0 11 0 11 0 11 0 11 0 11 0 11 0 11 0 11 0 11 0 11 0 11 0 11 0 11 0 11 0 17 0 17 0 17 0 17 0 17 0 17 0 17 0 17 0 17 0 17 0 17 0 17 0 17 0 17 0 17 0 17 0 17 0 17 0 17 0 17 0 17 0 17 0 17 0 17 0 17 0 17 0 17 0 17 0 17 0 17 0 17 0 17 0 17 0 17 0 17 0 17 0 17 0 17 0 17 0 17 0 17 0 17 0 17 0 17 0 17 0 17 0 17 0 17 0 17 0 17 0 17 0 17 0 17 0 17 0 17 0 17 0 17 0 17 0 17 0 17 0 17 0 17 0 17 0 17 0 17 0 17 0 17 0 17 0 17 0 17 0 17 0 17 0 17 0 17 0 17 0 17 0 17 0 17 0 17 0 17 0 17 0 17 0 17 0 17 0 17 0 17 0 17 0 17 0 17 0 17 0 17 0 17 0 17 0 17 0 17 0 17 0 17 0 17 0 17 0 17 0 17 0 17 0 17 0 17 0 17 0 17 0 17 0 17 0 17 0 17 0 17 0 17 0 17 0 17 0 17 0 17 0 17 0 17 0 17 0 17 0 17 0 17 0 17 0 17 0 17 0 17 0 17 0 17 0 17 0 17 0 17 0 17 0 17 0 17 0 17 0 17 0 17 0 17 0 17 0 17 0 17 0 17 0 17 0 17 0 17 0 17 0 17 0 17 0 17 0 17 0 17 0 17 0 4 0 4 0 4 0 4 0 4 0 4 0 4 0 4 0 4 0 4 0 4 0 4 0 4 0 4 0 4 0 4 0 4 0 4 0 4 0 4 0 4 0 4 0 4 0 4 0 4 0 4 0 4 0 4 0 4 0 4 0 4 0 4 0 4 0 4 0 4 0 4 0 4 0 4 0 4 0 4 0 4 0 4 0 4 0 4 0 6 0 6 0 6 0 6 0 6 0 6 0 6 0 6 0 6 0 6 0 6 0 6 0 6 0 6 0 6 0 6 0 6 0 6 0 6 0 6 0 6 0 6 0 6 0 6 0 6 0 6 0 6 0 6 0 6 0 6 0 6 0 6 0 6 0 6 0 6 0 6 0 6 0 6 0 6 0 6 0 6 0 6 0 6 0 6 0 6 0 6 0 6 0 6 0 6 0 6 0 6 0 6 0 6 0 6 0 6 0 6 0 6 0 6 0 6 0 6 0 6 0 6 0 6 0 6 0 6 0 6 0 6 0 6 0 6 0 6 0 6 0 6 0 6 0 6 0 6 0 6 0 6 0 6 0 6 0 6 0 6 0 6 0 6 0 6 0 6 0 6 0 6 0 6 0 6 0 6 0 6 0 6 0 6 0 6 0 6 0 6 0 7 0 7 13 6 14 7 0 7 15 6 16 7 0 7 17 6 18 7 0 7 19 6 20 7 0 7 21 6 22 7 0 7 23 6 24 7 0 7 0 7 25 6 26 7 0 7 27 6 28 7 0 7 29 6 30 7 0 7 31 6 32 7 0 7 33 6 34 7 35 6 36 7 0 7 0 7 0 7 0 7 0 7 0 7 0 7 0 6 0 7 37 6 38 6 0 6 0 7 39 6 40 5 41 6 0 6 0 7 42 6 43 6 0 6 0 7 44 6 45 9 46 6 0 7 0 7 0 7 0 7 0 7 0 20 0 20 0 20 0 20 0 20 0 7 0 7 0 7 0 20 0 20 0 20 0 0 0 0 0 0 0 0 0 0 0 0 0 0 0 0 0 0 0 0 0 0 0 0 0 0 0 0 0 0 0 0 0 0 0 0 0 0 0 0 0 0 0 0 0 0 0 0 0 0 0 0 0 0 0 0 0 0 0 0 0 0 0 0 0 0 0 0 0 0 0 0 0 0 0 0 0 0 0 0 0 0 0 0 0 0 0 0 0 2 0 2 0 2 0 2 0 2 0 2 0 2 0 2 0 2 0 2 0 2 0 2 0 2 0 2 0 2 0 2 0 2 0 2 0 2 0 2 0 2 0 2 0 2 0 2 0 2 0 2 0 2 0 2 0 2 0 2 0 2 0 2 0 2 0 2 0 2 0 2 0 2 0 2 0 2 0 2 0 2 0 2 0 2 0 2 0 2 0 2 0 2 0 2 0 2 0 2 0 2 0 2 0 2 0 2 0 2 0 2 0 2 0 2 0 2 0 2 0 2 0 2 0 2 0 2 0 2 0 2 0 2 0 2 0 2 0 2 0 2 0 2 0 2 0 2 0 2 0 2 0 2 0 2 0 2 0 2 0 2 0 2 0 2 0 2 0 2 0 2 0 2 0 2 0 2 0 2 0 2 0 2 0 2 0 2 0 2 0 2 0 3 0 3 0 3 0 3 0 3 0 3 0 3 0 3 0 3 0 3 0 3 0 3 0 3 0 3 0 3 0 3 0 3 0 3 0 3 0 3 0 2 0 2 0 3 47 2 48 2 0 2 0 3 49 2 50 1 51 2 0 2 0 3 52 2 53 15 54 2 0 2 0 3 55 2 56 15 57 3 0 3 0 3 0 3 0 3 0 20 0 20 0 20 0 20 0 20 0 3 0 3 0 3 0 20 0 20 0 20 0 20 58 19 59 20 60 19 61 20 62 19 63 20 64 19 65 20 66 19 67 20 68 19 69 20 70 19 71 20 72 19 73 20 74 19 75 20 76 19 77 20 78 19 79 20 80 19 81 20 82 19 83 20 84 19 85 20 86 19 87 20 88 19 89 20 90 19 91 20 92 19 93 20 94 19 95 20 0 20 0 20 96 19 97 20 98 19 99 20 0 20 100 19 101 20 102 19 103 7 104 6 105 7 106 6 107 7 108 6 109 5 110 7 111 6 112 5 113 7 114 6 115 9 116 7 117 6 118 9 119 7 120 6 121 9 122 7 123 6 124 9 125 3 126 2 127 3 128 2 129 3 130 2 131 3 132 2 133 3 134 2 135 3 136 2 137 1 138 3 139 2 140 3 141 2 142 3 143 2 144 3 145 2 146 3 147 2 148 3 149 2 150 3 151 2 152 3 153 2 154 3 155 2 156 3 157 2 158 3 159 2 160 1 161 3 162 2 163 15 164 3 165 2 166 15 167 3 168 2 169 15 170</v>
        </vertex_weights>
      </skin>
      <extra>
        <technique profile="FCOLLADA">
          <user_properties>SkinController</user_properties>
        </technique>
      </extra>
    </controller>
  </library_controllers>
  <library_visual_scenes>
    <visual_scene id="VisualSceneNode" name="rdmscene">
      <node id="VisualSceneNode1" name="chr341" sid="chr341" type="JOINT">
        <matrix>1 0 0 0 0 1 0 0 0 0 1 0 0 0 0 1</matrix>
        <node id="VisualSceneNode2" name="GRP_joint" sid="GRP_joint" type="JOINT">
          <matrix>1 0 0 0 0 1 0 0 0 0 1 0 0 0 0 1</matrix>
          <node id="VisualSceneNode3" name="J_root" sid="J_root" type="JOINT">
            <matrix>1 0 0 0 0 1 0 0 0 0 1 0 0 0 0 1</matrix>
            <node id="VisualSceneNode4" name="J_center" sid="J_center" type="JOINT">
              <matrix>1 0 0 0 0 1 0 0.860136 0 0 1 0 0 0 0 1</matrix>
              <node id="VisualSceneNode5" name="J_momo_L" sid="J_momo_L" type="JOINT">
                <matrix>1 0 0 0.233867 0 1 0 -0.181721 0 0 1 -0.036636 0 0 0 1</matrix>
                <node id="VisualSceneNode6" name="J_hiza_L" sid="J_hiza_L" type="JOINT">
                  <matrix>1 0 0 0.000844 0 1 0 -0.205232 0 0 1 0.017785 0 0 0 1</matrix>
                  <node id="VisualSceneNode7" name="J_asi_L" sid="J_asi_L" type="JOINT">
                    <matrix>1 0 0 0.000523 0 1 0 -0.376053 0 0 1 -0.032934 0 0 0 1</matrix>
                    <node id="VisualSceneNode8" name="J_tuma_L" sid="J_tuma_L" type="JOINT">
                      <matrix>1 0 0 0 0 1 0 0 0 0 1 0.17833 0 0 0 1</matrix>
                    </node>
                  </node>
                </node>
              </node>
              <node id="VisualSceneNode9" name="J_momo_R" sid="J_momo_R" type="JOINT">
                <matrix>1 0 0 -0.233867 0 1 0 -0.181722 0 0 1 -0.036636 0 0 0 1</matrix>
                <node id="VisualSceneNode10" name="J_hiza_R" sid="J_hiza_R" type="JOINT">
                  <matrix>1 0 0 -0.000844 0 1 0 -0.205231 0 0 1 0.017785 0 0 0 1</matrix>
                  <node id="VisualSceneNode11" name="J_asi_R" sid="J_asi_R" type="JOINT">
                    <matrix>1 0 0 -0.000523 0 1 0 -0.376053 0 0 1 -0.032934 0 0 0 1</matrix>
                    <node id="VisualSceneNode12" name="J_tuma_R" sid="J_tuma_R" type="JOINT">
                      <matrix>1 0 0 0 0 1 0 0 0 0 1 0.17833 0 0 0 1</matrix>
                    </node>
                  </node>
                </node>
              </node>
              <node id="VisualSceneNode13" name="J_mune" sid="J_mune" type="JOINT">
                <matrix>1 0 0 0 0 1 0 0.280236 0 0 1 0 0 0 0 1</matrix>
                <node id="VisualSceneNode14" name="HUDTarget" sid="HUDTarget" type="JOINT">
                  <matrix>1 0 0 0 0 1 0 0.43769 0 0 1 -0.057985 0 0 0 1</matrix>
                </node>
                <node id="VisualSceneNode15" name="J_ude_R" sid="J_ude_R" type="JOINT">
                  <matrix>1 0 0 -0.527466 0 1 0 0.047084 0 0 1 -0.064094 0 0 0 1</matrix>
                  <node id="VisualSceneNode16" name="J_hiji_R" sid="J_hiji_R" type="JOINT">
                    <matrix>1 0 0 -0.002821 0 1 0 -0.202635 0 0 1 -0.024332 0 0 0 1</matrix>
                    <node id="VisualSceneNode17" name="J_te_R" sid="J_te_R" type="JOINT">
                      <matrix>1 0 0 0 0 1 0 -0.547585 0 0 1 0.002748 0 0 0 1</matrix>
                      <node id="VisualSceneNode18" name="J_yubi_R" sid="J_yubi_R" type="JOINT">
                        <matrix>1 0 0 0.006689 0 1 0 -0.186946 0 0 1 -0.017208 0 0 0 1</matrix>
                      </node>
                    </node>
                  </node>
                </node>
                <node id="VisualSceneNode19" name="CharacterCenterTarget" sid="CharacterCenterTarget" type="JOINT">
                  <matrix>1 0 0 0 0 1 0 -0.151509 0 0 1 0 0 0 0 1</matrix>
                </node>
                <node id="VisualSceneNode20" name="CharacterFaceCenterTarget" sid="CharacterFaceCenterTarget" type="JOINT">
                  <matrix>1 0 0 0 0 1 0 0.183306 0 0 1 0.104746 0 0 0 1</matrix>
                </node>
                <node id="VisualSceneNode21" name="J_ude_L" sid="J_ude_L" type="JOINT">
                  <matrix>1 0 0 0.527466 0 1 0 0.047085 0 0 1 -0.064094 0 0 0 1</matrix>
                  <node id="VisualSceneNode22" name="J_hiji_L" sid="J_hiji_L" type="JOINT">
                    <matrix>1 0 0 0.002821 0 1 0 -0.202635 0 0 1 -0.024332 0 0 0 1</matrix>
                    <node id="VisualSceneNode23" name="J_te_L" sid="J_te_L" type="JOINT">
                      <matrix>1 0 0 0 0 1 0 -0.547585 0 0 1 0.002748 0 0 0 1</matrix>
                      <node id="VisualSceneNode24" name="J_yubi_L" sid="J_yubi_L" type="JOINT">
                        <matrix>1 0 0 -0.006689 0 1 0 -0.186946 0 0 1 -0.017208 0 0 0 1</matrix>
                      </node>
                    </node>
                  </node>
                </node>
              </node>
            </node>
          </node>
        </node>
        <node id="VisualSceneNode25" name="GRP_mesh" sid="GRP_mesh" type="JOINT">
          <matrix>1 0 0 0 0 1 0 0 0 0 1 0 0 0 0 1</matrix>
        </node>
      </node>
      <node id="VisualSceneNode26" name="chr341" type="NODE">
        <matrix>1 0 0 0 0 1 0 0 0 0 1 0 0 0 0 1</matrix>
        <instance_controller url="#Controller">
          <skeleton>#VisualSceneNode1</skeleton>
          <bind_material>
            <technique_common>
              <instance_material symbol="VisualMaterial0" target="#VisualMaterial"/>
            </technique_common>
          </bind_material>
        </instance_controller>
      </node>
    </visual_scene>
  </library_visual_scenes>
  <scene>
    <instance_visual_scene url="#VisualSceneNode"/>
  </scene>
</COLLADA>
