<?xml version="1.0" encoding="utf-8"?>
<COLLADA xmlns="http://www.collada.org/2005/11/COLLADASchema" version="1.4.1">
  <asset>
    <created>2017-08-24T01:22:02Z</created>
    <modified>2017-08-24T01:22:02Z</modified>
  </asset>
  <library_images>
    <image id="Image">
      <init_from>chr057a01.png</init_from>
    </image>
  </library_images>
  <library_materials>
    <material id="VisualMaterial" name="chr057a01">
      <instance_effect url="#Effect"/>
      <extra>
        <technique profile="FCOLLADA">
          <user_properties>chr057a01</user_properties>
        </technique>
      </extra>
    </material>
  </library_materials>
  <library_effects>
    <effect id="Effect" name="Texture2D_chr057a01_png">
      <profile_COMMON>
        <newparam sid="Image-surface">
          <surface type="2D">
            <init_from>Image</init_from>
            <format>A8R8G8B8</format>
          </surface>
        </newparam>
        <newparam sid="Image-sampler">
          <sampler2D>
            <source>Image-surface</source>
            <wrap_s>WRAP</wrap_s>
            <wrap_t>WRAP</wrap_t>
            <minfilter>NONE</minfilter>
            <magfilter>NONE</magfilter>
            <mipfilter>NONE</mipfilter>
          </sampler2D>
        </newparam>
        <technique sid="common">
          <phong>
            <emission>
              <color>0 0 0 1</color>
            </emission>
            <ambient>
              <color>0 0 0 1</color>
            </ambient>
            <diffuse>
              <texture texture="Image-sampler" texcoord=""/>
            </diffuse>
            <specular>
              <color>1 1 1 1</color>
            </specular>
            <shininess>
              <float>0</float>
            </shininess>
            <transparent opaque="A_ONE">
              <color>0 0 0 1</color>
            </transparent>
            <transparency>
              <float>1</float>
            </transparency>
            <index_of_refraction>
              <float>1.55</float>
            </index_of_refraction>
          </phong>
          <extra>
            <technique profile="FCOLLADA">
              <spec_level>
                <float>0</float>
              </spec_level>
            </technique>
          </extra>
        </technique>
      </profile_COMMON>
      <extra>
        <technique profile="FCOLLADA">
          <user_properties>Texture2D%5Cchr057a01.png</user_properties>
        </technique>
      </extra>
    </effect>
  </library_effects>
  <library_geometries>
    <geometry id="Geometry" name="chr057">
      <mesh>
        <source id="GeometrySource" name="chr057Pos">
          <float_array id="GeometrySource-array" count="18216">0.176892 1.05951 -0.101684 0.280121 0.961235 -0.074341 0.229768 1.08505 -0.075583 0.570747 0.309312 0.022161 0.519814 0.418652 -0.015893 0.467911 0.387606 -0.032019 0.05824 1.32544 0.071784 0.074325 1.3404 0.031933 0.094275 1.33757 0.051174 0.126883 1.34818 0.020842 0.107846 1.34614 -0.001797 0.152749 1.35186 -0.009503 0.138132 1.34673 -0.024605 0.175403 1.34543 -0.035326 0.054375 1.3434 0.012687 0.115225 1.34192 -0.047783 0.169396 1.31778 -0.049602 0.090848 1.35355 -0.029053 0.088566 1.34566 -0.068427 0.053642 1.34924 -0.011719 0.07234 1.35349 -0.057002 0.042328 1.35525 -0.036131 0.039617 1.35927 -0.073428 0 1.35178 -0.045112 0.088566 1.34566 -0.068427 0 1.35669 -0.077809 0.036905 1.32131 -0.087939 0.145744 1.15719 -0.094428 0.090577 1.21653 -0.095651 0.102555 1.14131 -0.111457 0.176892 1.05951 -0.101684 0.120639 1.04555 -0.123684 0.186951 1.18031 -0.069296 0.119392 1.24676 -0.077867 0.229768 1.08505 -0.075583 0.176892 1.05951 -0.101684 0.275267 1.10592 -0.049706 0.231816 1.20481 -0.045956 0.19019 1.06369 -0.115952 0.299041 0.968735 -0.094528 0.226226 0.936809 -0.123318 0.247744 1.09001 -0.090645 0.275267 1.10592 -0.049706 0.299041 0.968735 -0.094528 0.570747 0.309312 0.022161 0.542512 0.428198 -0.032034 0.571181 0.441102 -0.003003 0.050734 1.3493 0.06075 0.075414 1.35774 0.043512 0.047312 1.36264 0.056453 0.070561 1.37484 0.037901 0.104791 1.37797 0.011604 0.092326 1.38903 0.006468 0.113248 1.39091 -0.026562 0.120979 1.37885 -0.023819 0.127528 1.3755 -0.058245 0.125286 1.36279 -0.021076 0.104807 1.36486 0.013258 0.075414 1.35774 0.043512 0.138915 1.35249 -0.054667 0.127528 1.3755 -0.058245 0.158092 1.16669 -0.103028 0.15073 1.28612 -0.08179 0.20839 1.18977 -0.079144 0.247744 1.09001 -0.090645 0.19019 1.06369 -0.115952 0.113361 1.14388 -0.128337 0.135704 1.04834 -0.143105 0.063382 1.13113 -0.144724 0 1.35294 -0.115669 0.032893 1.34892 -0.109431 0 1.32536 -0.110013 0.094354 1.21486 -0.119732 0.109857 1.28558 -0.112076 0.123184 1.24702 -0.098921 0.052331 1.20257 -0.133188 0.043571 1.25919 -0.125158 0.082429 1.28532 -0.117 0.030899 1.36594 -0.093719 0 1.36281 -0.092603 0.067879 1.35154 -0.107988 0.101163 1.35832 -0.093495 0.111467 1.39238 -0.061074 0.086654 1.38367 -0.077983 0.061843 1.37495 -0.094891 0.053642 1.34924 -0.011719 0.052166 1.36782 -0.013353 0.042328 1.35525 -0.036131 0.052721 1.36397 0.014326 0.054375 1.3434 0.012687 0.030306 1.35457 0.042176 0.027187 1.33886 0.041359 0.009524 1.33549 0.06118 0 1.32416 0.06099 0.041029 1.37194 -0.041033 0 1.35178 -0.045112 0 1.36848 -0.056916 0.052166 1.36782 -0.013353 0 1.32488 0.07032 0.009524 1.33549 0.06118 0.006875 1.33155 0.070012 0.021566 1.34376 0.066604 0.021879 1.33776 0.069651 0.024214 1.35317 0.058157 0.030306 1.35457 0.042176 0.039707 1.36692 0.054783 0.062245 1.37901 0.026943 0.062156 1.38078 0.000855 0.052721 1.36397 0.014326 0.079761 1.39149 -0.000142 0.062245 1.37901 0.026943 0.092326 1.38903 0.006468 0.097625 1.39546 -0.030883 0.029125 1.37171 -0.074932 0 1.36874 -0.075167 0 1.36848 -0.056916 0.041029 1.37194 -0.041033 0.051436 1.37345 -0.066991 0 1.36281 -0.092603 0.030899 1.36594 -0.093719 0.061843 1.37495 -0.094891 0.076419 1.39059 -0.064911 0.076494 1.38964 -0.02508 0.086654 1.38367 -0.077983 0.111467 1.39238 -0.061074 0.062156 1.38078 0.000855 0.062245 1.37901 0.026943 0.079761 1.39149 -0.000142 0.076494 1.38964 -0.02508 0.097625 1.39546 -0.030883 0.076419 1.39059 -0.064911 0.111467 1.39238 -0.061074 0.094275 1.33757 0.051174 0.126883 1.34818 0.020842 0.087355 1.35307 0.048755 0.121108 1.36444 0.018625 0.152749 1.35186 -0.009503 0.057326 1.34265 0.070412 0.05824 1.32544 0.071784 0.022042 1.33314 0.076443 0.021879 1.33776 0.069651 0.050734 1.3493 0.06075 0.006875 1.33155 0.070012 0.141307 1.3654 -0.013212 0.075414 1.35774 0.043512 0.104807 1.36486 0.013258 0.125286 1.36279 -0.021076 0.022205 1.32165 0.079366 0 1.31594 0.07455 0 1.32488 0.07032 0.141307 1.3654 -0.013212 0.162581 1.35651 -0.050358 0.125286 1.36279 -0.021076 0.231816 1.20481 -0.045956 0.275267 1.10592 -0.049706 0.20839 1.18977 -0.079144 0.097625 1.39546 -0.030883 0.111467 1.39238 -0.061074 0.111467 1.39238 -0.061074 0.027187 1.33886 0.041359 0.022205 1.32165 0.079366 0 1.31594 0.07455 0 1.32416 0.06099 0.052721 1.36397 0.014326 0.030306 1.35457 0.042176 0.041683 1.36995 0.036047 0.039707 1.36692 0.054783 0.058653 1.37819 0.005397 0.07404 1.39039 0.024967 0.092884 1.40456 -0.005442 0.10136 1.41498 0.016626 0.080589 1.40834 -0.015494 0.107493 1.43959 -0.02941 0.073777 1.42766 -0.026574 0.061369 1.40572 -0.015173 0.087105 1.45568 -0.036102 0.109981 1.49242 -0.049968 0.135104 1.46852 -0.047887 0.136703 1.52022 -0.066465 0.162053 1.50012 -0.062907 0.182073 1.53915 -0.071802 0.18142 1.5513 -0.083429 0.215184 1.56983 -0.086245 0.129298 1.42166 -0.020767 0.164725 1.44874 -0.036065 0.190246 1.4843 -0.052496 0.210731 1.55236 -0.068679 0.240298 1.57669 -0.085986 0.228185 1.56983 -0.060806 0.166607 1.46603 -0.004152 0.131902 1.43855 0.008226 0.183899 1.47868 -0.012054 0.093573 1.41867 0.040076 0.071285 1.39558 0.047439 0.127011 1.44738 0.033491 0.163409 1.47582 0.01236 0.162319 1.4804 0.019056 0.172354 1.48897 0.010501 0.176435 1.47921 0.008266 0.186703 1.486 0.002475 0.191838 1.49902 -0.02187 0.189822 1.50164 -0.002588 0.203417 1.52971 -0.037785 0.209799 1.5513 -0.032172 0.191075 1.50882 -0.00749 0.190581 1.51308 -0.001658 0.186852 1.50537 0.000564 0.109981 1.49242 -0.049968 0.136703 1.52022 -0.066465 0.141651 1.45934 -0.05934 0.171296 1.49046 -0.073552 0.195866 1.53475 -0.077863 0.18142 1.5513 -0.083429 0.215184 1.56983 -0.086245 0.22872 1.55821 -0.076325 0.240298 1.57669 -0.085986 0.228185 1.56983 -0.060806 0.087105 1.45568 -0.036102 0.117333 1.4271 -0.044658 0.073777 1.42766 -0.026574 0.096212 1.40485 -0.030303 0.181401 1.42949 -0.047006 0.141868 1.39853 -0.025847 0.115168 1.38489 -0.012289 0.061369 1.40572 -0.015173 0.114406 1.40014 0.024436 0.1413 1.42412 0.019338 0.078638 1.37667 0.029727 0.177523 1.45285 0.000493 0.093573 1.41867 0.040076 0.071285 1.39558 0.047439 0.078638 1.37667 0.029727 0.039707 1.36692 0.054783 0.127011 1.44738 0.033491 0.16989 1.47183 0.015239 0.162319 1.4804 0.019056 0.172354 1.48897 0.010501 0.176435 1.47921 0.008266 0.194163 1.47034 -0.013252 0.186703 1.486 0.002475 0.207184 1.46966 -0.05919 0.202784 1.49007 -0.021431 0.189822 1.50164 -0.002588 0.218826 1.51824 -0.069153 0.195275 1.50796 -0.004512 0.186852 1.50537 0.000564 0.190581 1.51308 -0.001658 0.214351 1.53441 -0.044905 0.218826 1.51824 -0.069153 0.209799 1.5513 -0.032172 0.062245 1.37901 0.026943 0.039707 1.36692 0.054783 0.0856 1.37562 -0.00176 0.052721 1.36397 0.014326 0.07385 1.38301 -0.018026 0.052721 1.36397 0.014326 0.057672 1.38197 0.000677 0.057672 1.38197 0.000677 0.105631 1.51351 -0.135554 0.086527 1.52342 -0.14571 0.093075 1.47592 -0.123961 0.067397 1.4845 -0.136209 0.116335 1.55613 -0.143784 0.110308 1.56648 -0.154612 0.14226 1.59253 -0.157093 0.072301 1.43975 -0.104879 0.056036 1.44387 -0.121045 0.053142 1.42247 -0.109014 0.06093 1.41048 -0.080657 0.049732 1.40732 -0.095999 0.096834 1.43554 -0.076631 0.079311 1.40532 -0.05504 0.133485 1.51102 -0.1157 0.116623 1.47283 -0.096486 0.146083 1.57776 -0.136078 0.170814 1.60675 -0.157135 0.161474 1.60236 -0.129814 0.091899 1.45213 -0.053354 0.072173 1.42589 -0.035535 0.122457 1.48862 -0.073808 0.091351 1.45988 -0.037172 0.071462 1.42824 -0.022819 0.118922 1.50262 -0.057349 0.137763 1.53642 -0.073072 0.136374 1.52619 -0.089972 0.144121 1.56736 -0.106927 0.148866 1.58424 -0.097566 0.060773 1.40501 -0.026844 0.061369 1.40572 -0.015173 0.050687 1.38414 -0.020602 0.04936 1.39252 -0.049359 0.041029 1.37194 -0.041033 0.044941 1.38669 -0.069863 0.052166 1.36782 -0.013353 0.052721 1.36397 0.014326 0.057672 1.38197 -0.000253 0.067397 1.4845 -0.136209 0.086527 1.52342 -0.14571 0.102338 1.47047 -0.12724 0.122107 1.50647 -0.142243 0.132423 1.55315 -0.150729 0.110308 1.56648 -0.154612 0.14226 1.59253 -0.157093 0.16362 1.58627 -0.147664 0.170814 1.60675 -0.157135 0.161474 1.60236 -0.129814 0.056036 1.44387 -0.121045 0.085332 1.43263 -0.109406 0.053142 1.42247 -0.109014 0.075996 1.40984 -0.093541 0.143645 1.45881 -0.101521 0.11828 1.42231 -0.079012 0.049732 1.40732 -0.095999 0.108409 1.44502 -0.05492 0.092818 1.41439 -0.035677 0.142016 1.48179 -0.073913 0.071462 1.42824 -0.022819 0.061369 1.40572 -0.015173 0.091351 1.45988 -0.037172 0.118922 1.50262 -0.057349 0.137763 1.53642 -0.073072 0.15334 1.51808 -0.089432 0.156561 1.49678 -0.122227 0.161979 1.54607 -0.138876 0.158402 1.56444 -0.108945 0.148866 1.58424 -0.097566 0.062156 1.38078 0.000855 0.057672 1.38197 -0.000253 0.052721 1.36397 0.014326 0.098925 1.4027 -0.051969 0.061799 1.39107 -0.068681 0.044941 1.38669 -0.069863 0.041029 1.37194 -0.041033 0.069085 1.38812 -0.054171 0.076494 1.38964 -0.02508 0.062156 1.38078 0.000855 -0.176892 1.05951 -0.101684 -0.229768 1.08505 -0.075583 -0.280121 0.961235 -0.074341 -0.570747 0.309312 0.022161 -0.467911 0.387607 -0.032019 -0.519814 0.418652 -0.015893 -0.05824 1.32544 0.071784 -0.094275 1.33757 0.051174 -0.074325 1.3404 0.031933 -0.126883 1.34818 0.020842 -0.107846 1.34614 -0.001797 -0.152749 1.35186 -0.009503 -0.138132 1.34673 -0.024605 -0.175403 1.34543 -0.035326 -0.054375 1.3434 0.012687 -0.115225 1.34192 -0.047783 -0.169396 1.31778 -0.049602 -0.090848 1.35355 -0.029053 -0.088566 1.34566 -0.068427 -0.053642 1.34924 -0.011719 -0.07234 1.35349 -0.057002 -0.042328 1.35525 -0.036131 -0.039617 1.35927 -0.073428 0 1.35178 -0.045112 -0.088566 1.34566 -0.068427 -0.036905 1.32131 -0.087939 0 1.35669 -0.077809 -0.145744 1.15719 -0.094428 -0.102555 1.14131 -0.111457 -0.090577 1.21653 -0.095651 -0.176892 1.05951 -0.101684 -0.120639 1.04555 -0.123684 -0.186951 1.18031 -0.069296 -0.119392 1.24676 -0.077867 -0.229768 1.08505 -0.075583 -0.176892 1.05951 -0.101684 -0.275267 1.10592 -0.049706 -0.231816 1.20481 -0.045956 -0.19019 1.06369 -0.115952 -0.226226 0.936809 -0.123318 -0.299041 0.968735 -0.094528 -0.247744 1.09001 -0.090645 -0.275267 1.10592 -0.049706 -0.299041 0.968735 -0.094528 -0.570747 0.309312 0.022161 -0.571181 0.441102 -0.003003 -0.542512 0.428199 -0.032034 -0.050734 1.3493 0.06075 -0.047312 1.36264 0.056453 -0.075414 1.35774 0.043512 -0.070561 1.37484 0.037901 -0.104791 1.37797 0.011604 -0.092326 1.38903 0.006468 -0.113248 1.39091 -0.026562 -0.120979 1.37885 -0.023819 -0.127528 1.3755 -0.058245 -0.125286 1.36279 -0.021076 -0.104807 1.36486 0.013258 -0.075414 1.35774 0.043512 -0.127528 1.3755 -0.058245 -0.138915 1.35249 -0.054667 -0.158092 1.16669 -0.103028 -0.20839 1.18977 -0.079144 -0.15073 1.28612 -0.08179 -0.247744 1.09001 -0.090645 -0.19019 1.06369 -0.115952 -0.113361 1.14388 -0.128337 -0.135704 1.04834 -0.143105 -0.063382 1.13113 -0.144724 0 1.35294 -0.115669 0 1.32536 -0.110013 -0.032893 1.34892 -0.109431 -0.094354 1.21485 -0.119732 -0.082429 1.28532 -0.117 -0.043571 1.25919 -0.125158 -0.109857 1.28558 -0.112076 -0.052331 1.20257 -0.133188 -0.123184 1.24702 -0.098921 -0.030899 1.36594 -0.093719 0 1.36281 -0.092603 -0.067879 1.35154 -0.107988 -0.111467 1.39238 -0.061074 -0.101163 1.35832 -0.093495 -0.086654 1.38367 -0.077983 -0.061843 1.37495 -0.094891 -0.053642 1.34924 -0.011719 -0.042328 1.35525 -0.036131 -0.052166 1.36782 -0.013353 -0.052721 1.36397 0.014326 -0.054375 1.3434 0.012687 -0.030306 1.35457 0.042176 -0.027187 1.33886 0.041359 -0.009524 1.33549 0.06118 -0.041029 1.37194 -0.041033 -0.052166 1.36782 -0.013353 -0.009524 1.33549 0.06118 -0.006875 1.33155 0.070012 -0.021566 1.34376 0.066604 -0.021879 1.33776 0.069651 -0.024214 1.35317 0.058157 -0.030306 1.35457 0.042176 -0.039707 1.36692 0.054783 -0.062245 1.37901 0.026943 -0.062156 1.38078 0.000855 -0.052721 1.36397 0.014326 -0.062245 1.37901 0.026943 -0.079761 1.39149 -0.000142 -0.092326 1.38903 0.006468 -0.097625 1.39546 -0.030883 -0.029125 1.37171 -0.074932 -0.041029 1.37194 -0.041033 -0.051436 1.37345 -0.066991 0 1.36281 -0.092603 -0.030899 1.36594 -0.093719 -0.061843 1.37495 -0.094891 -0.076419 1.39059 -0.064911 -0.076494 1.38964 -0.02508 -0.086654 1.38367 -0.077983 -0.111467 1.39238 -0.061074 -0.062156 1.38078 0.000855 -0.079761 1.39149 -0.000142 -0.062245 1.37901 0.026943 -0.076494 1.38964 -0.02508 -0.097625 1.39546 -0.030883 -0.076419 1.39059 -0.064911 -0.111467 1.39238 -0.061074 -0.094275 1.33757 0.051174 -0.087355 1.35307 0.048755 -0.126883 1.34818 0.020842 -0.121108 1.36444 0.018625 -0.152749 1.35186 -0.009503 -0.057326 1.34265 0.070412 -0.05824 1.32544 0.071784 -0.022042 1.33314 0.076443 -0.021879 1.33776 0.069651 -0.050734 1.3493 0.06075 -0.006875 1.33155 0.070012 -0.141307 1.3654 -0.013212 -0.075414 1.35774 0.043512 -0.104807 1.36486 0.013258 -0.125286 1.36279 -0.021076 -0.022205 1.32165 0.079366 0 1.31594 0.07455 0 1.32488 0.07032 -0.141307 1.3654 -0.013212 -0.162581 1.35651 -0.050358 -0.125286 1.36279 -0.021076 -0.20839 1.18977 -0.079144 -0.275267 1.10592 -0.049706 -0.231816 1.20481 -0.045956 -0.097625 1.39546 -0.030883 -0.111467 1.39238 -0.061074 -0.111467 1.39238 -0.061074 -0.027187 1.33886 0.041359 -0.022205 1.32165 0.079366 0 1.31594 0.07455 0 1.32416 0.06099 -0.052721 1.36397 0.014326 -0.041683 1.36995 0.036047 -0.030306 1.35457 0.042176 -0.039707 1.36692 0.054783 -0.058653 1.37819 0.005397 -0.07404 1.39039 0.024967 -0.092884 1.40456 -0.005442 -0.10136 1.41498 0.016626 -0.080589 1.40834 -0.015494 -0.107493 1.43959 -0.02941 -0.073777 1.42766 -0.026574 -0.061369 1.40572 -0.015173 -0.087105 1.45568 -0.036102 -0.109981 1.49242 -0.049968 -0.135104 1.46852 -0.047887 -0.136703 1.52022 -0.066465 -0.162053 1.50012 -0.062907 -0.182073 1.53915 -0.071802 -0.18142 1.5513 -0.083429 -0.215184 1.56983 -0.086245 -0.129298 1.42166 -0.020767 -0.164725 1.44874 -0.036065 -0.190246 1.4843 -0.052496 -0.210731 1.55236 -0.068679 -0.240298 1.57669 -0.085986 -0.228185 1.56983 -0.060806 -0.166607 1.46603 -0.004152 -0.131902 1.43855 0.008226 -0.183899 1.47868 -0.012054 -0.093573 1.41867 0.040076 -0.071285 1.39558 0.047439 -0.127011 1.44738 0.033491 -0.163409 1.47582 0.01236 -0.162319 1.4804 0.019056 -0.172354 1.48897 0.010501 -0.176435 1.47921 0.008266 -0.186703 1.486 0.002475 -0.191838 1.49902 -0.02187 -0.189822 1.50164 -0.002588 -0.203417 1.52971 -0.037785 -0.209799 1.5513 -0.032172 -0.191075 1.50882 -0.00749 -0.190581 1.51308 -0.001658 -0.186852 1.50537 0.000564 -0.109981 1.49242 -0.049968 -0.141651 1.45934 -0.05934 -0.136703 1.52022 -0.066465 -0.171296 1.49046 -0.073552 -0.195866 1.53475 -0.077863 -0.18142 1.5513 -0.083429 -0.215184 1.56983 -0.086245 -0.22872 1.55821 -0.076325 -0.240298 1.57669 -0.085986 -0.228185 1.56983 -0.060806 -0.087105 1.45568 -0.036102 -0.117333 1.4271 -0.044658 -0.073777 1.42766 -0.026574 -0.096212 1.40485 -0.030303 -0.181401 1.42949 -0.047006 -0.141868 1.39853 -0.025847 -0.115168 1.38489 -0.012289 -0.061369 1.40572 -0.015173 -0.114406 1.40014 0.024436 -0.1413 1.42412 0.019338 -0.078638 1.37667 0.029727 -0.177523 1.45285 0.000493 -0.093573 1.41867 0.040076 -0.071285 1.39558 0.047439 -0.078638 1.37667 0.029727 -0.039707 1.36692 0.054783 -0.127011 1.44738 0.033491 -0.16989 1.47183 0.015239 -0.162319 1.4804 0.019056 -0.172354 1.48897 0.010501 -0.176435 1.47921 0.008266 -0.194163 1.47034 -0.013252 -0.186703 1.486 0.002475 -0.207184 1.46966 -0.05919 -0.202784 1.49007 -0.021431 -0.189822 1.50164 -0.002588 -0.218826 1.51824 -0.069153 -0.195275 1.50796 -0.004512 -0.186852 1.50537 0.000564 -0.190581 1.51308 -0.001658 -0.214351 1.53441 -0.044905 -0.218826 1.51824 -0.069153 -0.209799 1.5513 -0.032172 -0.062245 1.37901 0.026943 -0.0856 1.37562 -0.00176 -0.052721 1.36397 0.014326 -0.07385 1.38301 -0.018026 -0.052721 1.36397 0.014326 -0.057672 1.38197 0.000677 -0.057672 1.38197 0.000677 -0.105631 1.51351 -0.135554 -0.093075 1.47592 -0.123961 -0.086527 1.52342 -0.14571 -0.067397 1.4845 -0.136209 -0.116335 1.55613 -0.143784 -0.110308 1.56648 -0.154612 -0.14226 1.59253 -0.157093 -0.072301 1.43975 -0.104879 -0.056036 1.44387 -0.121045 -0.053142 1.42247 -0.109014 -0.06093 1.41048 -0.080657 -0.049732 1.40732 -0.095999 -0.096834 1.43554 -0.076631 -0.079311 1.40532 -0.05504 -0.133485 1.51102 -0.1157 -0.116623 1.47283 -0.096486 -0.146083 1.57776 -0.136078 -0.170814 1.60675 -0.157135 -0.161474 1.60236 -0.129814 -0.091899 1.45213 -0.053354 -0.072173 1.42589 -0.035535 -0.122457 1.48862 -0.073808 -0.091351 1.45988 -0.037172 -0.071462 1.42824 -0.022819 -0.118922 1.50262 -0.057349 -0.137763 1.53642 -0.073072 -0.136374 1.52619 -0.089972 -0.144121 1.56736 -0.106927 -0.148866 1.58424 -0.097566 -0.060773 1.40501 -0.026844 -0.061369 1.40572 -0.015173 -0.050687 1.38414 -0.020602 -0.04936 1.39252 -0.049359 -0.041029 1.37194 -0.041033 -0.044941 1.38669 -0.069863 -0.052166 1.36782 -0.013353 -0.052721 1.36397 0.014326 -0.057672 1.38197 -0.000253 -0.067397 1.4845 -0.136209 -0.102338 1.47047 -0.12724 -0.086527 1.52342 -0.14571 -0.122107 1.50647 -0.142243 -0.132423 1.55315 -0.150729 -0.110308 1.56648 -0.154612 -0.14226 1.59253 -0.157093 -0.16362 1.58627 -0.147664 -0.170814 1.60675 -0.157135 -0.161474 1.60236 -0.129814 -0.056036 1.44387 -0.121045 -0.085332 1.43263 -0.109406 -0.053142 1.42247 -0.109014 -0.075996 1.40984 -0.093541 -0.143645 1.45881 -0.101521 -0.11828 1.42231 -0.079012 -0.049732 1.40732 -0.095999 -0.108409 1.44502 -0.05492 -0.092818 1.41439 -0.035677 -0.142016 1.48179 -0.073913 -0.071462 1.42824 -0.022819 -0.061369 1.40572 -0.015173 -0.091351 1.45988 -0.037172 -0.118922 1.50262 -0.057349 -0.137763 1.53642 -0.073072 -0.15334 1.51808 -0.089432 -0.156561 1.49678 -0.122227 -0.161979 1.54607 -0.138876 -0.158402 1.56444 -0.108945 -0.148866 1.58424 -0.097566 -0.062156 1.38078 0.000855 -0.057672 1.38197 -0.000253 -0.052721 1.36397 0.014326 -0.098925 1.4027 -0.051969 -0.061799 1.39107 -0.068681 -0.044941 1.38669 -0.069863 -0.041029 1.37194 -0.041033 -0.069085 1.38812 -0.054171 -0.076494 1.38964 -0.02508 -0.062156 1.38078 0.000855 0.392786 1.34466 -0.004645 0.392636 1.33675 0.01403 0.439395 1.34281 -0.004191 0.438843 1.33474 0.01606 0.437942 1.32002 0.025306 0.391339 1.32157 0.023465 0.43707 1.29767 0.01496 0.390557 1.29633 0.012951 0.437376 1.28952 -0.004237 0.390512 1.28838 -0.004645 0.349246 1.3034 0.011329 0.350538 1.31897 0.017523 0.349078 1.33338 0.010836 0.317269 1.31924 0.017885 0.284128 1.31945 0.020548 0.284084 1.30328 0.012695 0.487281 1.29485 -0.003771 0.487562 1.30189 0.013397 0.530805 1.29765 -0.00194 0.530844 1.30435 0.012693 0.488642 1.3179 0.02291 0.530892 1.31599 0.021325 0.488709 1.32983 0.014373 0.530934 1.32731 0.013579 0.488679 1.33675 -0.003771 0.530945 1.33338 -0.00194 0.331853 1.34005 -0.005047 0.317703 1.33372 0.009852 0.346316 1.33969 -0.005256 0.284316 1.34106 -0.004597 0.25221 1.34154 -0.0044 0.284571 1.33434 0.011723 0.252418 1.33483 0.013399 0.25195 1.31965 0.022938 0.251948 1.30254 0.01423 0.2522 1.29151 -0.00353 0.28442 1.29273 -0.004014 0.317181 1.30415 0.01096 0.331969 1.29409 -0.004394 0.346323 1.294 -0.004239 0.439395 1.34281 -0.004191 0.3927 1.33625 -0.029025 0.440154 1.33421 -0.029461 0.439659 1.32002 -0.037669 0.391389 1.32157 -0.037369 0.438377 1.29799 -0.030269 0.390622 1.29664 -0.029806 0.343951 1.33503 -0.026859 0.487951 1.30219 -0.024181 0.530869 1.30461 -0.020071 0.489046 1.31789 -0.031025 0.489095 1.32935 -0.023474 0.530955 1.31663 -0.026281 0.488679 1.33675 -0.003771 0.530956 1.3269 -0.01943 0.343676 1.30212 -0.026848 0.346316 1.33969 -0.005256 0.285461 1.32001 -0.030288 0.318893 1.30367 -0.024714 0.28541 1.30279 -0.024845 0.252949 1.32014 -0.030896 0.285048 1.33533 -0.024663 0.252942 1.30205 -0.024857 0.252706 1.3354 -0.024573 0.25221 1.34154 -0.0044 0.317614 1.29418 -0.00455 0.569655 1.29129 0.014067 0.59425 1.29745 0.040008 0.573922 1.30182 0.032026 0.594893 1.28467 0.02532 0.607907 1.29426 0.043915 0.608284 1.28114 0.026309 0.599567 1.3177 0.031229 0.610132 1.31163 0.031769 0.643436 1.324 0.027138 0.552415 1.3167 0.0215 0.55237 1.30498 0.012691 0.574403 1.32887 0.017824 0.574637 1.31923 0.027026 0.637906 1.33556 0.016865 0.602055 1.33246 0.017447 0.622643 1.30356 0.031824 0.625909 1.27606 0.025658 0.632259 1.28618 0.038251 0.650207 1.27138 0.018961 0.658475 1.27651 0.0213 0.63318 1.33389 -0.025561 0.600652 1.33144 -0.022396 0.638033 1.33546 -0.018138 0.635339 1.33584 -0.008849 0.601815 1.33514 0.000186 0.63935 1.33641 -0.000696 0.635039 1.33607 0.008234 0.637906 1.33556 0.016865 0.641551 1.324 0.008262 0.64249 1.32334 -0.009725 0.634505 1.33297 -0.032666 0.639022 1.32287 -0.025827 0.641551 1.324 0.008262 0.683989 1.32469 -0.000563 0.691978 1.2775 0.00563 0.696074 1.2804 -0.000541 0.687956 1.3003 0.006723 0.64249 1.32334 -0.009725 0.679816 1.31635 -0.008468 0.694916 1.2717 -0.000537 0.691819 1.27727 -0.006387 0.634701 1.30969 0.017135 0.599576 1.30622 0.000269 0.635476 1.30979 -0.000554 0.635177 1.30978 -0.018465 0.599267 1.30598 -0.016523 0.59718 1.30829 -0.029825 0.64249 1.32334 -0.009725 0.641551 1.324 0.008262 0.574461 1.29775 -0.000694 0.57206 1.30066 -0.014571 0.583182 1.29671 0.006885 0.600998 1.29731 0.009515 0.570557 1.30277 -0.023809 0.632799 1.31086 -0.03335 0.639022 1.32287 -0.025827 0.638248 1.32288 -0.040934 0.596584 1.32031 -0.037024 0.671456 1.30273 -0.034143 0.597159 1.29415 0.015153 0.569655 1.29129 0.014067 0.594893 1.28467 0.02532 0.608284 1.28114 0.026309 0.619019 1.29231 0.016741 0.671456 1.30273 -0.034143 0.6749 1.30889 -0.02691 0.679342 1.27864 -0.028924 0.673584 1.29266 -0.034682 0.673826 1.2788 -0.034709 0.679079 1.2784 -0.040193 0.677267 1.2719 -0.035018 0.673826 1.2788 -0.034709 0.610132 1.31163 0.031769 0.618293 1.30278 0.021385 0.618293 1.30278 0.021385 0.600998 1.29731 0.009515 0.671898 1.30924 0.017076 0.643436 1.324 0.027138 0.622643 1.30356 0.031824 0.610132 1.31163 0.031769 0.619019 1.29231 0.016741 0.634515 1.29564 0.033799 0.63115 1.28729 0.020098 0.625909 1.27606 0.025658 0.652508 1.28711 0.018185 0.64779 1.28281 0.012633 0.654987 1.27935 0.014511 0.650207 1.27138 0.018961 0.634701 1.30969 0.017135 0.59425 1.29745 0.040008 0.634515 1.29564 0.033799 0.607907 1.29426 0.043915 0.652508 1.28711 0.018185 0.654987 1.27935 0.014511 0.680432 1.31715 -0.033972 0.638248 1.32288 -0.040934 0.680432 1.31715 -0.033972 0.675697 1.30943 -0.041566 0.684618 1.27852 -0.035022 0.677267 1.2719 -0.035018 0.679079 1.2784 -0.040193 0.679342 1.27864 -0.028924 0.680497 1.2942 -0.027572 0.634505 1.33297 -0.032666 0.639022 1.32287 -0.025827 0.674345 1.30497 -0.000518 0.641551 1.324 0.008262 0.674345 1.30497 -0.000518 0.679238 1.31528 0.007294 0.691978 1.2775 0.00563 0.68201 1.29713 -0.00052 0.686884 1.2759 -0.000511 0.688254 1.30022 -0.007788 0.68201 1.29713 -0.00052 0.686884 1.2759 -0.000511 0.694916 1.2717 -0.000537 0.691819 1.27727 -0.006387 0.692695 1.28126 0.017021 0.693114 1.27306 0.017025 0.689402 1.27877 0.010782 0.689492 1.27907 0.022774 0.68588 1.29768 0.024138 0.680525 1.32665 0.017031 0.67666 1.31849 0.009888 0.689402 1.27877 0.010782 0.693114 1.27306 0.017025 0.684327 1.2772 0.01705 0.689492 1.27907 0.022774 0.678434 1.29335 0.0171 0.684327 1.2772 0.01705 0.687737 1.27619 -0.017065 0.684759 1.26796 -0.01706 0.683178 1.27441 -0.022992 0.683463 1.2745 -0.009919 0.682698 1.29559 -0.009211 0.684201 1.32117 -0.017918 0.684201 1.32117 -0.017918 0.679084 1.31306 -0.025735 0.638033 1.33546 -0.018138 0.683178 1.27441 -0.022992 0.684759 1.26796 -0.01706 0.677483 1.27357 -0.017827 0.683463 1.2745 -0.009919 0.676559 1.29312 -0.017192 0.673039 1.30282 -0.018135 0.673039 1.30282 -0.018135 0.678066 1.31096 -0.009168 0.2522 1.29151 -0.00353 0.216706 1.29189 -0.032696 0.252942 1.30205 -0.024857 0.215613 1.28579 -0.01111 0.20598 1.28907 -0.035618 0.205659 1.28454 -0.016076 0.195711 1.2849 -0.021518 0.195087 1.28751 -0.037018 0.175515 1.28748 -0.035419 0.195922 1.29983 -0.038073 0.205841 1.30462 -0.038252 0.21597 1.30923 -0.036738 0.216383 1.32729 -0.042361 0.252949 1.32014 -0.030896 0.252706 1.3354 -0.024573 0.206478 1.32862 -0.046027 0.215554 1.34298 -0.031049 0.215945 1.3542 -0.014217 0.25221 1.34154 -0.0044 0.215408 1.3492 0.003061 0.2059 1.35897 -0.015103 0.205095 1.3531 0.00191 0.216471 1.34412 0.023944 0.252418 1.33483 0.013399 0.25195 1.31965 0.022938 0.21578 1.32484 0.029581 0.207363 1.34626 0.027317 0.205764 1.32954 0.031411 0.216457 1.30626 0.031958 0.251948 1.30254 0.01423 0.215589 1.29502 0.022334 0.207531 1.3052 0.035503 0.216273 1.28302 0.006587 0.2522 1.29151 -0.00353 0.215613 1.28579 -0.01111 0.206479 1.27847 0.007802 0.205812 1.28189 -0.008737 0.196224 1.27951 -0.004471 0.196156 1.27533 0.008006 0.176628 1.27499 0.007274 0.196311 1.28559 0.017311 0.205904 1.2902 0.021011 0.205846 1.29455 0.026231 0.196236 1.29674 0.029917 0.196336 1.30471 0.038323 0.176596 1.30489 0.038948 0.196352 1.31793 0.035114 0.206015 1.32238 0.033061 0.195828 1.33487 0.031341 0.196278 1.3485 0.02851 0.175433 1.34873 0.028455 0.195498 1.35113 0.013808 0.205377 1.35104 0.008221 0.194855 1.35612 -0.002038 0.195809 1.36093 -0.014968 0.174153 1.36124 -0.014449 0.194954 1.35152 -0.026403 0.20521 1.34762 -0.029685 0.205214 1.34223 -0.0348 0.194957 1.34019 -0.038026 0.195804 1.32956 -0.047459 0.174266 1.33093 -0.046112 0.195355 1.31714 -0.042081 0.205652 1.31292 -0.039941 0.196224 1.27951 -0.004471 0.176628 1.27499 0.007274 0.200259 1.28471 0.006336 0.196311 1.28559 0.017311 0.205812 1.28189 -0.008737 0.215613 1.28579 -0.01111 0.22934 1.29817 -0.008787 0.205904 1.2902 0.021011 0.215589 1.29502 0.022334 0.229112 1.30392 0.011791 0.243168 1.31775 -0.004669 0.229112 1.30392 0.011791 0.229351 1.32201 0.01607 0.199981 1.30816 0.030578 0.215589 1.29502 0.022334 0.205846 1.29455 0.026231 0.196236 1.29674 0.029917 0.176596 1.30489 0.038948 0.196352 1.31793 0.035114 0.21578 1.32484 0.029581 0.206015 1.32238 0.033061 0.195828 1.33487 0.031341 0.175433 1.34873 0.028455 0.199866 1.34199 0.020869 0.195498 1.35113 0.013808 0.205764 1.32954 0.031411 0.21578 1.32484 0.029581 0.229351 1.32201 0.01607 0.205377 1.35104 0.008221 0.215408 1.3492 0.003061 0.229329 1.33697 -0.000327 0.243168 1.31775 -0.004669 0.194855 1.35612 -0.002038 0.174153 1.36124 -0.014449 0.198861 1.35193 -0.014428 0.194954 1.35152 -0.026403 0.205095 1.3531 0.00191 0.215408 1.3492 0.003061 0.229329 1.33697 -0.000327 0.20521 1.34762 -0.029685 0.215554 1.34298 -0.031049 0.229351 1.33309 -0.021249 0.229351 1.33309 -0.021249 0.229886 1.31246 -0.024695 0.199297 1.32802 -0.038687 0.215554 1.34298 -0.031049 0.205214 1.34223 -0.0348 0.194957 1.34019 -0.038026 0.174266 1.33093 -0.046112 0.195355 1.31714 -0.042081 0.21597 1.30923 -0.036738 0.205652 1.31292 -0.039941 0.195922 1.29983 -0.038073 0.175515 1.28748 -0.035419 0.199996 1.29322 -0.02874 0.195711 1.2849 -0.021518 0.205841 1.30462 -0.038252 0.205659 1.28454 -0.016076 0.215613 1.28579 -0.01111 0.22934 1.29817 -0.008787 0.21597 1.30923 -0.036738 0.229886 1.31246 -0.024695 -0.392786 1.34466 -0.004645 -0.439395 1.34281 -0.004191 -0.392636 1.33675 0.01403 -0.438843 1.33474 0.01606 -0.437942 1.32002 0.025306 -0.391339 1.32157 0.023465 -0.43707 1.29767 0.01496 -0.390557 1.29633 0.012951 -0.437376 1.28952 -0.004237 -0.390512 1.28838 -0.004645 -0.349246 1.3034 0.011329 -0.350538 1.31897 0.017523 -0.349078 1.33338 0.010836 -0.317269 1.31924 0.017885 -0.487281 1.29485 -0.003771 -0.487562 1.30189 0.013397 -0.530805 1.29765 -0.00194 -0.530844 1.30435 0.012693 -0.488642 1.3179 0.02291 -0.530892 1.31599 0.021325 -0.488709 1.32983 0.014373 -0.530934 1.32731 0.013579 -0.488679 1.33675 -0.003771 -0.530945 1.33338 -0.00194 -0.346316 1.33969 -0.005256 -0.331853 1.34005 -0.005047 -0.284316 1.34106 -0.004597 -0.284571 1.33434 0.011723 -0.25221 1.34154 -0.0044 -0.252418 1.33483 0.013399 -0.284128 1.31945 0.020548 -0.284084 1.30328 0.012695 -0.251948 1.30254 0.01423 -0.2522 1.29151 -0.00353 -0.28442 1.29273 -0.004014 -0.25195 1.31965 0.022938 -0.317181 1.30415 0.01096 -0.331969 1.29409 -0.004394 -0.3927 1.33625 -0.029025 -0.439395 1.34281 -0.004191 -0.440154 1.33421 -0.029461 -0.439659 1.32002 -0.037669 -0.391389 1.32157 -0.037369 -0.438377 1.29799 -0.030269 -0.390622 1.29664 -0.029806 -0.343676 1.30212 -0.026848 -0.487951 1.30219 -0.024181 -0.530869 1.30461 -0.020071 -0.489046 1.31789 -0.031025 -0.489095 1.32935 -0.023474 -0.530955 1.31663 -0.026281 -0.488679 1.33675 -0.003771 -0.530956 1.3269 -0.01943 -0.343951 1.33503 -0.026859 -0.285461 1.32001 -0.030288 -0.28541 1.30279 -0.024845 -0.318893 1.30367 -0.024714 -0.252949 1.32014 -0.030896 -0.285048 1.33533 -0.024663 -0.252942 1.30205 -0.024857 -0.28442 1.29273 -0.004014 -0.317614 1.29418 -0.00455 -0.2522 1.29151 -0.00353 -0.252706 1.3354 -0.024573 -0.25221 1.34154 -0.0044 -0.59425 1.29745 0.040008 -0.594893 1.28467 0.02532 -0.569655 1.29129 0.014067 -0.607907 1.29426 0.043915 -0.608284 1.28114 0.026309 -0.610132 1.31163 0.031769 -0.599567 1.3177 0.031229 -0.622643 1.30356 0.031824 -0.637906 1.33556 0.016865 -0.602055 1.33246 0.017447 -0.643436 1.324 0.027138 -0.625909 1.27606 0.025658 -0.632259 1.28618 0.038251 -0.650207 1.27138 0.018961 -0.658475 1.27651 0.0213 -0.63318 1.33389 -0.025561 -0.638033 1.33546 -0.018138 -0.600652 1.33144 -0.022396 -0.635339 1.33584 -0.008849 -0.63935 1.33641 -0.000696 -0.601815 1.33514 0.000186 -0.635039 1.33607 0.008234 -0.641551 1.324 0.008262 -0.64249 1.32334 -0.009725 -0.634505 1.33297 -0.032666 -0.639022 1.32287 -0.025827 -0.684139 1.32469 -0.000563 -0.695533 1.2775 0.00563 -0.687956 1.3003 0.006723 -0.699629 1.2804 -0.000541 -0.680615 1.31635 -0.008468 -0.695374 1.27727 -0.006387 -0.698471 1.2717 -0.000537 -0.634701 1.30969 0.017135 -0.635476 1.30979 -0.000554 -0.599576 1.30622 0.000269 -0.635177 1.30978 -0.018465 -0.599267 1.30598 -0.016523 -0.59718 1.30829 -0.029825 -0.64249 1.32334 -0.009725 -0.641551 1.324 0.008262 -0.574461 1.29775 -0.000694 -0.57206 1.30066 -0.014571 -0.583182 1.29671 0.006885 -0.600998 1.29731 0.009515 -0.570557 1.30277 -0.023809 -0.632799 1.31086 -0.03335 -0.639022 1.32287 -0.025827 -0.638248 1.32288 -0.040934 -0.596584 1.32031 -0.037024 -0.673797 1.30639 -0.03498 -0.597159 1.29415 0.015153 -0.569655 1.29129 0.014067 -0.594893 1.28467 0.02532 -0.608284 1.28114 0.026309 -0.619019 1.29231 0.016741 -0.639022 1.32287 -0.025827 -0.676603 1.31255 -0.027747 -0.625909 1.27606 0.025658 -0.63115 1.28729 0.020098 -0.634515 1.29564 0.033799 -0.622643 1.30356 0.031824 -0.652508 1.28711 0.018185 -0.64779 1.28281 0.012633 -0.654987 1.27935 0.014511 -0.650207 1.27138 0.018961 -0.618293 1.30278 0.021385 -0.610132 1.31163 0.031769 -0.610132 1.31163 0.031769 -0.618293 1.30278 0.021385 -0.643436 1.324 0.027138 -0.673354 1.30924 0.017076 -0.652508 1.28711 0.018185 -0.654987 1.27935 0.014511 -0.634515 1.29564 0.033799 -0.607907 1.29426 0.043915 -0.59425 1.29745 0.040008 -0.634505 1.33297 -0.032666 -0.638248 1.32288 -0.040934 -0.681111 1.32081 -0.034809 -0.677252 1.31309 -0.042403 -0.681111 1.32081 -0.034809 -0.675996 1.30497 -0.000518 -0.680128 1.31528 0.007294 -0.64249 1.32334 -0.009725 -0.695533 1.2775 0.00563 -0.690439 1.2759 -0.000511 -0.68201 1.29713 -0.00052 -0.695374 1.27727 -0.006387 -0.698471 1.2717 -0.000537 -0.69625 1.28126 0.017021 -0.692957 1.27877 0.010782 -0.696669 1.27306 0.017025 -0.693047 1.27907 0.022774 -0.68588 1.29768 0.024138 -0.680093 1.32665 0.017031 -0.641551 1.324 0.008262 -0.677074 1.31849 0.009888 -0.692957 1.27877 0.010782 -0.687882 1.2772 0.01705 -0.696669 1.27306 0.017025 -0.693047 1.27907 0.022774 -0.678434 1.29335 0.0171 -0.693425 1.27564 -0.017065 -0.689869 1.27484 -0.022992 -0.690022 1.26821 -0.01706 -0.690088 1.27487 -0.009919 -0.689205 1.29566 -0.009211 -0.679084 1.31306 -0.025735 -0.689653 1.29588 -0.024568 -0.694883 1.2978 -0.017643 -0.684201 1.32117 -0.017918 -0.684201 1.32117 -0.017918 -0.689869 1.27484 -0.022992 -0.68564 1.27521 -0.017827 -0.690022 1.26821 -0.01706 -0.690088 1.27487 -0.009919 -0.684407 1.29452 -0.017192 -0.673039 1.30282 -0.018135 -0.678066 1.31096 -0.009168 -0.673039 1.30282 -0.018135 -0.679084 1.31306 -0.025735 -0.689653 1.29588 -0.024568 -0.2522 1.29151 -0.00353 -0.252942 1.30205 -0.024857 -0.216706 1.29189 -0.032696 -0.215613 1.28579 -0.01111 -0.20598 1.28907 -0.035618 -0.205659 1.28454 -0.016076 -0.195711 1.2849 -0.021518 -0.195087 1.28751 -0.037018 -0.175515 1.28748 -0.035419 -0.195922 1.29983 -0.038073 -0.205841 1.30462 -0.038252 -0.21597 1.30923 -0.036738 -0.216383 1.32729 -0.042361 -0.252949 1.32014 -0.030896 -0.252706 1.3354 -0.024573 -0.206478 1.32862 -0.046027 -0.215554 1.34298 -0.031049 -0.215945 1.3542 -0.014217 -0.25221 1.34154 -0.0044 -0.215408 1.3492 0.003061 -0.2059 1.35897 -0.015103 -0.205095 1.3531 0.00191 -0.216471 1.34412 0.023944 -0.252418 1.33483 0.013399 -0.25195 1.31965 0.022938 -0.21578 1.32484 0.029581 -0.207363 1.34626 0.027317 -0.205764 1.32954 0.031411 -0.216457 1.30626 0.031958 -0.251948 1.30254 0.01423 -0.215589 1.29502 0.022334 -0.207531 1.3052 0.035503 -0.216273 1.28302 0.006587 -0.2522 1.29151 -0.00353 -0.215613 1.28579 -0.01111 -0.206479 1.27847 0.007802 -0.205812 1.28189 -0.008737 -0.196224 1.27951 -0.004471 -0.196156 1.27533 0.008006 -0.176628 1.27499 0.007274 -0.196311 1.28559 0.017311 -0.205904 1.2902 0.021011 -0.205846 1.29455 0.026231 -0.196236 1.29674 0.029917 -0.196336 1.30471 0.038323 -0.176596 1.30489 0.038948 -0.196352 1.31793 0.035114 -0.206015 1.32238 0.033061 -0.195828 1.33487 0.031341 -0.196278 1.3485 0.02851 -0.175433 1.34873 0.028455 -0.195498 1.35113 0.013808 -0.205377 1.35104 0.008221 -0.194855 1.35612 -0.002038 -0.174153 1.36124 -0.014449 -0.195809 1.36093 -0.014968 -0.194954 1.35152 -0.026403 -0.20521 1.34762 -0.029685 -0.205214 1.34223 -0.0348 -0.194957 1.34019 -0.038026 -0.195804 1.32956 -0.047459 -0.174266 1.33093 -0.046112 -0.195355 1.31714 -0.042081 -0.205652 1.31292 -0.039941 -0.196224 1.27951 -0.004471 -0.200259 1.28471 0.006336 -0.176628 1.27499 0.007274 -0.196311 1.28559 0.017311 -0.205812 1.28189 -0.008737 -0.215613 1.28579 -0.01111 -0.22934 1.29817 -0.008787 -0.205904 1.2902 0.021011 -0.215589 1.29502 0.022334 -0.229112 1.30392 0.011791 -0.243168 1.31775 -0.004669 -0.229112 1.30392 0.011791 -0.229351 1.32201 0.01607 -0.199981 1.30816 0.030578 -0.215589 1.29502 0.022334 -0.205846 1.29455 0.026231 -0.196236 1.29674 0.029917 -0.176596 1.30489 0.038948 -0.196352 1.31793 0.035114 -0.21578 1.32484 0.029581 -0.206015 1.32238 0.033061 -0.195828 1.33487 0.031341 -0.199866 1.34199 0.020869 -0.175433 1.34873 0.028455 -0.195498 1.35113 0.013808 -0.205764 1.32954 0.031411 -0.21578 1.32484 0.029581 -0.229351 1.32201 0.01607 -0.205377 1.35104 0.008221 -0.215408 1.3492 0.003061 -0.229329 1.33697 -0.000327 -0.243168 1.31775 -0.004669 -0.194855 1.35612 -0.002038 -0.198861 1.35193 -0.014428 -0.174153 1.36124 -0.014449 -0.194954 1.35152 -0.026403 -0.205095 1.3531 0.00191 -0.215408 1.3492 0.003061 -0.229329 1.33697 -0.000327 -0.20521 1.34762 -0.029685 -0.215554 1.34298 -0.031049 -0.229351 1.33309 -0.021249 -0.229351 1.33309 -0.021249 -0.229886 1.31246 -0.024695 -0.199297 1.32802 -0.038687 -0.215554 1.34298 -0.031049 -0.205214 1.34223 -0.0348 -0.194957 1.34019 -0.038026 -0.174266 1.33093 -0.046112 -0.195355 1.31714 -0.042081 -0.21597 1.30923 -0.036738 -0.205652 1.31292 -0.039941 -0.195922 1.29983 -0.038073 -0.199996 1.29322 -0.02874 -0.175515 1.28748 -0.035419 -0.195711 1.2849 -0.021518 -0.205841 1.30462 -0.038252 -0.205659 1.28454 -0.016076 -0.215613 1.28579 -0.01111 -0.22934 1.29817 -0.008787 -0.21597 1.30923 -0.036738 -0.229886 1.31246 -0.024695 0.103271 1.24516 0.064264 0.105611 1.26391 0.064847 0.103318 1.24819 0.077423 0.097157 1.24335 0.053258 0.088232 1.22121 0.063494 0.090365 1.22182 0.068328 0.074158 1.20697 0.073731 0.072499 1.20815 0.091709 0.045657 1.20223 0.086039 0.060717 1.17529 0.075668 0.020473 1.21106 0.090993 0.039069 1.17685 0.08888 0.095488 1.06996 0.009766 0.083609 1.08912 0.010133 0.082771 1.08472 0.032516 0.07502 1.11735 0.010308 0.037716 1.06537 -0.056532 0.059817 1.09023 -0.025167 0.074711 1.0658 -0.034209 0.064381 1.04626 -0.063953 0.029994 1.0423 -0.077573 0.065645 1.00981 -0.082298 0.018406 0.996271 -0.093096 0 1.03734 -0.07132 0 0.962895 -0.081357 0 0.996843 -0.087928 0.025177 0.958318 -0.088141 0.088975 1.04636 -0.039541 0.109161 1.04698 0.009112 0.102052 1.01388 -0.044999 0.090287 1.03745 0.056018 0.120816 1.01802 0.00885 0.091915 1.06675 0.032303 0 0.963646 0.083738 0.030975 0.943376 0.074511 0.037488 0.969545 0.081601 0 0.932945 0.072927 0.06395 1.03905 0.073259 0.0653 1.01329 0.076739 0 1.00594 0.087341 0.042917 1.01031 0.08304 0.043978 1.03528 0.080658 0.023207 1.03159 0.083764 0.04354 1.05673 0.076064 0.08214 1.05724 0.05537 0.072952 1.0808 0.054794 0.06848 1.11501 0.054954 0.0536 1.08148 0.071042 0.022061 1.21504 0.106785 0.007731 1.21321 0.095538 0.047126 1.20496 0.103206 0.045393 1.22164 0.122216 0.073226 1.22328 0.117371 0.07407 1.24733 0.123899 0.043146 1.24532 0.129798 0.02363 1.22607 0.117528 0.091239 1.22634 0.098378 0.068549 1.26954 0.120476 0.092241 1.27229 0.101858 0.011805 1.22601 0.105017 0.020391 1.24151 0.122937 0.037464 1.26439 0.123198 0.063443 1.28066 0.112662 0.016843 1.24831 0.117204 0.033505 1.26933 0.118222 0.061343 1.28562 0.10734 0.096186 1.2262 0.078368 0.095333 1.25021 0.105724 0.086546 1.28301 0.097295 0.08091 1.28847 0.093794 0.101165 1.27121 0.082273 0.094986 1.28168 0.089348 0.103637 1.27372 0.07392 0.092153 1.29012 0.081864 0.106453 1.29756 0.064562 0.096867 1.27667 0.063241 0.114774 1.28071 0.056036 0.102981 1.2624 0.05279 0.096867 1.27667 0.063241 0.131608 1.33908 0.018131 0.169153 1.33616 0.017359 0.131865 1.3448 -0.004798 0.172873 1.34142 -0.004165 0.154846 1.32019 0.029725 0.130077 1.32074 0.031002 0.193817 1.31992 0.027226 0.193923 1.3016 0.016947 0.193924 1.29154 -0.008921 0.129731 1.28817 -0.002377 0.194289 1.33478 0.016534 0.194233 1.34125 0.002008 0.244827 1.33487 0.013639 0.24477 1.34068 -0.004345 0.244357 1.31968 0.023272 0.244362 1.30245 0.014445 0.244598 1.29136 -0.003448 0.108526 1.34726 -0.00548 0.10893 1.34127 0.019391 0.110005 1.28539 -0.002764 0.109057 1.29846 0.027274 0.088944 1.29443 0.041837 0.08856 1.31952 0.03934 0.082766 1.30115 0.053375 0.068876 1.31958 0.054646 0.074546 1.30469 0.065973 0.048097 1.31782 0.059926 0.053868 1.30617 0.07797 0.023633 1.31119 0.06395 0.020467 1.33949 0.04509 0 1.30772 0.064544 0.007551 1.29022 0.076766 0 1.33597 0.046721 0.027856 1.30011 0.080101 0.06897 1.35205 0.018381 0.040562 1.35453 0.03087 0.052894 1.35967 0.015733 0.069963 1.35753 -0.006073 0.058611 1.36299 -0.006194 0.08649 1.35237 -0.005893 0 1.28416 0.077497 0 1.34734 0.038925 0.01874 1.35646 0.035341 0.013018 1.28041 0.09366 0.029926 1.28852 0.100427 0.013803 1.26963 0.105364 0.007109 1.25861 0.100648 0.004716 1.27086 0.08538 0.003279 1.24356 0.091207 0.058089 1.29415 0.097955 0.078624 1.29389 0.083073 0.090962 1.28649 0.062656 0.095841 1.27073 0.044952 0.105987 1.26088 0.000246 0.099178 1.23045 0.004149 0.09598 1.27339 0.064268 0.011805 1.22601 0.105017 0.016843 1.24831 0.117204 0.097157 1.24335 0.053258 0.097184 1.26099 0.065217 0.094013 1.27523 0.078237 0.08091 1.28847 0.093794 0.061343 1.28562 0.10734 0.033505 1.26933 0.118222 0.132016 1.3385 -0.025905 0.131865 1.3448 -0.004798 0.168248 1.33489 -0.02432 0.172873 1.34142 -0.004165 0.154739 1.32004 -0.034581 0.13034 1.32032 -0.036826 0.194048 1.33937 -0.018095 0.194233 1.34125 0.002008 0.193815 1.32761 -0.028958 0.130261 1.30118 -0.027108 0.193924 1.30741 -0.026685 0.129731 1.28817 -0.002377 0.193924 1.29154 -0.008921 0.109135 1.34089 -0.028624 0.109207 1.29717 -0.032659 0.10878 1.32047 -0.040592 0.096425 1.28341 -0.037544 0.110005 1.28539 -0.002764 0.105987 1.26088 0.000246 0.077615 1.23233 -0.035539 0.046364 1.28814 -0.063851 0.046381 1.33443 -0.055477 0.090198 1.32085 -0.045163 0 1.32841 -0.052783 0 1.28381 -0.058404 0.072019 1.35054 -0.030839 0.049907 1.36291 -0.029935 0.058611 1.36299 -0.006194 0.069963 1.35753 -0.006073 0 1.23363 -0.056273 0.026894 1.36118 -0.042171 0 1.35847 -0.044905 0.08649 1.35237 -0.005893 0.086508 1.34415 -0.030654 0.108526 1.34726 -0.00548 0.193924 1.29154 -0.008921 0.245295 1.30196 -0.024808 0.193924 1.30741 -0.026685 0.245295 1.32015 -0.030931 0.193815 1.32761 -0.028958 0.245207 1.3347 -0.023782 0.194048 1.33937 -0.018095 0.24477 1.34068 -0.004345 0.194233 1.34125 0.002008 0.062777 0.009145 0.206311 0.070789 -0.000096 0.207853 0.069263 0.00909 0.2063 0.061232 0.000089 0.208006 0.084293 0.013119 0.173292 0.065349 0.022196 0.175652 0.095092 0.067408 0.059438 0.103663 0.039335 0.084093 0.112987 0.023651 0.044474 0.064863 0.083546 0.075986 0.037741 0.067434 0.060599 0.065018 0.063629 0.100644 0.018136 0.023651 0.04488 0.029849 0.039245 0.085149 0.064417 0.071212 -0.043739 0.064893 0.037171 -0.027526 0.04272 0.070586 -0.033076 0.056068 0.036433 -0.018841 0.029522 0.077513 -0.006179 0.039183 0.101589 -0.042342 0.032205 0.106039 -0.006673 0.041608 0.094863 0.045009 0.027893 0.080682 0.005451 0.024665 0.053775 0.017517 0.039354 0.064706 -0.017043 0.041347 0.070654 -0.00012 0.064787 0.064706 -0.007265 0.060882 -0.000028 -0.017632 0.060895 -0.000028 -0.014348 0.064572 -0.000028 -0.020019 0.056068 0.036433 -0.018841 0.064792 0.036582 -0.011229 0.064789 -0.000028 -0.011798 0.102835 0.080656 0.004857 0.09125 0.094746 0.043948 0.064751 0.102109 -0.053696 0.087852 0.101523 -0.042481 0.10002 0.077512 -0.007095 0.097777 0.106037 -0.007448 0.08387 0.070532 -0.033338 0.073858 0.036433 -0.019198 0.068418 -0.000028 -0.017544 0.106435 0.053775 0.017008 0.068381 -0.000028 -0.014752 0.088893 0.064706 -0.017759 0.088901 0.070654 -0.000575 0.073858 0.036433 -0.019198 0.088893 0.064706 -0.017759 0.024665 0.053775 0.017517 0.088901 0.070654 -0.000575 0.106435 0.053775 0.017008 0.10002 0.077512 -0.007095 0.041347 0.070654 -0.00012 0.029522 0.077513 -0.006179 0.060895 -0.000028 -0.014348 0.060882 -0.000028 -0.017632 0.064789 -0.000028 -0.011798 0.064572 -0.000028 -0.020019 0.068418 -0.000028 -0.017544 0.068381 -0.000028 -0.014752 0.064793 0.292171 0.031982 0.087009 0.292171 0.020222 0.062682 0.420838 0.041511 0.093046 0.437309 0.025904 0.044999 0.292171 0.022461 0.03649 0.427995 0.026491 0.035144 0.292565 -0.006451 0.021626 0.438686 -0.005951 0.110652 0.410823 -0.009715 0.095541 0.292441 -0.004554 0.087878 0.292415 -0.030759 0.095682 0.406952 -0.04594 0.0672 0.405948 -0.058967 0.065979 0.292171 -0.036221 0.043832 0.292471 -0.029649 0.038432 0.413624 -0.047166 0.035144 0.292565 -0.006451 0.021626 0.438686 -0.005951 0.065774 0.180866 -0.028168 0.049826 0.180869 -0.021942 0.085443 0.180858 -0.00376 0.081543 0.180881 -0.022109 0.045218 0.180894 -0.004148 0.06492 0.180825 0.021879 0.080917 0.180996 0.013517 0.050666 0.180796 0.015109 0.045218 0.180894 -0.004148 0.035551 0.478085 -0.042742 0.026493 0.577943 0.013226 0.040378 0.557682 -0.015235 0.067056 0.493058 -0.053545 0.095627 0.486582 -0.040875 0.063559 0.558387 -0.027289 0.084423 0.557177 -0.015312 0.097015 0.577997 0.013707 0.110425 0.468564 -0.00901 0.083432 0.548403 0.042618 0.060634 0.53958 0.05497 0.082426 0.57399 0.052733 0.040755 0.54687 0.040729 0.007851 0.741304 0.01861 0.023415 0.614706 0.014325 0.036295 0.62202 0.05155 0.020973 0.74235 0.059413 0.061207 0.623072 0.064773 0.126414 0.745947 0.013393 0.086469 0.621747 0.054336 0.101145 0.612716 0.013703 0.105648 0.745418 0.060978 0.064635 0.743852 0.077501 0.132475 0.82691 0.040913 0.113779 0.826573 0.063155 0.137442 0.826544 0.010706 0.111519 0.744486 -0.031703 0.089733 0.60948 -0.012354 0.136481 0.825264 -0.017887 0.120667 0.824542 -0.040583 0.070403 0.743037 -0.049856 0.063308 0.60948 -0.024137 0.037781 0.609538 -0.012106 0.100218 0.823848 -0.05882 0.071811 0.823804 -0.062893 0.024824 0.741757 -0.033708 0.023415 0.614706 0.014325 0.007851 0.741304 0.01861 0.137822 0.87376 -0.019299 0.136614 0.874019 -0.003879 0.133221 0.901529 -0.018772 0.12797 0.873491 -0.030973 0.101244 0.872523 -0.06154 0.11147 0.872761 -0.050449 0.09879 0.899729 -0.059667 0.085921 0.871829 -0.063233 0.006086 0.822091 -0.017723 0.003994 0.823254 0.01438 0.02046 0.822919 -0.045085 0.004651 0.865183 -0.020009 0.015794 0.86633 -0.036539 0.007839 0.891262 -0.018338 0.00662 0.865035 0.000729 0.003994 0.823254 0.01438 0.043862 0.823212 -0.061117 0.045346 0.869517 -0.065892 0.060512 0.870587 -0.064921 0.048311 0.895176 -0.065603 0.034834 0.867832 -0.056991 0.114363 0.901426 0.059915 0.12959 0.901576 0.035867 0.1123 0.946764 0.058257 0.139181 0.901511 0.008841 0.136589 0.953201 0.008262 0.133221 0.901529 -0.018772 0.121275 0.901333 -0.044113 0.120232 0.92316 -0.045115 0.09879 0.899729 -0.059667 0.073628 0.897971 -0.069023 0.074081 0.918557 -0.070219 0.048311 0.895176 -0.065603 0.025167 0.892375 -0.055453 0.026807 0.910898 -0.057845 0.060512 0.870587 -0.064921 0.085921 0.871829 -0.063233 0.071811 0.823804 -0.062893 0.11147 0.872761 -0.050449 0.12797 0.873491 -0.030973 0.120667 0.824542 -0.040583 0.136614 0.874019 -0.003879 0.034834 0.867832 -0.056991 0.015794 0.86633 -0.036539 0.02046 0.822919 -0.045085 0.007839 0.891262 -0.018338 0.089299 0.899883 0.072057 0.06247 0.898181 0.077744 0.061177 0.927693 0.076163 0.038858 0.895484 0.069773 0.018571 0.911006 0.054846 0.051913 0.871471 0.076115 0.10282 0.873774 0.067356 0.121772 0.874271 0.050257 0.113779 0.826573 0.063155 0.076803 0.872787 0.076347 0.06492 0.825551 0.081604 0.008081 0.884306 0.01051 0.009267 0.888431 0.03446 0.009501 0.899359 0.009395 0.007573 0.865532 0.023572 0.00662 0.865035 0.000729 0.003994 0.823254 0.01438 0.007839 0.891262 -0.018338 0.134708 0.87428 0.023197 0.137442 0.826544 0.010706 0.01419 0.867845 0.046606 0.018328 0.892772 0.055567 0.017442 0.824257 0.059038 0.028151 0.869825 0.064122 0 0.906404 0.050388 0.092053 0.825862 0.078519 0.06492 0.825551 0.081604 0.091971 0.873261 0.078065 0.076803 0.872787 0.076347 0.089299 0.899883 0.072057 0.10282 0.873774 0.067356 0.037508 0.825181 0.078058 0.036733 0.870597 0.076904 0.051913 0.871471 0.076115 0.038858 0.895484 0.069773 0.017442 0.824257 0.059038 0.004805 0.82365 0.039164 0.003994 0.823254 0.01438 0.005665 0.867105 0.03731 0.007573 0.865532 0.023572 0.01419 0.867845 0.046606 0.009267 0.888431 0.03446 0.028151 0.869825 0.064122 0.133799 0.874325 0.039807 0.121772 0.874271 0.050257 0.12959 0.901576 0.035867 0.134708 0.87428 0.023197 0.004716 1.27086 0.08538 0 1.26434 0.088268 0.003279 1.24356 0.091207 0 1.28416 0.077497 0 1.24332 0.091197 0.026894 1.36118 -0.042171 0 1.35847 -0.044905 0 1.37914 -0.040021 0.038299 1.36922 -0.029433 0.032435 1.37923 -0.006116 0.045278 1.36962 -0.006155 0.058611 1.36299 -0.006194 0.037708 1.36416 0.014849 0.021333 1.37324 0.017193 0.052894 1.35967 0.015733 0.01874 1.35646 0.035341 0.040562 1.35453 0.03087 0.049907 1.36291 -0.029935 0.099178 1.23045 0.004149 -0.048311 0.895176 -0.065603 -0.026807 0.910898 -0.057845 -0.025167 0.892375 -0.055453 -0.073628 0.897971 -0.069023 -0.074081 0.918557 -0.070219 -0.09879 0.899729 -0.059667 -0.121275 0.901333 -0.044113 -0.120232 0.92316 -0.045115 -0.133221 0.901529 -0.018772 -0.139181 0.901511 0.008841 -0.136589 0.953201 0.008262 -0.12959 0.901576 0.035867 -0.114363 0.901426 0.059915 -0.1123 0.946764 0.058257 -0.060512 0.870587 -0.064921 -0.085921 0.871829 -0.063233 -0.071811 0.823804 -0.062893 -0.11147 0.872761 -0.050449 -0.12797 0.873491 -0.030973 -0.120667 0.824542 -0.040583 -0.136614 0.874019 -0.003879 -0.134708 0.87428 0.023197 -0.137442 0.826544 0.010706 -0.121772 0.874271 0.050257 -0.10282 0.873774 0.067356 -0.089299 0.899883 0.072057 -0.113779 0.826573 0.063155 -0.06247 0.898181 0.077744 -0.061177 0.927693 0.076163 -0.038858 0.895484 0.069773 -0.051913 0.871471 0.076115 -0.076803 0.872787 0.076347 -0.06492 0.825551 0.081604 -0.008081 0.884306 0.01051 -0.009501 0.899359 0.009395 -0.009267 0.888431 0.03446 -0.007573 0.865532 0.023572 -0.00662 0.865035 0.000729 -0.003994 0.823254 0.01438 -0.01419 0.867845 0.046606 -0.018328 0.892772 0.055567 -0.028151 0.869825 0.064122 -0.017442 0.824257 0.059038 -0.007839 0.891262 -0.018338 0 0.932945 0.072927 -0.018571 0.911006 0.054846 -0.030975 0.943376 0.074511 0 0.963646 0.083738 -0.037488 0.969545 0.081601 -0.109161 1.04698 0.009112 -0.120816 1.01802 0.00885 -0.090287 1.03745 0.056018 -0.029994 1.0423 -0.077573 -0.018406 0.996271 -0.093096 -0.065645 1.00981 -0.082298 0 1.03734 -0.07132 0 0.962895 -0.081357 0 0.996843 -0.087928 -0.025177 0.958318 -0.088141 -0.088975 1.04636 -0.039541 -0.102052 1.01388 -0.044999 -0.064381 1.04626 -0.063953 -0.037716 1.06537 -0.056532 -0.074711 1.0658 -0.034209 0 1.06251 -0.058281 0 1.08978 -0.043958 -0.059817 1.09023 -0.025167 -0.095488 1.06996 0.009766 -0.091915 1.06675 0.032303 -0.082771 1.08472 0.032516 -0.083609 1.08912 0.010133 -0.07502 1.11735 0.010308 -0.06848 1.11501 0.054954 -0.072952 1.0808 0.054794 -0.08214 1.05724 0.05537 -0.0536 1.08148 0.071042 -0.06395 1.03905 0.073259 -0.0653 1.01329 0.076729 -0.043978 1.03528 0.080658 0 1.00594 0.087341 -0.042917 1.01031 0.08304 -0.023207 1.03159 0.083764 -0.04354 1.05673 0.076064 0 1.00594 0.087341 0.023207 1.03159 0.083764 0 1.03127 0.086803 0.014241 1.05749 0.08317 0.04354 1.05673 0.076064 0 1.05752 0.082392 0.040009 1.08038 0.078663 0.006716 1.08193 0.083428 0.003279 1.24356 0.091207 0 1.21277 0.096498 0.007731 1.21321 0.095538 0 1.24332 0.091197 0.099178 1.23045 0.004149 0.097157 1.24335 0.053258 0.088313 1.19658 0.008447 0.091952 1.21911 0.054057 0.088232 1.22121 0.063494 0.077615 1.23233 -0.035539 0.066518 1.18743 -0.027649 0 1.23363 -0.056273 0 1.18771 -0.044877 0.086746 1.19487 0.054857 0.097157 1.24335 0.053258 0.097184 1.26099 0.065217 0.102981 1.2624 0.05279 0.096867 1.27667 0.063241 0.094013 1.27523 0.078237 0.092153 1.29012 0.081864 0.096867 1.27667 0.063241 0.097184 1.26099 0.065217 0.092153 1.29012 0.081864 0.094013 1.27523 0.078237 0.08091 1.28847 0.093794 0.096867 1.27667 0.063241 0.092153 1.29012 0.081864 0.106453 1.29756 0.064562 0.102981 1.2624 0.05279 0.096867 1.27667 0.063241 0.114774 1.28071 0.056036 -0.103271 1.24516 0.064264 -0.103318 1.24819 0.077423 -0.105611 1.26391 0.064847 -0.097157 1.24335 0.053258 -0.088232 1.22121 0.063494 -0.091952 1.21911 0.054057 -0.088313 1.19658 0.008447 -0.099178 1.23045 0.004149 -0.077615 1.23233 -0.035539 -0.066518 1.18743 -0.027649 -0.086746 1.19487 0.054857 -0.074158 1.20697 0.073731 -0.060717 1.17529 0.075668 -0.045657 1.20223 0.086039 -0.020473 1.21106 0.090993 -0.039069 1.17685 0.08888 -0.047126 1.20496 0.103206 -0.022061 1.21504 0.106785 -0.045393 1.22164 0.122216 -0.073226 1.22328 0.117371 -0.072499 1.20815 0.091709 -0.07407 1.24733 0.123899 -0.043146 1.24532 0.129798 -0.02363 1.22607 0.117528 -0.091239 1.22634 0.098378 -0.068549 1.26954 0.120476 -0.092241 1.27229 0.101858 -0.011805 1.22601 0.105017 -0.007731 1.21321 0.095538 -0.020391 1.24151 0.122937 -0.037464 1.26439 0.123198 -0.063443 1.28066 0.112662 -0.016843 1.24831 0.117204 -0.033505 1.26933 0.118222 -0.061343 1.28562 0.10734 -0.096186 1.2262 0.078368 -0.095333 1.25021 0.105724 -0.086546 1.28301 0.097295 -0.08091 1.28847 0.093794 -0.090365 1.22182 0.068328 -0.101165 1.27121 0.082273 -0.094986 1.28168 0.089348 -0.103637 1.27372 0.07392 -0.092153 1.29012 0.081864 -0.106453 1.29756 0.064562 -0.096867 1.27667 0.063241 -0.114774 1.28071 0.056036 -0.102981 1.2624 0.05279 -0.096867 1.27667 0.063241 -0.131608 1.33908 0.018131 -0.131865 1.3448 -0.004798 -0.169153 1.33616 0.017359 -0.172873 1.34142 -0.004165 -0.154846 1.32019 0.029725 -0.130077 1.32074 0.031002 -0.193817 1.31992 0.027226 -0.193923 1.3016 0.016947 -0.193924 1.29154 -0.008921 -0.129731 1.28817 -0.002377 -0.194289 1.33478 0.016534 -0.194233 1.34125 0.002008 -0.244827 1.33487 0.013639 -0.24477 1.34068 -0.004345 -0.244357 1.31968 0.023272 -0.244362 1.30245 0.014445 -0.244598 1.29136 -0.003448 -0.109883 1.28541 -0.002764 -0.088944 1.29443 0.041837 -0.109057 1.29846 0.027274 -0.08856 1.31952 0.03934 -0.10893 1.34127 0.019391 -0.108526 1.34726 -0.00548 -0.082766 1.30115 0.053375 -0.068876 1.31958 0.054646 -0.074546 1.30469 0.065973 -0.048097 1.31782 0.059926 -0.053868 1.30617 0.07797 -0.023633 1.31119 0.06395 -0.020467 1.33949 0.04509 0 1.30772 0.064544 -0.007551 1.29022 0.076766 0 1.33597 0.046721 -0.027856 1.30011 0.080101 -0.040562 1.35453 0.03087 -0.06897 1.35205 0.018381 -0.052894 1.35967 0.015733 -0.069963 1.35753 -0.006073 -0.058611 1.36299 -0.006194 -0.08649 1.35237 -0.005893 0 1.28416 0.077497 0 1.34734 0.038925 -0.01874 1.35646 0.035341 -0.013018 1.28041 0.09366 -0.029926 1.28852 0.100427 -0.013803 1.26963 0.105364 -0.007109 1.25861 0.100648 -0.004716 1.27086 0.08538 -0.003279 1.24356 0.091207 -0.058089 1.29415 0.097955 -0.078624 1.29389 0.083073 -0.090962 1.28649 0.062656 -0.095841 1.27073 0.044952 -0.106109 1.26086 0.000246 -0.099178 1.23045 0.004149 -0.09598 1.27339 0.064268 -0.011805 1.22601 0.105017 -0.016843 1.24831 0.117204 -0.033505 1.26933 0.118222 -0.061343 1.28562 0.10734 -0.097157 1.24335 0.053258 -0.097184 1.26099 0.065217 -0.094013 1.27523 0.078237 -0.08091 1.28847 0.093794 -0.132016 1.3385 -0.025905 -0.168248 1.33489 -0.02432 -0.131865 1.3448 -0.004798 -0.172873 1.34142 -0.004165 -0.154739 1.32004 -0.034581 -0.13034 1.32032 -0.036826 -0.194048 1.33937 -0.018095 -0.194233 1.34125 0.002008 -0.193815 1.32761 -0.028958 -0.130261 1.30118 -0.027108 -0.193924 1.30741 -0.026685 -0.129731 1.28817 -0.002377 -0.193924 1.29154 -0.008921 -0.109135 1.34089 -0.028624 -0.10878 1.32047 -0.040592 -0.109207 1.29717 -0.032659 -0.096425 1.28341 -0.037544 -0.106109 1.26086 0.000246 -0.109883 1.28541 -0.002764 -0.077615 1.23233 -0.035539 -0.046364 1.28814 -0.063851 -0.046381 1.33443 -0.055477 -0.090198 1.32085 -0.045163 0 1.32841 -0.052783 0 1.28381 -0.058404 -0.072019 1.35054 -0.030839 -0.049907 1.36291 -0.029935 -0.058611 1.36299 -0.006194 -0.069963 1.35753 -0.006073 0 1.23363 -0.056273 -0.026894 1.36118 -0.042171 0 1.35847 -0.044905 -0.08649 1.35237 -0.005893 -0.086508 1.34415 -0.030654 -0.108526 1.34726 -0.00548 -0.245295 1.30196 -0.024808 -0.193924 1.29154 -0.008921 -0.193924 1.30741 -0.026685 -0.245295 1.32015 -0.030931 -0.193815 1.32761 -0.028958 -0.245207 1.3347 -0.023782 -0.194048 1.33937 -0.018095 -0.24477 1.34068 -0.004345 -0.194233 1.34125 0.002008 -0.062777 0.009145 0.206311 -0.070789 -0.000096 0.207853 -0.061232 0.000089 0.208006 -0.069263 0.00909 0.2063 -0.084293 0.013118 0.173292 -0.065349 0.022196 0.175652 -0.095092 0.067408 0.059438 -0.112987 0.023651 0.044474 -0.103663 0.039335 0.084093 -0.064863 0.083546 0.075986 -0.065018 0.063628 0.100644 -0.037741 0.067434 0.060599 -0.029849 0.039245 0.085149 -0.018136 0.023651 0.04488 -0.027893 0.080682 0.005451 -0.041608 0.094863 0.045009 -0.064417 0.071212 -0.043739 -0.04272 0.070586 -0.033076 -0.064893 0.037171 -0.027526 -0.056068 0.036432 -0.018841 -0.029522 0.077513 -0.006179 -0.039183 0.101589 -0.042342 -0.032205 0.106039 -0.006673 -0.024665 0.053775 0.017517 -0.039354 0.064706 -0.017043 -0.041347 0.070654 -0.00012 -0.064787 0.064706 -0.007265 -0.060882 -0.000028 -0.017632 -0.060895 -0.000028 -0.014348 -0.064572 -0.000028 -0.020019 -0.056068 0.036432 -0.018841 -0.064787 0.064706 -0.007265 -0.064792 0.036582 -0.011229 -0.064789 -0.000028 -0.011798 -0.09125 0.094745 0.043948 -0.102835 0.080656 0.004857 -0.087852 0.101523 -0.042481 -0.064751 0.102109 -0.053696 -0.10002 0.077512 -0.007095 -0.097777 0.106037 -0.007448 -0.08387 0.070531 -0.033338 -0.064893 0.037171 -0.027526 -0.073858 0.036432 -0.019198 -0.068418 -0.000028 -0.017544 -0.064572 -0.000028 -0.020019 -0.106435 0.053775 0.017008 -0.068381 -0.000028 -0.014752 -0.088893 0.064706 -0.017759 -0.088893 0.064706 -0.017759 -0.088901 0.070654 -0.000575 -0.073858 0.036432 -0.019198 -0.064789 -0.000028 -0.011798 -0.064792 0.036582 -0.011229 -0.088893 0.064706 -0.017759 -0.024665 0.053775 0.017517 -0.106435 0.053775 0.017008 -0.088901 0.070654 -0.000575 -0.10002 0.077512 -0.007095 -0.041347 0.070654 -0.00012 -0.029522 0.077513 -0.006179 -0.060895 -0.000028 -0.014348 -0.064789 -0.000028 -0.011798 -0.060882 -0.000028 -0.017632 -0.064572 -0.000028 -0.020019 -0.068418 -0.000028 -0.017544 -0.068381 -0.000028 -0.014752 -0.041347 0.070654 -0.00012 -0.064793 0.292171 0.031982 -0.062682 0.420839 0.041511 -0.087009 0.292171 0.020222 -0.093046 0.437309 0.025904 -0.044999 0.292171 0.022461 -0.03649 0.427995 0.026491 -0.035144 0.292565 -0.006451 -0.021626 0.438686 -0.005951 -0.110652 0.410823 -0.009715 -0.095541 0.292441 -0.004554 -0.087878 0.292415 -0.030759 -0.095682 0.406952 -0.04594 -0.0672 0.405948 -0.058967 -0.065979 0.292171 -0.036221 -0.043832 0.292471 -0.029649 -0.038432 0.413624 -0.047166 -0.035144 0.292565 -0.006451 -0.021626 0.438686 -0.005951 -0.080917 0.180996 0.013517 -0.085443 0.180858 -0.00376 -0.035551 0.478085 -0.042742 -0.067056 0.493058 -0.053545 -0.095627 0.486582 -0.040875 -0.040378 0.557682 -0.015235 -0.063559 0.558387 -0.027289 -0.084423 0.557177 -0.015312 -0.097015 0.577997 0.013707 -0.110425 0.468564 -0.00901 -0.083432 0.548403 0.042618 -0.060634 0.53958 0.05497 -0.082426 0.57399 0.052733 -0.040755 0.54687 0.040729 -0.007851 0.741304 0.01861 -0.036295 0.62202 0.05155 -0.023415 0.614706 0.014325 -0.020973 0.74235 0.059413 -0.061207 0.623072 0.064773 -0.126414 0.745947 0.013393 -0.101145 0.612716 0.013703 -0.08647 0.621748 0.054336 -0.105648 0.745418 0.060978 -0.064635 0.743852 0.077501 -0.132475 0.82691 0.040913 -0.113779 0.826573 0.063155 -0.137442 0.826544 0.010706 -0.111519 0.744486 -0.031703 -0.089733 0.60948 -0.012354 -0.136481 0.825264 -0.017887 -0.120667 0.824542 -0.040583 -0.070403 0.743037 -0.049856 -0.063308 0.60948 -0.024137 -0.037781 0.609538 -0.012106 -0.026493 0.577943 0.013226 -0.100218 0.823848 -0.05882 -0.071811 0.823804 -0.062893 -0.024825 0.741757 -0.033708 -0.023415 0.614706 0.014325 -0.007851 0.741304 0.01861 -0.137822 0.87376 -0.019299 -0.136614 0.874019 -0.003879 -0.133221 0.901529 -0.018772 -0.12797 0.873491 -0.030973 -0.101244 0.872523 -0.06154 -0.11147 0.872761 -0.050449 -0.09879 0.899729 -0.059667 -0.085921 0.871829 -0.063233 -0.006086 0.822091 -0.017723 -0.003994 0.823254 0.01438 -0.02046 0.822919 -0.045085 -0.043862 0.823212 -0.061117 -0.045346 0.869517 -0.065892 -0.060512 0.870587 -0.064921 -0.048311 0.895176 -0.065603 -0.034834 0.867832 -0.056991 -0.004651 0.865183 -0.020009 -0.015794 0.86633 -0.036539 -0.007839 0.891262 -0.018338 -0.00662 0.865035 0.000729 -0.06492 0.825551 0.081604 -0.092053 0.825862 0.078519 -0.091971 0.873261 0.078065 -0.076803 0.872787 0.076347 -0.089299 0.899883 0.072057 -0.10282 0.873774 0.067356 -0.037508 0.825181 0.078058 -0.036733 0.870597 0.076904 -0.051913 0.871471 0.076115 -0.038858 0.895484 0.069773 -0.017442 0.824257 0.059038 -0.004805 0.82365 0.039164 -0.003994 0.823254 0.01438 -0.005665 0.867105 0.03731 -0.007573 0.865532 0.023572 -0.01419 0.867845 0.046606 -0.009267 0.888431 0.03446 -0.028151 0.869825 0.064122 -0.133799 0.874325 0.039807 -0.121772 0.874271 0.050257 -0.12959 0.901576 0.035867 -0.134708 0.87428 0.023197 -0.015794 0.86633 -0.036539 -0.034834 0.867832 -0.056991 -0.02046 0.822919 -0.045085 -0.007839 0.891262 -0.018338 -0.003279 1.24356 0.091207 0 1.26434 0.088268 0 1.24332 0.091197 0 1.26434 0.088268 -0.004716 1.27086 0.08538 -0.026894 1.36118 -0.042171 0 1.37914 -0.040021 -0.038299 1.36922 -0.029433 -0.045278 1.36962 -0.006155 -0.032435 1.37923 -0.006116 -0.058611 1.36299 -0.006194 -0.037708 1.36416 0.014849 -0.021333 1.37324 0.017193 -0.052894 1.35967 0.015733 -0.040562 1.35453 0.03087 -0.01874 1.35646 0.035341 -0.049907 1.36291 -0.029935 -0.099178 1.23045 0.004149 -0.023207 1.03159 0.083764 -0.014241 1.05749 0.08317 -0.04354 1.05673 0.076064 -0.006716 1.08193 0.083428 -0.040009 1.08038 0.078663 -0.003279 1.24356 0.091207 -0.007731 1.21321 0.095538 -0.102981 1.2624 0.05279 -0.097184 1.26099 0.065217 -0.096867 1.27667 0.063241 -0.094013 1.27523 0.078237 -0.096867 1.27667 0.063241 -0.092153 1.29012 0.081864 -0.097184 1.26099 0.065217 -0.092153 1.29012 0.081864 -0.08091 1.28847 0.093794 -0.094013 1.27523 0.078237 -0.096867 1.27667 0.063241 -0.106453 1.29756 0.064562 -0.092153 1.29012 0.081864 -0.102981 1.2624 0.05279 -0.114774 1.28071 0.056036 -0.096867 1.27667 0.063241 0.019601 1.35504 0.061577 0.016569 1.3767 0.072748 0.028699 1.36512 0.076342 0.011317 1.36295 0.059123 0 1.38094 0.071433 0 1.36585 0.058224 0.022634 1.34423 0.06493 0.033138 1.34929 0.081251 0.019601 1.33342 0.068283 0.028699 1.33347 0.08616 0.011317 1.32551 0.070737 0.016569 1.32188 0.089753 0 1.32261 0.071636 0 1.31764 0.091068 0 1.34206 0.057922 -0.011317 1.36295 0.059123 -0.019601 1.35504 0.061577 -0.028699 1.36512 0.076342 -0.016569 1.3767 0.072748 -0.033138 1.34929 0.081251 -0.022634 1.34423 0.06493 -0.028699 1.33347 0.08616 -0.019601 1.33342 0.068283 -0.016569 1.32188 0.089753 -0.011317 1.32551 0.070737 0.028699 1.36512 0.076342 0.015208 1.37936 0.089033 0.026341 1.36873 0.092331 0.016569 1.3767 0.072748 0 1.38325 0.087826 0 1.38094 0.071433 -0.015208 1.37936 0.089033 -0.016569 1.3767 0.072748 -0.026341 1.36873 0.092331 -0.028699 1.36512 0.076342 -0.030416 1.3542 0.096837 -0.033138 1.34929 0.081251 -0.026341 1.33968 0.101343 -0.028699 1.33347 0.08616 -0.015208 1.32904 0.104642 -0.016569 1.32188 0.089753 0 1.32515 0.105849 0 1.31764 0.091068 0.015208 1.32904 0.104642 0.016569 1.32188 0.089753 0.026341 1.33968 0.101343 0.028699 1.33347 0.08616 0.030416 1.3542 0.096837 0.033138 1.34929 0.081251 -0.015208 1.34962 0.111717 -0.00878 1.34348 0.113622 0 1.34124 0.114319 0.00878 1.34348 0.113622 0.015208 1.34962 0.111717 0.017561 1.35801 0.109116 0.015208 1.3664 0.106515 0.00878 1.37254 0.10461 0 1.37478 0.103913 -0.00878 1.37254 0.10461 -0.015208 1.3664 0.106515 -0.017561 1.35801 0.109116 0 1.3594 0.11361 -0.065812 1.48533 0.067295 -0.086168 1.50881 0.043403 -0.089976 1.48741 0.045758 -0.063019 1.46199 0.067989 -0.083846 1.46047 0.050204 -0.091309 1.4604 0.024841 -0.081821 1.44077 0.024492 -0.074634 1.44147 0.051261 -0.098067 1.4642 0.000078 -0.082786 1.44151 0.001061 -0.061113 1.42673 0.051168 -0.065424 1.42481 0.022604 -0.103052 1.49193 0.015027 -0.098196 1.50984 0.013691 -0.096337 1.52422 0.01317 -0.085035 1.52431 0.04386 -0.092475 1.53949 0.040851 -0.104166 1.53725 0.013045 -0.103935 1.55127 0.045347 -0.117591 1.54729 0.014347 -0.09427 1.46529 -0.025209 -0.095452 1.52392 -0.015795 -0.10298 1.53714 -0.017414 -0.084367 1.52293 -0.042362 -0.086391 1.5091 -0.043348 -0.09734 1.50954 -0.015694 -0.089 1.53676 -0.042315 -0.088911 1.49527 -0.045385 -0.103066 1.49532 -0.015947 -0.09427 1.46529 -0.025209 -0.123804 1.56441 0.016016 -0.104998 1.57541 0.058032 -0.121871 1.56395 -0.020628 -0.096522 1.55157 -0.046613 -0.115273 1.54729 -0.019052 -0.102444 1.56871 -0.050011 -0.057171 1.48489 0.069749 -0.062835 1.5021 0.067405 -0.065812 1.48533 0.067295 -0.086168 1.50881 0.043403 -0.049549 1.46352 0.071232 -0.045845 1.47284 0.073544 -0.063019 1.46199 0.067989 -0.057171 1.48489 0.069749 -0.045845 1.47284 0.073544 -0.049549 1.46352 0.071232 -0.04421 1.46233 0.06469 -0.040303 1.47537 0.068507 -0.049896 1.45389 0.070375 -0.045321 1.45341 0.063812 -0.042749 1.4457 0.062934 -0.046395 1.4461 0.070762 -0.029266 1.44241 0.075177 -0.049896 1.45389 0.070375 -0.049549 1.46352 0.071232 -0.058295 1.44467 0.071743 -0.046395 1.4461 0.070762 -0.044543 1.44171 0.074902 -0.051417 1.43116 0.069423 -0.029266 1.44241 0.075177 -0.040695 1.43575 0.073747 -0.03642 1.4325 0.067959 -0.041984 1.42644 0.060458 -0.051164 1.42354 0.049721 -0.066607 1.42624 -0.00032 -0.079796 1.44343 -0.022757 -0.065457 1.44747 -0.041363 -0.0596 1.42981 -0.025076 -0.043285 1.44062 -0.043732 -0.092475 1.53949 0.040851 -0.085035 1.52431 0.04386 -0.076805 1.54226 0.063606 -0.059674 1.52607 0.069798 -0.057186 1.54317 0.076105 -0.07852 1.55946 0.076788 -0.091143 1.55623 0.062213 -0.104998 1.57541 0.058032 -0.103935 1.55127 0.045347 -0.086168 1.50881 0.043403 -0.062835 1.5021 0.067405 -0.085035 1.52431 0.04386 -0.059674 1.52607 0.069798 -0.07852 1.55946 0.076788 -0.055958 1.5499 0.073136 -0.077 1.56435 0.075304 -0.057186 1.54317 0.076105 -0.077 1.56435 0.075304 -0.104998 1.57541 0.058032 -0.073794 1.552 -0.057322 -0.062883 1.52369 -0.060284 -0.076686 1.54409 -0.067239 -0.080641 1.55902 -0.067695 -0.093758 1.55733 -0.077393 -0.062883 1.52369 -0.060284 -0.089 1.53676 -0.042315 -0.076686 1.54409 -0.067239 -0.084367 1.52293 -0.042362 -0.096522 1.55157 -0.046613 -0.093758 1.55733 -0.077393 -0.098101 1.56674 -0.066871 -0.102444 1.56871 -0.050011 -0.067271 1.49026 -0.061426 -0.086391 1.5091 -0.043348 -0.084367 1.52293 -0.042362 -0.088911 1.49527 -0.045385 -0.060538 1.46048 -0.056259 -0.067271 1.49026 -0.061426 -0.080083 1.46666 -0.045849 -0.09427 1.46529 -0.025209 -0.065457 1.44747 -0.041363 -0.043285 1.44062 -0.043732 -0.080641 1.55902 -0.067695 -0.093758 1.55733 -0.077393 -0.098101 1.56674 -0.066871 -0.102444 1.56871 -0.050011 -0.095683 1.56493 -0.003236 -0.121871 1.56395 -0.020628 -0.073794 1.552 -0.057322 -0.121871 1.56395 -0.020628 -0.123804 1.56441 0.016016 0 1.47046 0.070636 -0.023887 1.46287 0.086833 -0.040303 1.47537 0.068507 -0.011605 1.45715 0.090758 0 1.44774 0.092204 -0.036168 1.46893 0.082606 -0.045845 1.47284 0.073544 0 1.47046 0.070636 0.011605 1.45715 0.090758 0.023887 1.46287 0.086833 0.040303 1.47537 0.068507 0.036168 1.46893 0.082606 0.045845 1.47284 0.073544 0.011605 1.45715 0.090758 0 1.45658 0.102028 0 1.44774 0.092204 -0.011605 1.45715 0.090758 -0.016504 1.46735 0.095036 -0.023887 1.46287 0.086833 0 1.48009 0.110303 -0.020105 1.48475 0.104373 -0.020449 1.50627 0.108159 0 1.50509 0.113573 0.020563 1.50627 0.108161 0 1.52884 0.109805 0.020931 1.52848 0.105054 0.016503 1.46735 0.095038 0.023887 1.46287 0.086833 0.020105 1.48475 0.104373 -0.03819 1.4773 0.087598 -0.036168 1.46893 0.082606 0.040284 1.50537 0.095737 -0.040301 1.50487 0.096283 0.03819 1.47731 0.087598 0.036168 1.46893 0.082606 0.040557 1.52873 0.094604 0.021145 1.5512 0.111062 0.002074 1.55088 0.115704 0.023202 1.57139 0.119663 0.003111 1.56581 0.124717 0.045306 1.56785 0.107235 0.040691 1.54919 0.098046 0.052453 1.58262 0.109339 0.025259 1.5865 0.121181 0.004148 1.58035 0.126646 -0.022022 1.57134 0.123621 -0.019945 1.55954 0.121748 -0.04183 1.55789 0.112833 -0.043472 1.57054 0.115016 -0.018893 1.54868 0.11133 -0.020919 1.52838 0.105366 -0.038522 1.54678 0.102104 -0.040575 1.52882 0.095463 -0.020919 1.52838 0.105366 -0.040575 1.52882 0.095463 -0.056513 1.50403 0.080552 -0.054061 1.52764 0.081432 -0.059674 1.52607 0.069798 -0.062835 1.5021 0.067405 -0.040575 1.52882 0.095463 -0.040301 1.50487 0.096283 -0.056513 1.50403 0.080552 -0.053656 1.48697 0.078037 -0.040301 1.50487 0.096283 -0.03819 1.4773 0.087598 -0.062835 1.5021 0.067405 -0.053656 1.48697 0.078037 -0.045845 1.47284 0.073544 -0.036168 1.46893 0.082606 -0.057171 1.48489 0.069749 -0.062835 1.5021 0.067405 0.03819 1.47731 0.087598 0.053657 1.48697 0.078038 0.040284 1.50537 0.095737 0.056513 1.50402 0.080546 0.062835 1.5021 0.067405 0.057171 1.48489 0.069749 0.045845 1.47284 0.073544 0.036168 1.46893 0.082606 0.065812 1.48533 0.067295 0.089976 1.48741 0.045758 0.086168 1.50881 0.043403 0.063019 1.46199 0.067989 0.083846 1.46047 0.050204 0.091309 1.4604 0.024841 0.081821 1.44077 0.024492 0.074634 1.44147 0.051261 0.098067 1.4642 0.000078 0.061113 1.42673 0.051168 0.065424 1.42481 0.022604 0.103052 1.49193 0.015027 0.098196 1.50984 0.013691 0.096337 1.52423 0.01317 0.085035 1.52431 0.04386 0.092475 1.53949 0.040851 0.104166 1.5377 0.013045 0.103935 1.55127 0.045347 0.117591 1.54729 0.014347 0.095452 1.52349 -0.015795 0.10298 1.53651 -0.017414 0.084367 1.52293 -0.042362 0.086391 1.50845 -0.043348 0.09734 1.50954 -0.015694 0.089 1.53676 -0.042315 0.088911 1.49527 -0.045385 0.103066 1.49532 -0.015947 0.094759 1.46529 -0.025209 0.123804 1.56441 0.016016 0.104998 1.57541 0.058032 0.121871 1.56395 -0.020628 0.115273 1.54729 -0.019052 0.096522 1.55157 -0.046613 0.102444 1.56871 -0.050011 0.082786 1.44151 0.001061 0.066607 1.42624 -0.00032 0.094759 1.46529 -0.025209 0.080489 1.44343 -0.022757 0.067402 1.44747 -0.041363 0.060745 1.42981 -0.025076 0.044673 1.44062 -0.043732 0.051164 1.42354 0.049721 0.051417 1.43116 0.069423 0.058295 1.44467 0.071743 0.049896 1.45389 0.070375 0.049549 1.46352 0.071232 0.046395 1.4461 0.070762 0.044543 1.44171 0.074902 0.029266 1.44241 0.075177 0.040695 1.43575 0.073747 0.03642 1.4325 0.067959 0.041984 1.42644 0.060458 0.057171 1.48489 0.069749 0.065812 1.48533 0.067295 0.062835 1.5021 0.067405 0.086168 1.50881 0.043403 0.045845 1.47284 0.073544 0.049549 1.46352 0.071232 0.057171 1.48489 0.069749 0.063019 1.46199 0.067989 0.045845 1.47284 0.073544 0.04421 1.46233 0.06469 0.049549 1.46352 0.071232 0.040303 1.47537 0.068507 0.049896 1.45389 0.070375 0.045321 1.45341 0.063812 0.042749 1.4457 0.062934 0.046395 1.4461 0.070762 0.029266 1.44241 0.075177 0.040557 1.52873 0.094604 0.056513 1.50402 0.080546 0.054061 1.52723 0.081438 0.040284 1.50537 0.095737 0.059674 1.52553 0.069798 0.062835 1.5021 0.067405 0.054061 1.52723 0.081438 0.053324 1.54264 0.084698 0.040557 1.52873 0.094604 0.057186 1.54229 0.076105 0.059674 1.52553 0.069798 0.053324 1.54264 0.084698 0.040691 1.54919 0.098046 0.049438 1.56006 0.095312 0.045306 1.56785 0.107235 0.054816 1.56178 0.085493 0.064205 1.57721 0.090637 0.052453 1.58262 0.109339 0.057186 1.54229 0.076105 0.077 1.56435 0.075304 0.082507 1.55678 0.038458 0.055958 1.5489 0.073136 0.077 1.56435 0.075304 0.104998 1.57541 0.058032 0.092475 1.53949 0.040851 0.076805 1.54226 0.063606 0.085035 1.52431 0.04386 0.059674 1.52553 0.069798 0.057186 1.54229 0.076105 0.07852 1.55946 0.076788 0.091143 1.55623 0.062213 0.104998 1.57541 0.058032 0.103935 1.55127 0.045347 0.086168 1.50881 0.043403 0.085035 1.52431 0.04386 0.062835 1.5021 0.067405 0.059674 1.52553 0.069798 0.057186 1.54229 0.076105 0.040488 1.55886 0.080348 0.054816 1.56178 0.085493 0.064205 1.57721 0.090637 0.052453 1.58262 0.109339 0.025259 1.5865 0.121181 0.00626 1.55886 0.091622 0.004148 1.58035 0.126646 -0.022022 1.57134 0.123621 -0.030776 1.55886 0.080379 -0.043472 1.57054 0.115016 -0.030776 1.55886 0.080379 -0.05837 1.57451 0.106712 -0.067224 1.58294 0.095834 -0.066984 1.58963 0.08607 0.057186 1.54229 0.076105 0.055958 1.5489 0.073136 0.040488 1.55886 0.080348 0.07852 1.55946 0.076788 0.055958 1.5489 0.073136 0.057186 1.54229 0.076105 0.077 1.56435 0.075304 0.077 1.56435 0.075304 0.104998 1.57541 0.058032 -0.054061 1.52764 0.081432 -0.057186 1.54317 0.076105 -0.059674 1.52607 0.069798 -0.050876 1.54416 0.089611 -0.040575 1.52882 0.095463 -0.038522 1.54678 0.102104 -0.052402 1.56118 0.101913 -0.04183 1.55789 0.112833 -0.043472 1.57054 0.115016 -0.05837 1.57451 0.106712 -0.062813 1.57085 0.096777 -0.061558 1.56577 0.082633 -0.068257 1.58042 0.092515 -0.067224 1.58294 0.095834 -0.066984 1.58963 0.08607 -0.065926 1.57647 0.084986 -0.066984 1.58963 0.08607 -0.030776 1.55886 0.080379 -0.065926 1.57647 0.084986 -0.061558 1.56577 0.082633 -0.057186 1.54317 0.076105 0.027871 1.46126 -0.09132 0 1.43876 -0.080068 0 1.4602 -0.095512 -0.027863 1.4611 -0.09133 -0.031721 1.4408 -0.064683 0 1.49529 -0.1038 0.027996 1.49648 -0.100473 0.046547 1.46247 -0.077861 0 1.52665 -0.102758 -0.027932 1.49646 -0.100512 -0.046523 1.46222 -0.077876 0.031776 1.4408 -0.064683 -0.043285 1.44062 -0.043732 0.044673 1.44062 -0.043732 -0.006552 1.58831 -0.137035 0.061353 1.5744 -0.119377 0.031618 1.52756 -0.095993 0.027996 1.49648 -0.100473 0.047427 1.52785 -0.082778 0.05256 1.49725 -0.086713 0.046547 1.46247 -0.077861 0.062895 1.5237 -0.060284 0.071244 1.54694 -0.059408 0.076345 1.55705 -0.055235 0.062895 1.5237 -0.060284 0.067278 1.49335 -0.061426 0.05256 1.49725 -0.086713 0.046547 1.46247 -0.077861 0.061622 1.46357 -0.056259 -0.052554 1.58371 -0.120262 -0.031605 1.52751 -0.095993 -0.027932 1.49646 -0.100512 -0.052534 1.49715 -0.086715 -0.047407 1.52801 -0.082778 -0.046523 1.46222 -0.077876 -0.062883 1.52369 -0.060284 -0.073794 1.552 -0.057322 -0.052554 1.58371 -0.120262 -0.052534 1.49715 -0.086715 -0.067271 1.49026 -0.061426 -0.046523 1.46222 -0.077876 -0.060538 1.46048 -0.056259 -0.003034 1.55886 -0.096687 0.03991 1.55886 -0.08691 -0.006552 1.58831 -0.137035 0.061353 1.5744 -0.119377 -0.003034 1.55886 -0.096687 -0.006552 1.58831 -0.137035 -0.034058 1.55886 -0.085393 -0.052554 1.58371 -0.120262 -0.052554 1.58371 -0.120262 -0.073794 1.552 -0.057322 0.071244 1.54694 -0.059408 0.076686 1.54409 -0.067239 0.062895 1.5237 -0.060284 0.080641 1.55902 -0.067695 0.093758 1.55733 -0.077393 0.076345 1.55705 -0.055235 0.062895 1.5237 -0.060284 0.089 1.53676 -0.042315 0.084367 1.52293 -0.042362 0.076686 1.54409 -0.067239 0.096522 1.55157 -0.046613 0.093758 1.55733 -0.077393 0.098101 1.56674 -0.066871 0.102444 1.56871 -0.050011 0.067278 1.49335 -0.061426 0.086391 1.50845 -0.043348 0.084367 1.52293 -0.042362 0.088911 1.49527 -0.045385 0.061622 1.46357 -0.056259 0.081306 1.46666 -0.045849 0.067278 1.49335 -0.061426 0.094759 1.46529 -0.025209 0.067402 1.44747 -0.041363 0.044673 1.44062 -0.043732 0.123804 1.56441 0.016016 0.082507 1.55678 0.038458 0.104998 1.57541 0.058032 0.089111 1.55879 0.011826 0.121871 1.56395 -0.020628 0.089111 1.55879 0.011826 0.123804 1.56441 0.016016 0.088665 1.5591 -0.019479 0.088665 1.5591 -0.019479 0.102444 1.56871 -0.050011 0.076345 1.55705 -0.055235 0.098101 1.56674 -0.066871 0.080641 1.55902 -0.067695 0.093758 1.55733 -0.077393 0.102444 1.56871 -0.050011 0.076345 1.55705 -0.055235 0.061353 1.5744 -0.119377 0.03991 1.55886 -0.08691 -0.003034 1.55886 -0.096687 -0.006343 1.58207 -0.004521 0.03991 1.55886 -0.08691 0.088665 1.5591 -0.019479 0.089111 1.55879 0.011826 -0.003034 1.55886 -0.096687 -0.034058 1.55886 -0.085393 0.089111 1.55879 0.011826 0.082507 1.55678 0.038458 0.088665 1.5591 -0.019479 0.076345 1.55705 -0.055235 -0.095683 1.56493 -0.003236 -0.07732 1.56341 0.042549 -0.07732 1.56341 0.042549 -0.030776 1.55886 0.080379 -0.030776 1.55886 0.080379 0.00626 1.55886 0.091622 0.055958 1.5489 0.073136 -0.006343 1.58207 -0.004521 0.040488 1.55886 0.080348 0.082507 1.55678 0.038458 0.076345 1.55705 -0.055235 0.03991 1.55886 -0.08691 -0.073794 1.552 -0.057322 -0.034058 1.55886 -0.085393 0.040488 1.55886 0.080348 -0.006343 1.58207 -0.004521 0.00626 1.55886 0.091622 -0.095683 1.56493 -0.003236 -0.123804 1.56441 0.016016 -0.07732 1.56341 0.042549 -0.104998 1.57541 0.058032 -0.077 1.56435 0.075304 -0.104998 1.57541 0.058032 -0.055958 1.5499 0.073136 -0.030776 1.55886 0.080379 -0.030776 1.55886 0.080379 -0.055958 1.5499 0.073136 -0.057186 1.54317 0.076105 -0.055958 1.5499 0.073136 -0.07732 1.56341 0.042549 -0.077 1.56435 0.075304 -0.006343 1.58207 -0.004521 -0.073794 1.552 -0.057322 -0.095683 1.56493 -0.003236 0 1.43876 -0.080068 0.021369 1.43173 -0.056361 0 1.43154 -0.065679 0.031776 1.4408 -0.064683 0.035318 1.42885 -0.037523 0.044673 1.44062 -0.043732 0.021369 1.43173 -0.056361 0 1.43876 -0.080068 -0.021296 1.43173 -0.056361 -0.031721 1.4408 -0.064683 0 1.43154 -0.065679 -0.035318 1.42885 -0.037523 -0.043285 1.44062 -0.043732 0.060745 1.42981 -0.025076 0.035318 1.42885 -0.037523 0.044673 1.44062 -0.043732 0.052782 1.42186 -0.003814 0.066607 1.42624 -0.00032 0.055807 1.42204 0.02154 0.065424 1.42481 0.022604 0.051164 1.42354 0.049721 0.04754 1.43207 0.042237 -0.052782 1.42186 -0.003814 -0.066607 1.42624 -0.00032 -0.0596 1.42981 -0.025076 -0.035318 1.42885 -0.037523 -0.043285 1.44062 -0.043732 -0.055807 1.42204 0.02154 -0.065424 1.42481 0.022604 -0.051164 1.42354 0.049721 -0.04754 1.43207 0.042237 -0.041984 1.42644 0.060458 -0.051164 1.42354 0.049721 -0.042749 1.4457 0.062934 -0.03642 1.4325 0.067959 -0.029266 1.44241 0.075177 0.042749 1.4457 0.062934 0.041984 1.42644 0.060458 0.03642 1.4325 0.067959 0.04754 1.43207 0.042237 0.029266 1.44241 0.075177 0.051164 1.42354 0.049721 0.002545 1.45957 0.085837 0.006104 1.4708 0.07831 0.002728 1.47071 0.081582 0 1.47066 0.081559 0 1.45993 0.08694 0 1.45308 0.090965 0.003279 1.4531 0.089431 0.009512 1.45517 0.078777 0.00356 1.45081 0.089166 0 1.4507 0.090747 0 1.44317 0.0809 0.028854 1.47353 0.076248 0.008982 1.44513 0.079053 0.004167 1.43489 0.08002 0 1.43405 0.080526 0.005413 1.43249 0.075104 0.011784 1.43352 0.073712 0.0115 1.43431 0.075354 0 1.43199 0.076103 0 1.42782 0.076572 0.005828 1.42851 0.075817 0.005609 1.42387 0.073092 0 1.42321 0.073199 0 1.41882 0.07073 0.005255 1.41891 0.070579 0.01462 1.42435 0.069934 0.00603 1.40883 0.069086 0.013361 1.41434 0.0669 0.01916 1.41196 0.06189 0.006916 1.40423 0.06498 0 1.40734 0.070521 0 1.40241 0.066689 0.02369 1.42234 0.065846 0.009629 1.4047 0.05302 0 1.40199 0.054751 0.009754 1.40856 0.031986 0.020954 1.41073 0.049792 0.034298 1.42001 0.046564 0.033719 1.42082 0.026009 0.022994 1.41463 0.028997 0.050321 1.43577 0.021774 0.027353 1.42839 -0.007432 0.034469 1.44585 -0.016894 0.053454 1.44708 0.021247 0.056588 1.45727 0.02072 0.062192 1.48005 0.021861 0.052799 1.45724 0.046669 0.054589 1.47473 0.047282 0.051582 1.44386 0.045598 0.04756 1.43403 0.044465 0.049801 1.47352 0.056682 0.049844 1.45609 0.056204 0.04694 1.47432 0.066519 0.046194 1.45521 0.066093 0.038992 1.47545 0.071717 0.037755 1.45546 0.071508 0.034518 1.44181 0.070724 0.04276 1.44158 0.064941 0.047087 1.44219 0.055619 0.026097 1.45481 0.076782 0.023422 1.44245 0.074254 0.017398 1.43449 0.072075 0.012211 1.4314 0.074141 0.012701 1.42855 0.071854 0.032711 1.43274 0.068021 0.030728 1.42048 0.060649 0.039696 1.43292 0.063178 -0.002545 1.45957 0.085837 -0.002728 1.47071 0.081582 -0.006104 1.4708 0.07831 0 1.47066 0.081559 0 1.45993 0.08694 0 1.45308 0.090965 -0.003279 1.4531 0.089431 -0.009512 1.45517 0.078777 -0.00356 1.45081 0.089166 -0.008982 1.44513 0.079053 0 1.44317 0.0809 -0.004167 1.43489 0.08002 -0.0115 1.43431 0.075354 -0.011784 1.43352 0.073712 -0.005413 1.43249 0.075104 0 1.43199 0.076103 0 1.42782 0.076572 -0.005828 1.42851 0.075817 -0.005609 1.42387 0.073092 0 1.42321 0.073199 0 1.41882 0.07073 -0.005255 1.41891 0.070579 -0.01462 1.42435 0.069934 -0.00603 1.40883 0.069086 -0.013361 1.41434 0.0669 -0.01916 1.41196 0.06189 -0.006916 1.40423 0.06498 0 1.40734 0.070521 0 1.40241 0.066689 -0.02369 1.42234 0.065846 -0.009629 1.4047 0.05302 0 1.40199 0.054751 -0.009754 1.40856 0.031986 -0.020954 1.41073 0.049792 -0.034298 1.42001 0.046564 -0.033719 1.42082 0.026009 -0.022994 1.41463 0.028997 -0.050321 1.43577 0.021774 -0.027353 1.42839 -0.007432 -0.034469 1.44585 -0.016894 -0.056588 1.45727 0.02072 -0.053454 1.44708 0.021247 -0.062192 1.48005 0.021861 -0.052799 1.45724 0.046669 -0.054589 1.47473 0.047282 -0.051582 1.44386 0.045598 -0.04756 1.43403 0.044465 -0.030728 1.42048 0.060649 -0.039696 1.43292 0.063178 -0.032711 1.43274 0.068021 -0.034516 1.44185 0.070738 -0.04276 1.44158 0.064941 -0.047091 1.4422 0.055617 -0.023422 1.44245 0.074254 -0.017398 1.43449 0.072075 -0.012701 1.42855 0.071854 -0.012211 1.4314 0.074141 -0.026097 1.45481 0.076782 -0.028854 1.47353 0.076248 -0.037755 1.45546 0.071508 -0.038992 1.47545 0.071717 -0.046194 1.45521 0.066093 -0.04694 1.47432 0.066519 -0.049844 1.45609 0.056204 -0.049801 1.47352 0.056682 -0.081787 1.52656 -0.026498 -0.098226 1.55933 0.011112 -0.097248 1.56498 -0.028813 -0.081685 1.52733 0.008667 -0.111303 1.585 -0.012805 -0.117861 1.588 0.019967 -0.070741 1.52759 0.038463 -0.087868 1.56039 0.04436 -0.047493 1.52853 0.067192 -0.054327 1.56832 0.075728 -0.080696 1.58783 0.070226 -0.108127 1.5889 0.046374 -0.022154 1.56891 0.101536 0.000733 1.54785 0.097726 -0.000013 1.56865 0.10917 -0.01294 1.58832 0.110665 -0.001292 1.59028 0.114693 0.010695 1.58865 0.110656 -0.014764 1.59564 0.111405 -0.002004 1.59905 0.115161 0.010606 1.59592 0.111505 -0.027722 1.58952 0.100427 0.021928 1.57017 0.101338 0.024357 1.59039 0.101551 0.030171 1.54963 0.092694 0.026729 1.53053 0.081441 0.00148 1.52956 0.08671 -0.028288 1.54694 0.090764 -0.023006 1.52879 0.079992 -0.039783 1.5456 0.082362 -0.047493 1.52853 0.067192 -0.03955 1.58664 0.096841 -0.039961 1.57292 0.093345 0.041443 1.54843 0.084195 0.051977 1.5308 0.070088 0.037035 1.58842 0.095371 0.039615 1.57475 0.091767 0.0482 1.59313 0.081089 0.052267 1.58241 0.078602 0.054964 1.5717 0.074688 -0.053643 1.57991 0.081257 -0.052336 1.5915 0.087003 -0.054327 1.56832 0.075728 -0.014764 1.59564 0.111405 -0.001841 1.60056 0.106151 -0.014416 1.59525 0.103372 -0.002004 1.59905 0.115161 0.010606 1.59592 0.111505 0.011623 1.59569 0.099701 -0.027722 1.58952 0.100427 -0.028364 1.58962 0.093684 -0.03955 1.58664 0.096841 0.024357 1.59039 0.101551 0.023544 1.58939 0.091906 0.037035 1.58842 0.095371 0.0482 1.59313 0.081089 -0.04035 1.58829 0.088155 -0.052336 1.5915 0.087003 0.022635 1.58145 0.071713 0.052267 1.58241 0.078602 0.054964 1.5717 0.074688 -0.001111 1.58782 0.095859 -0.047547 1.57968 0.079371 -0.053643 1.57991 0.081257 -0.021734 1.58065 0.075199 -0.001347 1.58122 0.075512 -0.054327 1.56832 0.075728 -0.052262 1.59858 -0.015541 -0.051584 1.60079 -0.003062 -0.047666 1.60671 -0.022584 -0.046873 1.60682 -0.000219 -0.038169 1.61011 -0.010498 -0.028764 1.60796 -0.043083 -0.019783 1.60993 -0.025892 -0.041434 1.60505 0.00373 -0.031432 1.60603 -0.00615 -0.014529 1.61534 -0.018972 -0.009542 1.61219 -0.012891 -0.020618 1.61564 -0.004926 -0.013802 1.61356 -0.000476 -0.020531 1.61705 0.004186 0.000184 1.60663 -0.001666 -0.010794 1.61442 0.010734 -0.014859 1.61731 0.015592 -0.007569 1.61519 0.017096 -0.007517 1.61611 0.022951 0.001039 1.61232 0.014455 0.013151 1.6123 0.007482 0.001336 1.618 0.020388 0.017988 1.61524 -0.011479 0.023374 1.61811 0.005334 0.015747 1.6178 0.016553 0.023018 1.61886 -0.008116 -0.010554 1.61363 0.02701 -0.003497 1.60897 0.030559 0.002791 1.60415 0.030311 0.00389 1.61214 0.040937 -0.001605 1.60887 0.039405 -0.001285 1.60487 0.046575 0.007463 1.61076 0.053922 -0.00494 1.61235 0.037873 -0.032137 1.60683 0.035804 -0.015577 1.59718 0.054623 -0.000898 1.59761 0.0579 0.009183 1.59786 0.056258 -0.035546 1.59993 0.041361 -0.026754 1.61294 0.028691 -0.037629 1.61274 0.007457 -0.043835 1.60747 0.014405 -0.044716 1.60009 0.028219 -0.049116 1.60087 0.01209 -0.060148 1.60572 0.024543 -0.060203 1.60516 0.003722 -0.044677 1.60385 0.053101 -0.024919 1.60312 0.062811 -0.004637 1.6025 0.065562 0.01088 1.60277 0.063523 -0.00525 1.59835 0.080032 -0.057375 1.60155 -0.016039 -0.052262 1.59858 -0.015541 -0.043452 1.5961 -0.032543 -0.060838 1.59487 -0.015388 -0.025849 1.59874 0.079352 -0.021734 1.58065 0.075199 -0.001347 1.58122 0.075512 0.010077 1.59996 0.078074 -0.00525 1.59835 0.080032 0.022555 1.59398 0.0683 0.020945 1.59399 0.057597 0.009183 1.59786 0.056258 0.022555 1.59398 0.0683 0.022635 1.58145 0.071713 0.049394 1.58982 0.062401 0.049827 1.60234 0.058812 -0.052748 1.58857 0.061573 -0.070201 1.58624 0.022278 -0.060838 1.59487 -0.015388 -0.06994 1.59817 -0.011694 -0.052555 1.60233 -0.03989 -0.02405 1.59841 -0.047888 -0.027995 1.60277 -0.058765 -0.0056 1.59909 -0.053895 -0.003705 1.60085 -0.065269 0.020544 1.59667 -0.054186 0.04586 1.59253 -0.063446 0.040827 1.59938 -0.05554 0.035795 1.59815 -0.047979 0.052358 1.60018 -0.043432 0.0707 1.5909 -0.033325 0.065242 1.59976 -0.074093 0.078458 1.59405 -0.0344 0.080069 1.59345 -0.088611 0.097397 1.59304 -0.056386 0.092065 1.57156 -0.036142 0.048827 1.59926 -0.036986 0.032502 1.60817 -0.047837 0.04347 1.60759 -0.039309 0.01278 1.60814 -0.052854 -0.005721 1.60829 -0.053175 0.010778 1.61175 -0.036823 -0.003766 1.61105 -0.035477 -0.002644 1.61617 -0.02625 -0.001662 1.61274 -0.017746 0.012957 1.61588 -0.016258 0.009407 1.61825 -0.027013 0.021373 1.62034 -0.020033 0.027887 1.61529 -0.014677 0.023044 1.61026 -0.028829 0.027071 1.6122 -0.032909 0.034641 1.61176 -0.015642 0.030012 1.60417 0.008675 0.039639 1.61387 0.010069 0.042762 1.61154 -0.002132 0.042759 1.61284 -0.015302 0.052384 1.60812 -0.000957 0.052997 1.60852 -0.026205 0.04347 1.60759 -0.039309 0.045901 1.61163 0.02508 0.049787 1.60122 0.023153 0.057962 1.59959 0.00265 0.026544 1.61308 0.032663 0.020294 1.60408 0.023415 0.032972 1.61194 0.046966 0.007463 1.61076 0.053922 0.036137 1.59956 0.047656 0.036137 1.59956 0.047656 0.067229 1.60433 0.03839 0.073861 1.60368 0.002612 0.059188 1.59937 -0.021403 0.067402 1.59302 -0.023973 0.067991 1.5802 0.003108 0.100297 1.59993 0.01201 0.082866 1.59874 -0.026428 0.118297 1.58756 0.015705 0.108105 1.58438 -0.012484 0.092065 1.57156 -0.036142 0.1057 1.5905 0.053439 0.089823 1.60002 0.04725 0.079459 1.59106 0.073325 0.057722 1.5963 0.065298 0.059118 1.58033 0.038636 0.057722 1.5963 0.065298 0.049827 1.60234 0.058812 0.039988 1.58267 0.069575 0.085026 1.53073 -0.027755 0.095543 1.56698 0.005273 0.085505 1.53158 0.009202 0.092065 1.57156 -0.036142 0.075093 1.53108 0.040003 0.081904 1.56703 0.046017 0.108105 1.58438 -0.012484 0.118297 1.58756 0.015705 0.1057 1.5905 0.053439 0.051977 1.5308 0.070088 0.054964 1.5717 0.074688 0.079459 1.59106 0.073325 0.061424 1.52965 -0.060611 0.092065 1.57156 -0.036142 0.085026 1.53073 -0.027755 0.06871 1.56949 -0.070059 0.097397 1.59304 -0.056386 0.080069 1.59345 -0.088611 0.038981 1.52898 -0.076808 0.042771 1.56818 -0.087833 0.001376 1.52769 -0.087986 -0.004396 1.56669 -0.102237 0.015819 1.58755 -0.112746 0.05336 1.59126 -0.10682 0.048827 1.59926 -0.036986 0.059188 1.59937 -0.021403 0.002791 1.60415 0.030311 -0.043835 1.60747 0.014405 -0.037629 1.61274 0.007457 -0.027087 1.61262 0.005982 -0.020634 1.61328 0.022703 -0.070755 1.56531 -0.065177 -0.032046 1.52677 -0.078123 -0.05987 1.52612 -0.057476 -0.039578 1.56588 -0.089831 -0.055106 1.59224 -0.102648 -0.083922 1.59151 -0.079579 -0.081787 1.52656 -0.026498 -0.097248 1.56498 -0.028813 -0.098268 1.58745 -0.052935 -0.004396 1.56669 -0.102237 0.001376 1.52769 -0.087986 -0.026482 1.58965 -0.109503 -0.043452 1.5961 -0.032543 -0.007065 1.59076 -0.081491 -0.004396 1.56669 -0.102237 0.015819 1.58755 -0.112746 -0.016774 1.59569 -0.097624 0.039562 1.59744 -0.090238 0.05336 1.59126 -0.10682 -0.032152 1.58999 -0.071023 -0.026482 1.58965 -0.109503 -0.049583 1.59859 -0.093788 -0.055106 1.59224 -0.102648 -0.059732 1.5888 -0.051184 -0.043126 1.59536 -0.08288 -0.079471 1.59845 -0.071839 -0.083922 1.59151 -0.079579 -0.071634 1.59078 -0.063343 -0.079471 1.59845 -0.071839 -0.088411 1.5925 -0.035733 -0.098268 1.58745 -0.052935 -0.097248 1.56498 -0.028813 -0.078555 1.5894 -0.01853 -0.078555 1.5894 -0.01853 -0.077906 1.59091 0.018301 -0.091079 1.59573 0.015568 -0.111303 1.585 -0.012805 -0.117861 1.588 0.019967 -0.084149 1.59547 0.041044 -0.053537 1.58478 0.072384 -0.080696 1.58783 0.070226 -0.108127 1.5889 0.046374 -0.054327 1.56832 0.075728 0.030012 1.60417 0.008675 0.039988 1.58267 0.069575 0.021158 1.03389 -0.255352 0.029813 1.04487 -0.248303 0.037208 1.02426 -0.245434 0.03787 1.045 -0.241096 0.018574 1.02319 -0.257186 0.023394 1.00972 -0.252144 0.031754 1.00323 -0.24449 0.041403 1.0058 -0.235984 0.048855 1.01461 -0.229902 0.050382 1.02778 -0.22914 0.056394 1.0283 -0.228444 0.058918 1.01398 -0.220983 0.056112 1.04489 -0.225736 0.04759 1.04681 -0.223908 0.045422 1.00092 -0.236876 0.054029 1.00338 -0.223638 0.064296 1.03052 -0.220072 0.046328 0.989171 -0.22883 0.0343 0.991329 -0.241305 0.025037 0.994915 -0.241158 0.050989 1.01031 -0.21884 0.022754 1.00639 -0.257228 0.00944 1.01455 -0.264354 0.007042 1.0217 -0.258342 0.009799 1.02768 -0.266127 0.015488 0.996179 -0.259831 0.023243 0.99415 -0.252061 0.020112 1.0361 -0.261035 0.012151 1.04135 -0.266891 0.020814 1.05245 -0.257156 0.021758 1.05373 -0.246935 0.02992 1.05846 -0.248442 0.040888 1.04998 -0.243324 0.040931 1.062 -0.240436 0.049509 1.05265 -0.230986 0.046643 1.04158 -0.23215 0.04759 1.04681 -0.223908 0.003404 1.0377 -0.24417 0.013363 1.04987 -0.235926 0.010047 1.0389 -0.256676 0.021758 1.05373 -0.246935 0.007042 1.0217 -0.258342 0.00129 1.02148 -0.245237 0.00935 1.04287 -0.2273 0.002748 1.03438 -0.232733 0.001014 1.02248 -0.233682 0.010971 1.02604 -0.216816 0.011214 1.02635 -0.216617 0.010907 1.0256 -0.216851 0.009799 1.02768 -0.266127 0.012151 1.04135 -0.266891 0.020814 1.05245 -0.257156 0.021758 1.05373 -0.246935 0.013363 1.04987 -0.235926 0.033041 1.05556 -0.233198 0.025324 1.05224 -0.225413 0.03596 1.04411 -0.215602 0.04759 1.04681 -0.223908 0.018317 1.04472 -0.219441 0.00935 1.04287 -0.2273 0.026208 1.03923 -0.21218 0.011214 1.02635 -0.216617 0.011542 1.02642 -0.216329 0.011832 1.02621 -0.216062 0.02992 1.05846 -0.248442 0.040931 1.062 -0.240436 0.049509 1.05265 -0.230986 0.041807 1.02938 -0.209697 0.039362 1.01262 -0.211016 0.053658 1.02943 -0.2175 0.050989 1.01031 -0.21884 0.029999 1.02848 -0.20827 0.03596 1.04411 -0.215602 0.026208 1.03923 -0.21218 0.028261 1.01658 -0.20921 0.011972 1.02582 -0.215918 0.011909 1.02538 -0.215952 0.04759 1.04681 -0.223908 0.056112 1.04489 -0.225736 0.064296 1.03052 -0.220072 0.058918 1.01398 -0.220983 0.050989 1.01031 -0.21884 0.039362 1.01262 -0.211016 0.038732 0.996914 -0.226019 0.030039 1.00063 -0.218691 0.0175 0.998448 -0.229726 0.025037 0.994915 -0.241158 0.021656 1.00809 -0.214646 0.028261 1.01658 -0.20921 0.012704 1.00623 -0.222502 0.011909 1.02538 -0.215952 0.011666 1.02507 -0.216152 0.011337 1.025 -0.21644 0.054029 1.00338 -0.223638 0.046328 0.989171 -0.22883 0.0343 0.991329 -0.241305 0.0175 0.998448 -0.229726 0.00621 1.00629 -0.240125 0.025037 0.994915 -0.241158 0.01334 1.00267 -0.25183 0.00129 1.02148 -0.245237 0.007042 1.0217 -0.258342 0.004818 1.01173 -0.229772 0.012704 1.00623 -0.222502 0.001014 1.02248 -0.233682 0.011337 1.025 -0.21644 0.011047 1.0252 -0.216707 0.023243 0.99415 -0.252061 0.015488 0.996179 -0.259831 0.00944 1.01455 -0.264354 0.011542 1.02642 -0.216329 0.018317 1.04472 -0.219441 0.011214 1.02635 -0.216617 0.029999 1.02848 -0.20827 0.011666 1.02507 -0.216152 0.021656 1.00809 -0.214646 0.011909 1.02538 -0.215952 0.011047 1.0252 -0.216707 0.004818 1.01173 -0.229772 0.011337 1.025 -0.21644 0.010907 1.0256 -0.216851 0.010907 1.0256 -0.216851 0.025037 0.994915 -0.241158 0.046014 1.0537 -0.206471 0.048809 1.04563 -0.197636 0.061177 1.06229 -0.205968 0.032509 1.04573 -0.207417 0.038196 1.03487 -0.198667 0.039564 1.06393 -0.212361 0.026882 1.05712 -0.222262 0.026795 1.02806 -0.207057 0.023382 1.03657 -0.212885 0.011084 1.02638 -0.217684 0.018581 1.04416 -0.220137 0.048268 1.05318 -0.207799 0.026326 1.03533 -0.216242 0.037863 1.04572 -0.211553 -0.042714 1.03687 -0.23115 -0.038302 1.05018 -0.235758 -0.029363 1.03426 -0.245765 -0.030925 1.05378 -0.241794 -0.04181 1.02639 -0.231093 -0.033132 1.01673 -0.237069 -0.023555 1.01465 -0.24452 -0.015477 1.02107 -0.251325 -0.011495 1.03196 -0.255409 -0.014142 1.04414 -0.254239 -0.012947 1.04611 -0.259481 -0.002146 1.03575 -0.263106 -0.014977 1.06137 -0.255698 -0.014854 1.06158 -0.247291 -0.0145 1.01744 -0.256027 -0.002277 1.02465 -0.261081 -0.005104 1.05181 -0.264786 -0.004051 1.00913 -0.25761 -0.017227 1.00543 -0.248467 -0.019145 1.00656 -0.239371 -0.00018 1.03122 -0.256211 -0.036879 1.01245 -0.237986 -0.047009 1.01502 -0.225639 -0.043809 1.02221 -0.221099 -0.052059 1.02631 -0.223856 -0.037346 1.00117 -0.233723 -0.028924 1.00293 -0.239783 -0.04852 1.03726 -0.230784 -0.056109 1.03876 -0.22361 -0.049318 1.0528 -0.227736 -0.040387 1.05653 -0.226578 -0.042036 1.0622 -0.233378 -0.033894 1.05834 -0.244006 -0.034505 1.06967 -0.241329 -0.022531 1.06553 -0.24919 -0.02096 1.05482 -0.248829 -0.014854 1.06158 -0.247291 -0.0358 1.03887 -0.212383 -0.030481 1.05381 -0.217747 -0.046546 1.0385 -0.220372 -0.040387 1.05653 -0.226578 -0.043809 1.02221 -0.221099 -0.032684 1.0238 -0.213634 -0.021356 1.04872 -0.213891 -0.024742 1.03846 -0.210405 -0.022625 1.02732 -0.211186 -0.007281 1.03664 -0.216633 -0.007157 1.03702 -0.216761 -0.007203 1.03623 -0.216662 -0.052059 1.02631 -0.223856 -0.056109 1.03876 -0.22361 -0.049318 1.0528 -0.227736 -0.040387 1.05653 -0.226578 -0.030481 1.05381 -0.217747 -0.027231 1.06389 -0.234091 -0.020279 1.06105 -0.226338 -0.008061 1.05852 -0.235782 -0.014854 1.06158 -0.247291 -0.013747 1.05421 -0.220321 -0.021356 1.04872 -0.213891 -0.004844 1.05282 -0.227231 -0.007157 1.03702 -0.216761 -0.006878 1.03722 -0.216997 -0.00655 1.03717 -0.217251 -0.042036 1.0622 -0.233378 -0.034505 1.06967 -0.241329 0.001846 1.04818 -0.242772 0.004844 1.03249 -0.243867 -0.003761 1.04906 -0.254882 -0.00018 1.03122 -0.256211 0.001972 1.04507 -0.231968 -0.008061 1.05852 -0.235782 -0.004844 1.05282 -0.227231 0.004095 1.03393 -0.232744 -0.006299 1.03688 -0.217426 -0.006221 1.03647 -0.217454 -0.014854 1.06158 -0.247291 -0.014977 1.06137 -0.255698 -0.005104 1.05181 -0.264786 -0.002146 1.03575 -0.263106 -0.00018 1.03122 -0.256211 0.004844 1.03249 -0.243867 -0.004491 1.01494 -0.248799 0.000059 1.01799 -0.238946 -0.010728 1.01067 -0.229887 -0.019145 1.00656 -0.239371 0.000708 1.02366 -0.229258 0.004095 1.03393 -0.232744 -0.006894 1.01817 -0.222842 -0.006221 1.03647 -0.217454 -0.006345 1.0361 -0.217326 -0.006625 1.03589 -0.21709 -0.002277 1.02465 -0.261081 -0.004051 1.00913 -0.25761 -0.017227 1.00543 -0.248467 -0.010728 1.01067 -0.229887 -0.023473 1.01265 -0.220005 -0.019145 1.00656 -0.239371 -0.032157 1.0083 -0.229184 -0.032684 1.0238 -0.213634 -0.043809 1.02221 -0.221099 -0.015807 1.01957 -0.215937 -0.006894 1.01817 -0.222842 -0.022625 1.02732 -0.211186 -0.006625 1.03589 -0.21709 -0.006952 1.03595 -0.216836 -0.028924 1.00293 -0.239783 -0.037346 1.00117 -0.233723 -0.047009 1.01502 -0.225639 -0.006878 1.03722 -0.216997 -0.013747 1.05421 -0.220321 -0.007157 1.03702 -0.216761 0.001972 1.04507 -0.231968 -0.006345 1.0361 -0.217326 0.000708 1.02366 -0.229258 -0.006221 1.03647 -0.217454 -0.006952 1.03595 -0.216836 -0.015807 1.01957 -0.215937 -0.006625 1.03589 -0.21709 -0.007203 1.03623 -0.216662 -0.007203 1.03623 -0.216662 -0.019145 1.00656 -0.239371 0.049646 1.01073 -0.198714 0.046517 0.998698 -0.199754 0.069403 1.00626 -0.193116 0.032701 1.01534 -0.204516 0.028262 1.0012 -0.20712 0.054118 1.02248 -0.19585 0.037429 1.03018 -0.202275 0.017714 1.0103 -0.212556 0.021248 1.02009 -0.210043 0.011084 1.02638 -0.217684 0.024351 1.03132 -0.209066 0.052716 1.01043 -0.202466 0.023213 1.02032 -0.21459 0.035399 1.01521 -0.208925 0.031 0.987732 -0.223498 0.026173 0.982869 -0.233715 0.039987 0.971868 -0.221433 0.022366 1.0006 -0.224494 0.015881 0.995536 -0.23709 0.037223 0.991646 -0.21279 0.029335 1.00626 -0.211578 0.006985 1.00762 -0.232502 0.012343 1.01062 -0.223533 -0.000492 1.02014 -0.220915 0.016727 1.01541 -0.214009 0.03443 0.989517 -0.226086 0.014795 1.0135 -0.226079 0.025804 1.00308 -0.227382 0.005561 1.06961 -0.252192 0.018391 1.06902 -0.253093 0.005365 1.07915 -0.266256 0.004545 1.0575 -0.241417 0.019612 1.05539 -0.242391 -0.007643 1.07245 -0.251447 -0.011351 1.05934 -0.24073 0.014997 1.04408 -0.236241 0.003919 1.04632 -0.235344 0.0026 1.03536 -0.231691 -0.00803 1.04703 -0.234853 0.005317 1.06872 -0.256954 0.003569 1.04422 -0.239652 0.004246 1.05596 -0.246251 -0.005649 0.998734 -0.238378 -0.019839 1.0036 -0.239493 -0.021157 0.988116 -0.244477 -0.00938 0.984928 -0.243251 0.002728 0.980147 -0.242907 0.009291 0.993908 -0.237577 -0.012182 1.01421 -0.233115 -0.002224 1.01 -0.232641 0.001106 1.02152 -0.223812 0.008948 1.0072 -0.231736 -0.001373 1.01189 -0.236663 -0.004947 1.00003 -0.243243 -0.008872 0.985604 -0.247864 0.237026 1.28633 0.028826 0.228629 1.2829 0.02541 0.237695 1.26783 0.037343 0.233103 1.27642 0.019756 0.241499 1.27985 0.023172 0.258133 1.31752 0.032888 0.253664 1.31158 0.039111 0.272049 1.30263 0.033317 0.252101 1.3049 0.032261 0.256571 1.31084 0.026038 0.272619 1.35019 0.017481 0.265817 1.34418 0.021236 0.273764 1.35627 0.037187 0.272511 1.33909 0.026313 0.279313 1.3451 0.022558 0.281932 1.34844 -0.011933 0.287006 1.35461 -0.005271 0.274177 1.36716 -0.019346 0.293124 1.35844 -0.012764 0.28805 1.35227 -0.019426 0.378357 1.28307 0.007 0.370223 1.28732 0.001712 0.363272 1.26715 0.010881 0.370442 1.27971 -0.005651 0.378576 1.27546 -0.000364 0.399005 1.3033 0.031013 0.394431 1.3 0.023783 0.377567 1.30843 0.039417 0.391149 1.29292 0.028592 0.395723 1.29621 0.035821 0.413066 1.32319 0.034048 0.404677 1.31773 0.035089 0.419154 1.31379 0.057397 0.409686 1.30905 0.03413 0.418075 1.31451 0.033088 0.432506 1.34627 0.025581 0.428703 1.33899 0.03074 0.449709 1.33924 0.033954 0.432993 1.33228 0.025217 0.436796 1.33955 0.020059 0.442932 1.35316 -0.005975 0.439399 1.35331 0.001949 0.443212 1.3712 -0.003284 0.446805 1.35597 0.005606 0.450338 1.35582 -0.002318 0.452602 1.3324 -0.031292 0.452792 1.33898 -0.025643 0.445175 1.34524 -0.041914 0.458754 1.34327 -0.030269 0.458563 1.33669 -0.035918 0.463692 1.31019 -0.039543 0.459782 1.31768 -0.04154 0.46554 1.30941 -0.057678 0.467207 1.32126 -0.044241 0.471116 1.31378 -0.042244 0.498331 1.29286 0.023268 0.491848 1.29054 0.019524 0.496309 1.27832 0.030739 0.495641 1.28476 0.015835 0.502124 1.28708 0.019579 0.51137 1.34218 0.022241 0.506453 1.3358 0.025474 0.510592 1.34792 0.039543 0.512984 1.33269 0.030263 0.517902 1.33906 0.02703 0.509415 1.34266 -0.003556 0.513486 1.34761 0.001787 0.503194 1.35768 -0.009504 0.518395 1.35068 -0.004223 0.514324 1.34573 -0.009568 0.521645 1.34185 -0.024785 0.527905 1.33971 -0.019174 0.533147 1.35493 -0.029303 0.533214 1.33708 -0.025514 0.526954 1.33923 -0.031125 -0.237026 1.28633 0.028826 -0.237695 1.26783 0.037343 -0.228629 1.2829 0.02541 -0.233103 1.27642 0.019756 -0.241499 1.27985 0.023172 -0.258133 1.31752 0.032888 -0.272049 1.30263 0.033317 -0.253664 1.31158 0.039111 -0.252101 1.3049 0.032261 -0.256571 1.31084 0.026038 -0.272619 1.35019 0.017481 -0.273764 1.35627 0.037187 -0.265817 1.34418 0.021236 -0.272511 1.33909 0.026313 -0.279313 1.3451 0.022558 -0.281932 1.34844 -0.011933 -0.274177 1.36716 -0.019346 -0.287006 1.35461 -0.005271 -0.293124 1.35844 -0.012764 -0.28805 1.35227 -0.019426 -0.378357 1.28307 0.007 -0.363272 1.26715 0.010881 -0.370223 1.28732 0.001712 -0.370442 1.27971 -0.005651 -0.378576 1.27546 -0.000364 -0.399005 1.3033 0.031013 -0.377567 1.30843 0.039417 -0.394431 1.3 0.023783 -0.391149 1.29292 0.028592 -0.395723 1.29621 0.035821 -0.413066 1.32319 0.034048 -0.419154 1.31379 0.057397 -0.404677 1.31773 0.035089 -0.409686 1.30905 0.03413 -0.418075 1.31451 0.033088 -0.432506 1.34627 0.025581 -0.449709 1.33924 0.033954 -0.428703 1.33899 0.03074 -0.432993 1.33228 0.025217 -0.436796 1.33955 0.020059 -0.442932 1.35316 -0.005975 -0.443212 1.3712 -0.003284 -0.439399 1.35331 0.001949 -0.446805 1.35597 0.005606 -0.450338 1.35582 -0.002318 -0.452602 1.3324 -0.031292 -0.445175 1.34524 -0.041914 -0.452792 1.33898 -0.025643 -0.458754 1.34327 -0.030269 -0.458563 1.33669 -0.035918 -0.463692 1.31019 -0.039543 -0.46554 1.30941 -0.057678 -0.459782 1.31768 -0.04154 -0.467207 1.32126 -0.044241 -0.471116 1.31378 -0.042244 -0.498331 1.29286 0.023268 -0.496309 1.27832 0.030739 -0.491848 1.29054 0.019524 -0.495641 1.28476 0.015835 -0.502124 1.28708 0.019579 -0.51137 1.34218 0.022241 -0.510592 1.34792 0.039543 -0.506453 1.3358 0.025474 -0.512984 1.33269 0.030263 -0.517902 1.33906 0.02703 -0.509415 1.34266 -0.003556 -0.503194 1.35768 -0.009504 -0.513486 1.34761 0.001787 -0.518395 1.35068 -0.004223 -0.514324 1.34573 -0.009568 -0.521645 1.34185 -0.024785 -0.533147 1.35493 -0.029303 -0.527905 1.33971 -0.019174 -0.533214 1.33708 -0.025514 -0.526954 1.33923 -0.031125 -0.566825 1.30131 -0.03377 -0.559224 1.29592 -0.049456 -0.559752 1.29645 -0.032494 -0.554435 1.30319 -0.03371 -0.605699 1.27894 -0.007536 -0.618692 1.29122 0.013799 -0.626901 1.2857 0.01032 -0.624651 1.29583 0.024974 -0.63389 1.29048 0.024978 -0.624551 1.3045 0.024975 -0.618671 1.29975 0.012002 -0.599355 1.28448 -0.002098 -0.580921 1.27929 -0.02335 -0.610769 1.28446 -0.01518 -0.577297 1.28528 -0.015721 -0.585768 1.2848 -0.031166 -0.54578 1.30442 -0.035959 -0.550358 1.31033 -0.043531 -0.58626 1.29337 -0.030264 -0.609167 1.29271 -0.015958 -0.554601 1.31743 -0.041297 -0.525091 1.33382 -0.03786 -0.531861 1.33887 -0.035554 -0.517265 1.35324 -0.009964 -0.509359 1.35016 -0.012368 -0.521801 1.32625 -0.032325 -0.547125 1.30824 -0.026837 -0.50803 1.34138 -0.011632 -0.59911 1.29258 -0.004659 -0.578696 1.29368 -0.016943 -0.551711 1.31543 -0.026847 -0.527487 1.32619 -0.024689 -0.50803 1.34138 -0.011632 -0.515967 1.33725 -0.007774 -0.50679 1.34084 0.005812 -0.515257 1.33546 0.007258 -0.522797 1.34162 -0.005969 -0.521779 1.3381 0.011008 -0.504129 1.33224 0.023802 -0.506929 1.34835 0.009299 -0.502898 1.33656 0.030447 -0.50996 1.33572 0.035294 -0.514641 1.34974 0.012959 -0.51276 1.32688 0.023255 -0.497591 1.31169 0.025905 -0.506661 1.30773 0.023315 -0.493306 1.29648 0.012879 -0.502186 1.29344 0.008902 -0.518482 1.3269 0.028551 -0.510677 1.30306 0.027688 -0.504552 1.28582 0.010679 -0.48656 1.29252 -0.011996 -0.487991 1.2905 0.018006 -0.479811 1.2856 -0.009841 -0.481537 1.27858 -0.013116 -0.491813 1.28306 0.019039 -0.46632 1.2933 -0.039622 -0.467282 1.29701 -0.032586 -0.475361 1.30254 -0.032058 -0.494247 1.29085 -0.018 -0.481315 1.30429 -0.039436 -0.468343 1.32004 -0.035063 -0.472456 1.32541 -0.04113 -0.461872 1.34189 -0.020608 -0.463238 1.35037 -0.023025 -0.479152 1.30005 -0.045847 -0.467634 1.32597 -0.047616 -0.456405 1.35371 -0.027526 -0.454263 1.34736 0.000269 -0.452627 1.33837 -0.023533 -0.446036 1.34372 -0.004567 -0.439649 1.34855 -0.007103 -0.447216 1.3429 -0.027808 -0.453196 1.35631 0.001363 -0.442537 1.34294 0.024274 -0.438839 1.35057 0.028175 -0.445625 1.35983 -0.002088 -0.43105 1.35386 0.02493 -0.422637 1.31791 0.038202 -0.436214 1.34018 0.017146 -0.419943 1.31855 0.028926 -0.412656 1.32265 0.027197 -0.429039 1.34456 0.015423 -0.397283 1.30147 0.022546 -0.403535 1.29626 0.024233 -0.402289 1.29148 0.032995 -0.415645 1.32253 0.04362 -0.393315 1.29443 0.037885 -0.385448 1.2745 0.009311 -0.3764 1.27711 0.014368 -0.388321 1.30016 0.034149 -0.373389 1.28453 0.012757 -0.36633 1.27365 -0.01347 -0.389236 1.28167 0.003154 -0.372191 1.28127 -0.017614 -0.369483 1.2885 -0.015657 -0.384489 1.28824 0.003173 -0.358162 1.27658 -0.007587 -0.357426 1.28455 -0.007113 -0.28289 1.35175 -0.020402 -0.294352 1.34172 -0.038561 -0.300255 1.35 -0.039669 -0.296695 1.33726 -0.03023 -0.287379 1.34527 -0.014269 -0.302844 1.34096 -0.025731 -0.293856 1.34803 -0.009294 -0.26918 1.34911 0.007991 -0.28722 1.36055 -0.019246 -0.270977 1.3569 0.013722 -0.277939 1.3565 0.019643 -0.294107 1.36144 -0.013526 -0.306338 1.35206 -0.03374 -0.258535 1.32572 0.040622 -0.252661 1.32861 0.034422 -0.239229 1.29021 0.03827 -0.235803 1.29657 0.033163 -0.253992 1.32505 0.025061 -0.240039 1.29768 0.023823 -0.275726 1.34172 0.009996 -0.261783 1.31818 0.024153 -0.265045 1.31986 0.039395 -0.283054 1.34999 0.021018 -0.297213 1.35566 -0.008743 -0.307503 1.34796 -0.027173 -0.320723 1.33426 -0.046916 -0.319506 1.33258 -0.039583 -0.362579 1.29007 -0.010912 -0.377048 1.28962 0.007503 -0.390085 1.30333 0.027026 -0.407118 1.32641 0.032181 -0.426346 1.3511 0.018981 -0.4392 1.35626 -0.006052 -0.448811 1.35026 -0.029837 -0.459647 1.32227 -0.048597 -0.455706 1.31759 -0.043119 -0.471943 1.29479 -0.046027 -0.488508 1.27739 -0.018256 -0.499674 1.28059 0.013933 -0.507499 1.30145 0.034155 -0.499717 1.30465 0.036671 -0.517337 1.33107 0.034485 -0.521684 1.3449 0.013887 -0.523645 1.34931 -0.00685 -0.535655 1.33815 -0.029208 -0.555249 1.31986 -0.033556 -0.582823 1.29761 -0.023722 -0.603626 1.29656 -0.011155 -0.631959 1.30009 0.004468 -0.624831 1.30405 0.007596 -0.641269 1.29757 0.024984 -0.6338 1.29153 0.005116 -0.624831 1.30405 0.007596 -0.603626 1.29656 -0.011155 -0.582823 1.29761 -0.023722 -0.533405 1.33206 -0.024259 -0.555249 1.31986 -0.033556 -0.535655 1.33815 -0.029208 -0.523645 1.34931 -0.00685 -0.521684 1.3449 0.013887 -0.517337 1.33107 0.034485 -0.507499 1.30145 0.034155 -0.499674 1.28059 0.013933 -0.494543 1.28325 -0.020503 -0.488508 1.27739 -0.018256 -0.471943 1.29479 -0.046027 -0.459647 1.32227 -0.048597 -0.448811 1.35026 -0.029837 -0.4392 1.35626 -0.006052 -0.426346 1.3511 0.018981 -0.408602 1.32635 0.039821 -0.407118 1.32641 0.032181 -0.390085 1.30333 0.027026 -0.377048 1.28962 0.007503 -0.362579 1.29007 -0.010912 -0.319506 1.33258 -0.039583 -0.313845 1.32652 -0.037053 -0.307503 1.34796 -0.027173 -0.297213 1.35566 -0.008743 -0.281833 1.34304 0.016056 -0.266472 1.3164 0.031341 -0.283054 1.34999 0.021018 -0.265045 1.31986 0.039395 -0.494153 1.30955 0.032947 -0.502898 1.33656 0.030447 -0.45923 1.3162 -0.036386 0.525091 1.33382 -0.03786 0.517265 1.35324 -0.009964 0.531861 1.33887 -0.035554 0.509359 1.35016 -0.012368 0.521801 1.32625 -0.032325 0.50803 1.34138 -0.011632 0.54578 1.30442 -0.035959 0.547125 1.30824 -0.026837 0.580921 1.27929 -0.02335 0.617046 1.29424 0.011967 0.577297 1.28528 -0.015721 0.62516 1.28877 0.008317 0.624651 1.29583 0.024974 0.63389 1.29048 0.024978 0.624551 1.3045 0.024975 0.616805 1.30265 0.00987 0.578696 1.29368 -0.016943 0.527487 1.32619 -0.024689 0.515967 1.33725 -0.007774 0.50679 1.34084 0.005812 0.515257 1.33546 0.007258 0.522797 1.34162 -0.005969 0.521779 1.3381 0.011008 0.504129 1.33224 0.023802 0.506929 1.34835 0.009299 0.502898 1.33656 0.030447 0.50996 1.33572 0.035294 0.514641 1.34974 0.012959 0.51276 1.32688 0.023255 0.497591 1.31169 0.025905 0.506661 1.30773 0.023315 0.493306 1.29648 0.012879 0.502186 1.29344 0.008902 0.518482 1.3269 0.028551 0.510677 1.30306 0.027688 0.504552 1.28582 0.010679 0.48656 1.29252 -0.011996 0.487991 1.2905 0.018006 0.479811 1.2856 -0.009841 0.481537 1.27858 -0.013116 0.491813 1.28306 0.019039 0.46632 1.2933 -0.039622 0.467282 1.29701 -0.032586 0.475361 1.30254 -0.032058 0.494247 1.29085 -0.018 0.481315 1.30429 -0.039436 0.468343 1.32004 -0.035063 0.472456 1.32541 -0.04113 0.461872 1.34189 -0.020608 0.463238 1.35037 -0.023025 0.479152 1.30005 -0.045847 0.467634 1.32597 -0.047616 0.456405 1.35371 -0.027526 0.454263 1.34736 0.000269 0.452627 1.33837 -0.023533 0.446036 1.34372 -0.004567 0.439649 1.34855 -0.007103 0.447216 1.3429 -0.027808 0.453196 1.35631 0.001363 0.442537 1.34294 0.024274 0.438839 1.35057 0.028175 0.445625 1.35983 -0.002088 0.43105 1.35386 0.02493 0.422637 1.31791 0.038202 0.436214 1.34018 0.017146 0.419943 1.31855 0.028926 0.412656 1.32265 0.027197 0.429039 1.34456 0.015423 0.397283 1.30147 0.022546 0.403535 1.29626 0.024233 0.402289 1.29148 0.032995 0.415645 1.32253 0.04362 0.393315 1.29443 0.037885 0.385448 1.2745 0.009311 0.3764 1.27711 0.014368 0.388321 1.30016 0.034149 0.373389 1.28453 0.012757 0.36633 1.27365 -0.01347 0.389236 1.28167 0.003154 0.372191 1.28127 -0.017614 0.369483 1.2885 -0.015657 0.384489 1.28824 0.003173 0.358162 1.27658 -0.007587 0.357426 1.28455 -0.007113 0.28289 1.35175 -0.020402 0.294352 1.34172 -0.038561 0.296695 1.33726 -0.03023 0.300255 1.35 -0.039669 0.287379 1.34527 -0.014269 0.302844 1.34096 -0.025731 0.293856 1.34803 -0.009294 0.26918 1.34911 0.007991 0.28722 1.36055 -0.019246 0.270977 1.3569 0.013722 0.277939 1.3565 0.019643 0.294107 1.36144 -0.013526 0.306338 1.35206 -0.03374 0.258535 1.32572 0.040622 0.252661 1.32861 0.034422 0.239229 1.29021 0.03827 0.235803 1.29657 0.033163 0.253992 1.32505 0.025061 0.240039 1.29768 0.023823 0.275726 1.34172 0.009996 0.261783 1.31818 0.024153 0.265045 1.31986 0.039395 0.283054 1.34999 0.021018 0.297213 1.35566 -0.008743 0.307503 1.34796 -0.027173 0.320723 1.33426 -0.046916 0.319506 1.33258 -0.039583 0.362579 1.29007 -0.010912 0.377048 1.28962 0.007503 0.390085 1.30333 0.027026 0.407118 1.32641 0.032181 0.426346 1.3511 0.018981 0.4392 1.35626 -0.006052 0.448811 1.35026 -0.029837 0.459647 1.32227 -0.048597 0.455706 1.31759 -0.043119 0.471943 1.29479 -0.046027 0.488508 1.27739 -0.018256 0.499674 1.28059 0.013933 0.507499 1.30145 0.034155 0.499717 1.30465 0.036671 0.517337 1.33107 0.034485 0.521684 1.3449 0.013887 0.523645 1.34931 -0.00685 0.535655 1.33815 -0.029208 0.554601 1.31743 -0.041297 0.555249 1.31986 -0.033556 0.58626 1.29337 -0.030264 0.550358 1.31033 -0.043531 0.582823 1.29761 -0.023722 0.622667 1.30689 0.005063 0.62969 1.303 0.001773 0.631114 1.30957 0.02498 0.638926 1.30627 0.024984 0.641269 1.29757 0.024984 0.631706 1.29454 0.002627 0.585768 1.2848 -0.031166 0.50803 1.34138 -0.011632 0.55171 1.31543 -0.026847 0.533405 1.33206 -0.024259 0.582823 1.29761 -0.023722 0.622667 1.30689 0.005063 0.631114 1.30957 0.02498 0.555249 1.31986 -0.033556 0.535655 1.33815 -0.029208 0.523645 1.34931 -0.00685 0.521684 1.3449 0.013887 0.517337 1.33107 0.034485 0.507499 1.30145 0.034155 0.499674 1.28059 0.013933 0.494543 1.28325 -0.020503 0.481315 1.30429 -0.039436 0.488508 1.27739 -0.018256 0.471943 1.29479 -0.046027 0.459647 1.32227 -0.048597 0.448811 1.35026 -0.029837 0.4392 1.35626 -0.006052 0.426346 1.3511 0.018981 0.408602 1.32635 0.039821 0.407118 1.32641 0.032181 0.390085 1.30333 0.027026 0.377048 1.28962 0.007503 0.362579 1.29007 -0.010912 0.313845 1.32652 -0.037053 0.319506 1.33258 -0.039583 0.307503 1.34796 -0.027173 0.297213 1.35566 -0.008743 0.281833 1.34304 0.016056 0.266472 1.3164 0.031341 0.283054 1.34999 0.021018 0.265045 1.31986 0.039395 0.494153 1.30955 0.032947 0.45923 1.3162 -0.036386 0.065149 1.35292 0.021432 0.071985 1.36023 -0.012391 0.078894 1.36331 -0.009003 0.058867 1.35059 0.01643 0.079817 1.37315 -0.009707 0.064384 1.3623 0.024231 0.05589 1.36712 0.020095 0.071526 1.37678 -0.015001 0.037509 1.34661 0.051979 0.046118 1.34134 0.055398 0.033155 1.34328 0.045225 0.050754 1.36282 0.015026 0.065533 1.37146 -0.017898 0.023895 1.32498 0.072009 0.032702 1.31978 0.074943 0.011085 1.30679 0.092725 0.020219 1.30226 0.095366 0.004462 1.29116 0.107141 0.013758 1.28663 0.109674 -0.001226 1.26503 0.121359 0.008197 1.26015 0.123084 -0.01065 1.23571 0.123597 -0.001723 1.23123 0.124705 0.035199 1.31183 0.068431 0.048046 1.33281 0.049947 0.042409 1.33131 0.043638 0.029702 1.31049 0.061568 -0.012524 1.23794 0.11553 -0.004261 1.26484 0.113191 0.00059 1.28843 0.099629 0.006941 1.30354 0.085436 0.019805 1.32207 0.064652 0.003164 1.22919 0.115421 -0.001762 1.23413 0.111484 0.008708 1.23546 0.111364 0.005041 1.25398 0.108917 -0.005501 1.25293 0.10874 0.012384 1.23522 0.103589 0.005553 1.24961 0.093885 0.009341 1.25219 0.101331 0.008305 1.23356 0.095957 -0.000161 1.26121 0.106538 -0.007932 1.23727 0.108421 0.003852 1.28241 0.094219 0.009961 1.29687 0.080266 0.022438 1.31527 0.059649 0.035396 1.33617 0.041271 0.05209 1.35514 0.013307 0.065735 1.36386 -0.016702 -0.066256 1.36253 0.020836 -0.072413 1.37704 -0.014169 -0.081346 1.37202 -0.01246 -0.07924 1.36225 -0.012064 -0.056784 1.36718 0.020586 -0.064913 1.37267 -0.01489 -0.049957 1.36277 0.017901 -0.048056 1.34236 0.052771 -0.065829 1.35314 0.017867 -0.048858 1.33386 0.047107 -0.041502 1.33142 0.043316 -0.057983 1.35069 0.015706 -0.071093 1.36027 -0.012832 -0.038225 1.34634 0.052931 -0.032609 1.32099 0.077569 -0.023964 1.32416 0.076191 -0.032073 1.34223 0.048293 -0.018349 1.3205 0.070424 -0.019506 1.30318 0.093794 -0.034185 1.3133 0.07047 -0.022406 1.29671 0.088986 -0.018716 1.29315 0.08182 -0.028541 1.31061 0.06411 -0.007955 1.27323 0.090272 -0.012049 1.27617 0.097257 -0.008304 1.28043 0.104992 -0.011067 1.30518 0.090014 -0.00173 1.28219 0.102447 -0.005501 1.25293 0.10874 0.005041 1.25398 0.108917 0.004893 1.27828 0.093892 0.009341 1.25219 0.101331 -0.020375 1.3141 0.064739 -0.033505 1.33521 0.043832 -0.006672 1.30171 0.084443 0.005553 1.24961 0.093885 0.0012 1.26629 0.093024 -0.05042 1.35506 0.015765 -0.064259 1.36497 -0.014096 -0.069969 1.35848 -0.0392 -0.071921 1.36524 -0.042731 -0.080093 1.36894 -0.0431 -0.008235 1.2956 0.082038 0.007643 1.25707 0.107278 -0.000719 1.23248 0.108418 -0.007932 1.23727 0.108421 -0.000161 1.26121 0.106538 0.011562 1.27823 0.095776 0.003852 1.28241 0.094219 0.017697 1.29268 0.082033 0.009961 1.29687 0.080266 0.022438 1.31527 0.059649 0.012428 1.25556 0.114427 0.016956 1.2795 0.102537 0.023227 1.29457 0.088853 0.035396 1.33617 0.041271 0.05209 1.35514 0.013307 0.065735 1.36386 -0.016702 -0.064259 1.36497 -0.014096 -0.076043 1.35438 -0.035514 -0.05042 1.35506 0.015765 -0.069969 1.35848 -0.0392 -0.033505 1.33521 0.043832 -0.020375 1.3141 0.064739 -0.008235 1.2956 0.082038 0.0012 1.26629 0.093024 -0.003229 1.24857 0.093083 0.005553 1.24961 0.093885 -0.009219 1.24979 0.099316 -0.631114 1.30957 0.02498 -0.637258 1.30392 0.188188 -0.632973 1.30735 0.188188 -0.638926 1.30627 0.024984 -0.636303 1.30305 0.414739 -0.632973 1.30571 0.414739 -0.641269 1.29757 0.024984 -0.63946 1.29831 0.188188 -0.632973 1.29268 0.188188 -0.63389 1.29048 0.024978 -0.627875 1.29692 0.188188 -0.624651 1.29583 0.024974 -0.629012 1.29761 0.414739 -0.632973 1.29431 0.414739 -0.624551 1.3045 0.024975 -0.62761 1.30284 0.188188 -0.632973 1.30735 0.188188 -0.631114 1.30957 0.02498 -0.628806 1.30221 0.414739 -0.632973 1.30571 0.414739 -0.638013 1.29869 0.414739 -0.632973 1.29546 0.673577 -0.629811 1.29809 0.673577 -0.629647 1.30177 0.673577 -0.632973 1.30456 0.673577 -0.632973 1.30128 0.837127 -0.632048 1.3005 0.837127 -0.632093 1.29948 0.837127 -0.636997 1.29895 0.673577 -0.632973 1.29875 0.837127 -0.634093 1.29972 0.837127 -0.635631 1.30244 0.673577 -0.632973 1.30456 0.673577 -0.633713 1.30069 0.837127 -0.632973 1.30001 0.856122 -0.632973 1.30128 0.837127 -0.632973 1.30001 0.856122 0.631114 1.30957 0.02498 0.624183 1.30397 0.093321 0.63171 1.30892 0.093323 0.624551 1.3045 0.024975 0.624651 1.29583 0.024974 0.633165 1.29112 0.093322 0.624141 1.29577 0.09332 0.63389 1.29048 0.024978 0.641217 1.29758 0.093324 0.641269 1.29757 0.024984 0.638926 1.30627 0.024984 0.63171 1.30892 0.093323 0.639026 1.30552 0.093326 0.631114 1.30957 0.02498 0.639144 1.30469 0.337043 0.63914 1.30469 0.24894 0.632366 1.3082 0.248938 0.632366 1.3082 0.337043 0.641143 1.29756 0.337043 0.641152 1.29758 0.248937 0.632366 1.29182 0.337043 0.641143 1.29756 0.419868 0.632366 1.29182 0.419868 0.623584 1.29569 0.337043 0.623582 1.29569 0.248939 0.632366 1.29182 0.248938 0.623778 1.30339 0.337043 0.623779 1.30339 0.248939 0.632366 1.3082 0.337043 0.623778 1.30339 0.419868 0.632366 1.3082 0.419868 0.641143 1.29756 0.505742 0.639144 1.30469 0.419868 0.639143 1.30469 0.505742 0.632366 1.3082 0.419868 0.632366 1.29182 0.505742 0.641143 1.29756 0.587573 0.632366 1.29182 0.587573 0.632366 1.3082 0.505742 0.623584 1.29569 0.505742 0.623584 1.29569 0.419868 0.623778 1.30339 0.505742 0.632366 1.3082 0.505742 0.623778 1.30339 0.587573 0.632366 1.3082 0.587573 0.639143 1.30469 0.674371 0.639143 1.30469 0.587573 0.632366 1.3082 0.587573 0.632366 1.3082 0.674371 0.641143 1.29756 0.674371 0.632366 1.29182 0.674371 0.641138 1.29755 0.760151 0.632366 1.29182 0.760149 0.623583 1.29569 0.674371 0.623584 1.29569 0.587573 0.623778 1.30339 0.674371 0.632366 1.3082 0.674371 0.623779 1.30339 0.760153 0.632366 1.3082 0.760149 0.641134 1.29754 0.843643 0.639144 1.30469 0.760152 0.639145 1.30469 0.843643 0.632366 1.3082 0.760149 0.632366 1.3082 0.843637 0.632366 1.29182 0.843637 0.640655 1.2976 0.926208 0.632366 1.29241 0.926191 0.623585 1.29569 0.843643 0.623584 1.29569 0.760152 0.623779 1.30339 0.843645 0.632366 1.3082 0.843637 0.624166 1.30323 0.926215 0.632366 1.30761 0.926191 0.638533 1.30414 1.01135 0.638844 1.30442 0.926208 0.632366 1.30761 0.926191 0.64016 1.29766 1.01135 0.632366 1.307 1.01132 0.624286 1.29613 1.01135 0.624566 1.30306 1.01136 0.62393 1.29591 0.92621 0.632366 1.29303 1.01132 0.637983 1.29793 1.0866 0.632366 1.29522 1.08597 0.637049 1.30303 1.08676 0.632366 1.3048 1.08597 0.632366 1.30258 1.13157 0.63555 1.3019 1.13145 0.635784 1.29819 1.13147 0.626023 1.29705 1.08686 0.632366 1.29744 1.13157 0.627779 1.29797 1.13143 0.626492 1.30232 1.08696 0.628438 1.30158 1.13142 0.632366 1.30001 1.16723 0.632366 1.30001 1.16723 0.632366 1.30258 1.13157 0.632366 1.3048 1.08597 0.632366 1.307 1.01132 -0.635887 1.29687 0.1079 -0.632753 1.29367 0.115578 -0.650607 1.28244 0.115578 -0.635887 1.29687 0.123256 -0.639021 1.30006 0.115578 -0.629885 1.30275 0.125643 -0.633014 1.30595 0.133321 -0.615147 1.31716 0.133321 -0.629885 1.30275 0.140999 -0.626755 1.29955 0.133321 -0.626151 1.30075 0.086153 -0.629258 1.29752 0.093831 -0.61442 1.28322 0.086153 -0.632365 1.2943 0.086153 -0.638625 1.30032 0.070463 -0.635465 1.30349 0.078141 -0.650067 1.31804 0.070463 0.635584 1.30358 0.839021 0.632454 1.30678 0.846699 0.650322 1.31799 0.846699 0.635584 1.30358 0.854377 0.638714 1.30038 0.846699 0.629159 1.30349 0.326694 0.625999 1.30032 0.334372 0.614557 1.31804 0.334372 0.629159 1.30349 0.34205 0.632319 1.30666 0.334372 0.007529 1.29116 0.103456 0.00437 1.28317 0.107943 0.019965 1.29169 0.119596 0.012689 1.27846 0.10632 0.015848 1.28645 0.101833 -0.023573 1.30325 0.077777 -0.020827 1.29578 0.083317 -0.028432 1.31375 0.09968 -0.013519 1.30082 0.087212 -0.016265 1.30828 0.081673 0.017364 1.31127 0.08037 0.024115 1.30431 0.080348 0.032305 1.32159 0.089632 0.029678 1.30915 0.074055 0.022927 1.31611 0.074077 -0.054713 1.40862 -0.007668 -0.052782 1.42186 -0.003814 -0.035318 1.42885 -0.037523 -0.048834 1.3969 -0.039794 -0.051164 1.42354 0.049721 -0.055807 1.42204 0.02154 -0.052957 1.41065 0.045957 -0.056825 1.40894 0.021225 -0.052957 1.41065 0.045957 -0.04232 1.41363 0.057119 -0.041949 1.42644 0.060458 -0.04232 1.41363 0.057119 -0.033601 1.41484 0.055524 -0.04272 1.43535 0.051698 -0.054713 1.40862 -0.007668 -0.056825 1.40894 0.021225 -0.052782 1.42186 -0.003814 -0.055807 1.42204 0.02154 -0.05567 1.38764 0.016415 -0.056825 1.40894 0.021225 -0.054713 1.40862 -0.007668 -0.054769 1.38872 -0.010437 -0.051408 1.36782 -0.013353 -0.05567 1.38764 0.016415 -0.048834 1.3969 -0.039794 -0.052721 1.36397 0.014326 -0.039769 1.36198 -0.012106 -0.041931 1.36466 0.016289 -0.033136 1.37684 0.023695 -0.041735 1.37528 0.035071 -0.043172 1.37191 -0.029558 -0.0373 1.36304 -0.02485 -0.056825 1.40894 0.021225 -0.052341 1.38828 0.035438 -0.052957 1.41065 0.045957 -0.04232 1.41363 0.057119 -0.03216 1.392 0.041808 -0.033601 1.41484 0.055524 -0.054769 1.38872 -0.010437 -0.054713 1.40862 -0.007668 0.054713 1.40862 -0.007668 0.035318 1.42885 -0.037523 0.05277 1.42186 -0.003814 0.048834 1.3969 -0.039807 0.051164 1.42354 0.049721 0.052957 1.41065 0.045957 0.055807 1.42204 0.02154 0.056825 1.40894 0.021225 0.04232 1.41363 0.057119 0.052957 1.41065 0.045957 0.041949 1.42644 0.060458 0.04232 1.41363 0.057119 0.033601 1.41484 0.055524 0.04272 1.43535 0.051698 0.054713 1.40862 -0.007668 0.05277 1.42186 -0.003814 0.056825 1.40894 0.021225 0.055807 1.42204 0.02154 0.05567 1.38764 0.016415 0.054713 1.40862 -0.007668 0.056825 1.40894 0.021225 0.054769 1.38872 -0.010437 0.051408 1.36782 -0.013353 0.05567 1.38764 0.016415 0.048834 1.3969 -0.039807 0.052721 1.36397 0.014326 0.041931 1.36466 0.016289 0.041735 1.37528 0.035071 0.033136 1.37684 0.023695 0.039769 1.36198 -0.012106 0.037218 1.36229 -0.025057 0.043172 1.37191 -0.029558 0.056825 1.40894 0.021225 0.052341 1.38828 0.035438 0.052957 1.41065 0.045957 0.04232 1.41363 0.057119 0.03216 1.392 0.041808 0.042095 1.3907 0.047957 0.039769 1.36198 -0.012106 0.027884 1.36629 -0.010859 0.054769 1.38872 -0.010437 0.054713 1.40862 -0.007668 0 1.06164 -0.24051 0.044222 1.10213 -0.233473 0.03289 1.06388 -0.2301 0.007051 1.02901 -0.221203 0 1.02853 -0.225697 0.040459 1.06323 -0.211301 0.055861 1.1025 -0.205811 0.009032 1.02948 -0.214926 0.021369 1.43173 -0.056361 0.033722 1.42209 -0.052181 0.035354 1.42165 -0.079051 0 1.43154 -0.065679 0 1.4249 -0.082942 0.035318 1.42885 -0.037523 0.048834 1.3969 -0.039807 0.017883 1.06369 -0.199104 0.055861 1.1025 -0.205811 0.03012 1.10309 -0.187633 0.000173 1.06415 -0.194103 0 1.10364 -0.182308 0 1.02979 -0.208733 0.004513 1.02963 -0.211598 0.040459 1.06323 -0.211301 0.009032 1.02948 -0.214926 0.022107 0.989144 -0.22803 0 0.989106 -0.236041 0.012385 1.01677 -0.223228 0 1.01661 -0.229154 0.015856 1.01693 -0.214402 0.029314 0.989182 -0.216003 0.02968 0.940289 -0.237482 0 0.654978 -0.23879 0.010332 0.69789 -0.254013 0.014612 0.697732 -0.245635 0.012385 1.01677 -0.223228 0 1.01661 -0.229154 0.007051 1.02901 -0.221203 0 1.02853 -0.225697 0.009032 1.02948 -0.214926 0.015856 1.01693 -0.214402 0.007915 1.01698 -0.209608 0.004513 1.02963 -0.211598 0 1.01704 -0.204814 0 1.02979 -0.208733 0.007915 1.01698 -0.209608 0.015219 0.989188 -0.20783 0.015856 1.01693 -0.214402 0.029314 0.989182 -0.216003 0.023376 0.93999 -0.208305 0.042386 0.940613 -0.222235 0 0.654978 -0.23879 0.008527 0.697412 -0.238504 0 0.695634 -0.237957 -0.044222 1.10213 -0.233473 0 1.1008 -0.251157 -0.007051 1.02901 -0.221203 -0.03289 1.06388 -0.2301 -0.040459 1.06323 -0.211301 -0.009032 1.02948 -0.214926 -0.021296 1.43173 -0.056361 -0.033722 1.42209 -0.052181 -0.035318 1.42885 -0.037523 -0.017883 1.06369 -0.19783 0 1.10364 -0.182308 -0.03012 1.10309 -0.187633 0.000173 1.06415 -0.194103 0 1.02979 -0.208733 -0.055861 1.1025 -0.205811 -0.040459 1.06323 -0.211301 -0.004513 1.02963 -0.211598 -0.009032 1.02948 -0.214926 0 1.01661 -0.229154 -0.012385 1.01677 -0.223228 -0.022107 0.989144 -0.22803 -0.015856 1.01693 -0.214402 -0.029314 0.989182 -0.216003 -0.042386 0.940613 -0.222235 -0.014612 0.697732 -0.245635 -0.010332 0.69789 -0.254013 0 1.01661 -0.229154 -0.007051 1.02901 -0.221203 -0.012385 1.01677 -0.223228 -0.009032 1.02948 -0.214926 -0.015856 1.01693 -0.214402 -0.007915 1.01698 -0.209608 -0.004513 1.02963 -0.211598 -0.007915 1.01698 -0.209608 0 0.989193 -0.201689 0 1.01704 -0.204814 -0.015856 1.01693 -0.214402 -0.015219 0.989188 -0.20783 -0.029314 0.989182 -0.216003 -0.023376 0.93999 -0.208305 -0.008527 0.697412 -0.238504 -0.033601 1.41484 0.055524 -0.039178 1.43535 0.012762 -0.04272 1.43535 0.051698 -0.039178 1.43535 0.012762 -0.023852 1.41484 -0.013501 -0.022913 1.43535 -0.015511 0.039178 1.43535 0.012762 0.033601 1.41484 0.055524 0.04272 1.43535 0.051698 -0.039769 1.36198 -0.012106 -0.0373 1.36304 -0.02485 -0.027884 1.36629 -0.010859 -0.039769 1.36198 -0.012106 -0.027884 1.36629 -0.010859 0.24589 0.538445 -0.105316 0.135913 0.509456 -0.134672 0.270566 0.435952 -0.100053 0.171859 0.406415 -0.12428 0.339046 0.563065 -0.080369 0.35602 0.461523 -0.074647 0.116797 0.614533 -0.135585 0.310256 0.658431 -0.092306 0.220342 0.638517 -0.111939 0 0.51453 -0.13561 0.116797 0.614533 -0.135585 0 0.614533 -0.143154 0.12303 0.51453 -0.12741 0.111253 0.407249 -0.121585 0 0.407249 -0.127518 -0.116797 0.614533 -0.135585 -0.12303 0.51453 -0.12741 -0.111253 0.40725 -0.121585 0 0.205818 -0.085833 0.075016 0.32537 -0.111468 0 0.32537 -0.116736 0 0.407249 -0.127518 0.111253 0.407249 -0.121585 -0.075016 0.32537 -0.111468 -0.111253 0.40725 -0.121585 0.171859 0.406415 -0.12428 0.22731 0.315279 -0.09757 0.270566 0.435952 -0.100053 0.287064 0.338908 -0.082565 0.347132 0.358177 -0.069074 0.35602 0.461523 -0.074647 0.304614 0.227923 -0.05489 0.116797 0.614533 -0.135585 0 0.71198 -0.144868 0 0.614533 -0.143154 0.220342 0.638517 -0.111939 0.104448 0.71392 -0.136287 0.19631 0.734153 -0.116432 0.275822 0.753411 -0.09485 0.310256 0.658431 -0.092306 0.246361 0.848256 -0.097413 0.172101 0.830491 -0.120959 0.217363 0.935509 -0.099728 0.150235 0.917509 -0.125047 0.176892 1.05951 -0.101684 0.120639 1.04555 -0.123684 0.080772 0.904468 -0.137633 0.064988 1.03608 -0.133387 0 1.02889 -0.145463 0.092008 0.814037 -0.136994 0 0.810143 -0.146595 0.275822 0.753411 -0.09485 0.353391 0.777316 -0.067416 0.386416 0.689084 -0.063804 0.317619 0.870072 -0.071055 0.246361 0.848256 -0.097413 0.217363 0.935509 -0.099728 0.275267 1.10592 -0.049706 0.333549 0.985551 -0.049227 0.382924 0.8958 -0.044809 0.431195 0.808057 -0.040491 0.477477 0.72393 -0.03635 0.476295 0.516512 -0.04339 0.431624 0.601481 -0.057019 0.39619 0.479049 -0.069811 0.350652 0.566469 -0.084454 0.386416 0.689084 -0.063804 0.310256 0.658431 -0.092306 0.477477 0.72393 -0.03635 0.519242 0.635916 -0.029452 0.550802 0.54547 -0.020419 0.476295 0.516512 -0.04339 0.39619 0.479049 -0.069811 0.571181 0.441102 -0.003003 0.550802 0.54547 -0.020419 0.130929 1.31601 -0.061389 0.102889 1.29666 -0.074857 0.077662 1.29857 -0.083027 0.038576 1.29784 -0.092715 0.042839 1.25929 -0.101239 0 1.29748 -0.094527 0 1.254 -0.105103 0.046848 1.20687 -0.107326 0 1.20124 -0.113119 0.054075 1.13173 -0.119228 0 1.12548 -0.1285 0.064988 1.03608 -0.133387 0 1.02889 -0.145463 0.120639 1.04555 -0.123684 0.083932 1.26664 -0.089368 0.144759 1.28072 -0.063976 0.177877 1.2858 -0.049809 0.19687 1.29061 -0.041053 0.169396 1.31778 -0.049602 0.175403 1.34543 -0.035326 0.102889 1.29666 -0.074857 0.130929 1.31601 -0.061389 0 1.31961 -0.087722 0.12303 0.51453 -0.12741 0 0.608254 -0.194206 0.116797 0.614533 -0.135585 0 0.512849 -0.185884 0.111253 0.407249 -0.121585 0 0.410501 -0.172341 0.075016 0.32537 -0.111468 0 0.32537 -0.148345 0 0.205818 -0.085833 0 0.701342 -0.192427 0.108689 0.708284 -0.145187 0.226807 0.646758 -0.165799 0.255912 0.547544 -0.160172 0.135913 0.509456 -0.134672 0.27797 0.444466 -0.142902 0.339046 0.563065 -0.080369 0.35602 0.461523 -0.074647 0.171859 0.406415 -0.12428 0.347132 0.358177 -0.069074 0.293498 0.341134 -0.110905 0.22731 0.315279 -0.09757 0.304614 0.227923 -0.05489 0.310256 0.658431 -0.092306 0.206655 0.735827 -0.163392 0.281479 0.747777 -0.107106 0.100232 0.806065 -0.155202 0 0.79843 -0.190572 0.185637 0.828724 -0.160882 0.252487 0.846409 -0.118169 0.164019 0.924274 -0.1583 0.135704 1.04834 -0.143105 0.078171 1.03553 -0.161444 0.091533 0.906638 -0.165504 0 1.02686 -0.172068 0 0.898291 -0.188664 0.342179 0.875737 -0.096999 0.38393 0.786374 -0.099307 0.423453 0.700457 -0.095536 0.350652 0.566469 -0.084454 0.468462 0.612799 -0.08479 0.39619 0.479049 -0.069811 0.50696 0.527084 -0.062524 0.467911 0.387606 -0.032019 0.542512 0.428198 -0.032034 0.333275 0.986049 -0.049251 0.342179 0.875737 -0.096999 0.382924 0.8958 -0.044809 0.38393 0.786374 -0.099307 0.431195 0.808057 -0.040491 0.423453 0.700457 -0.095536 0.477477 0.72393 -0.03635 0.468462 0.612799 -0.08479 0.519242 0.635916 -0.029452 0.50696 0.527084 -0.062524 0.550802 0.54547 -0.020419 0.130436 1.33306 -0.075221 0.144294 1.32432 -0.079813 0.104275 1.30758 -0.09477 0.123975 1.29662 -0.102195 0.072105 1.31033 -0.104135 0.078171 1.03553 -0.161444 0 1.12351 -0.153375 0 1.02686 -0.172068 0.036958 1.32129 -0.112751 0.038978 1.29687 -0.119825 0 1.29685 -0.121871 0 1.25298 -0.130065 0 1.19565 -0.139572 0.175403 1.34543 -0.035326 0.162581 1.35651 -0.050358 0.144294 1.32432 -0.079813 0.177196 1.32275 -0.063054 0.175403 1.34543 -0.035326 0.19687 1.29061 -0.041053 0.187864 1.28896 -0.065864 0.15073 1.28612 -0.08179 -0.24589 0.538445 -0.105316 -0.270566 0.435952 -0.100053 -0.135913 0.509457 -0.134672 -0.171859 0.406415 -0.12428 -0.339046 0.563065 -0.080369 -0.35602 0.461523 -0.074647 -0.116797 0.614533 -0.135585 -0.310256 0.658431 -0.092306 -0.220342 0.638517 -0.111939 -0.171859 0.406415 -0.12428 -0.270566 0.435952 -0.100053 -0.22731 0.31528 -0.09757 -0.287064 0.338908 -0.082565 -0.347132 0.358177 -0.069074 -0.35602 0.461523 -0.074647 -0.304614 0.227924 -0.05489 -0.116797 0.614533 -0.135585 0 0.71198 -0.144868 -0.104448 0.71392 -0.136287 -0.220342 0.638517 -0.111939 -0.19631 0.734153 -0.116432 -0.275822 0.753411 -0.09485 -0.310256 0.658431 -0.092306 -0.246361 0.848256 -0.097413 -0.172101 0.830491 -0.120959 -0.217363 0.935509 -0.099728 -0.150235 0.917509 -0.125047 -0.176892 1.05951 -0.101684 -0.120639 1.04555 -0.123684 -0.080772 0.904468 -0.137633 -0.064988 1.03608 -0.133387 0 1.02889 -0.145463 -0.092008 0.814037 -0.136994 0 0.810143 -0.146595 -0.275822 0.753411 -0.09485 -0.353391 0.777316 -0.067416 -0.317619 0.870072 -0.071055 -0.246361 0.848256 -0.097413 -0.217363 0.935509 -0.099728 -0.275267 1.10592 -0.049706 -0.333549 0.985551 -0.049227 -0.382924 0.8958 -0.044809 -0.431195 0.808057 -0.040491 -0.386416 0.689084 -0.063804 -0.477477 0.72393 -0.03635 -0.476295 0.516512 -0.04339 -0.39619 0.479049 -0.069811 -0.431624 0.601481 -0.057019 -0.350652 0.566469 -0.084454 -0.386416 0.689084 -0.063804 -0.310256 0.658431 -0.092306 -0.477477 0.72393 -0.03635 -0.519242 0.635916 -0.029452 -0.550802 0.545471 -0.020419 -0.476295 0.516512 -0.04339 -0.39619 0.479049 -0.069811 -0.571181 0.441102 -0.003003 -0.550802 0.545471 -0.020419 -0.130929 1.31601 -0.061389 -0.102889 1.29666 -0.074857 -0.077662 1.29857 -0.083027 -0.038576 1.29784 -0.092715 -0.042839 1.25929 -0.101239 0 1.254 -0.105103 0 1.29748 -0.094527 -0.046848 1.20687 -0.107326 0 1.20124 -0.113119 -0.054075 1.13173 -0.119228 0 1.12548 -0.1285 -0.064988 1.03608 -0.133387 0 1.02889 -0.145463 -0.120639 1.04555 -0.123684 -0.083932 1.26664 -0.089368 -0.144759 1.28072 -0.063976 -0.177877 1.2858 -0.049809 -0.19687 1.29061 -0.041053 -0.169396 1.31778 -0.049602 -0.175403 1.34543 -0.035326 -0.102889 1.29666 -0.074857 -0.130929 1.31601 -0.061389 0 1.31961 -0.087722 -0.12303 0.51453 -0.12741 0 0.608254 -0.194206 0 0.512849 -0.185884 -0.116797 0.614533 -0.135585 -0.111253 0.40725 -0.121585 0 0.410501 -0.172341 -0.075016 0.32537 -0.111468 0 0.32537 -0.148345 0 0.205818 -0.085833 0 0.701342 -0.192427 -0.226807 0.646758 -0.165799 -0.108689 0.708285 -0.145187 -0.255912 0.547544 -0.160172 -0.135913 0.509457 -0.134672 -0.27797 0.444466 -0.142902 -0.339046 0.563065 -0.080369 -0.35602 0.461523 -0.074647 -0.171859 0.406415 -0.12428 -0.347132 0.358177 -0.069074 -0.293498 0.341135 -0.110905 -0.22731 0.31528 -0.09757 -0.304614 0.227924 -0.05489 -0.310256 0.658431 -0.092306 -0.206655 0.735827 -0.163392 -0.281479 0.747777 -0.107106 -0.252487 0.846409 -0.118169 -0.185637 0.828724 -0.160882 -0.100232 0.806065 -0.155202 0 0.79843 -0.190572 -0.164019 0.924274 -0.1583 -0.135704 1.04834 -0.143105 -0.078171 1.03553 -0.161444 -0.091533 0.906638 -0.165504 0 1.02686 -0.172068 0 0.898291 -0.188664 -0.342179 0.875737 -0.096999 -0.38393 0.786374 -0.099307 -0.423453 0.700458 -0.095536 -0.350652 0.566469 -0.084454 -0.468462 0.612799 -0.08479 -0.39619 0.479049 -0.069811 -0.50696 0.527084 -0.062524 -0.467911 0.387607 -0.032019 -0.542512 0.428199 -0.032034 -0.333275 0.986049 -0.049251 -0.342179 0.875737 -0.096999 -0.382924 0.8958 -0.044809 -0.38393 0.786374 -0.099307 -0.431195 0.808057 -0.040491 -0.423453 0.700458 -0.095536 -0.477477 0.72393 -0.03635 -0.468462 0.612799 -0.08479 -0.519242 0.635916 -0.029452 -0.50696 0.527084 -0.062524 -0.550802 0.545471 -0.020419 -0.130436 1.33306 -0.075221 -0.144294 1.32432 -0.079813 -0.104275 1.30758 -0.09477 -0.123975 1.29662 -0.102195 -0.072105 1.31033 -0.104135 -0.078171 1.03553 -0.161444 0 1.12351 -0.153375 0 1.02686 -0.172068 -0.036958 1.32129 -0.112751 0 1.29685 -0.121871 -0.038978 1.29687 -0.119825 0 1.25298 -0.130065 0 1.19565 -0.139572 -0.175403 1.34543 -0.035326 -0.162581 1.35651 -0.050358 -0.144294 1.32432 -0.079813 -0.177196 1.32275 -0.063054 -0.175403 1.34543 -0.035326 -0.19687 1.29061 -0.041053 -0.187864 1.28896 -0.065864 -0.15073 1.28612 -0.08179 0.31739 1.34041 -0.004838 0.317614 1.29418 -0.00455 0.530945 1.33338 -0.00194 0.331806 1.30295 -0.026784 0.342633 1.31935 -0.032237 0.331408 1.33524 -0.026727 0.331853 1.34005 -0.005047 0.31739 1.34041 -0.004838 0.31839 1.33513 -0.024639 0.318991 1.31987 -0.02951 0.330951 1.31965 -0.031584 0.574508 1.33309 -0.000979 0.552459 1.32746 0.013513 0.552481 1.33192 -0.001565 0.574423 1.32941 -0.021309 0.552457 1.32708 -0.018587 0.571074 1.31796 -0.031597 0.596584 1.32031 -0.037024 0.552415 1.31721 -0.02495 0.679238 1.31528 0.007294 0.693136 1.30445 -0.000561 0.688254 1.30022 -0.007788 0.552348 1.2989 -0.001565 0.55237 1.30522 -0.019183 0.571074 1.31796 -0.031597 0.552415 1.31721 -0.02495 0.675697 1.30943 -0.041566 0.680497 1.2942 -0.027572 0.673584 1.29266 -0.034682 0.680824 1.29413 -0.041235 0.643436 1.324 0.027138 0.530934 1.32731 0.013579 0.552481 1.33192 -0.001565 0.552459 1.32746 0.013513 0.552415 1.3167 0.0215 0.55237 1.30498 0.012691 0.530844 1.30435 0.012693 0.552348 1.2989 -0.001565 0.552457 1.32708 -0.018587 0.552415 1.31721 -0.02495 0.530955 1.31663 -0.026281 0.55237 1.30522 -0.019183 0.530869 1.30461 -0.020071 0.680824 1.29413 -0.041235 0.687472 1.29415 -0.034183 0.6749 1.30889 -0.02691 0.684618 1.27852 -0.035022 0.687956 1.3003 0.006723 0.679816 1.31635 -0.008468 0.690787 1.30193 0.017061 0.675991 1.3174 0.025008 0.686348 1.29805 0.010627 0.680525 1.32665 0.017031 0.686348 1.29805 0.010627 0.67666 1.31849 0.009888 0.675991 1.3174 0.025008 0.68588 1.29768 0.024138 0.689798 1.29928 -0.017643 0.678066 1.31096 -0.009168 0.683248 1.29593 -0.024568 0.683248 1.29593 -0.024568 0.682698 1.29559 -0.009211 0.679084 1.31306 -0.025735 0.552348 1.2989 -0.001565 0.677483 1.27357 -0.017827 -0.317703 1.33372 0.009852 -0.31739 1.34041 -0.004838 -0.346323 1.294 -0.004239 -0.530945 1.33338 -0.00194 -0.346323 1.294 -0.004239 -0.331806 1.30295 -0.026784 -0.342633 1.31935 -0.032237 -0.331408 1.33524 -0.026727 -0.31839 1.33513 -0.024639 -0.318991 1.31987 -0.02951 -0.330951 1.31965 -0.031584 -0.331969 1.29409 -0.004394 -0.55237 1.30498 0.012691 -0.573922 1.30182 0.032026 -0.552415 1.3167 0.0215 -0.574637 1.31923 0.027026 -0.574403 1.32887 0.017824 -0.574508 1.33309 -0.000979 -0.552459 1.32746 0.013513 -0.552481 1.33192 -0.001565 -0.574423 1.32941 -0.021309 -0.552457 1.32708 -0.018587 -0.571074 1.31796 -0.031597 -0.596584 1.32031 -0.037024 -0.552415 1.31721 -0.02495 -0.680128 1.31528 0.007294 -0.693136 1.30445 -0.000561 -0.688254 1.30022 -0.007788 -0.684139 1.32469 -0.000563 -0.552348 1.2989 -0.001565 -0.55237 1.30522 -0.019183 -0.571074 1.31796 -0.031597 -0.552415 1.31721 -0.02495 -0.686572 1.29564 -0.028409 -0.682249 1.29151 -0.035519 -0.690278 1.27681 -0.04103 -0.685933 1.2767 -0.035546 -0.692095 1.27072 -0.035855 -0.690451 1.27707 -0.029761 -0.552481 1.33192 -0.001565 -0.552459 1.32746 0.013513 -0.552415 1.3167 0.0215 -0.55237 1.30498 0.012691 -0.530844 1.30435 0.012693 -0.552348 1.2989 -0.001565 -0.552457 1.32708 -0.018587 -0.552481 1.33192 -0.001565 -0.552415 1.31721 -0.02495 -0.530955 1.31663 -0.026281 -0.55237 1.30522 -0.019183 -0.530869 1.30461 -0.020071 -0.691608 1.29835 -0.035021 -0.686835 1.29571 -0.042073 -0.694764 1.27746 -0.035859 -0.690278 1.27681 -0.04103 -0.692095 1.27072 -0.035855 -0.690451 1.27707 -0.029761 -0.686572 1.29564 -0.028409 -0.676603 1.31255 -0.027747 -0.687956 1.3003 0.006723 -0.675996 1.30497 -0.000518 -0.688254 1.30022 -0.007788 -0.690787 1.30193 0.017061 -0.676551 1.3174 0.025008 -0.686348 1.29805 0.010627 -0.680093 1.32665 0.017031 -0.686348 1.29805 0.010627 -0.643436 1.324 0.027138 -0.676551 1.3174 0.025008 -0.673354 1.30924 0.017076 -0.68588 1.29768 0.024138 -0.678066 1.31096 -0.009168 -0.689205 1.29566 -0.009211 -0.552348 1.2989 -0.001565 0.037727 1.14399 0.086284 0.069196 1.14631 0.05487 0.078667 1.17482 0.05471 0.074847 1.14722 0.010024 0.056736 1.11807 -0.021279 0.058967 1.14838 -0.022446 0 1.14899 -0.037335 0 1.11868 -0.036089 0.081813 1.1768 0.00921 0.070035 0.986007 -0.084138 0.029527 0.937129 -0.076286 0.072763 0.961279 -0.081039 0.074109 0.950709 -0.078938 0 0.933508 -0.060814 0.013533 0.909362 -0.030139 0.109307 0.99186 -0.048322 0.128017 0.998588 0.008552 0.098058 1.00858 0.055643 0.104054 0.988052 0.05556 0.057904 0.975406 0.077485 0.055299 0.952514 0.069917 0.052667 1.13201 0.069692 0.053984 1.10552 0.069172 0.037049 1.11963 0.081184 0.008806 1.12089 0.088486 0.018238 1.09962 0.084359 0.007977 1.09957 0.086433 0.006716 1.08193 0.083428 0.011164 1.14382 0.090008 0.013334 1.1594 0.091933 0.011994 1.17598 0.093796 0.007995 1.20174 0.095253 0.129867 1.30132 0.023105 0.108645 1.32023 0.034724 0.098209 1.34312 0.0196 0.097998 1.34961 -0.005649 0.08645 1.34598 0.019782 0.007731 1.21321 0.095538 0.09827 1.34261 -0.029848 0.097998 1.34961 -0.005649 0.092797 -0.000028 0.16648 0.11262 -0.000028 0.118736 0.099136 0.023085 0.133115 0.064938 0.041498 0.138444 0.065349 0.022196 0.175652 0.119244 -0.000028 0.058899 0.011927 -0.000028 0.059024 0.021575 -0.000028 0.118275 0.032549 0.023083 0.130972 0.039553 -0.000028 0.166962 0.048158 0.013172 0.173391 0.064938 0.041498 0.138444 0.065018 0.063629 0.100644 0.062777 0.009145 0.206311 0.061232 0.000089 0.208006 0.064745 0.10654 0.060732 0.044628 0.119736 0.034276 0.064601 0.124421 0.049851 0.044837 0.153368 0.019365 0.03949 0.153213 -0.003093 0.037784 0.165618 -0.003374 0.046512 0.15325 -0.027321 0.035632 0.12893 -0.007491 0.042526 0.128372 -0.039069 0.04492 0.165728 -0.027019 0.045218 0.180894 -0.004148 0.049826 0.180869 -0.021942 0.06532 0.165781 -0.036084 0.065774 0.180866 -0.028168 0.065223 0.153272 -0.036837 0.065011 0.12862 -0.049422 0.050666 0.180796 0.015109 0.043889 0.166096 0.021062 0.06492 0.180825 0.021879 0.065014 0.153423 0.029178 0.064813 0.166126 0.029958 0.08651 0.128301 -0.03898 0.085008 0.153174 -0.027041 0.0859 0.165818 -0.026791 0.081543 0.180881 -0.022109 0.092327 0.16586 -0.003765 0.085443 0.180858 -0.00376 0.080917 0.180996 0.013517 0.087179 0.166214 0.020663 0.085874 0.153219 0.019624 0.09131 0.153063 -0.003537 0.088478 0.119507 0.033378 0.094763 0.128829 -0.008107 0.11262 -0.000028 0.118736 0.092797 -0.000028 0.16648 0.021575 -0.000028 0.118275 0.039553 -0.000028 0.166962 0.119244 -0.000028 0.058899 0.011927 -0.000028 0.059024 0.070789 -0.000096 0.207853 0.061232 0.000089 0.208006 0.112987 0.023651 0.044474 0.018136 0.023651 0.04488 0.060726 0.573417 0.067532 0.026493 0.577943 0.013226 0.039917 0.574347 0.050489 0.060796 0.589963 0.067181 0.08357 0.58812 0.052836 0.038871 0.588335 0.050417 0.009501 0.899359 0.009395 0.028006 0.921814 -0.065534 0.074647 0.938401 -0.074072 0.117606 0.948825 -0.046407 0.11312 0.972471 -0.048708 0.024415 1.38071 -0.027553 0 1.39447 -0.039118 0.023752 1.39494 -0.026756 0 1.44631 -0.036925 0.025157 1.44468 -0.024874 0.031839 1.44254 -0.002494 0.02966 1.39366 -0.005038 0.020944 1.44019 0.018042 0.020439 1.38993 0.015973 0 1.43891 0.026728 0 1.38754 0.023336 0 1.3693 0.023691 0 1.34734 0.038925 0 0.914211 -0.026336 0 0.933508 -0.060814 0 0.896666 0.009183 -0.013533 0.909362 -0.030139 -0.057904 0.975406 0.077485 -0.055299 0.952514 0.069917 -0.104054 0.988052 0.05556 -0.098058 1.00858 0.055643 -0.128017 0.998588 0.008552 -0.109307 0.99186 -0.048322 -0.070035 0.986007 -0.084138 -0.072763 0.961279 -0.081039 -0.029527 0.937129 -0.076286 -0.074109 0.950709 -0.078938 -0.056736 1.11807 -0.021279 -0.074847 1.14722 0.010024 -0.058967 1.14838 -0.022446 0 1.14899 -0.037335 0 1.11868 -0.036089 -0.069196 1.14631 0.05487 -0.078667 1.17482 0.05471 -0.081813 1.1768 0.00921 -0.052667 1.13201 0.069692 -0.053984 1.10552 0.070155 0.0536 1.08148 0.071042 0.038327 1.10125 0.079274 0.053984 1.10552 0.069172 0.018238 1.09962 0.084359 0 1.08163 0.084413 0.037049 1.11963 0.081184 0.052667 1.13201 0.069692 0.007977 1.09957 0.086433 0 1.09951 0.087691 0.008806 1.12089 0.088486 0 1.12132 0.08999 0 1.14375 0.091839 0.011164 1.14382 0.090008 0.013334 1.1594 0.091933 0 1.175 0.094833 0.011994 1.17598 0.093796 0.007995 1.20174 0.095253 0 1.19976 0.095583 0 0.896666 0.009183 -0.037727 1.14399 0.086284 -0.037049 1.11963 0.081184 -0.008806 1.12089 0.088486 -0.018238 1.09962 0.084359 -0.007977 1.09957 0.086433 -0.006716 1.08193 0.083428 -0.011164 1.14382 0.090008 -0.013334 1.1594 0.091933 -0.011994 1.17598 0.093796 -0.007995 1.20174 0.095253 -0.129867 1.30132 0.023105 -0.108645 1.32023 0.034724 -0.098209 1.34312 0.0196 -0.097998 1.34961 -0.005649 -0.08645 1.34598 0.019782 -0.007731 1.21321 0.095538 -0.09827 1.34261 -0.029848 -0.097998 1.34961 -0.005649 -0.092797 -0.000028 0.16648 -0.11262 -0.000028 0.118736 -0.099136 0.023085 0.133115 -0.064938 0.041498 0.138444 -0.065349 0.022196 0.175652 -0.119244 -0.000028 0.058899 -0.011927 -0.000028 0.059024 -0.021575 -0.000028 0.118275 -0.032549 0.023083 0.130972 -0.039553 -0.000028 0.166962 -0.048158 0.013171 0.173391 -0.064938 0.041498 0.138444 -0.064745 0.10654 0.060732 -0.044628 0.119736 0.034276 -0.064601 0.124421 0.049851 -0.044837 0.153368 0.019365 -0.03949 0.153213 -0.003093 -0.037784 0.165618 -0.003374 -0.046512 0.15325 -0.027321 -0.035632 0.12893 -0.007491 -0.042526 0.128372 -0.039069 -0.04492 0.165728 -0.027019 -0.045218 0.180894 -0.004148 -0.049826 0.180868 -0.021942 -0.06532 0.165781 -0.036084 -0.065774 0.180866 -0.028168 -0.065223 0.153271 -0.036837 -0.065011 0.12862 -0.049422 -0.050666 0.180796 0.015109 -0.043889 0.166096 0.021062 -0.06492 0.180825 0.021879 -0.065014 0.153423 0.029178 -0.064813 0.166126 0.029958 -0.064751 0.102109 -0.053696 -0.08651 0.1283 -0.03898 -0.085008 0.153174 -0.027041 -0.0859 0.165818 -0.026791 -0.065774 0.180866 -0.028168 -0.081543 0.180881 -0.022109 -0.092327 0.16586 -0.003765 -0.085443 0.180858 -0.00376 -0.080917 0.180996 0.013517 -0.087179 0.166214 0.020663 -0.085874 0.153219 0.019624 -0.09131 0.153063 -0.003537 -0.088478 0.119507 0.033378 -0.094763 0.128829 -0.008107 -0.065014 0.153423 0.029178 -0.064601 0.124421 0.049851 -0.11262 -0.000028 0.118736 -0.021575 -0.000028 0.118275 -0.092797 -0.000028 0.16648 -0.039553 -0.000028 0.166962 -0.119244 -0.000028 0.058899 -0.011927 -0.000028 0.059024 -0.070789 -0.000096 0.207853 -0.061232 0.000089 0.208006 -0.112987 0.023651 0.044474 -0.018136 0.023651 0.04488 -0.081543 0.180881 -0.022109 -0.065774 0.180866 -0.028168 -0.049826 0.180868 -0.021942 -0.045218 0.180894 -0.004148 -0.06492 0.180825 0.021879 -0.050666 0.180796 0.015109 -0.045218 0.180894 -0.004148 -0.060726 0.573417 0.067532 -0.026493 0.577943 0.013226 -0.039917 0.574347 0.050489 -0.060796 0.589963 0.067181 -0.08357 0.58812 0.052836 -0.038871 0.588335 0.050417 -0.009501 0.899359 0.009395 0 0.896666 0.009183 -0.028006 0.921814 -0.065534 -0.074647 0.938401 -0.074072 -0.117606 0.948825 -0.046407 -0.11312 0.972471 -0.048708 -0.024415 1.38071 -0.027553 -0.023752 1.39494 -0.026756 -0.025157 1.44468 -0.024874 -0.031839 1.44254 -0.002494 -0.02966 1.39366 -0.005038 -0.020944 1.44019 0.018042 -0.020439 1.38993 0.015973 -0.0536 1.08148 0.071042 -0.038327 1.10125 0.080257 -0.053984 1.10552 0.070155 -0.018238 1.09962 0.084359 -0.037049 1.11963 0.081184 -0.052667 1.13201 0.069692 -0.007977 1.09957 0.086433 -0.008806 1.12089 0.088486 -0.011164 1.14382 0.090008 -0.013334 1.1594 0.091933 -0.011994 1.17598 0.093796 -0.007995 1.20174 0.095253 0 1.40501 0.03355 0 1.41067 -0.000902 0.014073 1.41622 -0.002971 0 1.40501 0.03355 0 1.41067 -0.000902 -0.014073 1.41622 -0.002971 -0.022531 1.06553 -0.24919 -0.014062 0.968411 -0.247184 0.636442 1.29804 0.076397 0.638488 1.30202 0.084074 0.654776 1.28862 0.084074 0.636442 1.29804 0.091752 0.634397 1.29406 0.084074 0.627908 1.30241 0.084048 0.625867 1.29842 0.091725 0.609562 1.31181 0.091725 0.627908 1.30241 0.099403 0.629949 1.30639 0.091725 0.184308 1.26761 -0.016534 0.192021 1.27186 -0.019615 0.193792 1.25274 -0.025113 0.197361 1.26772 -0.013181 0.189648 1.26348 -0.0101 0.214345 1.27283 0.004297 0.207829 1.27068 -0.002552 0.198261 1.2696 0.016392 0.207213 1.26145 0.000341 0.213729 1.2636 0.00719 0.304162 1.33722 -0.042749 0.311591 1.34009 -0.039414 0.310272 1.34511 -0.057615 0.316269 1.33456 -0.044115 0.30884 1.3317 -0.047449 0.337101 1.2923 -0.039784 0.344108 1.2969 -0.042028 0.345577 1.27911 -0.048614 0.349239 1.2924 -0.036667 0.342231 1.28781 -0.034422 0.554435 1.30319 -0.03371 0.561507 1.30805 -0.034985 0.559224 1.29592 -0.049456 0.566825 1.30131 -0.03377 0.559752 1.29645 -0.032494 -0.184308 1.26761 -0.016534 -0.193792 1.25274 -0.025113 -0.192021 1.27186 -0.019615 -0.197361 1.26772 -0.013181 -0.189648 1.26348 -0.0101 -0.214345 1.27283 0.004297 -0.198261 1.2696 0.016392 -0.207829 1.27068 -0.002552 -0.207213 1.26145 0.000341 -0.213729 1.2636 0.00719 -0.304162 1.33722 -0.042749 -0.310272 1.34511 -0.057615 -0.311591 1.34009 -0.039414 -0.316269 1.33456 -0.044115 -0.30884 1.3317 -0.047449 -0.337101 1.2923 -0.039784 -0.345577 1.27911 -0.048614 -0.344108 1.2969 -0.042028 -0.349239 1.2924 -0.036667 -0.342231 1.28781 -0.034422 -0.561507 1.30805 -0.034985 0.628737 1.29687 0.495598 0.631871 1.29367 0.503276 0.614017 1.28244 0.503276 0.628737 1.29687 0.510953 0.625603 1.30006 0.503276 0.628737 1.29687 0.670653 0.631871 1.29367 0.67833 0.614017 1.28244 0.67833 0.628737 1.29687 0.686008 0.625603 1.30006 0.67833 -0.346311 1.28416 -0.035831 -0.340019 1.28734 -0.028507 -0.341603 1.2949 -0.026786 -0.326804 1.30148 -0.050708 -0.353489 1.29117 -0.039485 -0.33444 1.30845 -0.053649 -0.336673 1.31421 -0.048335 -0.353204 1.29831 -0.036046 -0.323287 1.30301 -0.041527 -0.309145 1.32295 -0.050555 -0.308718 1.32149 -0.041105 -0.326872 1.30941 -0.038362 -0.316236 1.33043 -0.052892 -0.219179 1.26853 0.01944 -0.21833 1.27673 0.017609 -0.224325 1.28018 0.009287 -0.24746 1.29122 0.021021 -0.230329 1.27372 0.003771 -0.208205 1.27509 -0.005638 -0.212281 1.26889 -0.0116 -0.229926 1.26574 0.007099 -0.210025 1.2606 -0.009288 -0.186001 1.27786 -0.020151 -0.201756 1.27108 0.002294 -0.179608 1.27364 -0.012992 -0.176549 1.26578 -0.014326 -0.200626 1.26272 0.003085 -0.187713 1.27239 -0.028079 -0.157745 1.29011 -0.037375 -0.157124 1.28596 -0.047173 -0.183766 1.26449 -0.027847 -0.151754 1.2789 -0.048187 -0.129258 1.30806 -0.051726 -0.151661 1.28565 -0.030103 -0.123617 1.30333 -0.04424 -0.117475 1.29783 -0.047027 -0.146958 1.27873 -0.032905 -0.12649 1.30594 -0.061573 -0.106919 1.32731 -0.05791 -0.102303 1.32782 -0.06631 -0.119905 1.30001 -0.062356 -0.094663 1.32325 -0.066371 -0.093338 1.3468 -0.054491 -0.101835 1.32222 -0.050454 -0.089034 1.34053 -0.048004 -0.080819 1.33822 -0.049005 -0.094398 1.31847 -0.05216 -0.087282 1.34967 -0.061152 -0.087816 1.36453 -0.038904 -0.080093 1.36894 -0.0431 -0.078868 1.34611 -0.060868 -0.071921 1.36524 -0.042731 -0.09081 1.31885 -0.059709 -0.115549 1.29618 -0.055561 -0.069969 1.35848 -0.0392 -0.075715 1.34072 -0.05515 -0.146861 1.27543 -0.04151 -0.075715 1.34072 -0.05515 -0.076043 1.35438 -0.035514 -0.069969 1.35848 -0.0392 -0.09081 1.31885 -0.059709 -0.115549 1.29618 -0.055561 -0.146861 1.27543 -0.04151 -0.178423 1.26128 -0.021398 -0.204487 1.25758 -0.002357 -0.224647 1.26319 0.014551 -0.245787 1.28482 0.035345 -0.333055 1.31472 -0.041417 -0.347647 1.30006 -0.030291 -0.631114 1.30957 0.02498 -0.638926 1.30627 0.024984 -0.631114 1.30957 0.02498 -0.347647 1.30006 -0.030291 -0.333055 1.31472 -0.041417 -0.249657 1.28542 0.027298 -0.245787 1.28482 0.035345 -0.224647 1.26319 0.014551 -0.204487 1.25758 -0.002357 -0.178423 1.26128 -0.021398 -0.084292 1.35619 -0.034788 0.346311 1.28416 -0.035831 0.340019 1.28734 -0.028507 0.341603 1.2949 -0.026786 0.326804 1.30148 -0.050708 0.353489 1.29117 -0.039485 0.33444 1.30845 -0.053649 0.336673 1.31421 -0.048335 0.353204 1.29831 -0.036046 0.323287 1.30301 -0.041527 0.309145 1.32295 -0.050555 0.308718 1.32149 -0.041105 0.326872 1.30941 -0.038362 0.316236 1.33043 -0.052892 0.219179 1.26853 0.01944 0.21833 1.27673 0.017609 0.224325 1.28018 0.009287 0.24746 1.29122 0.021021 0.230329 1.27372 0.003771 0.208205 1.27509 -0.005638 0.212281 1.26889 -0.0116 0.229926 1.26574 0.007099 0.210025 1.2606 -0.009288 0.186001 1.27786 -0.020151 0.201756 1.27108 0.002294 0.179608 1.27364 -0.012992 0.176549 1.26578 -0.014326 0.200626 1.26272 0.003085 0.187713 1.27239 -0.028079 0.157745 1.29011 -0.037375 0.157124 1.28596 -0.047173 0.183766 1.26449 -0.027847 0.151754 1.2789 -0.048187 0.129258 1.30806 -0.051726 0.151661 1.28565 -0.030103 0.123617 1.30333 -0.04424 0.117475 1.29783 -0.047027 0.146958 1.27873 -0.032905 0.12649 1.30594 -0.061573 0.106919 1.32731 -0.05791 0.102303 1.32782 -0.06631 0.119905 1.30001 -0.062356 0.094663 1.32325 -0.066371 0.093338 1.3468 -0.054491 0.101835 1.32222 -0.050454 0.089034 1.34053 -0.048004 0.080819 1.33822 -0.049005 0.094398 1.31847 -0.05216 0.087282 1.34967 -0.061152 0.087816 1.36453 -0.038904 0.080093 1.36894 -0.0431 0.078868 1.34611 -0.060868 0.071921 1.36524 -0.042731 0.09081 1.31885 -0.059709 0.115549 1.29618 -0.055561 0.069969 1.35848 -0.0392 0.075715 1.34072 -0.05515 0.146861 1.27543 -0.04151 0.075715 1.34072 -0.05515 0.076043 1.35438 -0.035514 0.069969 1.35848 -0.0392 0.09081 1.31885 -0.059709 0.115549 1.29618 -0.055561 0.146861 1.27543 -0.04151 0.178423 1.26128 -0.021398 0.204487 1.25758 -0.002357 0.224647 1.26319 0.014551 0.245787 1.28482 0.035345 0.333055 1.31472 -0.041417 0.347647 1.30006 -0.030291 0.347647 1.30006 -0.030291 0.333055 1.31472 -0.041417 0.249657 1.28542 0.027298 0.245787 1.28482 0.035345 0.224647 1.26319 0.014551 0.204487 1.25758 -0.002357 0.178423 1.26128 -0.021398 0.084292 1.35619 -0.034788 -0.020994 1.21975 0.122018 -0.012701 1.21313 0.122976 -0.039795 1.19934 0.110768 -0.034316 1.19034 0.109824 -0.008561 1.21007 0.113453 -0.012473 1.21322 0.106515 -0.063347 1.17889 0.092555 -0.059857 1.16854 0.090065 -0.05308 1.16769 0.081748 -0.02912 1.18886 0.100556 -0.079725 1.16517 0.072371 -0.075583 1.15506 0.070613 -0.075969 1.17225 0.068767 -0.060305 1.18546 0.087606 -0.089665 1.15223 0.04716 -0.084223 1.14278 0.046836 -0.094821 1.13851 0.017497 -0.088151 1.12956 0.019043 -0.074513 1.14373 0.04393 -0.067326 1.15526 0.064644 -0.065308 1.16334 0.062031 -0.072156 1.152 0.042008 -0.09122 1.14611 0.016497 -0.085266 1.15969 0.044848 -0.087713 1.1278 -0.008461 -0.081442 1.11976 -0.004889 -0.064843 1.11892 -0.02927 -0.059238 1.11206 -0.023773 -0.072709 1.12323 -0.001458 -0.063476 1.12756 -0.028354 -0.084962 1.13609 -0.00829 -0.036481 1.1119 -0.044572 -0.032558 1.10573 -0.037428 0.000049 1.1086 -0.050734 -0.000014 1.10273 -0.042493 -0.028991 1.11126 -0.029859 -0.052889 1.11687 -0.017839 -0.053069 1.1255 -0.018397 -0.029666 1.11977 -0.030623 0.000086 1.11733 -0.049774 -0.036163 1.12065 -0.043387 0.035948 1.11182 -0.044783 0.0354 1.10605 -0.036257 0.064346 1.11874 -0.029686 0.061711 1.11283 -0.021605 0.031651 1.11158 -0.028745 -0.000025 1.10861 -0.034318 0.000039 1.117 -0.03557 0.029704 1.11978 -0.030609 0.060943 1.12675 -0.030533 0.033345 1.12032 -0.044566 0.085447 1.12753 -0.009017 0.080876 1.12105 -0.002046 0.09439 1.13825 0.016919 0.088202 1.13078 0.022173 0.072064 1.12437 0.001235 0.055195 1.11761 -0.015804 0.090455 1.14483 0.013397 0.081507 1.13476 -0.011143 0.090244 1.15108 0.046663 0.083176 1.1431 0.049853 0.079722 1.16486 0.074451 0.073324 1.15638 0.07571 0.073586 1.14411 0.046684 0.078223 1.1325 0.022304 0.076534 1.13951 0.018292 0.072555 1.15116 0.042005 0.053572 1.18509 0.099313 0.04742 1.1766 0.098645 0.028125 1.20535 0.108704 0.02001 1.19906 0.108526 0.041572 1.17565 0.089441 0.065211 1.15659 0.069556 0.029698 1.20878 0.101106 0.053105 1.19026 0.092335 0.077576 1.17096 0.068664 0.014276 1.22177 0.11181 0.004448 1.21833 0.112013 0.000102 1.21698 0.102342 0.015263 1.19809 0.098937 0.01851 1.20256 0.092551 0.005049 1.21891 0.095575 0.017328 1.2229 0.103956 -0.009219 1.24979 0.099316 -0.005878 1.23218 0.101851 -0.000243 1.23223 0.095217 -0.003229 1.24857 0.093083 0.013114 1.2216 0.096265 0.008305 1.23356 0.095957 0.013114 1.2216 0.096265 0.025238 1.20753 0.093479 0.048085 1.18876 0.085035 0.070763 1.1703 0.063953 0.078749 1.15757 0.039653 0.086999 1.15755 0.041879 0.082154 1.14539 0.014008 0.074376 1.1367 -0.007979 0.055663 1.12995 -0.025328 0.030405 1.1241 -0.038008 0.000089 1.12129 -0.042751 -0.033077 1.12438 -0.036893 -0.058067 1.13069 -0.023256 -0.077721 1.1379 -0.005252 -0.082859 1.1466 0.016998 -0.077072 1.15973 0.042499 -0.069224 1.1715 0.064017 -0.054827 1.18408 0.080744 -0.034811 1.20247 0.096443 -0.03935 1.20437 0.103901 -0.023003 1.22161 0.113974 -0.019182 1.21851 0.106696 -0.084292 1.35619 -0.034788 -0.087816 1.36453 -0.038904 0.053083 1.12551 -0.018385 0.055663 1.12995 -0.025328 0.030405 1.1241 -0.038008 0.074894 1.13176 -0.002098 0.072064 1.12437 0.001235 0.078223 1.1325 0.022304 0.074376 1.1367 -0.007979 0.082154 1.14539 0.014008 0.078749 1.15757 0.039653 0.070763 1.1703 0.063953 0.065027 1.16341 0.064484 0.048085 1.18876 0.085035 0.042698 1.18182 0.083771 0.025238 1.20753 0.093479 -0.078196 1.13134 0.019352 -0.07685 1.13952 0.018231 -0.074879 1.13175 -0.002117 -0.058067 1.13069 -0.023256 -0.077721 1.1379 -0.005252 -0.033077 1.12438 -0.036893 0.000089 1.12129 -0.042751 -0.082859 1.1466 0.016998 -0.077072 1.15973 0.042499 -0.069224 1.1715 0.064017 -0.051612 1.17553 0.077932 -0.054827 1.18408 0.080744 -0.030066 1.1951 0.094937 -0.034811 1.20247 0.096443 -0.019182 1.21851 0.106696 -0.072709 1.12323 -0.001458 0.005553 1.24961 0.093885 0.632366 1.3082 0.168602 0.639136 1.3047 0.168605 0.64116 1.29759 0.1686 0.632366 1.29182 0.168602 0.623579 1.2957 0.168603 0.623779 1.30339 0.168603 0.632366 1.3082 0.168602 0.632366 1.3082 0.248938 -0.629258 1.29752 0.078475 -0.635465 1.30349 0.062785 -0.632305 1.30666 0.070463 0.635584 1.30358 0.155997 0.632454 1.30678 0.163675 0.650322 1.31799 0.163675 0.635584 1.30358 0.171353 0.638714 1.30038 0.163675 0.635584 1.30358 0.469006 0.632454 1.30678 0.476683 0.650322 1.31799 0.476683 0.635584 1.30358 0.484361 0.638714 1.30038 0.476683 0.629159 1.30349 0.952214 0.625999 1.30032 0.959892 0.614557 1.31804 0.959892 0.629159 1.30349 0.96757 0.632319 1.30666 0.959892 0.628737 1.29687 0.163648 0.631871 1.29367 0.171326 0.614017 1.28244 0.171326 0.628737 1.29687 0.179004 0.625603 1.30006 0.171326 0.628737 1.29687 0.799866 0.631871 1.29367 0.807544 0.614017 1.28244 0.807544 0.628737 1.29687 0.815222 0.625603 1.30006 0.807544 0.629159 1.30349 0.62668 0.625999 1.30032 0.634358 0.614557 1.31804 0.634358 0.629159 1.30349 0.642036 0.632319 1.30666 0.634358 0.635366 1.29752 0.999035 0.638473 1.30075 1.00671 0.650204 1.28322 1.00671 0.635366 1.29752 1.01439 0.632259 1.2943 1.00671 0.635366 1.29752 0.661855 0.638473 1.30075 0.669533 0.650204 1.28322 0.669533 0.635366 1.29752 0.677211 0.632259 1.2943 0.669533 0.635366 1.29752 0.298617 0.638473 1.30075 0.306295 0.650204 1.28322 0.306295 0.635366 1.29752 0.313973 0.632259 1.2943 0.306295 0.631836 1.3049 0.239067 0.62737 1.30459 0.246745 0.630403 1.32547 0.246745 0.631836 1.3049 0.254423 0.636302 1.30522 0.246745 0.632588 1.29633 0.205684 0.637048 1.29671 0.213362 0.634358 1.27579 0.213362 0.632588 1.29633 0.22104 0.628128 1.29594 0.213362 0.628265 1.30164 0.412705 0.627103 1.29712 0.420268 0.608156 1.30639 0.420247 0.628077 1.30129 0.428056 0.629239 1.30582 0.420492 0.636606 1.29963 0.384687 0.637509 1.30382 0.392473 0.656605 1.29487 0.392504 0.636418 1.29928 0.400037 0.635516 1.2951 0.39225 0.628265 1.30164 0.711917 0.627103 1.29712 0.71948 0.608156 1.30639 0.719459 0.628077 1.30129 0.727267 0.629239 1.30582 0.719704 0.636606 1.29963 0.76146 0.637509 1.30382 0.769246 0.656605 1.29487 0.769277 0.636418 1.29928 0.77681 0.635516 1.2951 0.769024 0.628265 1.30164 0.535869 0.627103 1.29712 0.543433 0.608156 1.30639 0.543411 0.628077 1.30129 0.55122 0.629239 1.30582 0.543657 0.636606 1.29963 0.590569 0.637509 1.30382 0.598356 0.656605 1.29487 0.598387 0.636418 1.29928 0.60592 0.635516 1.2951 0.598133 0.628265 1.30164 0.915608 0.627103 1.29712 0.923171 0.608156 1.30639 0.92315 0.628077 1.30129 0.930959 0.629239 1.30582 0.923395 0.636606 1.29963 0.872913 0.637509 1.30382 0.8807 0.656605 1.29487 0.880731 0.636418 1.29928 0.888264 0.635516 1.2951 0.880477 -0.0067 1.24908 0.107829 -0.008443 1.24049 0.113096 -0.01462 1.25728 0.124304 -0.001662 1.24329 0.11962 0.000081 1.25149 0.114353 -0.001662 1.24329 0.11962 0.012948 1.21966 0.106956 0.007956 1.21481 0.100203 0.005587 1.20478 0.118788 0.01393 1.20719 0.100657 0.018922 1.21204 0.10741 0.048192 1.18838 0.092606 0.040471 1.18268 0.091216 0.049962 1.17683 0.109307 0.045993 1.17486 0.089697 0.053713 1.18056 0.091088 0.06635 1.16913 0.064453 0.067211 1.16659 0.073768 0.086489 1.17161 0.066373 0.072128 1.15853 0.071549 0.071268 1.16107 0.062234 0.039046 1.19692 0.092308 0.031236 1.2015 0.095764 0.047398 1.20472 0.109186 0.03053 1.19548 0.103328 0.038339 1.19089 0.099871 -0.028515 1.20504 0.109066 -0.036584 1.19967 0.108921 -0.020472 1.18741 0.115383 -0.033351 1.19426 0.101552 -0.025283 1.19963 0.101697 -0.053477 1.18398 0.086367 -0.058488 1.17762 0.081044 -0.072239 1.18913 0.092443 -0.061299 1.17265 0.088879 -0.056288 1.17901 0.094201 -0.076175 1.16727 0.069938 -0.073874 1.1632 0.06128 -0.087083 1.15121 0.076123 -0.072141 1.15557 0.063401 -0.070585 1.15964 0.072059 -0.079849 1.15329 0.033215 -0.07911 1.14866 0.02473 -0.099422 1.15421 0.027604 -0.08421 1.14107 0.027952 -0.084948 1.1457 0.036437 0.08453 1.1514 0.043404 0.077201 1.14524 0.044911 0.095452 1.13444 0.046295 0.078914 1.14052 0.036618 0.086242 1.14669 0.03511 0.074755 1.13337 -0.003839 0.077675 1.12472 -0.007105 0.082997 1.13946 -0.021456 0.071221 1.12481 -0.014338 0.068301 1.13345 -0.011072 -0.074755 1.13337 -0.003839 -0.082997 1.13946 -0.021456 -0.077675 1.12472 -0.007105 -0.071221 1.12481 -0.014338 -0.068301 1.13345 -0.011072 0.055921 1.1224 -0.028618 0.054135 1.11568 -0.02186 0.058847 1.1058 -0.040072 0.046005 1.1128 -0.026281 0.047791 1.11951 -0.033039 -0.055921 1.1224 -0.028618 -0.058847 1.1058 -0.040072 -0.054135 1.11568 -0.02186 -0.046005 1.1128 -0.026281 -0.047791 1.11951 -0.033039 0.027674 1.11884 -0.034728 0.028336 1.11102 -0.040411 0.023355 1.12773 -0.052555 0.018824 1.11105 -0.042281 0.018163 1.11888 -0.036598 0.00838 1.11442 -0.047318 0.007181 1.1117 -0.03809 0.005326 1.09451 -0.05045 -0.002178 1.1096 -0.039489 -0.000979 1.11232 -0.048716 -0.027674 1.11884 -0.034728 -0.023355 1.12773 -0.052555 -0.028336 1.11102 -0.040411 -0.018824 1.11105 -0.042281 -0.018163 1.11888 -0.036598 -0.052341 1.38828 0.035438 -0.042095 1.3907 0.047957 -0.03216 1.392 0.041808 -0.033007 1.38898 0.011515 -0.027884 1.36629 -0.010859 -0.039769 1.36198 -0.012106 -0.042095 1.3907 0.047957 -0.04232 1.41363 0.057119 -0.025392 1.38852 -0.01123 0 1.392 -0.012808 0.052341 1.38828 0.035438 0.03216 1.392 0.041808 0.033001 1.389 0.01148 0.027884 1.36629 -0.010859 0.043172 1.37191 -0.029558 0.042095 1.3907 0.047957 0.04232 1.41363 0.057119 0.033601 1.41484 0.055524 0.037218 1.36229 -0.025057 0.039838 1.38773 -0.115822 0 1.39507 -0.122939 0.045361 1.3494 -0.157391 0 1.35871 -0.16434 0 1.31687 -0.204185 0.048609 1.30936 -0.194765 0.051397 1.25464 -0.21975 0 1.2579 -0.229559 0.067269 1.2479 -0.183496 0.061235 1.29531 -0.163855 0.051746 1.19439 -0.229327 0 1.19623 -0.241211 0 1.14667 -0.248149 0.050875 1.14647 -0.231418 0.069924 1.1924 -0.196084 0.055512 1.32743 -0.134627 0.048135 1.37032 -0.096128 0.066723 1.14549 -0.201664 0.043894 1.3871 -0.069685 0.035318 1.42885 -0.037523 0.043894 1.3871 -0.069685 0.036032 1.37255 -0.047625 0.033476 1.36887 -0.064053 0.031914 1.36111 -0.082433 0.048135 1.37032 -0.096128 0.033281 1.31537 -0.119397 0 1.31308 -0.117284 0 1.28625 -0.141871 0.035151 1.28773 -0.144602 0 1.24273 -0.157386 0.03571 1.24406 -0.161272 0.061235 1.29531 -0.163855 0.067269 1.2479 -0.183496 0.033736 1.19121 -0.173269 0.069924 1.1924 -0.196084 0 1.19017 -0.170534 0.055512 1.32743 -0.134627 0 1.35609 -0.0737 0.033088 1.14685 -0.179034 0.066723 1.14549 -0.201664 0 1.14699 -0.177222 0 1.10364 -0.182308 0 1.3617 -0.063316 0 1.36437 -0.046132 0.036032 1.37255 -0.047625 0.037218 1.36229 -0.025057 0 1.3652 -0.026383 0.027884 1.36629 -0.010859 0.043172 1.37191 -0.029558 0.042386 0.940613 -0.222235 0 0.939965 -0.248093 0.045414 0.89068 -0.228975 0.030571 0.891085 -0.24603 0.040102 0.821116 -0.237962 0.026604 0.822981 -0.255855 0 0.825216 -0.26751 0 0.891489 -0.258188 0 0.766225 -0.267422 0.021606 0.764502 -0.260378 0 0.698466 -0.256901 0 0.654978 -0.23879 0.031245 0.76262 -0.244397 0 0.939368 -0.202243 0.025911 0.889281 -0.211204 0 0.887883 -0.206072 0.022797 0.819626 -0.220256 0.040102 0.821116 -0.237962 0.045414 0.89068 -0.228975 0 0.817352 -0.215145 0.031245 0.76262 -0.244397 0.018066 0.760735 -0.230393 0.014612 0.697732 -0.245635 0 0.654978 -0.23879 0 0.75749 -0.228786 -0.039838 1.38773 -0.115822 -0.035354 1.42165 -0.079051 -0.045361 1.3494 -0.157391 -0.048609 1.30936 -0.194765 -0.051397 1.25464 -0.21975 -0.067269 1.2479 -0.183496 -0.061235 1.29531 -0.163855 -0.051746 1.19439 -0.229327 -0.050875 1.14647 -0.231418 -0.069924 1.1924 -0.196084 -0.055512 1.32743 -0.134627 -0.048135 1.37032 -0.096128 -0.066723 1.14549 -0.201664 -0.055861 1.1025 -0.205811 -0.043894 1.3871 -0.069685 -0.048834 1.3969 -0.039794 -0.035318 1.42885 -0.037523 0 1.28625 -0.141871 -0.035151 1.28773 -0.144602 -0.03571 1.24406 -0.161272 -0.061235 1.29531 -0.163855 -0.067269 1.2479 -0.183496 -0.033736 1.19121 -0.173269 -0.069924 1.1924 -0.196084 0 1.19017 -0.170534 -0.033281 1.31537 -0.119397 -0.055512 1.32743 -0.134627 -0.031914 1.36111 -0.082433 -0.048135 1.37032 -0.096128 -0.033088 1.14685 -0.179034 -0.066723 1.14549 -0.201664 0 1.14699 -0.177222 0 1.10364 -0.182308 -0.033476 1.36887 -0.064053 -0.038419 1.37139 -0.047056 -0.0373 1.36304 -0.02485 -0.043172 1.37191 -0.029558 0 1.3652 -0.026383 -0.027884 1.36629 -0.010859 -0.043894 1.3871 -0.069685 -0.038419 1.37139 -0.047056 -0.048834 1.3969 -0.039794 -0.043172 1.37191 -0.029558 -0.02968 0.940289 -0.237482 -0.045414 0.89068 -0.228975 -0.030571 0.891085 -0.24603 -0.040102 0.821116 -0.237962 -0.026604 0.822981 -0.255855 -0.021606 0.764502 -0.260378 -0.031245 0.76262 -0.244397 0 0.698466 -0.256901 -0.042386 0.940613 -0.222235 -0.025911 0.889281 -0.211204 -0.022797 0.819626 -0.220256 -0.040102 0.821116 -0.237962 -0.045414 0.89068 -0.228975 -0.018066 0.760735 -0.230393 -0.014612 0.697732 -0.245635 -0.031245 0.76262 -0.244397 -0.035983 1.41484 0.013349 -0.033007 1.38898 0.011515 -0.035983 1.41484 0.013349 -0.033601 1.41484 0.055524 0 1.41484 -0.016014 -0.023852 1.41484 -0.013501 0 1.392 -0.012808 -0.025392 1.38852 -0.01123 0 1.43535 -0.019763 -0.022913 1.43535 -0.015511 0 1.41484 -0.016014 -0.023852 1.41484 -0.013501 -0.035983 1.41484 0.013349 -0.033007 1.38898 0.011515 -0.023852 1.41484 -0.013501 -0.025392 1.38852 -0.01123 -0.035983 1.41484 0.013349 0.023852 1.41484 -0.013501 0.022913 1.43535 -0.015511 0 1.41484 -0.016014 0 1.43535 -0.019763 0.033001 1.389 0.01148 0.035983 1.41484 0.013349 0.033601 1.41484 0.055524 0.035983 1.41484 0.013349 0.025379 1.38857 -0.011295 0.023852 1.41484 -0.013501 0 1.392 -0.012808 0 1.41484 -0.016014 0.035983 1.41484 0.013349 0.039178 1.43535 0.012762 0.023852 1.41484 -0.013501 0.022913 1.43535 -0.015511 0.035983 1.41484 0.013349 0.023852 1.41484 -0.013501 0.033001 1.389 0.01148 0.025379 1.38857 -0.011295 -0.033007 1.38898 0.011515 -0.027884 1.36629 -0.010859 -0.025392 1.38852 -0.01123 0.027884 1.36629 -0.010859 0.025379 1.38857 -0.011295 0 1.392 -0.012808 0.033001 1.389 0.01148 0.025379 1.38857 -0.011295 -0.677252 1.31309 -0.042403 -0.673797 1.30639 -0.03498 -0.686835 1.29571 -0.042073 -0.680615 1.31635 -0.008468 -0.677074 1.31849 0.009888 0 0.898809 -0.148155 0 0.614533 -0.143154 0 0.898809 -0.148155</float_array>
          <technique_common>
            <accessor source="#GeometrySource-array" count="6072" stride="3">
              <param name="X" type="float"/>
              <param name="Y" type="float"/>
              <param name="Z" type="float"/>
            </accessor>
          </technique_common>
        </source>
        <source id="GeometrySource1" name="chr057Nrm">
          <float_array id="GeometrySource1-array" count="18216">-0.346745 -0.143073 0.926983 -0.358625 -0.122925 0.925353 -0.395734 -0.187359 0.89905 -0.343139 0.162162 0.925181 -0.33329 0.14021 0.932341 -0.360691 0.120876 0.924819 0.020509 -0.929549 -0.368129 0.050804 -0.974224 -0.219789 0.118774 -0.95725 -0.263754 0.651597 -0.516665 0.555409 0.022744 -0.998678 -0.046105 0.798335 -0.249967 0.547885 0.013779 -0.936374 0.350733 0.81961 0.256364 0.512364 -0.522285 -0.780306 -0.344008 -0.338485 -0.848697 0.406375 -0.330227 -0.352601 0.87557 -0.194226 -0.980399 -0.033074 -0.344785 -0.659801 0.667672 0.002912 -0.97182 -0.235705 -0.204978 -0.971126 0.122059 -0.491906 -0.782086 0.382583 -0.094999 -0.858126 0.504574 0 -0.6576 0.753368 -0.344785 -0.659801 0.667672 0 -0.821298 0.570499 -0.120443 -0.267777 0.955923 -0.340972 -0.2264 0.912404 -0.271165 -0.205766 0.940282 -0.218286 -0.185857 0.958023 -0.346745 -0.143073 0.926983 -0.241288 -0.118232 0.963224 -0.37532 -0.224909 0.899194 -0.334493 -0.193438 0.922332 -0.395734 -0.187359 0.89905 -0.346745 -0.143073 0.926983 0.70927 0.321418 0.627397 0.76255 0.195449 0.616699 0.355425 0.191303 -0.914919 0.509509 0.232321 -0.828509 0.399448 0.124278 -0.908293 0.533903 0.274169 -0.799862 0.70927 0.321418 0.627397 0.509509 0.232321 -0.828509 0.398168 -0.300529 -0.866686 0.470234 -0.182505 -0.863466 0.721556 -0.049367 -0.690594 0.122618 0.631333 0.765757 0.313742 0.665271 0.677481 0.214024 0.479996 0.850763 0.269024 0.716175 0.643988 0.688033 0.446543 0.572023 0.25847 0.880357 0.397699 0.568476 0.803368 0.177297 0.849957 0.450555 0.273082 0.808023 0.505345 -0.302861 0.555024 0.824002 0.11388 0.510644 0.714755 0.477878 0.313742 0.665271 0.677481 0.455349 0.722873 -0.519723 0.808023 0.505345 -0.302861 0.360763 0.215159 -0.9075 0.472004 0.128359 -0.872202 0.53633 0.25741 -0.803798 0.533903 0.274169 -0.799862 0.355425 0.191303 -0.914919 0.325146 0.211448 -0.921721 0.3308 0.197212 -0.922865 0.183809 0.192837 -0.963861 0 0.469862 -0.88274 0.049778 0.389547 -0.91966 0 0.146088 -0.989272 0.3261 0.152984 -0.932874 0.361205 0.248847 -0.898669 0.482404 0.077598 -0.872505 0.175633 0.17416 -0.968928 0.126385 0.136904 -0.982489 0.175107 0.272373 -0.946124 -0.146492 0.808782 -0.569572 0 0.902272 -0.431168 0.147838 0.244916 -0.958207 0.462477 0.337304 -0.819964 0.413268 0.83675 -0.359248 0.149975 0.771807 -0.617917 -0.085725 0.770651 -0.631465 -0.982928 -0.06358 0.172659 -0.969999 -0.040473 0.239717 -0.491906 -0.782086 0.382583 -0.970981 -0.036261 -0.236392 -0.522285 -0.780306 -0.344008 -0.777231 0.376974 -0.503788 -0.516306 -0.474893 -0.712674 -0.727641 0.669203 -0.150683 0 -0.358268 -0.933619 -0.568376 0.672715 0.473712 0 -0.6576 0.753368 0 0.922199 0.386716 -0.969999 -0.040473 0.239717 0 0.724472 0.689304 -0.727641 0.669203 -0.150683 -0.549658 0.666155 0.504097 -0.283469 0.597516 0.75008 -0.140884 0.656013 0.741484 -0.608067 0.746 0.271548 -0.777231 0.376974 -0.503788 -0.139501 0.654898 0.742731 -0.299522 0.90686 0.296465 -0.619535 0.783942 0.040145 -0.970981 -0.036261 -0.236392 -0.221781 0.961649 0.161382 -0.299522 0.90686 0.296465 0.25847 0.880357 0.397699 0.025505 0.998673 0.044734 -0.125313 0.985333 -0.115829 0 0.987319 -0.15875 0 0.922199 0.386716 -0.568376 0.672715 0.473712 -0.330413 0.940786 -0.075818 0 0.902272 -0.431168 -0.146492 0.808782 -0.569572 -0.085725 0.770651 -0.631465 -0.253025 0.941299 -0.223461 -0.352701 0.935736 0.000224 0.149975 0.771807 -0.617917 0.413268 0.83675 -0.359248 -0.619535 0.783942 0.040145 -0.299522 0.90686 0.296465 -0.221781 0.961649 0.161382 -0.352701 0.935736 0.000224 0.025505 0.998673 0.044734 -0.253025 0.941299 -0.223461 0.413268 0.83675 -0.359248 0.521596 0.323101 0.789648 0.651597 -0.516665 0.555409 0.344059 0.641118 0.685997 0.386382 0.802967 0.45382 0.798335 -0.249967 0.547885 0.192653 0.496751 0.846241 0.296114 0.109062 0.948906 -0.135194 0.53115 0.836423 -0.140884 0.656013 0.741484 0.122618 0.631333 0.765757 -0.549658 0.666155 0.504097 0.328016 0.940154 0.092287 0.313742 0.665271 0.677481 0.510644 0.714755 0.477878 0.555024 0.824002 0.11388 -0.067115 0.245068 0.96718 0 -0.850816 0.525464 0 0.724472 0.689304 0.328016 0.940154 0.092287 0.410414 0.827141 -0.383926 0.555024 0.824002 0.11388 0.76255 0.195449 0.616699 0.70927 0.321418 0.627397 0.53633 0.25741 -0.803798 0.025505 0.998673 0.044734 0.413268 0.83675 -0.359248 0.413268 0.83675 -0.359248 -0.516306 -0.474893 -0.712674 0.178624 -0.904912 -0.386301 0 -0.850816 0.525464 0 -0.358268 -0.933619 -0.970981 -0.036261 -0.236392 -0.824089 0.527377 -0.206763 -0.7345 0.653228 -0.183857 -0.695919 0.717951 -0.015596 -0.635404 0.7063 0.312094 -0.652047 0.745733 -0.136809 -0.47849 0.813865 0.329654 -0.631879 0.729555 -0.261683 -0.203812 0.591192 0.780354 0.022096 0.453007 0.891233 -0.069892 0.44149 0.89454 -0.640917 0.574936 0.5086 -0.02836 0.353113 0.935151 0.196548 0.336415 0.920974 0.102513 0.412186 0.905314 0.087165 0.323045 0.942361 -0.023406 0.334691 0.942037 -0.217623 0.494698 0.841376 -0.265459 0.659151 0.703598 -0.257576 0.710192 0.655197 -0.388014 0.847345 0.362563 -0.516531 0.759951 0.394551 -0.678449 0.506142 0.532472 -0.598069 0.652218 0.465752 -0.504874 0.815345 0.283398 -0.743918 0.666463 -0.049123 -0.62341 0.683427 -0.379852 -0.655727 0.666546 -0.354595 -0.816463 0.55763 -0.149792 -0.678045 0.664525 -0.314105 -0.707434 0.664671 -0.240312 -0.670147 0.646718 -0.364224 -0.621162 0.561274 -0.546928 -0.731603 0.50125 -0.462066 -0.504044 0.225042 -0.833844 -0.52774 0.605893 -0.595303 -0.840413 0.519445 -0.154537 -0.954841 0.270864 -0.122115 -0.964532 0.017934 -0.263358 -0.937315 0.332894 -0.103065 -0.896318 0.335929 -0.289422 -0.949154 0.189011 -0.251756 -0.910681 0.293068 -0.291154 -0.88857 0.01741 -0.458412 -0.398313 -0.123833 -0.908852 -0.277607 -0.123179 -0.952765 -0.185574 -0.265919 -0.945965 -0.038762 -0.230055 -0.972405 0.086117 -0.244283 -0.965872 -0.014368 -0.329968 -0.943883 0.208845 -0.416869 -0.884649 0.787591 -0.475076 -0.392432 0.663951 -0.628163 -0.405684 0.909795 -0.27887 0.307415 -0.382131 -0.123044 -0.91588 -0.194279 -0.348473 -0.916963 -0.385037 -0.199701 -0.901036 -0.17067 -0.422356 -0.890217 0.571423 -0.69814 -0.431366 0.436337 -0.849145 -0.297596 0.355289 -0.905459 -0.232193 -0.45964 0.887813 0.022778 0.546914 -0.552855 0.628679 0.594581 -0.462428 0.657749 0.307463 -0.885339 0.34877 0.728982 -0.429732 0.532837 0.447898 -0.227102 0.864761 0.509602 -0.412915 0.754856 0.307463 -0.885339 0.34877 0.454403 -0.798209 0.395449 0.444187 -0.234046 0.864824 0.620741 -0.08769 0.779097 0.487928 0.042742 0.871837 0.617953 0.125724 0.776098 0.673605 -0.076393 0.735133 0.845184 -0.328637 0.421499 0.766771 -0.139842 0.626503 0.755733 -0.457749 -0.468331 0.90949 -0.155477 0.385557 0.692335 -0.195826 0.694496 0.824651 -0.272505 -0.495674 0.730632 -0.064293 0.679738 0.541178 -0.132592 0.830389 0.610167 0.122878 0.782686 0.929155 -0.119334 0.349902 0.824651 -0.272505 -0.495674 0.887055 -0.0757 0.455415 0.104616 -0.992871 -0.057115 0.454403 -0.798209 0.395449 0.20763 -0.962981 -0.171923 -0.970981 -0.036261 -0.236392 -0.276547 -0.57311 -0.771406 -0.970981 -0.036261 -0.236392 -0.715076 -0.293039 -0.634661 -0.699895 0.479268 0.529574 -0.419242 0.338334 0.842476 -0.33975 0.330999 0.880347 -0.419983 0.519884 0.743865 -0.312969 0.438381 0.842539 -0.484046 0.421797 0.766672 -0.445316 0.510172 0.735812 -0.43912 0.677693 0.589835 -0.545925 0.570246 0.613828 -0.575718 0.43758 0.690704 -0.648007 0.557644 0.518768 -0.606494 0.678116 0.415119 -0.71605 0.56808 0.405656 -0.835997 0.535316 0.120608 -0.717371 0.694758 -0.051881 -0.834726 0.376158 0.402167 -0.797376 0.560688 0.223206 -0.758835 0.54678 0.353838 -0.677685 0.71195 0.184036 -0.850387 0.515702 -0.104374 -0.863155 0.379508 -0.333072 -0.867113 0.36129 -0.342907 -0.874458 0.406087 -0.265361 -0.858096 0.456656 -0.234814 -0.884902 0.452369 -0.110953 -0.837485 0.33456 -0.432074 -0.964424 0.243902 -0.101976 -0.967805 0.246087 -0.052867 -0.963404 0.268046 -0.0019 -0.945115 0.314606 -0.088207 -0.8534 0.511205 -0.101869 -0.640917 0.574936 0.5086 -0.920759 0.301925 0.247073 -0.768112 0.63462 0.085206 -0.917603 0.344871 0.197656 -0.834029 0.541164 0.107413 -0.990795 -0.031274 0.131709 -0.970981 -0.036261 -0.236392 -0.494424 0.580327 0.647121 0.108313 -0.329794 -0.937819 0.018169 -0.260818 -0.965217 0.203834 -0.449899 -0.869507 0.173196 -0.349598 -0.920752 0.18095 -0.212845 -0.960184 0.050598 -0.201054 -0.978273 0.25185 -0.291676 -0.922766 0.844323 -0.276594 -0.458927 0.821156 -0.450516 -0.35034 0.96796 -0.030983 0.249184 0.13624 -0.459585 -0.877622 0.273414 -0.571662 -0.773594 0.1539 -0.588619 -0.793626 0.287501 -0.749441 -0.596391 0.795081 -0.561351 -0.229634 0.773654 -0.629426 -0.07268 0.151753 -0.751025 -0.642599 0.749986 -0.136904 0.647131 0.744363 -0.047496 0.666084 0.797222 -0.189684 0.573112 0.584336 0.05945 0.809332 -0.45964 0.887813 0.022778 0.67742 -0.09381 0.72959 0.595922 -0.019934 0.802795 0.755768 0.094917 0.647924 0.909842 -0.017098 0.414603 0.835091 -0.370717 -0.406437 0.8439 -0.186307 -0.503113 0.938584 0.053963 0.340806 0.861906 0.134112 0.489011 0.128483 0.531669 0.83715 -0.494424 0.580327 0.647121 -0.970981 -0.036261 -0.236392 0.742828 -0.660143 0.11144 0.314108 -0.838963 -0.444384 0.251772 -0.838095 -0.48395 -0.568376 0.672715 0.473712 0.423424 -0.872822 -0.24268 0.742394 -0.636816 0.208127 0.128483 0.531669 0.83715 0.346745 -0.143073 0.926983 0.395734 -0.187359 0.89905 0.358625 -0.122925 0.925353 0.343139 0.162162 0.925181 0.360691 0.120876 0.924819 0.33329 0.14021 0.932341 -0.304956 -0.76064 0.573087 -0.624231 -0.5714 0.532764 -0.050804 -0.974224 -0.219789 -0.651597 -0.516665 0.555409 -0.022744 -0.998678 -0.046105 -0.798335 -0.249967 0.547885 -0.013779 -0.936374 0.350733 -0.81961 0.256364 0.512364 -0.000253 -0.982505 -0.186235 0.338485 -0.848697 0.406375 0.330227 -0.352601 0.87557 0.194226 -0.980399 -0.033074 0.344785 -0.659801 0.667672 -0.002912 -0.97182 -0.235705 0.204978 -0.971126 0.122059 0.491906 -0.782086 0.382583 0.094999 -0.858126 0.504574 0 -0.6576 0.753368 0.344785 -0.659801 0.667672 0.120443 -0.267777 0.955923 0 -0.821298 0.570499 0.340972 -0.2264 0.912404 0.218286 -0.185857 0.958023 0.271165 -0.205766 0.940282 0.346745 -0.143073 0.926983 0.241288 -0.118232 0.963224 0.37532 -0.224909 0.899194 0.334493 -0.193438 0.922332 0.395734 -0.187359 0.89905 0.346745 -0.143073 0.926983 -0.70927 0.321418 0.627397 -0.76255 0.195449 0.616699 -0.355425 0.191303 -0.914919 -0.399448 0.124278 -0.908293 -0.509509 0.232321 -0.828509 -0.533903 0.274169 -0.799862 -0.70927 0.321418 0.627397 -0.509509 0.232321 -0.828509 -0.398168 -0.300529 -0.866686 -0.721556 -0.049367 -0.690594 -0.470234 -0.182505 -0.863466 -0.122618 0.631333 0.765757 -0.214024 0.479996 0.850763 -0.313742 0.665271 0.677481 -0.269024 0.716175 0.643988 -0.688033 0.446543 0.572023 -0.25847 0.880357 0.397699 -0.568476 0.803368 0.177297 -0.849957 0.450555 0.273082 -0.808023 0.505345 -0.302861 -0.555024 0.824002 0.11388 -0.510644 0.714755 0.477878 -0.313742 0.665271 0.677481 -0.808023 0.505345 -0.302861 -0.455349 0.722873 -0.519723 -0.360763 0.215159 -0.9075 -0.53633 0.25741 -0.803798 -0.472004 0.128359 -0.872202 -0.533903 0.274169 -0.799862 -0.355425 0.191303 -0.914919 -0.325146 0.211448 -0.921721 -0.3308 0.197212 -0.922865 -0.183809 0.192837 -0.963861 0 0.469862 -0.88274 0 0.146088 -0.989272 -0.049778 0.389547 -0.91966 -0.3261 0.152984 -0.932874 -0.175107 0.272373 -0.946124 -0.126385 0.136904 -0.982489 -0.361205 0.248847 -0.898669 -0.175633 0.17416 -0.968928 -0.482404 0.077598 -0.872505 0.146492 0.808782 -0.569572 0 0.902272 -0.431168 -0.147838 0.244916 -0.958207 -0.413268 0.83675 -0.359248 -0.462477 0.337304 -0.819964 -0.149975 0.771807 -0.617917 0.085725 0.770651 -0.631465 0.982928 -0.06358 0.172659 0.491906 -0.782086 0.382583 0.969999 -0.040473 0.239717 0.946825 -0.152167 -0.283492 0.934785 -0.020056 -0.354648 0.777231 0.376974 -0.503788 0.516306 -0.474893 -0.712674 0.727641 0.669203 -0.150683 0.568376 0.672715 0.473712 0.969999 -0.040473 0.239717 0.727641 0.669203 -0.150683 0.549658 0.666155 0.504097 0.283469 0.597516 0.75008 0.140884 0.656013 0.741484 0.608067 0.746 0.271548 0.777231 0.376974 -0.503788 0.139501 0.654898 0.742731 0.299522 0.90686 0.296465 0.619535 0.783942 0.040145 0.858302 0.511759 0.037699 0.299522 0.90686 0.296465 0.221781 0.961649 0.161382 -0.25847 0.880357 0.397699 -0.025505 0.998673 0.044734 0.125313 0.985333 -0.115829 0.568376 0.672715 0.473712 0.330413 0.940786 -0.075818 0 0.902272 -0.431168 0.146492 0.808782 -0.569572 0.085725 0.770651 -0.631465 0.253025 0.941299 -0.223461 0.352701 0.935736 0.000224 -0.149975 0.771807 -0.617917 -0.413268 0.83675 -0.359248 0.619535 0.783942 0.040145 0.221781 0.961649 0.161382 0.299522 0.90686 0.296465 0.352701 0.935736 0.000224 -0.025505 0.998673 0.044734 0.253025 0.941299 -0.223461 -0.413268 0.83675 -0.359248 -0.624231 -0.5714 0.532764 -0.344059 0.641118 0.685997 -0.651597 -0.516665 0.555409 -0.386382 0.802967 0.45382 -0.798335 -0.249967 0.547885 -0.192653 0.496751 0.846241 -0.304956 -0.76064 0.573087 0.135194 0.53115 0.836423 0.140884 0.656013 0.741484 -0.122618 0.631333 0.765757 0.549658 0.666155 0.504097 -0.328016 0.940154 0.092287 -0.313742 0.665271 0.677481 -0.510644 0.714755 0.477878 -0.555024 0.824002 0.11388 0.067115 0.245068 0.96718 0 -0.850816 0.525464 0 0.724472 0.689304 -0.328016 0.940154 0.092287 -0.410414 0.827141 -0.383926 -0.555024 0.824002 0.11388 -0.53633 0.25741 -0.803798 -0.70927 0.321418 0.627397 -0.76255 0.195449 0.616699 -0.025505 0.998673 0.044734 -0.413268 0.83675 -0.359248 -0.413268 0.83675 -0.359248 0.516306 -0.474893 -0.712674 -0.178624 -0.904912 -0.386301 0 -0.850816 0.525464 0 -0.358268 -0.933619 0.946825 -0.152167 -0.283492 0.7345 0.653228 -0.183857 0.824089 0.527377 -0.206763 0.695919 0.717951 -0.015596 0.635404 0.7063 0.312094 0.652047 0.745733 -0.136809 0.47849 0.813865 0.329654 0.631879 0.729555 -0.261683 0.203812 0.591192 0.780354 -0.022096 0.453007 0.891233 0.069892 0.44149 0.89454 0.640917 0.574936 0.5086 0.02836 0.353113 0.935151 -0.196548 0.336415 0.920974 -0.102513 0.412186 0.905314 -0.087165 0.323045 0.942361 0.023406 0.334691 0.942037 0.217623 0.494698 0.841376 0.265459 0.659151 0.703598 0.257576 0.710192 0.655197 0.388014 0.847345 0.362563 0.516531 0.759951 0.394551 0.678449 0.506142 0.532472 0.598069 0.652218 0.465752 0.504874 0.815345 0.283398 0.743918 0.666463 -0.049123 0.62341 0.683427 -0.379852 0.655727 0.666546 -0.354595 0.816463 0.55763 -0.149792 0.678045 0.664525 -0.314105 0.707434 0.664671 -0.240312 0.670147 0.646718 -0.364224 0.621162 0.561274 -0.546928 0.731603 0.50125 -0.462066 0.504044 0.225042 -0.833844 0.52774 0.605893 -0.595303 0.840413 0.519445 -0.154537 0.954841 0.270864 -0.122115 0.964532 0.017934 -0.263358 0.937315 0.332894 -0.103065 0.896318 0.335929 -0.289422 0.949154 0.189011 -0.251756 0.910681 0.293068 -0.291154 0.88857 0.01741 -0.458412 0.398313 -0.123833 -0.908852 0.185574 -0.265919 -0.945965 0.277607 -0.123179 -0.952765 0.038762 -0.230055 -0.972405 -0.086117 -0.244283 -0.965872 0.014368 -0.329968 -0.943883 -0.208845 -0.416869 -0.884649 -0.787591 -0.475076 -0.392432 -0.663951 -0.628163 -0.405684 -0.909795 -0.27887 0.307415 0.382131 -0.123044 -0.91588 0.194279 -0.348473 -0.916963 0.385037 -0.199701 -0.901036 0.17067 -0.422356 -0.890217 -0.571423 -0.69814 -0.431366 -0.436337 -0.849145 -0.297596 -0.355289 -0.905459 -0.232193 0.45964 0.887813 0.022778 -0.546914 -0.552855 0.628679 -0.594581 -0.462428 0.657749 -0.307463 -0.885339 0.34877 -0.728982 -0.429732 0.532837 -0.447898 -0.227102 0.864761 -0.509602 -0.412915 0.754856 -0.307463 -0.885339 0.34877 -0.454403 -0.798209 0.395449 -0.444187 -0.234046 0.864824 -0.620741 -0.08769 0.779097 -0.487928 0.042742 0.871837 -0.617953 0.125724 0.776098 -0.673605 -0.076393 0.735133 -0.845184 -0.328637 0.421499 -0.766771 -0.139842 0.626503 -0.755733 -0.457749 -0.468331 -0.90949 -0.155477 0.385557 -0.692335 -0.195826 0.694496 -0.824651 -0.272505 -0.495674 -0.730632 -0.064293 0.679738 -0.541178 -0.132592 0.830389 -0.610167 0.122878 0.782686 -0.929155 -0.119334 0.349902 -0.824651 -0.272505 -0.495674 -0.887055 -0.0757 0.455415 -0.104616 -0.992871 -0.057115 -0.20763 -0.962981 -0.171923 0.946825 -0.152167 -0.283492 0.276547 -0.57311 -0.771406 0.946825 -0.152167 -0.283492 0.715076 -0.293039 -0.634661 0.699895 0.479268 0.529574 0.419242 0.338334 0.842476 0.419983 0.519884 0.743865 0.33975 0.330999 0.880347 0.312969 0.438381 0.842539 0.484046 0.421797 0.766672 0.445316 0.510172 0.735812 0.43912 0.677693 0.589835 0.545925 0.570246 0.613828 0.575718 0.43758 0.690704 0.648007 0.557644 0.518768 0.606494 0.678116 0.415119 0.71605 0.56808 0.405656 0.835997 0.535316 0.120608 0.717371 0.694758 -0.051881 0.834726 0.376158 0.402167 0.797376 0.560688 0.223206 0.758835 0.54678 0.353838 0.677685 0.71195 0.184036 0.850387 0.515702 -0.104374 0.863155 0.379508 -0.333072 0.867113 0.36129 -0.342907 0.874458 0.406087 -0.265361 0.858096 0.456656 -0.234814 0.884902 0.452369 -0.110953 0.837485 0.33456 -0.432074 0.964424 0.243902 -0.101976 0.967805 0.246087 -0.052867 0.963404 0.268046 -0.0019 0.945115 0.314606 -0.088207 0.8534 0.511205 -0.101869 0.640917 0.574936 0.5086 0.920759 0.301925 0.247073 0.768112 0.63462 0.085206 0.917603 0.344871 0.197656 0.834029 0.541164 0.107413 0.990795 -0.031274 0.131709 0.946825 -0.152167 -0.283492 0.494424 0.580327 0.647121 -0.108313 -0.329794 -0.937819 -0.203834 -0.449899 -0.869507 -0.018169 -0.260818 -0.965217 -0.173196 -0.349598 -0.920752 -0.18095 -0.212845 -0.960184 -0.050598 -0.201054 -0.978273 -0.25185 -0.291676 -0.922766 -0.844323 -0.276594 -0.458927 -0.821156 -0.450516 -0.35034 -0.96796 -0.030983 0.249184 -0.13624 -0.459585 -0.877622 -0.273414 -0.571662 -0.773594 -0.1539 -0.588619 -0.793626 -0.287501 -0.749441 -0.596391 -0.795081 -0.561351 -0.229634 -0.773654 -0.629426 -0.07268 -0.151753 -0.751025 -0.642599 -0.749986 -0.136904 0.647131 -0.744363 -0.047496 0.666084 -0.797222 -0.189684 0.573112 -0.584336 0.05945 0.809332 0.45964 0.887813 0.022778 -0.67742 -0.09381 0.72959 -0.595922 -0.019934 0.802795 -0.755768 0.094917 0.647924 -0.909842 -0.017098 0.414603 -0.835091 -0.370717 -0.406437 -0.8439 -0.186307 -0.503113 -0.938584 0.053963 0.340806 -0.861906 0.134112 0.489011 -0.128483 0.531669 0.83715 0.494424 0.580327 0.647121 0.946825 -0.152167 -0.283492 -0.742828 -0.660143 0.11144 -0.314108 -0.838963 -0.444384 -0.251772 -0.838095 -0.48395 0.568376 0.672715 0.473712 -0.423424 -0.872822 -0.24268 -0.742394 -0.636816 0.208127 -0.128483 0.531669 0.83715 -0.032223 0.99892 0.033465 -0.047253 0.765047 0.642238 0.080117 0.996432 0.026537 0.048363 0.767245 0.639528 0.014311 0.057437 0.998247 -0.075382 0.086296 0.993414 0.031497 -0.714735 0.698686 -0.076071 -0.706568 0.703544 0.064276 -0.996972 0.043763 -0.061298 -0.996381 0.058886 -0.067477 -0.642465 0.763339 -0.072756 0.017658 0.997194 -0.063528 0.726874 0.683827 0.029098 0.0375 0.998873 0.072209 0.040901 0.996551 0.054851 -0.664919 0.744899 0.086326 -0.996085 0.019032 0.055141 -0.74987 0.659283 0.06376 -0.997452 0.032002 0.032991 -0.77365 0.632754 0.055296 0.031794 0.997964 0.020021 -0.030996 0.999319 0.077926 0.788256 0.610393 0.038756 0.786381 0.616525 0.099672 0.995019 0.001287 0.064358 0.997731 0.019753 0.018305 0.995749 0.090268 0.019426 0.742981 0.669031 -0.02676 0.997096 0.071297 0.018997 0.998187 0.057116 0.191413 0.980283 0.049052 0.04788 0.755399 0.653513 0.212319 0.756662 0.618372 0.22631 0.04624 0.972957 0.206987 -0.664448 0.718098 0.191841 -0.980185 0.049337 0.041235 -0.997517 0.057089 0.017544 -0.65742 0.75332 -0.011063 -0.995798 0.090903 -0.073163 -0.991416 0.108362 0.080117 0.996432 0.026537 -0.020068 0.776671 -0.629587 0.086212 0.767183 -0.635608 0.073137 0.091435 -0.993122 -0.040624 0.108137 -0.993306 0.073752 -0.703433 -0.706925 -0.054146 -0.703749 -0.708382 -0.036187 0.755507 -0.65414 0.114208 -0.726484 -0.677627 0.072912 -0.745418 -0.662598 0.134475 0.072951 -0.988228 0.125572 0.77767 -0.616004 0.084918 0.048406 -0.995211 0.099672 0.995019 0.001287 0.063819 0.782411 -0.619484 -0.087761 -0.693883 -0.71472 -0.02676 0.997096 0.071297 0.015418 0.021257 -0.999655 -0.06905 -0.654497 -0.752905 0.020658 -0.656579 -0.753974 0.159137 0.013179 -0.987169 0.008581 0.735894 -0.677043 0.16823 -0.638179 -0.751283 0.191182 0.726007 -0.660578 0.191413 0.980283 0.049052 0.007244 -0.997409 0.071568 -0.294123 -0.953482 0.066063 -0.280979 -0.137295 0.949843 -0.422155 -0.273491 0.864285 -0.277623 -0.960687 0.002453 -0.102118 -0.01056 0.994716 -0.225246 -0.968072 -0.110003 -0.035917 0.504685 0.862556 0.255225 0.226891 0.939883 0.113282 0.12786 0.985301 -0.270261 0.093528 0.958234 -0.331242 -0.744045 0.580238 -0.123436 0.85088 0.510653 -0.174267 0.492602 0.852628 0.234089 0.94634 0.222807 -0.076096 0.881846 0.465356 0.553151 0.806684 0.208049 -0.191094 -0.970091 -0.149691 0.302536 -0.269086 0.914366 0.084164 -0.978924 -0.186077 0.923941 -0.283989 0.256287 0.34669 0.910002 -0.227383 -0.116494 0.92593 -0.359282 0.392664 0.905018 -0.163575 0.379304 0.920977 -0.089045 -0.070984 0.997471 0.003508 0.396375 0.918075 -0.005011 0.371329 0.924593 0.085104 0.234089 0.94634 0.222807 0.968957 0.24444 0.037032 0.965373 0.260755 -0.007936 0.244789 0.91316 -0.325909 0.937821 0.322084 -0.129438 0.968957 0.24444 0.037032 0.611386 0.791007 0.022701 0.09747 -0.338041 0.93607 0.999573 0.025346 -0.014555 0.152788 -0.038885 0.987494 0.965373 0.260755 -0.007936 0.204602 0.149698 -0.967331 0.462661 -0.88651 -0.006653 0.07391 -0.35124 -0.933364 0.390202 -0.895708 0.21319 0.245603 -0.921838 -0.299824 0.355311 -0.934604 0.016418 0.341935 -0.934705 -0.096986 0.157588 -0.981153 -0.111824 0.011722 -0.806027 -0.591763 0.965373 0.260755 -0.007936 0.968957 0.24444 0.037032 0.117644 -0.948595 -0.293814 0.025425 -0.970857 -0.238308 0.186075 -0.865608 -0.464865 0.19864 -0.748325 -0.632892 -0.107933 -0.801226 -0.588547 0.140959 -0.8943 -0.424687 0.937821 0.322084 -0.129438 0.002485 0.151089 -0.988517 -0.160039 0.167644 -0.972771 -0.813487 -0.581272 -0.019046 0.03395 -0.808964 -0.586877 -0.294123 -0.953482 0.066063 -0.277623 -0.960687 0.002453 -0.225246 -0.968072 -0.110003 0.333919 -0.043852 -0.941581 -0.813487 -0.581272 -0.019046 0.119167 0.020207 0.992669 0.021125 -0.358214 0.933401 -0.987914 -0.151018 -0.034928 -0.976855 -0.213822 0.005908 -0.024018 -0.335037 -0.941899 -0.21048 -0.977152 -0.029555 -0.976855 -0.213822 0.005908 0.255225 0.226891 0.939883 0.946165 -0.281681 -0.159463 0.946165 -0.281681 -0.159463 0.19864 -0.748325 -0.632892 -0.599202 -0.797691 -0.068159 0.113282 0.12786 0.985301 0.553151 0.806684 0.208049 0.255225 0.226891 0.939883 0.333919 -0.043852 -0.941581 0.592619 0.728988 0.342605 0.024903 0.265434 -0.963807 -0.191094 -0.970091 -0.149691 0.570095 0.808089 -0.148269 -0.10082 0.154691 -0.982805 0.608535 -0.07305 -0.790157 0.084164 -0.978924 -0.186077 0.390202 -0.895708 0.21319 -0.280979 -0.137295 0.949843 0.592619 0.728988 0.342605 -0.102118 -0.01056 0.994716 0.570095 0.808089 -0.148269 0.608535 -0.07305 -0.790157 0.696676 0.716907 0.026207 0.002485 0.151089 -0.988517 0.696676 0.716907 0.026207 0.158499 0.092737 -0.982994 0.902099 -0.429628 -0.040455 -0.21048 -0.977152 -0.029555 -0.024018 -0.335037 -0.941899 0.021125 -0.358214 0.933401 0.094577 -0.06434 0.993436 0.244789 0.91316 -0.325909 0.937821 0.322084 -0.129438 -0.550445 -0.834761 -0.013598 0.968957 0.24444 0.037032 -0.550445 -0.834761 -0.013598 0.16994 0.100403 0.980326 0.09747 -0.338041 0.93607 -0.878537 -0.477615 -0.007507 -0.821776 -0.569808 0.001776 0.166536 -0.04407 -0.98505 -0.878537 -0.477615 -0.007507 -0.821776 -0.569808 0.001776 0.462661 -0.88651 -0.006653 0.07391 -0.35124 -0.933364 0.994827 0.101206 0.008793 0.550002 -0.834922 0.020077 0.138594 -0.335953 -0.931626 0.156505 -0.315682 0.935869 0.162615 -0.018886 0.986509 0.614049 0.789266 -0.001822 0.203351 0.126508 -0.970899 0.138594 -0.335953 -0.931626 0.550002 -0.834922 0.020077 -0.773619 -0.632957 0.029659 0.156505 -0.315682 0.935869 -0.949742 -0.312187 -0.023 -0.773619 -0.632957 0.029659 0.985884 -0.162524 -0.040231 0.263962 -0.964307 -0.020892 0.077661 -0.331683 -0.940189 0.066081 -0.355286 0.932419 0.056609 -0.048012 0.997241 0.686154 0.727368 0.011368 0.686154 0.727368 0.011368 0.227354 0.126408 -0.965573 0.392664 0.905018 -0.163575 0.077661 -0.331683 -0.940189 0.263962 -0.964307 -0.020892 -0.902788 -0.419137 -0.096425 0.066081 -0.355286 0.932419 -0.981318 -0.190524 -0.026739 -0.740991 -0.661245 -0.116993 -0.740991 -0.661245 -0.116993 0.147836 0.054335 0.987518 0.191841 -0.980185 0.049337 0.324454 -0.648678 -0.688437 0.16823 -0.638179 -0.751283 0.245395 -0.946365 -0.210176 0.232486 -0.664506 -0.710199 0.17783 -0.959286 -0.219426 0.073239 -0.978077 -0.194939 0.057457 -0.67016 -0.739989 -0.05334 -0.742404 -0.667825 0.038459 -0.120189 -0.992006 0.160778 -0.163403 -0.97337 0.24301 -0.258147 -0.935043 0.325096 0.146024 -0.934339 0.159137 0.013179 -0.987169 0.191182 0.726007 -0.660578 0.217813 0.154514 -0.963682 0.275191 0.692883 -0.66647 0.373196 0.917258 -0.139148 0.191413 0.980283 0.049052 0.276163 0.927565 0.251709 0.278539 0.946642 -0.162129 0.241161 0.913942 0.326422 0.344806 0.695567 0.630314 0.212319 0.756662 0.618372 0.22631 0.04624 0.972957 0.255105 0.195387 0.946967 0.277628 0.670619 0.68789 0.208912 0.213592 0.954324 0.337995 -0.285614 0.896763 0.206987 -0.664448 0.718098 0.305842 -0.688836 0.657241 0.285057 -0.278939 0.917025 0.358559 -0.901566 0.242103 0.191841 -0.980185 0.049337 0.245395 -0.946365 -0.210176 0.309058 -0.917424 0.250632 0.253609 -0.945178 -0.205722 0.139817 -0.953355 -0.267516 0.141188 -0.957908 0.249958 0.007242 -0.96746 0.252922 0.093375 -0.703961 0.704074 0.209112 -0.726794 0.654249 0.232416 -0.659298 0.715059 0.112211 -0.700626 0.70465 0.13357 -0.280049 0.950648 0.028489 -0.244403 0.969255 0.127107 0.198564 0.971811 0.232308 0.156914 0.959902 0.084046 0.211678 0.973719 0.110546 0.719067 0.686092 0.006372 0.734423 0.678662 0.112419 0.974099 0.196197 0.224199 0.950677 0.214358 0.110992 0.932941 0.342493 0.099649 0.981893 -0.161107 0.009919 0.984879 -0.17296 0.074171 0.775636 -0.626808 0.200395 0.768534 -0.607616 0.176629 0.63605 -0.751161 0.078664 0.654594 -0.751877 0.048 0.158147 -0.986248 -0.048891 0.194546 -0.979674 0.011854 -0.382743 -0.923779 0.113003 -0.364286 -0.924406 -0.363232 0.885179 -0.290725 -0.376835 0.892211 -0.248906 -0.423405 0.872951 -0.24225 -0.368607 0.906655 -0.205198 -0.396621 0.864796 -0.307928 -0.626722 0.767513 0.134696 -0.693336 0.703418 0.156486 -0.404276 0.896822 -0.179641 -0.653645 0.468123 -0.59465 -0.708228 0.488408 -0.509775 -0.999952 0.002722 -0.009392 -0.708228 0.488408 -0.509775 -0.713355 -0.198544 -0.67209 -0.403877 0.219391 -0.888117 -0.653645 0.468123 -0.59465 -0.357721 0.140685 -0.92317 -0.337337 0.164134 -0.926965 -0.356036 0.223153 -0.907437 -0.341786 0.288335 -0.894452 -0.65782 -0.15464 -0.737129 -0.371102 0.310256 -0.875228 -0.375173 -0.692806 -0.615845 -0.381821 -0.681396 -0.624429 -0.43205 -0.665041 -0.609141 -0.375456 -0.672605 -0.63768 -0.412928 -0.694254 -0.589493 -0.65782 -0.15464 -0.737129 -0.713355 -0.198544 -0.67209 -0.423391 -0.639552 -0.641649 -0.618943 -0.766502 -0.171417 -0.691603 -0.697112 -0.188998 -0.999952 0.002722 -0.009392 -0.346236 -0.916954 0.198281 -0.347436 -0.921532 0.173398 -0.396511 -0.903413 0.16317 -0.330512 -0.933397 0.139754 -0.360332 -0.910498 0.202866 -0.618943 -0.766502 -0.171417 -0.691603 -0.697112 -0.188998 -0.374848 -0.921201 0.104297 -0.647196 -0.522164 0.555412 -0.710551 -0.492755 0.502304 -0.710551 -0.492755 0.502304 -0.699555 0.22952 0.676715 -0.356056 -0.163252 0.920094 -0.647196 -0.522164 0.555412 -0.312178 -0.127513 0.941427 -0.283891 -0.15271 0.946618 -0.298375 -0.169946 0.939197 -0.286492 -0.189143 0.939227 -0.618495 0.227239 0.752214 -0.339077 -0.218725 0.914979 -0.331048 0.695653 0.637553 -0.335898 0.701404 0.628653 -0.391727 0.685251 0.613987 -0.326422 0.709951 0.624034 -0.383116 0.699491 0.60327 -0.377848 0.676245 0.632395 -0.626722 0.767513 0.134696 -0.693336 0.703418 0.156486 -0.618495 0.227239 0.752214 -0.699555 0.22952 0.676715 0.032223 0.99892 0.033465 -0.080117 0.996432 0.026537 0.047253 0.765047 0.642238 -0.048363 0.767245 0.639528 -0.014311 0.057437 0.998247 0.075382 0.086296 0.993414 -0.031497 -0.714735 0.698686 0.076071 -0.706568 0.703544 -0.064276 -0.996972 0.043763 0.061298 -0.996381 0.058886 0.067477 -0.642465 0.763339 0.072756 0.017658 0.997194 0.063528 0.726874 0.683827 -0.029098 0.0375 0.998873 -0.086326 -0.996085 0.019032 -0.055141 -0.74987 0.659283 -0.06376 -0.997452 0.032002 -0.032991 -0.77365 0.632754 -0.055296 0.031794 0.997964 -0.020021 -0.030996 0.999319 -0.077926 0.788256 0.610393 -0.038756 0.786381 0.616525 -0.099672 0.995019 0.001287 -0.064358 0.997731 0.019753 0.02676 0.997096 0.071297 -0.018305 0.995749 0.090268 -0.018997 0.998187 0.057116 -0.04788 0.755399 0.653513 -0.191413 0.980283 0.049052 -0.212319 0.756662 0.618372 -0.072209 0.040901 0.996551 -0.054851 -0.664919 0.744899 -0.206987 -0.664448 0.718098 -0.191841 -0.980185 0.049337 -0.041235 -0.997517 0.057089 -0.22631 0.04624 0.972957 -0.017544 -0.65742 0.75332 0.011063 -0.995798 0.090903 0.020068 0.776671 -0.629587 -0.080117 0.996432 0.026537 -0.086212 0.767183 -0.635608 -0.073137 0.091435 -0.993122 0.040624 0.108137 -0.993306 -0.073752 -0.703433 -0.706925 0.054146 -0.703749 -0.708382 0.087761 -0.693883 -0.71472 -0.114208 -0.726484 -0.677627 -0.072912 -0.745418 -0.662598 -0.134475 0.072951 -0.988228 -0.125572 0.77767 -0.616004 -0.084918 0.048406 -0.995211 -0.099672 0.995019 0.001287 -0.063819 0.782411 -0.619484 0.036187 0.755507 -0.65414 -0.015418 0.021257 -0.999655 -0.020658 -0.656579 -0.753974 0.06905 -0.654497 -0.752905 -0.159137 0.013179 -0.987169 -0.008581 0.735894 -0.677043 -0.16823 -0.638179 -0.751283 -0.041235 -0.997517 0.057089 -0.007244 -0.997409 0.071568 -0.191841 -0.980185 0.049337 -0.191182 0.726007 -0.660578 -0.191413 0.980283 0.049052 0.280979 -0.137295 0.949843 0.277623 -0.960687 0.002453 0.294123 -0.953482 0.066063 0.102118 -0.01056 0.994716 0.225246 -0.968072 -0.110003 -0.255225 0.226891 0.939883 0.035917 0.504685 0.862556 -0.553151 0.806684 0.208049 -0.234724 0.946173 0.222848 0.076096 0.881846 0.465356 -0.114097 0.128064 0.985181 0.191094 -0.970091 -0.149691 -0.302536 -0.269086 0.914366 -0.084164 -0.978924 -0.186077 -0.923941 -0.283989 0.256287 -0.34669 0.910002 -0.227383 -0.392664 0.905018 -0.163575 0.116494 0.92593 -0.359282 -0.379304 0.920977 -0.089045 -0.396146 0.918174 -0.005015 0.070984 0.997471 0.003508 -0.371329 0.924593 0.085104 -0.969415 0.242596 0.037165 -0.965901 0.258812 -0.007253 -0.223873 0.92015 -0.321256 -0.954247 0.269316 -0.129929 -0.60354 0.797009 0.022704 -0.138438 -0.330918 0.93345 -0.09303 -0.034841 0.995054 -0.994074 0.10758 -0.01561 -0.224358 0.151016 -0.962734 -0.114011 -0.346561 -0.931073 -0.462661 -0.88651 -0.006653 -0.390305 -0.895665 0.213184 -0.356506 -0.934149 0.016419 -0.245603 -0.921838 -0.299824 -0.341935 -0.934705 -0.096986 -0.157588 -0.981153 -0.111824 -0.011722 -0.806027 -0.591763 -0.965901 0.258812 -0.007253 -0.969415 0.242596 0.037165 -0.117644 -0.948595 -0.293814 -0.025425 -0.970857 -0.238308 -0.186075 -0.865608 -0.464865 -0.19864 -0.748325 -0.632892 0.107933 -0.801226 -0.588547 -0.16968 -0.889473 -0.424319 -0.954247 0.269316 -0.129929 0.019489 0.126638 -0.991758 0.160039 0.167644 -0.972771 0.636577 -0.770764 -0.026303 -0.03395 -0.808964 -0.586877 0.294123 -0.953482 0.066063 0.277623 -0.960687 0.002453 0.225246 -0.968072 -0.110003 -0.333919 -0.043852 -0.941581 -0.954247 0.269316 -0.129929 -0.108144 0.022202 0.993887 0.191094 -0.970091 -0.149691 -0.024903 0.265434 -0.963807 -0.592619 0.728988 0.342605 -0.553151 0.806684 0.208049 -0.570095 0.808089 -0.148269 0.10082 0.154691 -0.982805 -0.608535 -0.07305 -0.790157 -0.084164 -0.978924 -0.186077 -0.946165 -0.281681 -0.159463 -0.255225 0.226891 0.939883 -0.255225 0.226891 0.939883 -0.946165 -0.281681 -0.159463 -0.114097 0.128064 0.985181 0.645408 -0.760658 -0.069634 -0.570095 0.808089 -0.148269 -0.608535 -0.07305 -0.790157 -0.592619 0.728988 0.342605 0.102118 -0.01056 0.994716 0.280979 -0.137295 0.949843 -0.223873 0.92015 -0.321256 0.019489 0.126638 -0.991758 -0.604653 0.796207 0.021169 -0.11234 0.103934 -0.988219 -0.604653 0.796207 0.021169 0.606706 -0.794794 -0.014533 -0.189834 0.102822 0.976417 -0.965901 0.258812 -0.007253 -0.138438 -0.330918 0.93345 0.777176 -0.629278 0.002362 0.872159 -0.489171 -0.007019 -0.114011 -0.346561 -0.931073 -0.462661 -0.88651 -0.006653 -0.98037 0.19701 0.007913 -0.18701 -0.31992 -0.928805 -0.550002 -0.834922 0.020077 -0.204206 -0.295692 0.933202 -0.101248 -0.003138 0.994856 -0.597287 0.802024 -0.00254 -0.969415 0.242596 0.037165 -0.223754 0.1271 -0.966323 -0.18701 -0.31992 -0.928805 0.713033 -0.700423 0.031482 -0.550002 -0.834922 0.020077 -0.204206 -0.295692 0.933202 0.929282 -0.368645 -0.023149 -0.979498 -0.197995 -0.037167 -0.064228 -0.345234 -0.936316 -0.049741 -0.998584 -0.018883 -0.054502 -0.365057 0.929389 -0.171691 -0.024305 0.984851 -0.168524 0.128805 -0.977245 -0.19712 -0.082715 -0.976884 -0.97167 0.235912 -0.014249 -0.634111 0.773143 0.012401 -0.634111 0.773143 0.012401 -0.064228 -0.345234 -0.936316 0.955964 -0.277806 -0.094639 -0.049741 -0.998584 -0.018883 -0.054502 -0.365057 0.929389 0.85103 -0.524193 -0.031145 0.531108 -0.841847 -0.096011 -0.090499 0.036103 0.995242 0.531108 -0.841847 -0.096011 -0.168524 0.128805 -0.977245 -0.19712 -0.082715 -0.976884 -0.191841 -0.980185 0.049337 -0.16823 -0.638179 -0.751283 -0.324454 -0.648678 -0.688437 -0.245395 -0.946365 -0.210176 -0.232486 -0.664506 -0.710199 -0.17783 -0.959286 -0.219426 -0.073239 -0.978077 -0.194939 -0.057457 -0.67016 -0.739989 0.05334 -0.742404 -0.667825 -0.038459 -0.120189 -0.992006 -0.160778 -0.163403 -0.97337 -0.24301 -0.258147 -0.935043 -0.325096 0.146024 -0.934339 -0.159137 0.013179 -0.987169 -0.191182 0.726007 -0.660578 -0.217813 0.154514 -0.963682 -0.275191 0.692883 -0.66647 -0.373196 0.917258 -0.139148 -0.191413 0.980283 0.049052 -0.276163 0.927565 0.251709 -0.278539 0.946642 -0.162129 -0.241161 0.913942 0.326422 -0.344806 0.695567 0.630314 -0.212319 0.756662 0.618372 -0.22631 0.04624 0.972957 -0.255105 0.195387 0.946967 -0.277628 0.670619 0.68789 -0.208912 0.213592 0.954324 -0.337995 -0.285614 0.896763 -0.206987 -0.664448 0.718098 -0.305842 -0.688836 0.657241 -0.285057 -0.278939 0.917025 -0.358559 -0.901566 0.242103 -0.191841 -0.980185 0.049337 -0.245395 -0.946365 -0.210176 -0.309058 -0.917424 0.250632 -0.253609 -0.945178 -0.205722 -0.139817 -0.953355 -0.267516 -0.141188 -0.957908 0.249958 -0.007242 -0.96746 0.252922 -0.093375 -0.703961 0.704074 -0.209112 -0.726794 0.654249 -0.232416 -0.659298 0.715059 -0.112211 -0.700626 0.70465 -0.13357 -0.280049 0.950648 -0.028489 -0.244403 0.969255 -0.127107 0.198564 0.971811 -0.232308 0.156914 0.959902 -0.084046 0.211678 0.973719 -0.110546 0.719067 0.686092 -0.006372 0.734423 0.678662 -0.112419 0.974099 0.196197 -0.224199 0.950677 0.214358 -0.110992 0.932941 0.342493 -0.009919 0.984879 -0.17296 -0.099649 0.981893 -0.161107 -0.074171 0.775636 -0.626808 -0.200395 0.768534 -0.607616 -0.176629 0.63605 -0.751161 -0.078664 0.654594 -0.751877 -0.048 0.158147 -0.986248 0.048891 0.194546 -0.979674 -0.011854 -0.382743 -0.923779 -0.113003 -0.364286 -0.924406 0.363232 0.885179 -0.290725 0.423405 0.872951 -0.24225 0.376835 0.892211 -0.248906 0.368607 0.906655 -0.205198 0.396621 0.864796 -0.307928 0.626722 0.767513 0.134696 0.693336 0.703418 0.156486 0.404276 0.896822 -0.179641 0.653645 0.468123 -0.59465 0.708228 0.488408 -0.509775 0.999952 0.002722 -0.009392 0.708228 0.488408 -0.509775 0.713355 -0.198544 -0.67209 0.403877 0.219391 -0.888117 0.653645 0.468123 -0.59465 0.357721 0.140685 -0.92317 0.337337 0.164134 -0.926965 0.356036 0.223153 -0.907437 0.341786 0.288335 -0.894452 0.65782 -0.15464 -0.737129 0.371102 0.310256 -0.875228 0.375173 -0.692806 -0.615845 0.43205 -0.665041 -0.609141 0.381821 -0.681396 -0.624429 0.375456 -0.672605 -0.63768 0.412928 -0.694254 -0.589493 0.65782 -0.15464 -0.737129 0.713355 -0.198544 -0.67209 0.423391 -0.639552 -0.641649 0.618943 -0.766502 -0.171417 0.691603 -0.697112 -0.188998 0.999952 0.002722 -0.009392 0.346236 -0.916954 0.198281 0.396511 -0.903413 0.16317 0.347436 -0.921532 0.173398 0.330512 -0.933397 0.139754 0.360332 -0.910498 0.202866 0.618943 -0.766502 -0.171417 0.691603 -0.697112 -0.188998 0.374848 -0.921201 0.104297 0.647196 -0.522164 0.555412 0.710551 -0.492755 0.502304 0.710551 -0.492755 0.502304 0.699555 0.22952 0.676715 0.356056 -0.163252 0.920094 0.647196 -0.522164 0.555412 0.312178 -0.127513 0.941427 0.283891 -0.15271 0.946618 0.298375 -0.169946 0.939197 0.286492 -0.189143 0.939227 0.618495 0.227239 0.752214 0.339077 -0.218725 0.914979 0.331048 0.695653 0.637553 0.391727 0.685251 0.613987 0.335898 0.701404 0.628653 0.326422 0.709951 0.624034 0.383116 0.699491 0.60327 0.377848 0.676245 0.632395 0.626722 0.767513 0.134696 0.693336 0.703418 0.156486 0.618495 0.227239 0.752214 0.699555 0.22952 0.676715 0.937161 -0.300434 -0.177392 0.973223 -0.223138 0.0552 0.973398 -0.148341 0.174616 0.869682 -0.360577 -0.337101 0.732334 -0.624005 -0.272591 0.73134 -0.658115 -0.178957 0.66538 -0.568053 0.484339 0.431381 -0.869786 0.239549 0.232067 -0.626175 0.744345 0.618775 -0.187977 0.762747 0.019175 -0.613301 0.789617 0.349732 -0.04082 0.93596 0.841462 0.528989 -0.110055 0.887319 0.408464 -0.214062 0.897158 0.345562 0.275125 0.967988 0.142207 -0.206823 0.196046 0.646047 -0.737692 0.568262 0.430073 -0.701509 0.58786 0.609944 -0.531403 0.450561 0.532786 -0.716333 0.021671 0.484791 -0.874361 0.420102 0.273525 -0.865274 -0.084106 0.091282 -0.992267 0 0.417487 -0.908683 0 -0.370864 -0.928687 0 0.109827 -0.993951 -0.086804 -0.322678 -0.94252 0.717105 0.482333 -0.503106 0.907165 0.420651 0.010214 0.777395 0.359918 -0.515865 0.721364 0.243501 0.648337 0.934736 0.349781 0.062623 0.853676 0.382465 0.353495 0 -0.209533 0.977802 0.222403 -0.447302 0.86629 0.175444 -0.189525 0.966074 0 -0.48963 0.87193 0.435133 0.227656 0.871109 0.424596 0.037469 0.904607 0 -0.017799 0.999842 0.185868 0.013973 0.982475 0.210481 0.156178 0.965042 0.136795 0.083668 0.98706 0.3294 0.09379 0.939521 0.68601 0.297834 0.663841 0.761626 0.214211 0.611587 0.861869 0.078315 0.501048 0.546153 0.041226 0.83667 -0.386513 -0.73576 0.556116 -0.08682 -0.210592 0.973711 -0.012438 -0.910751 0.412768 -0.034424 -0.538698 0.841796 0.431943 -0.528564 0.730784 0.431603 -0.016902 0.901905 -0.059656 -0.018953 0.998039 -0.445865 -0.470906 0.761217 0.772176 -0.508731 0.380705 0.292861 0.429028 0.854498 0.702367 0.377847 0.603252 -0.77792 -0.235436 0.58259 -0.571408 -0.058974 0.818545 -0.230412 0.445049 0.865357 0.144557 0.669084 0.728992 -0.703037 0.206862 0.680402 -0.331647 0.555229 0.762713 0.139806 0.733009 0.665697 0.830382 -0.556216 0.032999 0.827676 -0.03345 0.560208 0.471478 0.656777 0.588517 0.400177 0.81627 0.416609 0.927991 0.163128 0.334996 0.725039 0.46965 0.503733 0.950869 0.127002 0.282346 0.070826 0.95183 0.298334 0.98116 0.085759 0.173123 0.723629 0.628564 -0.285076 0.917403 0.120311 0.379339 0.909104 -0.338288 -0.243088 0.723629 0.628564 -0.285076 0.090357 0.821536 0.562951 0.068421 0.82125 0.566451 0.098891 0.994822 -0.023429 0.022386 0.999691 -0.010802 0.075317 0.082717 0.993723 0.108878 0.121591 0.986591 0.071433 0.054441 0.995959 0.048575 -0.74022 0.670608 -0.005433 -0.980811 -0.194884 0.105252 -0.994433 -0.005076 0.031563 0.783456 0.620645 -0.018412 0.982091 0.187506 0.048441 0.790687 0.610302 0.047376 0.998852 0.007021 0.061768 0.051002 0.996787 0.047705 -0.680249 0.731427 0.032513 -0.998513 0.043746 0.158585 0.987193 -0.017369 0.139361 0.816136 0.560804 0.714159 -0.699261 0.031784 0.373836 -0.609962 0.698708 0.905434 0.134927 0.402471 0.4595 0.388201 0.798849 0.804227 0.456165 0.380963 0.371369 0.617469 0.69341 0.537505 0.729579 0.42285 0.06972 0.710613 0.70012 0.101832 0.856351 0.506254 -0.123481 0.651074 0.748903 0.023825 0.556029 0.830821 0 0.542269 0.840205 -0.379305 0.559041 0.737293 0 0.547716 0.836664 -0.302468 0.776847 0.552288 0.332012 0.826411 0.454767 0.216006 0.745509 0.630522 0.318098 0.868704 0.379694 0.36749 0.930027 0.001044 0.447111 0.893924 0.031494 0.270052 0.962583 -0.022512 0 0.455424 0.890275 0 0.545988 0.837793 0.09877 0.620136 0.778252 -0.673965 0.53587 0.508542 -0.309393 0.722521 0.618255 -0.672986 0.422499 0.607112 -0.891114 0.145401 0.429855 -0.537903 0.410405 0.736362 -0.518104 0.083443 0.851238 0.092044 0.811577 0.57695 0.537798 0.778225 0.324252 0.874021 0.470107 0.122828 0.984685 0.164685 0.057229 0.980981 -0.186124 -0.055076 0.95139 -0.257622 -0.168782 0.972394 0.230808 0.03433 -0.77792 -0.235436 0.58259 -0.775029 0.127844 0.618859 0.99577 -0.070446 0.058989 0.997489 0.070779 0.002642 0.897019 0.407084 0.172162 0.400177 0.81627 0.416609 0.033931 0.745186 0.665993 -0.331647 0.555229 0.762713 0.125138 0.787451 -0.60354 0.098891 0.994822 -0.023429 0.033337 0.783964 -0.61991 0.022386 0.999691 -0.010802 0.161115 -0.061637 -0.985009 0.156742 0.05283 -0.986225 0.003488 0.90021 -0.435442 -0.018412 0.982091 0.187506 0.011336 0.31246 -0.949863 0.191587 -0.705759 -0.682055 -0.020216 -0.463988 -0.885611 0.105252 -0.994433 -0.005076 -0.005433 -0.980811 -0.194884 0.177249 0.77726 -0.603696 0.464066 -0.523283 -0.714715 0.204864 0.102551 -0.973403 0.6608 -0.273677 -0.698888 0.714159 -0.699261 0.031784 0.980981 -0.186124 -0.055076 0.599328 -0.294071 -0.744532 0.168747 -0.046174 -0.984577 0.153606 0.383967 -0.910481 0.326678 0.214131 -0.920559 0 0.233518 -0.972352 0 0.036726 -0.999325 0.374191 0.764709 -0.524596 0.416521 0.779376 -0.468063 0.447111 0.893924 0.031494 0.36749 0.930027 0.001044 0 -0.225333 -0.974282 0.201127 0.491738 -0.847196 0 0.242672 -0.970108 0.270052 0.962583 -0.022512 0.254367 0.755082 -0.604276 0.158585 0.987193 -0.017369 -0.005433 -0.980811 -0.194884 0.010336 -0.645142 -0.763993 -0.020216 -0.463988 -0.885611 0.007514 0.055872 -0.99841 0.011336 0.31246 -0.949863 0.038891 0.752976 -0.656898 0.003488 0.90021 -0.435442 0.047376 0.998852 0.007021 -0.018412 0.982091 0.187506 -0.401345 0.569768 0.717138 0.531603 0.243116 0.811352 0.411284 0.564177 0.715926 -0.515192 0.252657 0.818988 0.698434 0.584799 0.412552 -0.018251 0.912552 0.408552 0.820153 0.439554 0.366253 0.832811 0.499898 0.237755 0.799255 -0.200799 -0.566455 -0.019779 0.676474 0.736201 -0.820075 0.433628 0.373421 -0.019262 0.845962 0.532895 -0.815409 -0.185154 -0.548476 -0.83285 0.492776 0.252058 0.012397 -0.36908 -0.929315 0.001017 -0.402481 -0.915428 -0.690569 -0.362301 -0.625981 -0.940805 -0.325033 0.096119 -0.975179 -0.17567 -0.134782 -0.750237 -0.028171 -0.660569 -0.987852 0.154911 -0.012281 -0.826372 0.337246 0.450972 -0.986876 0.157384 0.03615 -0.810479 -0.356487 -0.464803 -0.761134 -0.643983 0.077213 -0.181908 -0.941113 -0.284984 0.011838 -0.63195 0.774919 -0.654363 -0.672653 -0.345465 -0.660559 -0.632261 0.404855 -0.003398 -0.676807 -0.736153 -0.940805 -0.325033 0.096119 0.001953 -0.080322 0.996767 0.035866 -0.591311 0.805646 0.989572 0.141144 -0.028722 0.826762 0.341984 0.446668 0.014169 -0.073748 -0.997176 0.733196 -0.048943 -0.678254 0.889273 -0.309788 -0.336489 0.988054 0.131805 -0.079852 0.669485 -0.349929 -0.65524 0.948291 -0.31048 0.065934 0.650679 -0.677739 -0.342473 0.799246 -0.359487 -0.481638 0.667793 -0.650882 0.361116 0.768469 -0.639725 0.014404 0.181325 -0.933878 -0.30821 0.948291 -0.31048 0.065934 0.768469 -0.639725 0.014404 -0.810479 -0.356487 -0.464803 0.181325 -0.933878 -0.30821 0.799246 -0.359487 -0.481638 0.889273 -0.309788 -0.336489 -0.181908 -0.941113 -0.284984 -0.042397 -0.701498 -0.711409 -0.660559 -0.632261 0.404855 -0.654363 -0.672653 -0.345465 0.035866 -0.591311 0.805646 -0.003398 -0.676807 -0.736153 0.650679 -0.677739 -0.342473 0.667793 -0.650882 0.361116 0.021548 -0.081464 0.996443 0.756082 -0.083048 0.649187 -0.013714 -0.084607 0.99632 0.730774 -0.045437 0.681105 -0.748352 -0.080166 0.658439 -0.761395 -0.071571 0.644325 -0.996432 -0.084083 -0.0073 -0.999239 -0.031802 0.022564 0.998003 -0.050066 0.038503 0.994181 -0.10427 0.027066 0.706912 -0.137283 -0.693851 0.712483 -0.050125 -0.699897 0.014011 -0.062015 -0.997977 -0.018842 -0.140055 -0.989964 -0.702388 -0.119648 -0.701666 -0.708354 -0.052543 -0.703899 -0.996432 -0.084083 -0.0073 -0.999239 -0.031802 0.022564 -0.014135 -0.081424 -0.996579 -0.711158 -0.087896 -0.697516 0.996293 -0.082474 0.02445 0.723804 -0.092519 -0.683775 -0.99665 -0.081776 0.001342 0.018396 -0.089863 0.995784 0.768201 -0.084433 0.634617 -0.754542 -0.08468 0.650766 -0.99665 -0.081776 0.001342 -0.716633 0.121009 -0.686873 -0.998982 -0.031741 -0.032063 -0.670764 0.179485 -0.719626 0.023536 0.244757 -0.969299 0.711707 0.177063 -0.679796 0.015852 0.227519 -0.973645 0.673392 0.2151 -0.707302 0.999488 -0.02884 0.013844 0.998565 0.051405 0.014985 0.76226 -0.113064 0.63732 -0.057245 -0.209852 0.976056 0.757957 -0.137813 0.63758 -0.79652 -0.127308 0.591057 -0.991665 -0.128834 0.001707 -0.993027 -0.111237 -0.039044 -0.741206 -0.104781 0.663049 -0.735636 -0.118909 0.666858 -0.035725 -0.066381 0.997155 0.978858 -0.199952 0.043088 0.6992 -0.12451 0.704001 0.987966 -0.15449 0.007544 0.691003 -0.155327 0.705967 -0.006619 -0.118333 0.992952 0.906944 -0.073219 0.414838 0.678109 -0.037567 0.734 0.994827 -0.077434 0.06575 0.722925 -0.223598 -0.653746 0.7289 -0.127961 -0.672556 0.944753 -0.101109 -0.311798 0.746339 -0.102057 -0.657695 0.036999 -0.217989 -0.97525 0.003232 -0.085185 -0.99636 -0.708626 -0.082012 -0.700802 0.419936 -0.119121 -0.899702 0.045181 -0.118761 -0.991894 -0.705335 -0.18086 -0.685414 -0.993027 -0.111237 -0.039044 -0.991665 -0.128834 0.001707 0.94802 0.082687 -0.30728 0.993336 0.086349 0.076337 0.938418 0.161297 -0.305541 0.762129 0.060412 -0.6446 0.449405 0.034244 -0.892672 0.734091 0.042505 -0.67772 0.44034 0.10113 -0.892117 0.109703 0.002979 -0.99396 -0.958237 -0.073505 -0.276366 -0.999775 -0.016301 -0.013561 -0.741951 -0.092473 -0.664047 -0.963896 0.072056 -0.256343 -0.829591 0.062078 -0.55491 -0.962943 0.132763 -0.234764 -0.990419 0.100453 0.09476 -0.999775 -0.016301 -0.013561 -0.325038 -0.128317 -0.936955 -0.323549 0.006348 -0.94619 0.064926 -0.014728 -0.997781 -0.267042 0.041687 -0.962783 -0.648585 0.029009 -0.760589 0.667078 0.035904 0.744122 0.897801 0.057623 0.436616 0.644301 0.135699 0.752637 0.997948 0.011231 0.063039 0.988385 0.140067 0.058964 0.945357 0.050319 -0.322132 0.764047 -0.012463 -0.645041 0.768908 0.045781 -0.637718 0.466381 0.01973 -0.884364 0.108074 -0.079581 -0.990952 0.15696 -0.112498 -0.981177 -0.259125 -0.019416 -0.965649 -0.695975 -0.070043 -0.714641 -0.667617 -0.188458 -0.720257 0.018269 -0.094281 -0.995378 0.149776 -0.086848 -0.984898 0.067548 -0.026917 -0.997353 0.716031 -0.039604 -0.696944 0.808026 -0.030605 -0.588352 0.762687 0.01317 -0.646634 0.999623 -0.02595 -0.008915 -0.64531 -0.102785 -0.756974 -0.805153 -0.028328 -0.592391 -0.732844 0.054729 -0.678193 -0.976752 0.135313 -0.166273 0.315473 0.079856 0.945569 -0.05673 0.040865 0.997553 -0.103804 0.134527 0.985458 -0.4871 0.138837 0.86224 -0.343551 -0.413578 0.843164 -0.096993 0.045493 0.994245 0.608169 0.027157 0.793343 0.724697 0.01648 0.688871 0.66597 0.088688 0.740687 0.050931 0.042005 0.997818 -0.015309 0.114405 0.993316 -0.996651 0.074741 0.033179 -0.972527 0.132627 0.191313 -0.698546 -0.713906 0.048692 -0.997199 0.063146 0.040072 -0.997245 0.065435 0.03493 -0.996334 0.075659 0.039917 -0.976752 0.135313 -0.166273 0.988817 -0.019598 0.147839 0.996805 0.038818 0.06981 -0.82633 0.018806 0.562872 -0.768275 0.035795 0.639118 -0.783054 0.115851 0.611069 -0.729407 0.027124 0.683542 0 -0.887866 0.460102 0.360625 -0.035077 0.932051 -0.008926 -0.008328 0.999925 0.326073 0.160871 0.931556 -0.116143 0.165027 0.979427 0.311963 0.238871 0.919576 0.691085 0.149248 0.707197 -0.423345 -0.020465 0.905737 -0.441978 0.18691 0.877337 0.040257 0.187086 0.981518 -0.44525 0.281562 0.849985 -0.774294 0.004634 0.632809 -0.955019 -0.010819 0.296346 -0.999775 -0.016301 -0.013561 -0.946034 0.147822 0.288389 -0.980533 0.125965 -0.150627 -0.733553 0.163654 0.659635 -0.945767 0.194504 0.26018 -0.823135 0.167564 0.54256 0.89239 0.118145 0.435524 0.649564 0.134761 0.748269 0.888992 0.197055 0.413356 0.99467 0.087704 0.054213 -0.537903 0.410405 0.736362 0 0.247033 0.969007 -0.518104 0.083443 0.851238 0 0.455424 0.890275 0 0.155226 0.987879 0.201127 0.491738 -0.847196 0 0.242672 -0.970108 0 0.265097 -0.964222 0.461477 0.750718 -0.472717 0.826859 0.553955 0.097148 0.495173 0.864508 0.08619 0.447111 0.893924 0.031494 0.34726 0.816366 0.461473 0.494997 0.469957 0.730834 0.318098 0.868704 0.379694 0.09877 0.620136 0.778252 0.216006 0.745509 0.630522 0.416521 0.779376 -0.468063 0.95139 -0.257622 -0.168782 0.259125 -0.019416 -0.965649 0.667617 -0.188458 -0.720257 0.695975 -0.070043 -0.714641 -0.108074 -0.079581 -0.990952 -0.15696 -0.112498 -0.981177 -0.466381 0.01973 -0.884364 -0.764047 -0.012463 -0.645041 -0.768908 0.045781 -0.637718 -0.945357 0.050319 -0.322132 -0.997948 0.011231 0.063039 -0.988385 0.140067 0.058964 -0.897801 0.057623 0.436616 -0.667078 0.035904 0.744122 -0.644301 0.135699 0.752637 -0.018269 -0.094281 -0.995378 -0.149776 -0.086848 -0.984898 -0.067548 -0.026917 -0.997353 -0.716031 -0.039604 -0.696944 -0.808026 -0.030605 -0.588352 -0.762687 0.01317 -0.646634 -0.999623 -0.02595 -0.008915 -0.988817 -0.019598 0.147839 -0.996805 0.038818 0.06981 -0.724697 0.01648 0.688871 -0.608169 0.027157 0.793343 -0.315473 0.079856 0.945569 -0.66597 0.088688 0.740687 0.05673 0.040865 0.997553 0.103804 0.134527 0.985458 0.4871 0.138837 0.86224 0.096993 0.045493 0.994245 -0.050931 0.042005 0.997818 0.015309 0.114405 0.993316 0.996651 0.074741 0.033179 0.698546 -0.713906 0.048692 0.968702 0.143006 0.202892 0.997199 0.063146 0.040072 0.997245 0.065435 0.03493 0.996334 0.075659 0.039917 0.82633 0.018806 0.562872 0.768275 0.035795 0.639118 0.729407 0.027124 0.683542 0.783054 0.115851 0.611069 0.976752 0.135313 -0.166273 0 -0.48963 0.87193 0.343551 -0.413578 0.843164 -0.222403 -0.447302 0.86629 0 -0.209533 0.977802 -0.175444 -0.189525 0.966074 -0.907165 0.420651 0.010214 -0.934736 0.349781 0.062623 -0.721344 0.243461 0.648375 -0.021671 0.484791 -0.874361 0.084106 0.091282 -0.992267 -0.420102 0.273525 -0.865274 0 0.417487 -0.908683 0 -0.370864 -0.928687 0 0.109827 -0.993951 0.086804 -0.322678 -0.94252 -0.717105 0.482333 -0.503106 -0.777395 0.359918 -0.515865 -0.450561 0.532786 -0.716333 -0.196046 0.646047 -0.737692 -0.58786 0.609944 -0.531403 0 0.523529 -0.852008 0 0.443328 -0.89636 -0.568262 0.430073 -0.701509 -0.841462 0.528989 -0.110055 -0.853461 0.38392 0.352435 -0.895316 0.356598 0.26692 -0.887319 0.408463 -0.214062 -0.967988 0.142207 -0.206823 -0.866629 0.083751 0.491873 -0.76437 0.210558 0.609429 -0.685439 0.29006 0.667861 -0.548051 0.023337 0.836119 -0.435152 0.227508 0.871139 -0.424668 0.037471 0.904574 -0.210545 0.156121 0.965037 0 -0.017799 0.999842 -0.186028 0.014002 0.982445 -0.136795 0.083668 0.98706 -0.3294 0.09379 0.939521 0 -0.017799 0.999842 0.136795 0.083668 0.98706 0 0.059837 0.998208 0.097501 0.050306 0.993963 0.3294 0.09379 0.939521 0 0.064304 0.99793 0.342336 -0.025521 0.939231 0.131748 -0.09751 0.986476 -0.518104 0.083443 0.851238 0 0.055199 0.998475 -0.08682 -0.210592 0.973711 0 0.155226 0.987879 0.95139 -0.257622 -0.168782 0.99577 -0.070446 0.058989 0.932941 -0.299732 -0.199452 0.956446 -0.198355 0.214166 0.854625 -0.204665 0.47721 0.599328 -0.294071 -0.744532 0.601608 -0.256013 -0.756654 0 -0.225333 -0.974282 0 -0.217028 -0.976165 0.896318 -0.287216 0.337819 -0.885796 0.261269 -0.383541 -0.906792 0.08053 -0.413815 -0.904732 0.1219 -0.408166 -0.900746 -0.072207 -0.428302 -0.979172 -0.064344 -0.192568 -0.97824 -0.075078 -0.193417 -0.97992 -0.054575 -0.191775 -0.98063 -0.04389 -0.190888 0.070826 0.95183 0.298334 -0.730869 0.073992 -0.678495 0.400177 0.81627 0.416609 -0.785002 0.390531 -0.480892 -0.785002 0.390531 -0.480892 -0.785002 0.390531 -0.480892 -0.41873 0.413068 -0.808727 -0.41873 0.413068 -0.808727 -0.41873 0.413068 -0.808727 -0.937161 -0.300434 -0.177392 -0.973398 -0.14834 0.174616 -0.973223 -0.223138 0.0552 -0.970513 -0.183179 -0.156683 -0.883117 -0.450983 0.129299 -0.956446 -0.198355 0.214166 -0.932941 -0.299732 -0.199452 -0.951097 -0.259036 -0.168274 -0.59896 -0.29433 -0.744726 -0.601608 -0.256013 -0.756654 -0.896318 -0.287216 0.337819 -0.66538 -0.568053 0.484339 -0.618775 -0.187977 0.762747 -0.232067 -0.626175 0.744345 -0.019175 -0.613301 0.789617 -0.349732 -0.04082 0.93596 0.012439 -0.910751 0.412768 0.386513 -0.73576 0.556116 0.034424 -0.538698 0.841796 -0.431943 -0.528564 0.730784 -0.431381 -0.869786 0.239549 -0.431603 -0.016902 0.901905 0.059656 -0.018953 0.998039 0.445865 -0.470906 0.761217 -0.772176 -0.508731 0.380706 -0.292861 0.429028 0.854498 -0.702367 0.377847 0.603252 0.77792 -0.235436 0.58259 0.08682 -0.210592 0.973711 0.571408 -0.058974 0.818545 0.230412 0.445049 0.865357 -0.144557 0.669084 0.728992 0.703037 0.206862 0.680402 0.331647 0.555229 0.762713 -0.139806 0.733009 0.665697 -0.830381 -0.556218 0.032998 -0.827676 -0.03345 0.560208 -0.471478 0.656777 0.588517 -0.400177 0.81627 0.416609 -0.73134 -0.658116 -0.178959 -0.927991 0.163128 0.334996 -0.725039 0.46965 0.503733 -0.950869 0.127002 0.282346 -0.070826 0.95183 0.298335 -0.98116 0.085759 0.173123 -0.723629 0.628564 -0.285076 -0.917403 0.120311 0.379339 -0.909104 -0.338288 -0.243088 -0.723629 0.628564 -0.285076 -0.090357 0.821536 0.562951 -0.098891 0.994822 -0.023429 -0.068421 0.82125 0.566451 -0.022386 0.999691 -0.010802 -0.075317 0.082717 0.993723 -0.108878 0.121591 0.986591 -0.071433 0.054441 0.995959 -0.048575 -0.74022 0.670608 0.005433 -0.980811 -0.194884 -0.104279 -0.994535 -0.005104 -0.031563 0.783456 0.620645 0.018412 0.982091 0.187506 -0.048441 0.790687 0.610302 -0.047376 0.998852 0.007021 -0.061768 0.051002 0.996787 -0.047705 -0.680249 0.731427 -0.032513 -0.998513 0.043746 -0.717632 -0.695692 0.03188 -0.905388 0.135209 0.402481 -0.373469 -0.610892 0.698092 -0.4595 0.388201 0.798849 -0.139361 0.816136 0.560804 -0.158585 0.987193 -0.017369 -0.804227 0.456165 0.380963 -0.371369 0.617469 0.69341 -0.537505 0.729579 0.42285 -0.06972 0.710613 0.70012 -0.101832 0.856351 0.506254 0.123481 0.651074 0.748903 -0.023825 0.556029 0.830821 0 0.542269 0.840205 0.379305 0.559041 0.737293 0 0.547716 0.836664 0.302468 0.776847 0.552288 -0.216006 0.745509 0.630522 -0.332012 0.826411 0.454767 -0.318098 0.868704 0.379694 -0.36749 0.930027 0.001044 -0.447111 0.893924 0.031494 -0.270052 0.962583 -0.022512 0 0.455424 0.890275 0 0.545988 0.837793 -0.09877 0.620136 0.778252 0.673965 0.53587 0.508542 0.309393 0.722521 0.618255 0.672986 0.422499 0.607112 0.891114 0.145401 0.429855 0.537903 0.410405 0.736362 0.518104 0.083443 0.851238 -0.092044 0.811577 0.57695 -0.537798 0.778225 0.324252 -0.874021 0.470107 0.122828 -0.984662 0.164485 0.058184 -0.981313 -0.184433 -0.054861 -0.951097 -0.259036 -0.168274 -0.972394 0.230808 0.03433 0.77792 -0.235436 0.58259 0.775029 0.127844 0.618859 0.331647 0.555229 0.762713 -0.033931 0.745186 0.665993 -0.970513 -0.183179 -0.156683 -0.997489 0.070779 0.002642 -0.897019 0.407084 0.172162 -0.400177 0.81627 0.416609 -0.125138 0.787451 -0.60354 -0.033337 0.783964 -0.61991 -0.098891 0.994822 -0.023429 -0.022386 0.999691 -0.010802 -0.161115 -0.061637 -0.985009 -0.156742 0.05283 -0.986225 -0.003488 0.90021 -0.435442 0.018412 0.982091 0.187506 -0.011336 0.31246 -0.949863 -0.191332 -0.705966 -0.681912 0.020216 -0.463988 -0.885611 -0.104279 -0.994535 -0.005104 0.005433 -0.980811 -0.194884 -0.177249 0.77726 -0.603696 -0.204864 0.102551 -0.973403 -0.464104 -0.524257 -0.713977 -0.661143 -0.273096 -0.698791 -0.981313 -0.184433 -0.054861 -0.717632 -0.695692 0.03188 -0.59896 -0.29433 -0.744726 -0.168747 -0.046174 -0.984577 -0.153606 0.383967 -0.910481 -0.326678 0.214131 -0.920559 0 0.233518 -0.972352 0 0.036726 -0.999325 -0.374191 0.764709 -0.524596 -0.416521 0.779376 -0.468063 -0.447111 0.893924 0.031494 -0.36749 0.930027 0.001044 0 -0.225333 -0.974282 -0.201127 0.491738 -0.847196 0 0.242672 -0.970108 -0.270052 0.962583 -0.022512 -0.254367 0.755082 -0.604276 -0.158585 0.987193 -0.017369 -0.010336 -0.645142 -0.763993 0.005433 -0.980811 -0.194884 0.020216 -0.463988 -0.885611 -0.007514 0.055872 -0.99841 -0.011336 0.31246 -0.949863 -0.038891 0.752976 -0.656898 -0.003488 0.90021 -0.435442 -0.047376 0.998852 0.007021 0.018412 0.982091 0.187506 0.401345 0.569768 0.717138 -0.531603 0.243116 0.811352 0.515192 0.252657 0.818988 -0.411284 0.564177 0.715926 -0.698434 0.584799 0.412552 0.018251 0.912552 0.408552 -0.820153 0.439554 0.366253 -0.799255 -0.200799 -0.566455 -0.832811 0.499899 0.237755 0.019779 0.676474 0.736201 0.019262 0.845962 0.532895 0.820075 0.433629 0.373421 0.83285 0.492776 0.252058 0.815409 -0.185154 -0.548476 0.986876 0.157384 0.03615 0.826372 0.337246 0.450971 -0.012397 -0.369081 -0.929315 0.690569 -0.362301 -0.625981 -0.001017 -0.402481 -0.915428 0.940805 -0.325033 0.096119 0.975179 -0.175669 -0.134782 0.750237 -0.028171 -0.660569 0.987852 0.154911 -0.012281 0.810479 -0.356487 -0.464803 0.761134 -0.643983 0.077213 0.181908 -0.941113 -0.284984 -0.011838 -0.63195 0.774919 0.654363 -0.672653 -0.345465 0.660559 -0.632261 0.404855 0.003398 -0.676807 -0.736153 0.940805 -0.325033 0.096119 -0.011838 -0.63195 0.774919 -0.001953 -0.080322 0.996767 -0.035866 -0.591311 0.805646 -0.826762 0.341984 0.446668 -0.989572 0.141144 -0.028722 -0.733196 -0.048943 -0.678254 -0.014169 -0.073748 -0.997176 -0.889273 -0.309788 -0.336488 -0.988054 0.131805 -0.079852 -0.669485 -0.349929 -0.65524 -0.001017 -0.402481 -0.915428 -0.948291 -0.31048 0.065934 -0.650679 -0.677739 -0.342473 0.003398 -0.676807 -0.736153 -0.799246 -0.359487 -0.481638 -0.667793 -0.650882 0.361116 -0.768469 -0.639725 0.014404 -0.768469 -0.639725 0.014404 -0.181325 -0.933878 -0.308209 -0.948291 -0.31048 0.065934 -0.035866 -0.591311 0.805646 -0.001953 -0.080322 0.996767 -0.768469 -0.639725 0.014404 0.810479 -0.356487 -0.464803 -0.799246 -0.359487 -0.481638 -0.181325 -0.933878 -0.308209 -0.889273 -0.309788 -0.336488 0.181908 -0.941113 -0.284984 0.042398 -0.701498 -0.711409 0.660559 -0.632261 0.404855 -0.035866 -0.591311 0.805646 0.654363 -0.672653 -0.345465 0.003398 -0.676807 -0.736153 -0.650679 -0.677739 -0.342473 -0.667793 -0.650882 0.361116 0.181908 -0.941113 -0.284984 -0.021548 -0.081464 0.996443 0.013714 -0.084607 0.99632 -0.756082 -0.083048 0.649187 -0.730774 -0.045437 0.681105 0.748352 -0.080166 0.658439 0.761395 -0.071571 0.644325 0.996432 -0.084083 -0.0073 0.999239 -0.031802 0.022564 -0.998003 -0.050066 0.038503 -0.994181 -0.10427 0.027066 -0.706912 -0.137283 -0.693851 -0.712483 -0.050125 -0.699897 -0.014011 -0.062015 -0.997977 0.018842 -0.140054 -0.989964 0.702388 -0.119648 -0.701666 0.708354 -0.052543 -0.703899 0.996432 -0.084083 -0.0073 0.999239 -0.031802 0.022564 -0.768201 -0.084433 0.634617 -0.996293 -0.082474 0.02445 0.716633 0.121009 -0.686873 -0.023536 0.244757 -0.969299 -0.711707 0.177063 -0.679796 0.670764 0.179485 -0.719626 -0.015852 0.227519 -0.973645 -0.673392 0.2151 -0.707302 -0.999488 -0.02884 0.013844 -0.998565 0.051405 0.014985 -0.76226 -0.113064 0.63732 0.057245 -0.209852 0.976056 -0.757957 -0.137813 0.63758 0.79652 -0.127308 0.591057 0.991665 -0.128834 0.001707 0.741206 -0.104781 0.663049 0.993027 -0.111237 -0.039044 0.735636 -0.118909 0.666859 0.035725 -0.066381 0.997155 -0.978858 -0.199952 0.043088 -0.987966 -0.15449 0.007544 -0.6992 -0.12451 0.704001 -0.691003 -0.155327 0.705967 0.006619 -0.118333 0.992952 -0.906944 -0.073219 0.414838 -0.678109 -0.037567 0.734 -0.994827 -0.077434 0.06575 -0.722925 -0.223598 -0.653746 -0.7289 -0.127961 -0.672556 -0.944753 -0.101109 -0.311798 -0.746339 -0.102057 -0.657695 -0.036999 -0.217989 -0.97525 -0.003232 -0.085185 -0.99636 0.708626 -0.082012 -0.700802 0.998982 -0.031741 -0.032063 -0.419936 -0.119121 -0.899702 -0.045181 -0.118761 -0.991894 0.705335 -0.18086 -0.685414 0.993027 -0.111237 -0.039044 0.991665 -0.128834 0.001707 -0.94802 0.082687 -0.30728 -0.993336 0.086349 0.076337 -0.938418 0.161297 -0.305541 -0.762129 0.060412 -0.6446 -0.449405 0.034244 -0.892672 -0.734091 0.042505 -0.67772 -0.44034 0.10113 -0.892117 -0.109703 0.002979 -0.99396 0.958237 -0.073505 -0.276366 0.999775 -0.016301 -0.013561 0.741951 -0.092473 -0.664047 0.325038 -0.128317 -0.936955 0.323549 0.006348 -0.94619 -0.064926 -0.014728 -0.997781 0.267042 0.041687 -0.962783 0.648585 0.029009 -0.760589 0.963896 0.072056 -0.256343 0.829591 0.062078 -0.55491 0.962943 0.132763 -0.234764 0.990419 0.100453 0.09476 0.008926 -0.008328 0.999925 -0.360625 -0.035077 0.932051 -0.326073 0.160871 0.931556 0.116143 0.165027 0.979427 -0.311963 0.238871 0.919576 -0.691085 0.149248 0.707197 0.423345 -0.020465 0.905737 0.441978 0.18691 0.877337 -0.040257 0.187086 0.981518 0.44525 0.281562 0.849985 0.774294 0.004634 0.632809 0.955019 -0.010819 0.296346 0.999775 -0.016301 -0.013561 0.946034 0.147822 0.288389 0.980533 0.125965 -0.150627 0.733553 0.163654 0.659635 0.968702 0.143006 0.202892 0.823135 0.167564 0.54256 -0.89239 0.118145 0.435524 -0.649564 0.134761 0.748269 -0.888992 0.197055 0.413356 -0.99467 0.087704 0.054213 0.805153 -0.028328 -0.592391 0.64531 -0.102785 -0.756974 0.732844 0.054729 -0.678193 0.976752 0.135313 -0.166273 0.518104 0.083443 0.851238 0 0.247033 0.969007 0 0.155226 0.987879 0 0.247033 0.969007 0.537903 0.410405 0.736362 -0.201127 0.491738 -0.847196 0 0.265097 -0.964222 -0.461477 0.750718 -0.472717 -0.495173 0.864508 0.08619 -0.826859 0.553955 0.097148 -0.447111 0.893924 0.031494 -0.34726 0.816366 0.461473 -0.494997 0.469957 0.730834 -0.318098 0.868704 0.379694 -0.216006 0.745509 0.630522 -0.09877 0.620136 0.778252 -0.416521 0.779376 -0.468063 -0.951097 -0.259036 -0.168274 -0.136795 0.083668 0.98706 -0.097501 0.050306 0.993963 -0.3294 0.09379 0.939521 -0.131748 -0.09751 0.986476 -0.338642 -0.042161 0.93997 0.518104 0.083443 0.851238 0.08682 -0.210592 0.973711 0.904732 0.1219 -0.408166 0.906792 0.08053 -0.413815 0.900746 -0.072207 -0.428302 0.979172 -0.064344 -0.192568 0.97992 -0.054575 -0.191775 0.97824 -0.075078 -0.193417 0.98063 -0.04389 -0.190888 -0.070826 0.95183 0.298335 -0.400177 0.81627 0.416609 0.730869 0.073992 -0.678495 0.785002 0.390531 -0.480892 0.785002 0.390531 -0.480892 0.785002 0.390531 -0.480892 0.41873 0.413068 -0.808727 0.41873 0.413068 -0.808727 0.41873 0.413068 -0.808727 0.56407 0.086245 -0.82121 0.491664 0.758621 -0.427505 0.851589 0.415078 -0.320167 0.325666 0.313945 -0.891841 0 0.884367 -0.466792 0 0.397288 -0.917694 0.651332 -0.224801 -0.724728 0.983334 -0.054213 -0.17354 0.56407 -0.535849 -0.628245 0.851594 -0.523511 -0.026913 0.325667 -0.763549 -0.557615 0.49167 -0.86706 0.080423 0 -0.846892 -0.531764 0 -0.992809 0.119713 0 -0.296262 -0.955107 -0.325666 0.313945 -0.891841 -0.56407 0.086245 -0.82121 -0.851589 0.415078 -0.320167 -0.491664 0.758621 -0.427505 -0.983334 -0.054213 -0.17354 -0.651332 -0.224801 -0.724728 -0.851594 -0.523511 -0.026913 -0.56407 -0.535849 -0.628245 -0.49167 -0.86706 0.080423 -0.325667 -0.763549 -0.557615 0.851589 0.415078 -0.320167 0.449671 0.8736 0.186062 0.778682 0.559314 0.284291 0.491664 0.758621 -0.427505 0 0.988671 0.150097 0 0.884367 -0.466792 -0.449671 0.8736 0.186062 -0.491664 0.758621 -0.427505 -0.778682 0.559314 0.284291 -0.851589 0.415078 -0.320167 -0.898878 0.13021 0.418407 -0.983334 -0.054213 -0.17354 -0.778217 -0.298639 0.552443 -0.851594 -0.523511 -0.026913 -0.449205 -0.612411 0.650514 -0.49167 -0.86706 0.080423 0 -0.727224 0.6864 0 -0.992809 0.119713 0.449205 -0.612411 0.650514 0.49167 -0.86706 0.080423 0.778217 -0.298639 0.552443 0.851594 -0.523511 -0.026913 0.898878 0.13021 0.418407 0.983334 -0.054213 -0.17354 -0.459773 -0.00247 0.888033 -0.265449 -0.188073 0.945603 0 -0.256003 0.966676 0.265449 -0.188073 0.945603 0.459773 -0.00247 0.888033 0.5309 0.251062 0.80939 0.459772 0.504597 0.730748 0.26545 0.690195 0.673176 0 0.758128 0.652106 -0.26545 0.690195 0.673176 -0.459772 0.504597 0.730748 -0.5309 0.251062 0.80939 0 0.296263 0.955106 -0.504356 0.032262 0.862893 -0.820516 0.133685 0.555771 -0.830054 0.033541 0.556674 -0.453688 -0.001836 0.891159 -0.827681 -0.212921 0.519239 -0.910217 -0.333791 0.245129 -0.797139 -0.588538 0.134882 -0.764062 -0.493561 0.415459 -0.925137 -0.379613 -0.003977 -0.764318 -0.641384 -0.066669 -0.503706 -0.810921 0.297806 -0.498516 -0.865307 0.052207 -0.978995 0.028313 0.201909 -0.962624 0.198114 0.184677 -0.964928 -0.193057 0.177887 -0.825485 -0.157994 0.541861 -0.7113 -0.542292 0.447182 -0.743247 -0.650056 0.158152 -0.707863 -0.516314 0.482026 -0.799576 -0.576696 0.167631 -0.849887 -0.384011 -0.360872 -0.958584 -0.177681 -0.222592 -0.756242 -0.608445 -0.240611 -0.802669 -0.153623 -0.576301 -0.777522 0.193358 -0.598392 -0.952984 0.224123 -0.203939 -0.716589 -0.498015 -0.488345 -0.76246 0.045359 -0.645443 -0.975248 0.075021 -0.207999 -0.849887 -0.384011 -0.360872 -0.915227 -0.338106 0.219188 -0.747545 -0.289213 0.59794 -0.8694 -0.371819 -0.325415 -0.747886 -0.517671 -0.415552 -0.782608 -0.553282 -0.285314 -0.85044 -0.368236 -0.375705 -0.279968 0.000561 0.960009 -0.655265 0.070822 0.752072 -0.504356 0.032262 0.862893 -0.820516 0.133685 0.555771 0.223058 -0.18013 0.958018 0.199249 -0.29321 0.935055 -0.453688 -0.001836 0.891159 -0.279968 0.000561 0.960009 0.199249 -0.29321 0.935055 0.223058 -0.18013 0.958018 0.747156 -0.24971 0.615957 0.710645 -0.385394 0.588605 0.385955 0.086463 0.918457 0.821054 0.047378 0.568882 0.857783 0.488003 -0.161436 0.299723 0.677294 0.671892 0.882917 0.233195 0.407526 0.385955 0.086463 0.918457 0.223058 -0.18013 0.958018 -0.426873 -0.11856 0.896506 0.299723 0.677294 0.671892 -0.128674 0.18692 0.973912 -0.295427 -0.675749 0.675341 0.882917 0.233195 0.407526 0.055164 -0.548441 0.834368 0.776539 -0.628704 -0.041455 0.650745 -0.758869 0.025476 0.230529 -0.972938 0.01574 -0.512194 -0.851164 -0.114792 -0.680195 -0.633064 -0.369547 -0.454291 -0.63566 -0.624144 -0.381651 -0.819158 -0.428163 -0.323864 -0.660562 -0.677326 -0.7113 -0.542292 0.447182 -0.825485 -0.157994 0.541861 -0.580233 -0.478616 0.658982 -0.64224 -0.181069 0.74481 -0.414828 -0.077345 0.906607 -0.29189 -0.068442 0.954 -0.632995 -0.473184 0.61271 -0.747545 -0.289213 0.59794 -0.707863 -0.516314 0.482026 -0.820516 0.133685 0.555771 -0.655265 0.070822 0.752072 -0.825485 -0.157994 0.541861 -0.64224 -0.181069 0.74481 -0.29189 -0.068442 0.954 -0.105558 0.5548 0.82526 0.390594 0.695047 0.603611 -0.414828 -0.077345 0.906607 -0.375211 0.374448 0.847942 -0.747545 -0.289213 0.59794 0.458523 0.867596 -0.192442 -0.725851 -0.069645 -0.684317 0.781916 0.271974 -0.560926 0.658005 0.612071 -0.438633 0.432725 0.583797 -0.686971 -0.725851 -0.069645 -0.684317 -0.716589 -0.498015 -0.488345 -0.631742 -0.63721 -0.441436 -0.802669 -0.153623 -0.576301 -0.747886 -0.517671 -0.415552 -0.763891 -0.618475 -0.184278 -0.939019 -0.306345 -0.156192 -0.85044 -0.368236 -0.375705 -0.593157 -0.056459 -0.803105 -0.777522 0.193358 -0.598392 -0.802669 -0.153623 -0.576301 -0.76246 0.045359 -0.645443 -0.485394 -0.477331 -0.732494 -0.593157 -0.056459 -0.803105 -0.653593 -0.386732 -0.65058 -0.849887 -0.384011 -0.360872 -0.454291 -0.63566 -0.624144 -0.323864 -0.660562 -0.677326 0.658005 0.612071 -0.438633 0.432725 0.583797 -0.686971 0.388355 0.899486 -0.200262 0.311643 0.949781 0.028198 -0.042512 0.998943 -0.017456 -0.071188 0.996132 0.051508 0.458523 0.867596 -0.192442 -0.071188 0.996132 0.051508 0.045185 0.99607 -0.076178 0 -0.796209 -0.605022 -0.416703 -0.900256 0.12609 -0.075038 -0.894807 -0.440103 -0.571514 -0.820267 0.023091 0 -0.999999 -0.00103 -0.529656 -0.814835 0.235601 -0.509987 -0.839345 0.188186 0 -0.796209 -0.605022 0.571532 -0.820254 0.023116 0.416791 -0.900202 0.12618 0.075038 -0.894807 -0.440103 0.529746 -0.814692 0.235893 0.51002 -0.839266 0.188447 0.571532 -0.820254 0.023116 0.000005 -0.568586 0.822624 0 -0.999999 -0.00103 -0.571514 -0.820267 0.023091 -0.486617 -0.475816 0.732668 -0.416703 -0.900256 0.12609 -0.000156 -0.309942 0.950755 -0.434316 -0.323864 0.840525 -0.374361 -0.021026 0.927045 0.001024 0.001878 0.999998 0.386661 -0.017333 0.922059 0.005445 -0.064288 0.997917 0.369509 -0.048257 0.927973 0.486676 -0.475759 0.732666 0.416791 -0.900202 0.12618 0.439236 -0.321257 0.838967 -0.596845 -0.429508 0.677716 -0.529656 -0.814835 0.235601 0.611965 -0.094676 0.785197 -0.610918 -0.105296 0.78466 0.598179 -0.42295 0.680658 0.529746 -0.814692 0.235893 0.606319 -0.053159 0.793443 0.357121 -0.347218 0.867124 0.085348 -0.415988 0.905356 0.347785 -0.297179 0.88923 0.113884 -0.332578 0.936174 0.559284 -0.390938 0.731006 0.575204 -0.293738 0.763452 0.578598 -0.341709 0.740581 0.350235 -0.191629 0.91685 0.148143 -0.144093 0.978413 -0.213972 -0.176469 0.960768 -0.171849 -0.432577 0.885068 -0.476233 -0.501396 0.72236 -0.51106 -0.298844 0.805922 -0.216715 -0.475062 0.852849 -0.335627 -0.063765 0.939834 -0.499638 -0.454394 0.737488 -0.598968 -0.09081 0.795607 -0.335627 -0.063765 0.939834 -0.598968 -0.09081 0.795607 -0.810542 -0.075344 0.580815 -0.829567 -0.02071 0.558023 -0.90217 0.037656 0.429734 -0.895542 -0.079274 0.437859 -0.598968 -0.09081 0.795607 -0.610918 -0.105296 0.78466 -0.810542 -0.075344 0.580815 -0.749141 -0.352868 0.5606 -0.610918 -0.105296 0.78466 -0.596845 -0.429508 0.677716 -0.895542 -0.079274 0.437859 -0.749141 -0.352868 0.5606 -0.509987 -0.839345 0.188186 -0.529656 -0.814835 0.235601 -0.817567 -0.371785 0.439727 -0.895542 -0.079274 0.437859 0.598179 -0.42295 0.680658 0.746626 -0.349904 0.565789 0.611965 -0.094676 0.785197 0.80407 -0.074659 0.589828 0.895573 -0.078594 0.437917 0.817481 -0.371767 0.439903 0.51002 -0.839266 0.188447 0.529746 -0.814692 0.235893 0.504356 0.032262 0.862893 0.830054 0.033541 0.556674 0.820516 0.133681 0.555773 0.453688 -0.001836 0.891159 0.827681 -0.212921 0.519239 0.910217 -0.333791 0.245129 0.797139 -0.588538 0.134882 0.764062 -0.493561 0.415459 0.925641 -0.37839 0.003209 0.503706 -0.810921 0.297806 0.498516 -0.865307 0.052207 0.978995 0.028313 0.201909 0.962574 0.198578 0.184438 0.964893 -0.191237 0.180027 0.826362 -0.157238 0.540742 0.712168 -0.542834 0.445138 0.741858 -0.650572 0.16249 0.707119 -0.518661 0.480597 0.798936 -0.577206 0.168922 0.959444 -0.174347 -0.221517 0.761113 -0.603329 -0.238119 0.801096 -0.157262 -0.577506 0.778567 0.199644 -0.594958 0.952459 0.225515 -0.204854 0.715329 -0.496125 -0.492102 0.762632 0.052851 -0.64467 0.97515 0.080502 -0.206402 0.860669 -0.374332 -0.345143 0.807928 0.570361 0.148122 0.47719 0.775822 0.412783 0.801435 0.540163 -0.256758 0.784675 -0.55084 -0.284361 0.748574 -0.515049 -0.417566 0.548886 0.782004 -0.295287 0.764917 -0.641588 -0.057163 0.511323 -0.852855 -0.105768 0.860669 -0.374332 -0.345143 0.691959 -0.634435 -0.344508 0.449795 -0.616215 -0.646501 0.382755 -0.824713 -0.41635 0.473469 -0.683976 -0.554981 -0.23053 -0.972938 0.01574 0.295427 -0.675749 0.675341 0.426873 -0.11856 0.896506 -0.385955 0.086463 0.918457 -0.223058 -0.18013 0.958018 -0.299723 0.677294 0.671892 0.128674 0.18692 0.973912 -0.882917 0.233195 0.407526 -0.055164 -0.548441 0.834368 -0.776539 -0.628704 -0.041455 -0.650745 -0.758869 0.025476 0.279968 0.000561 0.960009 0.504356 0.032262 0.862893 0.655239 0.070934 0.752084 0.820516 0.133681 0.555773 -0.199249 -0.29321 0.935055 -0.223058 -0.18013 0.958018 0.279968 0.000561 0.960009 0.453688 -0.001836 0.891159 -0.199249 -0.29321 0.935055 -0.747155 -0.24971 0.615958 -0.223058 -0.18013 0.958018 -0.710644 -0.385395 0.588605 -0.385955 0.086463 0.918457 -0.821054 0.047378 0.568882 -0.857783 0.488003 -0.161436 -0.299723 0.677294 0.671892 -0.882917 0.233195 0.407526 0.606319 -0.053159 0.793443 0.80407 -0.074659 0.589828 0.814769 -0.008438 0.579724 0.611965 -0.094676 0.785197 0.902345 0.038884 0.429256 0.895573 -0.078594 0.437917 0.814769 -0.008438 0.579724 0.813072 -0.117245 0.570234 0.606319 -0.053159 0.793443 0.901722 -0.056054 0.428668 0.902345 0.038884 0.429256 0.813072 -0.117245 0.570234 0.575204 -0.293738 0.763452 0.751114 -0.385818 0.535698 0.559284 -0.390938 0.731006 0.858228 -0.327628 0.3951 0.727116 -0.480557 0.490272 0.578598 -0.341709 0.740581 0.901722 -0.056054 0.428668 -0.563784 0.733136 0.380341 -0.158952 0.986592 -0.037027 0.154623 0.798807 0.581377 0.090988 0.765143 0.637399 0.47719 0.775822 0.412783 0.712168 -0.542834 0.445138 0.585736 -0.477429 0.654961 0.826362 -0.157238 0.540742 0.646517 -0.178874 0.741633 0.457239 0.063371 0.887083 0.288949 -0.064463 0.955172 0.632995 -0.473184 0.61271 0.47719 0.775822 0.412783 0.707119 -0.518661 0.480597 0.820516 0.133681 0.555773 0.826362 -0.157238 0.540742 0.655239 0.070934 0.752084 0.646517 -0.178874 0.741633 0.457239 0.063371 0.887083 0.176684 0.906933 -0.382433 0.283265 0.244256 -0.927416 -0.296213 0.729031 -0.617067 -0.237806 0.797144 -0.554986 -0.249603 0.790021 -0.559969 -0.084955 0.975092 -0.204884 -0.294909 0.806389 -0.512607 -0.03111 0.922589 -0.384527 0.034722 0.993259 0.110592 0.211556 0.946965 -0.24187 0.034722 0.993259 0.110592 0.49793 0.867193 0.006483 0.613962 0.71611 0.332021 0.61713 0.642149 0.454747 0.457239 0.063371 0.887083 0.154623 0.798807 0.581377 0.176684 0.906933 -0.382433 0.288949 -0.064463 0.955172 0.154623 0.798807 0.581377 0.457239 0.063371 0.887083 -0.563784 0.733136 0.380341 0.090988 0.765143 0.637399 0.47719 0.775822 0.412783 -0.829567 -0.02071 0.558023 -0.892235 -0.136564 0.430427 -0.90217 0.037656 0.429734 -0.783948 -0.269626 0.55922 -0.598968 -0.09081 0.795607 -0.499638 -0.454394 0.737488 -0.710074 -0.483053 0.512303 -0.476233 -0.501396 0.72236 -0.51106 -0.298844 0.805922 -0.723539 -0.391884 0.568259 -0.82532 -0.477674 0.301122 -0.866616 -0.442985 0.229654 -0.983088 -0.142274 0.11531 -0.932701 -0.076568 0.352429 -0.989752 0.041126 -0.136745 -0.943063 -0.326969 -0.061015 -0.092921 0.074289 -0.992898 -0.027753 0.225025 -0.973958 -0.076132 0.107391 -0.991298 -0.019707 0.229583 -0.97309 -0.414828 -0.077345 0.906607 0.368744 -0.452235 -0.812103 0.00053 -0.771231 -0.636556 0.001225 -0.416889 -0.908957 -0.367469 -0.453646 -0.811894 -0.474473 -0.740326 -0.476227 0.000621 -0.107292 -0.994227 0.322936 -0.089479 -0.942181 0.641147 -0.469888 -0.606742 -0.011838 -0.21979 -0.975475 -0.338687 -0.076252 -0.937804 -0.632925 -0.47566 -0.610863 0.464585 -0.74066 -0.48537 -0.635384 -0.67262 -0.379302 0.473469 -0.683976 -0.554981 -0.048131 0.688794 -0.723357 0.665103 0.487632 -0.565555 0.398378 -0.256242 -0.880701 0.322936 -0.089479 -0.942181 0.758997 -0.192056 -0.622123 0.702465 -0.055548 -0.709548 0.641147 -0.469888 -0.606742 0.726556 -0.075866 -0.682906 0.091781 -0.08066 -0.992507 -0.114726 0.983615 -0.139069 0.726556 -0.075866 -0.682906 0.730675 -0.053968 -0.680589 0.702465 -0.055548 -0.709548 0.641147 -0.469888 -0.606742 0.604245 -0.456024 -0.653399 -0.599182 0.636162 -0.486086 -0.409195 -0.196764 -0.890979 -0.338687 -0.076252 -0.937804 -0.704408 -0.052127 -0.707879 -0.738158 -0.14258 -0.659389 -0.632925 -0.47566 -0.610863 -0.725851 -0.069645 -0.684317 -0.793646 -0.331936 -0.509848 -0.599182 0.636162 -0.486086 -0.704408 -0.052127 -0.707879 -0.846005 -0.10748 -0.522229 -0.632925 -0.47566 -0.610863 -0.688673 -0.534776 -0.489637 0.016247 0.965152 0.261184 -0.009401 0.986656 0.162545 -0.048131 0.688794 -0.723357 0.665103 0.487632 -0.565555 0.016247 0.965152 0.261184 -0.048131 0.688794 -0.723357 0.017535 0.978935 0.203417 -0.599182 0.636162 -0.486086 -0.599182 0.636162 -0.486086 0.458523 0.867596 -0.192442 0.091781 -0.08066 -0.992507 -0.142895 -0.316916 -0.937627 0.726556 -0.075866 -0.682906 -0.625427 0.62142 -0.471888 -0.432725 0.583797 -0.686971 -0.114726 0.983615 -0.139069 0.726556 -0.075866 -0.682906 0.715329 -0.496125 -0.492102 0.801096 -0.157262 -0.577506 -0.142895 -0.316916 -0.937627 0.748574 -0.515049 -0.417566 0.763891 -0.618475 -0.184278 0.939019 -0.306345 -0.156192 0.548886 0.782004 -0.295287 0.730675 -0.053968 -0.680589 0.778567 0.199644 -0.594958 0.801096 -0.157262 -0.577506 0.762632 0.052851 -0.64467 0.604245 -0.456024 -0.653399 0.650745 -0.368991 -0.663608 0.730675 -0.053968 -0.680589 0.860669 -0.374332 -0.345143 0.449795 -0.616215 -0.646501 0.473469 -0.683976 -0.554981 0.807928 0.570361 0.148122 -0.158952 0.986592 -0.037027 0.47719 0.775822 0.412783 0.018461 0.998921 0.042614 0.801435 0.540163 -0.256758 0.018461 0.998921 0.042614 0.807928 0.570361 0.148122 0.032145 0.999472 0.004832 -0.05917 0.996977 0.050349 0.548886 0.782004 -0.295287 -0.114726 0.983615 -0.139069 -0.390229 0.899081 -0.198431 -0.625427 0.62142 -0.471888 -0.432725 0.583797 -0.686971 0.548886 0.782004 -0.295287 -0.114726 0.983615 -0.139069 0.665103 0.487632 -0.565555 -0.009401 0.986656 0.162545 0.016247 0.965152 0.261184 -0.000353 0.999936 -0.01133 -0.009401 0.986656 0.162545 0.032145 0.999472 0.004832 0.018461 0.998921 0.042614 0.016247 0.965152 0.261184 0.017535 0.978935 0.203417 0.018461 0.998921 0.042614 -0.158952 0.986592 -0.037027 -0.05917 0.996977 0.050349 -0.114726 0.983615 -0.139069 -0.042512 0.998943 -0.017456 0.019174 0.998199 0.056835 0.019174 0.998199 0.056835 0.034722 0.993259 0.110592 0.034722 0.993259 0.110592 -0.084955 0.975092 -0.204884 0.154623 0.798807 0.581377 -0.000353 0.999936 -0.01133 0.176684 0.906933 -0.382433 -0.158952 0.986592 -0.037027 -0.114726 0.983615 -0.139069 -0.009401 0.986656 0.162545 0.458523 0.867596 -0.192442 0.017535 0.978935 0.203417 0.176684 0.906933 -0.382433 -0.000353 0.999936 -0.01133 -0.084955 0.975092 -0.204884 -0.042512 0.998943 -0.017456 0.045185 0.99607 -0.076178 0.019174 0.998199 0.056835 0.286563 0.934391 -0.211649 0.390594 0.695047 0.603611 0.286563 0.934391 -0.211649 -0.105558 0.5548 0.82526 0.034722 0.993259 0.110592 -0.387627 0.430193 0.815279 -0.387627 0.430193 0.815279 -0.387627 0.430193 0.815279 0.563773 0.825417 -0.02909 0.563773 0.825417 -0.02909 0.563773 0.825417 -0.02909 -0.000353 0.999936 -0.01133 0.458523 0.867596 -0.192442 -0.042512 0.998943 -0.017456 0.00053 -0.771231 -0.636556 0.327177 -0.827109 -0.456997 -0.000389 -0.89383 -0.448405 0.464585 -0.74066 -0.48537 0.412123 -0.769416 -0.48801 0.473469 -0.683976 -0.554981 0.327177 -0.827109 -0.456997 0.00053 -0.771231 -0.636556 -0.32678 -0.827236 -0.457051 -0.474473 -0.740326 -0.476227 -0.000389 -0.89383 -0.448405 -0.566488 -0.724121 -0.393371 -0.635384 -0.67262 -0.379302 0.382755 -0.824713 -0.41635 0.412123 -0.769416 -0.48801 0.473469 -0.683976 -0.554981 0.29315 -0.941412 -0.166754 0.511323 -0.852855 -0.105768 0.164822 -0.986286 0.00861 0.498516 -0.865307 0.052207 -0.23053 -0.972938 0.01574 -0.916187 -0.329058 -0.228739 -0.298858 -0.938387 -0.17353 -0.512194 -0.851164 -0.114792 -0.381651 -0.819158 -0.428163 -0.323221 -0.753318 -0.572747 -0.323864 -0.660562 -0.677326 -0.164822 -0.986286 0.00861 -0.498516 -0.865307 0.052207 0.230529 -0.972938 0.01574 0.889374 -0.391896 -0.235439 0.650745 -0.758869 0.025476 0.230529 -0.972938 0.01574 0.857783 0.488003 -0.161436 0.776539 -0.628704 -0.041455 0.882917 0.233195 0.407526 -0.857783 0.488003 -0.161436 -0.650745 -0.758869 0.025476 -0.776539 -0.628704 -0.041455 -0.916187 -0.329058 -0.228739 -0.882917 0.233195 0.407526 -0.23053 -0.972938 0.01574 0.581568 0.37025 0.724357 0.446653 0.152529 0.88161 0.385082 0.323763 0.864227 0 0.369436 0.929256 0 0.479146 0.877735 0 0.211368 0.977407 0.621708 0.211062 0.754276 0.48675 0.084459 0.869449 0.601561 -0.349986 0.718077 0 -0.449152 0.893455 0 -0.420894 0.90711 0.290148 -0.008983 0.95694 0.408268 -0.233104 0.882599 0.288182 -0.478513 0.829444 0 -0.565963 0.824431 0.226378 -0.409954 0.883567 0.286915 -0.392696 0.873768 0.344989 -0.619146 0.705437 0 -0.476446 0.879204 0 -0.238254 0.971203 0.251551 -0.194122 0.948177 0.23307 -0.477395 0.847214 0 -0.538397 0.842691 0 -0.291699 0.95651 0.168695 -0.303805 0.93768 0.317142 -0.303562 0.898483 0.357211 -0.345395 0.867815 0.408855 -0.332624 0.849823 0.546748 -0.695755 0.465825 0.426439 -0.810063 0.402426 0 -0.362215 0.932094 0 -0.879954 0.475059 0.36657 -0.421888 0.829239 0.383527 -0.922735 -0.038312 0 -0.998306 -0.058186 0.351781 -0.924148 -0.149001 0.516193 -0.85636 0.013896 0.647301 -0.759078 0.069304 0.551244 -0.817584 -0.166389 0.453614 -0.878678 -0.148862 0.837027 -0.515315 -0.183944 0.655904 -0.676535 -0.334798 0.800519 -0.404976 -0.441774 0.947036 -0.268372 -0.17635 0.957081 -0.230641 -0.175499 0.978125 -0.202198 -0.048865 0.956083 -0.140832 0.257045 0.945869 -0.085313 0.313136 0.943484 -0.261108 0.204112 0.840015 -0.517479 0.163068 0.938573 -0.041954 0.34252 0.931861 -0.115743 0.343859 0.77733 -0.036046 0.628059 0.781529 -0.129248 0.610333 0.481701 -0.038306 0.875498 0.47106 -0.114311 0.874663 0.427031 -0.265438 0.8644 0.737841 -0.293802 0.607677 0.889829 -0.299221 0.344488 0.27396 -0.094503 0.957087 0.283749 -0.297569 0.911559 0.338246 -0.41232 0.84592 0.380588 -0.148709 0.912709 0.394089 -0.36797 0.842195 0.390253 -0.409978 0.824391 0.595418 -0.65132 0.470383 0.696085 -0.473896 0.53934 -0.581568 0.37025 0.724357 -0.385082 0.323763 0.864227 -0.446653 0.152529 0.88161 0 0.369436 0.929256 0 0.479146 0.877735 0 0.211368 0.977407 -0.621708 0.211062 0.754276 -0.48675 0.084459 0.869449 -0.601561 -0.349986 0.718077 -0.408268 -0.233104 0.882599 0 -0.420894 0.90711 -0.288182 -0.478513 0.829444 -0.344989 -0.619146 0.705437 -0.286915 -0.392696 0.873768 -0.226378 -0.409954 0.883567 0 -0.476446 0.879204 0 -0.238254 0.971203 -0.25155 -0.194122 0.948177 -0.23307 -0.477395 0.847214 0 -0.538397 0.842691 0 -0.291699 0.95651 -0.168695 -0.303805 0.93768 -0.317142 -0.303562 0.898483 -0.357211 -0.345395 0.867815 -0.408855 -0.332624 0.849823 -0.546748 -0.695755 0.465825 -0.426439 -0.810063 0.402426 0 -0.362215 0.932094 0 -0.879954 0.475059 -0.36657 -0.421888 0.829239 -0.383527 -0.922735 -0.038312 0 -0.998306 -0.058186 -0.351781 -0.924148 -0.149001 -0.516193 -0.85636 0.013896 -0.647301 -0.759078 0.069304 -0.551244 -0.817584 -0.166389 -0.453614 -0.878678 -0.148862 -0.837027 -0.515315 -0.183944 -0.655904 -0.676535 -0.334798 -0.800519 -0.404976 -0.441774 -0.957081 -0.230642 -0.1755 -0.947036 -0.268372 -0.17635 -0.978125 -0.202198 -0.048865 -0.95609 -0.140816 0.257028 -0.945869 -0.085312 0.313136 -0.943481 -0.261122 0.204106 -0.840017 -0.517471 0.163082 -0.595417 -0.65132 0.470383 -0.696085 -0.473862 0.53937 -0.390263 -0.409966 0.824392 -0.42695 -0.265208 0.86451 -0.737853 -0.293846 0.607641 -0.889863 -0.299114 0.344492 -0.283657 -0.297587 0.911582 -0.338246 -0.41232 0.84592 -0.394089 -0.36797 0.842195 -0.380588 -0.148709 0.912709 -0.273907 -0.09444 0.957108 -0.290148 -0.008983 0.95694 -0.471098 -0.114238 0.874652 -0.481701 -0.038306 0.875498 -0.78155 -0.129212 0.610315 -0.77733 -0.036046 0.628059 -0.931866 -0.115721 0.343852 -0.938573 -0.041954 0.34252 -0.867006 -0.384729 -0.316678 -0.855681 -0.508158 0.0979 -0.92925 -0.193982 -0.314429 -0.884449 -0.448486 0.128885 -0.807598 0.356086 -0.470095 -0.948269 0.307292 0.079735 -0.758106 -0.417153 0.501258 -0.714702 -0.487777 0.501273 -0.605113 -0.384512 0.697129 -0.646451 -0.133398 0.751203 -0.398228 0.412245 0.819432 -0.80112 0.318696 0.506596 -0.378348 -0.283603 0.881148 -0.001144 -0.473568 0.880757 0.016179 -0.371013 0.928487 -0.402442 -0.193572 0.894746 0.005864 -0.161189 0.986906 0.411991 -0.136893 0.900846 -0.555444 0.522363 0.647008 -0.015719 0.615283 0.78815 0.497692 0.559953 0.662386 -0.560754 0.573751 0.596963 0.406825 -0.22705 0.88484 0.575225 0.609914 0.545088 0.389504 -0.328758 0.860352 0.300586 -0.490981 0.817671 -0.006917 -0.529495 0.848285 -0.378618 -0.40707 0.83123 -0.305834 -0.527381 0.792675 -0.570149 -0.370124 0.733443 -0.605113 -0.384512 0.697129 -0.46508 0.456919 0.758238 -0.562768 -0.237055 0.791895 0.579831 -0.269559 0.768853 0.656748 -0.254366 0.709915 0.459119 0.528115 0.714356 0.62425 -0.09943 0.774871 0.622714 0.768207 -0.14861 0.928016 0.312748 -0.202424 0.622154 0.007529 0.782858 -0.960403 0.205299 -0.188357 -0.640746 0.7674 0.023298 -0.646451 -0.133398 0.751203 -0.555444 0.522363 0.647008 -0.040647 0.961398 -0.272144 -0.214584 0.907971 -0.359919 -0.015719 0.615283 0.78815 0.497692 0.559953 0.662386 0.136552 0.893779 -0.427216 -0.560754 0.573751 0.596963 -0.088913 0.972376 -0.21582 -0.46508 0.456919 0.758238 0.575225 0.609914 0.545088 -0.018859 0.966736 -0.255079 0.459119 0.528115 0.714356 0.622714 0.768207 -0.14861 0.063147 0.952557 -0.297738 -0.640746 0.7674 0.023298 0.070685 0.906648 0.415924 0.928016 0.312748 -0.202424 0.622154 0.007529 0.782858 -0.051979 0.818421 -0.572263 -0.13628 0.514822 -0.846396 -0.960403 0.205299 -0.188357 -0.197078 0.794482 0.57442 0.132852 0.779184 0.612554 -0.646451 -0.133398 0.751203 -0.221711 0.969268 -0.106602 -0.253969 0.966552 -0.035742 -0.690628 0.654124 -0.308471 -0.40317 0.883593 0.238153 -0.020731 0.987843 0.15407 -0.432701 0.677786 -0.594454 -0.224451 0.961779 -0.156855 -0.378773 0.925321 -0.01764 -0.152601 0.988013 -0.023317 -0.231277 0.97129 0.055738 0.131033 0.966491 0.22074 -0.221331 0.896133 -0.384654 0.383963 0.918376 -0.095699 -0.149007 0.986575 -0.066831 0.019512 0.999759 0.010025 0.336922 0.910166 -0.241002 -0.045939 0.997689 0.050057 0.265845 0.950195 -0.162652 0.37713 0.905065 0.196545 -0.016592 0.877307 -0.479643 -0.385251 0.888691 -0.248618 -0.142776 0.955365 0.258638 -0.284104 0.944641 0.164128 0.273352 0.936562 0.219386 0.223626 0.938713 0.262317 0.0743 0.993917 -0.08129 0.118552 0.957665 0.262342 0.493492 0.867621 0.060817 0.092079 0.994196 0.055645 -0.272541 0.959564 -0.070413 0.268987 0.958679 0.092636 -0.337472 0.74009 0.581704 -0.266536 0.633114 0.726722 0.292746 0.916043 0.274164 -0.415393 0.768297 0.486999 0.006321 0.999644 0.025932 -0.034528 0.997362 -0.063844 0.070573 0.948339 0.309311 -0.07019 0.98164 0.17736 -0.239521 0.934998 0.261551 -0.436721 0.873398 -0.215525 -0.694903 0.715074 0.076021 -0.135309 0.98397 0.116165 -0.176396 0.984113 0.020164 -0.419197 0.901926 0.103934 -0.379825 0.915544 -0.132335 -0.254588 0.945953 0.200892 -0.05486 0.996712 0.059626 0.002712 0.992764 -0.120049 0.241456 0.953097 -0.182498 0.029635 0.479527 0.877027 -0.364235 0.850434 -0.379598 -0.221711 0.969268 -0.106602 -0.305652 0.934233 -0.183809 -0.266571 0.962149 0.056642 -0.285829 0.428062 0.857359 -0.197078 0.794482 0.57442 0.132852 0.779184 0.612554 0.377867 0.486373 0.787818 0.029635 0.479527 0.877027 0.345181 0.63649 0.689733 0.14321 0.967575 0.208063 0.070573 0.948339 0.309311 0.345181 0.63649 0.689733 0.070685 0.906648 0.415924 -0.067652 0.864152 0.498662 0.368608 0.716361 0.592415 -0.2551 0.867778 0.426481 -0.179935 0.977444 0.110576 -0.266571 0.962149 0.056642 -0.212213 0.974093 0.078156 -0.19758 0.976569 -0.085294 -0.196643 0.898035 -0.393529 -0.122732 0.96997 -0.209986 -0.036509 0.83419 -0.550268 0.055376 0.963836 -0.260677 0.17337 0.809044 -0.561597 -0.010192 0.996623 -0.081484 0.026387 0.929442 -0.368024 0.209169 0.845485 -0.491328 0.323778 0.923013 -0.207881 -0.053426 0.995747 -0.075062 0.066685 0.997719 0.010469 0.155143 0.979866 -0.12567 0.711894 0.289 -0.640067 0.898426 0.417253 -0.136858 0.939212 -0.144252 -0.311563 0.521164 0.774367 -0.358808 0.333432 0.666666 -0.666618 0.523072 0.6622 -0.536551 0.082565 0.66121 -0.745644 -0.149536 0.659583 -0.736607 0.044816 0.951285 -0.305038 -0.12827 0.953057 -0.274278 -0.165184 0.977014 -0.134752 -0.030551 0.935502 0.351999 -0.256522 0.8992 0.354452 -0.036115 0.971279 -0.235187 0.211932 0.97397 -0.080421 0.424192 0.880635 -0.211051 0.109721 0.984899 -0.133923 -0.007085 0.999284 -0.037161 0.146375 0.989228 0.001307 -0.023136 0.992274 0.12189 -0.074092 0.993341 -0.088226 0.30586 0.951652 0.028431 0.142441 0.989799 0.003073 0.585456 0.795266 0.157457 0.649467 0.694554 -0.309496 0.523072 0.6622 -0.536551 0.680226 0.708284 0.18875 0.426143 0.899116 0.099962 0.296075 0.953912 0.048909 -0.147806 0.976833 -0.15476 -0.036733 0.998518 0.040146 0.413411 0.689376 0.594855 -0.266536 0.633114 0.726722 0.189466 0.858784 0.476018 0.189466 0.858784 0.476018 0.710201 0.641012 0.291064 0.729843 0.68099 -0.059845 0.737255 0.652711 -0.174423 0.243069 0.964536 -0.102896 0.407456 0.898125 0.165381 0.155881 0.985677 -0.064355 0.161308 0.916481 -0.366119 0.997237 0.068479 0.02879 0.911989 0.063912 -0.405205 0.939212 -0.144252 -0.311563 0.82613 0.139435 0.545956 0.031238 0.996934 0.071737 0.396794 0.23905 0.886233 -0.321512 0.899188 0.296803 0.51824 0.854277 0.040477 -0.321512 0.899188 0.296803 0.368608 0.716361 0.592415 -0.027355 0.58177 0.812893 0.920737 -0.25223 -0.297696 0.859617 -0.507135 0.062233 0.962312 -0.231238 0.143125 0.939212 -0.144252 -0.311563 0.850934 -0.209885 0.481519 0.726671 -0.482792 0.488735 0.911989 0.063912 -0.405205 0.997237 0.068479 0.02879 0.82613 0.139435 0.545956 0.656748 -0.254366 0.709915 0.622154 0.007529 0.782858 0.396794 0.23905 0.886233 0.687642 -0.275001 -0.671955 0.939212 -0.144252 -0.311563 0.920737 -0.25223 -0.297696 0.646565 -0.479655 -0.593199 0.898426 0.417253 -0.136858 0.711894 0.289 -0.640067 0.427941 -0.28765 -0.856811 0.38528 -0.496789 -0.777663 0.020531 -0.328616 -0.94424 -0.038441 -0.195348 -0.97998 -0.145163 0.285407 -0.947349 0.345664 0.254037 -0.903317 0.521164 0.774367 -0.358808 0.737255 0.652711 -0.174423 0.092079 0.994196 0.055645 -0.694903 0.715074 0.076021 -0.436721 0.873398 -0.215525 -0.316457 0.941696 -0.114299 -0.158575 0.981356 0.1086 -0.638218 -0.468675 -0.610754 -0.431519 -0.338107 -0.836346 -0.673296 -0.329546 -0.66187 -0.400736 -0.459845 -0.792435 -0.438646 0.199705 -0.876189 -0.749038 0.131467 -0.649353 -0.867006 -0.384729 -0.316678 -0.92925 -0.193982 -0.314429 -0.955099 0.215989 -0.202819 -0.038441 -0.195348 -0.97998 0.020531 -0.328616 -0.94424 0.05126 0.252492 -0.96624 -0.305652 0.934233 -0.183809 0.056483 0.930958 -0.360732 -0.038441 -0.195348 -0.97998 -0.145163 0.285407 -0.947349 0.454451 0.834176 -0.31245 -0.081842 0.99201 -0.096011 0.345664 0.254037 -0.903317 -0.08545 0.988247 -0.126752 0.05126 0.252492 -0.96624 -0.042075 0.978385 -0.202468 -0.438646 0.199705 -0.876189 -0.213573 0.965555 -0.148629 0.124097 0.95795 0.258713 -0.206929 0.978075 -0.023444 -0.749038 0.131467 -0.649353 0.242675 0.928742 0.280264 -0.206929 0.978075 -0.023444 -0.427979 0.850535 0.305655 -0.955099 0.215989 -0.202819 -0.92925 -0.193982 -0.314429 -0.451782 0.876824 -0.164539 -0.451782 0.876824 -0.164539 0.354824 0.93326 0.055908 -0.003358 0.997367 -0.072442 -0.807598 0.356086 -0.470095 -0.948269 0.307292 0.079735 0.048213 0.996918 0.061889 0.005039 0.666964 0.745073 -0.398228 0.412245 0.819432 -0.80112 0.318696 0.506596 -0.646451 -0.133398 0.751203 -0.023136 0.992274 0.12189 -0.027355 0.58177 0.812893 0.80575 -0.176443 -0.565362 0.602433 0.074248 -0.794708 0.665155 -0.035696 -0.745852 0.636227 -0.281538 -0.718298 0.564889 -0.082987 -0.820983 0.791199 0.162903 -0.589463 0.61559 -0.199731 -0.762336 0.555989 0.198678 -0.807096 0.738364 -0.109003 -0.665535 0.47528 0.085761 -0.875645 0.475724 -0.004884 -0.879581 0.788654 -0.588968 0.176471 0.489966 0.842358 -0.224424 0.619567 0.639342 0.455389 0.656617 -0.005613 -0.754204 0.90877 -0.278909 0.310397 0.940803 0.139967 0.308704 0.378509 -0.900534 0.213939 0.018332 -0.856204 -0.516312 -0.163326 -0.980113 -0.112708 0.624697 -0.442247 0.643561 0.723055 0.038806 -0.689699 -0.469205 -0.002013 -0.883087 -0.791034 -0.098176 -0.603843 -0.36435 -0.296606 -0.882765 -0.282399 -0.768105 -0.574687 0.225167 -0.927592 -0.298115 0.7529 -0.13206 -0.644749 -0.324793 0.405401 -0.854494 0.074838 0.845378 -0.528901 -0.33479 0.899553 -0.280571 -0.126417 0.723134 -0.679041 0.641217 -0.16393 -0.749645 0.37758 0.910455 -0.168834 0.864613 0.476579 0.159109 0.892632 -0.011817 -0.450632 0.619567 0.639342 0.455389 -0.883741 0.430224 -0.184145 -0.588497 0.805227 0.072668 -0.867722 0.442817 -0.22577 -0.33479 0.899553 -0.280571 -0.791034 -0.098176 -0.603843 -0.966287 -0.12034 -0.227611 -0.725059 0.548256 0.416779 -0.921097 0.292499 0.256952 -0.974105 -0.059386 0.218158 -0.833368 0.177283 0.523516 -0.728278 0.312389 0.609938 -0.86101 -0.012064 0.508445 -0.36435 -0.296606 -0.882765 -0.324793 0.405401 -0.854494 0.074838 0.845378 -0.528901 -0.33479 0.899553 -0.280571 -0.588497 0.805227 0.072668 -0.141696 0.89896 0.414479 -0.187265 0.87371 0.448958 0.175111 0.635065 0.752349 0.619567 0.639342 0.455389 -0.449885 0.60345 0.65837 -0.725059 0.548256 0.416779 -0.200075 0.452059 0.86926 -0.728278 0.312389 0.609938 -0.585734 0.341937 0.734843 -0.46016 0.254411 0.850604 -0.126417 0.723134 -0.679041 0.37758 0.910455 -0.168834 0.864613 0.476579 0.159109 0.35333 0.17285 0.919392 0.268823 -0.38046 0.884864 0.37806 0.164608 0.91103 0.624697 -0.442247 0.643561 -0.105755 0.127515 0.986183 0.175111 0.635065 0.752349 -0.200075 0.452059 0.86926 -0.16169 -0.233771 0.958753 -0.399674 0.083023 0.91289 -0.427269 -0.10617 0.897869 0.619567 0.639342 0.455389 0.489966 0.842358 -0.224424 0.940803 0.139967 0.308704 0.788654 -0.588968 0.176471 0.624697 -0.442247 0.643561 0.268823 -0.38046 0.884864 -0.090892 -0.76183 0.641368 -0.050351 -0.768117 0.638327 -0.43226 -0.863906 0.258491 -0.163326 -0.980113 -0.112708 -0.358808 -0.49005 0.794423 -0.16169 -0.233771 0.958753 -0.619517 -0.553848 0.556283 -0.427269 -0.10617 0.897869 -0.532238 -0.241343 0.811466 -0.674756 -0.270918 0.686519 0.90877 -0.278909 0.310397 0.378509 -0.900534 0.213939 0.018332 -0.856204 -0.516312 -0.43226 -0.863906 0.258491 -0.797641 -0.599292 -0.067954 -0.163326 -0.980113 -0.112708 -0.79779 -0.60256 -0.021256 -0.966287 -0.12034 -0.227611 -0.791034 -0.098176 -0.603843 -0.856056 -0.386548 0.343146 -0.619517 -0.553848 0.556283 -0.974105 -0.059386 0.218158 -0.674756 -0.270918 0.686519 -0.800456 -0.183322 0.57067 0.225167 -0.927592 -0.298115 -0.282399 -0.768105 -0.574687 -0.469205 -0.002013 -0.883087 -0.585734 0.341937 0.734843 -0.449885 0.60345 0.65837 -0.728278 0.312389 0.609938 -0.105755 0.127515 0.986183 -0.532238 -0.241343 0.811466 -0.358808 -0.49005 0.794423 -0.427269 -0.10617 0.897869 -0.800456 -0.183322 0.57067 -0.856056 -0.386548 0.343146 -0.674756 -0.270918 0.686519 -0.86101 -0.012064 0.508445 -0.86101 -0.012064 0.508445 -0.163326 -0.980113 -0.112708 -0.326742 0.495048 0.805088 0.599149 -0.208955 0.772889 0.868516 0.494266 0.037163 -0.571502 0.381648 0.72645 0.221636 -0.643726 0.732457 0.060246 0.990165 -0.126268 -0.390202 0.59634 -0.701514 -0.017135 -0.86731 0.497474 -0.61882 0.279706 0.734048 -0.785828 -0.582988 -0.206397 -0.738042 0.387735 -0.552229 0.484937 -0.423845 -0.764978 0.491184 -0.398566 -0.774521 0.591244 -0.377546 -0.712663 -0.386893 -0.11415 -0.915032 -0.701341 0.016024 -0.712645 -0.615936 -0.060184 -0.785494 -0.523829 -0.291098 -0.800541 -0.686561 -0.147084 -0.71204 -0.507605 0.19509 -0.839212 -0.591426 -0.23011 -0.77283 -0.754121 0.118747 -0.645911 -0.509661 -0.091692 -0.855476 -0.797479 -0.023491 -0.602889 -0.775532 -0.109486 -0.621742 0.433098 -0.321675 -0.841993 -0.39032 0.851996 -0.348931 0.329803 0.860749 -0.387739 -0.633452 -0.036039 -0.772942 0.487804 0.031291 -0.872392 0.371743 0.431855 -0.821771 0.505507 -0.70257 -0.500857 -0.246562 -0.927717 -0.280265 0.149561 -0.987228 -0.054892 0.815274 -0.107085 -0.569088 -0.576359 0.037478 -0.816337 -0.897952 -0.332508 0.288306 -0.645483 -0.430156 0.631124 -0.801208 -0.584126 0.129852 -0.364632 -0.931017 0.015799 0.007019 -0.891436 -0.453092 -0.481554 -0.10473 -0.870136 -0.967907 0.091542 0.234042 -0.732684 0.680552 -0.004777 -0.563119 0.695531 0.446243 -0.866086 0.480629 0.13744 -0.586274 -0.187242 -0.788178 -0.370785 0.902985 -0.217109 0.124748 0.692747 -0.710309 -0.31347 0.089574 -0.945364 0.329803 0.860749 -0.387739 -0.407402 0.14807 0.901165 -0.23228 0.634166 0.737482 -0.448544 0.153387 0.8805 -0.563119 0.695531 0.446243 -0.645483 -0.430156 0.631124 -0.303364 -0.399383 0.865138 0.150541 0.445672 0.882447 0.046342 0.119217 0.991786 0.102333 -0.233469 0.966964 0.343399 0.097948 0.934068 0.400527 0.271297 0.875201 0.379153 -0.090147 0.920932 -0.801208 -0.584126 0.129852 -0.967907 0.091542 0.234042 -0.732684 0.680552 -0.004777 -0.563119 0.695531 0.446243 -0.23228 0.634166 0.737482 0.122188 0.913262 0.388617 0.156414 0.887258 0.433945 0.55778 0.824603 0.094396 0.329803 0.860749 -0.387739 0.399119 0.622893 0.672836 0.150541 0.445672 0.882447 0.673751 0.592462 0.441643 0.400527 0.271297 0.875201 0.528818 0.363934 0.766748 0.679375 0.340326 0.650099 -0.866086 0.480629 0.13744 -0.370785 0.902985 -0.217109 0.869657 0.474373 -0.136631 0.982729 -0.073908 -0.169653 0.867134 0.470438 -0.163605 0.815274 -0.107085 -0.569088 0.888534 0.339116 0.309044 0.55778 0.824603 0.094396 0.673751 0.592462 0.441643 0.957625 -0.020278 0.287304 0.794618 0.20927 0.569902 0.830393 0.021291 0.556771 0.329803 0.860749 -0.387739 -0.39032 0.851996 -0.348931 0.371743 0.431855 -0.821771 0.433098 -0.321675 -0.841993 0.815274 -0.107085 -0.569088 0.982729 -0.073908 -0.169653 0.814002 -0.578024 0.057345 0.817962 -0.575035 0.016505 0.436035 -0.850052 0.295441 0.149561 -0.987228 -0.054892 0.849157 -0.348597 0.396752 0.957625 -0.020278 0.287304 0.608101 -0.529599 0.591386 0.830393 0.021291 0.556771 0.773289 -0.152108 0.615538 0.645017 -0.244762 0.723909 0.487804 0.031291 -0.872392 0.505507 -0.70257 -0.500857 -0.246562 -0.927717 -0.280265 0.436035 -0.850052 0.295441 0.005028 -0.769444 0.638695 0.149561 -0.987228 -0.054892 0.050339 -0.760969 0.646832 -0.303364 -0.399383 0.865138 -0.645483 -0.430156 0.631124 0.328493 -0.481621 0.812486 0.608101 -0.529599 0.591386 0.102333 -0.233469 0.966964 0.645017 -0.244762 0.723909 0.494369 -0.221133 0.840654 0.007019 -0.891436 -0.453092 -0.364632 -0.931017 0.015799 -0.897952 -0.332508 0.288306 0.528818 0.363934 0.766748 0.399119 0.622893 0.672836 0.400527 0.271297 0.875201 0.888534 0.339116 0.309044 0.773289 -0.152108 0.615538 0.849157 -0.348597 0.396752 0.830393 0.021291 0.556771 0.494369 -0.221133 0.840654 0.328493 -0.481621 0.812486 0.645017 -0.244762 0.723909 0.379153 -0.090147 0.920932 0.379153 -0.090147 0.920932 0.149561 -0.987228 -0.054892 -0.311475 -0.054907 0.948667 -0.029923 -0.984511 0.172749 0.913357 -0.239858 0.32901 -0.407226 -0.023398 0.913028 -0.395431 -0.917868 -0.03395 0.412308 0.813232 0.410677 0.149805 0.953261 0.262397 -0.677839 -0.716015 -0.166902 -0.50954 0.014538 0.860324 -0.806362 0.403446 -0.432448 -0.087516 0.986875 0.135719 0.422815 0.003178 -0.90621 0.349859 0.023224 -0.936514 0.392215 0.008814 -0.919832 -0.732656 -0.396906 0.552885 -0.330838 -0.653786 -0.680522 0.414947 -0.896872 0.153097 -0.639827 -0.527577 0.558824 -0.510434 -0.347609 -0.786527 0.495518 0.001628 0.868596 0.356957 0.3589 0.862422 -0.727662 -0.167495 -0.665172 -0.501696 -0.670679 0.546343 -0.834404 0.511004 0.206505 0.068258 0.497758 0.864626 0.790321 0.280126 -0.544905 0.393225 0.747587 -0.535245 0.630928 0.531216 -0.565455 0.136852 0.739322 0.659298 0.945149 0.296283 -0.13751 0.008848 0.617923 -0.786189 0.117718 0.546376 0.829226 0.989986 -0.06665 0.124442 -0.845851 0.532219 -0.035765 -0.962138 0.148668 0.228448 0.877255 -0.401987 0.262353 0.10721 0.39122 0.914031 -0.085884 -0.882645 0.462128 -0.900851 -0.209301 0.380342 -0.113214 -0.648032 -0.753152 -0.102512 -0.56813 -0.816529 -0.111719 -0.558389 -0.822022 -0.175775 -0.344539 0.922169 -0.945172 0.32302 0.048048 -0.99771 -0.05439 -0.040214 -0.145286 -0.244649 0.958665 0.787875 -0.611138 0.075917 0.943797 -0.278903 0.177368 -0.797823 0.556932 0.23088 -0.213096 -0.471384 0.855796 0.186033 0.715047 0.673869 0.940792 -0.008618 0.338874 0.233629 0.586913 -0.77521 0.166289 0.356859 -0.919239 0.095082 0.115824 -0.988708 0.193091 0.416005 0.888626 -0.855611 -0.115094 0.504661 0.126068 -0.710533 0.692278 -0.330374 -0.879288 -0.343082 0.942268 -0.333507 -0.030069 0.716004 0.674499 0.179969 0.22945 -0.151166 0.96151 0.891312 -0.450314 0.052723 -0.117269 -0.988858 0.091689 0.368972 -0.121372 -0.921482 -0.094586 0.952815 -0.288438 -0.92922 0.239876 0.281088 0.048712 0.606125 0.793876 -0.107404 -0.526104 0.843611 0.957411 0.180551 0.225311 -0.929807 -0.364201 0.053074 -0.375879 0.494662 0.783597 -0.656275 0.678233 -0.330611 0.434289 0.898871 -0.058518 -0.037015 -0.02912 -0.99889 0.205012 0.044121 0.977764 -0.802344 0.453111 0.388502 -0.544403 -0.676163 0.496416 -0.737922 -0.343501 -0.580929 0.454855 -0.889739 -0.03836 0.299567 0.934373 0.192888 -0.433538 0.510076 -0.742878 -0.780237 0.463969 0.41948 -0.797102 -0.579699 -0.169046 0.032072 -0.237931 0.970752 0.202079 0.925662 0.319865 -0.804719 0.202644 0.557999 0.306803 -0.091108 0.947402 -0.2498 -0.923927 0.289756 0.973581 -0.222841 -0.049827 0.233463 0.925714 0.297572 -0.15092 -0.025349 0.988221 0.88661 -0.000741 0.462517 0.268878 -0.935232 0.230317 0.732142 0.051492 -0.679203 -0.440783 0.139071 -0.886775 -0.932629 0.269124 0.240366 -0.110813 0.977503 -0.179465 0.141687 0.523831 0.839956 0.847468 0.368583 -0.382027 -0.75528 -0.617774 -0.218877 -0.771658 0.38233 0.508298 -0.626664 0.437822 -0.644673 0.182695 0.982058 -0.046735 0.34324 -0.116092 -0.932046 -0.378903 -0.925436 0.001175 -0.914151 0.119471 -0.387369 -0.008177 -0.369479 -0.929203 0.14684 0.732665 -0.66456 0.897304 -0.385469 -0.21508 0.084894 0.445897 0.891049 -0.933351 -0.011432 0.358784 -0.05687 -0.679519 0.731451 -0.352823 -0.86448 -0.358038 0.898276 -0.416139 0.141165 -0.276456 0.908365 -0.313761 -0.96872 0.04836 0.2434 -0.106831 0.615765 0.780654 -0.029701 -0.523449 0.851539 0.89084 0.376902 0.253669 -0.929808 -0.364198 0.053068 -0.375872 0.494666 0.783598 -0.656272 0.678237 -0.330608 0.434294 0.898868 -0.058527 -0.037016 -0.029119 -0.99889 -0.731883 0.675229 0.091717 0.254338 0.473504 0.843271 0.339812 0.91163 -0.231213 0.999764 -0.000853 -0.021728 -0.005271 0.117333 -0.993079 -0.193091 0.416005 0.888626 -0.126068 -0.710533 0.692278 0.855611 -0.115094 0.504661 0.330374 -0.879288 -0.343082 -0.942268 -0.333507 -0.030069 -0.716004 0.674499 0.179969 -0.891312 -0.450314 0.052723 -0.22945 -0.151166 0.96151 0.117269 -0.988858 0.091689 -0.368972 -0.121372 -0.921482 0.094586 0.952815 -0.288438 -0.048712 0.606125 0.793876 0.92922 0.239876 0.281088 0.107404 -0.526104 0.843611 -0.957411 0.180551 0.225311 0.929807 -0.364201 0.053074 0.656275 0.678233 -0.330611 0.375879 0.494662 0.783597 -0.434289 0.898871 -0.058518 0.037015 -0.02912 -0.99889 -0.205012 0.044121 0.977764 0.544403 -0.676163 0.496416 0.802344 0.453111 0.388502 0.737922 -0.343501 -0.580929 -0.454855 -0.889739 -0.03836 -0.299567 0.934373 0.192888 0.780237 0.463969 0.41948 0.433538 0.510076 -0.742878 0.797102 -0.579699 -0.169046 -0.032072 -0.237931 0.970752 -0.202079 0.925662 0.319865 -0.306803 -0.091108 0.947402 0.804719 0.202644 0.557999 0.2498 -0.923927 0.289756 -0.973581 -0.222841 -0.049827 -0.233463 0.925714 0.297572 -0.88661 -0.000741 0.462517 0.15092 -0.025349 0.988221 -0.268878 -0.935232 0.230317 -0.732142 0.051492 -0.679203 0.440783 0.139071 -0.886775 0.110813 0.977503 -0.179465 0.932629 0.269124 0.240366 -0.141687 0.523831 0.839956 -0.847468 0.368583 -0.382027 0.75528 -0.617774 -0.218877 0.626664 0.437822 -0.644673 0.771658 0.38233 0.508298 -0.182695 0.982058 -0.046735 -0.34324 -0.116092 -0.932046 0.378903 -0.925436 0.001175 0.008177 -0.369479 -0.929203 0.914151 0.119471 -0.387369 -0.14684 0.732665 -0.66456 -0.897304 -0.385469 -0.21508 -0.084894 0.445897 0.891049 0.05687 -0.679519 0.731451 0.933351 -0.011432 0.358784 0.352823 -0.86448 -0.358038 -0.898276 -0.416139 0.141165 0.276456 0.908365 -0.313761 0.106831 0.615765 0.780654 0.96872 0.04836 0.2434 0.029701 -0.523449 0.851539 -0.89084 0.376902 0.253669 0.929808 -0.364198 0.053068 0.656272 0.678237 -0.330608 0.375872 0.494666 0.783598 -0.434294 0.898868 -0.058527 0.037016 -0.029119 -0.99889 0.731883 0.675229 0.091717 -0.339812 0.91163 -0.231213 -0.254338 0.473504 0.843271 -0.999764 -0.000853 -0.021728 0.005271 0.117333 -0.993079 -0.908753 -0.160636 -0.385181 0.079134 -0.360137 -0.929537 0.142106 -0.989226 0.035197 0.930425 0.129535 -0.342825 -0.080703 -0.992797 0.088549 0.620808 -0.422687 0.660252 -0.214527 -0.960784 0.175704 0.837558 -0.458066 0.297778 -0.199713 -0.973047 0.115303 0.85777 0.505657 0.092416 0.749651 0.556171 0.358745 0.501252 -0.406299 0.763981 0.253821 -0.958993 -0.126127 -0.568973 -0.482075 -0.666238 0.540786 -0.428027 0.724115 -0.240228 -0.490127 -0.837894 0.591771 -0.758143 -0.273909 0.098898 -0.219924 -0.970491 -0.508279 0.427015 -0.74787 -0.481252 0.474131 -0.73729 -0.457099 0.503472 -0.733196 0.455239 0.216354 -0.863683 -0.222986 0.743009 -0.631042 -0.078511 0.984661 -0.155816 0.712137 0.604651 -0.356734 0.777075 -0.550982 -0.304259 0.449803 -0.424746 0.785664 0.903368 -0.377344 -0.203806 0.517691 0.591237 0.618413 0.1851 0.52962 0.827793 -0.213445 0.356177 0.909714 0.231262 -0.711218 0.663843 0.903368 -0.377344 -0.203806 0.084142 -0.976041 0.200661 0.891843 -0.400172 -0.210901 -0.023355 -0.952088 -0.304932 -0.847249 -0.430004 0.311874 -0.884259 -0.462206 -0.066718 0.840458 -0.115347 -0.529457 0.752324 0.652148 0.093332 0.763835 0.520319 0.381869 0.007048 0.517498 0.855656 -0.103265 0.927916 0.358201 -0.197163 -0.552067 -0.810154 0.636626 0.399324 -0.659733 -0.424946 0.205393 -0.881609 0.446674 0.828223 -0.338422 -0.651889 0.579561 -0.489029 -0.941423 -0.333494 -0.050053 -0.955616 -0.286844 -0.067228 -0.926459 -0.350746 -0.136566 0.2022 0.953711 0.222598 0.945232 0.061431 0.320566 0.913827 0.102399 0.392983 0.57077 -0.81355 0.111168 0.414218 -0.707781 0.572249 0.745095 -0.633327 -0.20912 0.785402 -0.053129 0.616702 -0.080656 0.632868 0.770047 -0.771496 0.605544 -0.195217 -0.877642 0.472525 -0.080401 -0.430671 -0.013909 0.902402 -0.920802 0.38417 -0.067352 -0.687766 -0.407364 0.60086 -0.853741 0.520192 0.022963 -0.578232 -0.107625 -0.808743 -0.370439 0.404784 -0.836017 -0.190765 0.859273 -0.474615 -0.796662 -0.477177 0.370987 0.38478 -0.791107 0.475494 0.131014 -0.991299 0.012754 0.841363 -0.416003 -0.345034 0.930526 -0.274047 -0.242938 -0.717869 0.614307 0.327553 -0.834111 -0.383325 0.396637 -0.45636 0.499869 0.736116 0.006207 0.999906 -0.012206 0.262439 0.869406 0.41864 -0.745269 -0.49976 0.441378 -0.202975 -0.882075 -0.425141 -0.531854 -0.525522 -0.664047 0.250232 0.049149 -0.966938 0.630391 -0.313242 -0.710273 -0.090971 0.515317 -0.852158 -0.768805 -0.267363 -0.580909 -0.562693 -0.726501 0.394427 -0.108404 0.066315 0.991893 0.229609 -0.396482 0.888865 -0.376798 -0.924686 0.054576 0.440184 -0.684733 0.580843 0.779578 0.27952 0.56047 0.810173 0.242341 0.533752 -0.093046 -0.958517 -0.26942 -0.808784 -0.194734 -0.55493 -0.718477 -0.22431 -0.658389 -0.587023 0.750673 -0.30314 -0.399113 0.739808 -0.541657 0.638938 -0.666258 0.384525 0.687807 0.32745 0.647841 0.881571 -0.05639 -0.468672 0.810197 -0.130796 -0.571378 0.192998 0.646507 -0.738093 0.5173 -0.808038 0.281915 0.314463 -0.949013 -0.022096 -0.384029 -0.582149 0.716676 -0.603064 -0.705092 0.373041 0.852835 0.014631 -0.521976 0.398112 0.83338 -0.383385 0.593882 0.8013 0.072266 -0.139977 0.801288 0.581673 -0.38463 0.919585 0.080144 -0.559321 0.804246 -0.200872 0.128902 0.333399 0.933932 0.773553 0.550318 0.314269 0.321738 -0.14844 0.935121 0.824871 0.440978 0.353732 0.700847 0.197679 -0.685374 0.479577 0.56796 -0.6689 -0.004531 -0.83108 -0.556134 -0.306351 -0.364686 -0.879291 -0.60392 -0.17599 0.777373 -0.763434 0.156386 0.626667 -0.868518 0.218116 0.445086 -0.853021 0.201132 0.481562 -0.676315 0.671871 -0.301974 -0.730485 0.314986 0.60595 0.080771 0.944109 0.319585 0.362216 0.931907 -0.01866 0.638805 0.725522 -0.256019 0.768471 0.570788 -0.289229 0.783152 0.573301 -0.240831 0.728096 0.584621 -0.357903 0.577187 0.510585 -0.637305 0.405787 0.079872 -0.910471 0.908886 -0.327363 -0.258379 0.122261 -0.5596 -0.819695 -0.192115 -0.933917 -0.301482 -0.370151 -0.890676 0.263979 -0.512431 -0.472715 0.716906 0.246119 -0.242377 0.938445 -0.691715 0.136655 0.709123 -0.82999 0.458558 0.317554 -0.799491 0.579826 0.156895 -0.734449 0.666502 0.127904 -0.630046 0.756362 0.175949 -0.343852 0.932885 0.107195 0.041739 0.992574 -0.114253 -0.622531 0.523095 -0.582089 0.100479 0.96024 -0.260469 -0.963691 -0.230447 -0.134889 -0.815992 -0.366551 -0.446988 0.100479 0.96024 -0.260469 0.041739 0.992574 -0.114253 -0.343852 0.932885 0.107195 -0.576629 -0.051002 0.815412 -0.630046 0.756362 0.175949 -0.734449 0.666502 0.127904 -0.799491 0.579826 0.156895 -0.82999 0.458558 0.317554 -0.691715 0.136655 0.709123 -0.512431 -0.472715 0.716906 -0.370151 -0.890676 0.263979 -0.810102 -0.360841 -0.462092 -0.192115 -0.933917 -0.301482 0.122261 -0.5596 -0.819695 0.405787 0.079872 -0.910471 0.577187 0.510585 -0.637305 0.728096 0.584621 -0.357903 0.783152 0.573301 -0.240831 0.564175 0.533141 0.63045 0.768471 0.570788 -0.289229 0.638805 0.725522 -0.256019 0.362216 0.931907 -0.01866 0.080771 0.944109 0.319585 -0.730485 0.314986 0.60595 -0.127137 -0.290884 0.948273 -0.853021 0.201132 0.481562 -0.868518 0.218116 0.445086 -0.791266 -0.606123 0.080708 -0.866043 -0.498041 -0.043867 -0.763434 0.156386 0.626667 -0.60392 -0.17599 0.777373 0.888737 0.196155 0.41433 0.763835 0.520319 0.381869 0.601155 -0.359713 0.713596 -0.455239 0.216354 -0.863683 0.078511 0.984661 -0.155816 0.222986 0.743009 -0.631042 -0.712137 0.604651 -0.356734 -0.777075 -0.550982 -0.304259 -0.903368 -0.377344 -0.203806 -0.591771 -0.758143 -0.27391 -0.449803 -0.424746 0.785664 -0.179426 -0.980205 -0.083693 -0.630056 -0.427587 0.648228 -0.520005 -0.459067 0.720314 0.166988 -0.984721 0.049386 -0.818341 -0.516032 0.253041 0.189834 -0.981803 0.005017 -0.840387 0.513795 0.172523 -0.668058 0.586086 0.458478 -0.283836 0.51858 0.806543 -0.231262 -0.711218 0.663843 -0.084142 -0.976041 0.200661 -0.891843 -0.400172 -0.210901 0.023355 -0.952088 -0.304932 0.847249 -0.430004 0.311874 0.884259 -0.462206 -0.066718 -0.840458 -0.115347 -0.529457 -0.752324 0.652148 0.093332 -0.763835 0.520319 0.381869 -0.007048 0.517498 0.855656 0.103265 0.927916 0.358201 0.197163 -0.552067 -0.810154 -0.636626 0.399324 -0.659733 0.424946 0.205393 -0.881609 -0.446674 0.828223 -0.338422 0.651889 0.579561 -0.489029 0.941423 -0.333494 -0.050053 0.955616 -0.286844 -0.067228 0.926459 -0.350746 -0.136566 -0.2022 0.953711 0.222598 -0.945232 0.061431 0.320566 -0.913827 0.102399 0.392983 -0.57077 -0.81355 0.111168 -0.414218 -0.707781 0.572249 -0.745095 -0.633327 -0.20912 -0.785402 -0.053129 0.616702 0.080656 0.632868 0.770047 0.771496 0.605544 -0.195217 0.877642 0.472525 -0.080402 0.430671 -0.013909 0.902402 0.920802 0.38417 -0.067352 0.687766 -0.407364 0.600859 0.853741 0.520192 0.022963 0.578232 -0.107625 -0.808743 0.370439 0.404784 -0.836017 0.190765 0.859273 -0.474615 0.796662 -0.477177 0.370987 -0.38478 -0.791107 0.475494 -0.131014 -0.991299 0.012754 -0.841363 -0.416003 -0.345034 -0.930526 -0.274047 -0.242938 0.717869 0.614307 0.327553 0.834111 -0.383325 0.396637 0.45636 0.499869 0.736116 -0.006207 0.999906 -0.012206 -0.262439 0.869406 0.41864 0.745269 -0.49976 0.441378 0.202975 -0.882075 -0.425141 0.531854 -0.525522 -0.664047 -0.250232 0.049149 -0.966938 -0.630391 -0.313242 -0.710273 0.090971 0.515317 -0.852158 0.768805 -0.267363 -0.580909 0.562693 -0.726501 0.394427 0.108404 0.066315 0.991893 -0.229609 -0.396482 0.888865 0.376798 -0.924686 0.054576 -0.440184 -0.684733 0.580843 -0.779578 0.27952 0.56047 -0.810173 0.242341 0.533752 0.093046 -0.958517 -0.26942 0.808784 -0.194734 -0.55493 0.718477 -0.22431 -0.658389 0.587023 0.750673 -0.30314 0.399113 0.739808 -0.541657 -0.638938 -0.666258 0.384525 -0.687807 0.32745 0.647841 -0.881571 -0.05639 -0.468672 -0.810197 -0.130796 -0.571378 -0.5173 -0.808038 0.281915 -0.192998 0.646507 -0.738093 -0.314463 -0.949013 -0.022096 0.384029 -0.582149 0.716676 0.603064 -0.705092 0.373041 -0.852835 0.014631 -0.521976 -0.398112 0.83338 -0.383385 -0.593882 0.8013 0.072266 0.139977 0.801288 0.581673 0.38463 0.919585 0.080144 0.559321 0.804246 -0.200872 -0.128902 0.333399 0.933932 -0.773553 0.550318 0.314269 -0.321738 -0.14844 0.935121 -0.824871 0.440978 0.353732 -0.700847 0.197679 -0.685374 -0.479577 0.56796 -0.6689 0.004531 -0.83108 -0.556134 0.306351 -0.364686 -0.879291 0.60392 -0.17599 0.777373 0.763434 0.156386 0.626667 0.868518 0.218116 0.445086 0.853021 0.201132 0.481562 0.676314 0.671871 -0.301974 0.730485 0.314986 0.60595 -0.080771 0.944109 0.319585 -0.362216 0.931907 -0.01866 -0.638805 0.725522 -0.256019 -0.768471 0.570788 -0.289229 -0.783152 0.573301 -0.240831 -0.728096 0.584621 -0.357903 -0.577187 0.510585 -0.637305 -0.405787 0.079872 -0.910471 -0.908886 -0.327363 -0.258379 -0.122261 -0.5596 -0.819695 0.192115 -0.933917 -0.301482 0.37015 -0.890676 0.263979 0.512431 -0.472715 0.716906 -0.246119 -0.242377 0.938445 0.691715 0.136655 0.709123 0.82999 0.458558 0.317554 0.799491 0.579826 0.156895 0.734449 0.666502 0.127904 0.457099 0.503472 -0.733196 0.630046 0.756362 0.175949 0.503656 0.39377 -0.768945 -0.098898 -0.219924 -0.970491 0.268791 0.962783 0.028279 -0.05789 0.985024 -0.162406 0.607678 0.539298 -0.582996 -0.043928 0.997301 -0.058824 0.757805 0.627111 -0.180179 0.947332 -0.270191 -0.171926 0.770615 -0.353798 -0.530076 0.300705 -0.512135 -0.804546 -0.903368 -0.377344 -0.203806 0.213445 0.356177 0.909714 0.576629 -0.051002 0.815412 0.268791 0.962783 0.028279 -0.05789 0.985024 -0.162406 -0.043928 0.997301 -0.058824 0.630046 0.756362 0.175949 0.734449 0.666502 0.127904 0.799491 0.579826 0.156895 0.82999 0.458558 0.317554 0.691715 0.136655 0.709123 0.512431 -0.472715 0.716906 0.37015 -0.890676 0.263979 0.810102 -0.360841 -0.462092 0.877642 0.472525 -0.080402 0.192115 -0.933917 -0.301482 -0.122261 -0.5596 -0.819695 -0.405787 0.079872 -0.910471 -0.577187 0.510585 -0.637305 -0.728096 0.584621 -0.357903 -0.783152 0.573301 -0.240831 -0.564175 0.533141 0.63045 -0.768471 0.570788 -0.289229 -0.638805 0.725522 -0.256019 -0.362216 0.931907 -0.01866 -0.080771 0.944109 0.319585 0.127137 -0.290884 0.948273 0.730485 0.314986 0.60595 0.853021 0.201132 0.481562 0.868518 0.218116 0.445086 0.791266 -0.606123 0.080708 0.866043 -0.498041 -0.043867 0.763434 0.156386 0.626667 0.60392 -0.17599 0.777373 -0.888737 0.196155 0.41433 -0.601155 -0.359713 0.713596 0.83738 -0.518899 0.17187 -0.029647 -0.998677 -0.042018 0.805534 -0.52718 0.270548 0.122416 -0.909965 -0.396205 0.773632 0.556348 0.303266 0.658251 0.488499 0.572778 -0.237951 0.926215 0.292412 -0.063983 0.996905 -0.045676 -0.326768 0.814312 0.479707 0.591985 0.382542 0.709377 -0.883411 0.421449 -0.204852 -0.863376 0.441343 -0.244535 -0.806468 0.512735 -0.294467 -0.366806 0.772503 0.518357 0.613992 0.334454 0.714951 -0.391431 0.753186 0.528671 0.589832 0.396588 0.703432 -0.458365 0.608043 0.648218 0.547392 0.349743 0.760291 -0.499555 0.380427 0.77828 0.489865 0.09226 0.866903 -0.536895 0.249679 0.805856 0.414539 -0.210774 0.885286 0.865276 -0.496974 0.065691 0.867137 -0.485077 0.113016 0.207179 -0.787994 -0.579777 0.223641 -0.757597 -0.613214 -0.900144 0.420462 -0.113808 -0.969945 0.236277 -0.058132 -0.967965 0.236573 -0.084131 -0.925511 0.339731 -0.167369 -0.901342 0.375263 -0.216242 0.903821 -0.427305 -0.022736 -0.542552 -0.081903 0.83602 0.480792 0.21 0.851316 0.511709 0.243285 0.823994 -0.538543 0.048434 0.841205 0.959575 0.27932 -0.034568 0.520841 -0.012918 -0.853556 0.980672 0.186434 -0.059378 0.516479 0.082248 -0.852341 -0.536971 -0.132509 -0.833129 -0.403151 0.180741 -0.897108 -0.620871 -0.348149 -0.702361 -0.629581 -0.366991 -0.684795 -0.587811 -0.343033 -0.732671 -0.620379 -0.35075 -0.701501 -0.680837 -0.462953 -0.56757 -0.840006 -0.468373 -0.27389 -0.744226 0.393127 0.53998 -0.016014 0.999871 0.001341 -0.838015 0.474121 0.270074 -0.742603 -0.614249 0.266906 0.111574 0.925413 0.362164 0.767547 0.590382 -0.249642 0.828433 0.534848 -0.166242 -0.68911 0.320014 0.650168 -0.773753 -0.62328 0.113263 -0.818678 -0.572217 0.048318 -0.085933 -0.795032 -0.600449 0.022937 -0.889603 -0.456159 0.140959 -0.986907 -0.078389 0.221532 0.827261 0.516297 -0.600336 0.310706 0.736926 0.334075 0.749649 0.571332 0.864734 0.487325 -0.121445 0.885541 0.448491 -0.121132 -0.430342 0.306395 0.849075 -0.866148 -0.489893 0.098955 -0.896627 -0.380487 0.226471 -0.413872 -0.669457 -0.616877 -0.213234 -0.760543 -0.613274 -0.424333 -0.360431 -0.830681 -0.959954 -0.257834 0.109593 -0.375372 0.185637 0.908094 0.48858 0.646179 0.586295 0.533498 0.438109 0.723492 -0.538543 0.048434 0.841205 0.511709 0.243285 0.823994 0.952162 0.237451 -0.192365 0.980672 0.186434 -0.059378 0.644974 -0.276447 -0.712451 0.702656 -0.267181 -0.659461 0.90987 0.386797 -0.150083 0.520841 -0.012918 -0.853556 0.468759 -0.051888 -0.881801 0.750335 -0.333161 -0.570965 0.870227 -0.368503 -0.326971 0.949969 -0.294481 -0.104111 0.699753 0.500795 -0.509461 -0.123303 0.864399 -0.487454 0.495175 -0.224442 -0.839302 0.437587 -0.34534 -0.830215 0.462596 -0.194634 -0.864941 -0.403151 0.180741 -0.897108 -0.536971 -0.132509 -0.833129 0.304194 -0.614033 -0.728306 -0.620871 -0.348149 -0.702361 0.226391 -0.760123 -0.609065 -0.629581 -0.366991 -0.684795 -0.587811 -0.343033 -0.732671 0.964547 -0.263483 0.015035 0.960486 -0.278314 -0.002788 0.904793 -0.4208 0.065397 -0.620379 -0.35075 -0.701501 -0.680837 -0.462953 -0.56757 -0.840006 -0.468373 -0.27389 0.870227 -0.368503 -0.326971 0.315172 -0.842185 0.437482 0.750335 -0.333161 -0.570965 0.949969 -0.294481 -0.104111 0.702656 -0.267181 -0.659461 0.644974 -0.276447 -0.712451 0.495175 -0.224442 -0.839302 0.468759 -0.051888 -0.881801 -0.357856 -0.161068 -0.919781 0.520841 -0.012918 -0.853556 -0.979073 -0.166107 -0.117576 0.060689 0.989512 -0.131084 -0.790632 0.612223 0.009127 0.047565 0.998783 0.013072 -0.752123 0.629515 -0.194993 -0.805187 0.593003 0.004585 0.012018 0.999911 0.005834 -0.963691 -0.230447 -0.134889 -0.968696 -0.248029 0.010463 -0.042931 -0.999012 0.011505 -0.199713 -0.973047 0.115303 0.885957 -0.46362 0.01172 0.837558 -0.458066 0.297778 0.895717 -0.444599 0.004724 -0.010435 -0.999929 0.005834 0.85777 0.505657 0.092416 0.911397 0.411305 0.013581 0.047565 0.998783 0.013072 0.060689 0.989512 -0.131084 0.915675 0.401891 0.004808 0.012018 0.999911 0.005834 -0.971054 -0.238798 0.005332 -0.010394 -0.999871 0.012219 0.895613 -0.444723 0.009914 0.915579 0.402013 0.010089 0.011979 0.999854 0.01222 0.011925 0.999008 0.042913 0.914954 0.401992 0.035534 0.895006 -0.444684 0.034935 -0.970996 -0.238834 0.011177 -0.010319 -0.999026 0.042904 -0.970285 -0.238751 0.039297 -0.805085 0.593081 0.009628 0.011979 0.999854 0.01222 -0.804544 0.592921 0.033973 0.00085 -0.000005 1 0.011925 0.999008 0.042913 0.00085 -0.000005 1 -0.043928 0.997301 -0.058824 -0.87878 0.477227 0.000992 -0.072156 0.997355 0.008741 -0.840387 0.513795 0.172523 -0.818341 -0.516032 0.253041 0.099699 -0.995009 0.00408 -0.854935 -0.518719 -0.003979 0.189834 -0.981803 0.005017 0.951433 -0.307817 0.004995 0.947332 -0.270191 -0.171926 0.757805 0.627111 -0.180179 -0.072156 0.997355 0.008741 0.763745 0.645502 0.004524 -0.043928 0.997301 -0.058824 0.775657 0.631154 0.000021 0.775091 0.63185 0.000042 -0.016256 0.999868 0.000005 -0.016082 0.999871 0.000002 0.936342 -0.35109 0.000003 0.936729 -0.350056 0.000007 0.081937 -0.996637 -0.000018 0.93623 -0.351389 0 0.081857 -0.996644 0 -0.84455 -0.535477 0 -0.844684 -0.535265 0 0.082149 -0.99662 -0.000036 -0.856354 0.51639 0 -0.8563 0.516478 0.000004 -0.016082 0.999871 0.000002 -0.856371 0.516361 0 -0.016029 0.999872 0 0.936232 -0.351384 0 0.775837 0.630934 0 0.775828 0.630944 0 -0.016029 0.999872 0 0.08185 -0.996645 0 0.936234 -0.351378 0 0.081844 -0.996645 0 -0.016037 0.999871 0 -0.844526 -0.535515 0 -0.844517 -0.535529 0 -0.856367 0.516367 0 -0.016037 0.999871 0 -0.856363 0.516374 0 -0.016044 0.999871 0 0.775893 0.630865 0.000009 0.775821 0.630953 0 -0.016044 0.999871 0 -0.016029 0.999872 -0.000002 0.936182 -0.351515 0.000003 0.081802 -0.996649 -0.000008 0.935996 -0.352009 0.000006 0.08169 -0.996658 -0.000017 -0.844529 -0.535509 0 -0.844534 -0.535502 0 -0.856358 0.516382 0 -0.016029 0.999872 -0.000002 -0.856343 0.516408 0 -0.015964 0.999873 -0.000003 0.934567 -0.355774 0.003035 0.776125 0.63058 0.000019 0.775651 0.631155 0.002842 -0.015964 0.999873 -0.000003 -0.01601 0.999867 0.003009 0.081945 -0.996633 0.002888 0.93001 -0.367485 0.00608 0.083288 -0.996509 0.00575 -0.843436 -0.537221 0.002942 -0.844491 -0.53557 0 -0.854686 0.519139 0.002758 -0.01601 0.999867 0.003009 -0.849098 0.528206 0.005537 -0.01641 0.999847 0.005987 0.770615 0.637086 0.016538 0.773512 0.633756 0.005704 -0.01641 0.999847 0.005987 0.919185 -0.39344 0.017435 -0.01717 0.999726 0.015937 -0.834343 -0.550962 0.017682 -0.836524 0.547684 0.016443 -0.840161 -0.542304 0.005935 0.084804 -0.996283 0.015104 0.885673 -0.462678 0.038895 0.080972 -0.996244 0.030675 0.76496 0.642926 0.038502 -0.018385 0.99929 0.032897 -0.019251 0.998186 0.05704 0.761283 0.644241 0.073497 0.828722 -0.554456 0.076152 -0.821321 -0.568948 0.04158 0.063562 -0.996447 0.05526 -0.809736 -0.579606 0.09157 -0.80198 0.59618 0.037378 -0.756813 0.649075 0.077039 0.011917 0.002887 0.999925 0.011917 0.002887 0.999925 -0.019251 0.998186 0.05704 -0.018385 0.99929 0.032897 -0.01717 0.999726 0.015937 -0.249282 -0.244342 -0.9371 0.532472 -0.846448 0 -0.714148 -0.699994 0 -0.249282 -0.244342 0.9371 -0.835621 0.549306 0 0.249585 0.244032 -0.9371 -0.531426 0.847105 0 0.715014 0.69911 0 0.249585 0.244032 0.9371 0.834939 -0.550343 0 0.831076 0.55616 0 0.251281 -0.242284 0.9371 0.71988 -0.694099 0 -0.525495 -0.850797 0 -0.840086 -0.542454 0 -0.247276 0.246371 0.9371 -0.708397 0.705814 0 0.249579 0.244036 -0.9371 -0.531425 0.847105 0 0.715013 0.699112 0 0.249579 0.244036 0.9371 0.83494 -0.550341 0 -0.247271 0.246376 -0.9371 -0.840088 -0.542451 0 -0.708397 0.705815 0 -0.247272 0.246377 0.937099 0.539382 0.842062 0 -0.253056 0.95352 0.163595 -0.581396 -0.046816 0.812273 0.507657 0.36123 0.782175 0.418258 -0.74773 0.515714 0.902709 0.30834 -0.300071 -0.925472 0.217963 -0.309827 -0.610902 -0.658621 0.439338 -0.439576 0.49979 0.746314 0.531376 -0.18436 0.826832 0.268699 0.957055 -0.108844 -0.631859 0.259362 0.730401 0.295685 -0.557251 0.775913 0.463253 0.588412 0.662698 0.990062 -0.040397 -0.134707 -0.013429 0.945669 -0.324855 -0.970776 0.145739 -0.19067 -0.952305 0.193454 -0.23599 -0.833039 0.446671 -0.32639 -0.962815 0.07432 -0.259737 -0.855863 -0.048798 0.514896 -0.996587 0.079755 0.021274 -0.883389 -0.115534 0.454176 -0.999069 0.007288 0.042515 -0.883389 -0.115534 0.454176 -0.252709 -0.315536 0.914645 0.377047 0.217504 0.900293 -0.252709 -0.315536 0.914645 0.79546 -0.060306 0.602998 0.889422 0.426303 0.164908 -0.970776 0.145739 -0.19067 -0.999069 0.007288 0.042515 -0.952305 0.193454 -0.23599 -0.996587 0.079755 0.021274 -0.993992 -0.09458 0.055079 -0.999069 0.007288 0.042515 -0.970776 0.145739 -0.19067 -0.990058 -0.065896 -0.124267 -0.79943 -0.553698 -0.233088 -0.993992 -0.09458 0.055079 -0.962815 0.07432 -0.259737 -0.637036 -0.741539 0.210487 -0.379977 -0.916604 -0.124318 0.308286 -0.892359 0.329627 0.885519 -0.391833 0.249646 0.05874 -0.739777 0.670283 -0.790003 -0.495748 -0.360734 -0.363357 -0.908035 -0.208433 -0.999069 0.007288 0.042515 -0.845694 -0.310886 0.433763 -0.883389 -0.115534 0.454176 -0.252709 -0.315536 0.914645 0.873852 -0.260899 0.41026 0.79546 -0.060306 0.602998 -0.990058 -0.065896 -0.124267 -0.970776 0.145739 -0.19067 0.970753 0.14606 -0.190537 0.833429 0.446163 -0.32609 0.952199 0.194125 -0.235865 0.961066 0.053941 -0.271002 0.855863 -0.048798 0.514896 0.883389 -0.115534 0.454176 0.996592 0.079761 0.021048 0.999072 0.007359 0.042432 0.252709 -0.315536 0.914645 0.883389 -0.115534 0.454176 -0.377047 0.217504 0.900293 0.252709 -0.315536 0.914645 -0.79546 -0.060306 0.602998 -0.889422 0.426303 0.164908 0.970753 0.14606 -0.190537 0.952199 0.194125 -0.235865 0.999072 0.007359 0.042432 0.996592 0.079761 0.021048 0.993992 -0.09458 0.055079 0.970753 0.14606 -0.190537 0.999072 0.007359 0.042432 0.990064 -0.0659 -0.124222 0.803539 -0.549884 -0.22793 0.993992 -0.09458 0.055079 0.961066 0.053941 -0.271002 0.637036 -0.741539 0.210487 -0.308287 -0.892359 0.329627 -0.05874 -0.739777 0.670283 -0.885444 -0.391962 0.24971 0.383998 -0.917997 -0.099136 0.373216 -0.898585 -0.230771 0.766371 -0.488173 -0.417567 0.999072 0.007359 0.042432 0.845694 -0.310886 0.433763 0.883389 -0.115534 0.454176 0.252709 -0.315536 0.914645 -0.873824 -0.260891 0.410326 0.089872 -0.495345 0.864035 -0.332951 -0.939638 0.078896 -0.693247 -0.693605 0.195757 0.990064 -0.0659 -0.124222 0.970753 0.14606 -0.190537 0 -0.339585 -0.940575 0.686135 -0.169216 -0.70752 0.622894 -0.401369 -0.671496 0.723715 -0.099105 -0.682945 0 -0.063915 -0.997955 0.818062 -0.50411 0.276853 0.914919 -0.311761 0.256377 0.901296 -0.197349 0.385642 0.415253 0.876375 -0.243991 0.815256 0.546745 -0.190858 0.643548 0.702149 -0.304684 -0.000291 0.933335 -0.359006 -0.000044 0.863014 -0.505181 0.833429 0.446163 -0.32609 0.961066 0.053941 -0.271002 0.347252 -0.370501 0.861479 0.914919 -0.311761 0.256377 0.370709 -0.284301 0.884165 0.034404 -0.335826 0.941296 0.003853 -0.234574 0.972091 0.00555 -0.137987 0.990418 0.544148 -0.117587 0.830709 0.818062 -0.50411 0.276853 0.901296 -0.197349 0.385642 0.610548 0.310776 -0.728457 0 0.257301 -0.966332 0.671133 0.362482 -0.646674 0 0.280315 -0.959908 0.857085 0.406229 0.316832 0.912448 0.316878 0.258897 0.565975 0.194784 -0.801081 0 -0.984179 0.177174 0.586041 -0.28561 -0.758276 0.956876 -0.277223 0.086814 0.671133 0.362482 -0.646674 0 0.280315 -0.959908 0.723715 -0.099105 -0.682945 0 -0.063915 -0.997955 0.901296 -0.197349 0.385642 0.857085 0.406229 0.316832 0.499502 0.214986 0.839213 0.544148 -0.117587 0.830709 0 0.202026 0.97938 0.00555 -0.137987 0.990418 0.499502 0.214986 0.839213 0.429412 0.104882 0.896998 0.857085 0.406229 0.316832 0.912448 0.316878 0.258897 0.428028 0.008389 0.903727 0.982179 0.142246 0.122841 0 -0.984179 0.177174 0.464164 -0.148358 0.873236 0 -0.075708 0.99713 -0.686135 -0.169216 -0.70752 0 -0.11519 -0.993343 -0.723715 -0.099105 -0.682945 -0.622894 -0.401369 -0.671496 -0.822932 -0.505951 0.258449 -0.901296 -0.197349 0.385641 -0.41355 0.877148 -0.244107 -0.814486 0.547818 -0.191071 -0.833039 0.446671 -0.32639 -0.336289 -0.37774 0.862683 0.003853 -0.234574 0.972091 -0.373032 -0.27257 0.886878 0.034404 -0.335826 0.941296 0.00555 -0.137987 0.990418 -0.91677 -0.307752 0.254599 -0.822932 -0.505951 0.258449 -0.546356 -0.126643 0.827923 -0.901296 -0.197349 0.385641 0 0.280315 -0.959908 -0.671133 0.362482 -0.646674 -0.610548 0.310776 -0.728457 -0.857085 0.40623 0.316832 -0.912448 0.316878 0.258897 -0.982179 0.142246 0.122841 -0.956876 -0.277223 0.086814 -0.586041 -0.285609 -0.758276 0 0.280315 -0.959908 -0.723715 -0.099105 -0.682945 -0.671133 0.362482 -0.646674 -0.901296 -0.197349 0.385641 -0.857085 0.40623 0.316832 -0.499502 0.214986 0.839213 -0.546356 -0.126643 0.827923 -0.499502 0.214986 0.839213 0 0.071662 0.997429 0 0.202026 0.97938 -0.857085 0.40623 0.316832 -0.429412 0.104882 0.896998 -0.912448 0.316878 0.258897 -0.428028 0.008389 0.903727 -0.464164 -0.148358 0.873236 0.79546 -0.060306 0.602998 0.971292 0.237546 -0.012772 0.889422 0.426303 0.164908 0.890692 0.096786 0.444185 0.905702 0.044552 0.421566 0.866777 0.009199 0.498611 -0.971292 0.237546 -0.012772 -0.79546 -0.060306 0.602998 -0.889422 0.426303 0.164908 0.336068 -0.940409 0.051864 0.342436 -0.939463 -0.0121 0.534669 -0.762901 0.36347 0.336068 -0.940409 0.051864 0.534669 -0.762901 0.36347 -0.247554 -0.003194 0.968869 -0.954526 -0.293612 -0.051685 -0.271335 0.052832 0.961034 -0.254422 0.058457 0.965325 0.853909 0.201834 0.47969 -0.294736 0.036244 0.954891 -0.42978 -0.623561 0.65304 0.6056 -0.232861 0.760936 -0.220439 -0.008089 0.975367 0 0.072362 0.997378 -0.42978 -0.623561 0.65304 0 0.046369 0.998924 -0.066343 0.069377 0.995382 -0.057232 0.099576 0.993383 0 0.106815 0.994279 0.42978 -0.623561 0.65304 0.066343 0.069377 0.995382 0.057232 0.099576 0.993383 0 0.250267 0.968177 -0.062602 0.177391 0.982147 0 0.190256 0.981735 0 0.106815 0.994279 -0.057232 0.099576 0.993383 0.062602 0.177391 0.982147 0.057232 0.099576 0.993383 -0.254422 0.058457 0.965325 -0.289815 0.145069 0.946024 -0.271335 0.052832 0.961034 -0.28099 0.156418 0.946878 -0.277096 0.134956 0.951317 -0.294736 0.036244 0.954891 -0.291423 0.187804 0.937978 -0.42978 -0.623561 0.65304 0 0.007502 0.999972 0 0.046369 0.998924 -0.220439 -0.008089 0.975367 -0.146703 -0.009703 0.989133 -0.235038 -0.020057 0.971779 -0.276096 -0.062029 0.959126 0.6056 -0.232861 0.760936 -0.304015 -0.069445 0.950133 -0.247862 -0.025002 0.968473 -0.331853 -0.082658 0.939703 -0.256271 -0.044885 0.965562 -0.346745 -0.143073 0.926983 -0.241288 -0.118232 0.963224 -0.15303 -0.019836 0.988023 -0.160542 -0.107418 0.981166 0 -0.102594 0.994723 -0.147789 -0.006491 0.988998 0 0.011482 0.999934 -0.276096 -0.062029 0.959126 -0.30794 -0.08591 0.947519 -0.294179 -0.074414 0.952849 -0.330005 -0.099545 0.938716 -0.304015 -0.069445 0.950133 -0.331853 -0.082658 0.939703 0.70927 0.321418 0.627397 -0.355443 -0.146576 0.923134 0.7031 0.43754 0.560544 0.733426 0.420149 0.534379 -0.264351 -0.07515 0.961494 -0.319421 0.048116 0.946391 -0.293905 -0.037254 0.955108 -0.332345 0.040954 0.942268 -0.312719 -0.040028 0.949002 -0.294179 -0.074414 0.952849 0.6056 -0.232861 0.760936 -0.264351 -0.07515 0.961494 -0.287747 -0.030573 0.957218 -0.308987 0.041287 0.95017 -0.319421 0.048116 0.946391 -0.332345 0.040954 0.942268 -0.310108 0.143059 0.939876 -0.308987 0.041287 0.95017 -0.309907 -0.356387 0.881446 -0.322881 -0.202271 0.924573 -0.270619 -0.230123 0.934777 -0.138952 -0.220023 0.965548 -0.152461 -0.179377 0.971895 0 -0.248301 0.968683 0 -0.177946 0.98404 -0.147713 -0.162324 0.975619 0 -0.165783 0.986162 -0.133569 -0.166742 0.976912 0 -0.181465 0.983397 -0.160542 -0.107418 0.981166 0 -0.102594 0.994723 -0.241288 -0.118232 0.963224 -0.308595 -0.194208 0.931156 -0.320612 -0.170616 0.931718 -0.374505 -0.155651 0.914067 0.625933 0.218614 0.748609 -0.330227 -0.352601 0.87557 0.81961 0.256364 0.512364 -0.322881 -0.202271 0.924573 -0.309907 -0.356387 0.881446 0 -0.276571 0.960994 0.435053 -0.077111 -0.897097 0 -0.027668 -0.999617 -0.42978 -0.623561 0.65304 0 -0.102973 -0.994684 0.409384 -0.183672 -0.893683 0 -0.20523 -0.978714 0.404837 -0.328594 -0.853308 0 -0.35967 -0.93308 0 -0.463365 -0.886167 0 0.001763 -0.999998 0.104631 -0.070786 -0.991989 0.219937 0.019564 -0.975318 0.282918 -0.029126 -0.958702 -0.954526 -0.293612 -0.051685 0.311528 -0.142024 -0.939564 0.853909 0.201834 0.47969 0.659547 -0.01046 -0.751591 -0.090094 -0.223723 -0.97048 0.650857 -0.184502 -0.73644 0.32013 -0.307386 -0.89612 -0.038749 -0.368725 -0.92873 0.322946 -0.394039 -0.860488 0.6056 -0.232861 0.760936 0.227809 0.050819 -0.972379 0.388728 0.022243 -0.921084 0.120553 -0.063699 -0.990661 0 -0.001921 -0.999998 0.247407 0.056919 -0.967238 0.399079 0.066296 -0.914517 0.289159 0.117644 -0.950025 0.3308 0.197212 -0.922865 0.176108 0.141866 -0.974095 0.141502 0.007487 -0.98991 0 0.129463 -0.991584 0 0.044723 -0.998999 0.448127 0.208639 -0.869282 0.39664 0.159201 -0.904064 0.358127 0.109369 -0.927245 0.034029 -0.114347 -0.992858 0.405909 0.0344 -0.913266 0.127621 -0.202606 -0.970909 0.444764 -0.066327 -0.893188 0.173533 -0.299498 -0.938183 0.470234 -0.182505 -0.863466 0.684459 0.333453 -0.648324 0.448127 0.208639 -0.869282 0.7031 0.43754 0.560544 0.39664 0.159201 -0.904064 0.733426 0.420149 0.534379 0.358127 0.109369 -0.927245 0.648678 0.283274 -0.70638 0.405909 0.0344 -0.913266 0.671263 0.197521 -0.714417 0.444764 -0.066327 -0.893188 0.672774 0.088366 -0.734552 0.39577 0.454522 -0.797982 0.316465 0.439963 -0.840406 0.264559 0.417417 -0.869351 0.383246 0.319379 -0.866672 0.278442 0.294736 -0.914112 0.176108 0.141866 -0.974095 0 0.188706 -0.982034 0 0.129463 -0.991584 0.126469 0.243861 -0.961529 0.092433 0.227909 -0.969285 0 0.26467 -0.964339 0 0.162525 -0.986704 0 0.172766 -0.984963 0.81961 0.256364 0.512364 0.410414 0.827141 -0.383926 0.316465 0.439963 -0.840406 0.688578 0.362933 -0.627805 0.81961 0.256364 0.512364 0.625933 0.218614 0.748609 0.673381 0.282658 -0.683128 0.472004 0.128359 -0.872202 0.247554 -0.003194 0.968869 0.271335 0.052832 0.961034 0.248662 -0.018171 0.96842 0.254422 0.058457 0.965325 0.269126 0.018011 0.962937 0.294736 0.036244 0.954891 0.42978 -0.623561 0.65304 -0.6056 -0.232861 0.760936 0.220439 -0.008089 0.975367 0.254422 0.058457 0.965325 0.271335 0.052832 0.961034 0.289815 0.145069 0.946024 0.28099 0.156418 0.946878 0.277096 0.134956 0.951317 0.294736 0.036244 0.954891 0.291423 0.187804 0.937978 0.42978 -0.623561 0.65304 0 0.007502 0.999972 0.146703 -0.009703 0.989133 0.220439 -0.008089 0.975367 0.235038 -0.020057 0.971779 0.276096 -0.062029 0.959126 -0.6056 -0.232861 0.760936 0.304015 -0.069445 0.950133 0.247862 -0.025002 0.968473 0.331853 -0.082658 0.939703 0.256271 -0.044885 0.965562 0.346745 -0.143073 0.926983 0.241288 -0.118232 0.963224 0.15303 -0.019836 0.988023 0.160542 -0.107418 0.981166 0 -0.102594 0.994723 0.147789 -0.006491 0.988998 0 0.011482 0.999934 0.276096 -0.062029 0.959126 0.30794 -0.08591 0.947519 0.330005 -0.099545 0.938716 0.304015 -0.069445 0.950133 0.331853 -0.082658 0.939703 -0.70927 0.321418 0.627397 0.355443 -0.146576 0.923134 -0.7031 0.43754 0.560544 -0.733426 0.420149 0.534379 0.294179 -0.074414 0.952849 -0.767015 0.414216 0.490014 0.319421 0.048116 0.946391 0.332345 0.040954 0.942268 0.293905 -0.037254 0.955108 0.8632 -0.480645 -0.154489 0.294179 -0.074414 0.952849 -0.6056 -0.232861 0.760936 -0.767015 0.414216 0.490014 0.287747 -0.030573 0.957218 0.308987 0.041287 0.95017 0.319421 0.048116 0.946391 0.332345 0.040954 0.942268 0.310108 0.143059 0.939876 0.308987 0.041287 0.95017 0.309907 -0.356387 0.881446 0.322881 -0.202271 0.924573 0.270619 -0.230123 0.934777 0.138952 -0.220023 0.965548 0.152461 -0.179377 0.971895 0 -0.177946 0.98404 0 -0.248301 0.968683 0.147713 -0.162324 0.975619 0 -0.165783 0.986162 0.133569 -0.166742 0.976912 0 -0.181465 0.983397 0.160542 -0.107418 0.981166 0 -0.102594 0.994723 0.241288 -0.118232 0.963224 0.308595 -0.194208 0.931156 0.320612 -0.170616 0.931718 0.374505 -0.155651 0.914067 -0.625933 0.218614 0.748609 0.330227 -0.352601 0.87557 -0.81961 0.256364 0.512364 0.322881 -0.202271 0.924573 0.309907 -0.356387 0.881446 0 -0.276571 0.960994 -0.435053 -0.077111 -0.897097 0 -0.027668 -0.999617 0 -0.102973 -0.994684 0.42978 -0.623561 0.65304 -0.409384 -0.183672 -0.893683 0 -0.20523 -0.978714 -0.404837 -0.328594 -0.853308 0 -0.35967 -0.93308 0 -0.463365 -0.886167 0 0.001763 -0.999998 -0.219937 0.019564 -0.975318 -0.104631 -0.070786 -0.991989 -0.282918 -0.029126 -0.958702 0.162696 -0.107773 -0.980773 -0.311528 -0.142024 -0.939564 -0.673486 0.077614 -0.735114 -0.659547 -0.01046 -0.751591 0.090094 -0.223723 -0.97048 -0.650857 -0.184502 -0.73644 -0.32013 -0.307386 -0.89612 0.038749 -0.368725 -0.92873 -0.322946 -0.394039 -0.860488 -0.6056 -0.232861 0.760936 -0.227809 0.050819 -0.972379 -0.388728 0.022243 -0.921084 -0.399079 0.066296 -0.914517 -0.247407 0.056919 -0.967238 -0.120553 -0.063699 -0.990661 0 -0.001921 -0.999998 -0.289159 0.117644 -0.950025 -0.3308 0.197212 -0.922865 -0.176108 0.141866 -0.974095 -0.141502 0.007487 -0.98991 0 0.129463 -0.991584 0 0.044723 -0.998999 -0.448127 0.208639 -0.869282 -0.39664 0.159201 -0.904064 -0.358127 0.109369 -0.927245 0.8632 -0.480645 -0.154489 -0.405909 0.0344 -0.913266 -0.127621 -0.202606 -0.970909 -0.444764 -0.066327 -0.893188 -0.173533 -0.299498 -0.938183 -0.470234 -0.182505 -0.863466 -0.684459 0.333453 -0.648324 -0.448127 0.208639 -0.869282 -0.7031 0.43754 0.560544 -0.39664 0.159201 -0.904064 -0.733426 0.420149 0.534379 -0.358127 0.109369 -0.927245 -0.767015 0.414216 0.490014 -0.405909 0.0344 -0.913266 -0.671263 0.197521 -0.714417 -0.444764 -0.066327 -0.893188 -0.672774 0.088366 -0.734552 -0.39577 0.454522 -0.797982 -0.316465 0.439963 -0.840406 -0.264559 0.417417 -0.869351 -0.383246 0.319379 -0.866672 -0.278442 0.294736 -0.914112 -0.176108 0.141866 -0.974095 0 0.188706 -0.982034 0 0.129463 -0.991584 -0.126469 0.243861 -0.961529 0 0.26467 -0.964339 -0.092433 0.227909 -0.969285 0 0.162525 -0.986704 0 0.172766 -0.984963 -0.81961 0.256364 0.512364 -0.410414 0.827141 -0.383926 -0.316465 0.439963 -0.840406 -0.688578 0.362933 -0.627805 -0.81961 0.256364 0.512364 -0.625933 0.218614 0.748609 -0.673381 0.282658 -0.683128 -0.472004 0.128359 -0.872202 0.015073 0.995968 0.088432 0.007244 -0.997409 0.071568 0.064358 0.997731 0.019753 -0.08905 -0.660309 -0.745696 -0.071499 0.006672 -0.997418 -0.052867 0.725865 -0.685802 0.018305 0.995749 0.090268 0.015073 0.995968 0.088432 -0.050222 0.735629 -0.67552 -0.076261 0.01154 -0.997021 -0.113285 0.010462 -0.993507 -0.073702 0.997149 0.016191 -0.097782 0.827399 0.553037 -0.02427 0.999541 0.01811 -0.12949 0.877668 -0.461444 -0.084305 0.813391 -0.575576 -0.241279 0.113734 -0.963768 -0.160039 0.167644 -0.972771 -0.150298 0.062666 -0.986653 0.16994 0.100403 0.980326 0.95089 0.30919 0.014458 0.166536 -0.04407 -0.98505 -0.118278 -0.991587 -0.052595 -0.0902 -0.758706 -0.645158 -0.241279 0.113734 -0.963768 -0.150298 0.062666 -0.986653 0.158499 0.092737 -0.982994 0.094577 -0.06434 0.993436 -0.987914 -0.151018 -0.034928 0.137343 -0.015308 -0.990405 0.113282 0.12786 0.985301 0.038756 0.786381 0.616525 -0.02427 0.999541 0.01811 -0.097782 0.827399 0.553037 -0.270261 0.093528 0.958234 -0.331242 -0.744045 0.580238 0.032991 -0.77365 0.632754 -0.118278 -0.991587 -0.052595 -0.084305 0.813391 -0.575576 -0.150298 0.062666 -0.986653 0.084918 0.048406 -0.995211 -0.0902 -0.758706 -0.645158 0.072912 -0.745418 -0.662598 0.137343 -0.015308 -0.990405 0.998073 0.05137 0.03481 0.119167 0.020207 0.992669 0.902099 -0.429628 -0.040455 0.152788 -0.038885 0.987494 0.204602 0.149698 -0.967331 0.960559 0.278056 0.003521 0.183862 0.070077 0.980451 0.196488 0.011727 -0.980436 0.614049 0.789266 -0.001822 0.196488 0.011727 -0.980436 0.203351 0.126508 -0.970899 0.183862 0.070077 0.980451 0.162615 -0.018886 0.986509 0.994876 0.100262 -0.01302 0.147836 0.054335 0.987518 0.091872 -0.104816 -0.990239 0.091872 -0.104816 -0.990239 0.056609 -0.048012 0.997241 0.227354 0.126408 -0.965573 -0.118278 -0.991587 -0.052595 -0.902788 -0.419137 -0.096425 -0.019426 0.742981 0.669031 -0.015073 0.995968 0.088432 0.073163 -0.991416 0.108362 -0.064358 0.997731 0.019753 0.073163 -0.991416 0.108362 0.08905 -0.660309 -0.745696 0.071499 0.006672 -0.997418 0.052867 0.725865 -0.685802 0.050222 0.735629 -0.67552 0.076261 0.01154 -0.997021 0.113285 0.010462 -0.993507 0.011063 -0.995798 0.090903 0.331242 -0.744045 0.580238 0.422155 -0.273491 0.864285 0.270261 0.093528 0.958234 0.174267 0.492602 0.852628 0.123436 0.85088 0.510653 0.073702 0.997149 0.016191 0.097782 0.827399 0.553037 0.02427 0.999541 0.01811 0.12949 0.877668 -0.461444 0.084305 0.813391 -0.575576 0.241279 0.113734 -0.963768 0.160039 0.167644 -0.972771 0.150298 0.062666 -0.986653 -0.189834 0.102822 0.976417 -0.937165 0.348617 0.013713 -0.106017 -0.036905 -0.993679 -0.60354 0.797009 0.022704 0.118278 -0.991587 -0.052595 0.0902 -0.758706 -0.645158 0.241279 0.113734 -0.963768 0.150298 0.062666 -0.986653 -0.089678 -0.068845 0.993589 0.934236 -0.355309 -0.030951 -0.017323 -0.332439 -0.942966 0.887362 -0.461042 0.005328 -0.224719 -0.973994 -0.028925 -0.073277 -0.338157 0.938232 0.02427 0.999541 0.01811 0.097782 0.827399 0.553037 0.270261 0.093528 0.958234 0.331242 -0.744045 0.580238 -0.032991 -0.77365 0.632754 0.118278 -0.991587 -0.052595 0.084305 0.813391 -0.575576 0.02427 0.999541 0.01811 0.150298 0.062666 -0.986653 -0.084918 0.048406 -0.995211 0.0902 -0.758706 -0.645158 -0.072912 -0.745418 -0.662598 -0.953778 0.298986 0.030257 -0.120108 -0.015307 -0.992643 -0.994609 -0.094875 -0.041845 -0.017323 -0.332439 -0.942966 -0.224719 -0.973994 -0.028925 -0.073277 -0.338157 0.938232 -0.089678 -0.068845 0.993589 -0.108144 0.022202 0.993887 -0.09303 -0.034841 0.995054 0.606706 -0.794794 -0.014533 -0.106017 -0.036905 -0.993679 -0.941931 0.335795 0.002555 -0.204899 0.071841 0.976143 -0.135134 0.032711 -0.990287 -0.597287 0.802024 -0.00254 -0.135134 0.032711 -0.990287 -0.114097 0.128064 0.985181 -0.204899 0.071841 0.976143 0.645408 -0.760658 -0.069634 -0.101248 -0.003138 0.994856 -0.090499 0.036103 0.995242 -0.171691 -0.024305 0.984851 0.118278 -0.991587 -0.052595 0.425533 -0.154454 0.891664 0.880305 -0.170301 0.442787 0.875365 -0.313237 0.368265 0.972884 -0.136423 -0.186779 0.608014 0.063244 -0.791403 0.615997 -0.151182 -0.773105 0 -0.118567 -0.992946 0 0.100005 -0.994987 0.939966 -0.275259 -0.201733 0.432532 0.031067 -0.901083 -0.145514 -0.56658 -0.811056 0.414033 -0.089119 -0.905889 0.370582 -0.234179 -0.898793 0 -0.751287 -0.659976 -0.757781 -0.454217 -0.468461 0.7991 0.229503 -0.555669 0.960088 0.270139 0.072491 0.69775 0.164983 0.697083 0.648913 0.160793 0.743678 0.366828 -0.1826 0.912192 0.157196 -0.116663 0.980652 0.674236 -0.056631 0.736341 0.616562 0.034427 0.786553 0.432658 -0.106887 0.8952 0.185103 -0.102218 0.977389 0.205017 -0.104288 0.973187 0.175985 -0.139615 0.974442 0.131748 -0.09751 0.986476 0.139698 -0.102124 0.984914 0.141534 -0.1075 0.984079 0.148287 -0.052448 0.987553 0.161413 -0.017915 0.986724 0.131312 -0.673826 0.727128 0.197538 0.150203 0.96872 0.186241 0.81435 0.54968 0.207595 0.977997 -0.02066 0.215717 0.804122 0.553944 -0.08682 -0.210592 0.973711 0.190017 0.778172 -0.598616 0.207595 0.977997 -0.02066 0.853189 0.352768 0.384217 0.910903 0.339786 0.234099 0.749732 0.55415 0.36169 -0.024748 0.879803 0.474693 -0.018251 0.912552 0.408552 0.738171 -0.573778 -0.354798 -0.753897 -0.564111 -0.336777 -0.925535 0.307817 0.22053 -0.780803 0.529308 0.331935 -0.855885 0.3295 0.398611 -0.701404 0.581727 0.411856 -0.024748 0.879803 0.474693 -0.019262 0.845962 0.532895 -0.401345 0.569768 0.717138 -0.515192 0.252657 0.818988 -0.021604 0.527748 0.849126 -0.826694 0.281903 0.486937 -0.02762 0.487449 0.872714 -0.826218 0.072544 0.55866 -0.999859 0.016764 0.000836 -0.98758 0.156082 -0.018022 -0.772879 0.153288 -0.61576 -0.986251 0.16498 -0.009566 -0.735645 0.265597 -0.623125 -0.748809 0.169101 -0.640851 -0.903579 0.428339 -0.008373 -0.690904 0.432007 -0.579674 0.002578 0.237279 -0.971438 0.022162 0.450694 -0.892403 0.00021 0.283236 -0.95905 0.01024 0.30437 -0.952499 -0.666619 0.513038 0.54075 -0.750143 0.190568 0.633221 0.004611 0.509902 0.86022 -0.004775 0.287484 0.957774 -0.006834 0.205224 0.978691 0.734539 0.233831 -0.637005 0.783719 0.145908 -0.603735 0.745825 0.175216 -0.642685 0.690179 0.405803 -0.599147 0.986352 0.163982 -0.014856 0.908622 0.417052 0.021774 0.695871 0.518425 0.496989 0.758585 0.196139 0.621352 0.812327 0.110212 0.572693 0.999118 0.040907 -0.009525 0.826452 0.29452 0.479828 0.989033 0.134859 -0.060225 0 -1 0 -0.000005 -1 -0.000581 0 -1 0 -0.001068 -0.999999 0.000212 0.738171 -0.573778 -0.354798 -0.753897 -0.564111 -0.336777 -0.008673 -0.99995 0.004963 -0.019244 -0.99973 0.013038 0.799255 -0.200799 -0.566455 -0.815409 -0.185154 -0.548476 -0.041929 -0.158435 0.986479 -0.998982 -0.031741 -0.032063 -0.795875 -0.135231 0.590165 -0.045907 0.036219 0.998289 0.76482 -0.060879 0.641361 -0.79741 -0.049803 0.60138 -0.698546 -0.713906 0.048692 -0.532989 -0.423704 -0.732392 0.285549 -0.274354 -0.918255 0.797064 0.060386 -0.600869 0.794633 0.128627 -0.593307 0.647423 0.438998 -0.622996 0 0.054055 -0.998538 0.772865 0.037344 -0.633471 0 0.029895 -0.999553 0.7543 0.003538 -0.65652 0.995494 -0.04404 0.083975 0.995408 0.059493 0.074988 0.692654 -0.050849 0.719475 0.67931 0.029567 0.733255 0 -0.050701 0.998714 0 -0.004639 0.999989 0 0.422669 0.906284 0 0.545988 0.837793 0 -0.885469 -0.464698 0 -0.751287 -0.659976 0 -0.999748 -0.022454 0.757781 -0.454217 -0.468461 -0.366841 -0.182553 0.912196 -0.157196 -0.116663 0.980652 -0.648913 0.160793 0.743678 -0.697704 0.165005 0.697124 -0.960088 0.270139 0.072491 -0.7991 0.229503 -0.555669 -0.432532 0.031067 -0.901083 -0.414033 -0.089119 -0.905889 0.145514 -0.56658 -0.811056 -0.370582 -0.234179 -0.898793 -0.608014 0.063244 -0.791403 -0.972884 -0.136423 -0.186779 -0.615997 -0.151182 -0.773105 0 -0.118567 -0.992946 0 0.100005 -0.994987 -0.880305 -0.170301 0.442787 -0.875365 -0.313237 0.368265 -0.939966 -0.275259 -0.201733 -0.674866 -0.047943 0.736381 -0.621688 0.038712 0.782308 0.546153 0.041226 0.83667 0.396011 -0.022875 0.917961 0.616562 0.034427 0.786553 0.205017 -0.104288 0.973187 0 -0.130673 0.991426 0.432658 -0.106887 0.8952 0.674236 -0.056631 0.736341 0.175985 -0.139615 0.974442 0 -0.141213 0.989979 0.185103 -0.102218 0.977389 0 -0.093301 0.995638 0 -0.09646 0.995337 0.139698 -0.102124 0.984914 0.141534 -0.1075 0.984079 0 -0.075037 0.997181 0.148287 -0.052448 0.987553 0.161413 -0.017915 0.986724 0 -0.047206 0.998885 0 -0.999748 -0.022454 -0.425533 -0.154454 0.891664 -0.423939 -0.088492 0.901357 -0.185103 -0.102218 0.977389 -0.194049 -0.104914 0.975366 -0.175985 -0.139615 0.974442 -0.131748 -0.09751 0.986476 -0.139698 -0.102124 0.984914 -0.141534 -0.1075 0.984079 -0.148287 -0.052448 0.987553 -0.161413 -0.017915 0.986724 -0.131097 -0.674003 0.727004 -0.197538 0.150203 0.96872 -0.186241 0.81435 0.54968 -0.207595 0.977997 -0.02066 -0.215717 0.804122 0.553944 0.08682 -0.210592 0.973711 -0.190017 0.778172 -0.598616 -0.207595 0.977997 -0.02066 -0.853189 0.352768 0.384217 -0.910903 0.339786 0.234099 -0.749732 0.55415 0.36169 0.024748 0.879803 0.474693 0.018251 0.912552 0.408552 -0.738171 -0.573778 -0.354799 0.753897 -0.564111 -0.336777 0.925535 0.307817 0.220531 0.780803 0.529308 0.331935 0.855885 0.3295 0.398611 0.701404 0.581727 0.411856 0.024748 0.879803 0.474693 0.021604 0.527748 0.849126 0.826694 0.281903 0.486937 0.02762 0.487449 0.872714 0.826218 0.072544 0.55866 0.999859 0.016765 0.000836 0.98758 0.156082 -0.018022 0.772879 0.153288 -0.61576 0.986251 0.16498 -0.009566 0.735645 0.265597 -0.623125 0.748809 0.169101 -0.640851 0.903579 0.42834 -0.008373 0.690903 0.432008 -0.579674 -0.002578 0.237279 -0.971438 -0.022161 0.450694 -0.892403 -0.00021 0.283236 -0.95905 -0.01024 0.30437 -0.952499 0.666619 0.513039 0.54075 0.750143 0.190568 0.633221 -0.004611 0.509902 0.86022 0.004775 0.287484 0.957774 0.006834 0.205224 0.978691 -0.014169 -0.073748 -0.997176 -0.734539 0.233831 -0.637005 -0.783719 0.145908 -0.603735 -0.745825 0.175216 -0.642685 -0.022161 0.450694 -0.892403 -0.690179 0.405803 -0.599146 -0.986351 0.163982 -0.014856 -0.908622 0.417052 0.021774 -0.695871 0.518425 0.49699 -0.758585 0.196139 0.621352 -0.812327 0.110212 0.572693 -0.999118 0.040907 -0.009525 -0.826452 0.29452 0.479828 -0.989033 0.134859 -0.060225 0.004775 0.287484 0.957774 0.02762 0.487449 0.872714 0 -1 0 0 -1 0 0.000005 -1 -0.000581 0.001068 -0.999999 0.000212 -0.738171 -0.573778 -0.354799 0.753897 -0.564111 -0.336777 0.008673 -0.99995 0.004963 0.019244 -0.99973 0.013038 -0.799255 -0.200799 -0.566455 0.815409 -0.185154 -0.548476 -0.723804 -0.092519 -0.683775 0.014135 -0.081424 -0.996579 0.711158 -0.087896 -0.697516 0.99665 -0.081776 0.001342 -0.018396 -0.089863 0.995784 0.754542 -0.08468 0.650766 0.99665 -0.081776 0.001342 0.041929 -0.158435 0.986479 0.998982 -0.031741 -0.032063 0.795875 -0.135231 0.590165 0.045907 0.036219 0.998289 -0.76482 -0.060879 0.641361 0.79741 -0.049803 0.60138 0.698546 -0.713906 0.048692 0 -0.999748 -0.022454 0.532989 -0.423704 -0.732392 -0.285549 -0.274354 -0.918255 -0.797064 0.060386 -0.600869 -0.794633 0.128627 -0.593307 -0.647423 0.438998 -0.622996 -0.772865 0.037344 -0.633471 -0.7543 0.003538 -0.65652 -0.995494 -0.04404 0.083975 -0.995408 0.059493 0.074988 -0.692654 -0.050849 0.719475 -0.67931 0.029567 0.733255 -0.548051 0.023337 0.836119 -0.372125 -0.02385 0.927876 -0.621688 0.038712 0.782308 -0.194049 -0.104914 0.975366 -0.423939 -0.088492 0.901357 -0.674866 -0.047943 0.736381 -0.175985 -0.139615 0.974442 -0.185103 -0.102218 0.977389 -0.139698 -0.102124 0.984914 -0.141534 -0.1075 0.984079 -0.148287 -0.052448 0.987553 -0.161413 -0.017915 0.986724 0 -0.988657 -0.150192 0 -0.985541 -0.169437 0.491807 -0.850404 -0.186922 0 -0.988657 -0.150192 0 -0.985541 -0.169437 -0.491807 -0.850404 -0.186922 0.124748 0.692747 -0.710309 -0.293415 -0.947391 -0.127896 0.310493 -0.159494 -0.9371 0.635325 0.772245 0 0.889495 -0.456945 0 0.310494 -0.159494 0.937099 -0.257744 -0.966213 0 -0.310686 0.15912 -0.937099 -0.634368 -0.773031 0 -0.89006 0.455844 0 -0.310686 0.15912 0.937099 0.256548 0.966531 0 -0.839541 -0.260163 -0.476954 0.23289 0.28857 -0.928703 0.161617 -0.809696 -0.564156 0.972879 -0.231313 -0.000467 -0.138279 -0.823198 0.550657 0.16681 0.874401 0.455628 -0.736339 0.585949 -0.338334 -0.665835 0.138325 0.733164 -0.757192 -0.646347 -0.094321 0.3091 -0.47072 0.826365 -0.873573 0.474767 -0.107083 0.239808 0.940135 0.242154 0.008249 0.555711 -0.831335 0.935814 0.098984 -0.338312 -0.20737 -0.576651 -0.790235 -0.832482 -0.185443 -0.522097 0.235231 0.354533 -0.904971 0.145769 -0.770222 -0.620894 0.977314 -0.195006 -0.082647 -0.112507 -0.858825 0.499762 -0.930425 0.129535 -0.342825 0.117063 0.751846 -0.648864 -0.079134 -0.360137 -0.929537 0.908753 -0.160636 -0.385181 -0.142106 -0.989226 0.035197 0.839541 -0.260163 -0.476954 -0.161617 -0.809696 -0.564156 -0.23289 0.28857 -0.928703 -0.972879 -0.231313 -0.000467 0.138279 -0.823198 0.550657 -0.16681 0.874401 0.455628 0.665835 0.138325 0.733164 0.736339 0.585949 -0.338334 0.757192 -0.646347 -0.094321 -0.3091 -0.47072 0.826365 0.873573 0.474767 -0.107083 -0.008249 0.555711 -0.831335 -0.239808 0.940135 0.242154 -0.935814 0.098984 -0.338312 0.20737 -0.576651 -0.790235 0.832482 -0.185443 -0.522097 -0.145769 -0.770222 -0.620894 -0.235231 0.354533 -0.904971 -0.977314 -0.195006 -0.082647 0.112507 -0.858825 0.499762 -0.117063 0.751846 -0.648864 -0.249288 -0.244337 -0.937099 0.532472 -0.846448 0 -0.714149 -0.699994 0 -0.249288 -0.244337 0.937099 -0.835619 0.549309 0 -0.249286 -0.244336 -0.9371 0.532471 -0.846448 -0.000002 -0.71415 -0.699993 0 -0.249289 -0.244338 0.937099 -0.835619 0.549309 -0.000002 0.135971 -0.856449 -0.498003 0.75102 -0.577376 0.32032 0.508564 0.331168 0.79479 0.395841 -0.623693 -0.67403 -0.591835 -0.203533 -0.779939 -0.33159 -0.012136 -0.943346 -0.73769 0.602068 -0.305496 -0.722719 0.646675 -0.243902 0.753523 -0.567098 0.332571 0.655335 -0.318584 -0.684865 0.668368 -0.644677 0.371047 0.216013 0.090463 0.972191 -0.040953 0.340811 -0.93924 0.4602 -0.394352 0.795426 0.741845 0.515096 0.429351 0.193574 0.877104 -0.439566 -0.527941 0.01836 -0.849083 -0.615335 0.176318 -0.768293 -0.066435 0.978392 -0.195796 -0.58831 0.207436 -0.781576 -0.666727 -0.682755 -0.298865 -0.441562 -0.726303 -0.526789 -0.254874 0.966941 0.007982 0.53741 0.585509 0.606936 0.359845 0.535121 0.764302 0.579767 -0.448226 0.680414 0.536074 -0.439441 0.720775 -0.586348 0.249973 -0.770525 -0.411025 0.903859 0.118736 -0.580626 0.283697 -0.763144 -0.26404 -0.670466 -0.693367 -0.112887 -0.574038 -0.81101 -0.545065 0.822599 0.161971 0.233742 0.467263 0.852661 0.076011 0.386921 0.918975 0.581028 -0.457735 0.672968 0.602782 -0.45284 0.656955 -0.510477 0.304835 -0.804045 -0.721863 0.673951 0.157173 -0.390089 0.353841 -0.850075 0.090022 -0.452109 -0.887408 0.333147 -0.232046 -0.913875 -0.887197 0.460343 0.031078 -0.153425 0.207415 0.966147 -0.431626 -0.179553 0.884002 0.470875 -0.58357 0.661606 0.532482 -0.478421 0.698267 -0.227363 0.558721 -0.797582 -0.906412 0.422363 0.005108 -0.123303 0.864399 -0.487454 0.576104 0.159298 -0.801703 0.699753 0.500795 -0.509461 0.740463 -0.631571 -0.229854 0.559948 -0.798748 -0.220135 0.949969 -0.294481 -0.104111 0.906641 -0.387248 -0.167454 0.413601 -0.89687 -0.156708 0.906641 -0.387248 -0.167454 0.315172 -0.842185 0.437482 0.949969 -0.294481 -0.104111 0.740463 -0.631571 -0.229854 0.559948 -0.798748 -0.220135 0.413601 -0.89687 -0.156708 0.260486 -0.964598 -0.041201 0.055154 -0.988994 0.137292 -0.183549 -0.904771 0.384316 -0.40709 -0.611653 0.678349 -0.486072 0.596382 0.638798 -0.187133 0.837587 0.513254 0.060689 0.989512 -0.131084 -0.752123 0.629515 -0.194993 0.060689 0.989512 -0.131084 -0.187133 0.837587 0.513254 -0.486072 0.596382 0.638798 -0.826857 -0.556067 -0.084247 -0.40709 -0.611653 0.678349 -0.183549 -0.904771 0.384316 0.055154 -0.988994 0.137292 0.260486 -0.964598 -0.041201 -0.656489 -0.534761 0.532027 -0.135971 -0.856449 -0.498003 -0.75102 -0.577376 0.32032 -0.508564 0.331168 0.79479 -0.395841 -0.623693 -0.67403 0.591835 -0.203533 -0.779939 0.33159 -0.012136 -0.943346 0.73769 0.602068 -0.305496 0.722719 0.646675 -0.243902 -0.753523 -0.567098 0.332571 -0.655335 -0.318584 -0.684865 -0.668368 -0.644677 0.371047 -0.216013 0.090463 0.972191 0.040953 0.340811 -0.939239 -0.4602 -0.394352 0.795426 -0.741845 0.515096 0.429351 -0.193574 0.877104 -0.439566 0.527941 0.01836 -0.849083 0.615335 0.176318 -0.768293 0.066435 0.978392 -0.195796 0.58831 0.207436 -0.781576 0.666727 -0.682755 -0.298865 0.441562 -0.726303 -0.526789 0.254874 0.966941 0.007982 -0.53741 0.585508 0.606936 -0.359845 0.535121 0.764302 -0.579767 -0.448226 0.680414 -0.536074 -0.439441 0.720775 0.586348 0.249973 -0.770525 0.411025 0.903859 0.118736 0.580626 0.283697 -0.763144 0.26404 -0.670466 -0.693367 0.112887 -0.574038 -0.81101 0.545065 0.822599 0.161971 -0.233742 0.467263 0.852661 -0.076011 0.386921 0.918975 -0.581028 -0.457735 0.672968 -0.602782 -0.45284 0.656955 0.510477 0.304835 -0.804045 0.721863 0.673951 0.157173 0.390089 0.353841 -0.850075 -0.090022 -0.452109 -0.887408 -0.333147 -0.232046 -0.913875 0.887197 0.460343 0.031078 0.153425 0.207415 0.966147 0.431626 -0.179553 0.884002 -0.470875 -0.58357 0.661606 -0.532482 -0.478421 0.698267 0.227363 0.558721 -0.797582 0.898697 0.438536 0.005493 0.112562 0.865005 -0.488975 -0.576104 0.159298 -0.801703 -0.713872 0.483517 -0.506554 -0.740463 -0.631571 -0.229854 -0.559948 -0.798748 -0.220135 -0.947237 -0.307198 -0.091495 -0.906641 -0.387248 -0.167454 -0.413601 -0.89687 -0.156708 -0.906641 -0.387248 -0.167454 -0.309304 -0.841963 0.442075 -0.947237 -0.307198 -0.091495 -0.740463 -0.631571 -0.229854 -0.559948 -0.798748 -0.220135 -0.413601 -0.89687 -0.156708 -0.260486 -0.964598 -0.041201 -0.055154 -0.988994 0.137292 0.183549 -0.904771 0.384316 0.40709 -0.611653 0.678349 0.486072 0.596382 0.638798 0.187133 0.837587 0.513254 0.187133 0.837587 0.513254 0.486072 0.596382 0.638798 0.826857 -0.556067 -0.084247 0.40709 -0.611653 0.678349 0.183549 -0.904771 0.384316 -0.055154 -0.988994 0.137292 -0.260486 -0.964598 -0.041201 0.669911 -0.516684 0.533157 -0.569846 0.191956 0.799017 0.261597 -0.447377 0.855231 -0.644702 0.137164 0.752028 0.073898 -0.636599 0.767647 0.787552 -0.616109 -0.013121 0.526504 -0.125186 -0.840905 -0.730417 0.107901 0.674424 -0.102989 -0.709765 0.696869 0.672807 -0.739284 -0.028096 0.710785 -0.700759 -0.061005 -0.875929 0.07356 0.476799 -0.282944 -0.756409 0.589735 -0.60654 0.787585 -0.108722 -0.62919 0.775592 -0.050763 -0.964549 0.012899 0.263587 -0.3604 -0.796182 0.48601 -0.995533 -0.094085 -0.007901 -0.422744 -0.844138 0.329724 0.68614 -0.701178 0.193806 0.670223 -0.73637 0.092517 0.849059 0.070277 -0.523603 0.937431 0.13084 -0.322652 -0.598061 0.732026 -0.326284 -0.580752 0.783688 -0.220363 -0.869891 -0.227893 -0.43744 -0.39093 -0.915836 0.091754 -0.610588 -0.322343 -0.723379 -0.254592 -0.966622 0.028735 0.56449 -0.536445 0.627358 -0.354597 0.578873 -0.73428 -0.527882 0.63706 -0.56169 -0.356044 -0.378348 -0.85445 -0.156987 -0.987088 -0.031807 -0.00098 -0.414451 -0.910071 -0.001987 -0.998558 -0.053639 0.198511 -0.448731 0.87134 0.384709 -0.449028 0.806457 0.569108 0.489526 0.660666 0.343581 0.531521 0.774234 -0.004155 0.509673 -0.860359 -0.206199 0.534373 -0.819712 0.35025 -0.398899 -0.84747 0.175814 -0.984301 -0.015552 0.624215 -0.34716 -0.699883 0.276038 -0.959678 0.053105 -0.233329 -0.440456 0.866923 -0.00673 -0.4373 0.899291 -0.00193 0.559185 0.829041 -0.342723 0.551837 0.760274 0.355217 0.560204 -0.748326 0.183786 0.520277 -0.833987 0.862977 -0.249196 -0.439513 0.389083 -0.91038 0.140794 0.993274 -0.103982 -0.05094 0.429688 -0.840618 0.329742 -0.646516 -0.476787 0.59556 -0.434408 -0.418856 0.797402 0.592411 0.711579 -0.377762 0.507276 0.618635 -0.599968 0.966464 -0.019937 0.256025 0.341905 -0.806621 0.482145 0.845917 0.050924 0.530878 0.227918 -0.737566 0.635649 -0.700458 -0.696598 0.155274 -0.690505 -0.663104 0.288956 -0.965707 0.245831 -0.083528 -0.934426 0.162707 -0.316819 0.606295 0.162882 0.77838 -0.039345 -0.641206 0.766359 0.474262 0.221313 0.852113 -0.2942 -0.524608 0.798895 -0.656094 -0.75077 -0.076715 -0.664563 -0.745617 0.049113 0.690912 0.722908 -0.006702 0.627405 0.778519 0.016478 0.635193 0.768422 -0.077833 0.461866 0.207808 0.862262 -0.459436 -0.317449 0.829545 -0.866976 -0.490672 -0.087145 -0.729317 -0.674081 -0.117099 -0.4125 -0.140142 -0.900113 -0.405196 -0.186269 -0.895053 0.847009 0.530698 -0.030589 -0.979073 -0.166107 -0.117576 -0.95342 -0.282867 -0.104772 -0.387038 -0.190494 -0.902172 -0.357856 -0.161068 -0.919781 0.415898 0.320073 -0.851224 0.516479 0.082248 -0.852341 0.415898 0.320073 -0.851224 0.271766 0.529111 -0.803856 0.081023 0.668348 -0.739423 -0.155933 0.779566 -0.606599 -0.330592 0.814774 -0.476291 0.600458 0.7682 -0.22208 -0.399782 0.850184 -0.34258 -0.338819 0.933529 -0.117155 -0.226392 0.971697 -0.067472 -0.132083 0.989063 -0.065637 -0.001669 0.999012 -0.044418 0.148838 0.986453 -0.06897 0.249159 0.966514 -0.061397 0.335087 0.922909 -0.189622 0.365074 0.843418 -0.394167 0.329869 0.793468 -0.511464 0.183671 0.77213 -0.608342 0.032536 0.708672 -0.704787 -0.076376 0.640151 -0.764443 -0.672177 0.737107 -0.069646 -0.782833 0.618128 -0.071345 -0.23492 0.476486 -0.847215 -0.656489 -0.534761 0.532027 -0.906412 0.422363 0.005108 -0.572272 0.517499 0.63616 -0.226392 0.971697 -0.067472 -0.132083 0.989063 -0.065637 -0.862957 0.414414 0.289078 -0.646516 -0.476787 0.59556 -0.690505 -0.663104 0.288956 -0.338819 0.933529 -0.117155 -0.399782 0.850184 -0.34258 -0.330592 0.814774 -0.476291 -0.155933 0.779566 -0.606599 -0.809482 0.077687 -0.581983 0.081023 0.668348 -0.739423 -0.557468 -0.06378 -0.827745 0.271766 0.529111 -0.803856 0.690234 -0.648274 0.321432 0.967962 0.227724 -0.105788 0.854263 0.413821 0.314621 0.249159 0.966514 -0.061397 0.335087 0.922909 -0.189622 0.148838 0.986453 -0.06897 -0.001669 0.999012 -0.044418 0.365074 0.843418 -0.394167 0.329869 0.793468 -0.511464 0.183671 0.77213 -0.608342 0.693832 0.014172 -0.719997 0.032536 0.708672 -0.704787 0.594331 -0.012571 -0.804122 -0.076376 0.640151 -0.764443 -0.23492 0.476486 -0.847215 0.56449 -0.536445 0.627358 0.520841 -0.012918 -0.853556 -0.029034 0.999569 0.004335 0.772526 0.634979 0.002215 0.940837 -0.33885 0.002551 0.084786 -0.996397 0.002002 -0.847819 -0.530282 -0.001934 -0.862692 0.505729 0.000528 -0.029034 0.999569 0.004335 -0.016256 0.999868 0.000005 0.251282 -0.242284 -0.9371 -0.247276 0.246371 -0.9371 0.539382 0.842062 0 0.24958 0.244037 -0.9371 -0.531426 0.847105 0 0.715013 0.699111 0 0.24958 0.244037 0.9371 0.83494 -0.550341 0 0.249581 0.244037 -0.937099 -0.531425 0.847105 0 0.715013 0.699111 0 0.249581 0.244037 0.937099 0.83494 -0.550341 0 -0.24727 0.246376 -0.9371 -0.840088 -0.542451 0 -0.708396 0.705815 0 -0.24727 0.246376 0.9371 0.539382 0.842061 0 -0.249287 -0.244337 -0.9371 0.532472 -0.846448 0 -0.714149 -0.699994 0 -0.249287 -0.244337 0.9371 -0.835619 0.549309 0 -0.249286 -0.244336 -0.9371 0.532472 -0.846448 0 -0.71415 -0.699993 0 -0.249287 -0.244336 0.9371 -0.835619 0.549309 0 -0.247271 0.246377 -0.937099 -0.840088 -0.542451 0 -0.708396 0.705815 0 -0.24727 0.246376 0.9371 0.539382 0.842061 0 0.251285 -0.24228 -0.9371 0.831076 0.55616 0 0.71988 -0.694099 0 0.251285 -0.24228 0.9371 -0.525495 -0.850797 0 0.251286 -0.242281 -0.937099 0.831076 0.55616 0 0.719879 -0.694099 0 0.251285 -0.24228 0.9371 -0.525495 -0.850797 0 0.251286 -0.242281 -0.9371 0.831075 0.55616 0 0.719879 -0.694099 0 0.251286 -0.242281 0.937099 -0.525495 -0.850797 0 -0.024267 0.348218 -0.9371 -0.989608 0.143791 0 -0.069527 0.99758 0 -0.024267 0.348218 0.937099 0.960094 0.279677 0 0.029991 -0.347772 -0.9371 0.991835 -0.127531 0 0.085885 -0.996305 0 0.029991 -0.347772 0.937099 -0.955376 -0.295392 0 -0.327451 0.104692 -0.939051 -0.439267 -0.897986 -0.025818 -0.97104 0.238828 -0.006486 -0.350448 0.062077 0.934523 0.027067 0.999368 0.023061 0.351772 -0.056492 -0.93438 0.424477 0.905071 0.025796 0.974822 -0.222877 0.006896 0.328774 -0.099106 0.939194 -0.010671 -0.999682 -0.022867 -0.327449 0.104693 -0.939051 -0.439267 -0.897985 -0.02582 -0.97104 0.238828 -0.006487 -0.35045 0.062076 0.934522 0.027067 0.999368 0.023064 0.351769 -0.056491 -0.934381 0.424477 0.905071 0.025796 0.974822 -0.222877 0.006894 0.328776 -0.099107 0.939193 -0.010671 -0.999681 -0.022871 -0.327452 0.104692 -0.93905 -0.439267 -0.897986 -0.025816 -0.97104 0.238828 -0.006484 -0.350447 0.062077 0.934523 0.027067 0.999368 0.023063 0.351772 -0.056493 -0.93438 0.424477 0.905071 0.025794 0.974822 -0.222877 0.006897 0.328773 -0.099105 0.939195 -0.010671 -0.999682 -0.022866 -0.327452 0.104692 -0.93905 -0.439267 -0.897986 -0.025818 -0.97104 0.238827 -0.006486 -0.35045 0.062078 0.934522 0.027067 0.999368 0.023061 0.351769 -0.056489 -0.934381 0.424477 0.905071 0.025801 0.974822 -0.222877 0.006894 0.328775 -0.099109 0.939193 -0.010671 -0.999681 -0.022871 -0.63925 0.520287 -0.566269 -0.881096 -0.440023 0.17335 -0.572101 0.59239 0.567252 0.075279 -0.253213 0.964477 0.47058 0.860651 0.194513 0.075279 -0.253213 0.964477 -0.327259 0.682105 0.653938 -0.991525 -0.006233 -0.129771 -0.425812 -0.451693 0.784001 -0.178991 -0.961147 -0.210141 0.70544 -0.266876 0.656606 0.079556 0.823771 0.561312 -0.878326 0.046332 0.475812 0.138102 -0.249013 0.958603 -0.214839 -0.966502 0.140418 0.9695 -0.183965 0.161945 -0.075068 0.914822 -0.396818 0.141252 0.607826 0.781406 0.905463 0.417759 -0.074922 0.662754 -0.511017 0.547374 0.443505 -0.31031 -0.84084 0.754752 0.367546 -0.543377 -0.180285 0.983443 -0.018361 0.659229 0.460665 0.594311 -0.399956 0.157815 0.902845 0.629122 -0.673618 0.387872 0.426691 0.471223 0.771935 -0.54174 -0.297675 0.786071 0.541074 -0.644686 0.540018 -0.233221 -0.940099 -0.248639 0.904301 -0.106795 -0.413322 0.200648 0.96024 -0.194114 -0.528532 0.188224 -0.827783 -0.785045 0.570839 0.240513 -0.811957 -0.567961 0.134707 0.025161 0.209505 0.977484 -0.745787 0.609631 0.268611 -0.764635 0.046622 -0.642775 -0.722472 -0.520332 0.45529 -0.20256 -0.828491 -0.522085 0.384331 -0.337467 0.859305 -0.005414 0.98364 0.180067 -0.018239 0.406408 -0.91351 -0.911348 0.37551 -0.16863 -0.554915 -0.656083 -0.511493 -0.572569 -0.134449 0.808757 0.565893 0.478747 0.671242 -0.294631 -0.385861 0.874244 0.715983 -0.608267 0.342608 -0.204471 -0.947449 -0.246032 0.774735 0.005156 -0.632265 0.525707 0.697291 0.487256 0.934784 -0.354769 -0.017804 0.538326 0.539684 -0.647261 0.034405 -0.458791 -0.887878 -0.570108 0.724355 -0.387668 -0.525707 0.697291 0.487256 -0.538326 0.539684 -0.647261 -0.934784 -0.354769 -0.017804 -0.034405 -0.458791 -0.887878 0.570108 0.724355 -0.387668 0.879485 0.365376 -0.304969 0.669554 -0.566259 0.480674 0.42388 -0.625628 -0.654916 -0.456425 -0.889368 0.02647 -0.369051 0.170915 -0.913559 -0.879485 0.365376 -0.304969 -0.42388 -0.625628 -0.654916 -0.669554 -0.566259 0.480674 0.456425 -0.889368 0.02647 0.369051 0.170915 -0.913559 0.687578 0.702499 0.183661 0.745785 -0.231593 -0.624636 0.017179 0.667413 -0.744489 -0.492953 -0.355367 -0.794173 -0.714332 0.684197 0.146986 0.825221 -0.03797 -0.563532 0.656791 -0.485669 0.576846 0.127158 -0.923507 -0.361891 -0.586147 -0.646371 0.488505 -0.550169 -0.114286 -0.827196 -0.687578 0.702499 0.183661 -0.017179 0.667413 -0.744489 -0.745785 -0.231593 -0.624636 0.492953 -0.355367 -0.794173 0.714332 0.684197 0.146986 -0.845694 -0.310886 0.433763 -0.089872 -0.495346 0.864035 0.873852 -0.260899 0.41026 0.996524 0.078525 0.027823 0.534669 -0.762901 0.36347 -0.379977 -0.916604 -0.124318 -0.089872 -0.495346 0.864035 -0.252709 -0.315536 0.914645 0.056329 0.041288 0.997558 0.071888 0.083301 0.993928 0.845694 -0.310886 0.433763 -0.873824 -0.260891 0.410326 -0.99652 0.078494 0.028046 -0.693247 -0.693605 0.195757 0.766371 -0.488173 -0.417567 0.089872 -0.495345 0.864035 0.252709 -0.315536 0.914645 -0.79546 -0.060306 0.602998 -0.33699 -0.940507 0.04341 0.67293 0.592492 -0.442853 0 0.776892 -0.629634 0.672938 0.5655 -0.476827 0 0.72183 -0.692071 0 0.561092 -0.827753 0.632783 0.459048 -0.623587 0.608306 0.245822 -0.754675 0 0.285397 -0.95841 0.967845 -0.013052 0.251209 0.970747 -0.020118 0.23926 0.607419 0.091238 -0.789124 0 0.162176 -0.986762 0 0.078647 -0.996902 0.663914 -0.02702 -0.74732 0.972189 -0.058827 0.226688 0.95402 -0.101388 0.282075 0.973309 -0.084271 0.213465 0.961485 -0.165992 0.219073 0.994966 -0.092785 0.037852 0.833429 0.446163 -0.32609 0.994966 -0.092785 0.037852 0.647959 -0.744602 -0.160363 0.608631 -0.77401 0.174576 0.539335 -0.664314 0.517498 0.973309 -0.084271 0.213465 0.393573 -0.584074 0.7099 0 -0.665365 0.746518 0 -0.514845 0.857283 0.393487 -0.464211 0.793521 0 -0.289829 0.957078 0.370204 -0.26796 0.889464 0.970747 -0.020118 0.23926 0.967845 -0.013052 0.251209 0.3261 -0.171022 0.929737 0.972189 -0.058827 0.226688 0 -0.190826 0.981624 0.95402 -0.101388 0.282075 0 -0.82274 0.568418 0.32373 -0.158109 0.932845 0.961485 -0.165992 0.219073 0 -0.134946 0.990853 0.003853 -0.234574 0.972091 0 -0.946076 0.323944 0.009386 -0.999955 0.001232 0.647959 -0.744602 -0.160363 0.373216 -0.898585 -0.230771 -0.009971 -0.996813 0.07915 -0.092822 -0.824201 0.558638 0.766371 -0.488173 -0.417567 0.982179 0.142246 0.122841 0 0.211362 -0.977408 0.998481 -0.015236 0.052955 0.581409 0.117211 -0.805124 0.993777 -0.097573 0.053735 0.616182 0.035328 -0.786811 0 0.063259 -0.997997 0 0.170629 -0.985336 0 -0.054134 -0.998534 0.603597 -0.090351 -0.792153 0 -0.256477 -0.96655 0 -0.984179 0.177174 0.978182 -0.195411 0.070524 0 -0.015077 0.999886 0.456268 -0.099476 0.884265 0 -0.105634 0.994405 0.491636 -0.158167 0.856316 0.993777 -0.097573 0.053735 0.998481 -0.015236 0.052955 0 -0.162524 0.986705 0.978182 -0.195411 0.070524 0.466029 -0.196622 0.862645 0.956876 -0.277223 0.086814 0 -0.984179 0.177174 0 -0.179364 0.983783 -0.67293 0.592492 -0.442853 -0.643481 0.702293 -0.304495 -0.672938 0.5655 -0.476827 -0.632783 0.459048 -0.623587 -0.608306 0.245822 -0.754675 -0.967845 -0.013052 0.251209 -0.970747 -0.020118 0.23926 -0.607419 0.091238 -0.789124 -0.663914 -0.02702 -0.74732 -0.972189 -0.058827 0.226688 -0.95402 -0.101388 0.282075 -0.973309 -0.084271 0.213465 -0.961485 -0.165992 0.219073 -0.91677 -0.307752 0.254599 -0.99665 -0.080471 0.014571 -0.962815 0.07432 -0.259737 -0.833039 0.446671 -0.32639 0 -0.514845 0.857283 -0.393487 -0.464211 0.793521 -0.370204 -0.26796 0.889464 -0.970747 -0.020118 0.23926 -0.967845 -0.013052 0.251209 -0.3261 -0.171022 0.929737 -0.972189 -0.058827 0.226688 0 -0.190826 0.981624 -0.393573 -0.584074 0.7099 -0.95402 -0.101388 0.282075 -0.539335 -0.664314 0.517498 -0.973309 -0.084271 0.213465 -0.32373 -0.158109 0.932845 -0.961485 -0.165992 0.219073 0 -0.134946 0.990853 0.003853 -0.234574 0.972091 -0.589923 -0.798727 0.118432 -0.663351 -0.730181 -0.163708 -0.363357 -0.908035 -0.208433 -0.790003 -0.495748 -0.360734 -0.009971 -0.996813 0.07915 0.446924 -0.848079 0.284642 -0.99665 -0.080471 0.014571 -0.663351 -0.730181 -0.163708 -0.962815 0.07432 -0.259737 -0.790003 -0.495748 -0.360734 -0.565975 0.194783 -0.801081 -0.998481 -0.015236 0.052955 -0.581409 0.117211 -0.805124 -0.993777 -0.097573 0.053734 -0.616182 0.035328 -0.786811 -0.603597 -0.090351 -0.792153 -0.978182 -0.195412 0.070524 0 -0.256477 -0.96655 -0.982179 0.142246 0.122841 -0.456268 -0.099476 0.884265 -0.491636 -0.158167 0.856316 -0.993777 -0.097573 0.053734 -0.998481 -0.015236 0.052955 -0.466029 -0.196622 0.862645 -0.956876 -0.277223 0.086814 -0.978182 -0.195412 0.070524 0.990179 0.130166 -0.051021 0.996524 0.078525 0.027823 0.990179 0.130166 -0.051021 0.79546 -0.060306 0.602998 0.124718 0.138251 0.982513 0.089445 0.10103 0.990855 0.071888 0.083301 0.993928 0.056329 0.041288 0.997558 0.17958 0.176931 0.967702 0.138776 0.130992 0.981622 0.124718 0.138251 0.982513 0.089445 0.10103 0.990855 0.905192 0.115647 0.408966 0.93541 -0.012409 0.353348 0.905702 0.044552 0.421566 0.945996 -0.062982 0.318 0.905192 0.115647 0.408966 -0.088891 0.10045 0.990963 -0.138776 0.130992 0.981622 -0.124718 0.138251 0.982513 -0.17958 0.176931 0.967702 -0.99652 0.078494 0.028046 -0.990169 0.13028 -0.05092 -0.79546 -0.060306 0.602998 -0.990169 0.13028 -0.05092 -0.053768 0.042225 0.99766 -0.088891 0.10045 0.990963 -0.07033 0.083247 0.994044 -0.124718 0.138251 0.982513 -0.905202 0.115552 0.40897 -0.890692 0.096786 0.444185 -0.905757 0.044363 0.421469 -0.866777 0.009199 0.498611 -0.905202 0.115552 0.40897 -0.905757 0.044363 0.421469 -0.93545 -0.012471 0.35324 -0.946067 -0.062871 0.317813 0.93541 -0.012409 0.353348 0.446924 -0.848079 0.284642 0.945996 -0.062982 0.318 -0.092822 -0.824201 0.558638 -0.053768 0.042225 0.99766 -0.07033 0.083247 0.994044 -0.93545 -0.012471 0.35324 -0.946067 -0.062871 0.317813 -0.11234 0.103934 -0.988219 0.636577 -0.770764 -0.026303 -0.120108 -0.015307 -0.992643 -0.224358 0.151016 -0.962734 -0.223754 0.1271 -0.966323 0 -0.000704 1 0 0.046369 0.998924 0 -0.000704 1</float_array>
          <technique_common>
            <accessor source="#GeometrySource1-array" count="6072" stride="3">
              <param name="X" type="float"/>
              <param name="Y" type="float"/>
              <param name="Z" type="float"/>
            </accessor>
          </technique_common>
        </source>
        <source id="GeometrySource2" name="chr057UV">
          <float_array id="GeometrySource2-array" count="12144">0.373617 0.822541 0.408769 0.791532 0.392065 0.831803 0.495165 0.713335 0.495052 0.760489 0.456936 0.760489 0.345155 0.961646 0.347287 0.946233 0.355161 0.950974 0.363369 0.93837 0.355472 0.932439 0.369744 0.926991 0.363966 0.922731 0.375619 0.917476 0.339318 0.941591 0.358262 0.918627 0.369503 0.913191 0.347512 0.924887 0.344546 0.910532 0.337024 0.933597 0.339528 0.918106 0.331321 0.927461 0.328947 0.914109 0.31633 0.927461 0.344546 0.910532 0.31633 0.914109 0.3278 0.907153 0.363603 0.853885 0.345631 0.872593 0.349251 0.848139 0.373617 0.822541 0.355036 0.817605 0.378334 0.862658 0.35556 0.88324 0.392065 0.831803 0.373617 0.822541 0.404751 0.838169 0.391082 0.870035 0.242279 0.812362 0.204244 0.781177 0.232243 0.775221 0.218915 0.814261 0.199661 0.816986 0.204244 0.781177 0.129734 0.585064 0.138685 0.622751 0.129597 0.626842 0.128218 0.909886 0.151056 0.910932 0.130604 0.918857 0.15392 0.923275 0.182609 0.917254 0.183356 0.927756 0.206899 0.92305 0.20476 0.915391 0.223439 0.913075 0.202059 0.906827 0.179733 0.909659 0.151056 0.910932 0.221474 0.903186 0.223439 0.913075 0.250426 0.844235 0.23879 0.876355 0.228558 0.844934 0.218915 0.814261 0.242279 0.812362 0.269964 0.844235 0.263773 0.812242 0.28819 0.844235 0.310662 0.914109 0.289265 0.916232 0.310662 0.907153 0.271517 0.864874 0.258858 0.883893 0.255583 0.870197 0.289919 0.864676 0.290536 0.883169 0.270577 0.887237 0.288357 0.928685 0.310662 0.927462 0.268704 0.914142 0.248614 0.912455 0.226212 0.923426 0.243224 0.927274 0.265083 0.926314 0.199594 0.973623 0.200951 0.959221 0.253319 0.976881 0.149063 0.952544 0.143684 0.963552 0.114958 0.93434 0.100276 0.937287 0.094653 0.914134 0.079412 0.909102 0.260105 0.961803 0.310839 0.977363 0.310662 0.962859 0.200951 0.959221 0.083862 0.901228 0.094653 0.914134 0.092317 0.905863 0.107225 0.912649 0.104862 0.907259 0.11315 0.92067 0.114958 0.93434 0.128875 0.927166 0.155133 0.933385 0.172132 0.948299 0.149063 0.952544 0.183891 0.93733 0.155133 0.933385 0.183356 0.927756 0.209368 0.931178 0.28925 0.944725 0.310662 0.944725 0.310662 0.962859 0.260105 0.961803 0.266507 0.942478 0.310662 0.927462 0.288357 0.928685 0.265083 0.926314 0.240706 0.93879 0.205043 0.940427 0.243224 0.927274 0.226212 0.923426 0.172132 0.948299 0.155133 0.933385 0.183891 0.93733 0.205043 0.940427 0.209368 0.931178 0.240706 0.93879 0.226212 0.923426 0.153553 0.890943 0.181136 0.890943 0.153736 0.902167 0.182168 0.90027 0.195006 0.891003 0.128394 0.90187 0.124159 0.890943 0.102713 0.901643 0.104862 0.907259 0.128218 0.909886 0.092317 0.905863 0.197926 0.898657 0.151056 0.910932 0.179733 0.909659 0.202059 0.906827 0.097654 0.890943 0.080909 0.890943 0.083862 0.901228 0.197926 0.898657 0.216007 0.893437 0.202059 0.906827 0.209946 0.84703 0.199661 0.816986 0.228558 0.844934 0.209368 0.931178 0.226212 0.923426 0.226212 0.923426 0.332975 0.954328 0.334149 0.968839 0.325996 0.97095 0.325262 0.96486 0.519993 0.582048 0.536288 0.567742 0.536489 0.578097 0.5416 0.576867 0.523529 0.587437 0.541997 0.590479 0.530063 0.603185 0.547111 0.603033 0.517096 0.602579 0.515097 0.616672 0.507806 0.606499 0.511692 0.597348 0.504507 0.616694 0.502651 0.631477 0.516637 0.630419 0.504712 0.644218 0.517492 0.643 0.518769 0.656013 0.513027 0.660035 0.521449 0.669335 0.531472 0.616627 0.531862 0.630461 0.532184 0.642624 0.529506 0.663129 0.528261 0.675416 0.536587 0.669646 0.551305 0.630641 0.550792 0.616239 0.548714 0.637967 0.558477 0.603041 0.551068 0.590908 0.562987 0.615305 0.559888 0.630534 0.563975 0.630339 0.563647 0.634987 0.559347 0.635169 0.557439 0.639334 0.547965 0.644925 0.55786 0.644432 0.543169 0.657544 0.547798 0.661446 0.555652 0.646984 0.558999 0.647933 0.559913 0.64538 0.499345 0.631688 0.496942 0.644408 0.485538 0.630578 0.483744 0.642631 0.482332 0.656802 0.489031 0.659638 0.481236 0.668879 0.473996 0.667273 0.47496 0.674336 0.467099 0.670015 0.49832 0.616709 0.484762 0.617457 0.495571 0.606264 0.484414 0.606527 0.472715 0.630834 0.472949 0.61696 0.474328 0.606067 0.493339 0.596399 0.455425 0.604732 0.452151 0.616988 0.464977 0.585231 0.452797 0.631699 0.444208 0.602787 0.449539 0.587776 0.464977 0.585231 0.459871 0.564304 0.441959 0.616387 0.445866 0.632029 0.441868 0.632026 0.443203 0.637356 0.446766 0.635984 0.456832 0.638257 0.448961 0.640284 0.472598 0.64118 0.458528 0.64474 0.448576 0.645621 0.472822 0.65475 0.44942 0.648205 0.446644 0.646512 0.447483 0.649443 0.462768 0.658539 0.472822 0.65475 0.456865 0.662691 0.474201 0.583909 0.459871 0.564304 0.475915 0.592561 0.482293 0.581801 0.484165 0.594642 0.482293 0.581801 0.487721 0.588462 0.516461 0.589125 0.397254 0.634607 0.386603 0.637206 0.394965 0.620094 0.382715 0.621531 0.399224 0.650386 0.394787 0.654545 0.403695 0.666094 0.394286 0.604407 0.384618 0.604902 0.387742 0.593211 0.39762 0.588056 0.394196 0.584775 0.407856 0.602961 0.408799 0.589514 0.408509 0.633617 0.408663 0.618289 0.410632 0.658822 0.410473 0.674864 0.417913 0.667248 0.42022 0.603171 0.419512 0.590153 0.420519 0.619508 0.42765 0.601884 0.426474 0.589114 0.428564 0.619729 0.428599 0.637583 0.420228 0.635602 0.420434 0.650977 0.426231 0.655739 0.418631 0.582504 0.426384 0.581527 0.419145 0.573744 0.409245 0.578352 0.410699 0.569973 0.400901 0.577201 0.421153 0.567603 0.430859 0.564992 0.426866 0.572591 0.378449 0.622911 0.375333 0.637721 0.364792 0.621778 0.362293 0.634917 0.360568 0.650181 0.368639 0.653676 0.358688 0.663804 0.350091 0.662206 0.350542 0.670506 0.341722 0.66551 0.376445 0.606858 0.363829 0.607389 0.373092 0.595117 0.361 0.595442 0.350006 0.620136 0.350413 0.605454 0.366343 0.586319 0.335941 0.605821 0.336089 0.593938 0.336233 0.621772 0.327264 0.591859 0.327914 0.58432 0.325946 0.604615 0.326902 0.622184 0.328314 0.639085 0.33915 0.63609 0.350062 0.633235 0.349921 0.648316 0.340078 0.651666 0.331427 0.656122 0.331814 0.575921 0.330099 0.575629 0.332503 0.567125 0.350417 0.595425 0.359206 0.585058 0.359216 0.578407 0.348915 0.571976 0.354066 0.585297 0.339534 0.583911 0.331814 0.575921 0.373617 0.822541 0.392065 0.831803 0.408769 0.791532 0.495165 0.713335 0.534352 0.760489 0.495052 0.760489 0.345155 0.961646 0.355161 0.950974 0.347287 0.946233 0.363369 0.93837 0.355472 0.932439 0.369744 0.926991 0.363966 0.922731 0.375619 0.917476 0.339318 0.941591 0.358262 0.918627 0.369503 0.913191 0.347512 0.924887 0.344546 0.910532 0.337024 0.933597 0.339528 0.918106 0.331321 0.927461 0.328947 0.914109 0.31633 0.927461 0.344546 0.910532 0.3278 0.907153 0.31633 0.914109 0.363603 0.853885 0.349251 0.848139 0.345631 0.872593 0.373617 0.822541 0.355036 0.817605 0.378334 0.862658 0.35556 0.88324 0.392065 0.831803 0.373617 0.822541 0.404751 0.838169 0.391082 0.870035 0.242279 0.812362 0.232243 0.775221 0.204244 0.781177 0.218915 0.814261 0.199661 0.816986 0.204244 0.781177 0.129734 0.585064 0.129597 0.626842 0.138685 0.622751 0.128218 0.909886 0.130604 0.918857 0.151056 0.910932 0.15392 0.923275 0.182609 0.917254 0.183356 0.927756 0.206899 0.92305 0.20476 0.915391 0.223439 0.913075 0.202059 0.906827 0.179733 0.909659 0.151056 0.910932 0.223439 0.913075 0.221474 0.903186 0.250426 0.844235 0.228558 0.844934 0.23879 0.876355 0.218915 0.814261 0.242279 0.812362 0.269964 0.844235 0.263773 0.812242 0.28819 0.844235 0.310662 0.914109 0.310662 0.907153 0.289265 0.916232 0.271517 0.864874 0.270577 0.887237 0.290536 0.883169 0.258858 0.883893 0.289919 0.864676 0.255583 0.870197 0.288357 0.928685 0.310662 0.927462 0.268704 0.914142 0.226212 0.923426 0.248614 0.912455 0.243224 0.927274 0.265083 0.926314 0.199594 0.973623 0.253319 0.976881 0.200951 0.959221 0.149063 0.952544 0.143684 0.963552 0.114958 0.93434 0.100276 0.937287 0.094653 0.914134 0.260105 0.961803 0.200951 0.959221 0.094653 0.914134 0.092317 0.905863 0.107225 0.912649 0.104862 0.907259 0.11315 0.92067 0.114958 0.93434 0.128875 0.927166 0.155133 0.933385 0.172132 0.948299 0.149063 0.952544 0.155133 0.933385 0.183891 0.93733 0.183356 0.927756 0.209368 0.931178 0.28925 0.944725 0.260105 0.961803 0.266507 0.942478 0.310662 0.927462 0.288357 0.928685 0.265083 0.926314 0.240706 0.93879 0.205043 0.940427 0.243224 0.927274 0.226212 0.923426 0.172132 0.948299 0.183891 0.93733 0.155133 0.933385 0.205043 0.940427 0.209368 0.931178 0.240706 0.93879 0.226212 0.923426 0.153553 0.890943 0.153736 0.902167 0.181136 0.890943 0.182168 0.90027 0.195006 0.891003 0.128394 0.90187 0.124159 0.890943 0.102713 0.901643 0.104862 0.907259 0.128218 0.909886 0.092317 0.905863 0.197926 0.898657 0.151056 0.910932 0.179733 0.909659 0.202059 0.906827 0.097654 0.890943 0.080909 0.890943 0.083862 0.901228 0.197926 0.898657 0.216007 0.893437 0.202059 0.906827 0.228558 0.844934 0.199661 0.816986 0.209946 0.84703 0.209368 0.931178 0.226212 0.923426 0.226212 0.923426 0.332975 0.954328 0.334149 0.968839 0.325996 0.97095 0.325262 0.96486 0.519993 0.582048 0.536489 0.578097 0.536288 0.567742 0.5416 0.576867 0.523529 0.587437 0.541997 0.590479 0.530063 0.603185 0.547111 0.603033 0.517096 0.602579 0.515097 0.616672 0.507806 0.606499 0.511692 0.597348 0.504507 0.616694 0.502651 0.631477 0.516637 0.630419 0.504712 0.644218 0.517492 0.643 0.518769 0.656013 0.513027 0.660035 0.521449 0.669335 0.531472 0.616627 0.531862 0.630461 0.532184 0.642624 0.529506 0.663129 0.528261 0.675416 0.536587 0.669646 0.551305 0.630641 0.550792 0.616239 0.548714 0.637967 0.558477 0.603041 0.551068 0.590908 0.562987 0.615305 0.559888 0.630534 0.563975 0.630339 0.563647 0.634987 0.559347 0.635169 0.557439 0.639334 0.547965 0.644925 0.55786 0.644432 0.543169 0.657544 0.547798 0.661446 0.555652 0.646984 0.558999 0.647933 0.559913 0.64538 0.499345 0.631688 0.485538 0.630578 0.496942 0.644408 0.483744 0.642631 0.482332 0.656802 0.489031 0.659638 0.481236 0.668879 0.473996 0.667273 0.47496 0.674336 0.467099 0.670015 0.49832 0.616709 0.484762 0.617457 0.495571 0.606264 0.484414 0.606527 0.472715 0.630834 0.472949 0.61696 0.474328 0.606067 0.493339 0.596399 0.455425 0.604732 0.452151 0.616988 0.464977 0.585231 0.452797 0.631699 0.444208 0.602787 0.449539 0.587776 0.464977 0.585231 0.459871 0.564304 0.441959 0.616387 0.445866 0.632029 0.441868 0.632026 0.443203 0.637356 0.446766 0.635984 0.456832 0.638257 0.448961 0.640284 0.472598 0.64118 0.458528 0.64474 0.448576 0.645621 0.472822 0.65475 0.44942 0.648205 0.446644 0.646512 0.447483 0.649443 0.462768 0.658539 0.472822 0.65475 0.456865 0.662691 0.474201 0.583909 0.475915 0.592561 0.482293 0.581801 0.484165 0.594642 0.482293 0.581801 0.487721 0.588462 0.516461 0.589125 0.397254 0.634607 0.394965 0.620094 0.386603 0.637206 0.382715 0.621531 0.399224 0.650386 0.394787 0.654545 0.403695 0.666094 0.394286 0.604407 0.384618 0.604902 0.387742 0.593211 0.39762 0.588056 0.394196 0.584775 0.407856 0.602961 0.408799 0.589514 0.408509 0.633617 0.408663 0.618289 0.410632 0.658822 0.410473 0.674864 0.417913 0.667248 0.42022 0.603171 0.419512 0.590153 0.420519 0.619508 0.42765 0.601884 0.426474 0.589114 0.428564 0.619729 0.428599 0.637583 0.420228 0.635602 0.420434 0.650977 0.426231 0.655739 0.418631 0.582504 0.426384 0.581527 0.419145 0.573744 0.409245 0.578352 0.410699 0.569973 0.400901 0.577201 0.421153 0.567603 0.430859 0.564992 0.426866 0.572591 0.378449 0.622911 0.364792 0.621778 0.375333 0.637721 0.362293 0.634917 0.360568 0.650181 0.368639 0.653676 0.358688 0.663804 0.350091 0.662206 0.350542 0.670506 0.341722 0.66551 0.376445 0.606858 0.363829 0.607389 0.373092 0.595117 0.361 0.595442 0.350006 0.620136 0.350413 0.605454 0.366343 0.586319 0.335941 0.605821 0.336089 0.593938 0.336233 0.621772 0.327264 0.591859 0.327914 0.58432 0.325946 0.604615 0.326902 0.622184 0.328314 0.639085 0.33915 0.63609 0.350062 0.633235 0.349921 0.648316 0.340078 0.651666 0.331427 0.656122 0.331814 0.575921 0.330099 0.575629 0.332503 0.567125 0.350417 0.595425 0.359206 0.585058 0.359216 0.578407 0.348915 0.571976 0.354066 0.585297 0.339534 0.583911 0.331814 0.575921 0.884612 0.975809 0.884503 0.955285 0.912179 0.973795 0.911775 0.953108 0.911117 0.937098 0.883555 0.93878 0.91048 0.912789 0.882984 0.91134 0.910703 0.897148 0.882951 0.895914 0.852807 0.919026 0.85375 0.935954 0.852684 0.951622 0.829447 0.93625 0.811711 0.936417 0.811662 0.919397 0.942838 0.901807 0.943043 0.916624 0.973966 0.906194 0.974004 0.919655 0.943833 0.934901 0.97405 0.932736 0.943881 0.948526 0.97409 0.945456 0.943859 0.968347 0.9741 0.965217 0.840101 0.970957 0.829764 0.952321 0.850667 0.970405 0.81178 0.972259 0.794907 0.972973 0.811957 0.953886 0.795035 0.955372 0.794858 0.936575 0.794822 0.918975 0.794999 0.900581 0.811907 0.901379 0.829383 0.919841 0.840186 0.902119 0.850672 0.90202 0.912179 0.973795 0.88455 0.954747 0.912733 0.952531 0.912372 0.937096 0.883591 0.938779 0.911435 0.913145 0.883031 0.911672 0.848938 0.953417 0.943328 0.916962 0.974028 0.919945 0.944128 0.9349 0.944163 0.947978 0.97411 0.932735 0.943859 0.968347 0.97411 0.944988 0.848738 0.917627 0.850667 0.970405 0.812686 0.93701 0.830634 0.919317 0.81263 0.918991 0.795562 0.937084 0.812346 0.955067 0.795522 0.918682 0.795316 0.956227 0.794907 0.972973 0.8297 0.902217 0.513703 0.448869 0.511661 0.467501 0.504222 0.453943 0.523541 0.465407 0.516529 0.47692 0.528147 0.47667 0.497182 0.473131 0.498773 0.481936 0.493608 0.496241 0.490582 0.441084 0.50179 0.439727 0.485783 0.455143 0.493733 0.45632 0.485772 0.49235 0.485495 0.474728 0.511327 0.488127 0.53238 0.488706 0.52401 0.492819 0.537641 0.507554 0.531743 0.511031 0.453409 0.489025 0.455103 0.473741 0.459071 0.49244 0.466157 0.490544 0.472328 0.474559 0.472376 0.493366 0.479189 0.490333 0.485772 0.49235 0.47921 0.496452 0.465489 0.497113 0.447989 0.489957 0.452863 0.494673 0.47921 0.496452 0.472376 0.511592 0.477986 0.54653 0.472383 0.546621 0.478477 0.529635 0.465489 0.497113 0.465827 0.514954 0.472387 0.551814 0.467077 0.546619 0.397593 0.488941 0.409254 0.468017 0.409373 0.489405 0.421292 0.489046 0.420431 0.467619 0.429244 0.466362 0.415536 0.496162 0.403651 0.495705 0.409698 0.447827 0.419188 0.445483 0.403036 0.45224 0.401725 0.4653 0.425314 0.445205 0.431154 0.487424 0.426446 0.493382 0.43632 0.491073 0.433833 0.468178 0.432373 0.508369 0.393693 0.458311 0.399337 0.442665 0.385806 0.454098 0.378046 0.46532 0.386267 0.471007 0.432373 0.508369 0.427429 0.506337 0.428737 0.530407 0.432606 0.51981 0.432951 0.5285 0.436697 0.530452 0.432973 0.534818 0.432951 0.5285 0.387462 0.490246 0.393564 0.481479 0.393564 0.481479 0.401725 0.4653 0.397521 0.515368 0.391185 0.497502 0.385324 0.485434 0.387462 0.490246 0.386267 0.471007 0.380744 0.489374 0.376056 0.486197 0.37065 0.477837 0.374396 0.506583 0.373073 0.498619 0.368326 0.504529 0.368141 0.497147 0.397593 0.488941 0.511661 0.467501 0.521399 0.497067 0.516529 0.47692 0.526788 0.511404 0.533138 0.513642 0.446713 0.504018 0.441426 0.492591 0.446713 0.504018 0.441302 0.506807 0.445942 0.529346 0.445946 0.533373 0.441611 0.529355 0.450729 0.529207 0.451177 0.518453 0.447989 0.489957 0.452863 0.494673 0.409684 0.518486 0.403651 0.495705 0.409684 0.518486 0.404067 0.515737 0.405091 0.549477 0.409802 0.532682 0.409922 0.547076 0.41513 0.530942 0.409802 0.532682 0.409922 0.547076 0.410042 0.555191 0.414645 0.549437 0.485876 0.540423 0.48588 0.545658 0.480507 0.540426 0.491539 0.540295 0.492013 0.526875 0.485869 0.50912 0.479912 0.512597 0.40366 0.54288 0.397851 0.54866 0.397677 0.540441 0.390721 0.542877 0.397599 0.529169 0.397677 0.540441 0.458181 0.539322 0.458185 0.544366 0.45369 0.539309 0.463597 0.539293 0.464242 0.525625 0.458407 0.50903 0.458407 0.50903 0.453121 0.512562 0.459071 0.49244 0.426282 0.54132 0.422408 0.546899 0.422344 0.539032 0.417616 0.541429 0.422079 0.527471 0.421885 0.515087 0.421885 0.515087 0.416523 0.512909 0.990802 0.897135 0.964411 0.884741 0.990802 0.876304 0.964411 0.897135 0.960447 0.884672 0.960447 0.895619 0.954787 0.891953 0.954787 0.884768 0.944395 0.884994 0.954787 0.879285 0.959985 0.876756 0.964411 0.876304 0.964411 0.86366 0.990802 0.865197 0.990802 0.853618 0.960447 0.86366 0.964411 0.853618 0.964411 0.841463 0.990802 0.83028 0.964411 0.83028 0.960447 0.841983 0.959144 0.831214 0.964411 0.818892 0.990802 0.81848 0.990802 0.806726 0.964411 0.806726 0.960447 0.818368 0.958363 0.808124 0.964411 0.794337 0.990802 0.783255 0.964411 0.783255 0.960447 0.794249 0.964411 0.769274 0.990802 0.756806 0.964411 0.756806 0.960447 0.769274 0.960447 0.758349 0.954543 0.761908 0.954543 0.770496 0.942683 0.770496 0.954543 0.779361 0.959597 0.781722 0.959699 0.784906 0.955276 0.787269 0.955276 0.794988 0.943905 0.795309 0.953746 0.80365 0.958637 0.806764 0.95408 0.810404 0.954787 0.819693 0.942193 0.819151 0.954053 0.827904 0.959304 0.829985 0.954136 0.833787 0.953952 0.841793 0.944728 0.841871 0.953952 0.849392 0.957955 0.852433 0.959554 0.853859 0.954915 0.855535 0.955489 0.86329 0.943246 0.862895 0.955489 0.872583 0.959948 0.874492 0.982718 0.976946 0.993896 0.982735 0.979217 0.982735 0.982718 0.98854 0.975716 0.975104 0.966736 0.973218 0.961569 0.976686 0.975716 0.990682 0.966947 0.992257 0.961981 0.988914 0.952675 0.982597 0.961569 0.976686 0.961981 0.988914 0.979217 0.982735 0.966736 0.973218 0.975716 0.975104 0.982718 0.976946 0.993896 0.982735 0.982718 0.98854 0.966947 0.992257 0.975716 0.990682 0.982718 0.976946 0.993896 0.982735 0.979217 0.982735 0.982718 0.98854 0.975716 0.975104 0.966736 0.973218 0.961569 0.976686 0.975716 0.990682 0.966947 0.992257 0.961981 0.988914 0.952675 0.982597 0.982718 0.976946 0.993896 0.982735 0.979217 0.982735 0.982718 0.98854 0.975716 0.975104 0.966736 0.973218 0.961569 0.976686 0.975716 0.990682 0.966947 0.992257 0.961981 0.988914 0.961569 0.976686 0.961981 0.988914 0.979217 0.982735 0.966736 0.973218 0.975716 0.975104 0.982718 0.976946 0.993896 0.982735 0.982718 0.98854 0.966947 0.992257 0.975716 0.990682 0.982718 0.976946 0.993896 0.982735 0.979217 0.982735 0.982718 0.98854 0.975716 0.975104 0.975716 0.990682 0.966947 0.992257 0.961981 0.988914 0.966736 0.973218 0.961569 0.976686 0.884612 0.975809 0.912179 0.973795 0.884503 0.955285 0.911775 0.953108 0.911117 0.937098 0.883555 0.93878 0.91048 0.912789 0.882984 0.91134 0.910703 0.897148 0.882951 0.895914 0.852807 0.919026 0.85375 0.935954 0.852684 0.951622 0.829447 0.93625 0.942838 0.901807 0.943043 0.916624 0.973966 0.906194 0.974004 0.919655 0.943833 0.934901 0.97405 0.932736 0.943881 0.948526 0.97409 0.945456 0.943859 0.968347 0.9741 0.965217 0.850667 0.970405 0.840101 0.970957 0.81178 0.972259 0.811957 0.953886 0.794907 0.972973 0.795035 0.955372 0.811711 0.936417 0.811662 0.919397 0.794822 0.918975 0.794999 0.900581 0.811907 0.901379 0.794858 0.936575 0.829383 0.919841 0.840186 0.902119 0.88455 0.954747 0.912179 0.973795 0.912733 0.952531 0.912372 0.937096 0.883591 0.938779 0.911435 0.913145 0.883031 0.911672 0.848738 0.917627 0.943328 0.916962 0.974028 0.919945 0.944128 0.9349 0.944163 0.947978 0.97411 0.932735 0.943859 0.968347 0.97411 0.944988 0.848938 0.953417 0.812686 0.93701 0.81263 0.918991 0.830634 0.919317 0.795562 0.937084 0.812346 0.955067 0.795522 0.918682 0.811907 0.901379 0.8297 0.902217 0.794999 0.900581 0.795316 0.956227 0.794907 0.972973 0.511661 0.467501 0.523541 0.465407 0.513703 0.448869 0.516529 0.47692 0.528147 0.47667 0.498773 0.481936 0.497182 0.473131 0.511327 0.488127 0.485772 0.49235 0.485495 0.474728 0.493608 0.496241 0.53238 0.488706 0.52401 0.492819 0.537641 0.507554 0.531743 0.511031 0.453409 0.489025 0.459071 0.49244 0.455103 0.473741 0.466157 0.490544 0.472376 0.493366 0.472328 0.474559 0.479189 0.490333 0.47921 0.496452 0.465489 0.497113 0.447989 0.489957 0.452863 0.494673 0.472376 0.511592 0.477986 0.54653 0.478477 0.529635 0.472383 0.546621 0.465827 0.514954 0.467077 0.546619 0.472387 0.551814 0.397593 0.488941 0.409373 0.489405 0.409254 0.468017 0.421292 0.489046 0.420431 0.467619 0.429244 0.466362 0.415536 0.496162 0.403651 0.495705 0.409698 0.447827 0.419188 0.445483 0.403036 0.45224 0.401725 0.4653 0.425314 0.445205 0.431154 0.487424 0.426446 0.493382 0.43632 0.491073 0.433833 0.468178 0.432373 0.508369 0.393693 0.458311 0.399337 0.442665 0.385806 0.454098 0.378046 0.46532 0.386267 0.471007 0.426446 0.493382 0.427429 0.506337 0.37065 0.477837 0.376056 0.486197 0.380744 0.489374 0.385324 0.485434 0.374396 0.506583 0.373073 0.498619 0.368326 0.504529 0.368141 0.497147 0.393564 0.481479 0.387462 0.490246 0.387462 0.490246 0.393564 0.481479 0.391185 0.497502 0.397521 0.515368 0.526788 0.511404 0.533138 0.513642 0.521399 0.497067 0.516529 0.47692 0.511661 0.467501 0.447989 0.489957 0.441426 0.492591 0.446713 0.504018 0.441302 0.506807 0.446713 0.504018 0.409684 0.518486 0.404067 0.515737 0.415536 0.496162 0.405091 0.549477 0.409922 0.547076 0.409802 0.532682 0.414645 0.549437 0.410042 0.555191 0.485876 0.540423 0.480507 0.540426 0.48588 0.545658 0.491539 0.540295 0.492013 0.526875 0.485869 0.50912 0.47921 0.496452 0.479912 0.512597 0.40366 0.54288 0.397677 0.540441 0.397851 0.54866 0.390721 0.542877 0.397599 0.529169 0.458181 0.539322 0.45369 0.539309 0.458185 0.544366 0.463597 0.539293 0.464242 0.525625 0.453121 0.512562 0.453299 0.525434 0.458337 0.52301 0.458407 0.50903 0.458407 0.50903 0.426282 0.54132 0.422344 0.539032 0.422408 0.546899 0.417616 0.541429 0.422079 0.527471 0.421885 0.515087 0.416523 0.512909 0.421885 0.515087 0.426437 0.512619 0.426443 0.526437 0.990802 0.897135 0.990802 0.876304 0.964411 0.884741 0.964411 0.897135 0.960447 0.884672 0.960447 0.895619 0.954787 0.891953 0.954787 0.884768 0.944395 0.884994 0.954787 0.879285 0.959985 0.876756 0.964411 0.876304 0.964411 0.86366 0.990802 0.865197 0.990802 0.853618 0.960447 0.86366 0.964411 0.853618 0.964411 0.841463 0.990802 0.83028 0.964411 0.83028 0.960447 0.841983 0.959144 0.831214 0.964411 0.818892 0.990802 0.81848 0.990802 0.806726 0.964411 0.806726 0.960447 0.818368 0.958363 0.808124 0.964411 0.794337 0.990802 0.783255 0.964411 0.783255 0.960447 0.794249 0.964411 0.769274 0.990802 0.756806 0.964411 0.756806 0.960447 0.769274 0.960447 0.758349 0.954543 0.761908 0.954543 0.770496 0.942683 0.770496 0.954543 0.779361 0.959597 0.781722 0.959699 0.784906 0.955276 0.787269 0.955276 0.794988 0.943905 0.795309 0.953746 0.80365 0.958637 0.806764 0.95408 0.810404 0.954787 0.819693 0.942193 0.819151 0.954053 0.827904 0.959304 0.829985 0.954136 0.833787 0.944728 0.841871 0.953952 0.841793 0.953952 0.849392 0.957955 0.852433 0.959554 0.853859 0.954915 0.855535 0.955489 0.86329 0.943246 0.862895 0.955489 0.872583 0.959948 0.874492 0.982718 0.976946 0.979217 0.982735 0.993896 0.982735 0.982718 0.98854 0.975716 0.975104 0.966736 0.973218 0.961569 0.976686 0.975716 0.990682 0.966947 0.992257 0.961981 0.988914 0.952675 0.982597 0.961569 0.976686 0.961981 0.988914 0.979217 0.982735 0.966736 0.973218 0.975716 0.975104 0.982718 0.976946 0.993896 0.982735 0.982718 0.98854 0.966947 0.992257 0.975716 0.990682 0.982718 0.976946 0.979217 0.982735 0.993896 0.982735 0.982718 0.98854 0.975716 0.975104 0.966736 0.973218 0.961569 0.976686 0.975716 0.990682 0.966947 0.992257 0.961981 0.988914 0.952675 0.982597 0.982718 0.976946 0.979217 0.982735 0.993896 0.982735 0.982718 0.98854 0.975716 0.975104 0.966736 0.973218 0.961569 0.976686 0.975716 0.990682 0.966947 0.992257 0.961981 0.988914 0.961569 0.976686 0.961981 0.988914 0.979217 0.982735 0.966736 0.973218 0.975716 0.975104 0.982718 0.976946 0.993896 0.982735 0.982718 0.98854 0.966947 0.992257 0.975716 0.990682 0.982718 0.976946 0.979217 0.982735 0.993896 0.982735 0.982718 0.98854 0.975716 0.975104 0.975716 0.990682 0.966947 0.992257 0.961981 0.988914 0.966736 0.973218 0.961569 0.976686 0.823282 0.771376 0.829353 0.79508 0.806018 0.783712 0.829189 0.770891 0.818836 0.74499 0.808233 0.751115 0.790571 0.728614 0.785466 0.734658 0.752663 0.720475 0.777564 0.698344 0.719589 0.72831 0.747438 0.698344 0.863483 0.578045 0.851386 0.597346 0.822553 0.590972 0.853727 0.632101 0.949781 0.571751 0.907804 0.601753 0.903232 0.571864 0.927311 0.549753 0.963309 0.548584 0.934423 0.517449 0.976376 0.502886 0.994891 0.543791 0.994891 0.468455 0.994891 0.502886 0.97111 0.46847 0.898345 0.547748 0.849453 0.553272 0.895726 0.519079 0.799193 0.546848 0.84832 0.521408 0.82345 0.575585 0.691839 0.474654 0.718437 0.461261 0.737293 0.481641 0.697306 0.451191 0.780287 0.549485 0.765861 0.52931 0.691839 0.51865 0.743614 0.523286 0.746704 0.546579 0.724153 0.545395 0.748008 0.571618 0.795673 0.567165 0.793773 0.584406 0.794685 0.632101 0.765287 0.597635 0.723826 0.738864 0.700699 0.744664 0.751039 0.730824 0.745537 0.759254 0.766469 0.763044 0.76451 0.781048 0.742573 0.778451 0.728597 0.757916 0.785333 0.764064 0.760678 0.797525 0.782318 0.801929 0.716294 0.766234 0.726355 0.781325 0.736799 0.796555 0.758918 0.806143 0.723092 0.787524 0.735221 0.799342 0.758637 0.811194 0.801719 0.761791 0.785233 0.782147 0.781605 0.812018 0.781385 0.817139 0.800491 0.80285 0.797366 0.813829 0.815663 0.807013 0.795161 0.819092 0.819165 0.827121 0.820392 0.811834 0.835752 0.811712 0.836107 0.793152 0.820392 0.811834 0.690543 0.963148 0.726305 0.960847 0.690078 0.978595 0.729779 0.975934 0.716057 0.936848 0.695262 0.936902 0.750247 0.936761 0.750247 0.917928 0.750247 0.898555 0.72071 0.896553 0.750247 0.959306 0.750247 0.974542 0.791683 0.95581 0.791563 0.973286 0.791516 0.936798 0.791482 0.919105 0.791649 0.900651 0.668809 0.981164 0.668683 0.964937 0.706005 0.888981 0.685437 0.912276 0.667116 0.904803 0.656421 0.933059 0.649865 0.911195 0.630936 0.930774 0.631974 0.910683 0.610116 0.928536 0.613335 0.9099 0.586164 0.923339 0.588707 0.947698 0.563642 0.923339 0.572702 0.902907 0.564106 0.938969 0.590907 0.907503 0.62963 0.970408 0.612037 0.968871 0.62444 0.980039 0.634846 0.986544 0.620568 0.990836 0.650299 0.982587 0.563642 0.902471 0.570027 0.951639 0.587434 0.966779 0.580897 0.88535 0.595821 0.88849 0.58377 0.876711 0.575285 0.86975 0.56847 0.878991 0.567808 0.854843 0.614836 0.889962 0.632375 0.890284 0.651175 0.890535 0.670147 0.877515 0.702733 0.877515 0.697311 0.851264 0.652471 0.876699 0.578912 0.856317 0.586644 0.868071 0.669378 0.855018 0.654816 0.860618 0.644503 0.873616 0.63006 0.882006 0.615296 0.882363 0.597799 0.878791 0.44411 0.970195 0.442807 0.986796 0.414428 0.967658 0.410147 0.982483 0.425275 0.949226 0.445122 0.948339 0.393292 0.965851 0.393134 0.980236 0.388673 0.950647 0.441993 0.928057 0.38858 0.93373 0.435319 0.908339 0.393398 0.913607 0.465747 0.971849 0.461312 0.925232 0.465774 0.947987 0.472485 0.915617 0.450577 0.902576 0.456603 0.895646 0.490194 0.879022 0.51572 0.924542 0.515706 0.962253 0.479375 0.948643 0.555238 0.95735 0.555238 0.92101 0.494664 0.978858 0.512699 0.988016 0.501571 0.996747 0.49189 0.993024 0.555238 0.880127 0.532324 0.985759 0.555238 0.983555 0.478835 0.989638 0.48052 0.973566 0.463757 0.988448 0.750247 0.898699 0.792139 0.91883 0.750247 0.918072 0.792177 0.937293 0.750247 0.937474 0.791946 0.956611 0.750247 0.95945 0.791563 0.973286 0.750247 0.975035 0.590461 0.01636 0.595528 0.004317 0.595701 0.016259 0.590461 0.004176 0.611511 0.016227 0.601008 0.030459 0.700034 0.05969 0.682435 0.037702 0.723783 0.030716 0.675996 0.082513 0.698232 0.060445 0.658278 0.068605 0.723483 0.030716 0.680485 0.038295 0.79427 0.058396 0.78849 0.03041 0.779399 0.057861 0.769999 0.029524 0.753868 0.060669 0.779239 0.070786 0.750803 0.08106 0.709859 0.079103 0.738055 0.060116 0.739052 0.049148 0.762593 0.053757 0.750482 0.053757 0.754381 0.048356 0.776786 0.00488 0.762593 0.00488 0.786528 0.00488 0.762593 0.029201 0.754381 0.029201 0.754381 0.00488 0.738519 0.060096 0.711801 0.07832 0.794298 0.071215 0.779379 0.070737 0.753868 0.060659 0.751217 0.081029 0.77963 0.057814 0.770227 0.029524 0.776591 0.00488 0.739539 0.049148 0.762593 0.00488 0.762593 0.053757 0.750482 0.053757 0.762593 0.029201 0.762593 0.053757 0.663766 0.105765 0.667737 0.12365 0.663766 0.131438 0.673222 0.125361 0.667737 0.111852 0.672463 0.110392 0.675003 0.112168 0.682163 0.113423 0.675003 0.11805 0.685122 0.117927 0.682163 0.123563 0.675003 0.123931 0.855051 0.084112 0.880644 0.084112 0.855049 0.150842 0.880641 0.161231 0.829461 0.084112 0.829457 0.155356 0.80614 0.084112 0.806136 0.162099 0.902751 0.152499 0.902755 0.084112 0.925979 0.084112 0.925975 0.148492 0.946845 0.144814 0.946849 0.084112 0.97098 0.084112 0.971005 0.149629 0.994362 0.084112 0.994358 0.165348 0.946853 0.004036 0.970954 0.004036 0.902759 0.004036 0.925983 0.004036 0.994366 0.004036 0.855053 0.004036 0.880648 0.004036 0.829465 0.004036 0.806144 0.004036 0.971005 0.190061 0.994358 0.246066 0.967141 0.231407 0.946845 0.19962 0.925975 0.194735 0.946845 0.231407 0.927824 0.231407 0.902751 0.246066 0.902751 0.182516 0.880641 0.226323 0.855049 0.224194 0.880641 0.241399 0.829457 0.227434 0.806136 0.305476 0.806136 0.261499 0.829457 0.267259 0.829457 0.305476 0.855049 0.267259 0.902751 0.305476 0.880641 0.267259 0.902751 0.261499 0.880641 0.305476 0.855049 0.305476 0.891913 0.322917 0.881486 0.322917 0.902769 0.322917 0.925975 0.305476 0.927824 0.255499 0.914367 0.322917 0.92614 0.322917 0.946845 0.305476 0.946845 0.255499 0.967141 0.255499 0.936232 0.322917 0.946845 0.322917 0.968279 0.305476 0.994358 0.261499 0.994358 0.305476 0.914241 0.348825 0.907986 0.348825 0.914515 0.358962 0.920303 0.348825 0.936373 0.348825 0.930439 0.348825 0.937167 0.358962 0.944679 0.348825 0.98178 0.322917 0.994358 0.31459 0.968279 0.322917 0.982054 0.348825 0.975933 0.348825 0.982054 0.358962 0.991132 0.348825 0.994358 0.322917 0.958385 0.322917 0.958758 0.348825 0.952881 0.348825 0.958758 0.358962 0.964022 0.348825 0.810931 0.408353 0.829831 0.408353 0.808971 0.452447 0.849433 0.408353 0.849168 0.456389 0.868897 0.408353 0.888085 0.408353 0.88887 0.423672 0.907017 0.408353 0.925822 0.408353 0.926626 0.423672 0.945428 0.408353 0.963038 0.408353 0.966002 0.423672 0.936908 0.390697 0.912134 0.390697 0.924257 0.373654 0.898251 0.390697 0.876059 0.390697 0.887011 0.368819 0.860952 0.390697 0.950818 0.390697 0.973425 0.390697 0.960796 0.368819 0.980299 0.408353 0.791306 0.408353 0.769728 0.408353 0.766202 0.437288 0.744524 0.408353 0.712611 0.423672 0.754111 0.390697 0.800483 0.390697 0.821481 0.390697 0.812081 0.36882 0.782793 0.390697 0.775315 0.373654 0.692378 0.39786 0.708712 0.408353 0.691839 0.408353 0.703029 0.390697 0.680229 0.39042 0.691667 0.36882 0.676063 0.408353 0.83668 0.390697 0.848635 0.368819 0.715365 0.390697 0.721111 0.408353 0.726634 0.368819 0.737153 0.390697 0.697306 0.423672 0.867448 0.322917 0.8546 0.322917 0.867473 0.348825 0.860985 0.348825 0.867475 0.358962 0.874645 0.348825 0.840796 0.322917 0.840804 0.348825 0.84944 0.348825 0.840805 0.358962 0.828775 0.322917 0.816187 0.322917 0.806666 0.322917 0.816231 0.348825 0.811393 0.348825 0.823102 0.348825 0.816202 0.358962 0.834176 0.348825 0.891894 0.348825 0.885449 0.348825 0.89191 0.358962 0.898488 0.348825 0.56847 0.878991 0.563642 0.878674 0.567808 0.854843 0.563642 0.902471 0.563644 0.854843 0.662508 0.586756 0.684187 0.586858 0.684021 0.610963 0.651351 0.586677 0.629626 0.610836 0.631249 0.584472 0.638909 0.566276 0.614764 0.580756 0.603544 0.610836 0.626046 0.563446 0.600901 0.562389 0.61221 0.561802 0.653427 0.569713 0.459567 0.877541 0.945428 0.408353 0.966002 0.423672 0.963038 0.408353 0.925822 0.408353 0.926626 0.423672 0.907017 0.408353 0.888085 0.408353 0.88887 0.423672 0.868897 0.408353 0.849433 0.408353 0.849168 0.456389 0.829831 0.408353 0.810931 0.408353 0.808971 0.452447 0.936908 0.390697 0.912134 0.390697 0.924257 0.373654 0.898251 0.390697 0.876059 0.390697 0.887011 0.368819 0.860952 0.390697 0.83668 0.390697 0.848635 0.368819 0.821481 0.390697 0.800483 0.390697 0.791306 0.408353 0.812081 0.36882 0.769728 0.408353 0.766202 0.437288 0.744524 0.408353 0.754111 0.390697 0.782793 0.390697 0.775315 0.373654 0.692378 0.39786 0.691839 0.408353 0.708712 0.408353 0.703029 0.390697 0.680229 0.39042 0.691667 0.36882 0.715365 0.390697 0.721111 0.408353 0.737153 0.390697 0.726634 0.368819 0.676063 0.408353 0.697306 0.451191 0.712611 0.423672 0.718437 0.461261 0.691839 0.474654 0.737293 0.481641 0.849453 0.553272 0.84832 0.521408 0.799193 0.546848 0.963309 0.548584 0.976376 0.502886 0.934423 0.517449 0.994891 0.543791 0.994891 0.468455 0.994891 0.502886 0.97111 0.46847 0.898345 0.547748 0.895726 0.519079 0.927311 0.549753 0.949781 0.571751 0.903232 0.571864 0.994891 0.570968 0.994891 0.601214 0.907804 0.601753 0.863483 0.578045 0.82345 0.575585 0.822553 0.590972 0.851386 0.597346 0.853727 0.632101 0.794685 0.632101 0.793773 0.584406 0.795673 0.567165 0.765287 0.597635 0.780287 0.549485 0.765861 0.52931 0.746704 0.546579 0.691839 0.51865 0.743614 0.523286 0.724153 0.545395 0.748008 0.571618 0.691839 0.521779 0.721732 0.546716 0.691854 0.542222 0.709943 0.570382 0.744976 0.571517 0.691854 0.569966 0.742455 0.596701 0.702438 0.589894 0.697092 0.776157 0.691895 0.745869 0.698814 0.744665 0.691895 0.775069 0.871828 0.745553 0.829189 0.770891 0.870749 0.715436 0.826072 0.737534 0.818836 0.74499 0.902626 0.745946 0.910208 0.707215 0.994891 0.745798 0.994891 0.70756 0.814932 0.720211 0.829189 0.770891 0.851619 0.781665 0.836107 0.793152 0.858336 0.801838 0.877532 0.788523 0.889871 0.797858 0.858336 0.801838 0.851619 0.781665 0.889871 0.797858 0.877532 0.788523 0.908456 0.788798 0.858336 0.801838 0.889871 0.797858 0.862537 0.827941 0.836107 0.793152 0.858336 0.801838 0.835752 0.811712 0.823282 0.771376 0.806018 0.783712 0.829353 0.79508 0.829189 0.770891 0.818836 0.74499 0.826072 0.737534 0.870749 0.715436 0.871828 0.745553 0.902626 0.745946 0.910208 0.707215 0.814932 0.720211 0.790571 0.728614 0.777564 0.698344 0.752663 0.720475 0.719589 0.72831 0.747438 0.698344 0.751039 0.730824 0.723826 0.738864 0.745537 0.759254 0.766469 0.763044 0.785466 0.734658 0.76451 0.781048 0.742573 0.778451 0.728597 0.757916 0.785333 0.764064 0.760678 0.797525 0.782318 0.801929 0.716294 0.766234 0.700699 0.744664 0.726355 0.781325 0.736799 0.796555 0.758918 0.806143 0.723092 0.787524 0.735221 0.799342 0.758637 0.811194 0.801719 0.761791 0.785233 0.782147 0.781605 0.812018 0.781385 0.817139 0.808233 0.751115 0.800491 0.80285 0.797366 0.813829 0.815663 0.807013 0.795161 0.819092 0.819165 0.827121 0.820392 0.811834 0.835752 0.811712 0.836107 0.793152 0.820392 0.811834 0.690543 0.963148 0.690078 0.978595 0.726305 0.960847 0.729779 0.975934 0.716057 0.936848 0.695262 0.936902 0.750247 0.936761 0.750247 0.917928 0.750247 0.898555 0.72071 0.896553 0.750247 0.959306 0.750247 0.974542 0.791683 0.95581 0.791563 0.973286 0.791516 0.936798 0.791482 0.919105 0.791649 0.900651 0.706005 0.888981 0.667116 0.904803 0.685437 0.912276 0.656421 0.933059 0.668683 0.964937 0.668809 0.981164 0.649865 0.911195 0.630936 0.930774 0.631974 0.910683 0.610116 0.928536 0.613335 0.9099 0.586164 0.923339 0.588707 0.947698 0.563642 0.923339 0.572702 0.902907 0.564106 0.938969 0.590907 0.907503 0.612037 0.968871 0.62963 0.970408 0.62444 0.980039 0.634846 0.986544 0.620568 0.990836 0.650299 0.982587 0.563642 0.902471 0.570027 0.951639 0.587434 0.966779 0.580897 0.88535 0.595821 0.88849 0.58377 0.876711 0.575285 0.86975 0.56847 0.878991 0.567808 0.854843 0.614836 0.889962 0.632375 0.890284 0.651175 0.890535 0.670147 0.877515 0.702733 0.877515 0.697311 0.851264 0.652471 0.876699 0.578912 0.856317 0.586644 0.868071 0.597799 0.878791 0.615296 0.882363 0.669378 0.855018 0.654816 0.860618 0.644503 0.873616 0.63006 0.882006 0.44411 0.970195 0.414428 0.967658 0.442807 0.986796 0.410147 0.982483 0.425275 0.949226 0.445122 0.948339 0.393292 0.965851 0.393134 0.980236 0.388673 0.950647 0.441993 0.928057 0.38858 0.93373 0.435319 0.908339 0.393398 0.913607 0.465747 0.971849 0.465774 0.947987 0.461312 0.925232 0.472485 0.915617 0.456603 0.895646 0.450577 0.902576 0.490194 0.879022 0.51572 0.924542 0.515706 0.962253 0.479375 0.948643 0.555238 0.95735 0.555238 0.92101 0.494664 0.978858 0.512699 0.988016 0.501571 0.996747 0.49189 0.993024 0.555238 0.880127 0.532324 0.985759 0.555238 0.983555 0.478835 0.989638 0.48052 0.973566 0.463757 0.988448 0.792139 0.91883 0.750247 0.898699 0.750247 0.918072 0.792177 0.937293 0.750247 0.937474 0.791946 0.956611 0.750247 0.95945 0.791563 0.973286 0.750247 0.975035 0.590461 0.01636 0.595528 0.004317 0.590461 0.004176 0.595701 0.016259 0.611511 0.016227 0.601008 0.030459 0.700034 0.05969 0.723783 0.030716 0.682435 0.037702 0.675996 0.082513 0.658278 0.068605 0.698232 0.060445 0.680485 0.038295 0.723483 0.030716 0.738055 0.060116 0.709859 0.079103 0.79427 0.058396 0.779399 0.057861 0.78849 0.03041 0.769999 0.029524 0.753868 0.060669 0.779239 0.070786 0.750803 0.08106 0.739052 0.049148 0.762593 0.053757 0.750482 0.053757 0.754381 0.048356 0.776786 0.00488 0.762593 0.00488 0.786528 0.00488 0.762593 0.029201 0.754381 0.048356 0.754381 0.029201 0.754381 0.00488 0.711801 0.07832 0.738519 0.060096 0.779379 0.070737 0.794298 0.071215 0.753868 0.060659 0.751217 0.081029 0.77963 0.057814 0.78849 0.03041 0.770227 0.029524 0.776591 0.00488 0.786528 0.00488 0.739539 0.049148 0.762593 0.00488 0.762593 0.053757 0.762593 0.053757 0.750482 0.053757 0.762593 0.029201 0.754381 0.00488 0.754381 0.029201 0.762593 0.053757 0.663766 0.105765 0.663766 0.131438 0.667737 0.12365 0.673222 0.125361 0.667737 0.111852 0.672463 0.110392 0.675003 0.112168 0.675003 0.11805 0.682163 0.113423 0.685122 0.117927 0.682163 0.123563 0.675003 0.123931 0.750482 0.053757 0.855051 0.084112 0.855049 0.150842 0.880644 0.084112 0.880641 0.161231 0.829461 0.084112 0.829457 0.155356 0.80614 0.084112 0.806136 0.162099 0.902751 0.152499 0.902755 0.084112 0.925979 0.084112 0.925975 0.148492 0.946845 0.144814 0.946849 0.084112 0.97098 0.084112 0.971005 0.149629 0.994362 0.084112 0.994358 0.165348 0.880648 0.004036 0.902759 0.004036 0.971005 0.190061 0.946845 0.19962 0.925975 0.194735 0.967141 0.231407 0.946845 0.231407 0.927824 0.231407 0.902751 0.246066 0.902751 0.182516 0.880641 0.226323 0.855049 0.224194 0.880641 0.241399 0.829457 0.227434 0.806136 0.305476 0.829457 0.267259 0.806136 0.261499 0.829457 0.305476 0.855049 0.267259 0.902751 0.305476 0.902751 0.261499 0.880641 0.267259 0.880641 0.305476 0.855049 0.305476 0.891913 0.322917 0.881486 0.322917 0.902769 0.322917 0.925975 0.305476 0.927824 0.255499 0.914367 0.322917 0.92614 0.322917 0.946845 0.305476 0.946845 0.255499 0.967141 0.255499 0.994358 0.246066 0.936232 0.322917 0.946845 0.322917 0.968279 0.305476 0.994358 0.261499 0.994358 0.305476 0.914241 0.348825 0.907986 0.348825 0.914515 0.358962 0.920303 0.348825 0.936373 0.348825 0.930439 0.348825 0.937167 0.358962 0.944679 0.348825 0.98178 0.322917 0.994358 0.322917 0.968279 0.322917 0.958385 0.322917 0.958758 0.348825 0.952881 0.348825 0.958758 0.358962 0.964022 0.348825 0.982054 0.348825 0.975933 0.348825 0.982054 0.358962 0.991132 0.348825 0.8546 0.322917 0.867448 0.322917 0.867473 0.348825 0.860985 0.348825 0.867475 0.358962 0.874645 0.348825 0.840796 0.322917 0.840804 0.348825 0.84944 0.348825 0.840805 0.358962 0.828775 0.322917 0.816187 0.322917 0.806666 0.322917 0.816231 0.348825 0.811393 0.348825 0.823102 0.348825 0.816202 0.358962 0.834176 0.348825 0.891894 0.348825 0.885449 0.348825 0.89191 0.358962 0.898488 0.348825 0.973425 0.390697 0.950818 0.390697 0.960796 0.368819 0.980299 0.408353 0.567808 0.854843 0.563642 0.878674 0.563644 0.854843 0.563642 0.878674 0.56847 0.878991 0.662508 0.586756 0.684021 0.610963 0.651351 0.586677 0.631249 0.584472 0.629626 0.610836 0.638909 0.566276 0.614764 0.580756 0.603544 0.610836 0.626046 0.563446 0.61221 0.561802 0.600901 0.562389 0.653427 0.569713 0.459567 0.877541 0.721732 0.546716 0.709943 0.570382 0.744976 0.571517 0.702438 0.589894 0.742455 0.596701 0.697092 0.776157 0.698814 0.744665 0.836107 0.793152 0.851619 0.781665 0.858336 0.801838 0.877532 0.788523 0.858336 0.801838 0.889871 0.797858 0.851619 0.781665 0.889871 0.797858 0.908456 0.788798 0.877532 0.788523 0.858336 0.801838 0.862537 0.827941 0.889871 0.797858 0.836107 0.793152 0.835752 0.811712 0.858336 0.801838 0.65245 0.540979 0.655229 0.536172 0.651164 0.540237 0.655971 0.537458 0.660782 0.534684 0.660782 0.536169 0.651161 0.54579 0.649676 0.54579 0.65245 0.5506 0.651164 0.551343 0.655971 0.554122 0.655229 0.555408 0.660782 0.555411 0.660782 0.556896 0.660782 0.54579 0.665592 0.537458 0.669114 0.540979 0.6704 0.540237 0.666335 0.536172 0.671888 0.54579 0.670403 0.54579 0.6704 0.551343 0.669114 0.5506 0.666335 0.555408 0.665592 0.554122 0.671023 0.500434 0.643593 0.515773 0.663358 0.496008 0.648018 0.523439 0.616593 0.523008 0.616593 0.531859 0.589593 0.515773 0.585168 0.523439 0.569828 0.496008 0.562163 0.500434 0.562593 0.469009 0.553742 0.469009 0.569828 0.442009 0.562163 0.437583 0.589593 0.422244 0.585168 0.414578 0.616593 0.415009 0.616593 0.406158 0.643593 0.422244 0.648018 0.414578 0.663358 0.442009 0.671023 0.437583 0.670593 0.469009 0.679444 0.469009 0.589593 0.45342 0.601004 0.442009 0.616593 0.437832 0.632181 0.442009 0.643593 0.45342 0.64777 0.469009 0.643593 0.484597 0.632181 0.496008 0.616593 0.500185 0.601004 0.496008 0.589593 0.484597 0.585416 0.469009 0.616593 0.469009 0.296835 0.097377 0.320677 0.108647 0.321053 0.097377 0.294279 0.073478 0.316946 0.073478 0.337057 0.073478 0.336701 0.052185 0.314888 0.052185 0.356097 0.073478 0.355642 0.052185 0.304369 0.027702 0.335566 0.025781 0.344393 0.097377 0.345543 0.108779 0.345992 0.120606 0.319951 0.120606 0.323971 0.136732 0.3461 0.136766 0.324155 0.148739 0.346967 0.148739 0.375042 0.073478 0.370943 0.120606 0.372337 0.136732 0.393828 0.120606 0.394677 0.107587 0.370856 0.10852 0.393266 0.136732 0.392737 0.097377 0.368788 0.097377 0.375042 0.073478 0.345931 0.16284 0.314641 0.16284 0.372547 0.16284 0.394033 0.148739 0.371409 0.148739 0.395377 0.16284 0.289528 0.097377 0.295613 0.104584 0.296835 0.097377 0.320677 0.108647 0.278875 0.07492 0.280499 0.085443 0.294279 0.073478 0.289528 0.097377 0.280499 0.085443 0.278875 0.07492 0.265425 0.074513 0.267519 0.08507 0.272836 0.060292 0.260973 0.06194 0.253688 0.052185 0.269895 0.051986 0.238948 0.029466 0.272836 0.060292 0.278875 0.07492 0.293719 0.052185 0.269895 0.051986 0.266952 0.040344 0.284754 0.027702 0.238948 0.029466 0.264094 0.027702 0.262304 0.020447 0.279682 0.016126 0.298363 0.0143 0.35729 0.029547 0.374813 0.052185 0.393717 0.052185 0.380242 0.032139 0.40606 0.035935 0.323971 0.136732 0.319951 0.120606 0.30498 0.136732 0.294226 0.120606 0.290368 0.136732 0.298703 0.148239 0.310276 0.148739 0.314641 0.16284 0.324155 0.148739 0.320677 0.108647 0.295613 0.104584 0.319951 0.120606 0.294226 0.120606 0.298703 0.148239 0.288007 0.138496 0.297231 0.150962 0.290368 0.136732 0.297231 0.150962 0.314641 0.16284 0.424626 0.14578 0.411036 0.120606 0.411181 0.141755 0.419085 0.154344 0.411036 0.154344 0.411036 0.120606 0.393266 0.136732 0.411181 0.141755 0.393828 0.120606 0.394033 0.148739 0.411036 0.154344 0.404482 0.16284 0.395377 0.16284 0.411036 0.097377 0.394677 0.107587 0.393828 0.120606 0.392737 0.097377 0.411036 0.066113 0.411036 0.097377 0.393554 0.073478 0.375042 0.073478 0.393717 0.052185 0.40606 0.035935 0.343346 0.253087 0.346615 0.257508 0.343068 0.258972 0.337386 0.260435 0.321622 0.258157 0.327483 0.266983 0.339147 0.251639 0.327483 0.266983 0.315133 0.267634 0.139887 0.01082 0.140191 0.027322 0.113137 0.027646 0.152802 0.021094 0.166809 0.01417 0.127713 0.033186 0.115004 0.038529 0.193904 0.009646 0.181181 0.020822 0.194235 0.026969 0.222199 0.026749 0.207127 0.03284 0.220728 0.038365 0.181181 0.020822 0.166985 0.025786 0.166809 0.01417 0.152802 0.021094 0.149524 0.032864 0.140191 0.027322 0.167091 0.045624 0.149026 0.051772 0.148522 0.073212 0.166954 0.072335 0.185206 0.07393 0.166808 0.097366 0.187509 0.097079 0.184678 0.032708 0.194235 0.026969 0.185157 0.051863 0.128238 0.041671 0.127713 0.033186 0.20543 0.07256 0.128066 0.070248 0.206392 0.041727 0.207127 0.03284 0.208244 0.096749 0.18745 0.121711 0.168434 0.121332 0.187951 0.143724 0.168428 0.138178 0.211205 0.143185 0.20942 0.118403 0.217122 0.157005 0.190154 0.159111 0.168425 0.151743 0.146814 0.141156 0.148849 0.131271 0.129867 0.129217 0.129146 0.139637 0.148246 0.117401 0.14585 0.095733 0.127841 0.114338 0.124246 0.094364 0.14585 0.095733 0.124246 0.094364 0.10835 0.066332 0.104926 0.089969 0.09206 0.085142 0.095783 0.060417 0.124246 0.094364 0.128066 0.070248 0.10835 0.066332 0.11287 0.051584 0.128066 0.070248 0.128238 0.041671 0.095783 0.060417 0.11287 0.051584 0.115004 0.038529 0.127713 0.033186 0.106581 0.047035 0.095783 0.060417 0.206392 0.041727 0.223089 0.051774 0.20543 0.07256 0.226323 0.067865 0.239262 0.062483 0.229883 0.048453 0.220728 0.038365 0.207127 0.03284 0.296835 0.097377 0.321053 0.097377 0.320677 0.108647 0.294279 0.073478 0.316946 0.073478 0.337057 0.073478 0.336701 0.052185 0.314888 0.052185 0.356097 0.073478 0.304369 0.027702 0.335566 0.025781 0.344393 0.097377 0.345543 0.108779 0.345992 0.120606 0.319951 0.120606 0.323971 0.136732 0.3461 0.136766 0.324155 0.148739 0.346967 0.148739 0.370943 0.120606 0.372337 0.136732 0.393828 0.120606 0.394677 0.107587 0.370856 0.10852 0.393266 0.136732 0.392737 0.097377 0.368788 0.097377 0.375042 0.073478 0.345931 0.16284 0.314641 0.16284 0.372547 0.16284 0.371409 0.148739 0.394033 0.148739 0.395377 0.16284 0.355642 0.052185 0.35729 0.029547 0.375042 0.073478 0.374813 0.052185 0.393717 0.052185 0.380242 0.032139 0.40606 0.035935 0.298363 0.0143 0.284754 0.027702 0.293719 0.052185 0.272836 0.060292 0.278875 0.07492 0.269895 0.051986 0.266952 0.040344 0.238948 0.029466 0.264094 0.027702 0.262304 0.020447 0.280151 0.01648 0.289528 0.097377 0.296835 0.097377 0.295613 0.104584 0.320677 0.108647 0.280499 0.085443 0.278875 0.07492 0.289528 0.097377 0.294279 0.073478 0.280499 0.085443 0.265425 0.074513 0.278875 0.07492 0.267519 0.08507 0.272836 0.060292 0.260973 0.06194 0.253688 0.052185 0.269895 0.051986 0.238948 0.029466 0.208244 0.096749 0.226323 0.067865 0.22908 0.091636 0.20543 0.07256 0.242165 0.086304 0.239262 0.062483 0.22908 0.091636 0.229925 0.109711 0.208244 0.096749 0.240936 0.106413 0.242165 0.086304 0.229925 0.109711 0.20942 0.118403 0.223042 0.135646 0.211205 0.143185 0.235339 0.134575 0.238366 0.154587 0.217122 0.157005 0.240936 0.106413 0.295732 0.198702 0.307569 0.198101 0.296058 0.206758 0.295732 0.198702 0.300972 0.190521 0.323971 0.136732 0.30498 0.136732 0.319951 0.120606 0.294226 0.120606 0.290368 0.136732 0.298703 0.148239 0.310276 0.148739 0.314641 0.16284 0.324155 0.148739 0.320677 0.108647 0.319951 0.120606 0.295613 0.104584 0.294226 0.120606 0.29509 0.205367 0.29368 0.21267 0.291501 0.20873 0.287043 0.2061 0.28225 0.209857 0.278886 0.217714 0.290332 0.223932 0.278562 0.224007 0.280313 0.231298 0.293084 0.236473 0.281884 0.236818 0.293084 0.236473 0.282175 0.240543 0.28265 0.244184 0.284152 0.246406 0.29509 0.205367 0.296058 0.206758 0.29368 0.21267 0.298703 0.148239 0.288007 0.138496 0.290368 0.136732 0.297231 0.150962 0.297231 0.150962 0.314641 0.16284 0.104926 0.089969 0.094947 0.105436 0.09206 0.085142 0.110217 0.109529 0.124246 0.094364 0.127841 0.114338 0.116621 0.130676 0.129867 0.129217 0.129146 0.139637 0.115657 0.144346 0.10641 0.140424 0.095164 0.131472 0.100026 0.148815 0.102792 0.151699 0.091435 0.156271 0.094302 0.142832 0.284152 0.246406 0.293084 0.236473 0.287334 0.245905 0.289768 0.244712 0.294185 0.245759 0.475749 0.052097 0.498957 0.029921 0.499079 0.052097 0.522884 0.052097 0.538103 0.029921 0.498545 0.07456 0.476816 0.07456 0.45742 0.052097 0.497338 0.105425 0.52072 0.07456 0.542098 0.052097 0.460993 0.029921 0.565096 0.029921 0.435424 0.029921 0.495205 0.159021 0.457619 0.138382 0.47632 0.105425 0.476816 0.07456 0.461047 0.105425 0.462307 0.07456 0.45742 0.052097 0.447152 0.104178 0.435217 0.120556 0.435424 0.129457 0.447152 0.104178 0.444374 0.07456 0.462307 0.07456 0.45742 0.052097 0.435424 0.052097 0.532817 0.155101 0.51678 0.105425 0.52072 0.07456 0.542586 0.07456 0.530933 0.105425 0.542098 0.052097 0.557064 0.104178 0.565096 0.127255 0.532817 0.155101 0.542586 0.07456 0.565096 0.07456 0.542098 0.052097 0.565096 0.052097 0.353117 0.226931 0.349822 0.212458 0.366716 0.228117 0.360765 0.210432 0.353117 0.226931 0.366716 0.228117 0.349311 0.237387 0.361063 0.243621 0.361063 0.243621 0.339147 0.251639 0.419085 0.137216 0.411181 0.141755 0.411036 0.120606 0.419085 0.154344 0.411036 0.154344 0.430166 0.154344 0.411036 0.120606 0.393266 0.136732 0.393828 0.120606 0.411181 0.141755 0.394033 0.148739 0.411036 0.154344 0.404482 0.16284 0.395377 0.16284 0.411036 0.097377 0.394677 0.107587 0.393828 0.120606 0.392737 0.097377 0.411036 0.066113 0.393554 0.073478 0.411036 0.097377 0.375042 0.073478 0.393717 0.052185 0.40606 0.035935 0.315133 0.184183 0.307569 0.198101 0.300972 0.190521 0.316545 0.195875 0.327483 0.184834 0.316545 0.195875 0.315133 0.184183 0.327096 0.196026 0.327096 0.196026 0.337386 0.191382 0.339147 0.200178 0.343068 0.192845 0.343346 0.19873 0.346615 0.194309 0.337386 0.191382 0.339147 0.200178 0.360765 0.210432 0.349822 0.212458 0.353117 0.226931 0.322055 0.228047 0.349822 0.212458 0.327096 0.196026 0.316545 0.195875 0.353117 0.226931 0.349311 0.237387 0.316545 0.195875 0.307569 0.198101 0.327096 0.196026 0.339147 0.200178 0.321622 0.258157 0.30619 0.251968 0.30619 0.251968 0.293084 0.236473 0.293084 0.236473 0.290332 0.223932 0.296058 0.206758 0.322055 0.228047 0.29368 0.21267 0.307569 0.198101 0.339147 0.200178 0.349822 0.212458 0.339147 0.251639 0.349311 0.237387 0.29368 0.21267 0.322055 0.228047 0.290332 0.223932 0.321622 0.258157 0.315133 0.267634 0.30619 0.251968 0.300972 0.261296 0.295617 0.252701 0.300972 0.261296 0.295281 0.24489 0.293084 0.236473 0.293084 0.236473 0.295281 0.24489 0.294185 0.245759 0.295281 0.24489 0.30619 0.251968 0.295617 0.252701 0.322055 0.228047 0.339147 0.251639 0.321622 0.258157 0.498957 0.029921 0.465366 0.011149 0.498579 0.011149 0.460993 0.029921 0.435424 0.011149 0.435424 0.029921 0.465366 0.011149 0.498957 0.029921 0.532616 0.011149 0.538103 0.029921 0.498579 0.011149 0.565096 0.011149 0.565096 0.029921 0.380242 0.032139 0.400878 0.010782 0.40606 0.035935 0.362425 0.010782 0.35729 0.029547 0.335869 0.010782 0.335566 0.025781 0.298363 0.0143 0.287571 0.013402 0.362425 0.010782 0.35729 0.029547 0.380242 0.032139 0.400878 0.010782 0.40606 0.035935 0.335869 0.010782 0.335566 0.025781 0.298363 0.0143 0.296677 0.010841 0.279682 0.016126 0.298363 0.0143 0.257484 0.010901 0.262304 0.020447 0.238948 0.029466 0.257484 0.010901 0.280151 0.01648 0.262304 0.020447 0.287571 0.013402 0.238948 0.029466 0.298363 0.0143 0.570355 0.809733 0.58347 0.842624 0.571854 0.842624 0.565745 0.842624 0.565745 0.810359 0.565745 0.794021 0.569383 0.794021 0.58734 0.805633 0.569383 0.791313 0.565745 0.791313 0.565745 0.779418 0.617418 0.842624 0.584115 0.785468 0.575248 0.765935 0.565745 0.763523 0.579166 0.757625 0.592044 0.757599 0.592025 0.761615 0.565745 0.757499 0.565745 0.751095 0.578594 0.752192 0.578573 0.745277 0.565745 0.744086 0.56576 0.723636 0.579262 0.726466 0.597974 0.74263 0.581983 0.712352 0.59938 0.733917 0.616184 0.727701 0.588503 0.701818 0.565759 0.709953 0.565759 0.691228 0.617444 0.746979 0.614043 0.703272 0.601315 0.691228 0.651362 0.705756 0.633782 0.72582 0.649776 0.744784 0.664137 0.74151 0.658396 0.72491 0.674189 0.772416 0.68768 0.737667 0.68768 0.78874 0.677754 0.788339 0.680763 0.806834 0.68768 0.842623 0.67092 0.811989 0.67092 0.842623 0.667002 0.788414 0.660532 0.772109 0.658786 0.842624 0.658786 0.811258 0.646644 0.842624 0.64693 0.810005 0.634013 0.842624 0.634013 0.809099 0.63264 0.78525 0.645943 0.786977 0.654868 0.788123 0.617418 0.805888 0.61161 0.781416 0.603637 0.757877 0.589656 0.755113 0.590837 0.750839 0.630201 0.769038 0.633703 0.749022 0.641578 0.770358 0.570355 0.809733 0.571854 0.842624 0.58347 0.842624 0.565745 0.842624 0.565745 0.810359 0.565745 0.794021 0.569383 0.794021 0.58734 0.805633 0.569383 0.791313 0.584114 0.785468 0.565745 0.779418 0.575248 0.765935 0.592025 0.761615 0.592044 0.757599 0.579166 0.757625 0.565745 0.757499 0.565745 0.751095 0.578594 0.752192 0.578573 0.745277 0.565745 0.744086 0.56576 0.723636 0.579262 0.726466 0.597974 0.74263 0.581984 0.712352 0.599381 0.733917 0.616185 0.727701 0.588504 0.701818 0.565759 0.709953 0.565759 0.691228 0.617444 0.74698 0.614044 0.703272 0.601315 0.691228 0.651363 0.705756 0.633782 0.725821 0.649776 0.744784 0.664137 0.74151 0.658397 0.72491 0.674188 0.772415 0.68768 0.737667 0.68768 0.78874 0.680762 0.806832 0.677753 0.788336 0.68768 0.842623 0.67092 0.811989 0.67092 0.842624 0.667002 0.788414 0.660531 0.772109 0.633703 0.749023 0.641578 0.770359 0.630201 0.769041 0.632633 0.785307 0.645943 0.786978 0.654868 0.78814 0.611609 0.781416 0.603637 0.757877 0.590837 0.750839 0.589656 0.755113 0.617418 0.805888 0.617418 0.842624 0.634013 0.809099 0.634013 0.842624 0.64693 0.810005 0.646644 0.842624 0.658786 0.811258 0.658786 0.842624 0.388515 0.182536 0.407925 0.210397 0.38632 0.208232 0.408495 0.182536 0.394824 0.224829 0.410983 0.229435 0.428484 0.182536 0.4317 0.209972 0.450264 0.182536 0.457321 0.206115 0.451883 0.221345 0.432537 0.229287 0.405884 0.280314 0.421147 0.267454 0.420903 0.282114 0.412057 0.294685 0.420464 0.296538 0.428982 0.294446 0.410621 0.299716 0.420158 0.302647 0.429396 0.299505 0.39964 0.293095 0.435718 0.280409 0.440259 0.293042 0.439466 0.266056 0.437188 0.247262 0.421377 0.247262 0.402682 0.264735 0.405771 0.247262 0.394418 0.261377 0.388882 0.247262 0.391739 0.289449 0.392923 0.280071 0.447502 0.262688 0.45384 0.247262 0.449117 0.289263 0.448976 0.27982 0.4615 0.287965 0.461731 0.280266 0.461985 0.272914 0.380112 0.280284 0.380353 0.289007 0.380309 0.271925 0.595987 0.291391 0.599252 0.2826 0.602913 0.290162 0.590124 0.284846 0.591102 0.276634 0.600058 0.272619 0.605757 0.302298 0.614173 0.300397 0.613573 0.311024 0.592732 0.262946 0.601365 0.261037 0.594036 0.251996 0.59534 0.241045 0.620015 0.309794 0.621511 0.316925 0.616222 0.257086 0.60093 0.234414 0.60652 0.227783 0.609896 0.277954 0.627965 0.317993 0.624808 0.320857 0.62087 0.294081 0.615846 0.270702 0.633358 0.321946 0.709425 0.290543 0.701245 0.292593 0.710483 0.288185 0.696768 0.290747 0.701992 0.279428 0.724856 0.268896 0.713061 0.262376 0.692291 0.288901 0.697673 0.2784 0.706452 0.260224 0.699843 0.258072 0.696391 0.270075 0.689358 0.264955 0.686668 0.271921 0.686626 0.253768 0.678929 0.265693 0.676079 0.270108 0.672767 0.264734 0.669152 0.265911 0.678041 0.256564 0.680243 0.24906 0.665634 0.259012 0.689313 0.240186 0.672819 0.239649 0.66726 0.24836 0.686626 0.234017 0.667128 0.269047 0.664677 0.26538 0.658752 0.257717 0.647998 0.260815 0.653037 0.267339 0.645684 0.267106 0.641783 0.261816 0.654429 0.26952 0.666462 0.285338 0.646589 0.279817 0.639722 0.269055 0.637661 0.260163 0.66189 0.292137 0.66866 0.284377 0.686711 0.290333 0.686748 0.292458 0.670579 0.293564 0.686786 0.294583 0.67895 0.301018 0.696815 0.299798 0.656018 0.301314 0.646606 0.288849 0.6383 0.27351 0.635714 0.2619 0.627372 0.27531 0.711328 0.293074 0.709425 0.290543 0.725087 0.284669 0.714781 0.296572 0.632469 0.292755 0.62087 0.294081 0.615846 0.270702 0.627271 0.265734 0.627372 0.27531 0.628525 0.257699 0.636707 0.250418 0.637661 0.260163 0.628525 0.257699 0.616222 0.257086 0.626479 0.226982 0.630952 0.232039 0.650146 0.31049 0.684915 0.311131 0.714781 0.296572 0.71975 0.302794 0.730935 0.29115 0.732648 0.268827 0.739023 0.273309 0.733857 0.244797 0.742657 0.241583 0.725981 0.227281 0.728826 0.201287 0.714297 0.213998 0.711237 0.217377 0.702947 0.208048 0.693705 0.19279 0.727704 0.187006 0.69296 0.185527 0.735957 0.167203 0.714584 0.166825 0.691829 0.181096 0.700632 0.212782 0.709064 0.221667 0.695705 0.213601 0.720417 0.233467 0.726 0.24648 0.712605 0.236122 0.717126 0.247152 0.71049 0.248312 0.701876 0.25046 0.697374 0.238943 0.706458 0.23556 0.700077 0.231835 0.68979 0.22861 0.703825 0.229277 0.704898 0.227483 0.688108 0.223847 0.669915 0.233858 0.663471 0.229483 0.675817 0.220447 0.686626 0.216942 0.67755 0.213575 0.686662 0.210608 0.695705 0.213601 0.659602 0.226985 0.650024 0.219956 0.668475 0.210208 0.649905 0.243586 0.660206 0.244616 0.645066 0.241253 0.641783 0.261816 0.636931 0.237067 0.636931 0.237067 0.64109 0.215363 0.658657 0.204427 0.686699 0.204274 0.686944 0.196063 0.654857 0.194816 0.64598 0.181494 0.686981 0.189728 0.636989 0.169122 0.669787 0.165745 0.691829 0.181096 0.616884 0.182501 0.624442 0.194025 0.605921 0.208244 0.616427 0.209787 0.633948 0.20318 0.616427 0.209787 0.630952 0.232039 0.619375 0.228861 0.450264 0.182536 0.4317 0.209121 0.428484 0.182536 0.457321 0.206115 0.408495 0.182536 0.407925 0.209545 0.451883 0.221345 0.432537 0.229287 0.410983 0.229435 0.388515 0.182536 0.38632 0.208232 0.394824 0.224829 0.408495 0.182536 0.38632 0.208232 0.388515 0.182536 0.407925 0.210397 0.394824 0.224829 0.410983 0.229435 0.428484 0.182536 0.4317 0.209972 0.450264 0.182536 0.457321 0.206115 0.451883 0.221345 0.432537 0.229287 0.700632 0.212782 0.686699 0.204274 0.658752 0.257717 0.686748 0.292458 0.686711 0.290333 0.686681 0.277665 0.67203 0.27638 0.4317 0.209972 0.408495 0.182536 0.428484 0.182536 0.407925 0.210397 0.410983 0.229435 0.432537 0.229287 0.450264 0.182536 0.457321 0.206115 0.451883 0.221345 0.38632 0.208232 0.388515 0.182536 0.394824 0.224829 0.725087 0.284669 0.752606 0.23409 0.767948 0.232748 0.771094 0.21235 0.762932 0.245095 0.745228 0.202314 0.751153 0.179445 0.754301 0.268433 0.779826 0.249152 0.768389 0.271982 0.781522 0.273219 0.741354 0.292341 0.75801 0.269209 0.75837 0.299999 0.773001 0.296461 0.746931 0.295822 0.75837 0.299999 0.73896 0.313373 0.754297 0.318552 0.735654 0.322619 0.720846 0.305726 0.720846 0.305726 0.691349 0.319358 0.697423 0.336772 0.721938 0.338174 0.697931 0.34961 0.67267 0.335884 0.645469 0.321496 0.649814 0.338423 0.674993 0.349689 0.633358 0.321946 0.669915 0.233858 0.619375 0.228861 0.550191 0.233402 0.535868 0.251705 0.520375 0.223693 0.520375 0.25511 0.551573 0.216926 0.538803 0.198276 0.520375 0.192276 0.501948 0.198276 0.490559 0.213985 0.490559 0.233402 0.483478 0.235707 0.472294 0.216929 0.485999 0.258334 0.494822 0.259846 0.497571 0.192239 0.477861 0.199673 0.46955 0.240938 0.489655 0.18216 0.511459 0.177315 0.522455 0.18079 0.478176 0.209952 0.543526 0.192934 0.564754 0.201833 0.5631 0.212564 0.569348 0.221194 0.550405 0.178156 0.535026 0.177883 0.557273 0.235707 0.570691 0.240256 0.555205 0.258417 0.544377 0.261577 0.537977 0.268943 0.520375 0.262572 0.520375 0.276848 0.500952 0.268158 0.501858 0.25238 0.494822 0.259846 0.766039 0.861068 0.766039 0.837437 0.792097 0.861068 0.796531 0.83572 0.796531 0.884991 0.766039 0.8839 0.750043 0.842908 0.750042 0.861068 0.750043 0.8788 0.728158 0.861068 0.728145 0.861068 0.728144 0.861068 0.803324 0.879326 0.808317 0.861068 0.803324 0.842061 0.796531 0.884991 0.766039 0.8839 0.792097 0.861068 0.766039 0.861068 0.766039 0.837437 0.796531 0.83572 0.750042 0.861068 0.750043 0.8788 0.750043 0.842908 0.728144 0.861068 0.728162 0.861068 0.728144 0.861068 0.803324 0.879326 0.808317 0.861068 0.803324 0.842061 0.766039 0.861068 0.766039 0.837437 0.792097 0.861068 0.796531 0.83572 0.750042 0.861068 0.766039 0.8839 0.750043 0.8788 0.750043 0.842908 0.72815 0.861068 0.728144 0.861068 0.796531 0.884991 0.803324 0.879326 0.808317 0.861068 0.803324 0.842061 0.796531 0.884991 0.766039 0.8839 0.792097 0.861068 0.766039 0.861068 0.766039 0.837437 0.796531 0.83572 0.750042 0.861068 0.750043 0.8788 0.750043 0.842908 0.728145 0.861068 0.728149 0.861068 0.728144 0.861068 0.803324 0.879326 0.808317 0.861068 0.803324 0.842061 0.766039 0.8839 0.766039 0.861068 0.796531 0.884991 0.792097 0.861068 0.766039 0.837437 0.796531 0.83572 0.750042 0.861068 0.750043 0.8788 0.750043 0.842908 0.728145 0.861068 0.728144 0.861068 0.803324 0.879326 0.808317 0.861068 0.803324 0.842061 0.728162 0.861068 0.750042 0.861068 0.728144 0.861068 0.750042 0.861068 0.728149 0.861068 0.750042 0.861068 0.728145 0.861068 0.728144 0.861068 0.750042 0.861068 0.728145 0.861068 0.728145 0.861068 0.728144 0.861068 0.522455 0.18079 0.853794 0.866046 0.853794 0.849409 0.821743 0.866003 0.88294 0.865956 0.88294 0.846531 0.853794 0.883749 0.88294 0.886627 0.908078 0.852866 0.908078 0.866153 0.933331 0.866003 0.908078 0.880292 0.853794 0.866046 0.908078 0.866153 0.88294 0.865956 0.550191 0.233402 0.535868 0.251705 0.520375 0.223693 0.520375 0.25511 0.551573 0.216926 0.538803 0.198276 0.520375 0.192276 0.501948 0.198276 0.490559 0.213985 0.490559 0.233402 0.483478 0.235707 0.472294 0.216929 0.485999 0.258334 0.494822 0.259846 0.497571 0.192239 0.477861 0.199673 0.46955 0.240938 0.489655 0.18216 0.511459 0.177315 0.522455 0.18079 0.478176 0.209952 0.543526 0.192934 0.564754 0.201833 0.5631 0.212564 0.569348 0.221194 0.550405 0.178156 0.535026 0.177883 0.557273 0.235707 0.570691 0.240256 0.555205 0.258417 0.544377 0.261577 0.537977 0.268943 0.520375 0.262572 0.520375 0.276848 0.500952 0.268158 0.501858 0.25238 0.494822 0.259846 0.766039 0.861068 0.766039 0.837437 0.792097 0.861068 0.796531 0.83572 0.796531 0.884991 0.766039 0.8839 0.750043 0.842908 0.750042 0.861068 0.750043 0.8788 0.728158 0.861068 0.728145 0.861068 0.728144 0.861068 0.803324 0.879326 0.808317 0.861068 0.803324 0.842061 0.796531 0.884991 0.766039 0.8839 0.792097 0.861068 0.766039 0.861068 0.766039 0.837437 0.796531 0.83572 0.750042 0.861068 0.750043 0.8788 0.750043 0.842908 0.728144 0.861068 0.728162 0.861068 0.728144 0.861068 0.803324 0.879326 0.808317 0.861068 0.766039 0.861068 0.766039 0.837437 0.792097 0.861068 0.796531 0.83572 0.750042 0.861068 0.766039 0.8839 0.750043 0.8788 0.750043 0.842908 0.72815 0.861068 0.728144 0.861068 0.796531 0.884991 0.803324 0.879326 0.808317 0.861068 0.803324 0.842061 0.796531 0.884991 0.766039 0.8839 0.792097 0.861068 0.766039 0.861068 0.766039 0.837437 0.796531 0.83572 0.750042 0.861068 0.750043 0.8788 0.750043 0.842908 0.728145 0.861068 0.728149 0.861068 0.728144 0.861068 0.803324 0.879326 0.808317 0.861068 0.803324 0.842061 0.766039 0.8839 0.766039 0.861068 0.796531 0.884991 0.792097 0.861068 0.766039 0.837437 0.796531 0.83572 0.750042 0.861068 0.750043 0.8788 0.750043 0.842908 0.728145 0.861068 0.728144 0.861068 0.803324 0.879326 0.808317 0.861068 0.803324 0.842061 0.728162 0.861068 0.750042 0.861068 0.728144 0.861068 0.750042 0.861068 0.728149 0.861068 0.750042 0.861068 0.728145 0.861068 0.728144 0.861068 0.750042 0.861068 0.728145 0.861068 0.728145 0.861068 0.728144 0.861068 0.522455 0.18079 0.853794 0.866046 0.853794 0.849409 0.821743 0.866003 0.88294 0.865956 0.88294 0.846531 0.853794 0.883749 0.88294 0.886627 0.908078 0.852866 0.908078 0.866153 0.933331 0.866003 0.908078 0.880292 0.853794 0.866046 0.908078 0.866153 0.88294 0.865956 0.853794 0.866046 0.853794 0.849409 0.821743 0.866003 0.88294 0.865956 0.88294 0.846531 0.853794 0.883749 0.88294 0.886627 0.908078 0.852866 0.908078 0.866153 0.933331 0.866003 0.908078 0.880292 0.853794 0.866046 0.908078 0.866153 0.88294 0.865956 0.853794 0.866046 0.853794 0.849409 0.821743 0.866003 0.88294 0.865956 0.88294 0.846531 0.853794 0.883749 0.88294 0.886627 0.908078 0.852866 0.908078 0.866153 0.933331 0.866003 0.908078 0.880292 0.853794 0.866046 0.908078 0.866153 0.88294 0.865956 0.88294 0.865956 0.88294 0.846531 0.853794 0.849409 0.853794 0.866046 0.853794 0.883749 0.88294 0.886627 0.908078 0.852866 0.908078 0.866153 0.933331 0.866003 0.908078 0.880292 0.908078 0.866153 0.88294 0.865956 0.853794 0.866046 0.094154 0.866501 0.120202 0.866501 0.120202 0.814406 0.146249 0.866501 0.120202 0.866501 0.094154 0.866501 0.120202 0.866501 0.120202 0.814406 0.146249 0.866501 0.120202 0.866501 0.094154 0.866501 0.120202 0.866501 0.120202 0.814406 0.146249 0.866501 0.120202 0.866501 0.094154 0.866501 0.120202 0.866501 0.120202 0.814406 0.146249 0.866501 0.120202 0.866501 0.094154 0.866501 0.120202 0.866501 0.120202 0.814406 0.146249 0.866501 0.120202 0.866501 0.094154 0.866501 0.120202 0.866501 0.120202 0.814406 0.146249 0.866501 0.120202 0.866501 0.094154 0.866501 0.120202 0.866501 0.120202 0.814406 0.146249 0.866501 0.120202 0.866501 0.094154 0.866501 0.120202 0.866501 0.120202 0.814406 0.146249 0.866501 0.120202 0.866501 0.094154 0.866501 0.120202 0.866501 0.120202 0.814406 0.146249 0.866501 0.120202 0.866501 0.094154 0.866501 0.120202 0.866501 0.120202 0.814406 0.146249 0.866501 0.120202 0.866501 0.094154 0.866501 0.120202 0.866501 0.120202 0.814406 0.146249 0.866501 0.120202 0.866501 0.094154 0.866501 0.120202 0.866501 0.120202 0.814406 0.146249 0.866501 0.120202 0.866501 0.094154 0.866501 0.120202 0.866501 0.120202 0.814406 0.146249 0.866501 0.120202 0.866501 0.094154 0.866501 0.120202 0.866501 0.120202 0.814406 0.146249 0.866501 0.120202 0.866501 0.094154 0.866501 0.120202 0.866501 0.120202 0.814406 0.146249 0.866501 0.120202 0.866501 0.094154 0.866501 0.120202 0.814406 0.120202 0.866501 0.146249 0.866501 0.120202 0.866501 0.094154 0.866501 0.120202 0.814406 0.120202 0.866501 0.146249 0.866501 0.120202 0.866501 0.094154 0.866501 0.120202 0.814406 0.120202 0.866501 0.146249 0.866501 0.120202 0.866501 0.094154 0.866501 0.120202 0.814406 0.120202 0.866501 0.146249 0.866501 0.120202 0.866501 0.094154 0.866501 0.120202 0.814406 0.120202 0.866501 0.146249 0.866501 0.120202 0.866501 0.094154 0.866501 0.120202 0.814406 0.120202 0.866501 0.146249 0.866501 0.120202 0.866501 0.094154 0.866501 0.120202 0.814406 0.120202 0.866501 0.146249 0.866501 0.120202 0.866501 0.094154 0.866501 0.120202 0.814406 0.120202 0.866501 0.146249 0.866501 0.120202 0.866501 0.094154 0.866501 0.120202 0.814406 0.120202 0.866501 0.146249 0.866501 0.120202 0.866501 0.094154 0.866501 0.120202 0.814406 0.120202 0.866501 0.146249 0.866501 0.120202 0.866501 0.094154 0.866501 0.120202 0.814406 0.120202 0.866501 0.146249 0.866501 0.120202 0.866501 0.094154 0.866501 0.120202 0.814406 0.120202 0.866501 0.146249 0.866501 0.120202 0.866501 0.094154 0.866501 0.120202 0.814406 0.120202 0.866501 0.146249 0.866501 0.120202 0.866501 0.094154 0.866501 0.120202 0.814406 0.120202 0.866501 0.146249 0.866501 0.120202 0.866501 0.094154 0.866501 0.120202 0.814406 0.120202 0.866501 0.146249 0.866501 0.120202 0.866501 0.146249 0.866501 0.120202 0.814406 0.120202 0.866501 0.094154 0.866501 0.037527 0.054078 0.025876 0.022912 0.037527 0.022912 0.025876 0.011781 0.037527 0.011781 0.014772 0.011781 0.014772 0.022912 0.025876 0.054078 0.037527 0.06952 0.048858 0.054078 0.025876 0.06952 0.048858 0.06952 0.037527 0.085067 0.048858 0.085067 0.06009 0.06952 0.06009 0.054078 0.06009 0.085067 0.048858 0.09638 0.06009 0.09638 0.06009 0.109754 0.048858 0.109754 0.037527 0.09638 0.025876 0.085067 0.037527 0.109754 0.014772 0.054078 0.014772 0.06952 0.014772 0.085067 0.025876 0.09638 0.037527 0.109754 0.025876 0.109754 0.037527 0.124211 0.025876 0.124211 0.014772 0.109754 0.014772 0.124211 0.037527 0.140137 0.048858 0.124211 0.048858 0.140137 0.06009 0.140137 0.06009 0.124211 0.025876 0.140137 0.037527 0.152977 0.025876 0.152977 0.037527 0.167415 0.025876 0.167415 0.014772 0.140137 0.014772 0.152977 0.014772 0.167415 0.037527 0.182779 0.048858 0.167415 0.048858 0.182779 0.06009 0.182779 0.06009 0.167415 0.06009 0.195664 0.048858 0.195664 0.037527 0.195664 0.025876 0.182779 0.025876 0.195664 0.037527 0.20866 0.025876 0.20866 0.037527 0.224671 0.025876 0.224671 0.014772 0.195664 0.014772 0.20866 0.014772 0.224671 0.037527 0.2381 0.048858 0.224671 0.048858 0.2381 0.06009 0.2381 0.06009 0.224671 0.025876 0.2381 0.037527 0.251683 0.025876 0.251683 0.014772 0.2381 0.014772 0.251683 0.037527 0.267237 0.048858 0.251683 0.048858 0.267237 0.06009 0.267237 0.06009 0.251683 0.06009 0.281372 0.048858 0.281372 0.037527 0.281372 0.025876 0.267237 0.025876 0.281372 0.037527 0.296146 0.025876 0.296146 0.014772 0.281372 0.014772 0.296146 0.037527 0.30717 0.048858 0.296146 0.048858 0.30717 0.06009 0.30717 0.06009 0.296146 0.025876 0.30717 0.014772 0.30717 0.037527 0.368033 0.037527 0.355442 0.048858 0.355442 0.025876 0.355442 0.025876 0.368033 0.014772 0.355442 0.014772 0.368033 0.037527 0.379663 0.048858 0.368033 0.048858 0.379663 0.06009 0.379663 0.06009 0.368033 0.06009 0.355442 0.06009 0.401533 0.048858 0.401533 0.06009 0.420198 0.048858 0.420198 0.037527 0.401533 0.037527 0.420198 0.025876 0.379663 0.025876 0.401533 0.070999 0.401533 0.070999 0.379663 0.070999 0.368033 0.070999 0.355442 0.06009 0.342659 0.070999 0.342659 0.070999 0.30717 0.070999 0.296146 0.070999 0.281372 0.070999 0.267237 0.070999 0.251683 0.070999 0.2381 0.070999 0.224671 0.070999 0.20866 0.06009 0.20866 0.070999 0.195664 0.070999 0.182779 0.070999 0.167415 0.070999 0.152977 0.06009 0.152977 0.070999 0.140137 0.070999 0.124211 0.070999 0.109754 0.070999 0.09638 0.070999 0.085067 0.070999 0.06952 0.070999 0.054078 0.06009 0.022912 0.070999 0.022912 0.048858 0.011781 0.048858 0.022912 0.004822 0.022912 0.004822 0.054078 0.004822 0.06952 0.014772 0.09638 0.004822 0.085067 0.004822 0.09638 0.004822 0.109754 0.004822 0.124211 0.004822 0.140137 0.004822 0.152977 0.004822 0.167415 0.014772 0.182779 0.004822 0.182779 0.004822 0.195664 0.004822 0.20866 0.004822 0.224671 0.004822 0.2381 0.004822 0.251683 0.014772 0.267237 0.004822 0.267237 0.004822 0.281372 0.004822 0.296146 0.004822 0.30717 0.004822 0.342659 0.014772 0.342659 0.004822 0.355442 0.004822 0.368033 0.014772 0.379663 0.014772 0.401533 0.004822 0.379663 0.004822 0.401533 0.048858 0.152977 0.048858 0.140137 0.048858 0.20866 0.048858 0.09638 0.06009 0.109754 0.06009 0.09638 0.048858 0.109754 0.037527 0.09638 0.037527 0.109754 0.037527 0.085067 0.025876 0.085067 0.037527 0.06952 0.025876 0.04075 0.025876 0.06952 0.037527 0.04075 0.025876 0.011781 0.037527 0.011781 0.014772 0.011781 0.014772 0.04075 0.014772 0.06952 0.025876 0.09638 0.025876 0.109754 0.037527 0.124211 0.025876 0.124211 0.014772 0.109754 0.014772 0.124211 0.037527 0.140137 0.048858 0.124211 0.048858 0.140137 0.06009 0.140137 0.06009 0.124211 0.025876 0.140137 0.037527 0.152977 0.025876 0.152977 0.037527 0.167415 0.025876 0.167415 0.014772 0.140137 0.014772 0.152977 0.014772 0.167415 0.037527 0.182779 0.048858 0.167415 0.048858 0.182779 0.06009 0.182779 0.06009 0.167415 0.06009 0.195664 0.048858 0.195664 0.037527 0.195664 0.025876 0.182779 0.025876 0.195664 0.037527 0.20866 0.025876 0.20866 0.037527 0.224671 0.025876 0.224671 0.014772 0.195664 0.014772 0.20866 0.014772 0.224671 0.037527 0.2381 0.048858 0.224671 0.048858 0.2381 0.06009 0.2381 0.06009 0.224671 0.025876 0.2381 0.037527 0.251683 0.025876 0.251683 0.014772 0.2381 0.014772 0.251683 0.037527 0.267237 0.048858 0.251683 0.048858 0.267237 0.06009 0.267237 0.06009 0.251683 0.06009 0.281372 0.048858 0.281372 0.037527 0.281372 0.025876 0.267237 0.025876 0.281372 0.037527 0.296146 0.025876 0.296146 0.014772 0.281372 0.014772 0.296146 0.037527 0.30717 0.048858 0.296146 0.048858 0.30717 0.06009 0.30717 0.06009 0.296146 0.025876 0.30717 0.014772 0.30717 0.037527 0.368033 0.037527 0.355442 0.025876 0.355442 0.048858 0.355442 0.025876 0.368033 0.014772 0.355442 0.014772 0.368033 0.037527 0.379663 0.048858 0.368033 0.048858 0.379663 0.06009 0.379663 0.06009 0.368033 0.06009 0.355442 0.06009 0.401533 0.048858 0.401533 0.06009 0.420198 0.048858 0.420198 0.037527 0.401533 0.037527 0.420198 0.025876 0.379663 0.025876 0.401533 0.070999 0.401533 0.070999 0.379663 0.070999 0.368033 0.070999 0.355442 0.06009 0.342659 0.070999 0.342659 0.070999 0.30717 0.070999 0.296146 0.070999 0.281372 0.070999 0.267237 0.070999 0.251683 0.070999 0.2381 0.070999 0.224671 0.070999 0.20866 0.06009 0.20866 0.070999 0.195664 0.070999 0.182779 0.070999 0.167415 0.070999 0.152977 0.06009 0.152977 0.070999 0.140137 0.070999 0.124211 0.070999 0.109754 0.070999 0.09638 0.06009 0.085067 0.070999 0.085067 0.06009 0.06952 0.048858 0.085067 0.070999 0.06952 0.070999 0.04075 0.06009 0.04075 0.070999 0.011781 0.06009 0.011781 0.048858 0.011781 0.048858 0.04075 0.048858 0.06952 0.037527 0.109754 0.014772 0.085067 0.014772 0.09638 0.004822 0.06952 0.004822 0.04075 0.004822 0.011781 0.004822 0.085067 0.004822 0.09638 0.004822 0.109754 0.004822 0.124211 0.004822 0.140137 0.004822 0.152977 0.004822 0.167415 0.014772 0.182779 0.025876 0.195664 0.004822 0.182779 0.004822 0.195664 0.004822 0.20866 0.004822 0.224671 0.004822 0.2381 0.004822 0.251683 0.014772 0.267237 0.004822 0.267237 0.004822 0.281372 0.004822 0.296146 0.004822 0.30717 0.014772 0.342659 0.004822 0.342659 0.004822 0.355442 0.004822 0.368033 0.014772 0.379663 0.014772 0.401533 0.004822 0.379663 0.004822 0.401533 0.048858 0.152977 0.048858 0.20866 0.048858 0.54606 0.06009 0.53295 0.048858 0.53295 0.06009 0.54606 0.037527 0.53295 0.037527 0.54606 0.025876 0.54606 0.025876 0.53295 0.025876 0.559891 0.037527 0.559891 0.014772 0.559891 0.014772 0.54606 0.014772 0.53295 0.025876 0.573791 0.037527 0.573791 0.025876 0.587154 0.037527 0.587154 0.025876 0.601573 0.037527 0.601573 0.025876 0.615813 0.037527 0.615813 0.025876 0.629885 0.037527 0.629885 0.048858 0.573791 0.048858 0.559891 0.06009 0.559891 0.06009 0.573791 0.014772 0.629885 0.014772 0.615813 0.014772 0.601573 0.014772 0.587154 0.014772 0.573791 0.048858 0.629885 0.037527 0.89235 0.025876 0.89235 0.025876 0.903879 0.037527 0.903879 0.014772 0.89235 0.004822 0.903879 0.014772 0.903879 0.004822 0.89235 0.004822 0.615813 0.004822 0.629885 0.004822 0.601573 0.004822 0.587154 0.004822 0.573791 0.004822 0.559891 0.004822 0.54606 0.004822 0.53295 0.038294 0.54619 0.049945 0.532704 0.038294 0.532704 0.026963 0.532704 0.049945 0.54619 0.061049 0.532704 0.061049 0.54619 0.038294 0.559748 0.026963 0.54619 0.026963 0.559748 0.015731 0.559748 0.015731 0.54619 0.015731 0.532704 0.049945 0.559748 0.038294 0.573732 0.049945 0.573732 0.061049 0.559748 0.061049 0.573732 0.038294 0.587002 0.026963 0.573732 0.026963 0.587002 0.015731 0.587002 0.015731 0.573732 0.015731 0.603736 0.026963 0.603736 0.038294 0.603736 0.049945 0.587002 0.049945 0.603736 0.038294 0.615063 0.049945 0.615063 0.061049 0.603736 0.061049 0.615063 0.070999 0.573732 0.070999 0.559748 0.061049 0.587002 0.070999 0.615063 0.070999 0.603736 0.070999 0.54619 0.070999 0.532704 0.070999 0.51838 0.061049 0.51838 0.049945 0.51838 0.070999 0.587002 0.06009 0.615813 0.06009 0.629885 0.070999 0.629885 0.070999 0.615813 0.06009 0.601573 0.070999 0.601573 0.06009 0.587154 0.070999 0.587154 0.070999 0.573791 0.048858 0.615813 0.048858 0.601573 0.048858 0.587154 0.070999 0.559891 0.070999 0.54606 0.070999 0.53295 0.004822 0.532704 0.015731 0.51838 0.004822 0.54619 0.004822 0.51838 0.004822 0.559748 0.004822 0.573732 0.004822 0.587002 0.004822 0.603736 0.015731 0.615063 0.004821 0.615063 0.026963 0.615063 0.004822 0.679978 0.014772 0.711153 0.004822 0.71101 0.014772 0.679978 0.014772 0.772801 0.004822 0.772818 0.025876 0.679978 0.025876 0.711317 0.037527 0.711586 0.037527 0.679978 0.048858 0.711826 0.048858 0.679978 0.048858 0.772763 0.037527 0.772764 0.06009 0.679978 0.06009 0.712062 0.070999 0.712358 0.070999 0.679978 0.06009 0.772767 0.070999 0.77278 0.025876 0.772776 0.037527 0.840734 0.048858 0.840679 0.06009 0.840638 0.070999 0.840601 0.070999 0.876233 0.06009 0.876691 0.048858 0.876927 0.025876 0.840828 0.037527 0.876988 0.025876 0.876919 0.014772 0.840906 0.004822 0.840984 0.014772 0.876714 0.038616 0.992213 0.004822 0.876364 0.038616 0.992213 0.004822 0.582846 0.014772 0.598155 0.004822 0.598023 0.014772 0.582846 0.025876 0.582846 0.037527 0.598363 0.025876 0.598263 0.037527 0.582846 0.048858 0.598477 0.048858 0.582846 0.06009 0.582846 0.070999 0.598631 0.06009 0.598556 0.070999 0.582846 0.06009 0.667987 0.06009 0.63887 0.070999 0.63887 0.070999 0.667883 0.048858 0.66803 0.048858 0.63887 0.037527 0.667995 0.048858 0.702755 0.037527 0.702698 0.025876 0.667865 0.025876 0.63887 0.037527 0.63887 0.014772 0.667694 0.014772 0.63887 0.004822 0.667386 0.014772 0.702427 0.004822 0.702173 0.048858 0.743953 0.06009 0.702749 0.06009 0.744003 0.070999 0.702701 0.037527 0.743912 0.048858 0.781157 0.037527 0.781185 0.070999 0.744072 0.025876 0.743904 0.025876 0.702575 0.014772 0.743917 0.004822 0.743961 0.014772 0.781384 0.004822 0.781584 0.06009 0.816021 0.06009 0.781179 0.070999 0.781237 0.070999 0.816067 0.048858 0.816018 0.037527 0.816082 0.048858 0.844994 0.037527 0.845038 0.025876 0.816213 0.025876 0.781272 0.014772 0.816369 0.004822 0.816634 0.014772 0.845299 0.004822 0.845551 0.048858 0.86778 0.06009 0.845013 0.06009 0.867867 0.070999 0.845076 0.070999 0.868007 0.037527 0.867745 0.048858 0.884397 0.037527 0.884306 0.025876 0.867805 0.025876 0.845154 0.014772 0.867913 0.004822 0.868129 0.014772 0.884362 0.004822 0.884497 0.06009 0.895815 0.06009 0.884517 0.070999 0.884685 0.048858 0.895669 0.070999 0.896013 0.025876 0.895529 0.014772 0.895571 0.025876 0.884307 0.037527 0.895551 0.048858 0.934781 0.037527 0.93436 0.06009 0.935076 0.070999 0.934978 0.066151 0.956921 0.058064 0.956523 0.048705 0.956295 0.025876 0.934814 0.039845 0.956278 0.028201 0.956182 0.014772 0.934996 0.018974 0.956377 0.036811 0.973284 0.036811 0.973284 0.00887 0.956835 0.004822 0.934793 0.004822 0.895694 0.094154 0.866501 0.120202 0.866501 0.120202 0.814406 0.146249 0.866501 0.120202 0.866501 0.094154 0.866501 0.120202 0.866501 0.120202 0.814406 0.146249 0.866501 0.120202 0.866501 0.120202 0.866501 0.146249 0.866501 0.120202 0.814406 0.120202 0.866501 0.120202 0.866501 0.146249 0.866501 0.120202 0.814406 0.094154 0.866501 0.120202 0.866501 0.120202 0.814406 0.146249 0.866501 0.120202 0.866501 0.094154 0.866501 0.120202 0.866501 0.120202 0.814406 0.146249 0.866501 0.120202 0.866501 0.094154 0.866501 0.120202 0.866501 0.120202 0.814406 0.146249 0.866501 0.120202 0.866501 0.094154 0.866501 0.120202 0.866501 0.120202 0.814406 0.146249 0.866501 0.120202 0.866501 0.094154 0.866501 0.120202 0.866501 0.120202 0.814406 0.146249 0.866501 0.120202 0.866501 0.443243 0.399256 0.414409 0.414172 0.481029 0.419652 0.481029 0.386944 0.351603 0.414172 0.381788 0.414172 0.362269 0.400664 0.387949 0.401272 0.362269 0.400664 0.349263 0.395799 0.337581 0.403347 0.349263 0.395799 0.346819 0.388495 0.329873 0.399048 0.443243 0.399256 0.387949 0.401272 0.414409 0.414172 0.381788 0.414172 0.392224 0.381465 0.387949 0.401272 0.443243 0.399256 0.443199 0.381465 0.443167 0.362197 0.392224 0.381465 0.481029 0.386944 0.39369 0.362197 0.443217 0.345374 0.388965 0.351967 0.370881 0.358494 0.375843 0.369125 0.481029 0.36398 0.481029 0.350853 0.387949 0.401272 0.37724 0.382124 0.362269 0.400664 0.349263 0.395799 0.359415 0.373494 0.346819 0.388495 0.443199 0.381465 0.443243 0.399256 0.443243 0.399256 0.481029 0.419652 0.414409 0.414172 0.481029 0.386944 0.351603 0.414172 0.362269 0.400665 0.381788 0.414172 0.38795 0.401272 0.349262 0.3958 0.362269 0.400665 0.337581 0.403347 0.349262 0.3958 0.346819 0.388497 0.329873 0.399048 0.443243 0.399256 0.414409 0.414172 0.38795 0.401272 0.381788 0.414172 0.392224 0.381465 0.443243 0.399256 0.38795 0.401272 0.443199 0.381465 0.443167 0.362197 0.392224 0.381465 0.481029 0.386944 0.39369 0.362197 0.388965 0.351967 0.375841 0.369128 0.370878 0.358501 0.443217 0.345374 0.481029 0.350853 0.481029 0.36398 0.38795 0.401272 0.377239 0.382126 0.362269 0.400665 0.349262 0.3958 0.359412 0.373498 0.365478 0.381072 0.443217 0.345374 0.443254 0.3339 0.443199 0.381465 0.443243 0.399256 0.087334 0.205358 0.117293 0.241815 0.114785 0.211921 0.100336 0.17509 0.087334 0.17509 0.137389 0.214018 0.143342 0.242781 0.120764 0.17509 0.100278 0.544822 0.112931 0.537127 0.11423 0.507179 0.087334 0.546551 0.087334 0.507179 0.111999 0.546276 0.142902 0.546167 0.160487 0.208896 0.143342 0.242781 0.165171 0.239898 0.187585 0.205358 0.187585 0.232773 0.178152 0.17509 0.147739 0.17509 0.137389 0.214018 0.120764 0.17509 0.269346 0.482449 0.298691 0.482449 0.269346 0.499111 0.298691 0.499111 0.249711 0.499111 0.249711 0.482449 0.269346 0.445164 0.249266 0.22751 0.257897 0.266343 0.250609 0.266422 0.269346 0.499111 0.298691 0.499111 0.269346 0.516085 0.298691 0.516085 0.249711 0.516085 0.249711 0.499111 0.229415 0.499111 0.229415 0.516085 0.210465 0.499111 0.210465 0.516085 0.229415 0.499111 0.229415 0.482449 0.249711 0.499111 0.249711 0.482449 0.229415 0.445164 0.249711 0.445164 0.249266 0.22751 0.240642 0.266422 0.231336 0.266422 0.117226 0.241802 0.087334 0.232773 0.100336 0.17509 0.114618 0.211885 0.137036 0.213951 0.120764 0.17509 0.100326 0.544822 0.112931 0.537127 0.112027 0.546378 0.160725 0.209132 0.187585 0.232773 0.165097 0.239826 0.187585 0.205358 0.178152 0.17509 0.143276 0.242768 0.137036 0.213951 0.147739 0.17509 0.120764 0.17509 0.298691 0.499111 0.269346 0.499111 0.269346 0.482449 0.249711 0.499111 0.249711 0.482449 0.249711 0.445164 0.250609 0.266422 0.257897 0.266343 0.298691 0.499111 0.269346 0.516085 0.269346 0.499111 0.249711 0.516085 0.249711 0.499111 0.229415 0.499111 0.229415 0.516085 0.229415 0.499111 0.210465 0.482449 0.210465 0.499111 0.249711 0.499111 0.229415 0.482449 0.249711 0.482449 0.229415 0.445164 0.240642 0.266422 0.346819 0.388495 0.323975 0.359205 0.329873 0.399048 0.323975 0.359205 0.343833 0.331815 0.323975 0.331815 0.323975 0.359205 0.346819 0.388497 0.329873 0.399048 0.443217 0.345374 0.481029 0.350853 0.443254 0.3339 0.443217 0.345374 0.443254 0.3339 0.495145 0.836339 0.449546 0.836339 0.495165 0.823854 0.449388 0.823854 0.54025 0.836339 0.540403 0.823854 0.450122 0.849624 0.526581 0.849624 0.494858 0.849624 0.495145 0.836339 0.526581 0.849624 0.494858 0.849624 0.54025 0.836339 0.540403 0.823854 0.495165 0.823854 0.450122 0.849624 0.449546 0.836339 0.449388 0.823854 0.495165 0.713335 0.534352 0.760489 0.495052 0.760489 0.495165 0.823854 0.540403 0.823854 0.456936 0.760489 0.449388 0.823854 0.449388 0.823854 0.456936 0.760489 0.495165 0.823854 0.495052 0.760489 0.534352 0.760489 0.540403 0.823854 0.495165 0.713335 0.353818 0.68182 0.316793 0.713409 0.316793 0.68182 0.386642 0.688576 0.349904 0.713409 0.379207 0.718803 0.404997 0.724728 0.415145 0.694889 0.396164 0.754944 0.371568 0.749377 0.387121 0.782987 0.364418 0.777017 0.373617 0.822541 0.355036 0.817605 0.342398 0.774017 0.337395 0.814605 0.316793 0.812957 0.34596 0.742202 0.316793 0.74218 0.404997 0.724728 0.43083 0.731912 0.440283 0.704134 0.420369 0.761732 0.396164 0.754944 0.387121 0.782987 0.404751 0.838169 0.425119 0.798425 0.439533 0.768415 0.453872 0.739537 0.462779 0.732176 0.495165 0.823854 0.495145 0.836339 0.449388 0.823854 0.449546 0.836339 0.494858 0.849624 0.450122 0.849624 0.526581 0.849624 0.54025 0.836339 0.540403 0.823854 0.495165 0.823854 0.449388 0.823854 0.534352 0.760489 0.540403 0.823854 0.359153 0.906648 0.349566 0.899149 0.340948 0.89892 0.328597 0.901782 0.330207 0.885799 0.31633 0.901782 0.316793 0.884209 0.331604 0.869022 0.316793 0.866034 0.333908 0.844374 0.316793 0.844374 0.337395 0.814605 0.316793 0.812957 0.355036 0.817605 0.343165 0.888599 0.364028 0.894979 0.375623 0.897439 0.382299 0.899457 0.369503 0.913191 0.375619 0.917476 0.349566 0.899149 0.359153 0.906648 0.31633 0.907153 0.271661 0.647431 0.310662 0.68182 0.273637 0.68182 0.310662 0.647431 0.275394 0.615264 0.310662 0.615264 0.286882 0.585627 0.310662 0.585627 0.310662 0.552257 0.310662 0.713409 0.276207 0.713409 0.238764 0.690485 0.229537 0.660584 0.267577 0.64851 0.222545 0.627908 0.203184 0.665504 0.197803 0.633315 0.256182 0.615846 0.200621 0.600555 0.217623 0.595152 0.238604 0.586956 0.214099 0.559264 0.21231 0.695736 0.245334 0.716476 0.218224 0.721378 0.277854 0.742136 0.310662 0.74213 0.250667 0.745395 0.22541 0.749563 0.256198 0.773694 0.263773 0.812242 0.284527 0.811941 0.280313 0.772422 0.310662 0.812957 0.310662 0.772906 0.194568 0.757147 0.186342 0.734053 0.175241 0.708501 0.199505 0.666583 0.162226 0.680486 0.185069 0.638871 0.150509 0.653296 0.162333 0.609884 0.138685 0.622751 0.183729 0.785207 0.194568 0.757147 0.172742 0.7651 0.186342 0.734053 0.163576 0.743573 0.175241 0.708501 0.150457 0.716202 0.162226 0.680486 0.138794 0.687134 0.150509 0.653296 0.132098 0.65702 0.237251 0.89867 0.234349 0.893864 0.25594 0.89323 0.251019 0.884885 0.271966 0.897728 0.284527 0.811941 0.310662 0.844235 0.310662 0.812957 0.289645 0.904821 0.290849 0.895944 0.310662 0.901782 0.310662 0.884209 0.310662 0.866034 0.207758 0.88749 0.216007 0.893437 0.234349 0.893864 0.220929 0.882169 0.207758 0.88749 0.210969 0.87179 0.222 0.872667 0.23879 0.876355 0.495145 0.836339 0.495165 0.823854 0.54025 0.836339 0.540403 0.823854 0.449546 0.836339 0.449388 0.823854 0.526581 0.849624 0.450122 0.849624 0.494858 0.849624 0.540403 0.823854 0.495165 0.823854 0.534352 0.760489 0.495052 0.760489 0.456936 0.760489 0.449388 0.823854 0.495165 0.713335 0.353818 0.68182 0.316793 0.713409 0.349904 0.713409 0.386642 0.688576 0.379207 0.718803 0.404997 0.724728 0.415145 0.694889 0.396164 0.754944 0.371568 0.749377 0.387121 0.782987 0.364418 0.777017 0.373617 0.822541 0.355036 0.817605 0.342398 0.774017 0.337395 0.814605 0.316793 0.812957 0.34596 0.742202 0.316793 0.74218 0.404997 0.724728 0.43083 0.731912 0.420369 0.761732 0.396164 0.754944 0.387121 0.782987 0.404751 0.838169 0.425119 0.798425 0.439533 0.768415 0.453872 0.739537 0.440283 0.704134 0.462779 0.732176 0.495165 0.823854 0.540403 0.823854 0.495145 0.836339 0.54025 0.836339 0.494858 0.849624 0.526581 0.849624 0.450122 0.849624 0.449546 0.836339 0.449388 0.823854 0.495165 0.823854 0.540403 0.823854 0.456936 0.760489 0.449388 0.823854 0.359153 0.906648 0.349566 0.899149 0.340948 0.89892 0.328597 0.901782 0.330207 0.885799 0.316793 0.884209 0.31633 0.901782 0.331604 0.869022 0.316793 0.866034 0.333908 0.844374 0.316793 0.844374 0.337395 0.814605 0.316793 0.812957 0.355036 0.817605 0.343165 0.888599 0.364028 0.894979 0.375623 0.897439 0.382299 0.899457 0.369503 0.913191 0.375619 0.917476 0.349566 0.899149 0.359153 0.906648 0.31633 0.907153 0.271661 0.647431 0.310662 0.68182 0.310662 0.647431 0.273637 0.68182 0.275394 0.615264 0.310662 0.615264 0.286882 0.585627 0.310662 0.585627 0.310662 0.552257 0.310662 0.713409 0.238764 0.690485 0.276207 0.713409 0.229537 0.660584 0.267577 0.64851 0.222545 0.627908 0.203184 0.665504 0.197803 0.633315 0.256182 0.615846 0.200621 0.600555 0.217623 0.595152 0.238604 0.586956 0.214099 0.559264 0.21231 0.695736 0.245334 0.716476 0.218224 0.721378 0.22541 0.749563 0.250667 0.745395 0.277854 0.742136 0.310662 0.74213 0.256198 0.773694 0.263773 0.812242 0.284527 0.811941 0.280313 0.772422 0.310662 0.812957 0.310662 0.772906 0.194568 0.757147 0.186342 0.734053 0.175241 0.708501 0.199505 0.666583 0.162226 0.680486 0.185069 0.638871 0.150509 0.653296 0.162333 0.609884 0.138685 0.622751 0.183729 0.785207 0.194568 0.757147 0.172742 0.7651 0.186342 0.734053 0.163576 0.743573 0.175241 0.708501 0.150457 0.716202 0.162226 0.680486 0.138794 0.687134 0.150509 0.653296 0.132098 0.65702 0.237251 0.89867 0.234349 0.893864 0.25594 0.89323 0.251019 0.884885 0.271966 0.897728 0.284527 0.811941 0.310662 0.844235 0.310662 0.812957 0.289645 0.904821 0.310662 0.901782 0.290849 0.895944 0.310662 0.884209 0.310662 0.866034 0.207758 0.88749 0.216007 0.893437 0.234349 0.893864 0.220929 0.882169 0.207758 0.88749 0.210969 0.87179 0.222 0.872667 0.23879 0.876355 0.829536 0.971508 0.8297 0.902217 0.9741 0.965217 0.840067 0.918535 0.847976 0.936372 0.839776 0.953653 0.840101 0.970957 0.829536 0.971508 0.830266 0.953847 0.830705 0.936932 0.839442 0.936692 0.471439 0.455344 0.483229 0.440984 0.471487 0.441003 0.457805 0.455285 0.458893 0.440983 0.448084 0.452928 0.443944 0.470879 0.449519 0.440949 0.478887 0.515259 0.472379 0.526952 0.466329 0.529433 0.409716 0.432411 0.421801 0.433505 0.435565 0.448831 0.426823 0.435649 0.436628 0.506286 0.428215 0.518722 0.432606 0.51981 0.436787 0.518691 0.391185 0.497502 0.97409 0.945456 0.994289 0.964851 0.994267 0.94463 0.994226 0.931949 0.994182 0.920434 0.974004 0.919655 0.994162 0.906194 0.994266 0.94463 0.994226 0.931949 0.97411 0.932735 0.994183 0.920434 0.974028 0.919945 0.441325 0.518447 0.44641 0.51636 0.451909 0.506865 0.445942 0.529346 0.404535 0.531217 0.415422 0.515388 0.485881 0.524255 0.492521 0.512886 0.480307 0.52671 0.485869 0.50912 0.403418 0.528167 0.403167 0.513023 0.390721 0.513323 0.390721 0.528384 0.458337 0.52301 0.464535 0.512848 0.453299 0.525434 0.426443 0.526437 0.41691 0.52668 0.426437 0.512619 0.508455 0.438943 0.422344 0.539032 0.829764 0.952321 0.829536 0.971508 0.850672 0.90202 0.9741 0.965217 0.850672 0.90202 0.840067 0.918535 0.847976 0.936372 0.839776 0.953653 0.830266 0.953847 0.830705 0.936932 0.839442 0.936692 0.840186 0.902119 0.50179 0.439727 0.504222 0.453943 0.490582 0.441084 0.493733 0.45632 0.485783 0.455143 0.471439 0.455344 0.483229 0.440984 0.471487 0.441003 0.457805 0.455285 0.458893 0.440983 0.448084 0.452928 0.443944 0.470879 0.449519 0.440949 0.478887 0.515259 0.472379 0.526952 0.466329 0.529433 0.472376 0.511592 0.409716 0.432411 0.421801 0.433505 0.435565 0.448831 0.426823 0.435649 0.428215 0.518722 0.432606 0.51981 0.436697 0.530452 0.432951 0.5285 0.432973 0.534818 0.428737 0.530407 0.994289 0.964851 0.994267 0.94463 0.994226 0.931949 0.994182 0.920434 0.974004 0.919655 0.994162 0.906194 0.994266 0.94463 0.994289 0.964851 0.994226 0.931949 0.97411 0.932735 0.994183 0.920434 0.974028 0.919945 0.44641 0.51636 0.441325 0.518447 0.445942 0.529346 0.441611 0.529355 0.445946 0.533373 0.450729 0.529207 0.451177 0.518453 0.451909 0.506865 0.404535 0.531217 0.409684 0.518486 0.41513 0.530942 0.485881 0.524255 0.492521 0.512886 0.480307 0.52671 0.485869 0.50912 0.403418 0.528167 0.391185 0.497502 0.390721 0.513323 0.397521 0.515368 0.390721 0.528384 0.464535 0.512848 0.41691 0.52668 0.508455 0.438943 0.741649 0.669473 0.798862 0.669473 0.805624 0.698344 0.855538 0.669473 0.908284 0.632101 0.907965 0.669473 0.994891 0.67403 0.994891 0.632101 0.857728 0.698344 0.930609 0.497964 0.966835 0.446819 0.930439 0.471105 0.92943 0.459773 0.994891 0.446819 0.985759 0.423303 0.894037 0.498022 0.848333 0.501736 0.801787 0.515417 0.806298 0.495093 0.758072 0.488277 0.762492 0.46363 0.768795 0.653202 0.769498 0.619705 0.741409 0.639883 0.705688 0.639882 0.717684 0.619622 0.705732 0.619622 0.706769 0.603669 0.712174 0.669473 0.71671 0.684514 0.713902 0.698344 0.705015 0.715358 0.703923 0.915688 0.673386 0.934798 0.659527 0.966191 0.659527 0.981925 0.649834 0.967586 0.571167 0.851139 0.473648 0.972768 0.471821 0.989084 0.616782 0.00488 0.653873 0.00488 0.64501 0.024162 0.634093 0.049322 0.601008 0.030459 0.701577 0.00488 0.701485 0.00488 0.652356 0.00488 0.644867 0.023735 0.615968 0.00488 0.609943 0.016571 0.634093 0.049322 0.658278 0.068605 0.590461 0.01636 0.590461 0.004176 0.690871 0.095808 0.718402 0.095485 0.702595 0.105189 0.729311 0.117791 0.750038 0.118276 0.750282 0.127668 0.768976 0.118304 0.750795 0.099515 0.775478 0.099092 0.770582 0.127752 0.751063 0.139236 0.768406 0.139216 0.784415 0.127792 0.780524 0.139214 0.782464 0.11832 0.78962 0.099281 0.731258 0.139161 0.731258 0.128031 0.707639 0.139184 0.706876 0.118019 0.703354 0.128054 0.775408 0.099038 0.768757 0.118247 0.770386 0.12782 0.768569 0.139226 0.750618 0.127852 0.750684 0.139208 0.731258 0.139313 0.731258 0.12812 0.729138 0.117527 0.750385 0.118162 0.720186 0.094511 0.751277 0.099439 0.626982 0.133201 0.60545 0.129489 0.626982 0.103578 0.60545 0.10614 0.648657 0.133305 0.648657 0.102869 0.59807 0.123584 0.59807 0.111909 0.655564 0.132702 0.655564 0.104158 0.855049 0.241399 0.806136 0.246066 0.829457 0.241399 0.855049 0.249232 0.880641 0.248355 0.829457 0.247861 0.994891 0.408353 0.966136 0.433795 0.928024 0.445687 0.890457 0.451611 0.892938 0.476981 0.662341 0.610913 0.684029 0.644531 0.662349 0.644531 0.684029 0.685882 0.662349 0.685882 0.629634 0.685882 0.629634 0.644531 0.601601 0.685882 0.603069 0.638861 0.579051 0.685882 0.579051 0.636197 0.579051 0.610836 0.580513 0.5504 0.994891 0.433451 0.994891 0.446819 0.994891 0.417704 0.985759 0.423303 0.758072 0.488277 0.762492 0.46363 0.806298 0.495093 0.801787 0.515417 0.848333 0.501736 0.894037 0.498022 0.930609 0.497964 0.930439 0.471105 0.966835 0.446819 0.92943 0.459773 0.908284 0.632101 0.855538 0.669473 0.907965 0.669473 0.994891 0.67403 0.994891 0.632101 0.798862 0.669473 0.805624 0.698344 0.857728 0.698344 0.768795 0.653202 0.769498 0.619705 0.761689 0.597406 0.739702 0.619623 0.764981 0.619592 0.718938 0.616188 0.691854 0.589894 0.739524 0.634879 0.766214 0.649268 0.703847 0.619623 0.691895 0.619623 0.703803 0.639883 0.691895 0.639883 0.691895 0.669473 0.710289 0.669473 0.714825 0.684514 0.691895 0.698344 0.712017 0.698344 0.70313 0.715359 0.691895 0.720632 0.679904 0.415904 0.741649 0.669473 0.741409 0.639883 0.705688 0.639882 0.717684 0.619622 0.705732 0.619622 0.706769 0.603669 0.712174 0.669473 0.71671 0.684514 0.713902 0.698344 0.705015 0.715358 0.703923 0.915688 0.673386 0.934798 0.659527 0.966191 0.659527 0.981925 0.649834 0.967586 0.571167 0.851139 0.473648 0.972768 0.471821 0.989084 0.616782 0.00488 0.653873 0.00488 0.64501 0.024162 0.634093 0.049322 0.601008 0.030459 0.701577 0.00488 0.701485 0.00488 0.652356 0.00488 0.644867 0.023735 0.615968 0.00488 0.609943 0.016571 0.634093 0.049322 0.690871 0.095808 0.718402 0.095485 0.702595 0.105189 0.729311 0.117791 0.750038 0.118276 0.750282 0.127668 0.768976 0.118304 0.750795 0.099515 0.775478 0.099092 0.770582 0.127752 0.751063 0.139236 0.768406 0.139216 0.784415 0.127792 0.780524 0.139214 0.782464 0.11832 0.78962 0.099281 0.731258 0.139161 0.731258 0.128031 0.707639 0.139184 0.706876 0.118019 0.703354 0.128054 0.794298 0.071215 0.775408 0.099038 0.768757 0.118247 0.770386 0.12782 0.780524 0.139214 0.768569 0.139226 0.750618 0.127852 0.750684 0.139208 0.731258 0.139313 0.731258 0.12812 0.729138 0.117527 0.750385 0.118162 0.720186 0.094511 0.751277 0.099439 0.706876 0.118019 0.702595 0.105189 0.626982 0.133201 0.626982 0.103578 0.60545 0.129489 0.60545 0.10614 0.648657 0.133305 0.648657 0.102869 0.59807 0.123584 0.59807 0.111909 0.655564 0.132702 0.655564 0.104158 0.925983 0.004036 0.946853 0.004036 0.970954 0.004036 0.994366 0.004036 0.855053 0.004036 0.829465 0.004036 0.806144 0.004036 0.855049 0.241399 0.806136 0.246066 0.829457 0.241399 0.855049 0.249232 0.880641 0.248355 0.829457 0.247861 0.994891 0.408353 0.994891 0.417704 0.966136 0.433795 0.928024 0.445687 0.890457 0.451611 0.892938 0.476981 0.662341 0.610913 0.662349 0.644531 0.662349 0.685882 0.629634 0.685882 0.629634 0.644531 0.601601 0.685882 0.603069 0.638861 0.761689 0.597406 0.739702 0.619623 0.764981 0.619592 0.718938 0.616188 0.739524 0.634879 0.766214 0.649268 0.703847 0.619623 0.703803 0.639883 0.710289 0.669473 0.714825 0.684514 0.712017 0.698344 0.70313 0.715359 0.647188 0.691228 0.683127 0.691228 0.687207 0.709903 0.647189 0.691228 0.683127 0.691228 0.687207 0.709903 0.803324 0.842061 0.821743 0.866003 0.094154 0.866501 0.120202 0.866501 0.120202 0.814406 0.146249 0.866501 0.120202 0.866501 0.094154 0.866501 0.120202 0.866501 0.120202 0.814406 0.146249 0.866501 0.120202 0.866501 0.094154 0.866501 0.120202 0.866501 0.120202 0.814406 0.146249 0.866501 0.120202 0.866501 0.094154 0.866501 0.120202 0.866501 0.120202 0.814406 0.146249 0.866501 0.120202 0.866501 0.094154 0.866501 0.120202 0.866501 0.120202 0.814406 0.146249 0.866501 0.120202 0.866501 0.094154 0.866501 0.120202 0.866501 0.120202 0.814406 0.146249 0.866501 0.120202 0.866501 0.094154 0.866501 0.120202 0.866501 0.120202 0.814406 0.146249 0.866501 0.120202 0.866501 0.094154 0.866501 0.120202 0.814406 0.120202 0.866501 0.146249 0.866501 0.120202 0.866501 0.094154 0.866501 0.120202 0.814406 0.120202 0.866501 0.146249 0.866501 0.120202 0.866501 0.094154 0.866501 0.120202 0.814406 0.120202 0.866501 0.146249 0.866501 0.120202 0.866501 0.094154 0.866501 0.120202 0.814406 0.120202 0.866501 0.146249 0.866501 0.120202 0.866501 0.120202 0.866501 0.094154 0.866501 0.120202 0.866501 0.120202 0.814406 0.146249 0.866501 0.120202 0.866501 0.094154 0.866501 0.120202 0.866501 0.120202 0.814406 0.146249 0.866501 0.120202 0.866501 0.037527 0.318462 0.025876 0.318462 0.014772 0.318462 0.037527 0.329072 0.048858 0.318462 0.048858 0.329072 0.06009 0.329072 0.06009 0.318462 0.025876 0.329072 0.037527 0.342659 0.025876 0.342659 0.014772 0.329072 0.048858 0.342659 0.06009 0.4333 0.048858 0.4333 0.037527 0.4333 0.025876 0.420198 0.025876 0.4333 0.037527 0.446104 0.025876 0.446104 0.014772 0.4333 0.014772 0.446104 0.037527 0.457768 0.048858 0.446104 0.048858 0.457768 0.06009 0.457768 0.06009 0.446104 0.025876 0.457768 0.037527 0.469835 0.025876 0.469835 0.014772 0.457768 0.014772 0.469835 0.037527 0.482357 0.048858 0.469835 0.048858 0.482357 0.06009 0.482357 0.06009 0.469835 0.025876 0.482357 0.037527 0.49527 0.025876 0.49527 0.014772 0.482357 0.014772 0.49527 0.037527 0.505647 0.048858 0.49527 0.048858 0.505647 0.06009 0.505647 0.06009 0.49527 0.025876 0.505647 0.037527 0.518237 0.025876 0.518237 0.014772 0.505647 0.014772 0.518237 0.004822 0.49527 0.004822 0.482357 0.004822 0.518237 0.004822 0.505647 0.004822 0.469835 0.070999 0.505647 0.06009 0.518237 0.070999 0.518237 0.070999 0.49527 0.070999 0.482357 0.070999 0.469835 0.070999 0.457768 0.070999 0.446104 0.070999 0.4333 0.070999 0.420198 0.070999 0.329072 0.070999 0.318462 0.070999 0.011781 0.06009 0.011781 0.004822 0.011781 0.004822 0.318462 0.004822 0.329072 0.014772 0.420198 0.004822 0.420198 0.004822 0.4333 0.004822 0.446104 0.004822 0.457768 0.048858 0.518237 0.037527 0.318462 0.025876 0.318462 0.014772 0.318462 0.037527 0.329072 0.048858 0.318462 0.048858 0.329072 0.06009 0.329072 0.06009 0.318462 0.025876 0.329072 0.037527 0.342659 0.025876 0.342659 0.014772 0.329072 0.048858 0.342659 0.06009 0.4333 0.048858 0.4333 0.037527 0.4333 0.025876 0.420198 0.025876 0.4333 0.037527 0.446104 0.025876 0.446104 0.014772 0.4333 0.014772 0.446104 0.037527 0.457768 0.048858 0.446104 0.048858 0.457768 0.06009 0.457768 0.06009 0.446104 0.025876 0.457768 0.037527 0.469835 0.025876 0.469835 0.014772 0.457768 0.014772 0.469835 0.037527 0.482357 0.048858 0.469835 0.048858 0.482357 0.06009 0.482357 0.06009 0.469835 0.025876 0.482357 0.037527 0.49527 0.025876 0.49527 0.014772 0.482357 0.014772 0.49527 0.037527 0.505647 0.048858 0.49527 0.048858 0.505647 0.06009 0.505647 0.06009 0.49527 0.025876 0.505647 0.037527 0.518237 0.025876 0.518237 0.014772 0.505647 0.014772 0.518237 0.004822 0.49527 0.004822 0.482357 0.004822 0.518237 0.004822 0.505647 0.004822 0.469835 0.070999 0.505647 0.06009 0.518237 0.070999 0.518237 0.070999 0.49527 0.070999 0.482357 0.070999 0.469835 0.070999 0.457768 0.070999 0.446104 0.070999 0.4333 0.070999 0.420198 0.070999 0.329072 0.070999 0.318462 0.004822 0.318462 0.004822 0.329072 0.014772 0.420198 0.004822 0.420198 0.004822 0.4333 0.004822 0.446104 0.004822 0.457768 0.048858 0.518237 0.025876 0.644996 0.037527 0.644996 0.025876 0.658135 0.037527 0.658135 0.048858 0.644996 0.06009 0.644996 0.025876 0.673506 0.037527 0.673506 0.048858 0.673506 0.048858 0.658135 0.025876 0.688659 0.037527 0.688659 0.014772 0.688659 0.014772 0.673506 0.025876 0.700907 0.037527 0.700907 0.025876 0.713689 0.037527 0.713689 0.048858 0.700907 0.048858 0.688659 0.06009 0.688659 0.06009 0.700907 0.014772 0.713689 0.014772 0.700907 0.025876 0.72774 0.037527 0.72774 0.025876 0.740612 0.037527 0.740612 0.048858 0.72774 0.014772 0.740612 0.014772 0.72774 0.025876 0.752341 0.037527 0.752341 0.025876 0.764353 0.037527 0.764353 0.048858 0.752341 0.048858 0.740612 0.06009 0.740612 0.06009 0.752341 0.014772 0.764353 0.014772 0.752341 0.025876 0.776744 0.037527 0.776744 0.025876 0.788931 0.037527 0.788931 0.048858 0.776744 0.048858 0.764353 0.06009 0.764353 0.06009 0.776744 0.014772 0.788931 0.014772 0.776744 0.025876 0.799496 0.037527 0.799496 0.025876 0.810352 0.037527 0.810352 0.048858 0.799496 0.048858 0.788931 0.014772 0.810352 0.014772 0.799496 0.025876 0.821132 0.037527 0.821132 0.025876 0.83427 0.037527 0.83427 0.048858 0.821132 0.048858 0.810352 0.06009 0.810352 0.06009 0.821132 0.025876 0.852666 0.037527 0.852666 0.025876 0.869956 0.037527 0.869956 0.048858 0.852666 0.048858 0.83427 0.014772 0.869956 0.014772 0.852666 0.014772 0.83427 0.025876 0.881855 0.037527 0.881855 0.048858 0.881855 0.048858 0.869956 0.06009 0.869956 0.06009 0.881855 0.014772 0.881855 0.048858 0.903879 0.048858 0.89235 0.06009 0.89235 0.06009 0.903879 0.004822 0.881855 0.070999 0.89235 0.070999 0.881855 0.004822 0.869956 0.004822 0.852666 0.004822 0.83427 0.004822 0.821132 0.014772 0.821132 0.004822 0.810352 0.004822 0.799496 0.004822 0.788931 0.004822 0.776744 0.004822 0.764353 0.004822 0.752341 0.004822 0.740612 0.004822 0.72774 0.004822 0.713689 0.004822 0.700907 0.004822 0.688659 0.004822 0.673506 0.004822 0.658135 0.014772 0.658135 0.014772 0.644996 0.004822 0.644996 0.026963 0.51838 0.038294 0.51838 0.06009 0.788931 0.070999 0.788931 0.070999 0.776744 0.06009 0.799496 0.048858 0.799496 0.048858 0.810352 0.070999 0.799496 0.070999 0.810352 0.070999 0.821132 0.070999 0.83427 0.06009 0.83427 0.070999 0.852666 0.06009 0.852666 0.070999 0.869956 0.048858 0.713689 0.06009 0.713689 0.06009 0.72774 0.070999 0.740612 0.070999 0.72774 0.070999 0.752341 0.070999 0.764353 0.070999 0.713689 0.070999 0.700907 0.070999 0.688659 0.06009 0.673506 0.070999 0.673506 0.06009 0.658135 0.070999 0.658135 0.070999 0.644996 0.048858 0.72774 0.070999 0.903879 0.070999 0.616865 0.06009 0.616844 0.048858 0.616804 0.037527 0.616713 0.025876 0.616602 0.014772 0.616481 0.004822 0.616289 0.004822 0.63887 0.094154 0.866501 0.094154 0.866501 0.120202 0.866501 0.094154 0.866501 0.120202 0.866501 0.120202 0.814406 0.146249 0.866501 0.120202 0.866501 0.094154 0.866501 0.120202 0.866501 0.120202 0.814406 0.146249 0.866501 0.120202 0.866501 0.094154 0.866501 0.120202 0.866501 0.120202 0.814406 0.146249 0.866501 0.120202 0.866501 0.094154 0.866501 0.120202 0.866501 0.120202 0.814406 0.146249 0.866501 0.120202 0.866501 0.094154 0.866501 0.120202 0.866501 0.120202 0.814406 0.146249 0.866501 0.120202 0.866501 0.094154 0.866501 0.120202 0.866501 0.120202 0.814406 0.146249 0.866501 0.120202 0.866501 0.094154 0.866501 0.120202 0.866501 0.120202 0.814406 0.146249 0.866501 0.120202 0.866501 0.094154 0.866501 0.120202 0.866501 0.120202 0.814406 0.146249 0.866501 0.120202 0.866501 0.094154 0.866501 0.120202 0.866501 0.120202 0.814406 0.146249 0.866501 0.120202 0.866501 0.094154 0.866501 0.120202 0.866501 0.120202 0.814406 0.146249 0.866501 0.120202 0.866501 0.094154 0.866501 0.120202 0.866501 0.120202 0.814406 0.146249 0.866501 0.120202 0.866501 0.094154 0.866501 0.120202 0.866501 0.120202 0.814406 0.146249 0.866501 0.120202 0.866501 0.094154 0.866501 0.120202 0.866501 0.120202 0.814406 0.146249 0.866501 0.120202 0.866501 0.094154 0.866501 0.120202 0.866501 0.120202 0.814406 0.146249 0.866501 0.120202 0.866501 0.094154 0.866501 0.120202 0.866501 0.120202 0.814406 0.146249 0.866501 0.120202 0.866501 0.094154 0.866501 0.120202 0.866501 0.120202 0.814406 0.146249 0.866501 0.120202 0.866501 0.094154 0.866501 0.120202 0.866501 0.120202 0.814406 0.146249 0.866501 0.120202 0.866501 0.094154 0.866501 0.120202 0.866501 0.120202 0.814406 0.146249 0.866501 0.120202 0.866501 0.094154 0.866501 0.120202 0.866501 0.120202 0.814406 0.146249 0.866501 0.120202 0.866501 0.094154 0.866501 0.120202 0.866501 0.120202 0.814406 0.146249 0.866501 0.120202 0.866501 0.146249 0.866501 0.094154 0.866501 0.120202 0.866501 0.120202 0.814406 0.146249 0.866501 0.120202 0.866501 0.094154 0.866501 0.120202 0.866501 0.120202 0.814406 0.146249 0.866501 0.120202 0.866501 0.094154 0.866501 0.120202 0.866501 0.120202 0.814406 0.146249 0.866501 0.120202 0.866501 0.094154 0.866501 0.120202 0.866501 0.120202 0.814406 0.146249 0.866501 0.120202 0.866501 0.094154 0.866501 0.120202 0.866501 0.120202 0.814406 0.146249 0.866501 0.120202 0.866501 0.094154 0.866501 0.120202 0.866501 0.120202 0.814406 0.146249 0.866501 0.120202 0.866501 0.094154 0.866501 0.120202 0.866501 0.120202 0.814406 0.146249 0.866501 0.120202 0.866501 0.094154 0.866501 0.120202 0.866501 0.120202 0.814406 0.146249 0.866501 0.120202 0.866501 0.094154 0.866501 0.120202 0.866501 0.120202 0.814406 0.146249 0.866501 0.120202 0.866501 0.094154 0.866501 0.120202 0.866501 0.120202 0.814406 0.146249 0.866501 0.120202 0.866501 0.094154 0.866501 0.120202 0.814406 0.120202 0.866501 0.146249 0.866501 0.120202 0.866501 0.094154 0.866501 0.120202 0.866501 0.120202 0.814406 0.146249 0.866501 0.120202 0.866501 0.094154 0.866501 0.120202 0.814406 0.120202 0.866501 0.146249 0.866501 0.120202 0.866501 0.094154 0.866501 0.120202 0.866501 0.120202 0.814406 0.146249 0.866501 0.120202 0.866501 0.094154 0.866501 0.120202 0.866501 0.120202 0.814406 0.146249 0.866501 0.120202 0.866501 0.094154 0.866501 0.120202 0.814406 0.120202 0.866501 0.146249 0.866501 0.120202 0.866501 0.37724 0.382124 0.365479 0.38107 0.359415 0.373494 0.360004 0.350813 0.376263 0.331815 0.443217 0.345374 0.365479 0.38107 0.349263 0.395799 0.362166 0.331815 0.362228 0.310048 0.377239 0.382126 0.359412 0.373498 0.359976 0.350805 0.376263 0.331815 0.481029 0.36398 0.365478 0.381072 0.349262 0.3958 0.346819 0.388497 0.481029 0.350853 0.117458 0.469591 0.087334 0.469591 0.118596 0.426367 0.087334 0.426367 0.087334 0.387925 0.118596 0.387925 0.118596 0.348962 0.087334 0.348962 0.147107 0.348962 0.147107 0.387925 0.118596 0.306152 0.087334 0.306152 0.087334 0.276431 0.118596 0.276431 0.147107 0.306152 0.147107 0.426367 0.147107 0.469591 0.147107 0.276431 0.147107 0.507179 0.111999 0.546276 0.147107 0.507179 0.16804 0.523983 0.16804 0.507179 0.16804 0.469591 0.147107 0.469591 0.16804 0.426367 0.187585 0.426367 0.187585 0.387925 0.16804 0.387925 0.187585 0.348962 0.16804 0.348962 0.147107 0.387925 0.147107 0.348962 0.16804 0.306152 0.147107 0.306152 0.187585 0.306152 0.147107 0.426367 0.187585 0.469591 0.16804 0.276431 0.147107 0.276431 0.187585 0.276431 0.187585 0.232773 0.187585 0.507179 0.187585 0.523983 0.16804 0.523983 0.17475 0.546597 0.186078 0.546597 0.184174 0.548051 0.170891 0.546551 0.249711 0.445164 0.302155 0.445164 0.249711 0.404329 0.269346 0.404329 0.249711 0.349795 0.269346 0.349795 0.300231 0.349795 0.303694 0.404329 0.292992 0.316231 0.267157 0.317492 0.273216 0.266422 0.249266 0.22751 0.249711 0.316231 0.210465 0.445164 0.229415 0.404329 0.210465 0.404329 0.229415 0.349795 0.249711 0.349795 0.249711 0.404329 0.210465 0.349795 0.249711 0.316231 0.229415 0.316231 0.250609 0.266422 0.249266 0.22751 0.210465 0.316231 0.117458 0.469591 0.11423 0.507179 0.118596 0.426367 0.118596 0.387925 0.118596 0.348962 0.147107 0.348962 0.147107 0.387925 0.118596 0.306152 0.118596 0.276431 0.147107 0.306152 0.147107 0.426367 0.147107 0.469591 0.147107 0.276431 0.143276 0.242768 0.147107 0.507179 0.142902 0.546167 0.112027 0.546378 0.187585 0.387925 0.16804 0.387925 0.16804 0.348962 0.147107 0.387925 0.147107 0.348962 0.16804 0.306152 0.147107 0.306152 0.187585 0.306152 0.16804 0.426367 0.147107 0.426367 0.16804 0.469591 0.147107 0.469591 0.16804 0.276431 0.147107 0.276431 0.187585 0.276431 0.187585 0.232773 0.16804 0.507179 0.16804 0.523983 0.17475 0.546597 0.170891 0.546551 0.186078 0.546597 0.184174 0.548052 0.147107 0.507179 0.16804 0.523983 0.142902 0.546167 0.170891 0.546551 0.269346 0.445164 0.249711 0.404329 0.269346 0.404329 0.249711 0.349795 0.269346 0.349795 0.267157 0.317492 0.249711 0.316231 0.273216 0.266422 0.249711 0.445164 0.229415 0.404329 0.229415 0.349795 0.249711 0.349795 0.249711 0.404329 0.229415 0.316231 0.250609 0.266422 0.249711 0.316231 0.342263 0.356388 0.360004 0.350813 0.342263 0.356388 0.346819 0.388495 0.342062 0.309586 0.343833 0.331815 0.362228 0.310048 0.362166 0.331815 0.323975 0.309693 0.323975 0.331815 0.342062 0.309586 0.343833 0.331815 0.342263 0.356388 0.360004 0.350813 0.343833 0.331815 0.362166 0.331815 0.342263 0.356388 0.343833 0.331815 0.323975 0.331815 0.342062 0.309586 0.323975 0.309693 0.359976 0.350805 0.342261 0.356393 0.346819 0.388497 0.342261 0.356393 0.362119 0.331815 0.343833 0.331815 0.362228 0.310048 0.342062 0.309586 0.342261 0.356393 0.323975 0.359205 0.343833 0.331815 0.323975 0.331815 0.342261 0.356393 0.343833 0.331815 0.359976 0.350805 0.362119 0.331815 0.360004 0.350813 0.376263 0.331815 0.362166 0.331815 0.376263 0.331815 0.362119 0.331815 0.362228 0.310048 0.359976 0.350805 0.362119 0.331815 0.436628 0.506286 0.432373 0.508369 0.436787 0.518691 0.415422 0.515388 0.403167 0.513023 0.316793 0.772223 0.316793 0.68182 0.316793 0.772223</float_array>
          <technique_common>
            <accessor source="#GeometrySource2-array" count="6072" stride="2">
              <param name="S" type="float"/>
              <param name="T" type="float"/>
            </accessor>
          </technique_common>
        </source>
        <source id="GeometrySource3" name="chr057Clr">
          <float_array id="GeometrySource3-array" count="24288">0 1 0 0 0 1 0 0 0 0 0 1 0 1 0 0 0 1 0 0 0 0 0 1 0 0 0 1 0 0 0 1 0 1 0 0 0 1 0 0 0 0 0 1 0 1 0 0 0 0 0 1 0 1 0 0 0 1 0 0 0 0 0 1 0 0 0 1 0 1 0 0 0 0 0 1 0 0 0 1 0 1 0 0 0 0 0 1 0 1 0 0 0 0 0 1 0 0 0 1 0 1 0 0 0 1 0 0 0 1 0 0 0 0 0 1 0 1 0 0 0 0 0 1 0 1 0 0 0 0 0 1 0 0 0 1 0 1 0 0 0 0 0 1 0 1 0 0 0 0 0 1 0 1 0 0 0 0 0 1 0 0 0 1 0 1 0 0 0 0 0 1 0 1 0 0 0 1 0 0 0 1 0 0 0 0 0 1 0 1 0 0 0 1 0 0 0 0 0 1 0 0 0 1 0 1 0 0 0 0 0 1 0 1 0 0 0 0 0 1 0 1 0 0 0 0 0 1 0 1 0 0 0 0 0 1 0 1 0 0 0 0 0 1 0 1 0 0 0 1 0 0 0 0 0 1 0 1 0 0 0 0 0 1 0 1 0 0 0 0 0 1 0 1 0 0 0 1 0 0 0 1 0 0 0 0 0 1 0 1 0 0 0 1 0 0 0 0 0 1 0 1 0 0 0 0 0 1 0 1 0 0 0 0 0 1 0 0 0 1 0 1 0 0 0 1 0 0 0 0 0 1 0 1 0 0 0 0 0 1 0 0 0 1 0 0 0 1 0 1 0 0 0 1 0 0 0 0 0 1 0 1 0 0 0 0 0 1 0 1 0 0 0 0 0 1 0 1 0 0 0 0 0 1 0 1 0 0 0 0 0 1 0 1 0 0 0 0 0 1 0 1 0 0 0 0 0 1 0 1 0 0 0 0 0 1 0 1 0 0 0 0 0 1 0 1 0 0 0 0 0 1 0 1 0 0 0 1 0 0 0 0 0 1 0 0 0 1 0 1 0 0 0 0 0 1 0 0 0 1 0 1 0 0 0 1 0 0 0 0 0 1 0 1 0 0 0 0 0 1 0 1 0 0 0 0 0 1 0 1 0 0 0 0 0 1 0 1 0 0 0 0 0 1 0 0 0 1 0 1 0 0 0 1 0 0 0 0 0 1 0 1 0 0 0 0 0 1 0 1 0 0 0 1 0 0 0 0 0 1 0 0 0 1 0 1 0 0 0 0 0 1 0 1 0 0 0 0 0 1 0 1 0 0 0 0 0 1 0 1 0 0 0 0 0 1 0 1 0 0 0 0 0 1 0 1 0 0 0 0 0 1 0 1 0 0 0 0 0 1 0 1 0 0 0 0 0 1 0 0 0 1 0 1 0 0 0 1 0 0 0 0 0 1 0 1 0 0 0 0 0 1 0 1 0 0 0 0 0 1 0 1 0 0 0 0 0 1 0 1 0 0 0 0 0 1 0 0 0 1 0 1 0 0 0 1 0 0 0 0 0 1 0 1 0 0 0 0 0 1 0 1 0 0 0 0 0 1 0 1 0 0 0 0 0 1 0 1 0 0 0 0 0 1 0 1 0 0 0 0 0 1 0 1 0 0 0 0 0 1 0 1 0 0 0 0 0 1 0 1 0 0 0 0 0 1 0 1 0 0 0 0 0 1 0 1 0 0 0 0 0 1 0 1 0 0 0 1 0 0 0 0 0 1 0 1 0 0 0 0 0 1 0 1 0 0 0 0 0 1 0 1 0 0 0 0 0 1 0 1 0 0 0 0 0 1 0 1 0 0 0 0 0 1 0 1 0 0 0 0 0 1 0 1 0 0 0 0 0 1 0 1 0 0 0 0 0 1 0 1 0 0 0 1 0 0 0 0 0 1 0 0 0 1 0 1 0 0 0 0 0 1 0 1 0 0 0 0 0 1 0 1 0 0 0 0 0 1 0 1 0 0 0 0 0 1 0 1 0 0 0 0 0 1 0 1 0 0 0 0 0 1 0 1 0 0 0 0 0 1 0 1 0 0 0 0 0 1 0 1 0 0 0 0 0 1 0 0 0 1 0 1 0 0 0 0 0 1 0 1 0 0 0 0 0 1 0 1 0 0 0 0 0 1 0 1 0 0 0 0 0 1 0 1 0 0 0 0 0 1 0 1 0 0 0 0 0 1 0 1 0 0 0 0 0 1 0 1 0 0 0 0 0 1 0 1 0 0 0 0 0 1 0 1 0 0 0 0 0 1 0 1 0 0 0 0 0 1 0 0 0 1 0 1 0 0 0 1 0 0 0 0 0 1 0 0 0 1 0 0 0 1 0 1 0 0 0 1 0 0 0 0 0 1 0 0 0 1 0 1 0 0 0 0 0 1 0 1 0 0 0 0 0 1 0 1 0 0 0 0 0 1 0 1 0 0 0 0 0 1 0 1 0 0 0 0 0 1 0 1 0 0 0 0 0 1 0 1 0 0 0 0 0 1 0 1 0 0 0 0 0 1 0 1 0 0 0 0 0 1 0 1 0 0 0 0 0 1 0 1 0 0 0 0 0 1 0 1 0 0 0 0 0 1 0 1 0 0 0 0 0 1 0 1 0 0 0 0 0 1 0 1 0 0 0 0 0 1 0 1 0 0 0 0 0 1 0 1 0 0 0 0 0 1 0 1 0 0 0 1 0 0 0 0 0 1 0 0 0 1 0 1 0 0 0 0 0 1 0 1 0 0 0 0 0 1 0 1 0 0 0 0 0 1 0 1 0 0 0 0 0 1 0 1 0 0 0 0 0 1 0 1 0 0 0 0 0 1 0 1 0 0 0 0 0 1 0 1 0 0 0 0 0 1 0 1 0 0 0 0 0 1 0 1 0 0 0 0 0 1 0 1 0 0 0 0 0 1 0 1 0 0 0 0 0 1 0 1 0 0 0 0 0 1 0 1 0 0 0 0 0 1 0 1 0 0 0 0 0 1 0 1 0 0 0 0 0 1 0 1 0 0 0 0 0 1 0 1 0 0 0 0 0 1 0 1 0 0 0 0 0 1 0 1 0 0 0 0 0 1 0 0 0 1 0 0 0 1 0 1 0 0 0 1 0 0 0 0 0 1 0 0 0 1 0 1 0 0 0 0 0 1 0 1 0 0 0 0 0 1 0 0 0 1 0 1 0 0 0 1 0 0 0 0 0 1 0 1 0 0 0 1 0 0 0 0 0 1 0 1 0 0 0 0 0 1 0 1 0 0 0 1 0 0 0 0 0 1 0 0 0 1 0 0 0 1 0 0 0 1 0 1 0 0 0 1 0 0 0 0 0 1 0 1 0 0 0 1 0 0 0 0 0 1 0 1 0 0 0 0 0 1 0 1 0 0 0 0 0 1 0 1 0 0 0 1 0 0 0 0 0 1 0 1 0 0 0 0 0 1 0 0 0 1 0 1 0 0 0 0 0 1 0 0 0 1 0 0 0 1 0 1 0 0 0 1 0 0 0 0 0 1 0 1 0 0 0 0 0 1 0 1 0 0 0 0 0 1 0 1 0 0 0 0 0 1 0 1 0 0 0 1 0 0 0 0 0 1 0 0 0 1 0 1 0 0 0 0 0 1 0 0 0 1 0 1 0 0 0 0 0 1 0 1 0 0 0 0 0 1 0 0 0 1 0 1 0 0 0 0 0 1 0 0 0 1 0 0 0 1 0 1 0 0 0 0 0 1 0 0 0 1 0 1 0 0 0 1 0 0 0 1 0 0 0 0 0 1 0 1 0 0 0 0 0 1 0 0 0 1 0 1 0 0 0 1 0 0 0 1 0 0 0 0 0 1 0 0 0 1 0 1 0 0 0 0 0 1 0 1 0 0 0 0 0 1 0 1 0 0 0 0 0 1 0 1 0 0 0 0 0 1 0 1 0 0 0 0 0 1 0 1 0 0 0 0 0 1 0 1 0 0 0 0 0 1 0 1 0 0 0 0 0 1 0 0 0 1 0 1 0 0 0 1 0 0 0 0 0 1 0 1 0 0 0 0 0 1 0 1 0 0 0 0 0 1 0 1 0 0 0 0 0 1 0 1 0 0 0 0 0 1 0 1 0 0 0 0 0 1 0 1 0 0 0 1 0 0 0 0 0 1 0 0 0 1 0 1 0 0 0 0 0 1 0 1 0 0 0 0 0 1 0 0 0 1 0 1 0 0 0 1 0 0 0 0 0 1 0 1 0 0 0 0 0 1 0 1 0 0 0 0 0 1 0 1 0 0 0 0 0 1 0 1 0 0 0 0 0 1 0 1 0 0 0 0 0 1 0 1 0 0 0 0 0 1 0 1 0 0 0 0 0 1 0 1 0 0 0 1 0 0 0 1 0 0 0 0 0 1 0 0 0 1 0 0 0 1 0 1 0 0 0 0 0 1 0 0 0 1 0 1 0 0 0 1 0 0 0 0 0 1 0 1 0 0 0 1 0 0 0 0 0 1 0 0 0 1 0 1 0 0 0 0 0 1 0 1 0 0 0 0 0 1 0 1 0 0 0 0 0 1 0 1 0 0 0 0 0 1 0 1 0 0 0 0 0 1 0 1 0 0 0 0 0 1 0 1 0 0 0 0 0 1 0 1 0 0 0 0 0 1 0 1 0 0 0 0 0 1 0 1 0 0 0 0 0 1 0 1 0 0 0 0 0 1 0 0 0 1 0 1 0 0 0 0 0 1 0 1 0 0 0 0 0 1 0 1 0 0 0 0 0 1 0 1 0 0 0 0 0 1 0 1 0 0 0 0 0 1 0 1 0 0 0 0 0 1 0 1 0 0 0 0 0 1 0 1 0 0 0 0 0 1 0 1 0 0 0 0 0 1 0 0 0 1 0 1 0 0 0 1 0 0 0 0 0 1 0 1 0 0 0 0 0 1 0 1 0 0 0 0 0 1 0 1 0 0 0 0 0 1 0 1 0 0 0 0 0 1 0 1 0 0 0 0 0 1 0 1 0 0 0 0 0 1 0 1 0 0 0 0 0 1 0 1 0 0 0 0 0 1 0 1 0 0 0 1 0 0 0 0 0 1 0 1 0 0 0 0 0 1 0 1 0 0 0 0 0 1 0 1 0 0 0 0 0 1 0 1 0 0 0 0 0 1 0 1 0 0 0 0 0 1 0 1 0 0 0 0 0 1 0 1 0 0 0 0 0 1 0 1 0 0 0 0 0 1 0 1 0 0 0 0 0 1 0 1 0 0 0 0 0 1 0 1 0 0 0 0 0 1 0 0 0 1 0 1 0 0 0 1 0 0 0 1 0 0 0 0 0 1 0 0 0 1 0 1 0 0 0 1 0 0 0 0 0 1 0 1 0 0 0 0 0 1 0 1 0 0 0 0 0 1 0 1 0 0 0 0 0 1 0 1 0 0 0 0 0 1 0 1 0 0 0 0 0 1 0 1 0 0 0 0 0 1 0 1 0 0 0 0 0 1 0 1 0 0 0 0 0 1 0 1 0 0 0 0 0 1 0 1 0 0 0 0 0 1 0 1 0 0 0 0 0 1 0 1 0 0 0 0 0 1 0 1 0 0 0 0 0 1 0 1 0 0 0 0 0 1 0 1 0 0 0 0 0 1 0 1 0 0 0 0 0 1 0 1 0 0 0 0 0 1 0 0 0 1 0 1 0 0 0 1 0 0 0 0 0 1 0 1 0 0 0 0 0 1 0 1 0 0 0 0 0 1 0 1 0 0 0 0 0 1 0 1 0 0 0 0 0 1 0 1 0 0 0 0 0 1 0 1 0 0 0 0 0 1 0 1 0 0 0 0 0 1 0 1 0 0 0 0 0 1 0 1 0 0 0 0 0 1 0 1 0 0 0 0 0 1 0 1 0 0 0 0 0 1 0 1 0 0 0 0 0 1 0 1 0 0 0 0 0 1 0 1 0 0 0 0 0 1 0 1 0 0 0 0 0 1 0 1 0 0 0 0 0 1 0 1 0 0 0 0 0 1 0 1 0 0 0 0 0 1 0 0 0 1 0 1 0 0 0 1 0 0 0 0 0 1 0 1 0 0 0 0 0 1 0 1 0 0 0 0 0 1 0 1 0 0 0 0 0 1 0 1 0 0 0 0 0 1 0 0 0 1 0 0 0 1 0 1 0 0 0 0 0 1 0 1 0 0 0 0 0 1 0 1 0 0 0 0 0 1 0 1 0 0 0 1 0 0 0 0 0 1 0 1 0 0 0 0 0 1 0 1 0 0 0 0 0 1 0 0 0 1 0 1 0 0 0 1 0 0 0 1 0 0 0 0 0 1 0 1 0 0 0 0 0 1 0 1 0 0 0 0 0 1 0 1 0 0 0 0 0 1 0 1 0 0 0 0 0 1 0 1 0 0 0 1 0 0 0 0 0 1 0 1 0 0 0 0 0 1 0 1 0 0 0 0 0 1 0 1 0 0 0 1 0 0 0 0 0 1 0 0 0 1 0 1 0 0 0 0 0 1 0 1 0 0 0 0 0 1 0 1 0 0 0 0 0 1 0 0 0 1 0 1 0 0 0 0 0 1 0 1 0 0 0 1 0 0 0 0 0 1 0 0 0 1 0 0 0 1 0 1 0 0 0 0 0 1 0 0 0 1 0 1 0 0 0 0 0 1 0 1 0 0 0 0 0 1 0 1 0 0 0 0 0 1 0 1 0 0 0 1 0 0 0 1 0 0 0 0 0 1 0 0 0 1 0 0 0 1 0 1 0 0 0 0 0 1 0 1 0 0 0 0 0 1 0 1 0 0 0 1 0 0 0 1 0 0 0 0 0 1 0 0 0 1 0 1 0 0 0 1 0 0 0 0 0 1 0 1 0 0 0 0 0 1 0 0 0 1 0 0 0 1 0 1 0 0 0 1 0 0 0 0 0 1 0 1 0 0 0 0 0 1 0 0 0 1 0 1 0 0 0 1 0 0 0 1 0 0 0 0 0 1 0 0 0 1 0 0 0 1 0 1 0 0 0 1 0 0 0 0 0 1 0 1 0 0 0 0 0 1 0 1 0 0 0 0 0 1 0 1 0 0 0 0 0 1 0 1 0 0 0 1 0 0 0 0 0 1 0 1 0 0 0 0 0 1 0 1 0 0 0 1 0 0 0 1 0 0 0 1 0 0 0 0 0 1 0 1 0 0 0 0 0 1 0 0 0 1 0 1 0 0 0 1 0 0 0 0 0 1 0 0 0 1 0 1 0 0 0 0 0 1 0 1 0 0 0 1 0 0 0 0 0 1 0 1 0 0 0 0 0 1 0 1 0 0 0 0 0 1 0 1 0 0 0 0 0 1 0 1 0 0 0 0 0 1 0 0 0 1 0 1 0 0 0 0 0 1 0 1 0 0 0 0 0 1 0 1 0 0 0 1 0 0 0 1 0 0 0 0 0 1 0 1 0 0 0 0 0 1 0 0 0 1 0 1 0 0 0 1 0 0 0 0 0 1 0 0 0 1 0 1 0 0 0 0 0 1 0 0 0 1 0 1 0 0 0 0 0 1 0 1 0 0 0 0 0 1 0 1 0 0 0 0 0 1 0 0 0 1 0 1 0 0 0 0 0 1 0 1 0 0 0 0 0 1 0 1 0 0 0 0 0 1 0 1 0 0 0 0 0 1 0 0 0 1 0 1 0 0 0 1 0 0 0 0 0 1 0 0 0 1 0 1 0 0 0 0 0 1 0 0 0 1 0 1 0 0 0 1 0 0 0 0 0 1 0 0 0 1 0 0 0 1 0 1 0 0 0 0 0 1 0 0 0 1 0 1 0 0 0 1 0 0 0 0 0 1 0 1 0 0 0 0 0 1 0 1 0 0 0 1 0 0 0 0 0 1 0 0 0 1 0 1 0 0 0 1 0 0 0 1 0 0 0 0 0 1 0 1 0 0 0 0 0 1 0 1 0 0 0 1 0 0 0 0 0 1 0 0 0 1 0 1 0 0 0 0 0 1 0 1 0 0 0 0 0 1 0 1 0 0 0 0 0 1 0 1 0 0 0 0 0 1 0 1 0 0 0 0 0 1 0 1 0 0 0 0 0 1 0 1 0 0 0 0 0 1 0 1 0 0 0 0 0 1 0 1 0 0 0 0 0 1 0 1 0 0 0 0 0 1 0 1 0 0 0 0 0 1 0 1 0 0 0 0 0 1 0 1 0 0 0 0 0 1 0 1 0 0 0 0 0 1 0 1 0 0 0 0 0 1 0 1 0 0 0 0 0 1 0 1 0 0 0 0 0 1 0 1 0 0 0 0 0 1 0 1 0 0 0 0 0 1 0 1 0 0 0 0 0 1 0 1 0 0 0 0 0 1 0 1 0 0 0 0 0 1 0 1 0 0 0 1 0 0 0 0 0 1 0 0 0 1 0 1 0 0 0 0 0 1 0 0 0 1 0 1 0 0 0 1 0 0 0 0 0 1 0 1 0 0 0 0 0 1 0 1 0 0 0 0 0 1 0 1 0 0 0 0 0 1 0 1 0 0 0 1 0 0 0 0 0 1 0 0 0 1 0 1 0 0 0 0 0 1 0 1 0 0 0 0 0 1 0 1 0 0 0 0 0 1 0 1 0 0 0 0 0 1 0 1 0 0 0 0 0 1 0 1 0 0 0 0 0 1 0 1 0 0 0 0 0 1 0 1 0 0 0 0 0 1 0 1 0 0 0 0 0 1 0 0 0 1 0 1 0 0 0 1 0 0 0 0 0 1 0 1 0 0 0 0 0 1 0 1 0 0 0 0 0 1 0 1 0 0 0 0 0 1 0 1 0 0 0 1 0 0 0 0 0 1 0 0 0 1 0 1 0 0 0 0 0 1 0 1 0 0 0 0 0 1 0 1 0 0 0 0 0 1 0 0 0 1 0 1 0 0 0 0 0 1 0 1 0 0 0 0 0 1 0 1 0 0 0 0 0 1 0 1 0 0 0 0 0 1 0 1 0 0 0 0 0 1 0 0 0 1 0 1 0 0 0 1 0 0 0 0 0 1 0 1 0 0 0 0 0 1 0 1 0 0 0 0 0 1 0 1 0 0 0 1 0 0 0 1 0 0 0 0 0 1 0 0 0 1 0 1 0 0 0 0 0 1 0 1 0 0 0 0 0 1 0 1 0 0 0 0 0 1 0 1 0 0 0 0 0 1 0 0 0 1 0 1 0 0 0 1 0 0 0 0 0 1 0 1 0 0 0 0 0 1 0 1 0 0 0 0 0 1 0 0 0 1 0 1 0 0 0 0 0 1 0 1 0 0 0 0 0 1 0 0 0 1 0 1 0 0 0 0 0 1 0 1 0 0 0 0 0 1 0 1 0 0 0 0 0 1 0 1 0 0 0 0 0 1 0 1 0 0 0 0 0 1 0 1 0 0 0 0 0 1 0 1 0 0 0 0 0 1 0 0 0 1 0 1 0 0 0 0 0 1 0 1 0 0 0 0 0 1 0 1 0 0 0 0 0 1 0 0 0 1 0 1 0 0 0 1 0 0 0 0 0 1 0 1 0 0 0 0 0 1 0 1 0 0 0 0 0 1 0 1 0 0 0 0 0 1 0 0 0 1 0 1 0 0 0 1 0 0 0 0 0 1 0 0 0 1 0 1 0 0 0 0 0 1 0 0 0 1 0 1 0 0 0 0 0 1 0 1 0 0 0 1 0 0 0 0 0 1 0 0 0 1 0 1 0 0 0 1 0 0 0 0 0 1 0 0 0 1 0 0 0 1 0 1 0 0 0 0 0 1 0 1 0 0 0 0 0 1 0 0 0 1 0 1 0 0 0 0 0 1 0 1 0 0 0 0 0 1 0 0 0 1 0 1 0 0 0 1 0 0 0 1 0 0 0 1 0 0 0 0 0 1 0 0 0 1 0 0 0 1 0 0 0 1 0 1 0 0 0 0 0 1 0 0 0 1 0 1 0 0 0 0 0 1 0 0 0 1 0 1 0 0 0 1 0 0 0 0 0 1 0 1 0 0 0 0 0 1 0 1 0 0 0 0 0 1 0 1 0 0 0 0 0 1 0 1 0 0 0 1 0 0 0 0 0 1 0 1 0 0 0 0 0 1 0 1 0 0 0 1 0 0 0 1 0 0 0 1 0 0 0 0 0 1 0 1 0 0 0 0 0 1 0 0 0 1 0 0 0 1 0 1 0 0 0 0 0 1 0 1 0 0 0 0 0 1 0 1 0 0 0 0 0 1 0 1 0 0 0 0 0 1 0 0 0 1 0 1 0 0 0 0 0 1 0 1 0 0 0 0 0 1 0 1 0 0 0 0 0 1 0 1 0 0 0 1 0 0 0 0 0 1 0 0 0 1 0 0 0 1 0 1 0 0 0 0 0 1 0 1 0 0 0 1 0 0 0 0 0 1 0 1 0 0 0 1 0 0 0 0 0 1 0 1 0 0 0 0 0 1 0 0 0 1 0 0 0 1 0 0 0 1 0 0 0 1 0 1 0 0 0 1 0 0 0 0 0 1 0 1 0 0 0 0 0 1 0 1 0 0 0 0 0 1 0 0 0 1 0 1 0 0 0 1 0 0 0 1 0 0 0 1 0 0 0 1 0 0 0 0 0 1 0 0 0 1 0 1 0 0 0 0 0 1 0 1 0 0 0 0 0 1 0 1 0 0 0 0 0 1 0 0 0 1 0 0 0 1 0 1 0 0 0 1 0 0 0 0 0 1 0 0 0 1 0 1 0 0 0 1 0 0 0 0 0 1 0 1 0 0 0 0 0 1 0 0 0 1 0 1 0 0 0 1 0 0 0 0 0 1 0 1 0 0 0 0 0 1 0 1 0 0 0 0 0 1 0 1 0 0 0 0 0 1 0 1 0 0 0 0 0 1 0 1 0 0 0 0 0 1 0 1 0 0 0 0 0 1 0 1 0 0 0 0 0 1 0 1 0 0 0 0 0 1 0 1 0 0 0 0 0 1 0 1 0 0 0 0 0 1 0 1 0 0 0 0 0 1 0 1 0 0 0 0 0 1 0 1 0 0 0 0 0 1 0 1 0 0 0 0 0 1 0 1 0 0 0 0 0 1 0 1 0 0 0 0 0 1 0 1 0 0 0 0 0 1 0 1 0 0 0 0 0 1 0 1 0 0 0 0 0 1 0 1 0 0 0 0 0 1 0 1 0 0 0 0 0 1 0 1 0 0 0 0 0 1 0 1 0 0 0 0 0 1 0 1 0 0 0 0 0 1 0 1 0 0 0 1 0 0 0 0 0 1 0 0 0 1 0 1 0 0 0 0 0 1 0 1 0 0 0 0 0 1 0 1 0 0 0 0 0 1 0 1 0 0 0 0 0 1 0 0 0 1 0 1 0 0 0 1 0 0 0 0 0 1 0 1 0 0 0 0 0 1 0 1 0 0 0 0 0 1 0 1 0 0 0 0 0 1 0 1 0 0 0 0 0 1 0 1 0 0 0 0 0 1 0 1 0 0 0 0 0 1 0 1 0 0 0 0 0 1 0 1 0 0 0 0 0 1 0 1 0 0 0 1 0 0 0 0 0 1 0 0 0 1 0 1 0 0 0 0 0 1 0 1 0 0 0 0 0 1 0 1 0 0 0 0 0 1 0 1 0 0 0 0 0 1 0 0 0 1 0 1 0 0 0 1 0 0 0 0 0 1 0 1 0 0 0 0 0 1 0 1 0 0 0 0 0 1 0 1 0 0 0 1 0 0 0 0 0 1 0 1 0 0 0 0 0 1 0 1 0 0 0 0 0 1 0 1 0 0 0 0 0 1 0 1 0 0 0 0 0 1 0 1 0 0 0 1 0 0 0 0 0 1 0 0 0 1 0 1 0 0 0 0 0 1 0 1 0 0 0 0 0 1 0 1 0 0 0 0 0 1 0 0 0 1 0 0 0 1 0 1 0 0 0 1 0 0 0 0 0 1 0 1 0 0 0 0 0 1 0 1 0 0 0 0 0 1 0 1 0 0 0 1 0 0 0 0 0 1 0 0 0 1 0 1 0 0 0 0 0 1 0 0 0 1 0 1 0 0 0 0 0 1 0 1 0 0 0 0 0 1 0 1 0 0 0 0 0 1 0 1 0 0 0 0 0 1 0 0 0 1 0 1 0 0 0 1 0 0 0 0 0 1 0 0 0 1 0 0 0 1 0 0 0 1 0 1 0 0 0 1 0 0 0 1 0 0 0 1 0 0 0 0 0 1 0 0 0 1 0 1 0 0 0 0 0 1 0 0 0 1 0 1 0 0 0 1 0 0 0 0 0 1 0 1 0 0 0 0 0 1 0 1 0 0 0 0 0 1 0 1 0 0 0 0 0 1 0 1 0 0 0 1 0 0 0 0 0 1 0 1 0 0 0 0 0 1 0 1 0 0 0 0 0 1 0 1 0 0 0 0 0 1 0 1 0 0 0 0 0 1 0 1 0 0 0 0 0 1 0 1 0 0 0 0 0 1 0 1 0 0 0 0 0 1 0 1 0 0 0 0 0 1 0 1 0 0 0 0 0 1 0 1 0 0 0 0 0 1 0 1 0 0 0 0 0 1 0 1 0 0 0 0 0 1 0 1 0 0 0 0 0 1 0 1 0 0 0 0 0 1 0 0 0 1 0 1 0 0 0 1 0 0 0 0 0 1 0 1 0 0 0 0 0 1 0 1 0 0 0 0 0 1 0 1 0 0 0 1 0 0 0 0 0 1 0 1 0 0 0 0 0 1 0 1 0 0 0 0 0 1 0 1 0 0 0 0 0 1 0 1 0 0 0 0 0 1 0 1 0 0 0 1 0 0 0 0 0 1 0 1 0 0 0 0 0 1 0 0 0 1 0 1 0 0 0 0 0 1 0 1 0 0 0 0 0 1 0 1 0 0 0 0 0 1 0 1 0 0 0 0 0 1 0 1 0 0 0 1 0 0 0 0 0 1 0 1 0 0 0 0 0 1 0 1 0 0 0 1 0 0 0 0 0 1 0 1 0 0 0 0 0 1 0 1 0 0 0 0 0 1 0 1 0 0 0 0 0 1 0 1 0 0 0 0 0 1 0 1 0 0 0 0 0 1 0 1 0 0 0 0 0 1 0 1 0 0 0 0 0 1 0 1 0 0 0 1 0 0 0 0 0 1 0 1 0 0 0 0 0 1 0 1 0 0 0 0 0 1 0 1 0 0 0 0 0 1 0 0 0 1 0 1 0 0 0 1 0 0 0 0 0 1 0 1 0 0 0 1 0 0 0 0 0 1 0 1 0 0 0 0 0 1 0 0 0 1 0 1 0 0 0 0 0 1 0 1 0 0 0 0 0 1 0 0 0 1 0 1 0 0 0 1 0 0 0 0 0 1 0 1 0 0 0 0 0 1 0 0 0 1 0 1 0 0 0 1 0 0 0 0 0 1 0 1 0 0 0 0 0 1 0 1 0 0 0 0 0 1 0 1 0 0 0 0 0 1 0 1 0 0 0 0 0 1 0 1 0 0 0 0 0 1 0 1 0 0 0 0 0 1 0 0 0 1 0 1 0 0 0 0 0 1 0 1 0 0 0 0 0 1 0 1 0 0 0 0 0 1 0 1 0 0 0 1 0 0 0 0 0 1 0 0 0 1 0 1 0 0 0 0 0 1 0 1 0 0 0 1 0 0 0 0 0 1 0 0 0 1 0 1 0 0 0 0 0 1 0 1 0 0 0 0 0 1 1 1 1 1 1 1 1 1 1 1 1 1 1 1 1 1 1 1 1 1 1 1 1 1 1 1 1 1 1 1 1 1 1 1 1 1 1 1 1 1 1 1 1 1 1 1 1 1 1 1 1 1 1 1 1 1 1 1 1 1 1 1 1 1 1 1 1 1 1 1 1 1 1 1 1 1 1 1 1 1 1 1 1 1 1 1 1 1 1 1 1 1 1 1 1 1 1 1 1 1 1 1 1 1 1 1 1 1 1 1 1 1 1 1 1 1 1 1 1 1 1 1 1 1 1 1 1 1 1 1 1 1 1 1 1 1 1 1 1 1 1 1 1 1 1 1 1 1 1 1 1 1 1 1 1 1 1 1 1 1 1 1 1 1 1 1 1 1 1 1 1 1 1 1 1 1 1 1 1 1 1 1 1 1 1 1 1 1 1 1 1 1 1 1 1 1 1 1 1 1 1 1 1 1 1 1 1 1 1 1 1 1 1 1 1 1 1 1 1 1 1 1 1 1 1 1 1 1 1 1 1 1 1 1 1 1 1 1 1 1 1 1 1 1 1 1 1 1 1 1 1 1 1 1 1 1 1 1 1 1 1 1 1 1 1 1 1 1 1 1 1 1 1 1 1 1 1 1 1 1 1 1 1 1 1 1 1 1 1 1 1 1 1 1 1 1 1 1 1 1 1 1 1 1 1 1 1 1 1 1 1 1 1 1 1 1 1 1 1 1 1 1 1 1 1 1 1 1 1 1 1 1 1 1 1 1 1 1 1 1 1 1 1 1 1 1 1 1 1 1 1 1 1 1 1 1 1 1 1 1 1 1 1 1 1 1 1 1 1 1 1 1 1 1 1 1 1 1 1 1 1 1 1 1 1 1 1 1 1 1 1 1 1 1 1 1 1 1 1 1 1 1 1 1 1 1 1 1 1 1 1 1 1 1 1 1 1 1 1 1 1 1 1 1 1 1 1 1 1 1 1 1 1 1 1 1 1 1 1 1 1 1 1 1 1 1 1 1 1 1 1 1 1 1 1 1 1 1 1 1 1 1 1 1 1 1 1 1 1 1 1 1 1 1 1 1 1 1 1 1 1 1 1 1 1 1 1 1 1 1 1 1 1 1 1 1 1 1 1 1 1 1 1 1 1 1 1 1 1 1 1 1 1 1 1 1 1 1 1 1 1 1 1 1 1 1 1 1 1 1 1 1 1 1 1 1 1 1 1 1 1 1 1 1 1 1 1 1 1 1 1 1 1 1 1 1 1 1 1 1 1 1 1 1 1 1 1 1 1 1 1 1 1 1 1 1 1 1 1 1 1 1 1 1 1 1 1 1 1 1 1 1 1 1 1 1 1 1 1 1 1 1 1 1 1 1 1 1 1 1 1 1 1 1 1 1 1 1 1 1 1 1 1 1 1 1 1 1 1 1 1 1 1 1 1 1 0 0 0 1 1 1 1 1 1 1 1 1 1 1 1 1 1 1 1 1 1 1 1 1 1 1 1 1 1 1 1 1 1 1 1 1 1 1 1 1 1 1 1 1 1 1 1 1 1 1 1 1 1 1 1 1 1 1 1 1 1 1 1 1 1 1 1 1 1 1 1 1 1 1 1 1 1 1 1 1 1 1 1 1 1 1 1 1 1 1 1 1 1 1 1 1 1 1 1 1 1 1 1 1 1 1 1 1 1 1 1 1 1 1 1 1 1 1 1 1 1 1 1 1 1 1 1 1 1 1 1 1 1 1 1 1 1 1 1 1 1 1 1 1 1 1 1 1 1 1 1 1 1 1 1 1 1 1 1 1 1 1 1 1 1 1 1 1 1 1 1 1 1 1 1 1 1 1 1 1 1 1 1 1 1 1 1 1 1 1 1 1 1 1 1 1 1 1 1 1 1 1 1 1 1 1 1 1 1 1 1 1 1 1 1 1 1 1 1 1 1 1 1 1 1 1 1 1 1 1 1 1 1 1 1 1 1 1 1 1 1 1 1 1 1 1 1 1 1 1 1 1 1 1 1 1 1 1 1 1 1 1 1 1 1 1 1 1 1 1 1 1 1 1 1 1 1 1 1 1 1 1 1 1 1 1 1 1 1 1 1 1 1 1 1 1 1 1 1 1 1 1 1 1 1 1 1 1 1 1 1 1 1 1 1 1 1 1 1 1 1 1 1 1 1 1 1 1 1 1 1 1 1 1 1 1 1 1 1 1 1 1 1 1 1 1 1 1 1 1 1 1 1 1 1 1 1 1 1 1 1 1 1 1 1 1 1 1 1 1 1 1 1 1 1 1 1 1 1 1 1 1 1 1 1 1 1 1 1 1 1 1 1 1 1 1 1 1 1 1 1 1 1 1 1 1 1 1 1 1 1 1 1 1 1 1 1 1 1 1 1 1 1 1 1 1 1 1 1 1 1 1 1 1 1 1 1 1 1 1 1 1 1 1 1 1 1 1 1 1 1 1 1 1 1 1 1 1 1 1 1 1 1 1 1 1 1 1 1 1 1 1 1 1 1 1 1 1 1 1 1 1 1 1 1 1 1 1 1 1 1 1 1 1 1 1 1 1 1 1 1 1 1 1 1 1 1 1 1 1 1 1 1 1 1 1 1 1 1 1 1 1 1 1 1 1 1 1 1 1 1 1 1 1 1 1 1 1 1 1 1 1 1 1 1 1 1 1 1 1 1 1 1 1 1 1 1 1 1 1 1 1 1 1 1 1 1 1 1 1 1 1 1 1 1 1 1 1 1 1 1 1 1 1 1 1 1 1 1 1 1 1 1 1 1 1 1 1 1 1 1 1 1 1 1 1 1 1 1 1 1 1 1 1 1 1 1 1 1 1 1 1 1 1 1 1 1 1 1 1 1 1 1 1 1 1 1 1 1 1 1 1 1 1 1 1 1 1 1 1 1 1 1 1 1 1 1 1 1 1 1 1 1 1 1 1 1 1 1 1 1 1 1 1 1 1 1 1 1 1 1 1 1 1 1 1 1 1 1 1 1 1 1 1 1 1 1 1 1 1 1 1 1 1 1 1 1 1 1 1 1 1 1 1 1 1 1 1 1 1 1 1 1 1 1 1 1 1 1 1 1 1 1 1 1 1 1 1 1 1 1 1 1 1 1 1 1 1 1 1 1 1 1 1 1 1 1 1 1 1 1 1 1 1 1 1 1 1 1 1 1 1 1 1 1 1 1 1 1 1 1 1 1 1 1 1 1 1 1 1 1 1 1 1 1 1 1 1 1 1 1 1 1 1 1 1 1 1 0 0 0 1 0 1 0 0 0 0 0 1 0 1 0 0 0 0 0 1 0 1 0 0 0 0 0 1 0 1 0 0 0 0 0 1 0 1 0 0 0 0 0 1 0 1 0 0 0 0 0 1 0 1 0 0 0 0 0 1 0 1 0 0 0 0 0 1 0 1 0 0 0 0 0 1 0 1 0 0 0 0 0 1 0 1 0 0 0 0 0 1 0 1 0 0 0 0 0 1 0 1 0 0 0 0 0 1 0 1 0 0 0 0 0 1 0 1 0 0 0 0 0 1 0 1 0 0 0 0 0 1 0 1 0 0 0 1 0 0 0 0 0 1 0 0 0 1 0 1 0 0 0 0 0 1 0 1 0 0 0 0 0 1 0 1 0 0 0 0 0 1 0 0 0 1 0 1 0 0 0 0 0 1 0 1 0 0 0 0 0 1 0 1 0 0 0 0 0 1 0 1 0 0 0 1 0 0 0 0 0 1 0 0 0 1 0 0 0 1 0 1 0 0 0 1 0 0 0 1 0 0 0 1 0 0 0 0 0 1 0 1 0 0 0 0 0 1 0 1 0 0 0 0 0 1 0 1 0 0 0 0 0 1 0 1 0 0 0 0 0 1 0 0 0 1 0 1 0 0 0 0 0 1 0 1 0 0 0 0 0 1 0 0 0 1 0 1 0 0 0 0 0 1 0 1 0 0 0 0 0 1 0 1 0 0 0 0 0 1 0 1 0 0 0 0 0 1 0 1 0 0 0 0 0 1 0 1 0 0 0 0 0 1 0 1 0 0 0 0 0 1 0 1 0 0 0 0 0 1 0 0 0 1 0 1 0 0 0 0 0 1 0 1 0 0 0 0 0 1 0 1 0 0 0 0 0 1 0 1 0 0 0 1 0 0 0 0 0 1 0 0 0 1 0 1 0 0 0 0 0 1 0 0 0 1 0 1 0 0 0 0 0 1 0 1 0 0 0 1 0 0 0 0 0 1 0 1 0 0 0 0 0 1 0 1 0 0 0 1 0 0 0 0 0 1 0 1 0 0 0 0 0 1 0 0 0 1 0 1 0 0 0 1 0 0 0 0 0 1 0 0 0 1 0 1 0 0 0 0 0 1 0 1 0 0 0 0 0 1 0 1 0 0 0 0 0 1 0 1 0 0 0 0 0 1 0 1 0 0 0 0 0 1 0 1 0 0 0 0 0 1 0 1 0 0 0 1 0 0 0 0 0 1 0 1 0 0 0 0 0 1 0 1 0 0 0 0 0 1 0 1 0 0 0 0 0 1 0 0 0 1 0 1 0 0 0 1 0 0 0 0 0 1 0 1 0 0 0 0 0 1 0 1 0 0 0 0 0 1 0 1 0 0 0 1 0 0 0 0 0 1 0 1 0 0 0 0 0 1 0 0 0 1 0 1 0 0 0 1 0 0 0 0 0 1 0 1 0 0 0 0 0 1 0 1 0 0 0 0 0 1 0 1 0 0 0 0 0 1 0 1 0 0 0 0 0 1 0 1 0 0 0 0 0 1 0 1 0 0 0 0 0 1 0 1 0 0 0 0 0 1 0 1 0 0 0 0 0 1 0 0 0 1 0 0 0 1 0 1 0 0 0 0 0 1 0 1 0 0 0 1 0 0 0 0 0 1 0 0 0 1 0 1 0 0 0 0 0 1 0 1 0 0 0 0 0 1 0 1 0 0 0 0 0 1 0 1 0 0 0 0 0 1 0 0 0 1 0 1 0 0 0 0 0 1 0 0 0 1 0 1 0 0 0 0 0 1 0 1 0 0 0 0 0 1 0 1 0 0 0 0 0 1 0 1 0 0 0 1 0 0 0 0 0 1 0 0 0 1 0 1 0 0 0 0 0 1 0 1 0 0 0 0 0 1 0 0 0 1 0 1 0 0 0 1 0 0 0 0 0 1 0 1 0 0 0 0 0 1 0 1 0 0 0 0 0 1 0 1 0 0 0 0 0 1 0 1 0 0 0 0 0 1 0 1 0 0 0 0 0 1 0 1 0 0 0 0 0 1 0 1 0 0 0 1 0 0 0 1 0 0 0 1 0 0 0 0 0 1 0 1 0 0 0 0 0 1 0 1 0 0 0 0 0 1 0 1 0 0 0 1 0 0 0 0 0 1 0 0 0 1 0 1 0 0 0 0 0 1 0 1 0 0 0 1 0 0 0 0 0 1 0 0 0 1 0 1 0 0 0 1 0 0 0 0 0 1 0 1 0 0 0 0 0 1 0 1 0 0 0 0 0 1 0 1 0 0 0 0 0 1 0 1 0 0 0 0 0 1 0 0 0 1 0 1 0 0 0 0 0 1 0 1 0 0 0 0 0 1 0 1 0 0 0 1 0 0 0 0 0 1 0 1 0 0 0 0 0 1 0 0 0 1 0 1 0 0 0 0 0 1 0 1 0 0 0 0 0 1 0 1 0 0 0 0 0 1 0 1 0 0 0 0 0 1 0 1 0 0 0 0 0 1 0 1 0 0 0 0 0 1 0 1 0 0 0 0 0 1 0 1 0 0 0 0 0 1 0 1 0 0 0 0 0 1 0 1 0 0 0 0 0 1 0 1 0 0 0 0 0 1 0 1 0 0 0 0 0 1 0 1 0 0 0 0 0 1 0 1 0 0 0 0 0 1 0 1 0 0 0 0 0 1 0 1 0 0 0 0 0 1 0 1 0 0 0 0 0 1 0 1 0 0 0 1 0 0 0 0 0 1 0 0 0 1 0 1 0 0 0 0 0 1 0 1 0 0 0 0 0 1 0 1 0 0 0 0 0 1 0 1 0 0 0 0 0 1 0 1 0 0 0 0 0 1 0 0 0 1 0 1 0 0 0 0 0 1 0 0 0 1 0 1 1 1 1 1 1 1 1 1 1 1 1 1 1 1 1 1 1 1 1 1 1 1 1 1 1 1 1 1 1 1 1 1 1 1 1 1 1 1 1 1 1 1 1 1 1 1 1 1 1 1 1 1 1 1 1 1 1 1 1 1 1 1 1 1 1 1 1 1 1 1 1 1 1 1 1 1 1 1 1 1 1 1 1 1 1 1 1 1 1 1 1 1 1 1 1 1 1 1 1 1 1 1 1 1 1 1 1 1 1 1 1 1 1 1 1 1 1 1 1 1 1 1 1 1 1 1 1 1 1 1 1 1 1 1 1 1 1 1 1 1 1 1 1 1 1 1 1 1 1 1 1 1 1 1 1 1 1 1 1 1 1 1 1 1 1 1 1 1 1 1 1 1 1 1 1 1 1 1 1 1 1 1 1 1 1 1 1 1 1 1 1 1 1 1 1 1 1 1 1 1 1 1 1 1 1 1 1 1 1 1 1 1 1 1 1 1 1 1 1 1 1 1 1 1 1 1 1 1 1 1 1 1 1 1 1 1 1 1 1 1 1 1 1 1 1 1 1 1 1 1 1 1 1 1 1 1 1 1 1 1 1 1 1 1 1 1 1 1 1 1 1 1 1 1 1 1 1 1 1 1 1 1 1 1 1 1 1 1 1 1 1 1 1 1 1 1 1 1 1 1 1 1 1 1 1 1 1 1 1 1 1 1 1 1 1 1 1 1 1 1 1 1 1 1 1 1 1 1 1 1 1 1 1 1 1 1 1 1 1 1 1 1 1 1 1 1 1 1 1 1 1 1 1 1 1 1 1 1 1 1 1 1 1 1 1 1 1 1 1 1 1 1 1 1 1 1 1 1 1 1 1 1 1 1 1 1 1 1 1 1 1 1 1 1 1 1 1 1 1 1 1 1 1 1 1 1 1 1 1 1 1 1 1 1 1 1 1 1 1 1 1 1 1 1 1 1 1 1 1 1 1 1 1 1 1 1 1 1 1 1 1 1 1 1 1 1 1 1 1 1 1 1 1 1 1 1 1 1 1 1 1 1 1 1 1 1 1 1 1 1 1 1 1 1 1 1 1 1 1 1 1 1 1 1 1 1 1 1 1 1 1 1 1 1 1 1 1 1 1 1 1 1 1 1 1 1 1 1 1 1 1 1 1 1 1 1 1 1 1 1 1 1 1 1 1 1 1 1 1 1 1 1 1 1 1 1 1 1 1 1 1 1 1 1 1 1 1 1 1 1 1 1 1 1 1 1 1 1 1 1 1 1 1 1 1 1 1 1 1 1 1 1 1 1 1 1 1 1 1 1 1 1 1 1 1 1 1 1 1 1 1 1 1 1 1 1 1 1 1 1 1 1 1 1 1 1 1 1 1 1 1 1 1 1 1 1 1 1 1 1 1 1 1 1 1 1 1 1 1 1 1 1 1 1 1 1 1 1 1 1 1 1 1 1 1 1 1 1 1 1 1 1 1 1 1 1 1 1 1 1 1 1 1 1 1 1 1 1 1 1 1 1 1 1 1 1 1 1 1 1 1 1 1 1 1 1 1 1 1 1 1 1 1 1 1 1 1 1 1 1 1 1 1 1 1 1 1 1 1 1 1 1 1 1 1 1 1 1 1 1 1 1 1 1 1 1 1 1 1 1 1 1 1 1 1 1 1 1 1 1 1 1 1 1 1 1 1 1 1 1 1 1 1 1 1 1 1 1 1 1 1 1 1 1 1 1 1 1 1 1 1 1 1 1 1 1 1 1 1 1 1 1 1 1 1 1 1 1 1 1 1 1 1 1 1 1 1 1 1 1 1 1 1 1 1 1 1 1 1 1 1 1 1 1 1 1 1 1 1 1 1 1 1 1 1 1 1 1 1 1 1 1 1 1 1 1 1 1 1 1 1 1 1 1 1 1 1 1 1 1 1 1 1 1 1 1 1 1 1 1 1 1 1 1 1 1 1 1 1 1 1 1 1 1 1 1 1 1 1 1 1 1 1 1 1 1 1 1 1 1 1 1 1 1 1 1 1 1 1 1 1 1 1 1 1 1 1 1 1 1 1 1 1 1 1 1 1 1 1 1 1 1 1 1 1 1 1 1 1 1 1 1 1 1 1 1 1 1 1 1 1 1 1 1 1 1 1 1 1 1 1 1 1 1 1 1 1 1 1 1 1 1 1 1 1 1 1 1 1 1 1 1 1 1 1 1 1 1 1 1 1 1 1 1 1 1 1 1 1 1 1 1 1 1 1 1 1 1 1 1 1 1 1 1 1 1 1 1 1 1 1 1 1 1 1 1 1 1 1 1 1 1 1 1 1 1 1 1 1 1 1 1 1 1 1 1 1 1 1 1 1 1 1 1 1 1 1 1 1 1 1 1 1 1 1 1 1 1 1 1 1 1 1 1 1 1 1 1 1 1 1 1 1 1 1 1 1 1 1 1 1 1 1 1 1 1 1 1 1 1 1 1 1 1 1 1 1 1 1 1 1 1 1 1 1 1 1 1 1 1 1 1 1 1 1 1 1 1 1 1 1 1 1 1 1 1 1 1 1 1 1 1 1 1 1 1 1 1 1 1 1 1 1 1 1 1 1 1 1 1 1 1 1 1 1 1 1 1 1 1 1 1 1 1 1 1 1 1 1 1 1 1 1 1 1 1 1 1 1 1 1 1 1 1 1 1 1 1 1 1 1 1 1 1 1 1 1 1 1 1 1 1 1 1 1 1 1 1 1 1 1 1 1 1 1 1 1 1 1 1 1 1 1 1 1 1 1 1 1 1 1 1 1 1 1 1 1 1 1 1 1 1 1 1 1 1 1 1 1 1 1 1 1 1 1 1 1 1 1 1 1 1 1 1 1 1 1 1 1 1 1 1 1 1 1 1 1 1 1 1 1 1 1 1 1 1 1 1 1 1 1 1 1 1 1 1 1 1 1 1 1 1 1 1 1 1 1 1 1 1 1 1 1 1 1 1 1 1 1 1 1 1 1 1 1 1 1 1 1 1 1 1 1 1 1 1 1 1 1 1 1 1 1 1 1 1 1 1 1 1 1 1 1 1 1 1 1 1 1 1 1 1 1 1 1 1 1 1 1 1 1 1 1 1 1 1 1 1 1 1 1 1 1 1 1 1 1 1 1 1 1 1 1 1 1 1 1 1 1 1 1 1 1 1 1 1 1 1 1 1 1 1 1 1 1 1 1 1 1 1 1 1 1 1 1 1 1 1 1 1 1 1 1 1 1 1 1 1 1 1 1 1 1 1 1 1 1 1 1 1 1 1 1 1 1 1 1 1 1 1 1 1 1 1 1 1 1 1 1 1 1 1 1 1 1 1 1 1 1 1 1 1 1 1 1 1 1 1 1 1 1 1 1 1 1 1 1 1 1 1 1 1 1 1 1 1 1 1 1 1 1 1 1 1 1 1 1 1 1 1 1 1 1 1 1 1 1 1 1 1 1 1 1 1 1 1 1 1 1 1 1 1 1 1 1 1 1 1 1 1 1 1 1 1 1 1 1 1 1 1 1 1 1 1 1 1 1 1 1 1 1 1 1 1 1 1 1 1 1 1 1 1 1 1 1 1 1 1 1 1 1 1 1 1 1 1 1 1 1 1 1 1 1 1 1 1 1 1 1 1 1 1 1 1 1 1 1 1 1 1 1 1 1 1 1 1 1 1 1 1 1 1 1 1 1 1 1 1 1 1 1 1 1 1 1 1 1 1 1 1 1 1 1 1 1 1 1 1 1 1 1 1 1 1 1 1 1 1 1 1 1 1 1 1 1 1 1 1 1 1 1 1 1 1 1 1 1 1 1 1 1 1 1 1 1 1 1 1 1 1 1 1 1 1 1 1 1 1 1 1 1 1 1 1 1 1 1 1 1 1 1 1 1 1 1 1 1 1 1 1 1 1 1 1 1 1 1 1 1 1 1 1 1 1 1 1 1 1 1 1 1 1 1 1 1 1 1 1 1 1 1 1 1 1 1 1 1 1 1 1 1 1 1 1 1 1 1 1 1 1 1 1 1 1 1 1 1 1 1 1 0 0 0 1 1 1 0 0 0 1 0 0 0 0 0 1 0 1 0 0 0 0 0 1 0 1 0 0 0 0 0 1 0 1 0 0 0 0 0 1 0 1 0 0 0 0 0 1 0 1 0 0 0 0 0 1 0 1 0 0 0 0 0 1 0 1 0 0 0 0 0 1 0 1 0 0 0 0 0 1 0 1 0 0 0 0 0 1 0 1 0 0 0 0 0 1 0 1 0 0 0 0 0 1 0 1 0 0 0 0 0 1 0 1 0 0 0 0 0 1 0 1 0 0 0 0 0 1 0 1 0 0 0 0 0 1 0 1 0 0 0 0 0 1 0 1 0 0 0 0 0 1 0 1 0 0 0 0 0 1 0 1 0 0 0 0 0 1 0 0 0 1 0 1 0 0 0 1 0 0 0 0 0 1 0 0 0 1 0 1 0 0 0 1 0 0 0 0 0 1 0 1 0 0 0 0 0 1 0 0 0 1 0 1 0 0 0 1 0 0 0 0 0 1 0 1 0 0 0 0 0 1 0 0 0 1 0 1 0 0 0 1 0 0 0 0 0 1 0 1 0 0 0 0 0 1 0 1 0 0 0 0 0 1 0 1 0 0 0 0 0 1 0 1 0 0 0 0 0 1 0 1 0 0 0 0 0 1 0 1 0 0 0 0 0 1 0 1 0 0 0 0 0 1 0 0 0 1 0 1 0 0 0 1 0 0 0 0 0 1 0 0 0 1 0 1 0 0 0 1 0 0 0 0 0 1 0 1 0 0 0 0 0 1 0 0 0 1 0 1 0 0 0 1 0 0 0 0 0 1 0 1 0 0 0 1 0 0 0 0 0 1 0 0 0 1 0 0 0 1 0 1 0 0 0 1 0 0 0 0 0 1 0 0 0 1 0 1 0 0 0 1 0 0 0 0 0 1 0 0 0 1 0 1 0 0 0 0 0 1 0 1 0 0 0 0 0 1 0 1 0 0 0 0 0 1 0 1 0 0 0 1 0 0 0 1 0 0 0 0 0 1 0 0 0 1 0 0 0 1 0 1 0 0 0 1 0 0 0 0 0 1 0 1 0 0 0 1 0 0 0 0 0 1 0 0 0 1 0 0 0 1 0 1 0 0 0 1 0 0 0 0 0 1 0 1 0 0 0 0 0 1 0 1 0 0 0 0 0 1 0 0 0 1 0 1 0 0 0 1 0 0 0 1 0 0 0 0 0 1 0 0 0 1 0 0 0 1 0 1 0 0 0 1 0 0 0 1 0 0 0 0 0 1 0 0 0 1 0 1 0 0 0 0 0 1 0 1 0 0 0 0 0 1 0 0 0 1 0 1 0 0 0 1 0 0 0 0 0 1 0 1 0 0 0 0 0 1 0 0 0 1 0 1 0 0 0 1 0 0 0 0 0 1 0 1 0 0 0 0 0 1 0 1 0 0 0 0 0 1 0 0 0 1 0 0 0 1 0 1 0 0 0 1 0 0 0 0 0 1 0 1 0 0 0 0 0 1 0 1 0 0 0 0 0 1 0 0 0 1 0 1 0 0 0 1 0 0 0 0 0 1 0 1 0 0 0 0 0 1 0 0 0 1 0 1 0 0 0 1 0 0 0 0 0 1 0 1 0 0 0 0 0 1 0 0 0 1 0 1 0 0 0 1 0 0 0 0 0 1 0 1 0 0 0 0 0 1 0 1 0 0 0 0 0 1 0 1 0 0 0 0 0 1 0 1 0 0 0 0 0 1 0 1 0 0 0 0 0 1 0 1 0 0 0 0 0 1 0 1 0 0 0 0 0 1 0 1 0 0 0 0 0 1 0 1 0 0 0 0 0 1 0 1 0 0 0 0 0 1 0 1 0 0 0 0 0 1 0 1 0 0 0 0 0 1 0 1 0 0 0 0 0 1 0 1 0 0 0 0 0 1 0 1 0 0 0 0 0 1 0 0 0 1 0 0 0 1 0 1 0 0 0 1 0 0 0 0 0 1 0 1 0 0 0 0 0 1 0 0 0 1 0 1 0 0 0 0 0 1 0 1 0 0 0 0 0 1 0 1 0 0 0 0 0 1 0 1 0 0 0 0 0 1 0 1 0 0 0 0 0 1 0 1 0 0 0 0 0 1 0 1 0 0 0 0 0 1 0 1 0 0 0 0 0 1 0 1 0 0 0 0 0 1 0 1 0 0 0 0 0 1 0 1 0 0 0 0 0 1 0 1 0 0 0 0 0 1 0 1 0 0 0 1 0 0 0 0 0 1 0 0 0 1 0 1 0 0 0 0 0 1 0 1 0 0 0 0 0 1 0 1 0 0 0 0 0 1 0 1 0 0 0 0 0 1 0 1 0 0 0 0 0 1 0 1 0 0 0 1 0 0 0 0 0 1 0 1 0 0 0 0 0 1 0 1 0 0 0 0 0 1 0 1 0 0 0 0 0 1 0 0 0 1 0 1 0 0 0 0 0 1 0 1 0 0 0 0 0 1 0 1 0 0 0 0 0 1 0 1 0 0 0 0 0 1 0 0 0 1 0 0 0 1 0 1 0 0 0 1 0 0 0 0 0 1 0 1 0 0 0 0 0 1 0 0 0 1 0 0 0 1 0 1 0 0 0 1 0 0 0 0 0 1 0 1 0 0 0 0 0 1 0 1 0 0 0 0 0 1 0 1 0 0 0 0 0 1 0 1 0 0 0 0 0 1 0 1 0 0 0 0 0 1 0 1 0 0 0 0 0 1 0 1 0 0 0 0 0 1 0 1 0 0 0 0 0 1 0 1 0 0 0 0 0 1 0 1 0 0 0 0 0 1 0 1 0 0 0 0 0 1 0 0 0 1 0 1 0 0 0 1 0 0 0 0 0 1 0 1 0 0 0 0 0 1 0 1 0 0 0 0 0 1 0 1 0 0 0 0 0 1 0 1 0 0 0 0 0 1 0 0 0 1 0 1 0 0 0 1 0 0 0 0 0 1 0 1 0 0 0 0 0 1 0 1 0 0 0 0 0 1 0 1 0 0 0 0 0 1 0 1 0 0 0 0 0 1 0 1 0 0 0 0 0 1 0 1 0 0 0 0 0 1 0 1 0 0 0 0 0 1 0 1 0 0 0 0 0 1 0 1 0 0 0 0 0 1 0 1 0 0 0 0 0 1 0 1 0 0 0 0 0 1 0 1 0 0 0 0 0 1 0 1 0 0 0 0 0 1 0 1 0 0 0 1 0 0 0 0 0 1 0 0 0 1 0 1 0 0 0 0 0 1 0 1 0 0 0 0 0 1 0 1 0 0 0 0 0 1 0 1 0 0 0 0 0 1 0 1 0 0 0 0 0 1 0 1 0 0 0 0 0 1 0 1 0 0 0 0 0 1 0 1 0 0 0 0 0 1 0 1 0 0 0 0 0 1 0 1 0 0 0 1 0 0 0 0 0 1 0 0 0 1 0 1 0 0 0 1 0 0 0 0 0 1 0 1 0 0 0 0 0 1 0 1 0 0 0 0 0 1 0 1 0 0 0 0 0 1 0 1 0 0 0 0 0 1 0 1 0 0 0 0 0 1 0 1 0 0 0 0 0 1 0 1 0 0 0 0 0 1 0 1 0 0 0 0 0 1 0 1 0 0 0 0 0 1 0 1 0 0 0 0 0 1 0 0 0 1 0 1 0 0 0 0 0 1 0 1 0 0 0 0 0 1 0 1 0 0 0 0 0 1 0 1 0 0 0 0 0 1 0 1 0 0 0 0 0 1 0 1 0 0 0 0 0 1 0 1 0 0 0 0 0 1 0 1 0 0 0 0 0 1 0 1 0 0 0 0 0 1 0 1 0 0 0 0 0 1 0 1 0 0 0 0 0 1 0 1 0 0 0 0 0 1 0 1 0 0 0 0 0 1 0 1 0 0 0 0 0 1 0 1 0 0 0 0 0 1 0 1 0 0 0 0 0 1 0 1 0 0 0 0 0 1 0 1 0 0 0 0 0 1 0 1 0 0 0 0 0 1 0 1 0 0 0 0 0 1 0 1 0 0 0 0 0 1 0 1 0 0 0 0 0 1 0 1 0 0 0 0 0 1 0 1 0 0 0 0 0 1 0 1 0 0 0 0 0 1 0 1 0 0 0 0 0 1 0 1 0 0 0 0 0 1 0 1 0 0 0 0 0 1 0 1 0 0 0 0 0 1 0 1 0 0 0 0 0 1 0 1 0 0 0 0 0 1 0 1 0 0 0 0 0 1 0 1 0 0 0 0 0 1 0 0 0 1 0 1 0 0 0 0 0 1 0 1 0 0 0 0 0 1 0 1 0 0 0 0 0 1 0 1 0 0 0 0 0 1 0 1 0 0 0 0 0 1 0 1 0 0 0 0 0 1 0 1 0 0 0 0 0 1 0 1 0 0 0 0 0 1 0 1 0 0 0 0 0 1 0 1 0 0 0 0 0 1 0 1 0 0 0 0 0 1 0 1 0 0 0 0 0 1 0 0 0 1 0 1 0 0 0 0 0 1 0 1 0 0 0 0 0 1 0 1 0 0 0 1 0 0 0 0 0 1 0 1 0 0 0 0 0 1 0 1 0 0 0 0 0 1 0 1 0 0 0 0 0 1 0 1 0 0 0 0 0 1 0 1 0 0 0 1 0 0 0 0 0 1 0 1 0 0 0 0 0 1 0 0 0 1 0 1 0 0 0 1 0 0 0 0 0 1 0 1 0 0 0 0 0 1 0 1 0 0 0 0 0 1 0 1 0 0 0 0 0 1 0 1 0 0 0 0 0 1 0 0 0 1 0 1 0 0 0 1 0 0 0 0 0 1 0 1 0 0 0 0 0 1 0 1 0 0 0 0 0 1 0 1 0 0 0 0 0 1 0 1 0 0 0 1 0 0 0 1 0 0 0 0 0 1 0 1 0 0 0 0 0 1 0 0 0 1 0 0 0 1 0 1 0 0 0 1 0 0 0 0 0 1 0 0 0 1 0 1 0 0 0 0 0 1 0 1 0 0 0 0 0 1 0 1 0 0 0 0 0 1 0 1 0 0 0 0 0 1 0 1 0 0 0 0 0 1 0 0 0 1 0 1 0 0 0 1 0 0 0 0 0 1 0 1 0 0 0 0 0 1 0 1 0 0 0 0 0 1 0 1 0 0 0 0 0 1 0 1 0 0 0 0 0 1 0 1 0 0 0 0 0 1 0 1 0 0 0 0 0 1 0 1 0 0 0 0 0 1 0 0 0 1 0 1 0 0 0 1 0 0 0 0 0 1 0 1 0 0 0 1 0 0 0 0 0 1 0 1 0 0 0 0 0 1 0 1 0 0 0 0 0 1 0 0 0 1 0 0 0 1 0 1 0 0 0 1 0 0 0 0 0 1 0 0 0 1 0 1 0 0 0 0 0 1 0 1 0 0 0 0 0 1 0 1 0 0 0 0 0 1 0 1 0 0 0 0 0 1 0 1 0 0 0 0 0 1 0 1 0 0 0 0 0 1 0 1 0 0 0 0 0 1 0 1 0 0 0 0 0 1 0 1 0 0 0 0 0 1 0 1 0 0 0 0 0 1 0 1 0 0 0 0 0 1 0 1 0 0 0 0 0 1 0 1 0 0 0 0 0 1 0 1 0 0 0 0 0 1 0 1 0 0 0 0 0 1 0 1 0 0 0 0 0 1 0 1 0 0 0 1 0 0 0 1 0 0 0 0 0 1 0 0 0 1 0 1 0 0 0 0 0 1 0 1 0 0 0 0 0 1 0 1 0 0 0 0 0 1 0 1 0 0 0 0 0 1 0 1 0 0 0 0 0 1 0 1 0 0 0 0 0 1 0 0 0 1 0 1 0 0 0 1 0 0 0 0 0 1 0 1 0 0 0 0 0 1 0 1 0 0 0 0 0 1 0 1 0 0 0 0 0 1 0 1 0 0 0 0 0 1 0 1 0 0 0 0 0 1 0 1 0 0 0 1 0 0 0 0 0 1 0 0 0 1 0 1 0 0 0 0 0 1 0 1 0 0 0 0 0 1 0 0 0 1 0 1 0 0 0 0 0 1 0 1 0 0 0 0 0 1 0 1 0 0 0 0 0 1 0 0 0 1 0 1 0 0 0 1 0 0 0 0 0 1 0 1 0 0 0 0 0 1 0 1 0 0 0 0 0 1 0 1 0 0 0 0 0 1 0 1 0 0 0 0 0 1 0 1 0 0 0 0 0 1 0 1 0 0 0 1 0 0 0 0 0 1 0 0 0 1 0 1 0 0 0 0 0 1 0 1 0 0 0 0 0 1 0 1 0 0 0 0 0 1 0 1 0 0 0 0 0 1 0 1 0 0 0 0 0 1 0 1 0 0 0 1 0 0 0 0 0 1 0 0 0 1 0 1 0 0 0 1 0 0 0 0 0 1 0 0 0 1 0 0 0 1 0 1 0 0 0 1 0 0 0 1 0 0 0 1 0 0 0 0 0 1 0 0 0 1 0 1 0 0 0 1 0 0 0 0 0 1 0 1 0 0 0 0 0 1 0 1 0 0 0 0 0 1 0 1 0 0 0 0 0 1 0 1 0 0 0 0 0 1 0 1 0 0 0 0 0 1 0 0 0 1 0 1 0 0 0 1 0 0 0 0 0 1 0 1 0 0 0 0 0 1 0 1 0 0 0 0 0 1 0 1 0 0 0 0 0 1 0 1 0 0 0 0 0 1 0 1 0 0 0 0 0 1 0 1 0 0 0 0 0 1 0 1 0 0 0 0 0 1 0 1 0 0 0 0 0 1 0 1 0 0 0 0 0 1 0 1 0 0 0 0 0 1 0 1 0 0 0 0 0 1 0 1 0 0 0 0 0 1 0 1 0 0 0 0 0 1 0 1 0 0 0 0 0 1 0 1 0 0 0 0 0 1 0 1 0 0 0 0 0 1 0 0 0 1 0 0 0 1 0 1 0 0 0 1 0 0 0 0 0 1 0 1 0 0 0 0 0 1 0 1 0 0 0 0 0 1 0 1 0 0 0 0 0 1 0 1 0 0 0 0 0 1 0 1 0 0 0 0 0 1 0 1 0 0 0 1 0 0 0 0 0 1 0 0 0 1 0 1 0 0 0 0 0 1 0 1 0 0 0 0 0 1 0 1 0 0 0 0 0 1 0 1 0 0 0 0 0 1 0 1 0 0 0 0 0 1 0 0 0 1 0 0 0 1 0 1 0 0 0 1 0 0 0 0 0 1 0 1 0 0 0 0 0 1 0 1 0 0 0 1 0 0 0 0 0 1 0 1 0 0 0 0 0 1 0 1 0 0 0 0 0 1 0 1 0 0 0 1 0 0 0 0 0 1 0 0 0 1 0 1 0 0 0 0 0 1 0 1 0 0 0 0 0 1 0 1 0 0 0 0 0 1 0 1 0 0 0 0 0 1 0 1 0 0 0 0 0 1 0 1 0 0 0 0 0 1 0 0 0 1 0 1 0 0 0 1 0 0 0 0 0 1 0 1 0 0 0 0 0 1 0 1 0 0 0 0 0 1 0 1 0 0 0 0 0 1 0 1 0 0 0 0 0 1 0 1 0 0 0 0 0 1 0 0 0 1 0 1 0 0 0 1 0 0 0 0 0 1 0 0 0 1 0 1 0 0 0 1 0 0 0 1 0 0 0 0 0 1 0 0 0 1 0 0 0 1 0 0 0 1 0 1 0 0 0 1 0 0 0 0 0 1 0 0 0 1 0 1 0 0 0 0 0 1 0 1 0 0 0 0 0 1 0 1 0 0 0 0 0 1 0 1 0 0 0 0 0 1 0 1 0 0 0 0 0 1 0 1 0 0 0 1 0 0 0 0 0 1 0 0 0 1 0 1 0 0 0 0 0 1 0 1 0 0 0 0 0 1 0 1 0 0 0 0 0 1 0 1 0 0 0 0 0 1 0 1 0 0 0 0 0 1 0 1 0 0 0 1 0 0 0 0 0 1 0 0 0 1 0 1 0 0 0 0 0 1 0 1 0 0 0 0 0 1 0 1 0 0 0 0 0 1 0 1 0 0 0 0 0 1 0 1 0 0 0 0 0 1 0 0 0 1 0 1 0 0 0 1 0 0 0 1 0 0 0 0 0 1 0 1 0 0 0 0 0 1 0 1 0 0 0 0 0 1 0 1 0 0 0 1 0 0 0 0 0 1 0 0 0 1 0 1 0 0 0 1 0 0 0 0 0 1 0 0 0 1 0 1 0 0 0 0 0 1 0 0 0 1 0 1 0 0 0 1 0 0 0 0 0 1 0 1 0 0 0 1 0 0 0 0 0 1 0 0 0 1 0 1 0 0 0 0 0 1 0 0 0 1 0 1 0 0 0 1 0 0 0 0 0 1 0 1 0 0 0 1 0 0 0 0 0 1 0 0 0 1 0 1 0 0 0 0 0 1 0 0 0 1 0 1 0 0 0 1 0 0 0 0 0 1 0 1 0 0 0 1 0 0 0 0 0 1 0 0 0 1 0 1 0 0 0 0 0 1 0 0 0 1 0 1 0 0 0 1 0 0 0 0 0 1 0 1 0 0 0 1 0 0 0 0 0 1 0 0 0 1 0 1 0 0 0 0 0 1 0 0 0 1 0 1 0 0 0 1 0 0 0 0 0 1 0 1 0 0 0 1 0 0 0 0 0 1 0 0 0 1 0 1 0 0 0 0 0 1 0 0 0 1 0 1 0 0 0 1 0 0 0 0 0 1 0 1 0 0 0 1 0 0 0 0 0 1 0 0 0 1 0 1 0 0 0 0 0 1 0 0 0 1 0 1 0 0 0 1 0 0 0 0 0 1 0 1 0 0 0 1 0 0 0 0 0 1 0 0 0 1 0 1 0 0 0 1 0 0 0 1 0 0 0 0 0 1 0 0 0 1 0 1 0 0 0 0 0 1 0 0 0 1 0 1 0 0 0 1 0 0 0 0 0 1 0 1 0 0 0 1 0 0 0 0 0 1 0 0 0 1 0 1 0 0 0 0 0 1 0 0 0 1 0 1 0 0 0 1 0 0 0 0 0 1 0 1 0 0 0 1 0 0 0 0 0 1 0 0 0 1 0 1 0 0 0 0 0 1 0 0 0 1 0 1 0 0 0 1 0 0 0 0 0 1 0 1 0 0 0 1 0 0 0 0 0 1 0 0 0 1 0 1 0 0 0 0 0 1 0 0 0 1 0 1 0 0 0 1 0 0 0 0 0 1 0 1 0 0 0 1 0 0 0 0 0 1 0 0 0 1 0 1 0 0 0 0 0 1 0 0 0 1 0 1 0 0 0 1 0 0 0 0 0 1 0 1 0 0 0 1 0 0 0 0 0 1 0 0 0 1 0 1 0 0 0 0 0 1 0 0 0 1 0 1 0 0 0 1 0 0 0 0 0 1 0 1 0 0 0 1 0 0 0 0 0 1 0 0 0 1 0 1 0 0 0 0 0 1 0 0 0 1 0 1 0 0 0 1 0 0 0 0 0 1 0 1 0 0 0 1 0 0 0 0 0 1 0 0 0 1 0 1 0 0 0 1 0 0 0 0 0 1 0 0 0 1 0 0 0 1 0 1 0 0 0 1 0 0 0 0 0 1 0 0 0 1 0 1 0 0 0 0 0 1 0 1 0 0 0 0 0 1 0 1 0 0 0 0 0 1 0 0 0 1 0 1 0 0 0 0 0 1 0 0 0 1 0 1 0 0 0 1 0 0 0 0 0 1 0 0 0 1 0 1 0 0 0 1 0 0 0 0 0 1 0 1 0 0 0 1 0 0 0 0 0 1 0 1 0 0 0 0 0 1 0 1 0 0 0 0 0 1 0 1 0 0 0 0 0 1 0 1 0 0 0 0 0 1 0 1 0 0 0 0 0 1 0 1 0 0 0 0 0 1 0 1 0 0 0 0 0 1 0 1 0 0 0 0 0 1 0 1 0 0 0 0 0 1 0 1 0 0 0 0 0 1 0 1 0 0 0 0 0 1 0 1 0 0 0 0 0 1 0 1 0 0 0 0 0 1 0 1 0 0 0 0 0 1 0 1 0 0 0 0 0 1 0 1 0 0 0 0 0 1 0 1 0 0 0 0 0 1 0 1 0 0 0 0 0 1 0 1 0 0 0 0 0 1 0 1 0 0 0 0 0 1 0 1 0 0 0 0 0 1 0 1 0 0 0 0 0 1 0 1 0 0 0 0 0 1 0 1 0 0 0 0 0 1 0 1 0 0 0 0 0 1 0 1 0 0 0 0 0 1 0 1 0 0 0 0 0 1 0 1 0 0 0 0 0 1 0 1 0 0 0 0 0 1 0 1 0 0 0 0 0 1 0 1 0 0 0 0 0 1 0 1 0 0 0 0 0 1 0 1 0 0 0 0 0 1 0 1 0 0 0 0 0 1 0 1 0 0 0 0 0 1 0 1 0 0 0 1 0 0 0 1 0 0 0 1 0 0 0 0 0 1 0 0 0 1 0 1 0 0 0 0 0 1 0 1 0 0 0 0 0 1 0 1 0 0 0 0 0 1 0 1 0 0 0 0 0 1 0 0 0 1 0 1 0 0 0 0 0 1 0 1 0 0 0 0 0 1 0 1 0 0 0 1 0 0 0 0 0 1 0 0 0 1 0 1 0 0 0 0 0 1 0 1 0 0 0 1 0 0 0 0 0 1 0 1 0 0 0 0 0 1 0 1 0 0 0 0 0 1 0 1 0 0 0 0 0 1 0 1 0 0 0 0 0 1 0 1 0 0 0 0 0 1 0 1 0 0 0 0 0 1 0 1 0 0 0 0 0 1 0 1 0 0 0 0 0 1 0 1 0 0 0 0 0 1 0 1 0 0 0 0 0 1 0 1 0 0 0 0 0 1 0 0 0 1 0 1 0 0 0 1 0 0 0 0 0 1 0 0 0 1 0 1 0 0 0 1 0 0 0 0 0 1 0 0 0 1 0 1 0 0 0 0 0 1 0 1 0 0 0 0 0 1 0 1 0 0 0 0 0 1 0 1 0 0 0 0 0 1 0 1 0 0 0 0 0 1 0 1 0 0 0 0 0 1 0 1 0 0 0 0 0 1 0 1 0 0 0 0 0 1 0 1 0 0 0 0 0 1 0 0 0 1 0 1 0 0 0 0 0 1 0 1 0 0 0 0 0 1 0 0 0 1 0 1 0 0 0 1 0 0 0 0 0 1 0 0 0 1 0 1 0 0 0 0 0 1 0 0 0 1 0 1 0 0 0 0 0 1 0 0 0 1 0 1 0 0 0 1 0 0 0 0 0 1 0 0 0 1 0 1 0 0 0 1 0 0 0 0 0 1 0 1 0 0 0 0 0 1 0 1 0 0 0 0 0 1 0 1 0 0 0 0 0 1 0 1 0 0 0 0 0 1 0 1 0 0 0 0 0 1 0 1 0 0 0 0 0 1 0 1 0 0 0 0 0 1 0 1 0 0 0 0 0 1 0 1 0 0 0 0 0 1 0 1 0 0 0 0 0 1 0 1 0 0 0 0 0 1 0 1 0 0 0 0 0 1 0 1 0 0 0 0 0 1 0 1 0 0 0 0 0 1 0 1 0 0 0 0 0 1 0 1 0 0 0 0 0 1 0 1 0 0 0 0 0 1 0 1 0 0 0 0 0 1 0 1 0 0 0 0 0 1 0 1 0 0 0 0 0 1 0 1 0 0 0 0 0 1 0 1 0 0 0 0 0 1 0 1 0 0 0 0 0 1 0 1 0 0 0 0 0 1 0 1 0 0 0 0 0 1 0 1 0 0 0 0 0 1 0 1 0 0 0 0 0 1 0 1 0 0 0 0 0 1 0 1 0 0 0 0 0 1 0 1 0 0 0 0 0 1 0 1 0 0 0 0 0 1 0 1 0 0 0 0 0 1 0 1 0 0 0 0 0 1 0 1 0 0 0 0 0 1 0 1 0 0 0 0 0 1 0 1 0 0 0 1 0 0 0 1 0 0 0 0 0 1 0 1 0 0 0 0 0 1 0 1 0 0 0 0 0 1 0 1 0 0 0 0 0 1 0 1 0 0 0 0 0 1 0 1 0 0 0 0 0 1 0 0 0 1 0 1 0 0 0 0 0 1 0 1 0 0 0 0 0 1 0 1 0 0 0 1 0 0 0 0 0 1 0 0 0 1 0 1 0 0 0 0 0 1 0 1 0 0 0 1 0 0 0 0 0 1 0 1 0 0 0 0 0 1 0 1 0 0 0 0 0 1 0 1 0 0 0 0 0 1 0 1 0 0 0 0 0 1 0 1 0 0 0 0 0 1 0 1 0 0 0 0 0 1 0 1 0 0 0 0 0 1 0 1 0 0 0 0 0 1 0 1 0 0 0 0 0 1 0 1 0 0 0 1 0 0 0 0 0 1 0 0 0 1 0 1 0 0 0 0 0 1 0 1 0 0 0 0 0 1 0 1 0 0 0 0 0 1 0 1 0 0 0 0 0 1 0 1 0 0 0 1 0 0 0 0 0 1 0 0 0 1 0 1 0 0 0 0 0 1 0 1 0 0 0 0 0 1 0 1 0 0 0 0 0 1 0 0 0 1 0 1 0 0 0 0 0 1 0 1 0 0 0 0 0 1 0 1 0 0 0 0 0 1 0 1 0 0 0 0 0 1 0 1 0 0 0 0 0 1 0 1 0 0 0 0 0 1 0 1 0 0 0 0 0 1 0 1 0 0 0 0 0 1 0 0 0 1 0 1 0 0 0 0 0 1 0 1 0 0 0 0 0 1 0 0 0 1 0 1 0 0 0 0 0 1 0 0 0 1 0 0 0 1 0 1 0 0 0 0 0 1 0 1 0 0 0 0 0 1 0 1 0 0 0 0 0 1 0 0 0 1 0 1 0 0 0 0 0 1 0 1 0 0 0 0 0 1 0 1 0 0 0 1 0 0 0 0 0 1 0 1 0 0 0 0 0 1 0 1 0 0 0 0 0 1 0 1 0 0 0 0 0 1 0 1 0 0 0 0 0 1 0 1 0 0 0 0 0 1 0 1 0 0 0 0 0 1 0 1 0 0 0 0 0 1 0 1 0 0 0 0 0 1 0 1 0 0 0 1 0 0 0 1 0 0 0 0 0 1 0 0 0 1 0 1 0 0 0 0 0 1 0 1 0 0 0 0 0 1 0 0 0 1 0 0 0 1 0 1 0 0 0 1 0 0 0 0 0 1 0 1 0 0 0 0 0 1 0 1 0 0 0 0 0 1 0 1 0 0 0 0 0 1 0 1 0 0 0 0 0 1 0 0 0 1 0 1 0 0 0 0 0 1 0 1 0 0 0 0 0 1 0 1 0 0 0 0 0 1 0 1 0 0 0 1 0 0 0 0 0 1 0 1 0 0 0 0 0 1 0 1 0 0 0 0 0 1 0 1 0 0 0 0 0 1 0 1 0 0 0 0 0 1 0 1 0 0 0 0 0 1 0 1 0 0 0 0 0 1 0 1 0 0 0 0 0 1 0 1 0 0 0 0 0 1 0 1 0 0 0 0 0 1 0 1 0 0 0 0 0 1 0 1 0 0 0 0 0 1 0 1 0 0 0 0 0 1 0 1 0 0 0 0 0 1 0 1 0 0 0 1 0 0 0 0 0 1 0 0 0 1 0 0 0 1 0 1 0 0 0 1 0 0 0 0 0 1 0 1 0 0 0 0 0 1 0 1 0 0 0 0 0 1 0 1 0 0 0 0 0 1 0 1 0 0 0 0 0 1 0 1 0 0 0 0 0 1 0 1 0 0 0 0 0 1 0 0 0 1 0 0 0 1 0 1 0 0 0 0 0 1 0 1 0 0 0 0 0 1 0 1 0 0 0 0 0 1 0 1 0 0 0 1 0 0 0 1 0 0 0 0 0 1 0 0 0 1 0 1 0 0 0 0 0 1 0 1 0 0 0 0 0 1 0 1 0 0 0 0 0 1 0 1 0 0 0 0 0 1 0 1 0 0 0 0 0 1 0 1 0 0 0 0 0 1 0 1 0 0 0 0 0 1 0 1 0 0 0 0 0 1 0 1 0 0 0 0 0 1 0 1 0 0 0 0 0 1 0 1 0 0 0 0 0 1 0 1 0 0 0 0 0 1 0 1 0 0 0 0 0 1 0 1 0 0 0 0 0 1 0 1 0 0 0 0 0 1 0 1 0 0 0 0 0 1 0 0 0 1 0 0 0 1 0 0 0 1 0 1 0 0 0 1 0 0 0 0 0 1 0 0 0 1 0 1 0 0 0 1 0 0 0 0 0 1 0 1 0 0 0 0 0 1 0 0 0 1 0 1 0 0 0 1 0 0 0 0 0 1 0 0 0 1 0 1 0 0 0 1 0 0 0 1 0 0 0 0 0 1 0 0 0 1 0 0 0 1 0 1 0 0 0 1 0 0 0 0 0 1 0 1 0 0 0 1 0 0 0 0 0 1 0 0 0 1 0 0 0 1 0 1 0 0 0 0 0 1 0 1 0 0 0 1 0 0 0 0 0 1 0 1 0 0 0 0 0 1 0 0 0 1 0 0 0 1 0 1 0 0 0 0 0 1 0 1 0 0 0 0 0 1 0 0 0 1 0 1 0 0 0 0 0 1 0 1 0 0 0 1 0 0 0 1 0 0 0 1 0 0 0 0 0 1 0 0 0 1 0 1 0 0 0 1 0 0 0 0 0 1 0 1 0 0 0 0 0 1 0 0 0 1 0 1 0 0 0 0 0 1 0 0 0 1 0 1 0 0 0 1 0 0 0 1 0 0 0 0 0 1 0 1 0 0 0 1 0 0 0 1 0 0 0 0 0 1 0 0 0 1 0 0 0 1 0 1 0 0 0 1 0 0 0 1 0 0 0 0 0 1 0 0 0 1 0 0 0 1 0 0 0 1 0 0 0 1 0 1 0 0 0 0 0 1 0 1 0 0 0 0 0 1 0 1 0 0 0 0 0 1 0 1 0 0 0 0 0 1 0 1 0 0 0 0 0 1 0 1 0 0 0 0 0 1 0 1 0 0 0 0 0 1 0 1 0 0 0 0 0 1 0 1 0 0 0 0 0 1 0 1 0 0 0 0 0 1 0 1 0 0 0 1 0 0 0 0 0 1 0 0 0 1 0 1 0 0 0 0 0 1 0 0 0 1 0 1 0 0 0 1 0 0 0 0 0 1 0 1 0 0 0 0 0 1 0 0 0 1 0 1 0 0 0 0 0 1 0 1 0 0 0 1 0 0 0 1 0 0 0 1 0 0 0 0 0 1 0 0 0 1 0 1 0 0 0 1 0 0 0 1 0 0 0 0 0 1 0 0 0 1 0 1 0 0 0 1 0 0 0 1 0 0 0 0 0 1 0 0 0 1 0 1 0 0 0 0 0 1 0 0 0 1 0 1 0 0 0 1 0 0 0 0 0 1 0 1 0 0 0 1 0 0 0 0 0 1 0 0 0 1 0 1 0 0 0 0 0 1 0 0 0 1 0 1 0 0 0 1 0 0 0 0 0 1 0 0 0 1 0 1 0 0 0 1 0 0 0 1 0 0 0 0 0 1 0 0 0 1 0 1 0 0 0 0 0 1 0 1 0 0 0 0 0 1 0 0 0 1 0 1 0 0 0 1 0 0 0 0 0 1 0 0 0 1 0 1 0 0 0 1 0 0 0 0 0 1 0 1 0 0 0 0 0 1 0 1 0 0 0 1 0 0 0 0 0 1 0 0 0 1 0 1 0 0 0 1 0 0 0 0 0 1 0 0 0 1 0 1 0 0 0 0 0 1 0 0 0 1 0 1 0 0 0 1 0 0 0 0 0 1 0 1 0 0 0 0 0 1 0 0 0 1 0 1 0 0 0 1 0 0 0 0 0 1 0 0 0 1 0 1 0 0 0 1 0 0 0 1 0 0 0 0 0 1 0 0 0 1 0 1 0 0 0 0 0 1 0 1 0 0 0 0 0 1 0 0 0 1 0 1 0 0 0 1 0 0 0 0 0 1 0 0 0 1 0 1 0 0 0 1 0 0 0 0 0 1 0 1 0 0 0 0 0 1 0 1 0 0 0 0 0 1 0 1 0 0 0 0 0 1 0 1 0 0 0 0 0 1 0 1 0 0 0 1 0 0 0 0 0 1 0 1 0 0 0 1 0 0 0 0 0 1 0 0 0 1 0 0 0 1 0 1 0 0 0 1 0 0 0 0 0 1 0 0 0 1 0 0 0 1 0 1 0 0 0 0 0 1 0 1 0 0 0 0 0 1 0 1 0 0 0 1 0 0 0 0 0 1 0 1 0 0 0 0 0 1 0 1 0 0 0 1 0 0 0 1 0 0 0 0 0 1 0 0 0 1 0 0 0 1 0 1 0 0 0 1 0 0 0 1 0 0 0 0 0 1 0 0 0 1 0 1 0 0 0 1 0 0 0 1 0 0 0 1 0 0 0 0 0 1 0 0 0 1 0 1 0 0 0 0 0 1 0 0 0 1 0 1 0 0 0 1 0 0 0 0 0 1 0 0 0 1 0 0 0 1 0 1 0 0 0 1 0 0 0 0 0 1 0 1 0 0 0 0 0 1 0 1 0 0 0 0 0 1 0 1 0 0 0 0 0 1 0 0 0 1 0 1 0 0 0 1 0 0 0 1 0 0 0 0 0 1 0 0 0 1 0 0 0 1 0 1 0 0 0 0 0 1 0 1 0 0 0 0 0 1 0 1 0 0 0 0 0 1 0 1 0 0 0 0 0 1 0 1 0 0 0 0 0 1 0 1 0 0 0 0 0 1 0 0 0 1 0 0 0 1 0 1 0 0 0 1 0 0 0 0 0 1 0 1 0 0 0 0 0 1 0 1 0 0 0 0 0 1 0 0 0 1 0 1 0 0 0 0 0 1 0 1 0 0 0 0 0 1 0 0 0 1 0 1 0 0 0 0 0 1 0 0 0 1 0 0 0 1 0 1 0 0 0 0 0 1 0 1 0 0 0 0 0 1 0 0 0 1 0 1 0 0 0 0 0 1 0 1 0 0 0 1 0 0 0 1 0 0 0 1 0 0 0 0 0 1 0 1 0 0 0 0 0 1 0 1 0 0 0 0 0 1 0 1 0 0 0 0 0 1 0 1 0 0 0 0 0 1 0 0 0 1 0 0 0 1 0 1 0 0 0 0 0 1 0 1 0 0 0 0 0 1 0 0 0 1 0 1 0 0 0 1 0 0 0 0 0 1 0 1 0 0 0 0 0 1 0 1 0 0 0 0 0 1 0 1 0 0 0 1 0 0 0 0 0 1 0 0 0 1 0 1 0 0 0 0 0 1 0 1 0 0 0 0 0 1 0 1 0 0 0 0 0 1 0 0 0 1 0 1 0 0 0 1 0 0 0 0 0 1 0 1 0 0 0 0 0 1 0 1 0 0 0 1 0 0 0 0 0 1 0 0 0 1 0 1 0 0 0 0 0 1 0 1 0 0 0 0 0 1 0 0 0 1 0 1 0 0 0 0 0 1 0 1 0 0 0 1 0 0 0 0 0 1 0 1 0 0 0 0 0 1 0 1 0 0 0 0 0 1 0 1 0 0 0 0 0 1 0 1 0 0 0 0 0 1 0 1 0 0 0 0 0 1 0 0 0 1 0 1 0 0 0 0 0 1 0 1 0 0 0 0 0 1 0 1 0 0 0 0 0 1 0 0 0 1 0 1 0 0 0 0 0 1 0 1 0 0 0 0 0 1 0 1 0 0 0 0 0 1 0 0 0 1 0 1 0 0 0 1 0 0 0 0 0 1 0 1 0 0 0 0 0 1 0 1 0 0 0 0 0 1 0 1 0 0 0 0 0 1 0 1 0 0 0 0 0 1 0 1 0 0 0 1 0 0 0 0 0 1 0 0 0 1 0 1 0 0 0 1 0 0 0 0 0 1 0 0 0 1 0 1 0 0 0 0 0 1 0 1 0 0 0 0 0 1 0 1 0 0 0 0 0 1 0 1 0 0 0 1 0 0 0 0 0 1 0 1 0 0 0 0 0 1 0 1 0 0 0 0 0 1 0 1 0 0 0 0 0 1 0 1 0 0 0 1 0 0 0 0 0 1 0 0 0 1 0 1 0 0 0 0 0 1 0 1 0 0 0 0 0 1 0 1 0 0 0 0 0 1 0 1 0 0 0 0 0 1 0 1 0 0 0 0 0 1 0 1 0 0 0 0 0 1 0 1 0 0 0 0 0 1 0 1 0 0 0 0 0 1 0 1 0 0 0 0 0 1 0 1 0 0 0 0 0 1 0 1 0 0 0 1 0 0 0 0 0 1 0 0 0 1 0 1 0 0 0 1 0 0 0 0 0 1 0 1 0 0 0 0 0 1 0 1 0 0 0 0 0 1 0 0 0 1 0 1 0 0 0 0 0 1 0 1 0 0 0 0 0 1 0 1 0 0 0 0 0 1 0 1 0 0 0 0 0 1 0 0 0 1 0 1 0 0 0 0 0 1 0 1 0 0 0 0 0 1 0 1 0 0 0 0 0 1 0 1 0 0 0 0 0 1 0 1 0 0 0 0 0 1 0 1 0 0 0 0 0 1 0 1 0 0 0 0 0 1 0 0 0 1 0 0 0 1 0 1 0 0 0 0 0 1 0 0 0 1 0 0 0 1 0 1 0 0 0 1 0 0 0 0 0 1 0 1 0 0 0 1 0 0 0 0 0 1 0 1 0 0 0 0 0 1 0 1 0 0 0 0 0 1 0 0 0 1 0 1 0 0 0 1 0 0 0 0 0 1 0 0 0 1 0 1 0 0 0 0 0 1 0 1 0 0 0 0 0 1 0 1 0 0 0 0 0 1 0 0 0 1 0 1 0 0 0 1 0 0 0 0 0 1 0 1 0 0 0 0 0 1 0 1 0 0 0 1 0 0 0 0 0 1 0 1 0 0 0 0 0 1 0 1 0 0 0 0 0 1 0 1 0 0 0 0 0 1 0 1 0 0 0 0 0 1 0 1 0 0 0 0 0 1 0 1 0 0 0 0 0 1 0 1 0 0 0 1 0 0 0 0 0 1 0 1 0 0 0 0 0 1 0 1 0 0 0 0 0 1 0 0 0 1 0 1 0 0 0 0 0 1 0 1 0 0 0 0 0 1 0 1 0 0 0 0 0 1 0 1 0 0 0 1 0 0 0 0 0 1 0 0 0 1 0 1 0 0 0 0 0 1 0 1 0 0 0 0 0 1 0 1 0 0 0 1 0 0 0 1 0 0 0 0 0 1 0 1 0 0 0 0 0 1 0 0 0 1 0 1 0 0 0 1 0 0 0 0 0 1 0 1 0 0 0 0 0 1 0 1 0 0 0 0 0 1 0 1 0 0 0 0 0 1 0 1 0 0 0 0 0 1 0 1 0 0 0 0 0 1 0 0 0 1 0 1 0 0 0 0 0 1 0 1 0 0 0 0 0 1 0 1 0 0 0 0 0 1 0 1 0 0 0 0 0 1 0 0 0 1 0 1 0 0 0 1 0 0 0 0 0 1 0 1 0 0 0 0 0 1 0 1 0 0 0 0 0 1 0 1 0 0 0 1 0 0 0 0 0 1 0 0 0 1 0 1 0 0 0 0 0 1 0 1 0 0 0 0 0 1 0 1 0 0 0 0 0 1 0 1 0 0 0 0 0 1 0 1 0 0 0 0 0 1 0 1 0 0 0 0 0 1 0 0 0 1 0 1 0 0 0 0 0 1 0 1 0 0 0 0 0 1 0 1 0 0 0 0 0 1 0 1 0 0 0 0 0 1 0 1 0 0 0 1 0 0 0 0 0 1 0 1 0 0 0 0 0 1 0 1 0 0 0 0 0 1 0 1 0 0 0 0 0 1 0 1 0 0 0 1 0 0 0 0 0 1 0 1 0 0 0 0 0 1 0 1 0 0 0 0 0 1 0 1 0 0 0 0 0 1 0 1 0 0 0 0 0 1 0 1 0 0 0 0 0 1 0 1 0 0 0 0 0 1 0 1 0 0 0 1 0 0 0 1 0 0 0 0 0 1 0 1 0 0 0 1 0 0 0 0 0 1 0 1 0 0 0 0 0 1 0 1 0 0 0 0 0 1 0 0 0 1 0 1 0 0 0 0 0 1 0 1 0 0 0 0 0 1 0 1 0 0 0 1 0 0 0 0 0 1 0 1 0 0 0 1 0 0 0 1 0 0 0 1 0 0 0 0 0 1 0 0 0 1 0 1 0 0 0 0 0 1 0 1 0 0 0 1 0 0 0 1 0 0 0 0 0 1 0 1 0 0 0 0 0 1 0 1 0 0 0 0 0 1 0 0 0 1 0 1 0 0 0 0 0 1 0 1 0 0 0 0 0 1 0 0 0 1 0 0 0 1 0 0 0 1 0 0 0 1 0 1 0 0 0 1 0 0 0 1 0 0 0 0 0 1 0 1 0 0 0 1 0 0 0 0 0 1 0 0 0 1 0 0 0 1 0 1 0 0 0 0 0 1 0 1 0 0 0 0 0 1 0 1 0 0 0 0 0 1 0 1 0 0 0 0 0 1 0 1 0 0 0 1 0 0 0 1 0 0 0 0 0 1 0 1 0 0 0 0 0 1 0 0 0 1 0 1 0 0 0 1 0 0 0 1 0 0 0 1 0 0 0 0 0 1 0 1 0 0 0 0 0 1 0 1 0 0 0 0 0 1 0 0 0 1 0 0 0 1 0 1 0 0 0 1 0 0 0 0 0 1 0 0 0 1 0 1 0 0 0 1 0 0 0 1 0 0 0 0 0 1 0 0 0 1 0 1 0 0 0 0 0 1 0 1 0 0 0 0 0 1 0 1 0 0 0 1 0 0 0 1 0 0 0 0 0 1 0 0 0 1 0 1 0 0 0 0 0 1 0 1 0 0 0 1 0 0 0 1 0 0 0 0 0 1 0 1 0 0 0 0 0 1 0 1 0 0 0 1 0 0 0 0 0 1 0 1 0 0 0 1 0 0 0 1 0 0 0 1 0 0 0 0 0 1 0 0 0 1 0 0 0 1 0 0 0 1 0 0 0 1 0 1 0 0 0 0 0 1 0 1 0 0 0 0 0 1 0 1 0 0 0 0 0 1 0 1 0 0 0 1 0 0 0 0 0 1 0 1 0 0 0 0 0 1 0 0 0 1 0 1 0 0 0 0 0 1 0 1 0 0 0 0 0 1 0 1 0 0 0 1 0 0 0 0 0 1 0 0 0 1 0 1 0 0 0 0 0 1 0 1 0 0 0 0 0 1 0 0 0 1 0 0 0 1 0 1 0 0 0 1 0 0 0 1 0 0 0 0 0 1 0 0 0 1 0 0 0 1 0 0 0 1 0 1 0 0 0 0 0 1 0 0 0 1 0 0 0 1 0 1 0 0 0 1 0 0 0 1 0 0 0 0 0 1 0 1 0 0 0 0 0 1 0 1 0 0 0 1 0 0 0 0 0 1 0 1 0 0 0 0 0 1 0 1 0 0 0 0 0 1 0 1 0 0 0 0 0 1 0 1 0 0 0 0 0 1 0 1 0 0 0 1 0 0 0 1 0 0 0 0 0 1 0 1 0 0 0 0 0 1 0 1 0 0 0 1 0 0 0 0 0 1 0 0 0 1 0 1 0 0 0 0 0 1 0 1 0 0 0 0 0 1 0 1 0 0 0 0 0 1 0 1 0 0 0 0 0 1 0 0 0 1 0 0 0 1 0 0 0 1 0 1 0 0 0 0 0 1 0 0 0 1 0 0 0 1 0 1 0 0 0 0 0 1 0 1 0 0 0 0 0 1 0 0 0 1 0 1 0 0 0 1 0 0 0 0 0 1 0 1 1 1 1 1 1 1 1 1 1 1 1 1 1 1 1 1 1 1 1 1 1 1 1 1 1 1 1 1 1 1 1 1 1 1 1 1 1 1 1 1 1 1 1 1 1 1 1 1 1 1 1 1 1 1 1 1 1 1 1 1 1 1 1 1 1 1 1 1 1 1 1 1 1 1 1 1 1 1 1 1 1 1 1 1 1 1 1 1 1 1 1 1 1 1 1 1 1 1 1 1 1 1 1 1 1 1 1 1 1 1 1 1 1 1 1 1 1 1 1 1 1 1 1 1 1 1 1 1 1 1 1 1 1 1 1 1 1 1 1 1 1 1 1 1 1 1 1 1 1 1 1 1 1 1 1 1 1 1 1 1 1 1 1 1 1 1 1 1 1 1 1 1 1 1 1 1 1 1 1 1 1 1 1 1 1 1 1 1 1 1 1 1 1 1 1 1 1 1 1 1 1 1 1 1 1 1 1 1 1 1 1 1 1 1 1 1 1 1 1 1 1 1 1 1 1 1 1 1 1 1 1 1 1 1 1 1 1 1 1 1 1 1 1 1 1 1 1 1 1 1 1 1 1 1 1 1 1 1 1 1 1 1 1 1 1 1 1 1 1 1 1 1 1 1 1 1 1 1 1 1 1 1 1 1 1 1 1 1 1 1 1 1 1 1 1 1 1 1 1 1 1 1 1 1 1 1 1 1 1 1 1 1 1 1 1 1 1 1 1 1 1 1 1 1 1 1 1 1 1 1 1 1 1 1 1 1 1 1 1 1 1 1 1 1 1 1 1 1 1 1 1 1 1 1 1 1 1 1 1 1 1 1 1 1 1 1 1 1 1 1 1 1 1 1 1 1 1 1 1 1 1 1 1 1 1 1 1 1 1 1 1 1 1 1 1 1 1 1 1 1 1 1 1 1 1 1 1 1 1 1 1 1 1 1 1 1 1 1 1 1 1 1 1 1 1 1 1 1 1 1 1 1 1 1 1 1 1 1 1 1 1 1 1 1 1 1 1 1 1 1 1 1 1 1 1 1 1 1 1 1 1 1 1 1 1 1 1 1 1 1 1 1 1 1 1 1 1 1 1 1 1 1 1 1 1 1 1 1 1 1 1 1 0 0 0 0 0 1 0 1 0 0 0 0 0 1 0 1 0 0 0 1 0 0 0 1 0 0 0 0 0 1 0 0 0 1 0 1 0 0 0 1 0 0 0 1 0 0 0 0 0 1 0 1 0 0 0 0 0 1 0 1 0 0 0 1 0 0 0 0 0 1 0 0 0 1 0 1 0 0 0 0 0 1 0 1 0 0 0 0 0 1 0 1 0 0 0 0 0 1 0 0 0 1 0 0 0 1 0 1 0 0 0 0 0 1 0 1 0 0 0 0 0 1 0 1 0 0 0 0 0 1 0 1 0 0 0 0 0 1 0 1 0 0 0 0 0 1 0 1 0 0 0 0 0 1 0 1 0 0 0 0 0 1 0 1 0 0 0 0 0 1 0 1 0 0 0 0 0 1 0 0 0 1 0 1 0 0 0 1 0 0 0 0 0 1 0 0 0 1 0 1 0 0 0 0 0 1 0 1 0 0 0 0 0 1 0 1 0 0 0 0 0 1 0 1 0 0 0 0 0 1 0 1 0 0 0 0 0 1 0 1 0 0 0 0 0 1 0 1 0 0 0 1 0 0 0 0 0 1 0 0 0 1 0 1 0 0 0 0 0 1 0 1 0 0 0 0 0 1 0 1 0 0 0 0 0 1 0 0 0 1 0 0 0 1 0 1 0 0 0 0 0 1 0 0 0 1 0 1 0 0 0 0 0 1 0 1 0 0 0 1 0 0 0 0 0 1 0 1 0 0 0 0 0 1 0 0 0 1 0 1 0 0 0 0 0 1 0 1 0 0 0 0 0 1 0 1 0 0 0 0 0 1 0 1 0 0 1 1 1 1 1 1 1 1 1 1 1 1 1 1 1 1 1 1 1 1 1 1 1 1 1 1 1 1 1 1 1 1 1 1 1 1 1 1 1 1 1 1 1 1 1 1 1 1 1 1 1 1 1 1 1 1 1 1 1 1 1 1 1 1 1 1 1 1 1 1 1 1 0 1 0 0 0 0 0 1 0 1 0 0 0 1 0 0 0 0 0 1 0 1 0 0 0 1 0 0 0 0 0 1 0 1 0 0 0 1 0 0 0 0 0 1 0 0 0 1 0 1 0 0 0 0 0 1 0 0 0 1 0 1 0 0 0 1 0 0 0 0 0 1 0 1 0 0 0 1 0 0 0 0 0 1 0 0 0 1 0 1 0 0 0 0 0 1 0 0 0 1 0 1 0 0 0 1 0 0 0 0 0 1 0 1 0 0 0 1 0 0 0 0 0 1 0 0 0 1 0 1 0 0 0 0 0 1 0 0 0 1 0 1 0 0 0 1 0 0 0 0 0 1 0 0 0 1 0 0 0 1 0 1 0 0 0 1 0 0 0 0 0 1 0 1 0 0 0 1 0 0 0 0 0 1 0 0 0 1 0 1 0 0 0 0 0 1 0 0 0 1 0 1 0 0 0 1 0 0 0 0 0 1 0 1 0 0 0 1 0 0 0 0 0 1 0 0 0 1 0 1 0 0 0 0 0 1 0 0 0 1 0 1 0 0 0 1 0 0 0 0 0 1 0 1 0 0 0 1 0 0 0 1 0 0 0 0 0 1 0 0 0 1 0 1 0 0 0 0 0 1 0 0 0 1 0 1 0 0 0 1 0 0 0 0 0 1 0 1 0 0 0 0 0 1 0 0 0 1 0 1 0 0 0 0 0 1 0 1 0 0 0 0 0 1 0 1 0 0 0 0 0 1 0 1 0 0 0 0 0 1 0 1 0 0 0 0 0 1 0 0 0 1 0 1 0 0 0 0 0 1 0 1 0 0 0 0 0 1 0 1 0 0 0 0 0 1 0 1 0 0 0 0 0 1 0 1 0 0 0 0 0 1 0 1 0 0 0 0 0 1 0 1 0 0 0 0 0 1 0 1 0 0 0 0 0 1 0 1 0 0 0 0 0 1 0 1 0 0 0 0 0 1 0 1 0 0 0 0 0 1 0 1 0 0 0 0 0 1 0 1 0 0 0 0 0 1 0 1 0 0 0 0 0 1 0 1 0 0 0 0 0 1 0 1 0 0 0 0 0 1 0 1 0 0 0 0 0 1 0 1 0 0 0 0 0 1 0 1 0 0 0 0 0 1 0 1 0 0 0 0 0 1 0 1 0 0 0 0 0 1 0 1 0 0 0 0 0 1 0 1 0 0 0 0 0 1 0 1 0 0 0 0 0 1 0 1 0 0 0 0 0 1 0 1 0 0 0 0 0 1 0 1 0 0 0 1 0 0 0 0 0 1 0 1 0 0 0 0 0 1 0 1 0 0 0 0 0 1 0 1 0 0 0 1 0 0 0 0 0 1 0 1 0 0 0 0 0 1 0 1 0 0 0 1 0 0 0 1 0 0 0 0 0 1 0 0 0 1 0 1 0 0 0 0 0 1 0 1 0 0 0 0 0 1 0 1 0 0 0 0 0 1 0 1 0 0 0 0 0 1 0 1 0 0 0 0 0 1 0 0 0 1 0 1 0 0 0 0 0 1 0 1 0 0 0 0 0 1 0 1 0 0 0 0 0 1 0 1 0 0 0 0 0 1 0 1 0 0 0 0 0 1 0 1 0 0 0 0 0 1 0 1 0 0 0 0 0 1 0 1 0 0 0 0 0 1 0 1 0 0 0 0 0 1 0 1 0 0 0 0 0 1 0 1 0 0 0 0 0 1 0 1 0 0 0 0 0 1 0 1 0 0 0 0 0 1 0 1 0 0 0 0 0 1 0 1 0 0 0 0 0 1 0 1 0 0 0 0 0 1 0 1 0 0 0 0 0 1 0 1 0 0 0 0 0 1 0 1 0 0 0 0 0 1 0 1 0 0 0 0 0 1 0 1 0 0 0 0 0 1 0 1 0 0 0 0 0 1 0 1 0 0 0 0 0 1 0 1 0 0 0 0 0 1 0 1 0 0 0 0 0 1 0 1 0 0 0 0 0 1 0 1 0 0 0 1 0 0 0 0 0 1 0 0 0 1 0 1 0 0 0 1 0 0 0 0 0 1 0 1 0 0 0 0 0 1 0 1 0 0 0 1 0 0 0 0 0 1 0 1 0 0 0 0 0 1 0 1 0 0 0 0 0 1 0 1 0 0 0 0 0 1 0 1 0 0 0 0 0 1 0 1 0 0 0 0 0 1 0 1 0 0 0 0 0 1 0 1 0 0 0 0 0 1 0 1 0 0 0 0 0 1 0 1 0 0 0 0 0 1 0 1 0 0 0 0 0 1 0 1 0 0 0 0 0 1 0 1 0 0 0 0 0 1 0 1 0 0 0 0 0 1 0 1 0 0 0 0 0 1 0 1 0 0 0 0 0 1 0 1 0 0 0 0 0 1 0 1 0 0 0 0 0 1 0 1 0 0 0 0 0 1 0 1 0 0 0 0 0 1 0 1 0 0 0 0 0 1 0 1 0 0 0 0 0 1 0 1 0 0 0 0 0 1 0 1 0 0 0 0 0 1 0 1 0 0 0 0 0 1 0 1 0 0 0 0 0 1 0 1 0 0 0 0 0 1 0 1 0 0 0 0 0 1 0 1 0 0 0 0 0 1 0 1 0 0 0 0 0 1 0 1 0 0 0 0 0 1 0 1 0 0 0 0 0 1 0 1 0 0 0 0 0 1 0 1 0 0 0 0 0 1 0 1 0 0 0 0 0 1 0 1 0 0 0 0 0 1 0 1 0 0 0 0 0 1 0 1 0 0 0 0 0 1 0 1 0 0 0 0 0 1 0 1 0 0 0 0 0 1 0 1 0 0 0 0 0 1 0 1 0 0 0 1 0 0 0 0 0 1 0 1 0 0 0 0 0 1 0 1 0 0 0 1 0 0 0 0 0 1 0 1 0 0 0 0 0 1 0 1 0 0 0 0 0 1 0 1 0 0 0 0 0 1 0 1 0 0 0 0 0 1 0 1 0 0 0 0 0 1 0 1 0 0 0 0 0 1 0 1 0 0 0 0 0 1 0 1 0 0 0 0 0 1 0 1 0 0 0 0 0 1 0 1 0 0 0 0 0 1 0 1 0 0 0 0 0 1 0 1 0 0 0 0 0 1 0 0 0 1 0 1 0 0 0 0 0 1 0 1 0 0 0 0 0 1 0 1 0 0 0 0 0 1 0 1 0 0 0 0 0 1 0 1 0 0 0 0 0 1 0 1 0 0 0 0 0 1 0 1 0 0 0 0 0 1 0 1 0 0 0 0 0 1 0 1 0 0 0 0 0 1 0 1 0 0 0 0 0 1 0 1 0 0 0 0 0 1 0 1 0 0 0 0 0 1 0 1 0 0 0 0 0 1 0 1 0 0 0 0 0 1 0 1 0 0 0 0 0 1 0 0 0 1 0 1 0 0 0 1 0 0 0 0 0 1 0 1 0 0 0 1 0 0 0 0 0 1 0 1 0 0 0 1 0 0 0 0 0 1 0 0 0 1 0 0 0 1 0 0 0 1 0 1 0 0 0 1 0 0 0 0 0 1 0 1 0 0 0 1 0 0 0 0 0 1 0 0 0 1 0 1 0 0 0 0 0 1 0 0 0 1 0 1 0 0 0 1 0 0 0 0 0 1 0 1 0 0 0 1 0 0 0 0 0 1 0 0 0 1 0 1 0 0 0 0 0 1 0 0 0 1 0 1 0 0 0 1 0 0 0 0 0 1 0 0 0 1 0 0 0 1 0 1 0 0 0 1 0 0 0 0 0 1 0 1 0 0 0 1 0 0 0 0 0 1 0 0 0 1 0 1 0 0 0 0 0 1 0 0 0 1 0 1 0 0 0 1 0 0 0 0 0 1 0 1 0 0 0 1 0 0 0 0 0 1 0 0 0 1 0 1 0 0 0 0 0 1 0 0 0 1 0 1 0 0 0 1 0 0 0 0 0 1 0 1 0 0 0 1 0 0 0 0 0 1 0 0 0 1 0 1 0 0 0 0 0 1 0 0 0 1 0 1 0 0 0 1 0 0 0 0 0 1 0 1 0 0 0 1 0 0 0 0 0 1 0 0 0 1 0 1 0 0 0 0 0 1 0 0 0 1 0 1 0 0 0 1 0 0 0 0 0 1 0 1 0 0 0 1 0 0 0 0 0 1 0 0 0 1 0 1 0 0 0 0 0 1 0 0 0 1 0 1 0 0 0 1 0 0 0 0 0 1 0 1 0 0 0 1 0 0 0 0 0 1 0 0 0 1 0 1 0 0 0 0 0 1 0 0 0 1 0 1 0 0 0 1 0 0 0 0 0 1 0 1 0 0 0 1 0 0 0 0 0 1 0 0 0 1 0 1 0 0 0 0 0 1 0 0 0 1 0 1 0 0 0 1 0 0 0 0 0 1 0 0 0 1 0 0 0 1 0 0 0 1 0 1 0 0 0 1 0 0 0 0 0 1 0 1 0 0 0 1 0 0 0 0 0 1 0 0 0 1 0 1 0 0 0 0 0 1 0 0 0 1 0 1 0 0 0 1 0 0 0 0 0 1 0 1 0 0 0 1 0 0 0 0 0 1 0 0 0 1 0 1 0 0 0 0 0 1 0 0 0 1 0 1 0 0 0 1 0 0 0 0 0 1 0 1 0 0 0 1 0 0 0 0 0 1 0 0 0 1 0 1 0 0 0 0 0 1 0 0 0 1 0 1 0 0 0 1 0 0 0 0 0 1 0 1 0 0 0 1 0 0 0 0 0 1 0 0 0 1 0 1 0 0 0 0 0 1 0 0 0 1 0 1 0 0 0 1 0 0 0 0 0 1 0 1 0 0 0 1 0 0 0 0 0 1 0 0 0 1 0 1 0 0 0 0 0 1 0 0 0 1 0 1 0 0 0 1 0 0 0 0 0 1 0 1 0 0 0 1 0 0 0 0 0 1 0 0 0 1 0 1 0 0 0 0 0 1 0 0 0 1 0 1 0 0 0 1 0 0 0 0 0 1 0 1 0 0 0 1 0 0 0 0 0 1 0 0 0 1 0 1 0 0 0 0 0 1 0 0 0 1 0 1 0 0 0 1 0 0 0 0 0 1 0 1 0 0 0 1 0 0 0 0 0 1 0 0 0 1 0 1 0 0 0 0 0 1 0 0 0 1 0 1 0 0 0 1 0 0 0 0 0 1 0 1 0 0 0 1 0 0 0 0 0 1 0 0 0 1 0 1 0 0 0 0 0 1 0 1 0 0 0 1 0 0 0 1 0 0 0 0 0 1 0 0 0 1 0 0 0 1 0 1 0 0 0 0 0 1 0 1 0 0 0 0 0 1 0 1 0 0 0 0 0 1 0 1 0 0 0 0 0 1 0 1 0 0 0 0 0 1 0 1 0 0 0 0 0 1 0 1 0 0 0 0 0 1 0 1 0 0 0 0 0 1 0 1 0 0 0 0 0 1 0 1 0 0 0 0 0 1 0 0 0 1 0 0 0 1 0 1 0 0 0 0 0 1 0 1 0 0 0 0 0 1 0 1 0 0 0 0 0 1 0 1 0 0 0 0 0 1 0 1 0 0 0 0 0 1 0 1 0 0 0 0 0 1 0 1 0 0 0 0 0 1 0 1 0 0 0 0 0 1 0 1 0 0 0 0 0 1 0 1 0 0 0 0 0 1 0 1 0 0 0 0 0 1 0 0 0 1 0 1 0 0 0 0 0 1 0 1 0 0 0 0 0 1 0 1 0 0 0 0 0 1 0 1 0 0 0 1 0 0 0 0 0 1 0 1 0 0 0 0 0 1 0 1 0 0 0 0 0 1 0 1 0 0 0 0 0 1 0 1 0 0 0 0 0 1 0 0 0 1 0 1 0 0 0 0 0 1 0 1 0 0 0 0 0 1 0 1 0 0 0 0 0 1 0 1 0 0 0 0 0 1 0 1 0 0 0 0 0 1 0 1 0 0 0 1 0 0 0 0 0 1 0 1 0 0 0 0 0 1 0 1 0 0 0 0 0 1 0 1 0 0 0 1 0 0 0 0 0 1 0 1 0 0 0 0 0 1 0 1 0 0 0 0 0 1 0 1 0 0 0 0 0 1 0 1 0 0 0 0 0 1 0 1 0 0 0 0 0 1 0 1 0 0 0 1 0 0 0 0 0 1 0 1 0 0 0 0 0 1 0 1 0 0 0 0 0 1 0 1 0 0 0 0 0 1 0 0 0 1 0 1 0 0 0 1 0 0 0 0 0 1 0 1 0 0 0 0 0 1 0 1 0 0 0 1 0 0 0 0 0 1 0 1 0 0 0 0 0 1 0 1 0 0 0 0 0 1 0 1 0 0 0 0 0 1 0 1 0 0 0 0 0 1 0 0 0 1 0 0 0 1 0 1 0 0 0 0 0 1 0 1 0 0 0 0 0 1 0 1 0 0 0 1 0 0 0 0 0 1 0 1 0 0 0 1 0 0 0 0 0 1 0 1 0 0 0 1 0 0 0 0 0 1 0 1 0 0 0 1 0 0 0 1 0 0 0 0 0 1 0 1 0 0 0 0 0 1 0 0 0 1 0 1 0 0 0 1 0 0 0 0 0 1 0 0 0 1 0 1 0 0 0 1 0 0 0 0 0 1 0 0 0 1 0 1 0 0 0 1 0 0 0 0 0 1 0 0 0 1 0 0 0 1 0 1 0 0 0 1 0 0 0 0 0 1 0 1 0 0 0 0 0 1 0 1 0 0 0 1 0 0 0 1 0 0 0 0 0 1 0 0 0 1 0 1 0 0 0 1 0 0 0 0 0 1 0 0 0 1 0 1 0 0 0 1 0 0 0 0 0 1 0 0 0 1 0 1 0 0 0 1 0 0 0 0 0 1 0 1 0 0 0 1 0 0 0 0 0 1 0 1 0 0 0 0 0 1 0 1 0 0 0 0 0 1 0 1 0 0 0 0 0 1 0 0 0 1 0 1 0 0 0 0 0 1 0 0 0 1</float_array>
          <technique_common>
            <accessor source="#GeometrySource3-array" count="6072" stride="4">
              <param name="R" type="float"/>
              <param name="G" type="float"/>
              <param name="B" type="float"/>
              <param name="A" type="float"/>
            </accessor>
          </technique_common>
        </source>
        <vertices id="Geometry-vertices">
          <input semantic="POSITION" source="#GeometrySource"/>
          <input semantic="NORMAL" source="#GeometrySource1"/>
          <input semantic="TEXCOORD" source="#GeometrySource2"/>
          <input semantic="COLOR" source="#GeometrySource3"/>
        </vertices>
        <triangles material="VisualMaterial0" count="7776">
          <input semantic="VERTEX" source="#Geometry-vertices" offset="0"/>
          <p>0 1 2 3 4 5 6 7 8 8 7 9 10 9 7 11 9 10 10 12 11 12 13 11 10 7 14 10 15 12 12 15 16 17 18 15 14 17 10 15 10 17 19 17 14 20 18 17 21 20 17 17 19 21 22 20 21 23 22 21 22 24 20 22 25 26 24 22 26 27 28 29 27 29 30 30 29 31 32 33 27 32 27 34 34 27 35 36 32 34 37 32 36 38 39 40 41 39 38 42 43 41 44 45 46 47 48 49 49 48 50 51 50 48 50 51 52 53 52 51 51 54 53 54 55 53 54 51 56 56 51 57 57 51 58 54 59 60 61 62 63 63 64 61 61 64 65 61 65 66 66 65 67 66 67 68 69 70 71 72 73 74 61 72 74 66 72 61 72 66 75 72 76 77 72 75 76 78 70 79 78 80 70 60 81 82 83 81 84 85 86 87 86 85 88 88 85 89 89 90 88 91 90 89 90 91 92 92 91 93 94 95 87 96 95 94 87 97 94 98 99 93 99 98 100 99 100 101 49 101 47 102 101 100 47 101 102 49 103 101 103 99 101 104 99 103 49 50 105 105 103 49 105 104 103 105 50 106 107 108 106 50 109 110 109 50 111 109 111 112 113 114 115 116 113 115 117 113 116 113 118 114 119 118 113 119 113 120 113 117 120 121 120 117 116 121 117 121 116 122 121 123 120 123 121 124 125 126 127 125 127 128 129 128 127 128 129 130 130 129 131 132 133 134 134 133 135 135 133 136 134 137 132 132 137 138 137 139 138 139 137 140 140 137 141 142 139 140 143 135 136 134 135 144 144 137 134 141 137 144 135 145 144 146 135 143 145 135 146 138 139 147 139 148 147 149 139 142 148 139 149 150 136 151 150 59 152 153 154 155 155 154 64 156 52 53 156 53 157 53 55 158 7 159 14 7 6 159 159 6 160 161 159 160 161 162 159 163 164 165 166 165 164 165 167 163 168 167 165 168 165 166 168 169 167 169 168 170 169 171 167 171 169 172 172 173 171 174 167 171 174 171 173 173 172 175 175 172 176 176 172 177 177 178 176 179 178 177 179 180 178 178 180 181 181 180 182 172 169 183 183 177 172 169 170 183 184 177 183 184 179 177 185 180 179 185 179 184 186 182 180 180 185 186 187 182 186 187 186 188 183 189 184 190 189 183 183 170 190 189 191 184 191 185 184 170 168 192 170 192 190 192 168 193 168 166 193 190 192 194 190 195 189 194 195 190 195 194 196 196 197 195 198 191 189 195 197 198 195 198 189 199 191 198 191 199 200 185 191 200 200 199 201 188 186 202 202 185 200 185 202 186 202 203 188 201 204 200 204 203 202 204 202 200 205 203 204 204 206 205 201 206 204 207 208 209 209 208 210 208 211 210 212 211 208 211 212 213 213 214 211 214 213 215 216 214 215 209 217 207 217 209 218 218 219 217 219 218 220 221 218 209 222 220 218 218 221 222 220 222 223 220 224 219 225 223 222 225 222 226 227 223 225 221 228 222 222 228 226 226 229 225 225 229 230 230 231 225 231 230 232 229 226 233 234 226 228 233 226 234 233 234 235 234 236 235 237 234 228 237 236 234 228 221 238 239 228 238 237 228 239 209 240 221 240 209 210 240 238 221 241 239 238 238 240 241 242 239 241 210 243 240 211 243 210 211 214 243 243 241 240 244 242 241 244 245 242 245 244 246 247 244 241 216 247 214 247 241 248 214 247 248 249 244 247 249 247 216 244 249 246 250 227 251 252 227 250 223 227 252 253 252 250 254 223 252 224 220 254 255 254 252 223 254 220 256 224 254 254 253 256 167 174 257 167 257 163 258 259 260 260 259 261 258 262 259 259 262 263 263 262 264 261 265 260 266 265 261 267 265 266 265 267 268 269 268 267 265 268 270 270 268 271 260 272 258 272 262 258 270 273 265 265 273 260 273 272 260 262 272 274 274 264 262 275 264 274 275 274 276 271 277 270 270 277 273 278 277 271 279 272 273 273 277 279 278 280 277 281 280 278 280 282 277 277 282 279 282 283 279 272 279 284 279 283 284 276 274 285 285 272 284 283 285 284 272 285 274 285 286 276 283 286 285 278 287 281 271 287 278 281 287 288 289 288 287 287 271 290 271 268 290 287 290 289 289 290 291 290 292 291 269 292 268 290 268 292 293 289 291 289 293 294 288 289 295 295 289 294 296 297 298 298 297 299 297 300 299 301 300 297 300 301 302 302 303 300 303 302 304 305 303 304 298 306 296 306 298 307 307 308 306 308 307 309 310 307 298 311 309 307 307 310 311 309 312 308 311 310 313 314 311 313 313 310 315 313 316 314 314 316 317 316 313 318 319 313 315 318 313 319 320 319 315 320 315 321 315 322 321 298 322 310 322 298 299 322 315 310 300 303 323 300 323 299 323 321 322 299 323 322 324 321 323 305 324 303 324 320 321 303 324 323 325 320 324 325 324 305 326 314 317 326 317 327 326 327 328 314 329 311 309 311 329 329 330 309 312 309 330 331 312 330 330 332 331 330 329 333 332 330 333 334 329 314 332 333 334 329 334 333 314 335 334 336 337 338 339 340 341 342 343 344 343 345 344 346 344 345 347 346 345 346 347 348 348 347 349 346 350 344 346 348 351 348 352 351 351 353 346 353 351 354 350 346 353 355 350 353 356 353 354 353 357 355 357 353 356 358 357 356 359 357 358 358 356 360 360 361 358 358 361 362 363 364 365 363 366 364 366 367 364 368 363 369 368 370 363 370 371 363 372 370 368 373 372 368 374 375 376 377 374 376 378 377 379 380 381 382 383 384 385 384 386 385 387 385 386 386 388 387 389 387 388 387 389 390 390 389 391 390 392 387 392 393 387 393 394 387 390 395 396 397 398 399 398 397 400 397 401 400 397 402 401 402 403 401 402 404 403 405 406 407 408 409 410 408 411 409 408 410 412 408 412 402 402 397 408 397 413 408 414 415 407 414 407 416 395 417 418 419 420 418 421 422 423 423 424 421 424 425 421 425 424 426 427 425 426 428 93 427 426 428 427 96 429 95 429 422 95 422 429 430 98 93 431 431 432 98 384 383 433 431 433 432 383 434 433 434 432 433 384 433 435 435 433 431 436 435 431 384 437 386 437 435 436 437 384 435 437 438 386 439 438 440 386 441 442 442 443 386 442 444 443 445 115 114 446 115 445 447 446 445 445 114 448 449 445 448 445 450 447 449 450 445 446 447 451 451 447 450 451 452 446 451 450 453 453 454 451 455 456 457 455 458 456 459 456 458 458 460 459 460 461 459 462 463 464 463 465 464 465 466 464 463 462 467 462 468 467 467 468 469 469 470 467 470 471 467 472 470 469 473 466 465 471 474 467 474 463 467 463 474 465 465 474 475 476 473 465 475 476 465 468 477 469 469 477 478 479 472 469 478 479 469 480 481 466 480 482 396 483 400 484 485 483 484 486 389 388 486 487 389 389 488 391 344 489 342 489 490 342 344 350 489 491 490 489 491 489 492 493 494 495 496 495 494 494 493 497 498 494 497 498 496 494 498 497 499 499 500 498 499 497 501 501 502 499 502 501 503 504 503 501 504 501 497 503 505 502 505 506 502 506 507 502 507 506 508 509 507 508 509 508 510 508 511 510 511 512 510 513 502 507 499 513 500 502 513 499 514 513 507 514 507 509 515 509 510 515 514 509 510 516 515 516 510 512 517 516 512 517 518 516 513 514 519 520 513 519 513 520 500 521 514 515 519 514 521 500 520 522 500 522 498 522 523 498 498 523 496 520 524 522 520 519 525 524 520 525 525 526 524 526 525 527 525 528 527 528 519 521 525 519 528 529 528 521 521 530 529 515 530 521 530 531 529 532 530 515 515 516 532 518 532 516 532 518 533 534 530 532 534 532 533 531 530 534 535 534 533 531 534 536 534 535 536 537 538 539 538 540 539 539 540 541 542 539 541 541 543 542 543 541 544 544 545 543 546 545 544 538 537 547 547 548 538 548 547 549 549 550 548 551 538 548 552 548 550 548 552 551 550 553 552 550 549 554 555 552 553 555 556 552 557 555 553 551 552 558 552 556 558 556 555 559 555 560 559 560 555 561 561 562 560 559 563 556 564 558 556 563 564 556 563 565 564 564 565 566 567 558 564 567 564 566 558 568 551 569 568 558 567 569 558 538 551 570 570 540 538 570 551 568 571 568 569 568 571 570 572 571 569 540 570 573 541 540 573 541 573 544 573 570 571 574 571 572 574 572 575 575 576 574 577 571 574 546 544 577 544 578 577 577 578 571 579 546 577 579 577 574 574 576 579 580 562 561 581 580 561 553 581 557 582 580 581 553 550 583 584 581 583 583 581 553 554 583 550 585 583 554 583 585 582 497 493 586 497 586 504 587 588 589 588 590 589 587 589 591 589 592 591 592 593 591 590 588 594 595 590 594 596 595 594 594 597 596 598 596 597 594 599 597 599 600 597 601 587 591 588 587 601 599 594 602 594 588 602 602 588 601 591 603 601 603 591 593 604 603 593 604 605 603 600 599 606 599 602 606 607 600 606 602 608 606 608 602 601 607 606 609 610 607 609 606 608 611 609 606 611 611 608 612 601 613 608 608 613 612 601 603 614 605 614 603 614 613 601 612 613 614 612 614 615 614 605 615 607 610 616 600 607 616 610 617 616 618 616 617 616 618 619 600 619 597 616 619 600 618 620 619 598 597 621 619 621 597 619 620 621 622 620 618 618 623 622 624 623 618 617 624 618 625 626 627 626 628 627 627 628 629 630 627 629 629 631 630 631 629 632 632 633 631 634 633 632 626 625 635 635 636 626 636 635 637 637 638 636 639 626 636 640 636 638 636 640 639 638 637 641 640 642 639 643 642 640 642 644 639 642 643 645 643 646 645 645 647 642 648 644 642 647 648 642 649 644 648 649 650 644 626 639 651 644 650 651 651 639 644 651 628 626 629 628 652 652 651 650 628 651 652 629 652 632 653 652 650 632 652 653 634 632 653 653 650 649 654 634 653 654 653 649 655 646 643 655 656 646 655 657 656 638 658 640 643 640 658 641 659 638 658 638 659 660 659 641 659 660 661 659 662 658 661 662 659 658 662 663 663 643 658 661 663 662 643 663 664 665 666 667 667 666 668 666 669 668 670 669 666 670 671 669 672 671 670 672 673 671 674 673 672 672 670 675 675 674 672 670 676 675 676 677 678 666 677 670 666 665 677 670 677 676 679 680 678 673 681 671 671 682 669 671 681 682 681 683 682 682 683 684 682 684 685 669 685 668 669 682 685 685 684 686 687 685 688 668 685 687 689 668 687 667 668 689 689 687 690 677 691 692 677 665 693 694 695 696 696 695 697 696 697 679 679 697 698 680 679 699 699 679 698 700 680 699 701 702 680 701 680 700 675 703 704 665 705 706 706 705 707 708 706 707 709 706 708 710 709 708 673 711 710 674 711 673 711 709 710 706 709 712 710 713 673 673 713 681 710 708 713 681 714 683 713 714 681 713 708 715 713 715 714 708 707 715 715 716 717 715 707 716 707 705 716 716 718 719 716 705 718 711 720 709 665 706 721 722 723 724 722 724 725 722 725 726 724 701 727 725 724 727 727 701 700 726 728 694 726 725 728 694 728 729 701 724 730 731 732 733 732 731 734 732 734 735 735 734 736 737 733 732 732 738 737 737 738 739 733 740 741 737 742 743 744 737 739 744 745 737 732 746 738 735 736 747 748 735 747 747 749 748 748 749 750 751 752 753 754 755 756 757 756 755 757 755 745 757 745 758 759 756 757 759 757 758 760 754 756 760 753 754 761 751 762 756 763 764 765 766 767 756 764 768 768 764 769 766 770 771 765 770 766 772 773 774 774 773 775 775 773 776 777 775 776 774 775 778 779 772 774 773 780 776 776 780 781 782 773 783 776 784 777 777 785 775 775 785 786 787 785 788 787 789 785 783 790 782 791 782 790 790 792 791 792 790 793 793 790 794 783 794 790 785 795 786 786 795 796 797 798 799 800 801 802 803 804 772 772 805 806 772 807 808 794 805 809 810 809 805 804 811 783 812 811 809 813 811 812 793 811 814 814 811 813 815 813 812 816 813 815 817 816 815 813 818 814 816 818 813 817 818 816 819 783 773 746 820 735 821 822 748 746 822 821 823 821 748 823 748 750 750 749 824 750 824 823 761 825 826 826 827 828 829 830 831 832 830 829 832 829 833 834 835 825 778 836 774 774 836 837 837 807 772 837 838 839 840 841 842 836 843 844 845 846 840 847 846 845 848 849 850 851 849 848 851 848 852 744 739 853 758 853 763 763 853 854 855 856 857 857 856 858 858 859 860 861 862 863 864 862 861 864 861 865 753 760 866 762 867 868 869 867 762 762 751 869 870 871 872 872 871 873 873 874 872 786 875 775 778 876 877 775 876 778 878 879 880 878 881 879 879 881 882 883 882 881 882 883 884 882 884 885 885 884 886 887 882 885 887 885 886 888 882 887 882 888 889 889 879 882 889 880 879 890 880 889 880 890 891 891 890 892 889 893 890 892 890 894 890 893 894 895 892 894 892 895 896 897 896 895 894 898 895 898 897 895 898 899 897 896 897 900 896 900 901 901 900 902 903 902 900 900 897 904 903 900 904 904 905 903 906 902 903 906 907 902 907 906 908 909 906 903 906 909 908 910 907 908 907 910 911 912 911 910 908 913 910 912 910 913 913 914 912 914 913 915 915 913 916 915 916 917 916 918 917 913 918 916 919 913 908 913 919 918 909 920 908 920 909 921 921 909 922 921 922 923 909 924 922 922 924 923 909 925 924 925 909 903 905 904 926 926 904 927 926 927 928 904 929 927 927 929 928 904 930 929 930 904 897 899 898 931 931 898 932 931 932 933 932 934 933 898 934 932 898 935 934 935 898 894 893 936 894 936 893 937 937 893 938 937 938 939 893 940 938 938 940 939 941 893 889 893 941 940 942 943 944 943 945 944 946 942 944 946 944 947 947 944 948 949 944 945 949 950 944 944 950 951 951 948 944 948 951 952 953 954 952 954 953 955 956 955 953 957 955 956 957 958 955 958 959 955 959 960 955 955 961 954 962 961 955 962 955 960 963 964 965 964 966 965 967 963 965 967 965 968 968 965 969 970 965 966 970 971 965 972 969 965 965 971 972 969 972 973 974 975 976 975 977 976 978 974 976 978 976 979 979 976 980 981 976 977 981 982 976 983 980 976 980 983 952 976 982 983 984 985 952 985 984 986 987 986 984 988 986 987 988 989 986 989 990 986 990 991 986 986 992 985 993 992 986 993 986 991 994 995 996 995 997 996 998 994 996 999 996 997 999 1000 996 996 1000 1001 998 996 1002 1003 1001 973 1001 1003 996 1002 996 1003 1004 1005 1006 1005 1007 1006 1006 1007 1008 1009 1006 1008 1009 1008 1010 1011 1009 1010 1011 1010 1012 1013 1011 1012 1011 1014 1009 1014 1011 1013 1009 1014 1015 1006 1016 1004 1006 1009 1016 1009 1015 1016 1015 1017 1016 1012 1010 1018 1010 1019 1018 1010 1008 1019 1018 1019 1020 1019 1021 1020 1008 1022 1019 1008 1007 1022 1019 1022 1021 1022 1023 1021 1007 1024 1022 1024 1025 1022 1005 1026 1007 1026 1027 1024 1026 1024 1007 1016 1028 1004 1016 1029 1028 1030 1031 1032 1031 1033 1032 1031 1034 1033 1034 1017 1035 1035 1036 1034 1037 1036 1035 1038 1037 1035 1034 1039 1033 1036 1039 1034 1038 1035 1040 1014 1041 1040 1004 1028 1042 1004 1042 1043 1042 1044 1043 1045 1044 1042 1046 1045 1042 1047 1045 1046 1048 1047 1046 1012 1047 1048 1013 1012 1048 1048 1046 1049 1047 1012 1050 1012 1018 1050 1047 1050 1045 1018 1020 1051 1050 1018 1051 1050 1052 1045 1050 1051 1052 1045 1052 1044 1052 1053 1044 1044 1053 1043 1052 1054 1053 1053 1055 1043 1053 1056 1055 1042 1057 1046 1058 1059 1060 1058 1061 1059 1058 1062 1061 1061 1063 1059 1059 1063 1064 1064 1065 1059 1063 1066 1064 1062 1030 1067 1062 1067 1061 1030 1068 1067 1069 1070 1071 1069 1072 1070 1072 1073 1070 1074 1069 1075 1069 1074 1076 1077 1075 1078 1077 1079 1075 1072 1080 1073 1081 1080 1072 1080 1081 1082 1081 1083 1082 1084 1085 1086 1087 1088 1089 1090 1089 1088 1090 1078 1089 1090 1077 1078 1091 1077 1090 1091 1090 1088 1092 1088 1087 1092 1087 1085 1093 1094 1084 1094 1085 1084 1088 1095 1091 1088 1092 1095 1096 1097 1098 1092 1099 1095 1098 1100 1101 1096 1098 1101 1102 1103 1104 1103 1105 1104 1105 1106 1104 1107 1106 1105 1103 1108 1105 1109 1103 1102 1104 1106 1110 1106 1111 1110 1112 1113 1104 1102 1104 1113 1106 1107 1114 1107 1105 1115 1105 1116 1115 1117 1118 1115 1117 1115 1119 1113 1112 1120 1120 1121 1122 1122 1123 1120 1113 1120 1124 1123 1124 1120 1115 1125 1119 1116 1126 1119 1123 1127 1124 1127 1128 1124 1128 1129 1124 1129 1130 1124 1131 1129 1128 1132 1131 1128 1133 1131 1132 1133 1132 1134 1132 1128 1134 1128 1127 1134 1124 1130 1135 1102 1113 1135 1136 1135 1130 1137 1102 1138 1138 1113 1124 1102 1139 1140 1109 1102 1140 1141 1083 1081 1083 1141 1142 1083 1142 1082 1141 1081 1143 1076 1143 1072 1143 1081 1144 1076 1072 1145 1146 1147 1148 1147 1149 1148 1093 1150 1094 1103 1109 1151 1109 1152 1151 1153 1103 1151 1154 1155 1156 1157 1155 1158 1155 1154 1158 1159 1160 1161 1162 1159 1161 1162 1163 1159 1077 1164 1079 1165 1166 1164 1077 1165 1164 1167 1168 1169 1168 1170 1169 1170 1168 1171 1172 1173 1174 1175 1172 1174 1175 1176 1172 1177 1178 1179 1085 1094 1180 1094 1177 1180 1085 1181 1092 1182 1183 1184 1183 1185 1184 1185 1183 1186 1116 1105 1187 1105 1108 1187 1108 1188 1189 1190 1116 1187 1190 1187 1191 1192 1193 1194 1192 1194 1195 1194 1196 1195 1197 1195 1196 1196 1198 1197 1196 1199 1198 1199 1200 1198 1201 1199 1196 1201 1200 1199 1202 1201 1196 1203 1196 1194 1196 1203 1202 1203 1194 1193 1204 1203 1193 1193 1205 1204 1205 1206 1204 1203 1204 1207 1204 1208 1207 1206 1208 1204 1209 1208 1206 1206 1210 1209 1211 1209 1210 1208 1209 1212 1212 1209 1211 1212 1211 1213 1210 1214 1211 1210 1215 1214 1215 1216 1214 1217 1214 1216 1217 1218 1214 1214 1218 1211 1218 1217 1219 1220 1217 1216 1220 1216 1221 1221 1222 1220 1223 1217 1220 1220 1222 1223 1224 1222 1221 1221 1225 1224 1226 1224 1225 1226 1227 1224 1222 1224 1227 1227 1226 1228 1228 1229 1227 1229 1230 1227 1229 1231 1230 1230 1231 1232 1227 1230 1232 1233 1222 1227 1227 1232 1233 1223 1222 1234 1234 1235 1223 1235 1236 1223 1235 1237 1236 1236 1237 1238 1223 1236 1238 1223 1238 1239 1239 1217 1223 1219 1240 1218 1240 1241 1218 1240 1242 1241 1218 1241 1243 1241 1242 1243 1244 1211 1218 1218 1243 1244 1213 1245 1212 1245 1246 1247 1245 1247 1212 1212 1247 1248 1247 1246 1248 1249 1208 1212 1212 1248 1249 1207 1208 1250 1250 1251 1207 1251 1252 1207 1251 1253 1252 1252 1253 1254 1207 1252 1254 1255 1203 1207 1207 1254 1255 1256 1257 1258 1258 1257 1259 1260 1257 1256 1260 1261 1257 1261 1262 1257 1263 1259 1257 1263 1257 1264 1265 1257 1262 1257 1265 1264 1262 1266 1265 1267 1266 1268 1268 1269 1267 1270 1267 1269 1271 1270 1269 1271 1269 1272 1272 1269 1273 1273 1269 1274 1269 1268 1275 1276 1269 1275 1276 1274 1269 1277 1278 1279 1279 1278 1280 1281 1278 1277 1281 1282 1278 1282 1283 1278 1284 1280 1278 1284 1278 1285 1286 1278 1283 1278 1286 1285 1283 1287 1286 1288 1289 1290 1290 1289 1291 1292 1289 1288 1292 1293 1289 1293 1294 1289 1295 1291 1289 1295 1289 1296 1297 1289 1294 1294 1266 1297 1289 1297 1296 1298 1266 1299 1299 1300 1298 1301 1298 1300 1302 1301 1300 1302 1300 1303 1303 1300 1304 1304 1300 1305 1300 1299 1306 1307 1300 1306 1307 1305 1300 1308 1309 1310 1310 1309 1311 1312 1309 1308 1313 1311 1309 1313 1309 1314 1309 1315 1314 1312 1316 1309 1316 1317 1309 1317 1287 1315 1315 1309 1317 1318 1319 1320 1319 1318 1321 1318 1322 1321 1318 1323 1322 1322 1323 1324 1324 1323 1325 1324 1325 1326 1324 1326 1327 1328 1329 1326 1330 1331 1332 1332 1331 1333 1334 1335 1336 1337 1334 1336 1338 1334 1337 1338 1339 1340 1341 1338 1340 1342 1343 1340 1342 1340 1344 1345 1339 1337 1345 1337 1336 1336 1330 1345 1346 1347 1345 1345 1330 1346 1346 1348 1349 1346 1330 1350 1346 1350 1348 1330 1332 1350 1351 1352 1353 1351 1354 1352 1348 1355 1356 1357 1353 1358 1357 1351 1353 1359 1356 1355 1360 1358 1359 1357 1358 1360 1361 1359 1355 1361 1360 1359 1348 1362 1355 1348 1350 1362 1361 1355 1362 1350 1332 1363 1350 1363 1362 1332 1333 1364 1332 1364 1363 1362 1365 1361 1328 1366 1367 1326 1368 1328 1326 1325 1368 1328 1368 1366 1369 1366 1368 1369 1368 1370 1370 1368 1325 1370 1371 1369 1369 1371 1372 1373 1366 1369 1369 1372 1373 1370 1325 1374 1375 1372 1371 1371 1376 1375 1377 1366 1373 1373 1372 1378 1373 1378 1377 1379 1372 1375 1379 1378 1372 1376 1380 1375 1380 1379 1375 1381 1377 1378 1382 1378 1379 1378 1382 1381 1380 1382 1379 1380 1383 1382 1384 1323 1318 1323 1384 1325 1320 1374 1384 1374 1325 1384 1320 1384 1318 1376 1371 1385 1374 1320 1385 1385 1370 1374 1385 1371 1370 1386 1383 1380 1376 1386 1380 1386 1387 1383 1320 1388 1385 1388 1376 1385 1376 1389 1386 1389 1387 1386 1389 1376 1388 1389 1388 1390 1320 1319 1390 1320 1390 1388 1389 1391 1387 1389 1390 1392 1391 1389 1392 1390 1393 1392 1390 1319 1394 1319 1321 1395 1319 1395 1394 1396 1390 1394 1397 1398 1399 1399 1398 1400 1397 1401 1398 1402 1401 1397 1401 1403 1398 1401 1404 1403 1405 1404 1406 1407 1400 1398 1398 1403 1407 1408 1400 1407 1409 1408 1407 1410 1408 1409 1409 1407 1411 1411 1407 1403 1404 1411 1403 1412 1411 1404 1404 1413 1412 1405 1413 1404 1397 1414 1415 1416 1417 1418 1418 1417 1419 1420 1419 1421 1421 1422 1420 1421 1423 1422 1422 1423 1424 1425 1424 1423 1426 1425 1423 1426 1427 1425 1427 1428 1425 1426 1429 1427 1425 1428 1430 1430 1424 1425 1421 1431 1432 1423 1421 1432 1432 1426 1423 1433 1432 1431 1434 1433 1431 1435 1433 1434 1434 1431 1436 1427 1437 1428 1426 1438 1429 1432 1439 1426 1439 1438 1426 1428 1440 1430 1430 1441 1424 1430 1440 1441 1442 1441 1440 1443 1442 1440 1444 1443 1440 1445 1443 1444 1424 1441 1446 1420 1422 1447 1447 1424 1446 1422 1424 1447 1420 1447 1448 1418 1420 1448 1449 1418 1448 1450 1418 1449 1416 1418 1450 1451 1450 1449 1448 1452 1449 1445 1453 1443 1442 1443 1454 1453 1454 1443 1451 1449 1455 1456 1455 1449 1449 1452 1456 1448 1457 1452 1457 1456 1452 1458 1448 1447 1458 1457 1448 1458 1447 1446 1459 1458 1446 1459 1446 1460 1442 1460 1441 1460 1442 1454 1460 1446 1441 1461 1462 1463 1463 1462 1464 1465 1461 1463 1466 1461 1465 1463 1464 1467 1467 1464 1468 1465 1463 1469 1469 1463 1467 1469 1470 1465 1471 1470 1469 1471 1472 1470 1473 1472 1471 1461 1466 1474 1466 1475 1476 1477 1478 1479 1477 1479 1480 1477 1480 1481 1482 1483 1481 1482 1481 1484 1481 1485 1484 1486 1483 1482 1486 1482 1487 1487 1488 1486 1486 1488 1489 1480 1490 1481 1490 1485 1481 1491 1487 1482 1482 1484 1491 1491 1484 1492 1489 1493 1486 1486 1493 1494 1461 1495 1462 1413 1496 1497 1497 1496 1498 1498 1499 1497 1500 1499 1498 1499 1500 1501 1501 1500 1502 1501 1502 1503 1503 1502 1504 1505 1506 1507 1505 1508 1506 1507 1506 1509 1505 1507 1510 1511 1512 1513 1514 1515 1516 1515 1517 1518 1519 1520 1521 1521 1520 1522 1523 1524 1521 1523 1525 1524 1515 1526 1527 1523 1527 1525 1515 1527 1528 1521 1522 1529 1523 1521 1529 1530 1523 1529 1531 1530 1529 1522 1520 1532 1533 1522 1532 1532 1520 1534 1535 1531 1529 1536 1531 1535 1537 1535 1533 1537 1536 1535 1511 1538 1539 1519 1540 1541 1542 1541 1543 1519 1541 1544 1544 1520 1519 1520 1544 1545 1546 1520 1545 1534 1520 1546 1542 1538 1547 1511 1547 1538 1546 1545 1548 1544 1542 1549 1545 1544 1549 1542 1550 1549 1531 1550 1530 1550 1531 1549 1537 1551 1536 1531 1536 1551 1551 1537 1548 1531 1551 1552 1553 1554 1555 1554 1556 1555 1553 1557 1554 1558 1557 1553 1559 1560 1561 1562 1561 1560 1561 1562 1563 1561 1563 1564 1565 1566 1567 1566 1568 1567 1569 1565 1567 1570 1569 1567 1571 1569 1570 1572 1571 1570 1573 1568 1566 1574 1573 1566 1574 1575 1573 1575 1576 1573 1577 1576 1575 1578 1577 1575 1577 1578 1579 1580 1577 1579 1580 1579 1581 1582 1580 1581 1579 1578 1583 1579 1583 1584 1581 1579 1584 1575 1574 1585 1575 1585 1586 1578 1586 1583 1578 1575 1586 1581 1584 1587 1566 1565 1588 1566 1588 1589 1565 1569 1590 1565 1590 1588 1569 1591 1590 1569 1571 1591 1582 1592 1580 1580 1592 1577 1582 1593 1592 1592 1594 1595 1592 1595 1577 1577 1595 1596 1576 1577 1596 1594 1597 1595 1598 1596 1595 1597 1598 1595 1598 1599 1596 1576 1596 1600 1573 1600 1568 1573 1576 1600 1601 1568 1600 1601 1602 1568 1570 1567 1602 1602 1601 1603 1602 1567 1568 1572 1570 1604 1604 1570 1602 1605 1606 1607 1605 1607 1608 1608 1607 1609 1610 1611 1612 1610 1613 1611 1614 1611 1613 1614 1609 1611 1608 1609 1614 1613 1610 1615 1616 1613 1615 1615 1610 1617 1618 1612 1619 1618 1610 1612 1610 1618 1620 1617 1610 1620 1620 1618 1621 1622 1618 1619 1597 1594 1623 1598 1597 1623 1594 1624 1623 1622 1619 1623 1621 1618 1625 1618 1622 1625 1625 1622 1626 1627 1622 1623 1627 1623 1624 1627 1624 1628 1627 1628 1629 1630 1617 1620 1621 1630 1620 1617 1630 1631 1632 1631 1630 1630 1621 1633 1633 1632 1630 1626 1634 1625 1634 1621 1625 1621 1634 1635 1636 1635 1634 1637 1636 1634 1634 1626 1637 1629 1638 1627 1629 1639 1638 1638 1640 1627 1641 1640 1638 1640 1641 1642 1643 1642 1641 1641 1644 1643 1645 1641 1638 1641 1645 1644 1626 1622 1646 1646 1627 1640 1622 1627 1646 1647 1626 1646 1640 1647 1646 1626 1647 1648 1649 1648 1647 1650 1649 1647 1647 1640 1650 1651 1652 1653 1652 1654 1655 1654 1656 1655 1656 1657 1658 1657 1659 1658 1659 1660 1661 1660 1662 1661 1662 1663 1664 1660 1665 1662 1666 1660 1659 1665 1660 1666 1667 1665 1666 1657 1668 1659 1657 1669 1668 1669 1657 1656 1669 1670 1668 1654 1671 1656 1672 1663 1662 1663 1672 1673 1673 1672 1674 1663 1673 1675 1676 1651 1653 1677 1676 1678 1677 1678 1679 1354 1680 1352 1681 1677 1679 1682 1651 1676 1651 1683 1652 1651 1682 1683 1682 1684 1683 1685 1677 1681 1677 1685 1676 1686 1685 1681 1687 1688 1689 1687 1690 1688 1690 1687 1691 1692 1690 1691 1691 1687 1693 1671 1654 1694 1694 1654 1652 1695 1671 1694 1696 1697 1688 1696 1698 1699 1700 1680 1354 1614 1613 1701 1613 1616 1701 1702 1614 1701 1703 1702 1701 1616 1703 1701 1702 1703 1704 1705 1704 1703 1703 1616 1706 1706 1705 1703 1707 1614 1702 1608 1614 1707 1702 1708 1707 1708 1702 1709 1709 1710 1708 1711 1608 1707 1708 1711 1707 1712 1608 1711 1605 1608 1712 1713 1605 1712 1711 1714 1712 1714 1713 1712 1713 1714 1715 1714 1711 1716 1714 1716 1717 1710 1718 1708 1711 1708 1718 1617 1719 1615 1719 1616 1615 1616 1719 1720 1721 1720 1719 1719 1617 1722 1722 1721 1719 1440 1428 1723 1723 1724 1725 1726 1723 1428 1724 1723 1726 1445 1724 1727 1728 1729 1730 1731 1732 1733 1734 1731 1733 1735 1732 1736 1735 1733 1732 1737 1734 1733 1737 1733 1735 1735 1738 1739 1735 1739 1737 1728 1731 1740 1740 1731 1734 1480 1479 1741 1742 1743 1744 1745 1746 1742 1747 1746 1745 1748 1749 1747 1750 1749 1748 1751 1752 1750 1753 1752 1751 1754 1755 1753 1745 1742 1756 1756 1757 1745 1757 1747 1745 1758 1757 1756 1748 1747 1759 1748 1759 1760 1760 1750 1748 1760 1759 1761 1751 1750 1762 1763 1753 1751 1762 1763 1751 1764 1763 1762 1754 1753 1765 1754 1765 1766 1766 1767 1754 1767 1755 1754 1766 1765 1768 1769 1770 1767 1769 1771 1770 1772 1771 1769 1773 1772 1769 1769 1767 1773 1774 1772 1773 1775 1776 1777 1775 1777 1778 1778 1779 1775 1780 1779 1778 1781 1777 1782 1781 1783 1784 1779 1785 1775 1700 1786 1787 1786 1788 1787 1789 1788 1786 1789 1790 1788 1791 1792 1793 1794 1795 1796 1797 1795 1794 1798 1795 1799 1798 1800 1795 1791 1801 1802 1801 1803 1796 1794 1803 1804 1801 1805 1803 1803 1805 1804 1341 1806 1338 1794 1804 1806 1797 1794 1806 1338 1806 1334 1806 1804 1807 1334 1807 1335 1806 1807 1334 1804 1808 1807 1804 1805 1808 1801 1791 1809 1805 1801 1809 1791 1793 1810 1791 1810 1809 1809 1811 1812 1809 1810 1811 1811 1813 1812 1811 1814 1813 1811 1815 1814 1810 1815 1811 1793 1816 1810 1816 1815 1810 1816 1817 1815 1793 1818 1816 1793 1819 1818 1820 1818 1819 1821 1790 1789 1821 1822 1790 1821 1823 1822 1823 1820 1822 1824 1818 1820 1824 1816 1818 1824 1820 1823 1825 1826 1827 1827 1826 1828 1828 1826 1829 1827 1828 1830 1828 1831 1832 1833 1834 1835 1836 1834 1833 1837 1838 1839 1840 1839 1838 1841 1840 1838 1842 1837 1839 1842 1839 1843 1842 1843 1844 1844 1843 1845 1324 1327 1846 1840 1841 1846 1847 1848 1849 1849 1848 1850 1851 1852 1853 1853 1854 1851 1855 1856 1857 1858 1859 1860 1861 1862 1863 1864 1865 1866 1866 1867 1864 1864 1867 1868 1868 1867 1869 1869 1867 1870 1871 1870 1867 1872 1870 1871 1872 1873 1870 1872 1844 1873 1844 1845 1873 1869 1874 1868 1875 1874 1876 1868 1874 1875 1875 1876 1877 1878 1877 1879 1878 1880 1877 1881 1880 1878 1882 1880 1881 1882 1883 1880 1877 1884 1875 1880 1884 1877 1883 1884 1880 1883 1882 1885 1882 1886 1885 1882 1887 1886 1887 1882 1881 1883 1888 1884 1889 1885 1886 1885 1889 1890 1891 1887 1881 1891 1881 1892 1887 1891 1893 1887 1893 1886 1894 1889 1886 1894 1886 1893 1890 1889 1895 1895 1889 1894 1896 1893 1891 1897 1893 1896 1895 1894 1897 1893 1897 1894 1895 1897 1898 1888 1899 1884 1865 1864 1899 1888 1865 1899 1900 1888 1883 1900 1883 1885 1890 1900 1885 1865 1888 1900 1901 1895 1898 1890 1895 1901 1901 1898 1902 1899 1864 1903 1903 1884 1899 1903 1875 1884 1868 1875 1903 1864 1868 1903 1904 1900 1890 1865 1900 1904 1905 1901 1902 1890 1901 1905 1905 1904 1890 1865 1904 1906 1905 1906 1904 1865 1906 1866 1905 1902 1907 1905 1908 1906 1907 1908 1905 1906 1908 1909 1906 1910 1866 1866 1910 1911 1866 1911 1867 1912 1910 1906 1913 1914 1915 1914 1916 1915 1913 1915 1917 1918 1913 1917 1917 1915 1919 1917 1919 1920 1921 1922 1920 1915 1923 1919 1923 1915 1916 1924 1923 1916 1925 1923 1924 1926 1925 1924 1927 1919 1923 1920 1919 1927 1925 1927 1923 1928 1920 1927 1921 1920 1929 1920 1928 1929 1930 1931 1932 1931 1933 1932 1913 1934 1935 1936 1937 1933 1937 1936 1938 1937 1938 1939 1938 1940 1939 1941 1939 1940 1942 1939 1941 1942 1941 1943 1943 1941 1944 1942 1943 1945 1941 1946 1944 1946 1941 1940 1939 1947 1937 1947 1939 1942 1937 1947 1948 1949 1948 1947 1950 1948 1949 1951 1950 1949 1950 1952 1948 1943 1944 1953 1942 1945 1954 1947 1942 1955 1955 1942 1954 1944 1946 1956 1946 1957 1956 1946 1940 1957 1958 1956 1957 1959 1956 1958 1960 1956 1959 1961 1960 1959 1940 1962 1957 1963 1962 1940 1938 1963 1940 1936 1963 1938 1931 1964 1936 1936 1964 1963 1965 1964 1931 1966 1965 1931 1930 1966 1931 1967 1965 1966 1964 1965 1968 1961 1959 1969 1958 1970 1959 1969 1959 1970 1971 1970 1958 1958 1957 1971 1971 1957 1962 1972 1971 1962 1967 1973 1965 1974 1965 1973 1965 1974 1968 1975 1968 1974 1964 1968 1975 1972 1962 1976 1976 1962 1963 1976 1964 1975 1976 1963 1964 1977 1978 1979 1978 1980 1979 1981 1978 1977 1982 1981 1977 1978 1983 1980 1983 1984 1980 1985 1981 1986 1981 1985 1978 1985 1983 1978 1987 1985 1986 1987 1986 1988 1989 1987 1988 1977 1990 1982 1982 1991 1992 1993 1994 1995 1993 1996 1994 1993 1997 1996 1998 1997 1999 1998 2000 1997 1997 2000 2001 2002 1998 1999 2002 2003 1998 2003 2002 2004 2002 2005 2004 2006 1997 2001 1996 1997 2006 2007 1998 2003 1998 2007 2000 2007 2008 2000 2005 2002 2009 2002 2010 2009 1977 1979 2011 1929 2012 2013 2012 2014 2013 2014 2012 2015 2016 2014 2015 2015 2017 2016 2017 2018 2016 2017 2019 2018 2019 2020 2018 2021 2022 2023 2021 2024 2022 2024 2025 2022 2021 2026 2024 2027 2028 2029 2030 2031 2032 2032 2033 2034 2032 2035 2036 2037 2038 2039 2038 2040 2039 2041 2038 2042 2041 2042 2043 2041 2043 2035 2032 2044 2035 2041 2045 2038 2038 2045 2040 2046 2045 2041 2047 2045 2046 2040 2048 2039 2049 2048 2040 2048 2050 2039 2051 2045 2052 2053 2051 2052 2054 2051 2053 2054 2049 2051 2027 2055 2056 2037 2057 2058 2059 2060 2057 2037 2061 2057 2062 2061 2037 2061 2062 2063 2064 2063 2062 2065 2064 2062 2027 2056 2066 2059 2066 2056 2064 2067 2063 2063 2068 2061 2061 2069 2059 2070 2068 2047 2059 2068 2070 2071 2067 2072 2047 2071 2073 2072 2073 2071 2047 2074 2071 2075 2076 2077 2077 2076 2078 2075 2077 2079 2080 2075 2079 2081 2082 2083 2084 2083 2082 2082 2085 2084 2082 2086 2085 2047 2087 2070 2088 2089 2090 2090 2089 2091 2092 2089 2088 2093 2089 2092 2094 2093 2092 2095 2093 2094 2096 2090 2091 2097 2090 2096 2097 2096 2098 2098 2096 2099 2100 2098 2099 2101 2098 2100 2100 2102 2101 2103 2102 2100 2103 2104 2102 2105 2104 2103 2097 2106 2090 2097 2107 2106 2105 2103 2108 2103 2100 2108 2108 2100 2109 2100 2110 2109 2099 2110 2100 2108 2109 2111 2111 2109 2112 2112 2109 2113 2113 2109 2110 2113 2110 2114 2099 2115 2110 2096 2091 2115 2096 2115 2099 2116 2115 2091 2117 2118 2116 2116 2091 2117 2093 2117 2089 2117 2091 2089 2119 2117 2093 2095 2119 2093 2120 2121 2122 2123 2124 2121 2120 2123 2121 2125 2126 2127 2125 2127 2128 2129 2127 2124 2123 2129 2124 2129 2128 2127 2128 2130 2125 2131 2130 2128 2130 2132 2125 2133 2134 2126 2133 2126 2125 2132 2135 2125 2125 2135 2133 2135 2136 2133 2137 2134 2133 2113 2138 2112 2137 2138 2134 2112 2138 2111 2111 2138 2139 2105 2108 2140 2136 2141 2133 2133 2141 2137 2141 2142 2137 2143 2139 2138 2143 2144 2139 2143 2138 2137 2143 2145 2144 2146 2135 2132 2136 2135 2146 2132 2147 2146 2148 2146 2147 2146 2149 2136 2149 2146 2148 2150 2141 2136 2142 2141 2150 2136 2151 2150 2152 2150 2151 2153 2150 2152 2150 2153 2142 2145 2143 2154 2155 2145 2154 2154 2143 2156 2142 2157 2137 2157 2156 2143 2137 2157 2143 2158 2157 2142 2156 2157 2158 2142 2159 2158 2160 2158 2159 2158 2161 2156 2161 2158 2160 2162 2154 2156 2155 2154 2162 2156 2163 2162 2164 2162 2163 2162 2164 2165 2162 2165 2155 2166 2167 2129 2128 2167 2131 2129 2167 2128 2168 2167 2166 2131 2167 2168 2166 2169 2168 2170 2168 2169 2171 2168 2170 2168 2171 2131 2172 2166 2129 2123 2172 2129 2166 2172 2173 2173 2174 2166 2174 2173 2175 2176 2172 2123 2173 2172 2176 2177 2176 2123 2120 2177 2123 2178 2177 2120 2179 2177 2178 2176 2177 2179 2178 2180 2179 2179 2181 2176 2179 2182 2181 2176 2183 2173 2175 2173 2183 2132 2130 2184 2184 2130 2131 2131 2185 2184 2186 2184 2185 2184 2187 2132 2187 2184 2186 1744 2188 2189 2188 2190 2189 2189 1742 1744 1744 2191 2188 1960 2192 2193 2193 1953 1960 1961 2194 2195 1437 1944 2196 1956 2196 1944 2197 2198 1729 2199 2200 2201 2202 2200 2199 2203 2204 2201 2203 2201 2200 2205 2203 2200 2205 2200 2202 2203 2206 2207 2203 2205 2206 2208 2202 2199 2197 2208 2199 1996 2209 1994 1825 1827 2210 1827 2211 2210 1827 1830 2211 2211 2212 2210 2211 2213 2214 1836 2215 1834 2215 2216 1834 1867 2217 2218 2217 2219 2218 2220 2221 2222 2221 2220 2223 2224 2225 2226 2227 2228 2229 2230 2231 2232 2233 2234 2235 2233 2236 2234 2236 2237 2234 2236 2238 2237 2239 2233 2235 2239 2235 2240 2241 2239 2240 2241 2240 2242 2243 2241 2242 2243 2242 2244 2245 2243 2244 2245 2244 2246 2243 2245 2247 2236 2233 2247 2241 2243 2247 2239 2241 2247 2233 2239 2247 2238 2236 2247 2248 2238 2247 2249 2248 2247 2248 2249 2250 2238 2248 2251 2238 2251 2237 2248 2250 2251 2249 2252 2250 2253 2249 2247 2249 2253 2252 2253 2254 2252 2255 2253 2247 2253 2255 2254 2255 2256 2254 2255 2257 2256 2257 2255 2247 2257 2246 2256 2257 2245 2246 2245 2257 2247 2258 2259 2260 2258 2261 2259 2261 2262 2259 2261 2263 2262 2263 2264 2262 2263 2265 2264 2265 2266 2264 2265 2267 2266 2267 2268 2266 2267 2269 2268 2269 2270 2268 2269 2271 2270 2271 2272 2270 2271 2273 2272 2273 2274 2272 2273 2275 2274 2275 2276 2274 2275 2277 2276 2277 2278 2276 2277 2279 2278 2279 2280 2278 2279 2281 2280 2281 2260 2280 2281 2258 2260 2268 2270 2282 2270 2283 2282 2270 2272 2283 2272 2284 2283 2272 2274 2284 2274 2276 2285 2274 2285 2284 2276 2278 2286 2276 2286 2285 2278 2287 2286 2278 2280 2287 2280 2288 2287 2280 2260 2288 2260 2289 2288 2260 2259 2289 2259 2290 2289 2259 2262 2290 2262 2264 2291 2262 2291 2290 2264 2266 2292 2264 2292 2291 2268 2282 2293 2266 2293 2292 2266 2268 2293 2284 2285 2294 2288 2289 2294 2289 2290 2294 2290 2291 2294 2291 2292 2294 2292 2293 2294 2293 2282 2294 2285 2286 2294 2286 2287 2294 2287 2288 2294 2282 2283 2294 2283 2284 2294 2295 2296 2297 2297 2298 2295 2298 2297 2299 2300 2299 2297 2301 2299 2300 2301 2302 2299 2300 2303 2301 2304 2301 2303 2301 2305 2302 2306 2305 2301 2306 2301 2304 2307 2303 2300 2297 2307 2300 2308 2297 2296 2308 2307 2297 2309 2308 2296 2309 2296 2310 2311 2309 2310 2311 2312 2309 2313 2312 2311 2313 2314 2312 2304 2303 2315 2316 2309 2312 2316 2312 2317 2317 2318 2316 2316 2318 2319 2316 2319 2320 2320 2308 2309 2320 2309 2316 2317 2321 2318 2320 2319 2322 2323 2308 2320 2320 2322 2323 2323 2307 2308 2303 2307 2323 2323 2322 2324 2323 2324 2303 2314 2313 2325 2313 2326 2325 2314 2325 2327 2328 2321 2317 2329 2314 2327 2329 2327 2328 2328 2317 2329 2312 2329 2317 2312 2314 2329 2327 2330 2328 2331 2332 2333 2332 2334 2333 2331 2335 2336 2337 2335 2338 2338 2333 2337 2339 2340 2341 2341 2342 2339 2341 2340 2343 2344 2341 2343 2343 2345 2344 2343 2346 2345 2345 2346 2347 2348 2349 2298 2350 2348 2298 2350 2298 2299 2350 2299 2302 2350 2351 2348 2352 2351 2350 2302 2305 2353 2353 2350 2302 2350 2353 2352 2354 2351 2352 2352 2355 2354 2352 2353 2355 2355 2356 2354 2353 2356 2355 2353 2357 2356 2358 2305 2306 2353 2358 2357 2305 2358 2353 2359 2306 2304 2304 2360 2359 2304 2315 2360 2360 2315 2361 2362 2360 2361 2362 2359 2360 2361 2363 2362 2364 2365 2366 2365 2367 2366 2366 2367 2368 2369 2366 2368 2366 2369 2370 2369 2371 2370 2372 2366 2370 2370 2371 2372 2372 2364 2366 2373 2374 2375 2374 2376 2375 2377 2378 2379 2377 2380 2378 2381 2382 2377 2383 2384 2385 2386 2383 2385 2387 2386 2385 2388 2389 2390 2388 2391 2389 2390 2389 2392 2393 2390 2392 2394 2393 2392 2395 2394 2392 2396 2397 2388 2397 2398 2388 2396 2399 2397 2400 2399 2401 2400 2402 2399 2403 2399 2402 2404 2403 2402 2404 2402 2400 2400 2405 2404 2406 2407 2408 2409 2406 2408 2410 2406 2409 2410 2409 2411 2406 2410 2412 2413 2414 2410 2415 2416 2417 2416 2415 2418 2415 2419 2418 2417 2416 2420 2421 2417 2420 2422 2423 2419 2422 2424 2423 2424 2422 2425 2426 2424 2425 2427 2426 2425 2428 2429 2430 2429 2431 2430 2432 2431 2429 2432 2433 2431 2432 2429 2434 2435 2432 2434 2436 2435 2434 2437 2436 2434 2438 2437 2434 2438 2439 2437 2439 2436 2437 2438 2440 2439 2441 2429 2428 2429 2441 2434 2442 2441 2428 2443 2438 2434 2441 2443 2434 2444 2433 2432 2435 2444 2432 2433 2444 2445 2443 2446 2438 2435 2436 2447 2444 2435 2447 2448 2443 2441 2442 2448 2441 2443 2448 2446 2448 2442 2449 2440 2438 2450 2438 2446 2450 2451 2439 2440 2451 2452 2439 2453 2452 2451 2453 2454 2452 2455 2453 2451 2455 2451 2456 2440 2450 2456 2440 2456 2451 2453 2455 2457 2453 2457 2458 2454 2453 2458 2454 2458 2459 2460 2454 2459 2452 2454 2461 2460 2461 2454 2462 2461 2460 2462 2460 2463 2452 2461 2464 2464 2461 2462 2439 2452 2464 2439 2464 2465 2466 2465 2464 2464 2462 2466 2466 2467 2465 2439 2468 2436 2436 2468 2469 2447 2436 2469 2470 2471 2472 2473 2470 2472 2474 2471 2470 2474 2470 2475 2476 2477 2478 2478 2477 2479 2477 2476 2480 2481 2482 2479 2482 2483 2479 2481 2484 2482 2484 2481 2485 2486 2487 2488 2488 2487 2489 2489 2487 2490 2487 2491 2490 2492 2487 2486 2491 2487 2492 2492 2486 2493 2494 2495 2496 2497 2495 2494 2495 2497 2498 2499 2495 2498 2500 2499 2498 2500 2498 2501 2499 2500 2502 2500 2501 2503 2504 2500 2503 2495 2499 2505 2505 2499 2502 2506 2495 2505 2506 2496 2495 2507 2496 2506 2507 2508 2496 2509 2508 2507 2509 2507 2510 2511 2509 2510 2511 2510 2512 2513 2510 2507 2513 2514 2510 2514 2513 2515 2513 2516 2515 2517 2507 2506 2513 2517 2516 2517 2513 2507 2514 2515 2518 2517 2519 2516 2517 2520 2519 2520 2506 2505 2520 2517 2506 2502 2520 2505 2520 2521 2519 2520 2502 2521 2512 2522 2511 2511 2522 2523 2512 2524 2522 2510 2514 2525 2510 2525 2512 2525 2524 2512 2525 2526 2524 2526 2514 2518 2526 2525 2514 2524 2526 2527 2504 2528 2500 2528 2502 2500 2529 2528 2504 2528 2530 2502 2528 2529 2531 2528 2531 2530 2531 2532 2530 2533 2531 2529 2533 2532 2531 2532 2533 2534 2535 2504 2503 2503 2536 2535 2501 2536 2503 2536 2501 2537 2537 2498 2497 2537 2501 2498 2537 2497 2538 2538 2497 2539 2537 2538 2540 2541 2537 2540 2537 2541 2536 2542 2541 2540 2541 2543 2536 2541 2542 2543 2543 2542 2544 2536 2543 2544 2536 2545 2535 2536 2544 2545 2546 2547 2548 2548 2547 2549 2546 2550 2551 2552 2553 2547 2553 2552 2551 2554 2555 2556 2555 2554 2557 2555 2558 2556 2559 2558 2555 2558 2559 2560 2558 2560 2561 2560 2562 2561 2563 2564 2565 2563 2566 2564 2565 2564 2567 2564 2568 2567 2569 2570 2571 2570 2569 2572 2572 2569 2573 2574 2575 2571 2574 2576 2575 2576 2577 2575 2578 2576 2574 2579 2576 2578 2579 2577 2576 2577 2579 2580 2578 2574 2581 2582 2583 2584 2583 2585 2586 2587 2588 2589 2589 2588 2590 2588 2591 2590 2592 2591 2588 2588 2593 2592 2592 2593 2594 2595 2593 2588 2593 2595 2594 2595 2588 2587 2596 2597 2598 2598 2597 2599 2600 2601 2602 2601 2603 2602 2603 2601 2604 2601 2605 2604 2606 2605 2601 2605 2606 2607 2606 2608 2607 2609 2608 2606 2608 2609 2610 2611 2612 2610 2612 2611 2613 2613 2611 2614 2615 2616 2617 2618 2619 2620 2618 2621 2619 2622 2618 2623 2624 2625 2626 2624 2627 2625 2627 2624 2628 2627 2628 2629 2630 2627 2629 2630 2629 2631 2632 2630 2631 2632 2633 2630 2634 2630 2633 2635 2627 2630 2630 2634 2635 2627 2635 2625 2636 2634 2633 2636 2633 2637 2638 2636 2637 2634 2639 2635 2636 2638 2639 2634 2636 2639 2640 2641 2642 2643 2642 2641 2643 2641 2644 2645 2646 2647 2646 2648 2647 2649 2648 2646 2650 2645 2647 2648 2650 2647 2650 2651 2645 2645 2651 2652 2651 2650 2653 2650 2654 2653 2648 2654 2650 2654 2648 2655 2649 2655 2648 2645 2656 2646 2652 2656 2645 2655 2649 2657 2656 2652 2658 2659 2660 2653 2660 2661 2653 2661 2662 2653 2660 2663 2661 2663 2664 2661 2661 2664 2662 2662 2664 2665 2664 2663 2666 2660 2667 2663 2667 2660 2668 2663 2667 2669 2670 2671 2666 2672 2671 2670 2672 2670 2673 2658 2672 2673 2653 2674 2659 2675 2674 2653 2676 2675 2653 2675 2676 2677 2678 2674 2675 2675 2677 2678 2677 2676 2679 2678 2677 2680 2681 2678 2680 2678 2681 2682 2683 2684 2680 2685 2684 2683 2686 2685 2657 2685 2686 2684 2687 2688 2689 2689 2688 2690 2691 2692 2693 2692 2694 2693 2695 2696 2693 2697 2698 2699 2700 2698 2697 2701 2698 2700 2702 2700 2697 2703 2704 2705 2703 2706 2704 2706 2707 2704 2708 2707 2706 2709 2707 2708 2710 2707 2709 2711 2703 2712 2712 2703 2713 2711 2712 2714 2715 2714 2716 2715 2717 2714 2718 2716 2714 2719 2716 2718 2719 2715 2716 2715 2719 2720 2721 2722 2723 2722 2721 2724 2725 2726 2727 2725 2728 2726 2729 2725 2730 2729 2730 2731 2731 2732 2733 2733 2732 2734 2732 2731 2735 2736 2737 2738 2739 2740 2741 2742 2740 2743 2740 2744 2745 2746 2740 2747 2740 2748 2749 2740 2750 2751 2740 2752 2753 2740 2754 2755 2756 2757 2758 2757 2756 2759 2757 2760 2761 2762 2757 2763 2764 2765 2766 2767 2768 2769 2768 2770 2769 2771 2769 2772 2773 2774 2769 2775 2776 2777 2778 2779 2780 2781 2782 2783 2784 2785 2786 2785 2784 2787 2788 2787 2789 2787 2788 2790 2791 2792 2793 2792 2791 2794 2795 2793 2792 2793 2795 2796 2797 2798 2799 2797 2800 2798 2801 2800 2797 2800 2801 2802 2803 2802 2801 2802 2803 2804 2805 2802 2804 2806 2807 2808 2806 2808 2809 2809 2808 2810 2807 2806 2811 2812 2807 2811 2811 2813 2812 2814 2813 2811 2814 2815 2816 2815 2814 2817 2817 2818 2815 2817 2819 2818 2820 2821 2822 2823 2821 2820 2820 2822 2824 2821 2823 2825 2826 2827 2828 2826 2828 2829 2830 2826 2829 2830 2831 2826 2826 2831 2832 2826 2832 2833 2826 2833 2827 2832 2831 2834 2833 2832 2834 2831 2835 2834 2835 2836 2834 2833 2837 2827 2834 2836 2838 2834 2838 2833 2836 2839 2838 2836 2840 2839 2841 2839 2840 2839 2841 2842 2839 2842 2843 2839 2843 2838 2841 2840 2844 2841 2844 2845 2841 2845 2846 2845 2847 2846 2845 2848 2847 2849 2847 2848 2850 2847 2849 2847 2850 2851 2852 2850 2849 2851 2850 2853 2850 2852 2853 2852 2854 2853 2854 2852 2855 2856 2852 2849 2855 2852 2856 2857 2855 2856 2853 2854 2858 2851 2853 2858 2855 2859 2854 2857 2860 2855 2860 2859 2855 2859 2860 2861 2859 2862 2854 2854 2862 2863 2864 2863 2865 2866 2864 2867 2866 2867 2868 2869 2866 2868 2870 2869 2868 2870 2868 2871 2870 2871 2872 2873 2872 2871 2874 2870 2872 2874 2869 2870 2874 2866 2869 2874 2875 2866 2875 2863 2866 2876 2872 2873 2876 2877 2872 2877 2876 2878 2877 2878 2879 2880 2879 2878 2881 2880 2837 2880 2881 2879 2882 2879 2881 2882 2883 2879 2883 2877 2879 2883 2884 2877 2884 2872 2877 2874 2884 2875 2884 2874 2872 2833 2885 2837 2833 2838 2885 2881 2837 2885 2882 2881 2885 2886 2838 2843 2838 2886 2885 2882 2885 2886 2887 2851 2858 2886 2843 2887 2843 2842 2887 2841 2888 2842 2842 2888 2887 2841 2846 2888 2889 2851 2887 2846 2847 2889 2888 2889 2887 2847 2851 2889 2846 2889 2888 2882 2886 2890 2890 2887 2858 2890 2886 2887 2858 2891 2890 2875 2891 2863 2891 2854 2863 2854 2891 2858 2875 2884 2892 2891 2892 2890 2884 2883 2892 2875 2892 2891 2882 2890 2892 2882 2892 2883 2893 2894 2895 2893 2896 2894 2897 2896 2893 2897 2893 2898 2893 2899 2898 2893 2895 2900 2893 2900 2899 2899 2901 2898 2898 2901 2835 2900 2901 2899 2901 2900 2902 2901 2902 2903 2835 2901 2903 2903 2904 2840 2903 2902 2904 2904 2902 2905 2904 2905 2906 2907 2840 2904 2904 2906 2907 2907 2908 2840 2909 2908 2907 2909 2907 2910 2909 2910 2911 2909 2911 2912 2913 2912 2911 2914 2913 2911 2911 2915 2914 2916 2913 2914 2915 2917 2914 2914 2917 2916 2916 2917 2918 2918 2919 2916 2920 2913 2916 2919 2920 2916 2921 2920 2919 2917 2922 2918 2915 2922 2917 2919 2918 2923 2921 2919 2924 2924 2919 2923 2923 2925 2924 2923 2918 2926 2918 2927 2926 2928 2929 2927 2930 2931 2928 2930 2932 2931 2933 2932 2934 2933 2935 2932 2933 2936 2935 2937 2935 2936 2938 2933 2934 2938 2936 2933 2938 2934 2930 2938 2930 2939 2939 2930 2927 2918 2922 2940 2940 2927 2918 2939 2927 2940 2939 2940 2941 2940 2942 2941 2922 2942 2940 2943 2941 2942 2943 2944 2941 2945 2939 2941 2938 2939 2945 2944 2945 2941 2946 2905 2902 2946 2943 2942 2942 2922 2947 2905 2947 2906 2942 2947 2946 2947 2922 2915 2946 2947 2905 2910 2948 2911 2911 2948 2915 2948 2947 2915 2910 2949 2948 2907 2906 2949 2907 2949 2910 2949 2947 2948 2906 2947 2949 2902 2950 2946 2943 2946 2950 2900 2950 2902 2900 2895 2951 2900 2951 2950 2952 2950 2951 2943 2950 2952 2952 2951 2953 2954 2952 2953 2943 2952 2954 2945 2944 2954 2943 2954 2944 2954 2953 2955 2945 2954 2956 2938 2956 2936 2938 2945 2956 2955 2956 2954 2957 2937 2936 2955 2957 2956 2957 2936 2956 2958 2959 2960 2958 2961 2959 2959 2962 2960 2959 2963 2962 2959 2961 2964 2959 2964 2965 2965 2964 2966 2965 2966 2967 2968 2965 2967 2969 2959 2965 2968 2969 2965 2969 2963 2959 2970 2971 2972 2973 2970 2972 2974 2973 2972 2975 2974 2972 2976 2973 2974 2976 2974 2977 2978 2974 2975 2978 2977 2974 2973 2976 2979 2970 2973 2979 2971 2980 2972 2980 2975 2972 2978 2975 2981 2975 2980 2981 2980 2971 2982 2971 2983 2982 2971 2984 2983 2985 2984 2971 2971 2970 2985 2985 2986 2984 2987 2985 2970 2986 2985 2987 2986 2987 2988 2989 2970 2979 2989 2990 2970 2970 2990 2987 2991 2982 2983 2982 2991 2980 2991 2983 2992 2980 2993 2981 2994 2980 2991 2980 2994 2993 2995 2993 2994 2995 2994 2996 2996 2994 2997 2991 2992 2997 2997 2994 2991 2998 2990 2989 2998 2989 2999 2990 3000 2987 2998 3000 2990 2987 3000 2988 3001 3002 3003 3002 3001 3004 3005 3002 3004 3002 3005 3006 3007 3001 3003 3003 3008 3007 3007 3008 3009 3010 3006 3005 3011 3006 3010 3010 3012 3011 3011 3012 3013 3009 3008 3014 3009 3014 3015 3016 3011 3013 3016 3013 3017 3018 3016 3017 3019 3014 3008 3011 3016 3019 3003 3002 3019 3008 3003 3019 3002 3006 3019 3006 3011 3019 3020 3015 3014 3015 3020 3021 3022 3014 3019 3014 3022 3020 3022 3019 3023 3016 3023 3019 3020 3022 3024 3020 3024 3021 3025 3026 3027 3028 3027 3026 3028 3029 3027 3027 3029 3030 3030 3029 3031 3029 3028 3032 3029 3033 3031 3029 3032 3033 3031 3033 3034 3033 3035 3034 3035 3033 3036 3037 3035 3036 3037 3036 3038 3039 3035 3037 3040 3037 3038 3037 3040 3039 3040 3038 3041 3042 3040 3041 3043 3042 3041 3040 3042 3044 3040 3044 3039 3044 3045 3039 3044 3042 3046 3045 3044 3046 3045 3047 3039 3047 3045 3048 3045 3049 3048 3045 3046 3049 3047 3048 3050 3051 3043 3041 3043 3051 3052 3042 3043 3053 3043 3052 3053 3052 3054 3053 3052 3055 3054 3055 3052 3051 3055 3056 3054 3054 3056 3057 3055 3051 3058 3056 3055 3058 3058 3059 3056 3059 3060 3056 3056 3060 3061 3061 3062 3056 3059 3063 3060 3051 3064 3058 3064 3059 3058 3059 3064 3065 3059 3065 3066 3063 3059 3067 3067 3059 3066 3068 3066 3032 3068 3028 3026 3028 3068 3032 3067 3066 3068 3063 3067 3069 3067 3068 3069 3070 3068 3026 3070 3069 3068 3063 3069 3071 3072 3060 3063 3072 3063 3071 3073 3061 3060 3060 3072 3073 3061 3073 3074 3075 3074 3073 3076 3070 3026 3076 3026 3077 3078 3077 3027 3078 3076 3077 3030 3078 3027 3076 3078 3079 3073 3080 3075 3080 3072 3071 3073 3072 3080 3081 3075 3080 3081 3082 3075 3083 3075 3082 3084 3083 3074 3083 3085 3074 3086 3074 3085 3061 3074 3087 3086 3087 3074 3082 3088 3083 3088 3082 3089 3089 3090 3088 3091 3088 3090 3069 3092 3071 3080 3071 3092 3081 3080 3092 3092 3069 3093 3069 3070 3093 3070 3076 3094 3070 3094 3093 3093 3094 3095 3094 3096 3095 3094 3078 3096 3097 3096 3078 3097 3098 3096 3099 3098 3097 3099 3100 3098 3101 3100 3099 3101 3102 3100 3101 3103 3102 3104 3103 3101 3103 3105 3102 3105 3103 3104 3105 3106 3102 3102 3106 3107 3106 3108 3107 3107 3108 3109 3110 3109 3108 3108 3111 3110 3105 3104 3112 3101 3113 3104 3113 3114 3104 3101 3115 3113 3116 3099 3097 3116 3101 3099 3116 3115 3101 3116 3097 3030 3115 3116 3117 3031 3118 3030 3118 3117 3116 3030 3118 3116 3119 3118 3031 3118 3119 3117 3119 3031 3034 3120 3119 3034 3120 3034 3035 3120 3035 3039 3121 3120 3039 3121 3039 3047 3122 3120 3121 3122 3117 3119 3122 3119 3120 3122 3121 3123 3047 3123 3121 3047 3050 3124 3047 3124 3123 3125 3117 3122 3125 3122 3123 3125 3123 3124 3113 3115 3126 3117 3125 3126 3115 3117 3126 3125 3124 3127 3125 3127 3126 3124 3050 3127 3050 3128 3127 3128 3048 3049 3050 3048 3128 3129 3127 3128 3127 3129 3130 3127 3130 3131 3126 3127 3131 3130 3132 3131 3132 3133 3131 3134 3126 3131 3113 3126 3134 3133 3134 3131 3135 3130 3129 3136 3132 3130 3136 3130 3135 3132 3136 3137 3135 3129 3138 3053 3054 3138 3053 3138 3139 3139 3138 3129 3128 3049 3139 3135 3138 3140 3136 3135 3140 3087 3141 3056 3141 3138 3054 3141 3140 3138 3140 3141 3087 3140 3087 3142 3136 3140 3143 3086 3088 3143 3062 3086 3143 3144 3136 3143 3144 3143 3091 3144 3137 3136 3144 3145 3137 3146 3132 3137 3145 3146 3137 3146 3133 3132 3133 3146 3114 3147 3105 3112 3147 3146 3145 3147 3112 3146 3106 3105 3147 3147 3145 3148 3144 3148 3145 3148 3149 3147 3106 3147 3150 3108 3106 3150 3149 3150 3147 3111 3108 3150 3150 3149 3151 3150 3151 3152 3153 3150 3152 3149 3154 3151 3149 3155 3154 3155 3156 3154 3155 3157 3156 3157 3018 3156 3158 3157 3155 3158 3155 3149 3158 3091 3090 3158 3149 3148 3158 3144 3091 3144 3158 3148 3158 3090 3159 3085 3160 3143 3016 3018 3161 3090 3161 3157 3089 3161 3090 3162 3163 3164 3162 3165 3163 3163 3166 3164 3163 3167 3166 3168 3163 3165 3168 3169 3163 3169 3167 3163 3169 3170 3167 3167 3171 3166 3167 3172 3171 3167 3170 3173 3167 3173 3172 3174 3175 3176 3174 3177 3175 3178 3175 3177 3178 3177 3179 3177 3174 3180 3177 3180 3181 3179 3177 3181 3182 3181 3180 3182 3183 3181 3184 3181 3183 3184 3185 3181 3179 3181 3185 3104 3114 3186 3114 3187 3186 3042 3188 3046 3188 3139 3049 3188 3049 3046 3032 3189 3190 3190 3033 3032 3041 3038 3191 3033 3065 3191 3033 3191 3036 3191 3038 3036 3191 3065 3064 3192 3191 3064 3041 3191 3192 3051 3041 3192 3192 3064 3051 3193 3194 3195 3193 3196 3194 3193 3197 3196 3193 3198 3197 3199 3193 3195 3199 3200 3193 3201 3193 3200 3201 3198 3193 3194 3196 3202 3194 3202 3203 3196 3197 3204 3196 3204 3202 3097 3205 3030 3100 3102 3206 3207 3206 3208 3207 3209 3206 3210 3102 3107 3210 3206 3102 3208 3206 3210 3109 3210 3107 3109 3211 3210 3208 3210 3211 3212 3100 3206 3212 3098 3100 3209 3207 3213 3214 3209 3213 3214 3213 3215 3216 3098 3212 3216 3096 3098 3217 3212 3206 3209 3217 3206 3216 3212 3217 3214 3217 3209 3217 3214 3218 3214 3215 3218 3219 3218 3215 3217 3220 3216 3220 3217 3221 3218 3222 3220 3221 3219 3223 3222 3218 3223 3224 3222 3223 3096 3216 3225 3220 3222 3226 3226 3222 3224 3220 3226 3216 3096 3226 3095 3227 3095 3226 3095 3227 3093 3227 3226 3228 3229 3225 3224 3229 3228 3226 3230 3228 3229 3093 3231 3092 3231 3227 3228 3227 3231 3093 3232 3081 3092 3231 3232 3092 3232 3231 3233 3234 3231 3228 3233 3231 3234 3234 3228 3230 3081 3232 3235 3235 3232 3233 3139 3129 3236 3159 3237 3018 3238 3239 3240 3239 3241 3240 3242 3238 3240 3243 3242 3240 3244 3243 3240 3245 3244 3240 3246 3245 3240 3247 3246 3240 3248 3246 3247 3246 3248 3249 3248 3247 3250 3247 3251 3250 3246 3252 3245 3252 3244 3245 3252 3246 3253 3249 3248 3254 3248 3250 3254 3252 3253 3255 3256 3244 3252 3256 3252 3255 3257 3244 3256 3246 3249 3258 3253 3246 3258 3259 3242 3243 3259 3243 3244 3260 3242 3259 3261 3242 3260 3262 3242 3261 3260 3259 3263 3259 3264 3263 3259 3244 3264 3265 3242 3262 3265 3238 3242 3265 3239 3238 3265 3262 3266 3267 3265 3266 3267 3239 3265 3268 3239 3267 3269 3239 3268 3270 3241 3239 3270 3239 3269 3270 3269 3271 3272 3270 3271 3240 3273 3247 3273 3272 3251 3273 3270 3272 3241 3270 3273 3240 3241 3273 3273 3274 3247 3275 3276 3277 3276 3278 3277 3275 3277 3279 3280 3275 3279 3276 3275 3281 3275 3280 3282 3275 3282 3281 3280 3283 3282 3281 3282 3284 3285 3281 3284 3282 3283 3286 3279 3277 3287 3287 3277 3288 3277 3289 3288 3277 3278 3289 3290 3291 3292 3291 3293 3292 3293 3294 3292 3294 3295 3292 3294 3293 3296 3293 3291 3296 3291 3297 3296 3298 3294 3296 3296 3297 3299 3298 3296 3300 3301 3298 3300 3290 3292 3302 3302 3292 3303 3292 3304 3303 3292 3295 3304 3305 3306 3307 3306 3308 3307 3306 3305 3309 3310 3305 3307 3305 3310 3309 3310 3311 3309 3309 3311 3301 3312 3306 3309 3312 3309 3313 3314 3312 3313 3315 3310 3307 3315 3307 3316 3307 3317 3316 3307 3318 3317 3307 3308 3318 3319 3320 3321 3320 3322 3321 3322 3323 3321 3323 3324 3321 3323 3322 3325 3322 3320 3325 3320 3326 3325 3327 3323 3325 3325 3326 3328 3327 3325 3329 3330 3327 3329 3319 3321 3331 3331 3321 3332 3321 3333 3332 3321 3324 3333 3334 3335 3336 3335 3337 3336 3335 3338 3337 3338 3339 3337 3335 3334 3340 3334 3341 3340 3338 3335 3342 3335 3340 3342 3340 3341 3343 3342 3340 3344 3336 3337 3345 3345 3337 3346 3337 3347 3346 3337 3339 3347 3348 3349 3350 3313 3351 3301 3352 3353 3354 3355 3356 3357 3358 3342 3355 3284 3282 3359 3264 3244 3360 3361 3362 3363 3361 3364 3362 3364 3365 3362 3364 3361 3366 3366 3361 3363 3367 3364 3366 3368 3365 3364 3369 3368 3364 3370 3368 3369 3367 3371 3364 3371 3369 3364 3370 3369 3371 3372 3363 3362 3366 3363 3372 3370 3371 3373 3370 3373 3368 3365 3374 3362 3374 3372 3362 3373 3371 3374 3374 3365 3368 3373 3374 3368 3366 3372 3374 3371 3367 3374 3367 3366 3374 3375 3376 3377 3376 3378 3377 3379 3375 3377 3380 3379 3377 3381 3380 3377 3382 3381 3377 3383 3382 3377 3384 3383 3377 3385 3383 3384 3383 3385 3386 3385 3384 3387 3384 3388 3387 3383 3389 3382 3389 3381 3382 3389 3383 3390 3386 3385 3391 3385 3387 3391 3389 3390 3392 3393 3389 3392 3393 3381 3389 3394 3381 3393 3383 3386 3395 3390 3383 3395 3396 3380 3381 3396 3379 3380 3397 3379 3396 3398 3379 3397 3399 3379 3398 3397 3396 3400 3396 3381 3401 3396 3401 3400 3402 3376 3375 3402 3375 3379 3402 3379 3399 3402 3399 3403 3404 3376 3402 3404 3402 3403 3405 3376 3404 3406 3376 3405 3407 3378 3376 3407 3376 3406 3407 3406 3408 3409 3407 3408 3410 3407 3409 3410 3409 3388 3377 3410 3384 3378 3407 3410 3377 3378 3410 3410 3411 3384 3412 3413 3414 3413 3415 3414 3412 3414 3416 3417 3412 3416 3413 3412 3418 3412 3419 3418 3412 3417 3419 3417 3420 3419 3418 3419 3421 3422 3418 3421 3419 3420 3423 3416 3414 3424 3424 3414 3425 3414 3415 3426 3414 3426 3425 3427 3428 3429 3428 3430 3429 3430 3431 3429 3431 3432 3429 3431 3430 3433 3430 3428 3433 3428 3434 3433 3435 3431 3433 3433 3434 3436 3435 3433 3437 3438 3435 3437 3427 3429 3439 3439 3429 3440 3441 3442 3443 3442 3444 3443 3442 3441 3445 3446 3441 3443 3441 3446 3445 3445 3447 3438 3446 3447 3445 3448 3442 3445 3448 3445 3449 3450 3448 3449 3451 3446 3443 3451 3443 3452 3443 3453 3452 3443 3444 3454 3443 3454 3453 3455 3456 3457 3456 3458 3457 3458 3459 3457 3459 3460 3457 3459 3458 3461 3458 3456 3461 3456 3462 3461 3463 3459 3461 3461 3462 3464 3463 3461 3465 3466 3463 3465 3455 3457 3467 3467 3457 3468 3457 3460 3469 3457 3469 3468 3470 3471 3472 3471 3473 3472 3471 3474 3473 3474 3475 3473 3471 3470 3476 3470 3477 3476 3471 3476 3478 3474 3471 3478 3476 3477 3479 3478 3476 3480 3472 3473 3481 3481 3473 3482 3473 3475 3483 3473 3483 3482 3484 3485 3486 3449 3487 3438 3488 3489 3490 3491 3492 3493 3494 3478 3491 3421 3419 3495 3401 3381 3496 3497 3498 3499 3497 3500 3498 3500 3501 3498 3500 3497 3502 3502 3497 3499 3503 3500 3502 3504 3501 3500 3505 3504 3500 3506 3504 3505 3507 3505 3500 3503 3507 3500 3506 3505 3507 3502 3499 3508 3508 3499 3498 3506 3509 3504 3506 3507 3509 3509 3507 3510 3501 3510 3498 3503 3502 3510 3502 3508 3510 3509 3510 3504 3510 3508 3498 3507 3503 3510 3510 3501 3504 3511 3512 3513 3511 3514 3512 3514 3515 3512 3516 3511 3513 3514 3511 3516 3517 3514 3516 3518 3515 3514 3519 3518 3514 3520 3518 3519 3521 3519 3514 3517 3521 3514 3520 3519 3521 3522 3513 3512 3516 3513 3522 3520 3523 3518 3520 3521 3523 3516 3522 3524 3523 3524 3518 3524 3515 3518 3523 3521 3524 3521 3517 3524 3524 3522 3512 3517 3516 3524 3525 3526 3527 3525 3528 3526 3528 3529 3526 3528 3525 3530 3530 3525 3527 3531 3528 3530 3532 3529 3528 3533 3532 3528 3534 3532 3533 3531 3535 3528 3535 3533 3528 3534 3533 3535 3536 3527 3526 3530 3527 3536 3534 3537 3532 3534 3535 3537 3530 3536 3538 3538 3536 3526 3538 3529 3532 3537 3535 3538 3535 3531 3538 3537 3538 3532 3531 3530 3538 3529 3538 3526 3539 3540 3541 3539 3542 3543 3544 3539 3543 3545 3540 3539 3546 3545 3539 3547 3545 3546 3547 3546 3548 3548 3546 3539 3544 3548 3539 3547 3549 3545 3547 3548 3549 3544 3543 3550 3540 3550 3541 3548 3544 3550 3549 3550 3545 3550 3540 3545 3549 3548 3550 3550 3551 3541 3552 3553 3554 3553 3555 3554 3556 3552 3554 3555 3556 3554 3557 3558 3559 3558 3560 3559 3560 3561 3559 3561 3557 3559 3562 3563 3564 3563 3565 3564 3566 3562 3564 3565 3566 3564 3567 3568 3569 3568 3570 3569 3571 3567 3569 3570 3571 3569 3572 3573 3574 3573 3575 3574 3576 3572 3574 3575 3576 3574 3577 3578 3579 3578 3580 3579 3581 3577 3579 3580 3581 3579 3582 3583 3584 3583 3585 3584 3586 3582 3584 3585 3586 3584 3587 3588 3589 3588 3590 3589 3590 3591 3589 3591 3587 3589 3592 3593 3594 3593 3595 3594 3596 3592 3594 3595 3596 3594 3597 3598 3599 3598 3600 3599 3600 3601 3599 3601 3597 3599 3602 3603 3604 3603 3605 3604 3606 3602 3604 3605 3606 3604 3607 3608 3609 3608 3610 3609 3611 3607 3609 3610 3611 3609 3612 3613 3614 3613 3615 3614 3616 3612 3614 3615 3616 3614 3617 3618 3619 3618 3620 3619 3620 3621 3619 3621 3617 3619 3622 3623 3624 3623 3625 3624 3625 3626 3624 3626 3622 3624 3627 3628 3629 3629 3628 3630 3630 3628 3631 3631 3628 3627 3632 3633 3634 3634 3633 3635 3636 3633 3632 3635 3633 3636 3637 3638 3639 3639 3638 3640 3640 3638 3641 3641 3638 3637 3642 3643 3644 3644 3643 3645 3645 3643 3646 3646 3643 3642 3647 3648 3649 3649 3648 3650 3651 3648 3647 3650 3648 3651 3652 3653 3654 3654 3653 3655 3656 3653 3652 3655 3653 3656 3657 3658 3659 3659 3658 3660 3661 3658 3657 3660 3658 3661 3662 3663 3664 3664 3663 3665 3665 3663 3666 3666 3663 3662 3667 3668 3669 3669 3668 3670 3671 3668 3667 3670 3668 3671 3672 3673 3674 3674 3673 3675 3675 3673 3676 3676 3673 3672 3677 3678 3679 3679 3678 3680 3681 3678 3677 3680 3678 3681 3682 3683 3684 3684 3683 3685 3686 3683 3682 3685 3683 3686 3687 3688 3689 3689 3688 3690 3691 3688 3687 3690 3688 3691 3692 3693 3694 3694 3693 3695 3695 3693 3696 3696 3693 3692 3697 3698 3699 3699 3698 3700 3700 3698 3701 3701 3698 3697 3702 3703 3704 3704 3703 3705 3706 3707 3708 3708 3707 3709 3708 3709 3710 3707 3711 3709 3707 3712 3711 3706 3713 3707 3713 3712 3707 3714 3713 3706 3714 3706 3715 3714 3716 3713 3717 3718 3714 3714 3715 3717 3717 3719 3718 3720 3717 3715 3720 3715 3721 3720 3719 3717 3720 3722 3719 3723 3724 3725 3723 3725 3726 3727 3728 3718 3723 3726 3729 3723 3729 3727 3713 3730 3712 3716 3730 3713 3716 3731 3730 3732 3716 3728 3732 3731 3716 3733 3732 3728 3727 3733 3728 3734 3733 3727 3729 3735 3733 3736 3729 3726 3736 3735 3729 3736 3737 3735 3737 3738 3735 3737 3739 3738 3740 3737 3736 3736 3726 3741 3741 3740 3736 3741 3742 3740 3741 3743 3742 3744 3741 3726 3744 3726 3725 3741 3744 3743 3740 3745 3737 3745 3739 3737 3746 3740 3742 3746 3745 3740 3746 3747 3745 3748 3747 3746 3748 3749 3747 3745 3750 3739 3747 3750 3745 3749 3751 3747 3747 3751 3750 3749 3752 3751 3753 3749 3748 3754 3753 3748 3754 3755 3753 3754 3756 3755 3754 3757 3756 3755 3756 3758 3755 3758 3759 3755 3759 3760 3755 3760 3753 3753 3761 3749 3760 3761 3753 3761 3752 3749 3760 3762 3761 3763 3760 3759 3763 3762 3760 3763 3764 3762 3765 3764 3763 3765 3766 3764 3764 3767 3762 3766 3768 3764 3764 3768 3767 3766 3769 3768 3770 3766 3765 3771 3770 3765 3771 3772 3770 3771 3773 3772 3771 3774 3773 3770 3775 3766 3775 3769 3766 3776 3770 3772 3776 3775 3770 3776 3777 3775 3777 3778 3775 3775 3778 3769 3777 3779 3778 3780 3777 3776 3776 3772 3781 3781 3780 3776 3781 3782 3780 3781 3783 3782 3781 3784 3783 3784 3772 3773 3784 3781 3772 3782 3783 3785 3782 3785 3786 3782 3787 3780 3782 3786 3787 3780 3788 3777 3788 3779 3777 3787 3788 3780 3787 3789 3788 3790 3787 3786 3790 3789 3787 3790 3791 3789 3791 3792 3789 3791 3793 3792 3794 3791 3790 3795 3794 3790 3790 3786 3795 3795 3796 3794 3795 3797 3796 3798 3795 3786 3795 3798 3797 3798 3786 3785 3799 3793 3791 3794 3799 3791 3799 3800 3793 3801 3802 3803 3801 3804 3802 3801 3805 3804 3805 3806 3804 3805 3807 3806 3808 3805 3801 3801 3803 3809 3809 3808 3801 3809 3810 3808 3809 3811 3810 3809 3812 3811 3812 3809 3803 3812 3803 3813 3810 3811 3814 3810 3814 3815 3815 3814 3816 3815 3816 3817 3810 3815 3818 3810 3818 3808 3815 3817 3819 3815 3819 3818 3820 3807 3805 3818 3820 3808 3808 3820 3805 3818 3821 3820 3822 3814 3811 3823 3811 3812 3822 3811 3823 3823 3812 3824 3825 3813 3826 3812 3813 3825 3812 3825 3824 3825 3826 3827 3828 3797 3798 3828 3798 3829 3830 3785 3783 3798 3785 3830 3798 3830 3829 3830 3783 3831 3831 3783 3784 3831 3784 3832 3784 3833 3832 3784 3773 3833 3833 3773 3774 3833 3774 3834 3774 3835 3834 3774 3836 3835 3836 3759 3758 3836 3758 3837 3836 3837 3835 3837 3758 3756 3837 3756 3838 3838 3756 3757 3838 3757 3839 3757 3840 3839 3757 3841 3840 3841 3742 3743 3842 3743 3744 3841 3743 3842 3841 3842 3840 3842 3744 3843 3744 3844 3843 3744 3725 3844 3844 3725 3724 3845 3724 3722 3844 3724 3845 3720 3846 3722 3845 3722 3846 3720 3847 3846 3720 3848 3847 3720 3721 3848 3848 3721 3849 3848 3849 3850 3708 3851 3852 3708 3710 3851 3730 3853 3712 3730 3854 3853 3855 3730 3731 3855 3854 3730 3733 3856 3732 3856 3857 3732 3735 3738 3856 3735 3856 3733 3856 3858 3857 3738 3858 3856 3738 3859 3858 3750 3860 3739 3860 3859 3738 3860 3738 3739 3750 3861 3860 3862 3750 3751 3862 3861 3750 3863 3751 3752 3863 3862 3751 3864 3863 3752 3762 3767 3864 3762 3864 3761 3761 3864 3752 3864 3865 3863 3767 3865 3864 3767 3866 3865 3867 3866 3767 3867 3767 3768 3868 3867 3768 3868 3768 3769 3778 3868 3769 3778 3869 3868 3870 3778 3779 3870 3869 3778 3788 3871 3779 3789 3792 3871 3871 3870 3779 3789 3871 3788 3871 3872 3870 3792 3872 3871 3792 3873 3872 3874 3792 3793 3800 3874 3793 3874 3873 3792 3800 3875 3874 3806 3876 3877 3806 3878 3876 3879 3806 3807 3879 3878 3806 3821 3880 3820 3820 3880 3807 3880 3879 3807 3821 3881 3880 3880 3882 3879 3881 3882 3880 3881 3883 3882 3757 3754 3884 3748 3746 3884 3748 3884 3754 3746 3742 3884 3757 3884 3841 3841 3884 3885 3763 3759 3886 3836 3886 3759 3774 3886 3836 3765 3886 3771 3765 3763 3886 3774 3771 3886 3887 3888 3889 3887 3890 3888 3887 3891 3892 3887 3892 3890 3891 3893 3894 3895 3896 3897 3895 3898 3896 3898 3899 3896 3898 3900 3899 3896 3899 3901 3897 3896 3902 3896 3901 3902 3903 3894 3897 3897 3902 3903 3891 3894 3904 3892 3904 3905 3906 3892 3905 3906 3890 3892 3906 3905 3907 3907 3905 3908 3907 3908 3909 3910 3906 3907 3911 3906 3910 3906 3911 3890 3911 3910 3912 3911 3912 3913 3914 3888 3890 3914 3890 3911 3911 3913 3914 3915 3907 3909 3910 3907 3915 3916 3910 3915 3916 3912 3910 3916 3915 3917 3918 3916 3917 3918 3917 3919 3915 3909 3920 3917 3915 3920 3917 3920 3921 3919 3917 3921 3919 3921 3922 3923 3918 3919 3924 3918 3923 3924 3923 3925 3924 3925 3926 3924 3926 3927 3925 3928 3926 3925 3929 3928 3925 3930 3929 3925 3923 3930 3931 3919 3922 3930 3923 3931 3923 3919 3931 3930 3931 3932 3933 3930 3932 3933 3929 3930 3933 3932 3934 3935 3933 3934 3935 3934 3936 3934 3932 3937 3934 3937 3938 3936 3934 3938 3936 3938 3939 3940 3935 3936 3941 3935 3940 3941 3940 3942 3941 3942 3943 3941 3943 3944 3945 3936 3939 3940 3936 3945 3946 3942 3940 3946 3940 3945 3946 3945 3947 3945 3939 3948 3947 3945 3948 3947 3948 3949 3950 3946 3947 3951 3946 3950 3946 3951 3942 3951 3950 3952 3951 3952 3953 3951 3953 3954 3954 3942 3951 3954 3943 3942 3952 3955 3953 3952 3956 3955 3952 3957 3956 3952 3950 3957 3957 3950 3958 3950 3947 3958 3958 3947 3949 3957 3958 3959 3960 3956 3957 3960 3957 3959 3960 3959 3961 3961 3959 3962 3961 3962 3963 3964 3960 3961 3965 3960 3964 3960 3965 3956 3965 3964 3966 3965 3966 3967 3968 3955 3956 3965 3967 3968 3968 3956 3965 3964 3961 3969 3969 3961 3963 3969 3963 3970 3971 3972 3973 3971 3974 3972 3971 3973 3975 3975 3973 3976 3975 3976 3977 3978 3971 3975 3971 3979 3974 3979 3971 3978 3979 3978 3980 3979 3980 3981 3982 3974 3979 3979 3981 3982 3982 3983 3974 3980 3984 3981 3980 3985 3984 3985 3986 3984 3985 3987 3986 3980 3988 3985 3980 3978 3988 3985 3989 3987 3985 3988 3989 3990 3975 3977 3988 3978 3990 3978 3975 3990 3988 3990 3991 3992 3981 3984 3993 3982 3981 3992 3993 3981 3993 3994 3982 3982 3995 3983 3995 3996 3983 3982 3994 3995 3995 3997 3996 3998 3968 3967 3998 3999 3968 4000 3953 3955 3968 4000 3955 3968 3999 4000 4000 4001 3953 4001 3954 3953 4001 4002 3954 4003 3944 3943 3954 4003 3943 3954 4002 4003 4003 4004 3944 3944 4004 4005 3944 4005 4006 4006 3928 3929 4006 4007 3928 4006 4005 4007 4007 3926 3928 4007 4008 3926 4008 3927 3926 4008 4009 3927 3927 4009 4010 3927 4010 4011 4011 3913 3912 4012 3914 3913 4011 4012 3913 4011 4010 4012 4012 4013 3914 4014 3889 3888 3914 4013 4014 3914 4014 3888 4014 4015 3889 4015 4016 3889 4015 4017 4016 4018 4019 4016 4018 4016 4017 4018 4017 4020 4018 4020 4021 4018 4021 4022 4022 4021 4023 4022 4023 4024 4022 4024 4025 3898 4025 3900 3895 4026 3898 4022 4025 4026 4018 4022 4026 3898 4026 4025 4027 3893 4019 3895 4027 4026 4018 4026 4027 4018 4027 4019 4027 3895 3893 4028 3891 3904 3904 3894 4029 3903 4029 3894 3904 4029 4030 3905 3904 4030 3905 4030 3908 4031 3903 3902 4031 4029 3903 4031 3902 4032 4032 3902 3901 4032 3901 4033 4031 4034 4029 4030 4029 4034 3908 4030 4035 4030 4034 4035 3908 4035 4036 4037 3908 4036 4037 3909 3908 3920 3909 4037 3920 4037 4038 4039 3920 4038 4039 3921 3920 4040 3921 4039 4040 3922 3921 4041 3922 4040 3931 3922 4041 3932 4041 3937 4042 3931 4041 3937 4041 4043 4041 4040 4043 3937 4043 4044 4045 3937 4044 4045 3938 3937 4046 3938 4045 4046 3939 3938 3948 3939 4046 3948 4046 4047 4048 3948 4047 4048 3949 3948 4049 3949 4048 3958 3949 4049 3959 4049 3962 3959 3958 4049 4049 4048 4050 3962 4049 4050 3962 4050 4051 4052 3963 3962 3970 3963 4052 4052 3962 4051 3970 4052 4053 3976 4054 4055 3976 4055 4056 4057 3977 3976 4057 3976 4056 3990 3977 4058 3991 3990 4058 4058 3977 4057 3991 4058 4059 4058 4057 4060 4059 4058 4060 4059 4060 4061 3918 4062 3916 3918 3924 4062 3927 4062 3924 3927 4011 4062 4011 3912 4062 3916 4062 3912 3935 4063 3933 3944 4063 3941 3933 4063 3929 3944 4006 4063 4006 3929 4063 3935 3941 4063 4064 4065 4066 4064 4067 4065 4064 4066 4068 4064 4068 4069 4068 4070 4069 4068 4071 4070 4069 4070 4072 4069 4072 4073 4070 4074 4072 4071 4075 4070 4071 4076 4075 4070 4075 4074 4073 4072 4077 4073 4077 4078 4078 4077 4079 4078 4079 4080 4080 4079 4081 4080 4081 4082 4082 4081 4083 4082 4083 4084 4084 4083 4085 4084 4085 4086 4087 4073 4078 4087 4088 4073 4069 4088 4064 4067 4064 4088 4069 4073 4088 4087 4089 4088 4067 4088 4089 4087 4090 4089 4083 4091 4085 4083 4092 4091 4081 4092 4083 4079 4093 4081 4081 4093 4092 4079 4094 4093 4077 4094 4079 4077 4095 4094 4072 4074 4095 4072 4095 4077 4084 4086 4096 4097 4098 4099 4097 4099 4100 4101 4102 4103 4101 4104 4102 4105 4106 4091 4105 4091 4092 4107 4105 4092 4107 4092 4093 4108 4093 4094 4108 4107 4093 4109 4108 4094 4109 4094 4095 4074 4109 4095 4074 4110 4109 4076 4111 4075 4111 4074 4075 4111 4110 4074 4076 4112 4111 4113 4114 4115 4113 4115 4116 4113 4117 4114 4117 4118 4114 4117 4119 4118 4120 4117 4113 4113 4116 4121 4121 4120 4113 4121 4122 4120 4121 4123 4122 4124 4121 4116 4121 4124 4123 4124 4116 4125 4120 4126 4117 4126 4119 4117 4127 4120 4122 4127 4126 4120 4127 4128 4126 4128 4129 4126 4126 4129 4119 4128 4130 4129 4131 4128 4127 4127 4122 4132 4132 4131 4127 4132 4133 4131 4132 4134 4133 4135 4132 4122 4132 4135 4134 4135 4122 4123 4136 4133 4134 4136 4137 4133 4138 4131 4133 4138 4133 4137 4139 4131 4138 4139 4130 4128 4131 4139 4128 4139 4138 4140 4141 4140 4138 4141 4138 4137 4141 4142 4140 4142 4143 4140 4143 4139 4140 4142 4144 4143 4145 4129 4130 4145 4146 4129 4147 4145 4130 4143 4147 4139 4139 4147 4130 4148 4143 4144 4148 4149 4143 4149 4147 4143 4150 4118 4119 4129 4150 4119 4129 4146 4150 4150 4151 4118 4118 4151 4152 4114 4153 4154 4118 4152 4153 4114 4118 4153 4147 4155 4145 4149 4155 4147 4156 4157 4158 4156 4096 4157 4156 4158 4159 4160 4156 4159 4160 4159 4161 4162 4160 4161 4090 4162 4163 4162 4161 4163 4090 4163 4164 4084 4096 4165 4156 4165 4096 4160 4165 4156 4082 4084 4165 4162 4166 4160 4080 4082 4166 4160 4166 4165 4082 4165 4166 4078 4080 4167 4080 4166 4167 4162 4167 4166 4090 4167 4162 4090 4087 4167 4078 4167 4087 4067 4089 4168 4168 4090 4164 4168 4089 4090 4067 4168 4169 4170 4067 4169 4170 4065 4067 4171 4125 4172 4124 4125 4171 4124 4171 4173 4171 4172 4174 4175 4124 4173 4135 4123 4175 4175 4123 4124 4135 4175 4176 4177 4134 4135 4136 4134 4177 4177 4135 4176 4136 4177 4178 4179 4137 4136 4179 4136 4178 4179 4178 4180 4179 4181 4137 4141 4137 4181 4182 4183 4184 4182 4185 4183 4184 4183 4186 4184 4186 4187 4183 4185 4188 4186 4183 4189 4183 4188 4189 4188 4190 4189 4188 4191 4190 4191 4192 4190 4191 4193 4192 4190 4192 4194 4190 4194 4195 4192 4193 4196 4194 4192 4197 4192 4196 4197 4196 4198 4197 4196 4199 4198 4194 4197 4200 4200 4197 4198 4200 4198 4201 4202 4189 4190 4186 4189 4202 4202 4190 4195 4203 4195 4194 4203 4202 4195 4203 4194 4204 4205 4204 4194 4201 4205 4200 4205 4194 4200 4201 4206 4205 4205 4206 4207 4205 4207 4208 4209 4204 4205 4209 4205 4208 4203 4210 4202 4211 4204 4209 4211 4203 4204 4210 4203 4211 4210 4211 4212 4202 4213 4186 4202 4210 4213 4213 4187 4186 4213 4214 4187 4215 4213 4210 4215 4210 4212 4216 4208 4207 4212 4216 4215 4216 4209 4208 4209 4216 4211 4217 4213 4215 4217 4214 4213 4218 4212 4211 4215 4218 4217 4219 4220 4221 4219 4222 4220 4223 4224 4225 4223 4226 4224 4226 4227 4224 4226 4228 4227 4229 4230 4231 4229 4232 4230 4233 4234 4235 4233 4235 4236 4237 4238 4234 4237 4234 4233 4239 4237 4240 4239 4240 4241 4242 4243 4244 4242 4244 4239 4245 4243 4242 4245 4246 4243 4247 4245 4248 4247 4248 4249 4250 4240 4251 4250 4251 4252 4252 4251 4253 4254 4250 4255 4254 4255 4256 4252 4253 4257 4258 4259 4241 4258 4241 4254 4260 4259 4258 4260 4248 4259 4261 4260 4262 4261 4262 4263 4264 4265 4266 4264 4266 4267 4268 4265 4264 4268 4255 4265 4269 4268 4270 4269 4270 4271 4272 4256 4269 4272 4273 4256 4274 4262 4273 4274 4273 4272 4275 4274 4276 4275 4276 4277 4278 4270 4279 4280 4279 4281 4278 4279 4280 4280 4281 4282 4283 4278 4284 4283 4284 4285 4286 4271 4283 4286 4287 4271 4288 4276 4287 4288 4287 4286 4289 4288 4290 4289 4290 4291 4292 4293 4294 4292 4295 4284 4292 4284 4293 4292 4294 4296 4297 4298 4290 4297 4290 4299 4297 4299 4285 4297 4285 4300 4301 4295 4292 4300 4295 4301 4302 4297 4300 4300 4301 4302 4301 4292 4303 4304 4292 4296 4304 4303 4292 4305 4303 4304 4305 4306 4303 4307 4301 4303 4307 4303 4306 4308 4298 4297 4302 4308 4297 4309 4301 4307 4309 4302 4301 4309 4308 4302 4309 4310 4308 4308 4311 4298 4310 4311 4308 4310 4312 4311 4313 4310 4309 4307 4313 4309 4310 4313 4312 4314 4307 4306 4314 4306 4305 4315 4311 4312 4312 4314 4315 4315 4316 4311 4316 4298 4311 4316 4317 4298 4318 4319 4320 4319 4321 4320 4321 4322 4320 4322 4318 4320 4323 4324 4325 4324 4326 4325 4327 4323 4325 4326 4327 4325 4328 4329 4330 4329 4331 4330 4332 4333 4334 4335 4336 4337 4336 4338 4337 4339 4335 4337 4338 4339 4337 4340 4341 4342 4341 4343 4342 4344 4340 4342 4343 4344 4342 4345 4346 4347 4346 4348 4347 4348 4349 4347 4349 4345 4347 4350 4351 4352 4351 4353 4352 4354 4350 4352 4353 4354 4352 4355 4356 4357 4356 4358 4357 4358 4359 4357 4359 4355 4357 4360 4361 4362 4362 4363 4360 4364 4365 4366 4366 4365 4367 4364 4368 4369 4369 4370 4364 4371 4372 4370 4372 4373 4370 4374 4375 4376 4375 4377 4376 4378 4379 4380 4381 4378 4380 4382 4383 4381 4382 4381 4384 4382 4385 4383 4386 4385 4382 4385 4386 4387 4387 4388 4389 4382 4390 4391 4392 4383 4393 4394 4392 4393 4395 4396 4397 4398 4399 4384 4400 4401 4402 4401 4400 4403 4404 4405 4406 4406 4405 4407 4404 4408 4409 4408 4404 4410 4411 4410 4412 4412 4410 4413 4414 4415 4416 4416 4415 4417 4418 4419 4420 4421 4419 4418 4422 4421 4423 4422 4424 4421 4422 4423 4425 4426 4427 4428 4422 4425 4429 4429 4425 4426 4429 4430 4422 4422 4430 4431 4432 4433 4423 4434 4433 4432 4435 4436 4437 4438 4426 4439 4440 4424 4441 4442 4443 4444 4445 4442 4444 4446 4442 4445 4447 4445 4444 4447 4443 4448 4444 4443 4447 4445 4447 4449 4450 4451 4452 4453 4450 4454 4455 4456 4451 4457 4458 4459 4460 4457 4461 4462 4457 4460 4463 4464 4457 4463 4457 4462 4464 4463 4465 4466 4467 4468 4468 4467 4469 4470 4466 4468 4471 4466 4470 4466 4472 4467 4473 4474 4475 4476 4477 4478 4478 4477 4479 4478 4480 4476 4476 4480 4481 4480 4482 4481 4483 4482 4480 4483 4484 4482 4485 4484 4483 4486 4487 4488 4488 4487 4489 4489 4490 4491 4492 4493 4494 4442 4495 4496 4442 4497 4498 4446 4497 4442 4498 4499 4495 4497 4499 4498 4499 4497 4500 4453 4454 4501 4501 4502 4503 4504 4505 4506 4507 4505 4504 4508 4507 4504 4504 4509 4510 4510 4511 4504 4511 4508 4504 4511 4510 4512 4513 4467 4514 4514 4467 4515 4515 4516 4514 4517 4516 4515 4517 4515 4518 4473 4519 4520 4521 4522 4479 4523 4522 4521 4523 4524 4522 4525 4524 4523 4526 4524 4525 4526 4484 4527 4527 4484 4485 4527 4524 4526 4528 4529 4530 4528 4531 4532 4533 4534 4532 4492 4494 4535 4536 4537 4538 4539 4540 4541 4542 4543 4544 4545 4546 4547 4387 4548 4549 4550 4551 4552 4552 4551 4553 4552 4554 4550 4555 4554 4552 4551 4550 4556 4557 4550 4554 4556 4550 4558 4558 4550 4557 4559 4560 4561 4560 4559 4562 4562 4559 4563 4563 4559 4564 4565 4559 4561 4559 4565 4566 4566 4567 4559 4567 4564 4559 4568 4569 4570 4570 4569 4571 4571 4569 4572 4570 4571 4573 4568 4570 4573 4571 4574 4573 4575 4576 4577 4577 4576 4578 4579 4577 4578 4580 4577 4579 4579 4578 4581 4578 4576 4581 4582 4583 4584 4585 4586 4582 4587 4586 4585 4585 4588 4587 4589 4588 4585 4588 4590 4587 4587 4590 4591 4590 4592 4591 4591 4592 4593 4592 4594 4593 4593 4594 4595 4596 4591 4593 4593 4595 4596 4596 4595 4597 4598 4596 4597 4586 4587 4599 4599 4587 4591 4599 4583 4586 4599 4591 4596 4596 4600 4599 4601 4589 4602 4602 4589 4603 4604 4601 4602 4605 4601 4604 1 4605 4604 4606 4605 1 4606 1 0 1 4607 2 4608 4607 1 4604 4608 1 4609 4608 4604 4602 4609 4604 4610 4609 4602 4603 4610 4602 4611 4610 4603 4612 4613 4614 4614 4613 4615 4613 4616 4615 4615 4616 4617 4613 4618 4616 4612 4619 4613 4619 4618 4613 4620 4619 4612 4 4621 5 5 4621 4622 4623 4621 4 4624 4621 4623 4623 4 3 16 13 12 16 15 4625 4625 15 18 4626 4625 18 4626 18 4627 26 4627 24 4627 26 4628 4628 4629 4627 26 4630 4628 4631 4628 4630 4632 4631 4633 4632 4633 4634 4634 4633 4635 4634 4635 4636 4636 4635 4637 4636 4638 4634 4634 4638 29 4634 29 4632 4632 29 28 4632 28 4629 33 28 27 33 4639 28 4627 4629 4639 4640 33 32 4641 32 37 4640 32 4641 4641 37 4642 4643 4640 4641 4641 4642 4643 4643 4642 4644 4645 4639 33 4640 4645 33 4627 4639 4645 4646 4645 4640 4646 4640 4643 26 4647 4630 26 25 4647 4648 4649 4650 4649 4648 4651 4648 4652 4651 4651 4652 4653 4654 4653 4652 4655 4653 4654 4656 4655 4654 4650 4657 4658 4650 4658 4659 4659 4660 4650 4650 4660 4661 4660 4662 4661 4660 4663 4662 4662 4663 4664 4661 4662 4665 4664 4666 4662 4662 4666 4667 4665 4662 4668 4668 4662 4667 4667 4666 4669 4668 4667 4669 4660 4670 4663 4659 4670 4660 4659 4658 4671 4671 4672 4659 4659 4672 4670 4673 4658 4674 4658 4673 4671 4671 4673 4675 4672 4671 4676 4676 4671 4675 4676 4675 40 40 4675 4677 4677 4678 40 4677 4679 4678 4680 4679 4677 4673 4680 4675 4675 4680 4677 4679 4680 4681 4681 4680 4682 4680 4673 4682 40 4678 38 40 39 4676 4676 4683 4672 4676 39 4683 4672 4683 4684 4672 4684 4670 4670 4684 4685 4685 4686 4670 4687 4686 4685 4686 4687 4688 4688 4687 4689 4688 4689 4690 4690 4689 4691 4690 4691 44 4692 43 42 43 4692 4693 4693 4692 4694 4693 4694 4695 4695 4694 4696 4695 4696 4697 4697 4696 4698 4697 4698 4699 4699 4698 4700 4699 4700 4701 4701 4700 4702 4701 4702 45 45 4702 46 59 54 56 4703 60 59 4704 4703 59 4704 4705 4703 4706 4705 4704 4705 4706 73 73 4707 4705 62 4706 4704 4706 74 73 4706 62 74 62 61 74 68 67 4708 68 4708 4709 4709 4708 4710 4707 73 77 4707 77 4711 4711 70 4707 4711 71 70 70 69 79 4712 4711 77 4711 4712 4713 4712 4714 4713 4714 4712 76 76 4712 77 75 66 68 75 4714 76 4715 68 4709 75 68 4715 4715 4714 75 73 72 77 4707 70 80 80 4705 4707 80 78 84 81 4705 80 4705 81 4703 4703 81 60 81 80 84 81 83 82 151 136 4716 4717 59 150 4718 59 4717 4719 4718 4717 4720 4719 4717 4721 4719 4720 4722 4719 4721 4721 153 4722 4722 153 155 4722 4723 4719 4719 4723 4718 4723 4722 155 4724 4725 4726 4725 4727 4726 4725 4724 4728 4729 4725 4728 4726 4730 4724 4731 4728 4724 4732 4731 4724 4730 4732 4724 4733 4734 4735 4734 4736 4735 4737 4736 4734 4738 4737 4734 4737 4739 4736 4736 4739 4735 4740 4741 4742 4743 4740 4742 4744 4743 4742 4743 4744 4745 4746 4743 4745 4745 4744 4747 4744 4748 4747 4747 4748 4749 4748 4750 4749 4749 4750 4751 4750 4752 4751 4750 4753 4752 4753 4750 4748 4753 4754 4752 4755 4754 4753 4756 4753 4748 4756 4742 4741 4756 4748 4744 4742 4756 4744 4753 4756 4757 4758 4759 4746 4760 4759 4758 4761 4760 4758 338 4760 4761 4762 338 4761 4762 336 338 338 337 4763 4760 338 4764 4764 338 4763 4765 4760 4764 4759 4760 4765 4766 4759 4765 4767 4759 4766 4759 4767 4746 4768 4767 4766 4769 4770 4771 4770 4772 4771 4771 4772 4773 4772 4774 4773 4771 4773 4775 4769 4771 4776 4776 4771 4775 4777 4769 4776 341 340 4778 340 4779 4778 4780 341 4778 4781 4780 4778 4780 339 341 352 348 349 352 4782 351 4782 354 351 4783 354 4782 4783 4784 354 361 360 4784 4784 4785 361 4785 4784 4786 4786 4787 4785 4787 4788 4785 361 4785 4788 4786 4789 4787 4789 4790 4787 4789 4791 4790 4791 4792 4790 4791 4793 4792 4793 4794 4792 4793 4791 4795 4791 364 4795 4791 4789 364 4789 365 364 4789 4786 365 369 363 365 369 365 4796 4786 4796 365 4784 4796 4786 4797 368 369 4798 373 368 4797 4798 368 4798 4799 373 4800 4798 4797 4798 4800 4799 4800 4801 4799 4797 369 4802 4784 4802 4796 4802 369 4796 4803 4800 4797 4803 4797 4802 361 4788 4804 361 4804 362 4805 4806 4807 4806 4805 4808 4805 4807 4809 4807 4810 4809 4811 4809 4810 4812 4811 4810 4813 4811 4812 4808 4814 4806 4808 4815 4816 4815 4808 4817 4808 4818 4817 4817 4818 4819 4817 4819 4820 4819 4821 4820 4818 4822 4819 4821 4819 4823 4819 4824 4823 4825 4824 4819 4822 4825 4819 4824 4826 4823 4825 4826 4824 4815 4817 4827 4817 4820 4827 4815 4828 4816 4815 4827 4829 4828 4815 4829 4829 4830 4828 4830 4831 4828 4828 4831 4832 4832 4833 4816 4816 4828 4832 4830 375 4831 375 4834 4831 4834 375 4835 4834 4835 4836 4837 4834 4836 4832 4831 4837 4831 4834 4837 4836 4838 4837 4838 4839 4837 4837 4839 4832 375 374 4835 375 4830 376 4830 4829 4840 4830 4840 376 4829 4827 4841 4829 4841 4840 4827 4842 4841 4842 4827 4843 4844 4842 4843 4843 4845 4844 4845 4846 4844 4845 4847 4846 4847 4848 4846 4847 380 4848 4849 378 379 379 4850 4849 4850 4851 4849 4850 4852 4851 4852 4853 4851 4852 4854 4853 4854 4855 4853 4854 4856 4855 4856 4857 4855 4856 4858 4857 4858 4859 4857 4858 382 4859 382 381 4859 396 392 390 4860 396 395 4861 396 4860 4861 4860 4862 4863 4861 4862 4862 411 4863 411 4862 4864 399 4861 4863 4863 411 413 4863 413 399 399 413 397 404 4865 403 404 4866 4865 4866 4867 4865 4864 409 411 4864 4868 409 4868 4864 407 4868 407 406 407 415 405 4868 4869 4870 4870 409 4868 4871 4870 4869 4870 4871 410 410 409 4870 412 410 4871 412 404 402 4872 412 4871 412 4872 404 4872 4866 404 411 408 413 416 4864 4862 4864 416 407 416 420 414 418 416 4862 418 420 416 4860 395 418 4862 4860 418 418 417 419 481 4873 466 4874 480 396 4875 4874 396 4876 4874 4875 4877 4874 4876 4878 4877 4876 4879 4878 4876 4878 4879 485 4879 483 485 4876 4875 4880 4880 483 4879 4879 4876 4880 678 675 676 702 675 678 678 680 702 678 696 679 692 696 678 678 677 692 692 694 696 688 685 686 690 687 688 4881 694 692 692 691 4881 691 677 693 4882 702 701 703 675 702 702 4882 703 704 674 675 704 711 674 714 715 717 717 716 719 719 718 4883 720 711 704 704 4884 720 703 4884 704 712 709 4885 720 4885 709 4884 4885 720 4885 4886 712 721 706 712 4886 721 712 4886 4887 721 4887 4886 4888 4886 4889 4888 4889 726 4888 4888 726 694 4889 722 726 4886 4890 4889 4890 722 4889 4890 723 722 723 4891 4884 4890 4891 723 4891 4890 4886 4891 4885 4884 4891 4886 4885 730 723 4884 730 724 723 4884 703 730 741 731 733 743 733 737 740 733 743 745 742 737 745 4892 742 743 742 4893 743 4893 740 742 4894 4893 742 4892 4894 4894 4892 4895 4894 4895 4896 4896 4895 4897 4892 752 4895 4895 752 4898 4895 4898 4897 755 752 4892 745 755 4892 755 753 752 755 754 753 752 751 761 4898 752 761 4896 4897 4899 764 763 4900 4900 4901 764 767 4901 4900 767 766 4901 4901 766 4902 769 4901 4902 764 4901 769 4902 766 771 781 780 4903 780 791 4903 780 773 782 780 782 791 4904 781 4903 781 784 776 4904 784 781 4905 777 784 788 777 4905 788 785 777 4906 784 4904 4905 784 4906 4907 795 787 795 4907 798 798 796 795 4908 796 798 4908 798 797 802 801 797 798 800 799 4909 4907 4910 4910 800 4909 4911 803 772 4883 4912 4913 4912 686 4914 4913 4912 4914 4914 686 4915 686 4916 4915 4917 4916 686 683 4918 4917 4917 4918 4916 719 4883 4919 4919 4883 4913 4920 719 4919 4921 719 4920 4922 4921 4920 4923 4921 4922 683 4923 4918 4918 4923 4922 4898 761 826 825 4924 828 4925 4924 827 4925 829 4924 4924 829 831 4925 827 833 833 827 4926 833 4927 4925 825 835 4926 839 838 4928 4928 836 844 4928 841 840 843 847 841 841 847 845 4929 843 836 4929 836 778 852 848 4930 852 4930 4931 853 739 4931 4931 4930 853 4932 848 850 4930 848 4932 854 4930 4932 4933 4930 854 807 4934 859 4934 855 859 4935 807 837 4935 4934 807 859 855 860 808 807 4936 4936 807 4937 4937 859 858 4937 807 859 865 861 4938 865 4938 4939 4939 4938 866 866 760 4939 4938 861 4940 4940 861 863 868 4938 4940 867 4938 868 4941 870 874 875 4941 874 4942 875 874 4942 874 873 877 876 4942 4943 875 786 4943 4941 875 741 4944 731 874 870 4945 1017 1015 1014 1025 1023 1022 1027 1025 1024 1017 4946 1016 1029 1016 4946 4947 1029 4946 4947 4946 1030 4946 1017 1031 4946 1031 1030 1017 1034 1031 1017 1040 1035 1040 1017 1014 4948 1014 1013 1041 1014 4948 1065 1038 1040 1041 1065 1040 1051 1054 1052 1054 1056 1053 1056 4949 1055 4950 1013 1048 1049 4950 1048 4950 1049 4951 1049 1046 4952 4951 1049 4952 1028 1057 1042 1057 4952 1046 4952 1057 4953 4953 1057 1028 1029 4953 1028 4953 1029 4947 4953 4947 4954 4947 1030 1062 4954 4947 1062 4954 1062 1058 4955 4954 1058 4953 4954 4955 1065 4951 1060 4955 1058 1060 1065 1060 1059 4956 4953 4955 1060 4951 4956 4956 4952 4953 4956 4951 4952 4955 1060 4956 4951 4957 4950 4957 4951 1065 4958 4959 1071 1071 4959 1069 1075 1069 4959 1075 1079 1074 4959 4958 4960 4960 4961 4959 4961 1075 4959 1075 4961 4962 1078 1075 4962 1078 4962 4963 4961 4960 4964 4961 4964 4962 4962 4964 4965 4962 4965 4963 4965 4966 4963 4965 4967 4966 4967 4968 4966 4963 4966 1086 4966 4969 1086 4966 4968 4969 1078 4963 1089 1089 4963 1086 1089 1086 1085 1089 1085 1087 4969 1093 1086 1086 1093 1084 4967 4970 4968 1095 4971 1091 4971 1095 4972 1097 4971 4972 1097 4972 1098 4972 4973 1098 4974 1099 4972 4973 1100 1098 1111 4975 1110 1110 4975 1121 1110 1112 1104 1110 1121 1112 4976 4975 1111 1111 1106 1114 4976 1111 1114 4977 1114 1107 1118 4977 1107 1118 1107 1115 4978 4976 1114 4977 4978 1114 1121 1120 1112 4979 4980 1126 4981 4982 4983 4982 4984 4983 4979 4984 4980 4984 4982 4980 1139 1102 1137 4949 4985 1025 1025 4986 1023 4985 4986 1025 4986 4987 1023 1023 4987 4988 4989 1023 4988 1020 4989 4990 4989 4988 4990 1056 4991 1027 4991 4992 1027 4993 4991 1056 4994 4993 1056 4995 4993 4994 4996 4995 4994 4990 4995 4996 1020 4990 4996 4969 1147 1146 4997 1148 4998 4997 4998 4999 4999 5000 5001 5002 4999 5001 5003 4997 4999 4997 5003 1148 5002 5003 4999 5003 5004 1150 1152 5005 1151 5005 1156 5006 5007 1156 1157 1156 1155 1157 5005 1154 1156 1163 5008 1159 1163 5009 5008 1164 5009 1079 5009 1164 5008 5008 5010 1159 5010 1160 1159 5011 1166 5008 1171 1168 1167 5012 1171 1167 5013 5014 5015 5016 1170 1171 5016 1171 1140 5014 5016 1140 1176 1179 1172 1179 1178 1172 1178 1173 1172 1180 1177 1179 1176 5017 1179 5017 1181 1179 1181 5017 1092 1186 1183 1182 1191 1186 1182 1187 1186 1191 5018 1186 1187 5018 1185 1186 1188 5018 1187 4958 1071 5019 1327 1326 1329 1327 1329 5020 5021 1327 5020 5022 1327 5021 5023 5022 5021 5023 5021 1333 5024 5023 1333 5025 5023 5024 5025 5024 5026 5026 5024 5027 5028 5022 5023 5024 1335 5027 5024 1333 1335 1335 1333 1331 1331 1330 1335 1335 1330 1336 1339 1338 1337 1340 1343 1341 1340 5029 1344 5029 1340 1339 5030 1342 1344 5029 5031 1344 5032 1344 5031 1344 5032 5030 5033 1342 5030 5033 5030 5034 5031 5029 5035 5029 1339 5035 5035 1339 1347 1347 1339 1345 5035 1347 5036 1349 1347 1346 5036 1347 1349 1349 5037 5036 1349 1348 5037 5036 5037 5038 5039 5038 5037 5038 5039 5040 1356 5039 5037 1356 5037 1348 5039 1352 5040 1352 5039 1353 1678 5038 5040 1358 5039 1356 1358 1353 5039 1358 1356 1359 1333 5021 1364 5021 5041 1364 5020 5041 5021 5042 1363 1364 5041 5042 1364 1365 1362 1363 1363 5042 1365 5041 5020 5043 5020 5044 5043 5044 5045 5043 5046 5045 5044 5046 5047 5045 5044 5020 5048 5049 5048 5020 1329 5049 5020 5050 5049 1329 5051 1329 1328 5051 5050 1329 1367 5051 1328 1367 1366 1377 5052 1404 1401 5052 1401 1402 1406 1404 5052 5052 1416 1406 1417 1416 5052 5053 1417 5052 5053 5052 1402 1415 1402 1397 5053 1402 1415 1414 1397 1399 1419 1417 5053 1419 1420 1418 5054 1415 1414 1415 5054 5053 1419 5053 5054 5054 1414 5055 1419 1431 1421 1436 1431 5056 1419 5056 1431 5056 5055 1436 1419 5054 5056 5056 5054 5055 5057 1453 1445 1470 1466 1465 1474 1466 1476 1472 1478 1470 1470 1478 1475 1470 1475 1466 1475 1478 1477 1483 1477 1481 1483 1475 1477 1476 1475 1483 1494 1483 1486 5058 1483 1494 1493 5058 1494 5058 1476 1483 1474 1476 5058 5059 1474 5058 1493 5059 5058 1474 1495 1461 5059 1495 1474 1509 1506 5060 5061 1509 5060 5062 1509 5061 5061 1512 5062 5063 1509 5062 5064 1509 5063 5064 1507 1509 5063 5062 1516 1516 5062 1512 5065 1512 5061 1513 1512 5065 1512 1511 1516 1516 1511 1514 1516 1515 1518 1518 1517 5066 1518 5066 5067 5068 1518 5067 5067 5069 5068 5068 5069 5070 5068 5070 5071 5071 5070 5064 5072 5068 5071 1518 5068 5072 5070 5073 5064 5069 5074 5070 5070 5074 5073 5075 1515 1514 5075 1526 1515 5076 1526 5075 5076 5075 5077 5077 5078 5076 5076 5078 5079 5078 5080 5079 5079 5080 5081 5081 5082 5079 5079 5082 5076 5081 5083 5082 5081 5080 5084 5080 5085 5084 5084 5085 5086 5087 5081 5084 5084 5086 5087 5087 5086 5088 5089 5081 5087 5089 5083 5081 5089 5090 5083 5080 5091 5085 5092 5091 5080 5092 5080 5078 5092 5093 5091 5094 5078 5077 5094 5092 5078 5092 5095 5093 5095 5092 5094 1540 5083 5090 1540 1524 5083 1524 1540 1519 1524 1519 1521 1525 5082 5083 5076 5082 1525 1525 5083 1524 5076 1525 1527 5076 1527 1526 1517 1515 1528 1527 1523 1528 5089 5096 5090 5087 5097 5089 5089 5097 5096 5098 5097 5087 5088 5098 5087 5099 5098 5088 5100 5097 5098 5099 5100 5098 5101 5100 5099 5102 5100 5101 5103 5100 5102 5095 5103 5093 5094 5103 5095 5093 5103 5102 5077 5104 5094 5104 5103 5094 5104 5100 5103 5105 5097 5100 5105 5100 5104 5106 5105 5104 5106 5077 5075 5106 5104 5077 5107 5097 5105 5106 5107 5105 5107 5096 5097 5106 5075 1539 1539 5075 1514 1539 1514 1511 1543 5096 5107 1543 5107 5106 1538 1543 5106 1538 5106 1539 1541 1540 5090 1541 5090 5096 1543 1541 5096 1538 1542 1543 1541 1542 1544 1513 1547 1511 5108 5109 5110 5109 5111 5110 5108 5110 5112 5110 5113 5112 5109 5114 5111 5111 5114 5115 5112 5113 5116 5116 5113 5117 5117 1553 5116 5116 1553 1555 1585 1574 1566 1585 1566 1589 1593 1594 1592 1624 1594 1593 1599 1598 1619 1599 1600 1596 1599 1601 1600 1599 1603 1601 5118 1602 1603 5119 1572 1604 5120 1604 1602 5119 1604 5120 5118 5120 1602 5120 5118 5121 5121 5118 1603 5122 5121 1603 5122 1603 1599 1609 5121 5122 5123 5120 5121 5123 5121 1609 5119 5120 5123 1611 1609 5122 1611 5122 1599 1599 1619 1612 1611 1599 1612 5119 5123 1607 1607 5123 1609 5119 1607 1606 1619 1598 1623 1593 1628 1624 1653 5038 1678 1653 5036 5038 1653 1652 1655 1655 5036 1653 1655 1656 1658 1658 1659 1661 1661 1662 1664 1664 1663 5034 5034 1663 1675 5034 1675 5124 1664 5125 1661 5125 5034 5030 1664 5034 5125 1661 5126 1658 1661 5125 5126 5126 5125 5030 5126 5030 5032 1658 5126 5127 5126 5032 5127 5127 1655 1658 5128 5031 5035 5127 5032 5128 5128 5036 1655 5128 1655 5127 5036 5128 5035 5032 5031 5128 1678 1676 1653 1678 1697 1679 1697 1678 1680 1352 1680 5040 1680 1678 5040 1697 1699 1679 1680 1688 1697 1688 1680 1689 1689 1693 1687 1697 1696 1699 1680 1700 1689 1717 1715 1714 5129 1728 1730 5129 1731 1728 5129 1732 1731 1730 5130 5129 5129 5130 5131 5132 5131 5130 5133 5131 5132 5133 5134 5131 1732 5129 5135 5135 5129 5131 5131 5134 5135 5134 5136 5135 5137 1732 5135 5135 5136 5137 5136 5138 5137 5137 5138 5139 1736 1732 5137 5137 5139 1736 1736 5139 5140 1736 1738 1735 1736 5140 1738 5140 5141 1738 5142 5143 5034 5142 5034 5144 5034 5124 5144 5142 5145 5143 5142 5144 5145 1743 5145 1744 1746 1743 1742 1749 1746 1747 1752 1749 1750 1755 1752 1753 1770 1755 1767 1782 1770 1771 1770 1782 1787 1782 1771 1783 1787 1782 1777 1777 1776 1787 1787 1776 1700 1782 1783 1781 1776 1775 1785 5146 1788 1790 1788 5146 5147 1788 5147 1787 1787 5147 1770 1755 1770 5148 5146 5148 5147 1770 5147 5148 5148 5146 5149 1752 1755 5150 1755 5148 5150 5150 5148 5149 1819 5149 5146 1792 5150 5149 1792 5149 1793 1819 1793 5149 5150 1792 1802 1792 1791 1802 5151 5150 1802 5151 1802 1796 5152 5151 1796 5153 5151 5152 5152 1800 5153 5152 1796 1795 1795 1800 5152 1796 1803 1794 1795 1797 1799 5154 1800 1798 5143 5145 5154 5143 5154 1798 5155 1800 5154 1800 5155 5153 1802 1801 1796 5027 1335 1807 1808 1805 1809 1812 1808 1809 1813 1808 1812 5156 1808 1813 5156 1813 5157 5158 5156 5157 5158 5159 5156 1807 1808 5160 5159 5160 5156 5160 1808 5156 5157 1813 5161 5157 5161 5162 5163 5157 5162 5162 5161 1876 1813 1814 5161 5161 1814 5164 1814 5165 5164 1815 5165 1814 5165 1815 1817 1822 5146 1790 1822 1819 5146 1822 1820 1819 1817 1816 1824 1831 1828 1829 5166 1831 1829 1831 5166 5167 5167 5166 5168 5169 1831 5167 1831 5169 1832 1832 1830 1828 5170 1830 1832 5171 5169 5167 5168 5171 5167 5172 5171 5168 5173 5170 1832 5170 5173 5174 5173 5175 5174 5174 5175 5176 5175 5177 5176 5175 5178 5177 5177 5178 5179 5177 5179 5180 5179 5181 5180 5181 5182 5180 5182 5183 5180 5182 1834 5183 1834 5182 1835 1689 1700 5184 1776 5184 1700 1843 5023 5025 5028 5023 1843 5028 1843 1839 1843 5025 5026 1843 5026 1845 1839 1840 1846 1846 5028 1839 1846 1841 1324 5022 5028 1846 1846 1327 5022 1873 1845 5159 5163 1870 1873 1873 5158 5157 5163 1873 5157 1873 5159 5158 1874 1870 5163 1870 1874 1869 5162 1874 5163 1874 5162 1876 1876 1879 1877 5185 5161 5164 5161 5185 1876 1876 5185 1879 5164 5186 5185 5187 5185 5186 5187 5186 5188 5189 5187 5188 5189 5188 5190 5185 5187 5191 1879 5185 5192 5192 5185 5191 5193 1879 5192 5194 1878 1879 5194 1879 5193 1892 1881 1878 1892 1878 5194 5195 1918 1917 5195 1917 1920 1922 5195 1920 5195 1922 1930 1932 5195 1930 5196 5195 1932 5196 1918 5195 5196 1934 1918 1934 1913 1918 1933 5196 1932 1933 1931 1936 1933 5197 5196 1934 5196 5197 5197 1935 1934 1935 1914 1913 5197 5198 1935 1933 1937 1948 1952 5199 1948 5199 5198 5197 1933 5199 5197 1933 1948 5199 5199 1952 5198 5200 1961 1969 1986 1981 1982 1990 1991 1982 1988 1986 1995 1986 1982 1992 1986 1992 1995 1992 1993 1995 1991 1999 1992 1999 1997 1993 1999 1993 1992 2010 2002 1999 5201 2010 1999 2009 2010 5201 1990 5201 1991 5201 1999 1991 2009 5201 5202 5202 5201 1990 1990 1977 2011 5202 1990 2011 2025 5203 2022 5204 5203 2025 5205 5204 2025 5204 5205 2029 5206 5205 2025 5207 2025 2024 5207 5206 2025 2031 2029 5205 5206 2031 5205 5208 5204 2029 2028 5208 2029 2029 2031 2027 2031 2030 2027 2031 2033 2032 2033 5209 2034 2033 5210 5209 2033 2031 5211 5211 5210 2033 5210 5211 5212 5213 2021 2023 5213 5207 2021 5212 5213 2023 5211 5213 5212 2031 5214 5211 5211 5214 5213 5214 5207 5213 5215 2030 2032 5215 2032 2036 5216 5215 2036 5216 5217 5215 5217 5216 5218 5216 5219 5218 5218 5219 5220 5219 5221 5220 5221 5219 5222 5219 5216 5222 5221 5222 5223 5221 5224 5220 5220 5224 5225 5224 5226 5225 5224 5227 5226 5227 5224 5221 5227 5228 5226 5229 5221 5223 5229 5227 5221 5229 5223 5230 5220 5225 5231 5232 5218 5220 5232 5220 5231 5232 5231 5233 5234 5218 5232 5234 5217 5218 5235 5234 5232 5232 5233 5235 5236 5230 5223 5236 5223 2042 2043 2042 5223 2043 5223 5222 5216 2043 5222 5216 2036 2035 5216 2035 2043 2042 2037 5236 2042 2038 2037 2035 2044 2041 2034 2044 2032 5229 5230 5237 5227 5229 5238 5229 5237 5238 5239 5227 5238 5240 5227 5239 5241 5240 5239 5242 5239 5238 5241 5239 5242 5243 5241 5242 5244 5243 5242 5233 5244 5245 5235 5233 5245 5245 5244 5242 5246 5245 5242 5247 5246 5242 5247 5242 5238 5248 5217 5246 5248 5246 5247 5248 5215 5217 5249 5247 5238 5248 5247 5249 5249 5238 5237 5250 5235 5245 5246 5250 5245 5251 5250 5246 2055 2030 5215 5248 2055 5215 2055 2027 2030 2060 5249 5237 2060 5248 5249 2056 2055 5248 2056 5248 2060 2057 5237 5230 2060 5237 2057 2057 5230 2058 2056 2060 2059 2057 2061 2059 2028 2027 2066 5252 5253 5254 5254 5253 5255 5252 5256 5253 5253 5256 5257 5254 5255 5258 5255 5259 5258 5256 5260 5257 5260 5261 5257 5261 5260 2075 5260 2076 2075 5262 2097 2098 5262 2107 2097 5263 5262 2098 5263 2098 2101 5264 5263 2101 5264 2101 2102 5265 2102 2104 5265 5264 2102 2106 2088 2090 5266 2092 2088 2106 5266 2088 5267 2094 2092 5266 5267 2092 5267 5268 2094 2114 2134 2113 2114 2110 2115 2114 2115 2116 2114 2116 2118 5269 2118 2117 5270 2119 2095 5270 5271 2119 5269 2117 5271 5271 2117 2119 5271 5272 5269 5272 2118 5269 5273 2114 2118 5273 2118 5272 2124 5273 5272 5274 2124 5272 5274 5272 5271 5270 5274 5271 2127 2114 5273 2127 5273 2124 2114 2126 2134 2127 2126 2114 2121 2124 5274 5270 2121 5274 5270 2122 2121 2134 2138 2113 2139 2140 2111 2140 2108 2111 2140 2139 2144 2182 2179 2180 5145 2191 1744 5145 5275 2191 5145 5276 5275 5277 5154 5145 1743 1746 5277 1743 5277 5145 5278 5154 5277 1746 1749 5278 1746 5278 5277 5278 5155 5154 5279 1749 1752 5278 5279 5155 1749 5279 5278 5280 5151 5153 5150 5151 5280 5280 1752 5150 5155 5280 5153 5279 5280 5155 5280 5279 1752 2198 5281 5130 5281 2198 2197 5281 2197 2199 5281 2199 2201 5281 5282 5130 5132 5130 5282 5283 5132 5282 5283 5282 5284 2201 5285 5281 5282 5285 5284 5285 5282 5281 5284 5285 5286 5287 5285 2201 5286 5287 5138 5287 5139 5138 5285 5287 5286 5287 2204 5139 2204 5287 2201 2204 5140 5139 5140 2207 5141 2204 2207 5140 2204 2203 2207 2214 2212 2211 5288 2212 2214 2214 5289 5288 5288 5289 5290 5291 5289 2214 2213 2211 1830 2214 2213 5291 5170 2213 1830 5289 5292 5290 5292 5289 5291 5290 5292 5293 5170 5174 5294 5294 2213 5170 5176 5295 5174 5295 5176 5177 5174 5295 5294 5295 5177 5296 5177 5297 5296 5177 5180 5297 5297 5180 5298 5299 5180 5183 5299 5183 1834 5298 5180 5299 1834 2216 5299 5300 2861 2860 2861 5300 5301 5302 2861 5301 2862 2859 2861 2865 2862 2861 5302 2865 2861 2863 2862 2865 2867 2864 2865 5302 2867 2865 2863 2864 2866 5303 2924 2925 2925 5304 5303 5305 5304 2925 2926 2925 2923 2927 2929 2926 2929 2925 2926 5305 2925 2929 5305 2929 2931 2931 2929 2928 2927 2930 2928 2932 2930 2934 3429 5306 3440 3429 3432 5306 3515 3524 3512 3542 3541 5307 3542 3539 3541 3543 3542 5307 3551 5307 3541 3543 5307 3551 3543 3551 3550 5308 5309 5310 5309 5311 5310 5312 5308 5310 5311 5312 5310 5313 5314 5315 5314 5316 5315 5316 5317 5315 5317 5313 5315 5318 5319 5320 5319 5321 5320 5322 5318 5320 5321 5322 5320 5323 5324 5325 5324 5326 5325 5326 5327 5325 5327 5323 5325 5328 5329 5330 5329 5331 5330 5332 5328 5330 5331 5332 5330 5333 5334 5335 5334 5336 5335 5337 5333 5335 5336 5337 5335 5338 5339 5340 5339 5341 5340 5342 5338 5340 5341 5342 5340 5343 5344 5345 5345 5344 5346 5347 5344 5343 5346 5344 5347 5348 5349 5350 5350 5349 5351 5352 5349 5348 5351 5349 5352 5353 5354 5355 5355 5354 5356 5357 5354 5353 5356 5354 5357 5358 5359 5360 5360 5359 5361 5361 5359 5362 5362 5359 5358 3705 3703 5363 5363 3703 3702 5364 5365 5366 5365 5367 5366 5367 5368 5366 5368 5364 5366 5369 5370 5371 5370 5372 5371 5373 5369 5371 5372 5373 5371 3852 3721 3715 3852 3849 3721 3852 3715 3706 3852 3706 3708 3728 3716 3714 3728 3714 3718 3719 3722 3724 3719 3724 3723 3719 3727 3718 3719 3723 3727 5374 3794 3796 5374 3799 3794 5374 5375 3799 5375 3800 3799 5375 5376 3800 5377 5375 5374 5374 3796 5378 5378 5377 5374 5378 5379 5377 5378 5380 5379 5378 5381 5380 5381 3796 3797 5381 5378 3796 5382 5376 5375 5377 5382 5375 5383 5377 5379 5383 5382 5377 5383 5384 5382 5382 5385 5376 5384 5385 5382 5384 3877 5385 3802 5384 5383 5383 5379 5386 5386 3802 5383 5386 3803 3802 5386 3813 3803 3826 5379 5380 3826 5386 5379 5386 3826 3813 3802 3804 5384 3804 3877 5384 3804 3806 3877 3817 3816 5387 3817 5387 5388 3817 5388 5389 3817 5389 3819 3819 3821 3818 3819 5390 3821 5389 5390 3819 5389 5391 5390 5392 5391 5389 5392 5389 5388 5392 5393 5391 5393 5394 5391 5393 5395 5394 5396 5393 5392 5397 5396 5392 5392 5388 5397 5397 5398 5396 5397 5399 5398 5400 5397 5388 5400 5388 5387 5397 5400 5399 5396 5401 5393 5401 5395 5393 5402 5396 5398 5402 5401 5396 5402 5403 5401 5403 5404 5401 5401 5404 5395 5403 5405 5404 5406 5403 5402 5407 5406 5402 5402 5398 5407 5407 5408 5406 5407 5409 5408 5410 5398 5399 5407 5410 5409 5410 5407 5398 5411 5405 5403 5406 5411 5403 5412 5406 5408 5412 5411 5406 5412 5413 5411 5411 5414 5405 5413 5414 5411 5413 5415 5414 5416 5413 5412 5412 5408 5417 5417 5416 5412 5417 5418 5416 5417 5419 5418 5420 5408 5409 5420 5417 5408 5417 5420 5419 5421 5415 5413 5416 5421 5413 5422 5416 5418 5422 5421 5416 5422 5423 5421 5421 5424 5415 5423 5424 5421 5423 5425 5424 5426 5414 5415 5424 5426 5415 5426 5427 5414 5428 5424 5425 5428 5429 5424 5424 5429 5426 5414 5430 5405 5430 5404 5405 5414 5427 5430 5431 5419 5420 5432 5418 5419 5432 5419 5431 5432 5431 5433 5431 5420 5434 5435 5409 5410 5420 5435 5434 5420 5409 5435 5435 5410 5436 5410 5437 5436 5437 5399 5400 5410 5399 5437 5437 5400 5438 5400 5387 5439 5439 5387 3816 5400 5439 5438 5439 3816 5440 5440 3816 3814 5440 3814 3822 3826 5380 5441 3826 5441 3827 5441 5380 5381 5441 5381 5442 5381 3797 3828 5381 3828 5442 3849 5443 3850 3849 5444 5443 3849 3852 3851 3849 3851 5444 3853 3711 3712 3853 5445 3711 3857 3731 3732 3857 3855 3731 5446 3875 3800 5446 3800 5376 5385 5446 5376 5385 5447 5446 3876 5447 5385 3876 5385 3877 5390 3881 3821 5391 5448 5390 5391 5394 5448 5390 5448 3881 5448 3883 3881 5394 5449 5448 5448 5449 3883 5394 5450 5449 5451 5394 5395 5451 5450 5394 5404 5451 5395 5430 5452 5404 5404 5452 5451 5432 5453 5418 5422 5418 5453 4019 3889 4016 4019 3887 3889 4019 3891 3887 4019 3893 3891 3894 3893 3895 3894 3895 3897 5454 3964 3969 5454 3966 3964 5454 3969 5455 5455 3969 3970 5455 3970 5456 5457 5454 5455 5454 5458 3966 5458 5454 5457 5458 5457 5459 5458 5459 5460 5461 3967 3966 5461 3966 5458 5458 5460 5461 5457 5455 5462 5462 5455 5456 5463 5457 5462 5463 5459 5457 5463 5462 5464 5464 5462 5465 5462 5456 5465 5464 5465 4054 3972 5463 5464 5466 5463 3972 5463 5466 5459 5466 3972 3974 5466 3974 3983 5466 3983 3996 3996 5460 5459 3996 5459 5466 3972 5464 3973 3973 5464 4054 3973 4054 3976 3987 5467 3986 3987 5468 5467 3987 3989 5469 3987 5469 5468 3989 3988 3991 5469 3989 5470 3989 3991 5470 5469 5470 5471 5472 5468 5469 5472 5469 5471 5472 5471 5473 5473 5471 5474 5473 5474 5475 5476 5472 5473 5472 5477 5468 5477 5472 5476 5477 5476 5478 5477 5478 5479 5477 5479 5480 5480 5468 5477 5480 5467 5468 5481 5473 5475 5476 5473 5481 5482 5478 5476 5482 5476 5481 5482 5481 5483 5483 5481 5484 5481 5475 5484 5483 5484 5485 5486 5482 5483 5482 5487 5478 5487 5482 5486 5487 5486 5488 5487 5488 5489 5490 5478 5487 5487 5489 5490 5490 5479 5478 5486 5483 5491 5491 5483 5485 5492 5488 5486 5492 5486 5491 5492 5491 5493 5493 5491 5494 5491 5485 5494 5493 5494 5495 5496 5492 5493 5492 5497 5488 5497 5492 5496 5497 5496 5498 5497 5498 5499 5500 5489 5488 5500 5488 5497 5497 5499 5500 5501 5493 5495 5496 5493 5501 5502 5498 5496 5502 5496 5501 5502 5501 5503 5503 5501 5504 5501 5495 5504 5503 5504 5505 5504 5495 5506 5506 5495 5494 5506 5494 5507 5508 5505 5504 5504 5506 5509 5508 5504 5509 5494 5485 5510 5510 5485 5484 5494 5510 5507 5511 5500 5499 5512 5499 5498 5512 5511 5499 5512 5513 5511 5511 5514 5500 5515 5490 5489 5500 5514 5515 5500 5515 5489 5515 5516 5490 5490 5516 5517 5517 5480 5479 5490 5517 5479 5517 5518 5480 5480 5518 5519 5480 5519 5467 5519 3986 5467 5520 3984 3986 5519 5520 3986 5520 3992 3984 5521 5461 5460 3996 3997 5521 3996 5521 5460 5521 5522 5461 5461 5522 3998 5461 3998 3967 5523 3970 4053 5465 5456 5523 5523 5456 3970 5465 5523 5524 4055 4054 5465 4055 5465 5524 5470 3991 4059 5470 4059 5525 5471 5525 5474 5471 5470 5525 5525 4059 4061 5525 4061 5526 5474 5525 5526 5474 5526 5527 5528 5475 5474 5528 5474 5527 5484 5475 5528 5484 5528 5529 5510 5484 5529 5502 5530 5498 5512 5498 5530 5512 5530 4066 5502 4066 5530 5512 4066 4065 5502 4068 4066 5502 5503 4071 5502 4071 4068 5503 4076 4071 5503 5505 4076 5508 4076 5505 4086 4085 5531 4086 5531 5532 5532 5531 5533 5532 5533 5534 5535 4086 5532 5535 4096 4086 5535 4157 4096 5535 5536 4157 5534 5533 5537 5534 5537 5538 5534 5538 5539 5532 5540 5535 5534 5539 5540 5536 5535 5540 5532 5534 5540 5538 5537 5541 5538 5541 5542 5537 5543 5541 5537 5544 5543 5533 5544 5537 5542 5541 5545 5542 5545 5546 5546 5545 5547 5546 5547 5548 5549 5542 5546 5538 5550 5539 5538 5542 5550 5549 5550 5542 5549 5551 5550 5549 5552 5551 5545 5553 5547 5541 5554 5545 5541 5543 5554 5545 5554 5553 5548 5547 5555 5548 5555 5556 5556 5555 5557 5556 5557 5558 5559 5548 5556 5555 5560 5557 5555 5561 5560 5547 5561 5555 5547 5553 5561 5558 5557 5562 5558 5562 5563 5563 5562 5564 5563 5564 5565 5566 5558 5563 5556 5558 5567 5556 5567 5559 5566 5567 5558 5566 5568 5567 5566 5569 5568 5562 5570 5564 5562 5571 5570 5557 5571 5562 5557 5560 5571 5565 5564 5572 5565 5572 5573 5573 5572 5574 5573 5574 5575 5576 5565 5573 5569 5566 5577 5563 5565 5577 5563 5577 5566 5576 5577 5565 5576 5578 5577 5569 5577 5578 5576 5579 5578 5572 5580 5574 5572 5581 5580 5564 5570 5581 5564 5581 5572 5575 5574 5582 5575 5582 5583 5583 5582 5584 5583 5584 5585 5586 5575 5583 5573 5587 5576 5579 5576 5587 5586 5587 5575 5573 5575 5587 5582 5588 5584 5574 5580 5589 5582 5589 5588 5574 5589 5582 5585 5584 5590 5585 5590 5591 5591 5590 5592 5591 5592 5593 5594 5585 5591 5594 5595 5585 5583 5585 5595 5583 5595 5586 5594 5596 5595 5594 5597 5596 5593 5592 5598 5593 5598 5599 5599 5598 5600 5599 5600 5601 5593 5599 5602 5591 5593 5603 5593 5602 5603 5591 5603 5594 5597 5594 5603 5598 5604 5600 5598 5605 5604 5592 5605 5598 5590 5606 5592 5592 5606 5605 5601 5600 5607 5601 5607 5608 5608 5607 4098 5608 4098 4097 5609 5601 5608 5609 5610 5601 5599 5610 5602 5599 5601 5610 5609 5611 5610 5609 5612 5611 5607 4101 4098 5600 5613 5607 5607 5613 4101 5600 5604 5613 5614 4097 4100 5612 5609 5615 5608 4097 5615 5614 5615 4097 5608 5615 5609 5614 5616 5615 5612 5615 5616 5614 5617 5616 4098 4103 4099 4098 4101 4103 5604 5618 5613 5618 4101 5613 5618 4104 4101 5619 5616 5617 5612 5616 5619 5612 5619 5620 5604 5621 5618 5622 5604 5605 5622 5621 5604 5623 5605 5606 5623 5622 5605 5624 5623 5606 5624 5606 5625 5588 5624 5625 5590 5625 5606 5584 5588 5625 5584 5625 5590 5588 5626 5624 5627 5588 5589 5580 5627 5589 5627 5626 5588 5580 5628 5627 5629 5580 5581 5629 5628 5580 5570 5629 5581 5570 5630 5629 5560 5631 5571 5631 5570 5571 5631 5630 5570 5560 5632 5631 5633 5560 5561 5553 5633 5561 5633 5632 5560 5553 5634 5633 5635 5553 5554 5543 5635 5554 5635 5634 5553 5543 5636 5635 5637 5636 5543 5637 5543 5544 5638 5637 5544 5638 5544 5639 5531 5639 5533 5533 5639 5544 5531 5640 5639 4085 4091 5640 4085 5640 5531 5641 5639 5640 4091 5641 5640 5641 5638 5639 4091 4106 5641 5508 4112 4076 5642 4125 4116 5642 4172 4125 5642 4116 4115 5642 4115 5643 4115 4154 5643 4115 4114 4154 5586 5644 5587 5579 5587 5644 5579 5644 5645 5579 5645 5646 5645 5644 5647 5647 5595 5596 5648 5647 5644 5647 5648 5649 5645 5647 5650 5647 5596 5651 5647 5651 5650 5651 5596 5597 5651 5597 5652 5597 5653 5652 5602 5654 5603 5597 5654 5653 5597 5603 5654 5654 5655 5653 5602 5656 5654 5654 5656 5655 5656 5602 5610 5656 5610 5611 5657 5611 5612 5656 5657 5655 5657 5612 5620 5656 5611 5657 5552 5549 5658 5546 5548 5658 5559 5659 5658 5552 5658 5659 5546 5658 5549 5660 5559 5567 5660 5567 5568 5559 5660 5659 5661 5568 5569 5660 5568 5661 5660 5661 5662 5661 5569 5663 5569 5578 5664 5569 5664 5663 5664 5579 5646 5664 5578 5579 5552 5659 5665 5665 5659 5660 5665 5660 5662 5552 5665 5666 5667 5552 5666 5667 5551 5552 5668 5551 5667 5668 5539 5550 5668 5550 5551 5668 5667 5669 5536 5540 5670 5539 5668 5670 5670 5668 5669 5539 5670 5540 5670 5669 5671 5536 5670 5671 5536 5671 5672 4158 5536 5672 4158 4157 5536 5512 4170 5513 5512 4065 4170 5673 5658 5548 5619 5617 5674 4220 4222 4223 4220 4223 4225 4227 4228 4229 4227 4229 4231 4231 4230 5675 4231 5675 5676 4234 5676 5675 4234 5675 4235 4238 5676 4234 4238 5677 5676 5677 4227 4231 4224 4227 5677 5677 4231 5676 4224 5677 5678 4225 4224 5678 5678 5677 4238 5678 4238 4244 4243 5678 4244 4225 5678 5679 4243 5679 5678 4246 5679 4243 4246 5680 5679 4221 4220 5680 5680 4220 4225 5680 4225 5679 5681 5680 4246 4221 5680 5681 5681 4246 5682 4253 4233 4236 4253 4251 4233 4240 4233 4251 4240 4237 4233 4244 4238 4237 4244 4237 4239 4259 4239 4241 4259 4242 4239 4248 4242 4259 5682 4246 4245 4248 4245 4242 5682 4245 4247 4241 4240 4250 4255 4250 4252 4241 4250 4254 4255 4252 4265 4265 4252 4257 4265 4257 4266 4273 4254 4256 4273 4258 4254 4262 4258 4273 4249 4248 4260 4262 4260 4258 4249 4260 4261 4279 4264 4267 4279 4267 4281 4270 4264 4279 4256 4255 4268 4270 4268 4264 4256 4268 4269 4287 4269 4271 4287 4272 4269 4276 4272 4287 4263 4262 4274 4276 4274 4272 4263 4274 4275 4271 4270 4278 4293 4278 4280 4293 4280 4282 4293 4282 4294 4293 4284 4278 4271 4278 4283 4299 4283 4285 4299 4286 4283 4277 4276 4288 4299 4288 4286 4299 4290 4288 4277 4288 4289 4285 4284 4295 4291 4290 4298 4285 4295 4300 4291 4298 4317 5683 4328 4330 4331 5683 4330 5684 4332 4334 4333 5685 4334 5685 5684 4334 5686 5687 5688 5687 5689 5688 5690 5686 5688 5689 5690 5688 5691 5692 5693 5692 5694 5693 5694 5695 5693 5695 5691 5693 5696 5697 5698 5697 5699 5698 5700 5696 5698 5699 5700 5698 5701 5702 5703 5702 5704 5703 5704 5705 5703 5705 5701 5703 5706 5707 5708 5707 5709 5708 5710 5706 5708 5709 5710 5708 5711 5712 5713 5712 5714 5713 5714 5715 5713 5715 5711 5713 5716 5717 5718 5717 5719 5718 5720 5716 5718 5719 5720 5718 5721 5722 5723 5722 5724 5723 5725 5721 5723 5724 5725 5723 5726 5727 5728 5727 5729 5728 5730 5726 5728 5729 5730 5728 5731 5732 5733 5732 5734 5733 5735 5731 5733 5734 5735 5733 5736 5737 5738 5737 5739 5738 5739 5740 5738 5740 5736 5738 5741 5742 5743 5742 5744 5743 5744 5745 5743 5745 5741 5743 5746 5747 5748 5747 5749 5748 5749 5750 5748 5750 5746 5748 5751 5752 5753 5752 5754 5753 5754 5755 5753 5755 5751 5753 5756 5757 5758 5757 5759 5758 5759 5760 5758 5760 5756 5758 5761 5762 5763 5762 5764 5763 5764 5765 5763 5765 5761 5763 5766 5767 5768 5767 5769 5768 5769 5770 5768 5770 5766 5768 5771 5772 5773 5772 5774 5773 5774 5775 5773 5775 5771 5773 5776 5777 5778 5777 5779 5778 5779 5780 5778 5780 5776 5778 5781 5782 5783 5784 5785 5783 5785 5781 5783 5782 5786 5783 5787 5788 5789 5788 5790 5789 5790 5791 5789 5791 5787 5789 5792 5793 5794 5793 5795 5794 5795 5796 5794 5796 5792 5794 5797 5798 5799 5798 5800 5799 5801 5797 5799 5800 5801 5799 5802 5803 5804 5803 5805 5804 5806 5802 5804 5805 5806 5804 5807 5808 5809 5808 5810 5809 5810 5811 5809 5811 5807 5809 5812 5813 5814 5813 5815 5814 5816 5812 5814 5815 5816 5814 5817 5818 5819 5818 5820 5819 5820 5821 5819 5821 5817 5819 5822 5823 5824 5823 5825 5824 5825 5826 5824 5826 5822 5824 5827 5828 5829 5828 5830 5829 5831 5827 5829 5830 5831 5829 5832 5833 5834 5833 5835 5834 5836 5832 5834 5835 5836 5834 5837 5838 5839 5839 5838 5840 5841 5838 5837 5840 5838 5841 5842 5843 5844 5843 5845 5844 5846 5842 5844 5845 5846 5844 5847 5848 5849 5849 5848 5850 5851 5848 5847 5850 5848 5851 5852 5853 5854 5853 5855 5854 5855 5856 5854 5856 5852 5854 5857 5858 5859 5858 5860 5859 5861 5857 5859 5860 5861 5859 5862 5863 5864 5864 5863 5865 5865 5863 5866 5866 5863 5862 5867 4383 4385 5867 4385 4389 5868 5867 4389 4389 4385 4387 4389 5869 5868 4388 5869 4389 5870 5869 4388 5871 5870 4388 5871 4388 4387 4384 4390 4382 4391 5872 4382 5867 5873 4394 5873 5874 4394 4396 4395 5868 5875 5871 5876 5877 4425 4423 5877 4427 4425 4437 4427 5877 4427 4437 5878 4428 4427 5878 5879 4428 5878 4427 4426 4425 5879 5880 4428 5880 4426 4428 4424 4422 5881 5877 4434 5882 5882 4434 5883 4436 4435 5884 5885 4438 4439 4454 5886 5887 5886 4454 4452 5888 5887 5886 5887 5888 5889 5888 5890 5889 5891 5890 5888 5892 5890 5891 5893 5890 5892 5892 5891 5894 5894 5891 5895 5891 5888 5895 5896 5893 5892 5897 5893 5896 5897 5896 5898 5898 5896 5899 5899 4496 5898 4496 5899 4443 5896 5892 5900 5900 5892 5894 5895 5888 5901 5902 5888 5886 5886 4452 5902 5901 5888 5902 5903 5896 5900 5899 5896 5903 5903 4448 5899 5899 4448 4443 4443 4442 4496 5902 4452 5904 5904 4452 4451 4454 4450 4452 4451 4450 5905 4451 4456 5906 4456 5907 5906 5906 5907 5908 5909 5906 5908 5910 5906 5909 5911 5910 5909 5909 5912 5911 5912 5913 5911 5911 5913 5914 5913 5915 5914 5914 5915 5916 5916 5917 5914 5918 5917 5916 5916 5919 5918 5915 5919 5916 5918 5919 5920 5921 5919 5915 5922 5910 5911 5917 5922 5914 5914 5922 5911 5908 5923 5909 5923 5912 5909 5919 5924 5920 5921 5924 5919 5920 5924 5925 4459 5925 5924 5925 4459 4458 5926 5924 5921 5924 5926 5927 4459 5924 4461 4461 4457 4459 4458 4457 4464 5928 5923 5908 5908 5929 5928 5930 5929 5908 5931 5929 5930 5929 5931 5932 5931 5933 5932 5907 4456 5934 5934 5931 5930 5935 4466 4471 4472 4466 5935 4467 4472 5936 5937 4472 5935 4472 5938 5936 5938 4472 5937 5939 5938 5937 5940 5938 5939 5941 5938 5940 5936 5938 5942 5938 5941 5942 5940 5943 5941 5943 5940 5944 5939 5944 5940 5944 5945 5943 5945 5944 4474 4474 5946 5945 5944 5939 5947 5944 5947 4474 4474 5947 4475 4487 4486 4529 4529 4486 4530 5948 4487 4529 4490 4487 5948 4487 4490 4489 4490 5948 5949 4490 5949 4491 5949 5948 5950 5949 5950 5951 5951 5952 5949 4491 5949 5953 5949 5952 5953 5951 5950 5954 5951 5955 5952 5951 5954 5956 5956 5955 5951 5956 5957 5955 4493 5957 5956 4493 5958 5957 5956 5959 4493 5956 5954 5959 4493 5959 4494 5960 4454 5887 4454 5960 5961 5887 5962 5960 5962 5887 5889 5889 5890 5962 5962 5890 5963 5964 5890 5893 5963 5890 5964 5965 5963 5964 5966 5962 5963 5966 5963 5965 5893 5967 5964 5897 5967 5893 5898 5967 5897 4496 5968 5898 5968 5967 5898 5968 4496 4495 5965 5964 5969 5969 5964 5967 5970 5962 5966 5970 5971 5962 5971 5961 5960 5962 5971 5960 5969 5967 5972 5972 5967 5968 4495 5973 5968 5968 5973 5972 4495 4442 4498 4495 4499 5973 5974 5961 5971 5974 4502 5961 4502 4501 5961 4454 5961 4501 5975 4502 5974 5975 5976 4502 5977 5978 5915 5915 5978 5979 5980 5979 5978 5981 5979 5980 5979 5982 5915 5979 5981 5982 5982 5981 5983 5915 5982 5984 5985 5977 5912 5978 5977 5985 5978 5986 5980 5985 5986 5978 5987 5912 5923 5985 5912 5987 5987 5988 5985 5985 5988 5986 5982 5989 5984 5982 5983 5989 5989 5983 5990 5990 4506 5989 4506 5990 4509 5984 5989 5991 5989 5992 5991 4506 4505 5989 4509 4504 4506 5928 5993 5923 5923 5993 5987 5929 5993 5928 5994 5993 5929 5929 5995 5994 5995 5996 5994 5995 5929 5997 5998 5995 5997 5987 5999 5988 5993 5999 5987 6000 5999 5993 6001 5999 6000 6001 6000 6002 4518 4515 6003 4467 6003 4515 5936 6003 4467 4518 6003 6004 5936 6005 6003 5941 6005 5942 5942 6005 5936 6004 6003 6005 6005 6006 6004 6007 6006 6005 6005 5941 6007 5943 6007 5941 6008 6006 6007 6007 5943 6008 6006 6008 6009 6008 4520 6009 4520 6010 4473 6010 6008 5943 6008 6010 4520 6009 4520 4519 4532 5948 4529 4532 4529 4528 4532 4531 4533 4534 5948 4532 6011 4534 4533 6011 6012 4534 5950 5948 6012 6012 5948 4534 5950 6013 5954 6012 6013 5950 6012 6014 6013 6015 6012 6011 6015 6014 6012 6013 6016 5954 5954 6016 5959 5959 4535 4494 6016 4535 5959 4535 6017 4492 6016 6017 4535 6018 6017 6016 6013 6018 6016 6014 6018 6013 6019 4537 4536 6020 6021 5869 5869 6021 6022 6023 6024 6025 6025 6024 6026 6027 6028 6029 6029 6028 6030 6031 6032 6033 6033 6032 6034 6035 4540 4539 6036 6037 6038 6038 6037 6039 6040 5878 6041 6041 5878 6042 6043 4543 4542 6044 6045 6046 6046 6045 6047 6048 6049 6050 6050 6049 6051 6052 6053 6054 6054 6053 6055 6056 6057 6058 6059 6060 6061 5880 6062 6063 25 22 23 4629 4628 4631 4629 4631 4632 4629 28 4639 71 4711 4713 362 359 358 406 4869 4868 1099 4973 4972 4980 1119 1126 1119 4980 6064 6064 1117 6065 4980 6066 6064 6066 4980 4981 4980 4982 4981 1148 1149 4998 4998 5000 4999 1150 5004 1094 1151 1156 5007 6067 1153 5006 6067 5006 5007 1166 5010 5008 5015 1171 5012 6068 1140 5012 6068 1109 1140 4583 4582 4586 6069 4596 4598 6069 4600 4596 4600 4583 4599 4657 4650 4649 4674 4658 4657 4682 4673 4674 4741 4740 6070 6071 4755 4753 4757 4756 4741 6071 4753 4757 4814 4808 4816 4833 4814 4816 4839 4833 4832</p>
        </triangles>
      </mesh>
    </geometry>
  </library_geometries>
  <library_controllers>
    <controller id="Controller">
      <skin source="#Geometry">
        <bind_shape_matrix>1 0 0 0 0 1 0 0 0 0 1 0 0 0 0 1</bind_shape_matrix>
        <source id="Controller-joints">
          <Name_array id="Controller-joints-array" count="40">J_joint23 J_joint25 J_root J_joint41 J_joint43 J_joint19 J_joint35 CharacterCenterTarget J_joint40 J_joint20 J_joint45 J_joint46 J_joint48 J_joint24 J_joint27 J_joint28 J_joint15 J_joint14 J_joint39 J_joint12 J_joint51 J_joint13 J_joint42 J_joint29 J_joint17 J_joint18 J_joint30 J_joint33 J_joint49 J_joint36 J_joint50 J_center J_joint32 J_joint11 J_joint22 J_joint31 J_joint38 J_joint26 GRP_joint chr057</Name_array>
          <technique_common>
            <accessor source="#Controller-joints-array" count="40" stride="1">
              <param name="JOINT" type="Name"/>
            </accessor>
          </technique_common>
        </source>
        <source id="Controller-bind_poses">
          <float_array id="Controller-bind_poses-array" count="640">4.61808 0 0 -1.53959 0 4.61808 0 -6.08256 0 0 4.61808 0.031148 0 0 0 1 4.61808 0 0 -3.04955 0 4.61808 0 -6.08318 0 0 4.61808 -0.000186 0 0 0 1 4.61808 0 0 0 0 4.61808 0 0 0 0 4.61808 0 0 0 0 1 4.61808 0 0 3.04955 0 4.61808 0 -6.08318 0 0 4.61808 -0.000186 0 0 0 1 4.61808 0 0 2.92035 0 4.61808 0 -6.01592 0 0 4.61808 -0.097345 0 0 0 1 4.61808 0 0 -0.292424 0 4.61808 0 -0.96322 0 0 4.61808 -0.004821 0 0 0 1 4.61808 0 0 -0.38938 0 4.61808 0 -6.24007 0 0 4.61808 0.48192 0 0 0 1 0.339101 0 0 0 0 0.339101 0 -0.320623 0 0 0.339101 -0.011842 0 0 0 1 4.61808 0 0 2.46548 0 4.61808 0 -6.08318 0 0 4.61808 -0.000186 0 0 0 1 4.61808 0 0 -0.292424 0 4.61808 0 -0.280219 0 0 4.61808 -0.336585 0 0 0 1 4.61808 0 0 0.38938 0 4.61808 0 -6.24007 0 0 4.61808 0.48192 0 0 0 1 4.61808 0 0 1.07535 0 4.61808 0 -3.92044 0 0 4.61808 0.601851 0 0 0 1 4.61808 0 0 0.292424 0 4.61808 0 -4.37994 0 0 4.61808 0 0 0 0 1 4.61808 0 0 -2.46548 0 4.61808 0 -6.08318 0 0 4.61808 -0.000186 0 0 0 1 4.61808 0 0 -2.91861 0 4.61808 0 -6.01362 0 0 4.61808 -0.113769 0 0 0 1 4.61808 0 0 -2.92035 0 4.61808 0 -6.01592 0 0 4.61808 -0.778781 0 0 0 1 4.61808 0 0 0 0 4.61808 0 -4.5942 0 0 4.61808 1.01708 0 0 0 1 4.61808 0 0 0 0 4.61808 0 -6.09049 0 0 4.61808 0.917593 0 0 0 1 4.61808 0 0 1.53959 0 4.61808 0 -6.08256 0 0 4.61808 0.031148 0 0 0 1 4.61808 0 0 0 0 4.61808 0 -6.52546 0 0 4.61808 -0.000497 0 0 0 1 4.61808 0 0 0.292424 0 4.61808 0 -0.280219 0 0 4.61808 -0.336584 0 0 0 1 4.61808 0 0 0 0 4.61808 0 -6.58257 0 0 4.61808 0.362801 0 0 0 1 4.61808 0 0 3.19246 0 4.61808 0 -5.85905 0 0 4.61808 -0.000186 0 0 0 1 4.61808 0 0 -2.92035 0 4.61808 0 -6.01592 0 0 4.61808 -1.55753 0 0 0 1 4.61808 0 0 -0.292424 0 4.61808 0 -4.37995 0 0 4.61808 0 0 0 0 1 4.61808 0 0 -0.292424 0 4.61808 0 -2.66777 0 0 4.61808 -0.053363 0 0 0 1 4.61808 0 0 -2.92035 0 4.61808 0 -6.01592 0 0 4.61808 -2.33628 0 0 0 1 4.61808 0 0 -2.92035 0 4.61808 0 -6.01592 0 0 4.61808 -4.67256 0 0 0 1 4.61808 0 0 0.292424 0 4.61808 0 -2.66778 0 0 4.61808 -0.053363 0 0 0 1 4.61808 0 0 -1.07535 0 4.61808 0 -3.92043 0 0 4.61808 0.601851 0 0 0 1 4.61808 0 0 0.292424 0 4.61808 0 -0.963219 0 0 4.61808 -0.004821 0 0 0 1 4.61808 0 0 0 0 4.61808 0 -4.83018 0 0 4.61808 0 0 0 0 1 4.61808 0 0 -2.92035 0 4.61808 0 -6.01592 0 0 4.61808 -3.89378 0 0 0 1 4.61808 0 0 0 0 4.61808 0 -5.42768 0 0 4.61808 0.015234 0 0 0 1 4.61808 0 0 -0.525747 0 4.61808 0 -6.08371 0 0 4.61808 -0.000497 0 0 0 1 4.61808 0 0 -2.92035 0 4.61808 0 -6.01592 0 0 4.61808 -3.11503 0 0 0 1 4.61808 0 0 0.525747 0 4.61808 0 -6.08371 0 0 4.61808 -0.000497 0 0 0 1 4.61808 0 0 -3.19984 0 4.61808 0 -5.87201 0 0 4.61808 -0.000186 0 0 0 1 4.61808 0 0 0 0 4.61808 0 0 0 0 4.61808 0 0 0 0 1 1 0 0 0 0 1 0 0 0 0 1 0 0 0 0 1</float_array>
          <technique_common>
            <accessor source="#Controller-bind_poses-array" count="40" stride="16">
              <param name="TRANSFORM" type="float4x4"/>
            </accessor>
          </technique_common>
        </source>
        <source id="Controller-weights">
          <float_array id="Controller-weights-array" count="4041">1 0.2 0.8 0.9 0.1 0.9 0.1 0.9 0.1 0.5 0.5 0.8 0.1 0.1 0.5 0.5 0.1 0.9 0.1 0.9 0.1 0.9 0.2 0.8 0.2 0.8 0.2 0.8 0.9 0.1 0.9 0.1 0.9 0.1 0.1 0.9 0.2 0.8 0.9 0.1 0.399856 0.3 0.300144 0.2 0.8 0.2 0.8 0.3 0.7 0.2 0.8 0.9 0.1 0.9 0.1 0.9 0.1 0.2 0.8 0.9 0.1 0.9 0.1 0.9 0.1 0.5 0.5 0.5 0.5 0.8 0.1 0.1 0.1 0.9 0.1 0.9 0.1 0.9 0.2 0.8 0.2 0.8 0.2 0.8 0.9 0.1 0.9 0.1 0.9 0.1 0.1 0.9 0.8 0.2 0.399856 0.3 0.300144 0.9 0.1 0.2 0.8 0.7 0.3 0.2 0.8 0.8 0.2 0.9 0.1 0.9 0.1 0.9 0.1 0.9 0.1 0.1 0.9 0.1 0.9 0.1 0.9 0.1 0.9 0.1 0.9 0.6 0.4 0.9 0.1 0.2 0.8 0.9 0.1 0.6 0.4 0.2 0.8 0.3 0.7 0.1 0.9 0.1 0.9 0.1 0.9 0.3 0.7 0.2 0.8 0.9 0.1 0.9 0.1 0.1 0.9 0.2 0.8 0.2 0.8 0.7 0.3 0.7 0.3 0.9 0.1 0.9 0.1 0.9 0.1 0.8 0.2 0.5 0.5 0.8 0.2 0.7 0.3 0.7 0.3 0.7 0.3 0.9 0.1 0.7 0.3 0.7 0.3 0.8 0.2 0.5 0.5 0.9 0.1 0.9 0.1 0.9 0.1 0.1 0.9 0.8 0.2 0.8 0.2 0.8 0.2 0.5 0.5 0.8 0.2 0.5 0.5 0.4 0.6 0.5 0.5 0.6 0.4 0.8 0.2 0.8 0.2 0.5 0.5 0.5 0.5 0.8 0.2 0.8 0.2 0.8 0.2 0.5 0.5 0.9 0.1 0.9 0.1 0.8 0.2 0.9 0.1 0.1 0.9 0.1 0.9 0.1 0.9 0.1 0.9 0.1 0.9 0.2 0.8 0.6 0.4 0.9 0.1 0.6 0.4 0.3 0.7 0.1 0.9 0.1 0.9 0.1 0.9 0.3 0.7 0.9 0.1 0.9 0.1 0.7 0.3 0.9 0.1 0.9 0.1 0.1 0.9 0.9 0.1 0.9 0.1 0.001391 0.998609 0.5 0.5 0.013491 0.8911 0.095407 0.7 0.3 0.7 0.3 0.7 0.3 0.9 0.1 0.121082 0.702886 0.176032 0.7 0.3 0.797877 0.202123 0.1 0.9 0.032861 0.872616 0.094523 0.028208 0.783075 0.188717 0.093621 0.743827 0.162551 0.028208 0.783075 0.188717 0.032853 0.966033 0.001113 0.015924 0.984075 0.5 0.5 0.6 0.4 0.98964 0.01036 0.00718 0.895489 0.09733 0.5 0.5 0.517489 0.482511 0.580071 0.419929 0.522079 0.477921 0.9 0.1 0.9 0.1 0.582255 0.417745 0.9 0.1 0.9 0.1 0.9 0.1 0.580071 0.419929 0.5 0.5 0.5 0.5 0.9 0.1 0.9 0.1 0.9 0.1 0.9 0.1 0.9 0.1 0.8 0.2 0.9 0.1 0.9 0.1 0.9 0.1 0.9 0.1 0.983104 0.016896 0.995818 0.004182 0.9 0.1 0.7 0.3 0.9 0.1 0.144391 0.855609 0.8 0.2 0.8 0.2 0.8 0.2 0.3 0.7 0.1 0.9 0.1 0.9 0.8 0.2 0.8 0.2 0.8 0.2 0.1 0.9 0.8 0.2 0.1 0.9 0.1 0.9 0.1 0.9 0.8 0.2 0.9 0.1 0.9 0.1 0.8 0.2 0.1 0.9 0.8 0.2 0.1 0.9 0.8 0.2 0.9 0.1 0.9 0.1 0.9 0.1 0.9 0.1 0.9 0.1 0.9 0.1 0.9 0.1 0.9 0.1 0.9 0.1 0.5 0.5 0.5 0.5 0.5 0.5 0.5 0.5 0.5 0.5 0.5 0.5 0.5 0.5 0.5 0.5 0.5 0.5 0.4 0.6 0.4 0.6 0.4 0.6 0.9 0.1 0.9 0.1 0.9 0.1 0.9 0.1 0.9 0.1 0.9 0.1 0.9 0.1 0.8 0.2 0.9 0.1 0.2 0.8 0.2 0.8 0.1 0.9 0.1 0.9 0.1 0.9 0.1 0.9 0.9 0.1 0.2 0.8 0.9 0.1 0.2 0.8 0.2 0.8 0.4 0.6 0.1 0.9 0.1 0.9 0.9 0.1 0.9 0.1 0.9 0.1 0.8 0.2 0.8 0.2 0.9 0.1 0.1 0.9 0.8 0.2 0.8 0.2 0.1 0.9 0.1 0.9 0.1 0.9 0.1 0.9 0.1 0.9 0.1 0.9 0.2 0.8 0.1 0.9 0.9 0.1 0.9 0.1 0.9 0.1 0.9 0.1 0.7 0.3 0.9 0.1 0.9 0.1 0.016526 0.983474 0.004182 0.995818 0.9 0.1 0.9 0.1 0.145541 0.854459 0.144391 0.855609 0.2 0.8 0.1 0.9 0.1 0.9 0.2 0.8 0.2 0.8 0.1 0.9 0.2 0.8 0.5 0.5 0.5 0.5 0.144391 0.855609 0.8 0.2 0.3 0.7 0.1 0.9 0.8 0.2 0.8 0.2 0.1 0.9 0.8 0.2 0.8 0.2 0.8 0.2 0.8 0.2 0.1 0.9 0.1 0.9 0.1 0.9 0.1 0.9 0.8 0.2 0.9 0.1 0.9 0.1 0.1 0.9 0.8 0.2 0.8 0.2 0.8 0.2 0.1 0.9 0.9 0.1 0.9 0.1 0.9 0.1 0.9 0.1 0.9 0.1 0.9 0.1 0.9 0.1 0.9 0.1 0.9 0.1 0.5 0.5 0.5 0.5 0.6 0.4 0.6 0.4 0.1 0.9 0.1 0.9 0.1 0.9 0.1 0.9 0.1 0.9 0.1 0.9 0.1 0.9 0.2 0.8 0.6 0.4 0.1 0.9 0.8 0.2 0.4 0.6 0.1 0.9 0.1 0.9 0.9 0.1 0.9 0.1 0.144391 0.855609 0.873131 0.126869 0.996281 0.003719 0.99899 0.00101 0.896127 0.103873 0.5 0.5 0.5 0.5 0.873131 0.126869 0.996281 0.003719 0.99899 0.00101 0.896127 0.103873 0.5 0.5 0.5 0.5 0.002089 0.997911 0.2 0.8 0.3 0.7 0.1 0.9 0.117487 0.882513 0.2 0.8 0.131762 0.868238 0.9 0.1 0.9 0.1 0.7 0.3 0.7 0.3 0.6 0.4 0.8 0.2 0.9 0.1 0.9 0.1 0.95 0.05 0.95 0.05 0.95 0.05 0.7 0.3 0.7 0.3 0.5 0.5 0.111046 0.888954 0.036147 0.963852 0.096802 0.903197 0.036147 0.963852 0.5 0.5 0.7 0.3 0.7 0.3 0.7 0.3 0.7 0.3 0.9 0.1 0.9 0.1 0.95 0.05 0.95 0.05 0.95 0.05 0.7 0.3 0.7 0.3 0.7 0.3 0.7 0.3 0.7 0.3 0.7 0.3 0.7 0.3 0.7 0.3 0.7 0.3 0.205785 0.794214 0.2 0.8 0.206091 0.793909 0.2 0.8 0.003932 0.996067 0.1 0.9 0.200429 0.799571 0.010302 0.989697 0.011501 0.988499 0.1 0.9 0.1 0.9 0.1 0.9 0.2 0.8 0.200429 0.799571 0.004071 0.995928 0.1 0.9 0.1 0.9 0.002799 0.997201 0.7 0.3 0.7 0.3 0.7 0.3 0.7 0.3 0.7 0.3 0.7 0.3 0.7 0.3 0.3 0.7 0.3 0.7 0.3 0.7 0.3 0.7 0.3 0.7 0.3 0.7 0.3 0.7 0.3 0.7 0.3 0.7 0.3 0.7 0.3 0.7 0.3 0.7 0.3 0.7 0.3 0.7 0.3 0.7 0.3 0.7 0.3 0.7 0.3 0.7 0.3 0.7 0.3 0.7 0.3 0.7 0.3 0.7 0.3 0.7 0.3 0.7 0.3 0.7 0.3 0.7 0.7 0.3 0.7 0.3 0.3 0.7 0.7 0.3 0.7 0.3 0.7 0.3 0.7 0.3 0.7 0.3 0.896373 0.103627 0.894956 0.105044 0.937949 0.062051 0.1 0.9 0.1 0.9 0.3 0.7 0.3 0.7 0.7 0.3 0.691583 0.308417 0.5 0.5 0.5 0.5 0.1 0.9 0.1 0.9 0.3 0.7 0.3 0.7 0.7 0.3 0.7 0.3 0.5 0.5 0.5 0.5 0.5 0.5 0.7 0.3 0.1 0.9 0.1 0.9 0.1 0.9 0.8 0.2 0.8 0.2 0.1 0.9 0.1 0.9 0.1 0.9 0.1 0.9 0.1 0.9 0.5 0.5 0.9 0.1 0.9 0.1 0.1 0.9 0.5 0.5 0.5 0.5 0.9 0.1 0.9 0.1 0.1 0.9 0.1 0.9 0.1 0.9 0.1 0.9 0.1 0.9 0.1 0.9 0.5 0.5 0.9 0.1 0.9 0.1 0.1 0.9 0.1 0.9 0.5 0.5 0.9 0.1 0.5 0.5 0.5 0.5 0.691583 0.308417 0.7 0.3 0.7 0.3 0.7 0.3 0.7 0.3 0.8 0.2 0.8 0.2 0.7 0.3 0.8 0.2 0.6 0.4 0.6 0.4 0.6 0.4 0.5 0.5 0.6 0.4 0.5 0.5 0.1 0.9 0.2 0.8 0.5 0.5 0.6 0.4 0.9 0.1 0.8 0.2 0.5 0.5 0.3 0.7 0.5 0.5 0.5 0.5 0.2 0.8 0.7 0.3 0.8 0.2 0.8 0.2 0.9 0.1 0.8 0.2 0.9 0.1 0.9 0.1 0.8 0.2 0.6 0.4 0.4 0.4 0.1 0.1 0.5 0.5 0.6 0.4 0.5 0.5 0.5 0.5 0.5 0.5 0.6 0.4 0.4 0.6 0.4 0.6 0.2 0.8 0.2 0.8 0.2 0.8 0.1 0.9 0.5 0.5 0.4 0.6 0.2 0.2 0.3 0.3 0.5 0.5 0.5 0.5 0.6 0.4 0.4 0.6 0.4 0.6 0.2 0.8 0.201102 0.798898 0.4 0.6 0.5 0.5 0.6 0.4 0.8 0.2 0.7 0.3 0.8 0.2 0.7 0.3 0.6 0.4 0.6 0.4 0.6 0.4 0.7 0.3 0.8 0.2 0.8 0.2 0.8 0.2 0.9 0.1 0.8 0.2 0.5 0.5 0.5 0.5 0.5 0.5 0.3 0.7 0.12 0.4 0.48 0.5 0.5 0.5 0.5 0.2 0.8 0.5 0.5 0.2 0.8 0.5 0.5 0.1 0.9 0.5 0.5 0.2 0.8 0.1 0.9 0.2 0.8 0.2 0.8 0.5 0.5 0.9 0.1 0.5 0.5 0.5 0.5 0.5 0.5 0.1 0.9 0.5 0.5 0.6 0.4 0.5 0.5 0.2 0.8 0.5 0.5 0.3 0.7 0.5 0.5 0.5 0.5 0.4 0.4 0.1 0.1 0.5 0.5 0.6 0.4 0.7 0.3 0.7 0.3 0.8 0.2 0.7 0.3 0.8 0.2 0.8 0.2 0.9 0.1 0.9 0.1 0.9 0.1 0.6 0.4 0.5 0.5 0.5 0.5 0.4 0.6 0.3 0.3 0.2 0.2 0.4 0.6 0.4 0.6 0.2 0.8 0.1 0.9 0.2 0.8 0.5 0.5 0.1 0.1 0.4 0.4 0.4 0.6 0.5 0.5 0.6 0.4 0.7 0.3 0.7 0.3 0.8 0.2 0.8 0.2 0.9 0.1 0.9 0.1 0.2 0.8 0.4 0.6 0.4 0.6 0.5 0.5 0.5 0.5 0.6 0.4 0.6 0.4 0.7 0.3 0.7 0.3 0.8 0.2 0.8 0.2 0.5 0.5 0.6 0.4 0.5 0.5 0.2 0.8 0.5 0.5 0.1 0.9 0.5 0.5 0.5 0.5 0.5 0.5 0.1 0.9 0.5 0.5 0.5 0.5 0.5 0.5 0.9 0.1 0.9 0.1 0.6 0.4 0.4 0.6 0.9 0.1 0.2 0.8 0.2 0.8 0.1 0.9 0.7 0.3 0.8 0.2 0.7 0.3 0.8 0.2 0.7 0.3 0.8 0.2 0.6 0.4 0.6 0.4 0.6 0.4 0.8 0.2 0.8 0.2 0.9 0.1 0.9 0.1 0.9 0.1 0.8 0.2 0.6 0.4 0.4 0.4 0.1 0.1 0.5 0.5 0.6 0.4 0.5 0.5 0.5 0.5 0.6 0.4 0.4 0.6 0.4 0.6 0.2 0.8 0.2 0.8 0.2 0.8 0.9 0.1 0.5 0.5 0.4 0.6 0.2 0.2 0.3 0.3 0.5 0.5 0.5 0.5 0.4 0.6 0.4 0.6 0.2 0.8 0.201102 0.798898 0.4 0.6 0.5 0.5 0.6 0.4 0.6 0.4 0.8 0.2 0.8 0.2 0.7 0.3 0.7 0.3 0.6 0.4 0.6 0.4 0.6 0.4 0.7 0.3 0.8 0.2 0.8 0.2 0.8 0.2 0.9 0.1 0.8 0.2 0.5 0.5 0.5 0.5 0.5 0.5 0.3 0.7 0.1 0.9 0.5 0.5 0.5 0.5 0.8 0.2 0.5 0.5 0.8 0.2 0.5 0.5 0.9 0.1 0.5 0.5 0.2 0.8 0.1 0.9 0.2 0.8 0.2 0.8 0.5 0.5 0.9 0.1 0.5 0.5 0.5 0.5 0.5 0.5 0.9 0.1 0.5 0.5 0.5 0.5 0.6 0.4 0.8 0.2 0.5 0.5 0.7 0.3 0.5 0.5 0.5 0.5 0.4 0.4 0.1 0.1 0.6 0.4 0.5 0.5 0.7 0.3 0.7 0.3 0.8 0.2 0.7 0.3 0.8 0.2 0.8 0.2 0.9 0.1 0.9 0.1 0.9 0.1 0.6 0.4 0.5 0.5 0.5 0.5 0.4 0.6 0.4 0.6 0.4 0.6 0.3 0.3 0.2 0.2 0.2 0.8 0.9 0.1 0.2 0.8 0.5 0.5 0.1 0.1 0.4 0.4 0.4 0.6 0.5 0.5 0.6 0.4 0.7 0.3 0.7 0.3 0.8 0.2 0.8 0.2 0.9 0.1 0.9 0.1 0.2 0.8 0.4 0.6 0.4 0.6 0.5 0.5 0.5 0.5 0.6 0.4 0.6 0.4 0.7 0.3 0.7 0.3 0.8 0.2 0.8 0.2 0.5 0.5 0.6 0.4 0.5 0.5 0.2 0.8 0.5 0.5 0.9 0.1 0.5 0.5 0.5 0.5 0.5 0.5 0.5 0.5 0.1 0.9 0.5 0.5 0.5 0.5 0.9 0.1 0.9 0.1 0.6 0.4 0.4 0.6 0.9 0.1 0.2 0.8 0.2 0.8 0.1 0.9 0.9 0.1 0.9 0.1 0.1 0.9 0.5 0.5 0.3 0.7 0.6 0.4 0.6 0.4 0.9 0.1 0.9 0.1 0.9 0.1 0.6 0.4 0.7 0.3 0.2 0.8 0.2 0.8 0.7 0.3 0.2 0.8 0.7 0.3 0.9 0.1 0.2 0.8 0.8 0.2 0.5 0.5 0.4 0.6 0.2 0.8 0.2 0.8 0.7 0.3 0.2 0.8 0.8 0.2 0.5 0.5 0.5 0.5 0.5 0.5 0.1 0.9 0.1 0.9 0.2 0.8 0.2 0.8 0.2 0.8 0.2 0.8 0.1 0.9 0.2 0.8 0.2 0.8 0.2 0.8 0.1 0.9 0.2 0.8 0.1 0.9 0.5 0.5 0.5 0.5 0.8 0.2 0.5 0.5 0.8 0.2 0.6 0.4 0.8 0.2 0.6 0.4 0.8 0.2 0.6 0.4 0.8 0.2 0.8 0.2 0.6 0.4 0.5 0.5 0.8 0.2 0.6 0.4 0.6 0.4 0.5 0.5 0.8 0.2 0.2 0.8 0.9 0.1 0.9 0.1 0.2 0.8 0.1 0.9 0.2 0.8 0.5 0.5 0.3 0.7 0.6 0.4 0.9 0.1 0.9 0.1 0.6 0.4 0.6 0.4 0.2 0.8 0.7 0.3 0.2 0.8 0.7 0.3 0.7 0.3 0.7 0.3 0.2 0.8 0.2 0.8 0.7 0.3 0.2 0.8 0.7 0.3 0.9 0.1 0.2 0.8 0.015924 0.984075 0.5 0.5 0.4 0.6 0.001391 0.998609 0.2 0.8 0.2 0.8 0.7 0.3 0.2 0.8 0.283841 0.716159 0.44283 0.534302 0.022868 0.695476 0.304524 0.739833 0.260167 0.871065 0.128935 0.764256 0.235745 0.2 0.8 0.2 0.8 0.2 0.8 0.2 0.8 0.1 0.9 0.2 0.8 0.2 0.8 0.2 0.8 0.2 0.8 0.1 0.9 0.2 0.8 0.1 0.9 0.223493 0.776507 0.40251 0.558494 0.038995 0.746292 0.253707 0.695476 0.304524 0.871065 0.128935 0.764256 0.235745 0.283841 0.716159 0.797877 0.202123 0.5 0.5 0.032853 0.966033 0.001113 0.4 0.6 0.6 0.4 0.009785 0.990214 0.6 0.4 0.98964 0.01036 0.6 0.4 0.1 0.9 0.009785 0.990214 0.032861 0.872616 0.094523 0.6 0.4 0.9 0.1 0.517489 0.482511 0.2 0.8 0.7 0.3 0.7 0.3 0.5 0.5 0.7 0.3 0.9 0.1 0.7 0.3 0.7 0.3 0.9 0.1 0.5 0.5 0.8 0.2 0.6 0.4 0.8 0.2 0.6 0.4 0.9 0.1 0.9 0.1 0.8 0.2 0.8 0.2 0.9 0.1 0.8 0.2 0.9 0.1 0.8 0.2 0.8 0.2 0.8 0.2 0.7 0.3 0.7 0.3 0.8 0.2 0.8 0.2 0.9 0.1 0.7 0.3 0.6 0.4 0.5 0.5 0.3 0.7 0.8 0.2 0.8 0.2 0.5 0.5 0.5 0.5 0.1 0.9 0.144391 0.855609 0.5 0.5 0.5 0.5 0.9 0.1 0.8 0.2 0.8 0.2 0.8 0.2 0.9 0.1 0.3 0.7 0.3 0.7 0.8 0.2 0.8 0.2 0.9 0.1 0.9 0.1 0.8 0.2 0.8 0.2 0.9 0.1 0.8 0.2 0.8 0.2 0.7 0.3 0.7 0.3 0.6 0.4 0.7 0.3 0.8 0.2 0.8 0.2 0.6 0.4 0.5 0.5 0.5 0.5 0.6 0.4 0.5 0.5 0.7 0.3 0.8 0.2 0.5 0.5 0.6 0.4 0.5 0.5 0.7 0.3 0.6 0.4 0.8 0.2 0.7 0.3 0.6 0.4 0.5 0.5 0.6 0.4 0.5 0.5 0.5 0.5 0.6 0.4 0.7 0.3 0.7 0.3 0.8 0.2 0.8 0.2 0.8 0.2 0.9 0.1 0.8 0.2 0.9 0.1 0.3 0.7 0.3 0.7 0.1 0.9 0.1 0.9 0.4 0.6 0.4 0.6 0.4 0.6 0.7 0.3 0.6 0.4 0.6 0.4 0.9 0.1 0.4 0.6 0.3 0.7 0.1 0.9 0.6 0.4 0.2 0.8 0.7 0.3 0.8 0.2 0.5 0.5 0.7 0.3 0.2 0.8 0.8 0.2 0.3 0.7 0.5 0.5 0.3 0.7 0.1 0.9 0.2 0.8 0.9 0.1 0.1 0.9 0.1 0.9 0.2 0.8 0.2 0.8 0.1 0.9 0.2 0.8 0.2 0.8 0.2 0.8 0.2 0.8 0.4 0.6 0.4 0.6 0.9 0.1 0.7 0.3 0.7 0.3 0.7 0.3 0.9 0.1 0.7 0.3 0.5 0.5 0.5 0.5 0.8 0.2 0.799131 0.200869 0.9 0.1 0.8 0.2 0.8 0.2 0.8 0.2 0.9 0.1 0.7 0.3 0.8 0.2 0.8 0.2 0.8 0.2 0.7 0.3 0.7 0.3 0.7 0.3 0.7 0.3 0.6 0.4 0.5 0.5 0.5 0.5 0.3 0.7 0.2 0.8 0.7 0.3 0.7 0.3 0.7 0.3 0.8 0.2 0.8 0.2 0.9 0.1 0.7 0.3 0.6 0.4 0.5 0.5 0.3 0.7 0.8 0.2 0.8 0.2 0.5 0.5 0.5 0.5 0.1 0.9 0.144391 0.855609 0.5 0.5 0.5 0.5 0.9 0.1 0.8 0.2 0.8 0.2 0.8 0.2 0.9 0.1 0.3 0.7 0.3 0.7 0.8 0.2 0.8 0.2 0.9 0.1 0.9 0.1 0.8 0.2 0.9 0.1 0.8 0.2 0.8 0.2 0.7 0.3 0.7 0.3 0.6 0.4 0.7 0.3 0.8 0.2 0.8 0.2 0.6 0.4 0.5 0.5 0.5 0.5 0.6 0.4 0.5 0.5 0.7 0.3 0.8 0.2 0.5 0.5 0.6 0.4 0.5 0.5 0.7 0.3 0.6 0.4 0.9 0.1 0.8 0.2 0.7 0.3 0.6 0.4 0.5 0.5 0.5 0.5 0.6 0.4 0.5 0.5 0.5 0.5 0.6 0.4 0.7 0.3 0.7 0.3 0.8 0.2 0.8 0.2 0.7 0.3 0.8 0.2 0.8 0.2 0.8 0.2 0.9 0.1 0.9 0.1 0.3 0.7 0.3 0.7 0.1 0.9 0.1 0.9 0.5 0.5 0.5 0.5 0.5 0.5 0.5 0.5 0.5 0.5 0.5 0.5 0.5 0.5 0.6 0.4 0.6 0.4 0.6 0.4 0.3 0.7 0.4 0.6 0.4 0.6 0.1 0.9 0.6 0.4 0.7 0.3 0.9 0.1 0.4 0.6 0.2 0.8 0.7 0.3 0.5 0.5 0.7 0.3 0.2 0.8 0.8 0.2 0.3 0.7 0.9 0.1 0.79947 0.20053 0.799131 0.200869 0.8 0.2 0.7 0.3 0.8 0.2 0.8 0.2 0.7 0.3 0.7 0.3 0.6 0.4 0.5 0.5 0.3 0.7 0.8 0.2 0.5 0.5 0.5 0.5 0.8 0.2 0.5 0.5 0.5 0.5 0.288024 0.711976 0.7 0.3 0.7 0.3 0.7 0.3 0.7 0.3 0.7 0.3 0.7 0.3 0.7 0.3 0.7 0.3 0.7 0.3 0.7 0.3 0.8 0.2 0.8 0.2 0.8 0.2 0.8 0.2 0.8 0.2 0.85 0.15 0.85 0.15 0.85 0.15 0.85 0.15 0.85 0.15 0.7 0.3 0.7 0.3 0.7 0.3 0.7 0.3 0.7 0.3 0.3 0.7 0.3 0.7 0.3 0.7 0.3 0.7 0.3 0.7 0.7 0.3 0.7 0.3 0.7 0.3 0.7 0.3 0.7 0.3 0.8 0.2 0.8 0.2 0.8 0.2 0.8 0.2 0.8 0.2 0.85 0.15 0.85 0.15 0.85 0.15 0.85 0.15 0.85 0.15 0.7 0.3 0.7 0.3 0.7 0.3 0.7 0.3 0.7 0.3 0.3 0.7 0.3 0.7 0.3 0.7 0.3 0.7 0.3 0.7 0.9 0.1 0.5 0.5 0.5 0.5 0.5 0.5 0.5 0.5 0.5 0.5 0.6 0.4 0.6 0.4 0.6 0.4 0.6 0.4 0.6 0.4 0.3 0.7 0.2 0.8 0.2 0.8 0.5 0.5 0.3 0.7 0.5 0.5 0.5 0.5 0.1 0.9 0.5 0.5 0.7 0.3 0.7 0.3 0.5 0.5 0.7 0.3 0.9 0.1 0.9 0.1 0.9 0.1 0.95 0.05 0.9 0.1 0.85 0.15 0.85 0.15 0.9 0.1 0.85 0.15 0.8 0.2 0.85 0.15 0.8 0.2 0.8 0.2 0.85 0.15 0.8 0.2 0.8 0.2 0.8 0.2 0.8 0.2 0.8 0.2 0.8 0.2 0.8 0.2 0.8 0.2 0.8 0.2 0.8 0.2 0.8 0.2 0.7 0.3 0.7 0.3 0.8 0.2 0.7 0.3 0.2 0.8 0.7 0.3 0.2 0.8 0.2 0.8 0.7 0.3 0.2 0.8 0.1 0.9 0.1 0.9 0.2 0.8 0.1 0.9 0.7 0.3 0.8 0.2 0.1 0.9 0.2 0.8 0.8 0.2 0.2 0.8 0.1 0.9 0.1 0.9 0.7 0.3 0.8 0.2 0.8 0.2 0.8 0.2 0.85 0.15 0.9 0.1 0.95 0.05 0.5 0.5 0.2 0.8 0.2 0.8 0.5 0.5 0.95 0.05 0.95 0.05 0.9 0.1 0.85 0.15 0.8 0.2 0.1 0.9 0.3 0.7 0.3 0.7 0.3 0.7 0.5 0.5 0.3 0.7 0.5 0.5 0.5 0.5 0.3 0.7 0.5 0.5 0.7 0.3 0.7 0.3 0.5 0.5 0.7 0.3 0.9 0.1 0.9 0.1 0.9 0.1 0.95 0.05 0.9 0.1 0.85 0.15 0.85 0.15 0.9 0.1 0.85 0.15 0.8 0.2 0.85 0.15 0.8 0.2 0.8 0.2 0.85 0.15 0.8 0.2 0.8 0.2 0.8 0.2 0.8 0.2 0.8 0.2 0.8 0.2 0.8 0.2 0.8 0.2 0.8 0.2 0.8 0.2 0.8 0.2 0.7 0.3 0.7 0.3 0.8 0.2 0.7 0.3 0.2 0.8 0.7 0.3 0.3 0.7 0.3 0.7 0.7 0.3 0.3 0.7 0.1 0.9 0.1 0.9 0.3 0.7 0.1 0.9 0.7 0.3 0.8 0.2 0.1 0.9 0.3 0.7 0.8 0.2 0.3 0.7 0.1 0.9 0.1 0.9 0.7 0.3 0.8 0.2 0.8 0.2 0.8 0.2 0.85 0.15 0.9 0.1 0.95 0.05 0.5 0.5 0.3 0.7 0.3 0.7 0.5 0.5 0.95 0.05 0.95 0.05 0.9 0.1 0.85 0.15 0.8 0.2 0.1 0.9 0.3 0.7 0.3 0.7 0.4 0.6 0.4 0.6 0.3 0.7 0.3 0.7 0.6 0.4 0.6 0.4 0.6 0.4 0.4 0.6 0.7 0.3 0.7 0.3 0.7 0.3 0.6 0.4 0.796552 0.203448 0.8 0.2 0.8 0.2 0.81186 0.18814 0.8 0.2 0.7 0.3 0.7 0.3 0.662875 0.337125 0.8 0.2 0.787421 0.212579 0.895662 0.104338 0.9 0.1 0.9 0.1 0.9 0.1 0.9 0.1 0.9 0.1 0.885709 0.114291 0.9 0.1 0.9 0.1 0.9 0.1 0.9 0.1 0.9 0.1 0.9 0.1 0.9 0.1 0.9 0.1 0.9 0.1 0.9 0.1 0.9 0.1 0.9 0.1 0.9 0.1 0.9 0.1 0.9 0.1 0.9 0.1 0.9 0.1 0.9 0.1 0.9 0.1 0.9 0.1 0.9 0.1 0.9 0.1 0.8 0.2 0.8 0.2 0.9 0.1 0.9 0.1 0.8 0.2 0.9 0.1 0.8 0.2 0.8 0.2 0.7 0.3 0.7 0.3 0.8 0.2 0.8 0.2 0.8 0.2 0.8 0.2 0.5 0.5 0.5 0.5 0.3 0.7 0.3 0.7 0.5 0.5 0.7 0.3 0.3 0.7 0.5 0.5 0.7 0.3 0.2 0.8 0.2 0.8 0.2 0.8 0.3 0.7 0.3 0.7 0.2 0.8 0.2 0.8 0.002799 0.997201 0.1 0.9 0.2 0.8 0.1 0.9 0.2 0.8 0.3 0.7 0.5 0.5 0.7 0.3 0.8 0.2 0.8 0.2 0.8 0.2 0.9 0.1 0.9 0.1 0.9 0.1 0.9 0.1 0.9 0.1 0.9 0.1 0.883611 0.116389 0.8 0.2 0.786533 0.213467 0.7 0.3 0.6 0.4 0.4 0.6 0.4 0.6 0.3 0.7 0.3 0.7 0.1 0.9 0.1 0.9 0.9 0.1 0.9 0.1 0.9 0.1 0.9 0.1 0.9 0.1 0.8 0.2 0.9 0.1 0.8 0.2 0.8 0.2 0.7 0.3 0.7 0.3 0.5 0.5 0.5 0.5 0.3 0.7 0.813589 0.186411 0.8 0.2 0.9 0.1 0.9 0.1 0.883611 0.116389 0.9 0.1 0.9 0.1 0.8 0.2 0.786533 0.213467 0.7 0.3 0.6 0.4 0.6 0.4 0.4 0.6 0.4 0.6 0.3 0.7 0.9 0.1 0.1 0.9 0.1 0.9 0.1 0.9 0.1 0.9 0.1 0.9 0.1 0.9 0.1 0.9 0.3 0.7 0.782543 0.217457 0.881409 0.118591 0.734814 0.265186 0.1 0.9 0.1 0.9 0.1 0.9 0.1 0.9 0.1 0.9 0.4 0.6 0.35 0.65 0.35 0.65 0.35 0.65 0.35 0.65 0.75 0.25 0.75 0.25 0.75 0.25 0.75 0.25 0.75 0.25 0.1 0.9 0.1 0.9 0.1 0.9 0.1 0.9 0.1 0.9 0.2 0.8 0.2 0.8 0.2 0.8 0.2 0.8 0.2 0.8 0.35 0.65 0.35 0.65 0.35 0.65 0.35 0.65 0.35 0.65 0.5 0.5 0.5 0.5 0.5 0.5 0.5 0.5 0.5 0.5 0.4 0.6 0.4 0.6 0.4 0.6 0.4 0.6 0.4 0.6 0.5 0.5 0.5 0.5 0.5 0.5 0.5 0.5 0.5 0.5 0.3 0.7 0.3 0.7 0.3 0.7 0.3 0.7 0.3 0.7 0.15 0.85 0.15 0.85 0.15 0.85 0.15 0.85 0.15 0.85 0.3 0.7 0.3 0.7 0.3 0.7 0.3 0.7 0.3 0.7 0.15 0.85 0.15 0.85 0.15 0.85 0.15 0.85 0.15 0.85 0.1 0.9 0.1 0.9 0.1 0.9 0.1 0.9 0.1 0.9 0.3 0.7 0.3 0.7 0.3 0.7 0.3 0.7 0.3 0.7 0.1 0.9 0.1 0.9 0.1 0.9 0.1 0.9 0.1 0.9 0.3 0.7 0.3 0.7 0.3 0.7 0.3 0.7 0.3 0.7 0.75 0.25 0.75 0.25 0.75 0.25 0.75 0.25 0.75 0.25 0.85 0.15 0.85 0.15 0.85 0.15 0.85 0.15 0.85 0.15 0.25 0.75 0.25 0.75 0.25 0.75 0.25 0.75 0.25 0.75 0.25 0.75 0.3 0.7 0.3 0.7 0.3 0.7 0.3 0.7 0.3 0.7 0.5 0.5 0.5 0.5 0.5 0.5 0.5 0.5 0.5 0.5 0.7 0.3 0.7 0.3 0.7 0.3 0.7 0.3 0.7 0.3 0.4 0.6 0.4 0.6 0.4 0.6 0.4 0.6 0.4 0.6 0.30224 0.69776 0.357291 0.642709 0.330505 0.669495 0.4 0.6 0.329842 0.670158 0.531629 0.468371 0.457985 0.542015 0.565751 0.434249 0.58307 0.41693 0.53691 0.46309 0.7 0.3 0.7 0.3 0.720728 0.279272 0.730807 0.269192 0.7 0.3 0.8 0.2 0.8 0.2 0.8 0.2 0.8 0.2 0.8 0.2 0.8 0.2 0.8 0.2 0.8 0.2 0.8 0.2 0.8 0.2 0.8 0.2 0.7 0.3 0.8 0.2 0.7 0.3 0.6 0.4 0.8 0.2 0.8 0.2 0.7 0.3 0.7 0.3 0.6 0.4 0.9 0.1 0.9 0.1 0.9 0.1 0.9 0.1 0.9 0.1 0.9 0.1 0.9 0.1 0.9 0.1 0.9 0.1 0.9 0.1 0.9 0.1 0.9 0.1 0.9 0.1 0.9 0.1 0.9 0.1 0.9 0.1 0.9 0.1 0.9 0.1 0.9 0.1 0.9 0.1 0.9 0.1 0.9 0.1 0.9 0.1 0.9 0.1 0.9 0.1 0.5 0.5 0.5 0.5 0.5 0.5 0.5 0.5 0.7 0.3 0.5 0.5 0.201112 0.798888 0.5 0.5 0.5 0.5 0.5 0.5 0.5 0.5 0.7 0.3 0.7 0.3 0.5 0.5 0.7 0.3 0.9 0.1 0.9 0.1 0.9 0.1 0.9 0.1 0.5 0.5 0.5 0.5 0.4 0.6 0.4 0.6 0.4 0.6 0.5 0.5 0.3 0.7 0.3 0.7 0.2 0.8 0.2 0.8 0.3 0.7 0.9 0.1 0.9 0.1 0.2 0.8 0.6 0.4 0.6 0.4 0.7 0.3 0.6 0.4 0.9 0.1 0.9 0.1 0.9 0.1 0.9 0.1 0.5 0.5 0.5 0.5 0.4 0.6 0.4 0.6 0.5 0.5 0.4 0.6 0.3 0.7 0.3 0.7 0.299942 0.700058 0.9 0.1 0.9 0.1 0.2 0.8 0.2 0.8 0.199954 0.800046 0.1 0.9 0.6 0.4 0.7 0.3 0.7 0.3 0.7 0.3 0.7 0.3 0.7 0.3 0.7 0.3 0.5 0.5 0.5 0.5 0.6 0.4 0.6 0.4 0.7 0.3 0.7 0.3 0.7 0.3 0.6 0.4 0.8 0.2 0.8 0.2 0.9 0.1 0.8 0.2 0.5 0.5 0.6 0.4 0.6 0.4 0.7 0.3 0.7 0.3 0.6 0.4 0.7 0.3 0.8 0.2 0.8 0.2 0.9 0.1 0.8 0.2 0.9 0.1 0.8 0.2 0.9 0.1 0.5 0.5 0.4 0.6 0.4 0.6 0.5 0.5 0.3 0.7 0.2 0.8 0.3 0.7 0.9 0.1 0.9 0.1 0.2 0.8 0.1 0.9 0.6 0.4 0.1 0.9 0.5 0.5 0.5 0.5 0.4 0.6 0.5 0.5 0.4 0.6 0.3 0.7 0.3 0.7 0.299942 0.700058 0.9 0.1 0.9 0.1 0.9 0.1 0.9 0.1 0.2 0.8 0.2 0.8 0.199954 0.800046 0.1 0.9 0.6 0.4 0.7 0.3 0.691583 0.308417 0.7 0.3 0.7 0.3 0.7 0.3 0.6 0.4 0.7 0.3 0.1 0.9 0.7 0.3 0.5 0.5 0.6 0.4 0.6 0.4 0.7 0.3 0.7 0.3 0.8 0.2 0.8 0.2 0.9 0.1 0.5 0.5 0.6 0.4 0.7 0.3 0.7 0.3 0.6 0.4 0.8 0.2 0.9 0.1 0.8 0.2 0.7 0.3 0.5 0.5 0.7 0.3 0.5 0.5 0.5 0.5 0.5 0.5 0.201112 0.798888 0.7 0.3 0.5 0.5 0.5 0.5 0.5 0.5 0.7 0.3 0.5 0.5 0.5 0.5 0.201112 0.798888 0.7 0.3 0.5 0.5 0.5 0.5 0.5 0.5 0.7 0.3 0.5 0.5 0.7 0.3 0.7 0.3 0.2 0.8 0.5 0.5 0.5 0.5 0.5 0.5 0.7 0.3 0.5 0.5 0.5 0.5 0.7 0.3 0.5 0.5 0.5 0.5 0.2 0.8 0.5 0.5 0.7 0.3 0.201112 0.798888 0.7 0.3 0.2 0.8 0.5 0.5 0.5 0.5 0.2 0.8 0.093621 0.743827 0.162551 0.121082 0.702886 0.176032 0.40251 0.558494 0.038995 0.013491 0.8911 0.095407 0.00718 0.895489 0.09733 0.1 0.1 0.4 0.4 0.5 0.5 0.1 0.1 0.4 0.4</float_array>
          <technique_common>
            <accessor source="#Controller-weights-array" count="4041" stride="1">
              <param name="WEIGHT" type="float"/>
            </accessor>
          </technique_common>
        </source>
        <joints>
          <input semantic="JOINT" source="#Controller-joints"/>
          <input semantic="INV_BIND_MATRIX" source="#Controller-bind_poses"/>
        </joints>
        <vertex_weights count="6072">
          <input semantic="JOINT" source="#Controller-joints" offset="0"/>
          <input semantic="WEIGHT" source="#Controller-weights" offset="1"/>
          <vcount>1 2 1 1 2 2 1 1 1 1 1 1 1 2 1 1 2 1 1 1 1 1 1 1 1 3 2 1 2 2 1 1 1 2 1 1 1 1 1 2 2 1 1 2 1 2 2 1 1 1 1 1 1 1 1 1 1 1 1 2 1 1 2 1 1 1 1 1 2 1 2 3 1 2 1 2 2 2 1 1 2 2 1 1 1 1 1 1 1 1 1 1 1 1 1 1 1 1 1 1 1 1 1 1 1 1 1 1 1 1 1 1 1 1 1 1 1 1 1 1 1 1 1 1 1 1 1 1 1 1 1 1 1 1 1 1 1 1 1 1 1 1 1 1 1 1 1 1 1 1 1 2 1 1 1 1 1 1 1 1 1 1 1 1 1 1 1 1 1 1 1 1 1 1 1 1 1 1 1 1 1 1 1 1 1 1 1 1 1 1 1 1 1 1 1 1 1 1 1 1 1 1 1 1 1 1 1 1 1 1 1 1 1 1 1 1 1 1 1 1 1 1 1 1 1 1 1 1 1 1 1 1 1 1 1 1 1 1 1 1 1 1 1 1 1 1 1 1 1 1 1 1 1 1 1 1 1 1 1 1 1 1 1 1 1 1 1 1 1 1 1 1 1 1 1 1 1 1 1 1 1 1 1 1 1 1 1 1 1 1 1 1 1 1 1 1 1 1 1 1 1 1 1 1 1 1 1 1 1 1 1 1 1 1 1 1 1 1 1 1 1 1 1 1 1 1 1 1 1 1 1 1 1 1 1 1 1 1 2 1 2 2 1 1 1 1 1 1 1 2 1 1 2 1 1 1 1 1 1 1 1 2 3 1 2 2 1 1 1 2 1 1 1 1 1 2 2 1 1 2 1 2 2 1 1 1 1 1 1 1 1 1 1 1 1 1 2 1 1 2 1 1 1 1 2 1 3 2 1 2 2 2 2 1 1 1 2 1 2 1 1 1 1 1 1 1 1 1 1 1 1 1 1 1 1 1 1 1 1 1 1 1 1 1 1 1 1 1 1 1 1 1 1 1 1 1 1 1 1 1 1 1 1 1 1 1 1 1 1 1 1 1 1 1 1 1 1 1 1 1 1 2 1 1 1 1 1 1 1 1 1 1 1 1 1 1 1 1 1 1 1 1 1 1 1 1 1 1 1 1 1 1 1 1 1 1 1 1 1 1 1 1 1 1 1 1 1 1 1 1 1 1 1 1 1 1 1 1 1 1 1 1 1 1 1 1 1 1 1 1 1 1 1 1 1 1 1 1 1 1 1 1 1 1 1 1 1 1 1 1 1 1 1 1 1 1 1 1 1 1 1 1 1 1 1 1 1 1 1 1 1 1 1 1 1 1 1 1 1 1 1 1 1 1 1 1 1 1 1 1 1 1 1 1 1 1 1 1 1 1 1 1 1 1 1 1 1 1 1 1 1 1 1 1 1 1 1 1 1 1 1 1 1 1 1 1 1 1 1 1 1 1 1 1 1 1 1 1 1 1 1 1 1 1 1 1 1 1 1 1 1 1 1 1 1 1 1 1 2 1 1 1 1 2 2 1 2 1 2 1 2 2 2 2 1 1 1 1 1 1 1 1 2 2 2 1 1 1 1 1 1 1 2 1 2 1 1 2 1 2 2 2 1 2 1 1 1 1 1 1 2 1 1 1 1 1 1 1 1 2 2 2 2 2 1 2 1 1 1 1 1 1 2 1 1 2 1 1 1 1 1 1 1 1 2 1 1 2 1 2 1 1 1 1 1 1 1 1 1 1 2 2 1 1 2 1 1 1 2 2 1 1 1 1 1 2 2 1 2 2 1 1 2 1 1 1 1 2 2 1 1 1 1 1 1 1 1 1 1 1 1 1 1 1 1 2 1 2 2 1 1 1 1 2 1 1 1 1 1 2 1 2 1 2 2 1 1 1 1 1 1 1 2 2 2 1 1 1 1 2 1 1 1 1 1 2 2 2 2 1 1 1 1 1 2 2 2 2 1 1 1 1 1 1 1 1 1 1 1 1 1 1 1 1 1 1 1 1 1 1 1 1 1 1 1 1 1 1 1 1 1 1 1 1 1 1 1 1 1 1 1 1 1 1 1 1 1 1 1 1 1 1 1 1 1 1 1 1 1 1 1 1 1 1 1 1 1 1 1 1 1 1 1 1 1 1 1 1 1 1 1 1 1 1 1 1 1 1 1 1 1 1 1 1 1 1 1 1 1 1 1 1 1 1 1 1 1 1 1 1 1 1 1 1 1 1 1 1 1 1 1 1 1 1 1 1 1 1 1 1 1 1 1 1 1 1 1 2 1 1 2 2 1 2 1 2 1 2 2 2 1 1 1 1 1 1 1 1 1 1 2 2 1 1 1 1 1 1 1 2 1 2 1 1 2 1 2 2 1 1 2 1 1 1 1 2 1 1 1 1 1 2 1 1 1 2 1 1 2 2 1 1 1 1 1 1 2 1 1 2 1 1 1 1 1 2 1 2 1 3 1 1 1 1 1 1 1 1 1 1 2 2 1 1 2 1 1 1 2 3 1 2 1 1 1 1 2 1 1 1 1 1 1 1 1 1 1 1 1 2 3 1 1 1 1 1 1 1 3 3 3 3 2 1 1 1 2 1 1 1 1 1 1 2 2 1 3 1 1 1 1 2 1 1 1 1 2 1 2 2 2 2 1 1 1 1 2 2 2 2 1 2 1 1 1 1 1 1 1 1 1 1 1 1 1 1 1 1 1 1 1 1 1 1 1 1 1 1 1 1 1 1 1 1 1 1 1 1 1 1 1 1 1 1 1 1 1 1 1 1 1 1 1 1 1 1 1 1 1 1 1 1 1 1 1 1 1 1 1 1 1 1 1 1 1 1 1 1 1 1 1 1 1 1 1 1 1 1 1 1 1 1 1 1 1 1 1 1 1 1 1 1 1 1 1 1 1 1 1 1 1 1 1 1 1 1 1 1 1 1 1 1 1 1 1 1 1 1 1 1 1 1 1 1 1 1 1 2 1 2 1 2 1 2 1 2 1 1 1 2 2 1 1 1 2 1 1 2 1 2 1 1 2 2 1 1 2 1 2 1 1 1 1 2 2 2 1 2 1 1 1 1 1 1 1 1 1 1 1 1 1 1 1 1 1 1 1 1 1 1 1 1 1 1 1 1 1 1 1 1 1 1 1 1 1 1 2 1 1 1 1 1 1 1 2 2 1 2 1 2 1 1 1 1 1 1 1 1 1 1 1 1 1 1 1 1 2 1 1 1 1 1 1 1 1 1 1 1 1 1 1 1 1 1 1 1 1 1 1 1 1 1 1 1 1 1 1 1 1 1 2 1 2 1 2 2 2 1 1 1 1 1 1 2 1 1 1 1 1 1 1 1 1 2 2 2 1 1 1 1 1 1 1 1 1 1 1 1 1 2 2 1 2 2 1 1 2 2 2 1 1 1 1 1 2 2 2 2 1 1 1 1 1 1 1 1 1 1 2 2 2 2 1 2 1 1 1 1 1 1 1 1 1 1 1 1 1 1 1 1 1 1 1 1 1 1 1 1 1 1 1 1 1 1 1 1 1 1 1 1 1 1 1 2 2 2 2 2 2 2 2 2 1 2 1 1 1 1 1 2 1 1 1 2 1 1 2 2 1 2 1 2 2 1 1 1 1 1 1 2 1 1 1 2 2 1 1 1 2 1 1 1 1 1 1 1 1 1 1 1 1 1 1 1 1 1 1 1 1 1 1 1 1 2 1 2 1 1 2 1 1 2 1 1 2 1 1 1 1 1 1 1 1 1 1 1 1 1 2 1 2 1 1 1 1 1 1 1 2 2 1 1 1 1 1 1 1 2 1 1 1 1 1 1 1 1 1 1 1 1 1 1 1 1 1 1 1 2 1 1 1 1 1 1 1 1 1 1 1 1 2 1 2 1 1 1 2 1 1 1 1 1 1 2 1 1 2 1 1 2 1 1 2 1 1 2 1 1 1 1 1 1 1 1 1 1 1 1 1 1 2 1 1 1 1 1 2 2 1 1 1 1 2 1 1 1 1 2 2 1 2 1 2 1 1 2 2 1 1 1 2 1 2 1 1 1 1 2 2 1 1 1 2 2 2 2 1 2 1 2 1 1 2 1 1 1 1 1 1 1 1 2 2 1 2 2 1 1 1 2 1 1 1 2 1 2 2 1 1 1 1 1 1 1 1 1 1 1 1 1 1 1 1 1 1 1 1 1 1 1 2 1 1 2 2 1 2 1 1 2 1 1 1 1 1 1 1 1 1 1 1 1 2 1 1 1 1 1 1 1 1 1 1 1 1 1 1 1 1 1 1 1 1 1 1 1 1 1 1 1 1 1 2 1 1 1 1 1 1 1 1 1 2 2 2 2 1 1 1 1 1 1 1 1 1 1 1 1 1 1 1 1 2 1 1 1 1 1 1 1 1 1 1 1 1 1 1 1 1 1 1 1 1 1 1 1 1 1 1 1 1 1 1 1 1 1 2 1 2 1 2 2 2 1 1 1 1 1 1 2 1 1 1 1 1 1 1 1 1 2 2 2 1 1 1 1 1 1 1 1 1 1 1 1 1 2 2 1 2 2 1 2 1 2 2 2 2 1 1 1 1 1 2 2 1 1 1 1 1 1 1 1 1 1 1 2 2 2 2 1 2 1 1 1 1 1 1 1 1 1 1 1 1 1 1 1 1 1 1 1 1 1 1 1 1 1 1 1 1 1 1 1 1 1 1 1 1 1 1 1 1 1 1 1 1 1 2 2 1 1 1 1 1 1 2 1 1 1 2 1 1 2 2 1 2 1 2 2 1 1 1 1 1 1 2 1 1 1 2 2 2 1 1 1 2 1 1 1 1 1 1 1 1 1 1 1 1 1 1 1 1 1 1 1 1 1 1 1 1 1 1 1 1 1 1 1 1 1 1 1 1 1 2 1 1 1 1 1 1 1 1 1 1 1 1 1 1 1 2 1 1 2 1 1 2 1 1 1 1 1 1 1 1 2 2 1 2 1 1 1 1 1 1 1 1 1 1 1 1 1 1 1 1 1 1 1 1 1 1 1 1 1 1 1 1 1 1 1 1 1 1 1 1 1 1 1 1 1 1 1 1 1 1 1 1 1 1 1 1 1 1 1 1 1 1 1 1 1 1 1 1 1 1 1 1 1 1 1 1 1 1 1 1 1 1 1 1 1 1 1 1 1 1 1 1 1 1 1 1 1 1 1 1 1 1 1 1 1 1 1 1 1 1 1 1 1 1 1 1 1 1 1 1 1 1 1 1 1 1 1 1 1 1 1 1 1 1 1 1 1 1 1 1 1 1 1 1 1 1 1 1 1 1 1 1 1 1 1 1 1 1 1 1 1 1 1 1 1 1 1 1 1 1 1 1 1 1 1 1 1 1 1 1 1 1 1 1 1 1 1 1 1 1 1 1 1 1 1 1 1 1 1 1 1 1 1 1 1 1 1 1 1 1 1 1 1 1 1 1 1 1 1 1 1 1 1 1 1 1 1 1 1 1 1 1 1 1 1 1 1 1 1 1 1 1 1 1 1 1 1 1 1 1 1 1 1 1 1 1 1 1 1 1 1 1 1 1 1 1 1 1 1 1 1 1 1 1 1 1 1 1 1 1 1 1 1 1 1 1 1 1 1 1 1 1 1 1 1 1 1 1 1 1 1 1 1 1 1 1 1 1 1 1 1 1 1 1 1 1 1 1 1 1 1 1 1 1 1 1 1 1 1 1 1 1 1 1 1 1 1 1 1 1 1 1 1 1 1 1 1 1 1 1 1 1 1 1 1 1 1 1 1 1 1 1 1 1 1 1 1 1 1 1 1 1 1 1 1 1 1 1 1 1 1 1 1 1 1 1 1 1 1 1 1 1 1 1 1 1 1 1 1 1 1 1 1 1 1 1 1 1 1 1 1 1 1 1 1 1 1 1 1 1 1 1 1 1 1 1 1 1 1 1 1 1 1 1 1 1 1 1 1 1 1 1 1 1 1 1 1 1 1 1 1 1 1 1 1 1 1 1 1 1 1 1 1 1 1 1 1 1 1 1 1 1 1 1 1 1 1 1 1 1 1 1 1 1 1 1 1 1 1 1 1 1 1 1 1 1 1 1 1 1 1 1 1 1 1 1 1 1 1 1 1 1 1 1 1 1 1 1 1 1 1 1 1 1 1 1 1 1 1 1 1 1 1 1 1 1 1 1 1 1 1 1 1 1 1 1 1 1 1 1 1 1 1 1 1 1 1 1 1 1 1 1 1 1 1 1 1 1 1 1 1 1 1 1 1 1 1 1 1 1 1 1 1 1 1 1 1 1 1 1 1 1 1 1 1 1 1 1 1 1 1 1 1 1 1 1 1 1 1 1 1 1 1 1 1 1 1 1 1 1 1 1 1 1 1 1 1 1 1 1 1 1 1 1 1 1 1 1 1 1 1 1 1 1 1 1 1 1 2 2 2 1 2 1 2 2 1 1 1 1 1 1 1 1 1 1 1 1 1 1 1 1 1 1 1 1 1 1 1 1 1 1 1 1 1 1 1 1 1 1 1 1 1 1 1 1 1 1 1 1 1 1 1 1 1 1 1 1 1 1 1 1 2 2 2 1 2 1 2 2 1 1 1 1 1 1 1 1 1 1 1 1 1 1 1 1 1 1 1 1 1 1 1 1 1 1 1 1 1 1 1 1 1 1 1 1 1 1 1 1 1 1 1 1 1 1 1 1 1 1 1 1 1 1 1 1 1 1 1 1 1 1 1 1 1 1 1 1 1 1 1 1 1 1 1 1 1 1 1 1 1 1 1 1 1 1 1 1 1 1 1 1 1 1 1 1 1 1 1 1 1 1 1 1 1 1 1 1 1 1 1 1 1 1 1 1 1 1 1 1 1 1 1 1 1 1 1 1 1 1 1 1 1 1 1 1 1 1 1 1 1 1 1 1 1 1 1 1 1 1 1 1 1 1 1 1 1 1 1 1 1 1 1 1 1 1 1 1 1 1 1 1 1 1 1 1 1 1 1 1 1 1 1 1 1 1 1 1 1 1 1 1 1 1 1 1 1 1 1 1 1 1 1 1 1 1 1 1 1 1 1 1 1 1 1 1 1 1 1 1 1 1 1 1 1 1 1 1 1 1 1 1 1 1 1 1 1 1 1 1 1 1 1 1 1 1 1 1 1 1 1 1 1 1 1 1 1 1 1 1 1 1 1 1 1 1 1 1 1 1 1 1 1 1 1 1 1 1 1 1 1 1 1 1 1 1 1 1 1 1 1 1 1 1 1 1 1 1 1 1 1 1 1 1 1 1 1 1 1 1 1 1 1 1 1 1 1 1 1 1 1 1 1 1 1 1 1 1 1 1 1 1 1 1 1 1 1 1 1 1 1 1 1 1 1 1 1 1 1 1 1 1 1 1 1 1 1 1 1 1 1 1 1 1 1 1 1 1 1 1 1 1 1 1 1 1 1 1 1 1 1 1 1 1 1 1 1 1 1 1 1 1 1 1 1 1 1 1 1 1 1 1 1 1 1 1 1 1 1 1 1 1 1 1 1 1 1 1 1 1 1 1 1 1 1 1 1 1 1 1 1 1 1 1 1 1 1 1 1 1 1 1 1 1 1 1 1 1 1 1 1 1 1 1 1 1 1 1 1 1 1 1 1 1 1 1 1 1 1 1 1 1 1 1 1 1 1 1 1 1 1 1 1 1 1 1 1 1 1 1 1 1 1 1 1 1 2 1 1 1 1 1 1 1 1 1 1 1 1 1 1 1 1 1 1 1 1 1 1 1 1 1 1 1 1 1 1 1 1 1 1 1 1 1 1 1 1 1 1 1 1 1 1 1 1 1 1 1 1 1 1 1 1 1 1 1 1 1 1 1 1 1 1 1 1 1 1 1 1 1 1 1 1 1 1 1 1 1 1 2 2 1 2 1 1 1 1 1 1 1 1 1 1 1 1 1 1 1 1 1 1 1 1 1 1 1 1 1 1 2 2 1 1 1 1 1 1 1 2 1 1 1 1 1 1 1 1 1 1 1 1 1 1 1 1 1 1 1 1 1 1 1 1 1 1 1 1 1 1 1 1 1 1 1 1 1 1 1 1 1 1 1 1 1 1 1 1 1 1 1 1 1 1 1 1 1 1 1 1 1 1 1 1 1 1 1 1 1 1 1 1 1 1 1 1 1 1 1 1 1 1 1 1 1 1 1 1 1 1 1 1 1 1 1 1 1 1 1 1 1 1 1 1 1 1 1 1 1 1 1 1 1 1 1 1 1 1 1 1 1 1 1 1 1 1 1 1 1 1 1 1 1 1 1 1 1 1 1 1 1 1 1 1 1 1 1 1 1 1 1 2 1 2 1 1 1 1 1 1 1 1 1 1 1 1 2 2 1 1 2 1 1 1 1 1 2 1 1 1 1 1 1 1 1 1 1 1 1 1 1 1 1 1 1 1 1 1 1 1 1 1 1 1 1 1 1 1 1 1 1 1 1 1 1 1 1 1 1 1 1 1 1 1 1 1 1 1 1 1 1 1 1 1 1 1 1 1 1 1 1 1 1 1 1 1 1 1 1 1 2 1 2 1 1 1 1 1 1 1 1 1 1 1 2 2 1 2 1 1 1 1 1 1 2 2 1 1 1 1 1 1 1 1 1 1 1 1 1 1 1 1 1 1 2 1 1 2 2 1 2 2 1 1 1 2 1 1 1 1 1 1 1 1 1 1 1 1 1 1 1 1 1 1 2 2 1 1 1 1 1 1 1 1 1 1 1 1 1 1 1 2 2 1 1 1 1 1 1 1 1 1 1 1 1 1 1 1 1 1 1 1 1 1 1 1 1 1 1 1 1 1 1 1 1 1 1 1 1 1 1 1 1 1 1 1 1 1 1 1 1 1 1 1 1 1 1 1 1 1 1 1 1 1 1 1 1 1 1 1 1 1 1 1 1 1 1 1 1 1 2 2 1 1 1 1 1 1 1 1 1 1 1 1 2 2 1 2 1 1 1 1 1 1 2 2 1 1 1 1 1 1 1 1 1 1 1 1 1 1 1 1 1 1 2 2 1 2 1 1 1 1 1 1 1 1 1 2 1 1 1 1 2 1 1 1 1 1 1 1 1 1 1 1 1 1 1 1 1 1 1 1 2 2 1 1 1 1 1 1 1 1 1 1 1 1 1 1 1 1 1 1 1 1 1 1 1 1 1 1 1 1 1 2 2 1 1 1 1 2 1 1 1 1 2 1 2 1 1 1 1 1 2 1 2 1 1 1 1 1 1 1 1 2 2 1 1 1 1 1 1 1 1 1 1 1 1 1 1 1 1 1 1 1 1 1 1 1 1 1 1 1 1 1 1 1 1 1 1 1 2 2 2 1 1 2 2 1 1 1 1 1 1 2 1 1 1 1 1 1 2 1 2 1 1 1 1 1 1 2 1 1 1 1 1 1 1 1 1 1 1 1 1 1 1 1 1 1 1 1 1 1 1 1 1 1 1 1 1 1 1 1 1 1 1 1 1 1 2 2 1 1 2 2 1 2 1 1 2 2 1 1 2 2 1 1 2 1 2 2 1 2 2 1 2 1 2 2 1 2 1 2 1 2 2 1 1 2 1 1 2 2 1 2 2 1 1 1 2 2 1 2 1 1 2 2 1 2 1 2 1 1 2 2 1 2 1 1 2 2 1 2 2 1 1 1 1 2 1 1 1 1 1 1 1 1 1 1 1 1 1 1 1 1 1 1 1 1 1 1 1 1 1 1 1 1 1 1 2 2 1 2 1 1 1 1 1 1 1 1 1 1 1 1 1 1 1 1 1 1 1 1 1 1 1 1 1 1 1 1 1 2 1 1 1 1 1 1 1 1 1 1 1 1 1 1 1 1 1 1 1 1 2 1 1 1 2 2 2 2 1 2 1 1 2 1 1 1 1 1 1 2 1 1 1 1 1 1 1 1 1 1 1 1 1 1 1 1 1 1 1 1 2 1 1 2 2 1 2 2 1 2 1 1 2 2 1 2 1 1 1 2 1 1 1 1 2 1 1 2 2 1 2 1 2 1 2 2 1 2 1 1 1 1 1 2 1 1 1 1 2 1 2 2 1 1 1 1 1 1 1 1 1 1 1 2 1 1 2 2 1 2 2 2 2 1 1 1 1 1 2 1 1 2 2 1 1 2 1 1 1 1 1 1 1 1 2 2 2 1 1 1 1 1 1 1 1 2 1 1 2 1 2 2 1 1 1 1 2 2 1 1 1 1 2 2 1 2 2 2 2 2 2 2 2 2 2 2 2 2 2 2 2 2 2 2 2 2 2 2 2 2 2 2 2 2 2 2 2 1 2 4 2 2 2 2 2 2 2 2 2 2 1 1 2 2 2 2 4 2 2 2 2 2 2 1 2 2 2 2 2 2 2 2 2 2 2 2 2 2 2 2 2 2 2 2 2 3 2 2 2 2 2 2 2 2 1 2 2 2 2 2 2 2 2 2 2 2 2 2 2 2 2 2 2 4 2 2 2 2 2 2 2 2 2 2 2 1 2 2 2 2 4 2 2 2 1 2 2 2 4 2 2 2 2 2 2 2 2 2 2 2 2 2 2 2 2 2 2 2 2 2 2 2 2 2 2 2 2 2 2 2 2 2 2 2 2 2 2 2 2 2 2 2 2 2 2 2 2 2 2 2 2 2 2 2 2 1 2 4 2 2 2 2 2 2 2 2 2 1 1 2 2 2 2 4 2 2 2 2 2 1 2 2 2 2 2 2 2 2 2 2 2 2 2 2 2 2 2 2 2 2 2 2 2 2 2 2 2 2 2 2 2 1 2 2 2 2 2 2 2 2 2 2 2 2 2 2 2 2 2 2 4 2 2 2 2 2 2 2 2 2 2 2 1 2 2 2 2 2 2 4 2 1 2 2 2 4 2 2 2 2 2 2 2 2 2 2 2 2 2 2 2 2 2 2 2 2 2 2 2 2 2 2 2 2 2 2 2 2 2 2 2 2 2 2 2 2 2 2 2 2 2 2 2 2 2 2 2 2 2 2 2 2 2 2 2 2 2 2 2 2 2 2 2 2 2 2 2 2 2 2 2 2 2 2 2 2 2 2 2 2 2 2 2 1 2 2 2 2 2 2 2 2 2 2 2 2 2 2 2 2 2 1 2 2 2 2 2 2 2 2 2 2 2 2 2 2 2 2 2 2 2 2 2 2 2 2 2 2 2 2 2 2 2 2 2 2 3 2 2 2 2 2 2 2 2 2 2 2 2 2 2 2 2 2 3 2 2 2 2 2 2 2 3 2 2 2 2 2 2 2 2 3 2 2 2 2 2 2 2 2 2 2 2 2 2 2 2 2 2 2 2 2 2 2 2 2 2 2 2 2 2 2 2 2 2 2 2 2 2 2 2 2 2 2 2 2 2 2 2 2 2 2 2 2 2 2 2 2 2 1 1 2 2 2 2 2 2 2 2 2 2 2 2 2 2 2 2 2 2 2 2 2 2 2 2 2 2 2 2 2 2 2 2 2 2 2 2 2 2 2 1 1 2 2 2 2 2 2 2 2 2 2 2 2 2 2 1 2 2 2 2 2 2 2 2 2 2 1 2 2 1 2 2 2 2 2 2 2 2 2 2 2 2 2 2 2 2 2 2 2 2 2 2 2 2 2 2 2 2 2 2 2 2 2 2 2 2 2 2 2 1 2 2 2 2 2 2 2 2 2 2 2 2 2 2 2 2 2 2 2 2 2 2 2 2 2 2 2 2 2 2 2 2 2 2 2 2 2 2 2 2 2 2 2 2 2 2 2 2 2 2 2 2 2 2 2 2 2 2 2 2 2 2 2 2 2 2 2 2 2 2 2 2 2 1 1 2 2 2 2 2 2 2 2 2 2 2 2 2 2 2 2 1 2 2 2 2 2 2 2 2 2 2 2 2 2 2 2 2 2 2 2 2 2 2 2 2 2 2 2 2 2 1 2 2 2 2 2 2 2 2 2 2 2 2 2 2 2 2 2 2 2 2 2 2 2 2 2 2 2 2 2 2 2 2 2 2 2 2 2 2 2 2 2 2 2 2 2 2 2 2 2 2 2 2 2 2 2 2 2 2 2 2 2 2 2 2 2 2 2 2 2 2 2 2 2 2 2 2 2 2 2 2 2 2 2 2 2 2 2 2 2 2 2 2 2 2 2 2 2 2 2 2 2 2 2 2 2 2 2 2 2 2 2 2 2 2 2 2 2 2 2 2 2 2 2 2 2 2 2 2 2 2 2 2 2 2 2 2 1 1 1 2 2 2 2 2 2 2 2 2 2 2 2 2 2 2 2 2 2 2 2 2 2 2 2 2 2 2 2 2 2 2 2 2 2 2 2 2 2 2 2 2 2 2 2 2 2 2 2 2 2 2 2 2 2 2 2 2 2 2 2 2 2 2 2 2 2 2 2 2 2 2 2 2 2 2 2 2 2 2 2 2 2 2 2 2 2 2 2 2 2 2 2 2 2 2 2 2 2 2 2 2 2 2 2 2 2 2 2 2 2 2 2 2 2 2 2 2 2 2 2 2 2 2 2 2 2 2 2 2 2 2 2 2 2 2 2 2 2 2 2 2 2 2 2 2 2 2 2 2 2 2 2 2 2 2 2 2 2 2 2 2 2 2 2 2 2 2 2 2 1 2 1 2 2 2 2 2 2 2 2 2 2 2 2 2 2 2 2 2 2 2 2 2 2 2 2 2 2 2 2 2 2 2 2 2 2 2 2 2 2 2 2 2 2 2 2 2 2 2 2 2 2 2 2 2 2 2 2 1 2 2 2 2 2 2 2 2 2 2 2 2 2 2 2 2 2 2 2 2 2 2 2 2 2 2 2 2 2 2 2 2 2 2 2 2 2 2 2 2 2 2 2 2 2 2 2 2 2 2 2 2 2 2 2 2 2 2 2 2 2 2 2 2 2 2 2 2 2 2 2 2 2 2 2 2 2 2 2 2 2 2 2 2 2 2 2 2 2 2 2 2 2 2 2 2 2 2 2 2 2 2 2 2 2 2 2 2 2 2 2 2 2 2 2 2 2 2 2 2 2 2 2 2 2 2 2 2 2 2 2 2 2 2 2 2 2 2 2 2 2 2 2 2 2 2 2 2 2 2 2 2 2 2 2 2 2 2 2 2 2 2 2 2 2 2 2 2 2 2 2 2 2 2 2 2 2 2 2 2 2 2 2 2 2 2 2 2 2 2 2 2 2 2 2 2 2 1 2 1 2 2 2 2 2 2 2 2 1 1 2 2 2 2 2 2 2 2 2 2 2 2 2 2 2 2 2 2 2 2 1 2 2 2 2 2 2 2 2 2 2 2 2 2 2 2 2 2 2 2 2 2 2 2 2 2 2 2 2 2 2 2 2 2 2 2 2 2 2 2 2 1 2 2 2 2 2 2 2 2 2 2 2 1 2 2 2 2 2 2 2 2 2 2 2 2 2 2 2 2 2 1 2 2 2 2 2 2 2 2 2 2 2 2 2 2 2 2 2 2 2 2 2 2 2 2 2 2 2 2 2 2 2 2 2 2 2 2 2 2 2 2 2 2 2 2 2 1 2 2 2 2 2 2 2 2 2 2 2 2 2 2 2 2 2 2 2 1 2 2 2 2 2 2 1 2 2 2 2 2 2 2 2 2 2 2 2 2 2 3 3 3 3 3 4 2 4 </vcount>
          <v>6 0 29 1 6 2 6 0 29 0 29 3 6 4 29 5 6 6 33 0 33 0 33 0 33 0 33 0 33 0 33 0 33 7 6 8 33 0 33 0 33 9 6 10 33 0 33 0 33 0 33 0 33 0 33 0 33 0 33 0 33 11 10 12 6 13 33 14 6 15 6 0 33 16 6 17 33 18 6 19 6 0 6 0 6 0 33 20 6 21 6 0 6 0 6 0 6 0 6 0 29 22 6 23 29 24 6 25 6 0 6 0 29 26 6 27 29 0 29 28 6 29 29 30 6 31 33 0 33 0 33 0 33 0 33 0 33 0 33 0 33 0 33 0 33 0 33 0 33 0 33 32 6 33 33 0 6 0 33 34 6 35 6 0 6 0 6 0 6 0 6 0 10 36 6 37 33 0 33 38 6 39 33 40 10 41 6 42 6 0 33 43 6 44 6 0 10 45 6 46 10 47 6 48 33 49 6 50 33 0 33 0 33 51 6 52 33 53 6 54 33 0 33 0 33 0 33 0 33 0 33 0 33 0 33 0 33 0 33 0 33 0 33 0 33 0 33 0 33 0 33 0 33 0 33 0 33 0 33 0 33 0 33 0 33 0 33 0 33 0 33 0 33 0 33 0 33 0 33 0 33 0 33 0 33 0 33 0 33 0 33 0 33 0 33 0 33 0 33 0 33 0 33 0 33 0 33 0 33 0 33 0 33 0 33 0 33 0 33 0 33 0 33 0 33 0 33 0 33 0 33 0 33 0 33 0 33 0 33 0 33 0 33 0 33 0 33 0 33 0 33 0 33 0 33 0 33 0 33 55 6 56 33 0 6 0 6 0 6 0 33 0 33 0 33 0 33 0 33 0 33 0 33 0 33 0 33 0 33 0 33 0 33 0 33 0 33 0 33 0 33 0 33 0 33 0 33 0 33 0 33 0 33 0 33 0 33 0 33 0 33 0 33 0 33 0 33 0 33 0 33 0 33 0 33 0 33 0 33 0 33 0 33 0 33 0 33 0 33 0 33 0 33 0 33 0 33 0 33 0 33 0 33 0 33 0 33 0 33 0 33 0 33 0 33 0 33 0 33 0 33 0 33 0 33 0 33 0 33 0 33 0 33 0 33 0 33 0 33 0 33 0 33 0 33 0 33 0 33 0 33 0 33 0 33 0 33 0 33 0 33 0 33 0 33 0 33 0 33 0 33 0 33 0 33 0 33 0 33 0 33 0 33 0 33 0 33 0 33 0 33 0 33 0 33 0 33 0 33 0 33 0 33 0 33 0 33 0 33 0 33 0 33 0 33 0 33 0 33 0 33 0 33 0 33 0 33 0 33 0 33 0 33 0 33 0 33 0 33 0 33 0 33 0 33 0 33 0 33 0 33 0 33 0 33 0 33 0 33 0 33 0 33 0 33 0 33 0 33 0 33 0 33 0 33 0 33 0 33 0 33 0 33 0 33 0 33 0 33 0 33 0 33 0 33 0 33 0 33 0 33 0 33 0 33 0 33 0 33 0 33 0 33 0 33 0 33 0 33 0 33 0 33 0 33 0 33 0 33 0 33 0 33 0 33 0 33 0 33 0 33 0 33 0 33 0 33 0 33 0 33 0 33 0 33 0 33 0 33 0 33 0 33 0 33 0 33 0 33 0 10 0 10 0 11 57 10 58 11 0 11 59 10 60 11 61 10 62 33 0 33 0 33 0 33 0 33 0 33 0 33 0 33 63 10 64 33 0 33 0 33 65 10 66 33 0 33 0 33 0 33 0 33 0 33 0 33 0 33 0 33 67 10 68 33 69 10 70 6 71 10 0 33 72 10 73 33 74 10 75 10 0 10 0 10 0 33 76 10 77 10 0 10 0 10 0 10 0 10 0 11 78 10 79 11 80 10 81 10 0 10 0 11 82 10 83 11 0 11 84 10 85 11 86 10 87 33 0 33 0 33 0 33 0 33 0 33 0 33 0 33 0 33 0 33 0 33 0 33 0 33 0 33 88 10 89 10 0 10 0 33 90 10 91 10 0 10 0 10 0 10 0 10 92 6 93 33 0 33 94 10 95 6 96 33 97 10 98 10 0 33 99 10 100 10 101 6 102 33 103 10 104 10 105 6 106 10 0 33 0 33 0 33 107 10 108 33 0 33 109 10 110 33 0 33 0 33 0 33 0 33 0 33 0 33 0 33 0 33 0 33 0 33 0 33 0 33 0 33 0 33 0 33 0 33 0 33 0 33 0 33 0 33 0 33 0 33 0 33 0 33 0 33 0 33 0 33 0 33 0 33 0 33 0 33 0 33 0 33 0 33 0 33 0 33 0 33 0 33 0 33 0 33 0 33 0 33 0 33 0 33 0 33 0 33 0 33 0 33 0 33 0 33 0 33 0 33 0 33 0 33 0 33 0 33 0 33 0 33 0 33 0 33 0 33 0 33 111 10 112 33 0 10 0 10 0 10 0 33 0 33 0 33 0 33 0 33 0 33 0 33 0 33 0 33 0 33 0 33 0 33 0 33 0 33 0 33 0 33 0 33 0 33 0 33 0 33 0 33 0 33 0 33 0 33 0 33 0 33 0 33 0 33 0 33 0 33 0 33 0 33 0 33 0 33 0 33 0 33 0 33 0 33 0 33 0 33 0 33 0 33 0 33 0 33 0 33 0 33 0 33 0 33 0 33 0 33 0 33 0 33 0 33 0 33 0 33 0 33 0 33 0 33 0 33 0 33 0 33 0 33 0 33 0 33 0 33 0 33 0 33 0 33 0 33 0 33 0 33 0 33 0 33 0 33 0 33 0 33 0 33 0 33 0 33 0 33 0 33 0 33 0 33 0 33 0 33 0 33 0 33 0 33 0 33 0 33 0 33 0 33 0 33 0 33 0 33 0 33 0 33 0 33 0 33 0 33 0 33 0 33 0 33 0 33 0 33 0 33 0 33 0 33 0 33 0 33 0 33 0 33 0 33 0 33 0 33 0 33 0 33 0 33 0 33 0 33 0 33 0 33 0 33 0 33 0 33 0 33 0 33 0 33 0 33 0 33 0 33 0 33 0 33 0 33 0 33 0 33 0 33 0 33 0 33 0 33 0 33 0 33 0 33 0 33 0 33 0 33 0 33 0 33 0 33 0 33 0 33 0 33 0 33 0 33 0 33 0 33 0 33 0 33 0 33 0 33 0 33 0 33 0 33 0 33 0 33 0 33 0 33 0 33 0 33 0 33 0 33 0 33 0 33 0 33 0 33 0 33 0 33 0 33 0 33 0 0 0 0 0 0 0 0 0 0 0 0 0 0 0 0 0 0 0 0 0 0 0 0 0 0 0 34 113 0 114 34 0 34 0 0 0 0 0 13 115 0 116 13 117 0 118 0 0 13 119 0 120 0 0 13 121 0 122 0 0 13 123 0 124 34 125 0 126 34 127 0 128 34 129 0 130 34 0 34 0 34 0 34 0 34 0 34 0 34 0 34 0 34 131 0 132 34 133 0 134 34 135 0 136 0 0 0 0 0 0 0 0 0 0 0 0 0 0 34 137 0 138 0 0 13 139 0 140 0 0 0 0 13 141 0 142 0 0 13 143 0 144 34 145 0 146 34 147 0 148 34 0 34 149 0 150 34 0 34 0 34 0 34 0 34 0 34 0 34 151 0 152 13 0 13 0 13 0 13 0 13 0 13 0 13 0 13 0 1 153 13 154 13 155 0 156 13 157 0 158 13 159 0 160 13 161 0 162 13 0 13 163 0 164 13 0 13 0 13 0 13 0 13 0 13 0 13 165 0 166 13 0 13 0 13 167 0 168 13 0 13 0 13 0 13 0 13 0 13 0 13 0 13 0 1 169 13 170 37 0 37 0 37 171 1 172 13 0 1 173 13 174 37 0 37 0 13 0 13 0 13 0 13 0 13 0 13 0 13 0 13 0 13 175 0 176 13 177 0 178 13 0 13 0 13 179 0 180 13 0 13 0 13 0 13 181 0 182 1 183 13 184 13 0 13 0 13 0 13 0 13 0 1 185 13 186 1 187 13 188 37 0 37 189 1 190 37 191 1 192 37 0 37 0 37 193 1 194 13 0 13 0 13 0 13 0 1 195 13 196 1 197 13 198 13 0 13 0 13 0 13 0 13 0 13 0 13 0 13 0 13 0 13 0 13 0 13 0 13 0 13 0 13 0 13 0 1 199 13 200 13 0 1 201 13 202 1 203 13 204 37 0 37 0 37 0 37 0 37 205 1 206 13 0 13 0 1 0 13 0 1 0 1 207 13 208 37 0 37 209 1 210 37 0 37 211 1 212 37 213 1 214 37 0 37 0 37 0 37 0 37 0 37 0 37 0 37 215 1 216 1 217 13 218 1 219 13 220 37 0 37 0 37 0 37 0 37 221 1 222 37 0 37 0 37 0 37 0 37 0 37 223 1 224 1 225 13 226 1 227 13 228 1 229 13 230 13 0 37 0 37 0 37 0 37 0 37 231 1 232 1 233 13 234 1 235 13 236 1 237 13 238 34 0 34 0 34 0 34 0 34 0 34 0 34 0 34 0 34 0 34 0 34 0 34 0 34 0 34 0 34 0 34 0 34 0 34 0 34 0 34 0 34 0 34 0 34 0 34 0 34 0 34 0 34 0 34 0 34 0 34 0 34 0 34 0 34 0 34 0 34 0 34 0 34 0 34 0 34 0 34 0 34 0 34 0 34 0 34 0 34 0 34 0 34 0 34 0 34 0 34 0 34 0 34 0 34 0 34 0 34 0 34 0 34 0 34 0 34 0 34 0 34 0 34 0 34 0 34 0 34 0 34 0 34 0 34 0 34 0 34 0 34 0 34 0 34 0 34 0 34 0 34 0 34 0 34 0 34 0 34 0 34 0 34 0 34 0 34 0 34 0 34 0 34 0 34 0 34 0 34 0 34 0 34 0 34 0 34 0 34 0 34 0 34 0 34 0 34 0 34 0 34 0 34 0 34 0 34 0 34 0 34 0 34 0 34 0 34 0 34 0 34 0 34 0 34 0 34 0 34 0 34 0 34 0 34 0 34 0 34 0 34 0 34 0 34 0 34 0 34 0 34 0 18 0 18 0 18 0 18 0 18 0 18 0 18 0 18 0 18 0 18 0 18 0 18 0 18 0 36 239 18 240 18 0 18 0 8 241 18 242 8 243 18 244 18 0 8 245 18 246 18 0 8 247 18 248 18 0 8 249 18 250 36 251 18 252 36 253 18 254 36 0 36 0 36 0 36 0 36 0 36 0 36 0 36 0 36 0 36 0 36 255 18 256 36 257 18 258 18 0 18 0 18 0 18 0 18 0 18 0 18 0 36 259 18 260 18 0 8 261 18 262 18 0 18 0 8 263 18 264 18 0 8 265 18 266 36 267 18 268 36 0 36 0 36 269 18 270 36 0 36 0 36 0 36 0 36 271 18 272 36 0 36 0 36 0 8 0 8 0 8 273 18 274 8 0 8 0 8 0 8 275 18 276 8 0 8 0 8 277 18 278 3 279 8 280 8 0 8 0 8 0 8 0 8 0 8 0 8 281 18 282 8 0 8 0 8 283 18 284 8 0 8 0 8 0 8 0 8 0 22 285 3 286 22 0 22 287 3 288 22 0 22 289 3 290 8 291 22 0 22 0 8 0 8 0 8 0 8 0 8 0 8 0 8 0 8 0 8 292 18 293 8 294 18 295 8 0 8 0 8 296 18 297 8 0 8 0 8 0 8 298 18 299 22 300 3 301 8 302 8 0 8 303 18 304 8 0 8 0 8 0 8 0 3 305 8 306 8 0 8 0 8 0 8 0 8 0 8 0 8 0 8 0 8 0 8 0 8 0 8 0 3 307 8 308 22 309 3 310 8 311 8 0 8 0 8 0 8 0 8 0 8 0 8 0 22 312 3 313 8 314 22 315 3 316 8 317 22 318 3 319 8 320 22 321 3 322 8 323 22 324 3 325 8 0 22 0 22 0 22 326 3 327 22 0 22 0 22 0 22 0 22 0 22 0 22 328 3 329 3 330 8 331 8 0 22 332 3 333 8 334 22 0 22 0 22 0 22 0 22 335 3 336 22 0 22 0 22 0 22 0 22 337 3 338 3 0 22 339 3 340 22 341 3 342 3 343 8 344 3 345 8 346 22 0 22 0 22 0 22 0 22 347 3 348 3 349 8 350 3 351 8 352 3 353 8 354 3 0 22 355 3 356 36 0 36 0 36 0 36 0 36 0 36 0 36 0 36 0 36 0 36 0 36 0 36 0 36 0 36 0 36 0 36 0 36 0 36 0 36 0 36 0 36 0 36 0 36 0 36 0 36 0 36 0 36 0 36 0 36 0 36 0 36 0 36 0 36 0 36 0 36 0 36 0 36 0 36 0 36 0 36 0 36 0 36 0 36 0 36 0 36 0 36 0 36 0 36 0 36 0 36 0 36 0 36 0 36 0 36 0 36 0 36 0 36 0 36 0 36 0 36 0 36 0 36 0 36 0 36 0 36 0 36 0 36 0 36 0 36 0 36 0 36 0 36 0 36 0 36 0 36 0 36 0 36 0 36 0 36 0 36 0 36 0 36 0 36 0 36 0 36 0 36 0 36 0 36 0 36 0 36 0 36 0 36 0 36 0 36 0 36 0 36 0 36 0 36 0 36 0 36 0 36 0 36 0 36 0 36 0 36 0 36 0 36 0 36 0 36 0 36 0 36 0 36 0 36 0 36 0 36 0 36 0 36 0 36 0 36 0 36 0 36 0 36 0 36 0 36 0 36 0 36 0 33 0 33 0 33 0 33 0 33 0 33 0 33 0 33 0 33 0 31 357 33 358 33 0 31 359 33 360 31 0 31 361 33 362 31 0 31 363 33 364 31 0 31 365 33 366 31 0 31 0 31 0 31 367 24 368 31 369 24 370 31 0 31 0 31 0 31 371 24 372 31 0 31 0 31 373 24 374 31 0 31 375 24 376 31 0 31 0 31 377 24 378 31 379 24 380 31 0 31 0 31 381 24 382 31 0 31 383 24 384 31 0 31 0 31 0 31 0 31 385 33 386 31 387 33 388 31 389 33 390 33 0 31 391 33 392 33 0 33 0 33 0 33 0 33 0 33 0 33 0 33 0 33 0 33 0 33 0 33 0 33 0 33 0 33 0 33 0 33 0 33 0 33 0 33 0 33 0 33 0 33 0 33 0 33 0 33 0 33 0 33 0 33 0 34 0 34 0 34 0 34 0 34 0 34 0 34 0 34 0 34 0 34 393 33 394 34 0 34 0 34 0 34 0 34 0 34 0 34 0 34 395 33 396 34 397 33 398 33 0 34 399 33 400 33 0 34 401 33 402 33 0 33 0 33 0 33 0 33 0 33 0 33 0 33 0 33 0 33 0 33 0 33 0 33 0 33 0 33 0 33 0 34 403 33 404 33 0 33 0 33 0 33 0 33 0 33 0 33 0 33 0 33 0 33 0 33 0 33 0 33 0 33 0 33 0 33 0 33 0 33 0 33 0 33 0 33 0 33 0 33 0 33 0 34 0 34 0 34 0 34 0 34 0 34 0 34 0 34 0 34 0 34 405 33 406 34 0 34 407 33 408 34 0 34 409 33 410 34 411 33 412 34 413 33 414 33 0 33 0 33 0 33 0 33 0 33 0 34 415 33 416 33 0 33 0 33 0 33 0 33 0 33 0 33 0 33 0 33 0 34 417 33 418 34 419 33 420 34 421 33 422 34 0 34 0 34 0 34 0 34 0 34 0 34 0 34 0 34 0 9 0 9 0 9 0 9 0 9 423 5 424 9 425 5 426 5 0 9 427 5 428 9 429 5 430 5 0 5 0 9 431 5 432 9 433 5 434 9 435 5 436 5 0 5 0 5 0 5 0 5 0 5 437 25 438 5 439 25 440 5 441 25 442 5 443 25 444 5 0 5 0 5 0 5 0 5 0 5 0 5 0 5 0 5 0 5 0 5 445 25 446 5 447 25 448 5 449 25 450 5 451 25 452 5 0 5 453 25 454 5 0 5 0 5 0 5 0 5 0 5 0 5 0 5 0 5 0 5 0 5 0 5 0 5 0 5 0 5 0 5 0 5 0 5 0 5 0 5 0 5 0 25 0 25 0 25 0 25 0 25 0 25 0 25 0 25 0 25 0 25 0 25 0 25 0 25 0 25 0 25 0 25 0 25 0 25 0 5 455 25 456 5 457 25 458 5 459 25 460 5 461 25 462 5 463 25 464 5 465 25 466 5 467 25 468 5 469 25 470 5 471 25 472 25 0 24 473 25 474 25 0 25 0 25 0 25 0 25 0 24 475 25 476 25 0 25 0 25 0 24 477 25 478 25 0 24 0 24 479 25 480 24 481 25 482 24 0 24 483 25 484 24 0 24 485 25 486 24 487 25 488 24 0 24 0 24 0 24 0 24 0 24 0 24 489 25 490 24 0 24 0 24 0 24 491 25 492 24 493 25 494 24 0 24 0 24 0 24 495 25 496 24 0 24 0 24 0 24 0 24 0 24 0 24 0 24 0 24 0 24 0 24 0 24 0 24 0 24 0 24 0 24 0 24 0 24 0 24 0 24 0 24 0 24 0 24 0 24 0 31 497 24 498 24 0 31 499 24 500 24 0 24 0 31 501 24 502 24 0 24 0 31 503 24 504 24 0 24 0 31 505 24 506 24 0 24 0 24 0 24 0 24 0 24 0 24 0 24 0 24 0 24 0 24 0 24 0 24 0 31 507 24 508 24 0 31 509 24 510 24 0 24 0 24 0 24 0 24 0 24 0 24 0 31 511 24 512 31 513 24 514 24 0 24 0 24 0 24 0 24 0 24 0 24 0 31 515 24 516 24 0 24 0 31 0 24 0 24 0 24 0 24 0 24 0 24 0 24 0 24 0 24 0 24 0 24 0 24 0 24 0 24 0 24 0 24 0 31 517 24 518 24 0 24 0 24 0 24 0 24 0 33 0 33 0 33 0 33 0 33 0 33 0 33 0 19 519 33 520 33 0 19 521 33 522 33 0 33 0 33 0 19 523 33 524 33 0 33 0 33 0 33 0 33 0 12 0 12 525 31 526 12 0 12 0 12 527 31 528 12 0 12 0 12 529 31 530 12 0 12 0 12 531 31 532 12 0 12 0 12 533 31 534 12 0 12 0 12 0 12 0 12 0 12 0 12 0 12 0 12 0 12 0 12 0 12 0 12 0 12 0 12 535 31 536 12 0 12 0 12 0 12 0 12 0 12 537 31 538 12 539 31 540 12 0 12 0 12 0 12 0 12 541 31 542 12 0 12 0 12 0 31 0 12 543 31 544 12 545 31 546 31 0 12 547 31 548 31 0 12 549 31 550 31 0 31 0 12 551 31 552 12 553 31 554 31 0 31 0 31 0 12 555 31 556 31 0 12 557 31 558 31 0 31 0 31 0 31 0 31 559 33 560 31 561 33 562 31 0 31 0 31 0 31 563 33 564 31 565 33 566 31 567 33 568 31 569 33 570 31 0 31 571 33 572 31 0 12 573 31 574 31 0 31 0 12 575 31 576 31 0 31 0 31 0 31 0 31 0 31 0 31 0 31 0 31 577 33 578 31 579 33 580 33 0 31 581 33 582 31 583 33 584 33 0 33 0 33 0 31 585 33 586 33 0 33 0 33 0 31 587 33 588 33 0 31 589 33 590 31 591 33 592 33 0 33 0 33 0 33 0 33 0 33 0 33 0 33 0 33 0 33 0 33 0 33 0 33 0 33 0 33 0 33 0 33 0 33 0 33 0 33 0 33 0 33 0 33 0 31 593 33 594 33 0 33 0 31 595 33 596 31 597 33 598 33 0 31 599 33 600 33 0 33 0 31 601 33 602 33 0 33 0 33 0 33 0 33 0 33 0 33 0 33 0 33 0 33 0 33 0 33 0 31 603 33 604 33 0 33 0 33 0 33 0 33 0 33 0 33 0 33 0 33 0 33 0 33 0 33 0 33 0 33 0 33 0 33 0 33 0 33 0 33 0 33 0 36 0 36 0 36 0 36 0 36 0 36 0 36 0 36 0 36 0 36 605 33 606 36 0 36 0 36 0 36 0 36 0 36 0 36 0 33 0 33 0 36 607 33 608 36 609 33 610 36 611 33 612 36 613 33 614 33 0 33 0 33 0 33 0 33 0 33 0 33 0 33 0 33 0 33 0 33 0 33 0 33 0 33 0 33 0 33 0 36 615 33 616 33 0 33 0 33 0 33 0 33 0 33 0 33 0 33 0 33 0 33 0 33 0 33 0 33 0 33 0 33 0 33 0 33 0 33 0 33 0 33 0 33 0 33 0 33 0 33 0 36 0 36 0 36 0 36 0 36 0 36 0 36 0 36 0 36 0 36 617 33 618 36 0 36 619 33 620 36 0 36 621 33 622 36 623 33 624 36 625 33 626 33 0 33 0 33 0 33 0 33 0 33 0 36 627 33 628 33 0 33 0 33 0 33 0 33 0 33 0 33 0 33 0 33 0 36 629 33 630 36 631 33 632 36 633 33 634 36 0 36 0 36 0 36 0 36 0 36 0 36 0 36 0 36 0 20 0 20 0 20 0 20 0 20 635 30 636 20 637 30 638 30 0 20 639 30 640 20 641 30 642 30 0 20 643 30 644 30 0 20 645 30 646 20 647 30 648 30 649 28 650 30 651 28 652 30 0 30 0 30 0 30 0 30 0 30 653 28 654 30 655 28 656 30 0 30 0 30 0 30 0 30 0 30 0 30 0 30 0 30 0 30 0 30 0 30 657 28 658 30 659 28 660 30 661 28 662 30 663 28 664 30 0 30 665 28 666 30 0 30 0 30 0 30 0 30 0 30 0 30 0 30 0 30 0 30 0 30 0 30 0 30 0 30 0 30 0 30 0 30 0 30 0 30 0 30 0 30 0 30 0 30 0 30 0 30 0 30 0 30 0 28 0 28 0 28 0 28 0 28 0 28 0 28 0 28 0 28 0 28 0 28 0 28 0 28 0 28 0 28 0 28 0 28 0 28 0 30 667 28 668 30 669 28 670 28 0 28 0 28 0 28 0 28 0 28 0 28 671 12 672 28 0 28 0 28 0 28 673 12 674 28 0 12 0 28 675 12 676 28 677 12 678 12 0 28 679 12 680 12 0 28 681 12 682 28 683 12 684 12 0 12 0 12 0 12 0 12 0 12 0 28 685 12 686 12 0 12 0 12 0 28 687 12 688 28 689 12 690 28 691 12 692 12 0 12 0 12 0 28 693 12 694 12 0 12 0 12 0 12 0 12 0 12 0 12 0 12 0 12 0 12 0 12 0 12 0 12 0 12 0 12 0 12 0 12 0 12 0 12 0 12 0 12 0 12 0 12 0 12 0 12 0 12 0 12 0 12 0 12 0 12 0 12 0 12 0 12 0 12 0 12 0 12 0 12 0 12 695 31 696 12 0 12 0 12 0 12 0 12 0 12 0 12 0 12 0 12 0 33 0 33 0 33 0 33 0 33 0 33 0 19 697 33 698 33 0 33 0 19 699 33 700 33 0 33 0 19 701 33 702 33 0 33 0 33 0 33 0 33 0 31 0 31 0 31 0 31 703 33 704 31 705 33 706 33 0 31 707 33 708 33 0 33 0 33 0 33 0 33 0 33 0 33 0 33 0 33 0 33 0 33 0 33 0 33 0 33 0 33 0 33 0 33 0 33 0 33 0 33 0 33 0 33 0 33 0 33 0 33 0 33 0 33 0 33 0 33 0 33 0 33 0 33 0 33 0 33 0 33 0 33 0 33 0 33 0 33 0 33 0 33 0 33 0 33 0 33 0 33 0 33 0 33 0 33 0 33 0 33 0 33 0 33 0 33 0 33 0 33 0 33 0 33 0 33 0 33 0 33 0 33 0 33 0 33 0 33 0 33 0 33 0 33 0 33 0 33 0 33 0 33 0 33 0 33 0 33 0 33 0 33 0 33 0 33 0 19 0 19 0 19 0 19 0 19 0 19 0 19 0 19 0 19 0 19 0 19 0 19 0 19 0 19 0 19 0 19 0 19 0 19 0 19 0 19 0 19 0 19 0 19 0 19 0 19 0 19 0 19 0 19 0 19 0 19 0 19 0 19 0 19 0 19 0 19 0 19 0 19 0 19 0 19 0 19 0 19 0 19 0 19 0 19 0 19 0 19 0 19 0 19 0 19 0 19 0 19 0 19 0 19 0 19 0 19 0 19 0 19 0 19 0 19 0 19 0 19 0 19 0 19 0 19 0 19 0 19 0 19 0 19 0 19 0 19 0 19 0 19 0 19 0 19 0 19 0 19 0 19 0 19 0 19 0 19 0 19 0 19 0 19 0 19 0 19 0 19 0 19 0 19 0 19 0 19 0 19 0 19 0 19 0 19 0 19 0 19 0 19 0 19 0 19 0 19 0 19 0 19 0 19 0 19 0 19 0 19 0 19 0 19 0 19 0 19 0 19 0 19 0 19 0 19 0 19 0 19 0 19 0 19 0 19 0 19 0 19 0 19 0 19 0 19 0 19 0 19 0 19 0 19 0 19 0 19 0 19 0 19 0 19 0 19 0 19 0 19 0 19 0 19 0 19 0 19 0 19 0 19 0 19 0 19 0 19 0 19 0 19 0 19 0 19 0 19 0 19 0 19 0 19 0 19 0 19 0 19 0 19 0 19 0 19 0 19 0 19 0 19 0 19 0 19 0 19 0 19 0 19 0 19 0 19 0 19 0 19 0 19 0 19 0 19 0 19 0 19 0 19 0 19 0 19 0 19 0 19 0 19 0 19 0 19 0 19 0 19 0 19 0 19 0 19 0 19 0 19 0 19 0 19 0 19 0 19 0 19 0 19 0 19 0 19 0 19 0 19 0 19 0 19 0 19 0 19 0 19 0 19 0 19 0 19 0 19 0 19 0 19 0 19 0 19 0 19 0 19 0 19 0 19 0 19 0 19 0 19 0 19 0 19 0 19 0 19 0 19 0 19 0 19 0 19 0 19 0 19 0 19 0 19 0 19 0 19 0 19 0 19 0 19 0 19 0 19 0 19 0 19 0 19 0 19 0 19 0 19 0 19 0 19 0 19 0 19 0 19 0 19 0 19 0 19 0 19 0 19 0 19 0 19 0 19 0 19 0 19 0 19 0 19 0 19 0 19 0 19 0 19 0 19 0 19 0 19 0 19 0 19 0 19 0 19 0 19 0 19 0 19 0 19 0 19 0 19 0 19 0 19 0 19 0 19 0 19 0 19 0 19 0 19 0 19 0 19 0 19 0 19 0 19 0 19 0 19 0 19 0 19 0 19 0 19 0 19 0 19 0 19 0 19 0 19 0 19 0 19 0 19 0 19 0 19 0 19 0 19 0 19 0 19 0 19 0 19 0 19 0 19 0 19 0 19 0 19 0 19 0 19 0 19 0 19 0 19 0 19 0 19 0 19 0 19 0 19 0 19 0 19 0 19 0 19 0 19 0 19 0 19 0 19 0 19 0 19 0 19 0 19 0 19 0 19 0 19 0 19 0 19 0 19 0 19 0 19 0 19 0 19 0 19 0 19 0 19 0 19 0 19 0 19 0 19 0 19 0 19 0 19 0 19 0 19 0 19 0 19 0 19 0 19 0 19 0 19 0 19 0 19 0 19 0 19 0 19 0 19 0 19 0 19 0 19 0 19 0 19 0 19 0 19 0 19 0 19 0 19 0 19 0 19 0 19 0 19 0 19 0 19 0 19 0 19 0 19 0 19 0 19 0 19 0 19 0 19 0 19 0 19 0 19 0 19 0 19 0 19 0 19 0 19 0 19 0 19 0 19 0 19 0 19 0 19 0 19 0 19 0 19 0 19 0 19 0 19 0 19 0 19 0 19 0 19 0 19 0 19 0 19 0 19 0 19 0 19 0 19 0 19 0 19 0 19 0 19 0 19 0 19 0 19 0 19 0 19 0 19 0 19 0 19 0 19 0 19 0 19 0 19 0 19 0 19 0 19 0 19 0 19 0 19 0 19 0 19 0 19 0 19 0 19 0 19 0 19 0 19 0 19 0 19 0 19 0 19 0 19 0 19 0 19 0 19 0 19 0 19 0 19 0 19 0 19 0 19 0 19 0 19 0 19 0 19 0 19 0 19 0 19 0 19 0 19 0 19 0 19 0 19 0 19 0 19 0 19 0 19 0 19 0 19 0 19 0 19 0 19 0 19 0 19 0 19 0 19 0 19 0 19 0 19 0 19 0 19 0 19 0 19 0 19 0 19 0 19 0 19 0 19 0 19 0 19 0 19 0 19 0 19 0 19 0 19 0 19 0 19 0 19 0 19 0 19 0 19 0 19 0 19 0 19 0 19 0 19 0 19 0 19 0 19 0 19 0 19 0 19 0 19 0 19 0 19 0 19 0 19 0 19 0 19 0 19 0 19 0 19 0 19 0 19 0 19 0 19 0 19 0 19 0 19 0 19 0 19 0 19 0 19 0 19 0 19 0 19 0 19 0 19 0 19 0 19 0 19 0 19 0 19 709 33 710 19 711 33 712 19 713 33 714 19 0 19 715 33 716 19 0 19 717 33 718 19 719 33 720 19 0 19 0 19 0 19 0 19 0 19 0 19 0 19 0 19 0 19 0 19 0 19 0 19 0 19 0 19 0 19 0 19 0 19 0 19 0 19 0 19 0 19 0 19 0 19 0 19 0 19 0 19 0 19 0 19 0 19 0 19 0 19 0 19 0 19 0 19 0 19 0 19 0 19 0 19 0 19 0 19 0 19 0 19 0 19 0 19 0 19 0 19 0 19 0 19 0 19 0 19 0 19 0 19 0 19 0 19 0 19 0 19 721 33 722 19 723 33 724 19 725 33 726 19 0 19 727 33 728 19 0 19 729 33 730 19 731 33 732 19 0 19 0 19 0 19 0 19 0 19 0 19 0 19 0 19 0 19 0 19 0 19 0 19 0 19 0 19 0 19 0 19 0 19 0 19 0 19 0 19 0 19 0 19 0 19 0 19 0 19 0 19 0 19 0 19 0 19 0 19 0 19 0 19 0 19 0 19 0 19 0 19 0 19 0 19 0 19 0 19 0 19 0 19 0 19 0 19 0 19 0 19 0 19 0 19 0 19 0 19 0 19 0 19 0 19 0 19 0 19 0 19 0 19 0 19 0 19 0 19 0 19 0 19 0 19 0 19 0 19 0 19 0 19 0 19 0 19 0 19 0 19 0 19 0 19 0 19 0 19 0 19 0 19 0 19 0 19 0 19 0 19 0 19 0 19 0 19 0 19 0 19 0 19 0 19 0 19 0 19 0 19 0 19 0 19 0 19 0 19 0 19 0 19 0 19 0 19 0 19 0 19 0 19 0 19 0 19 0 19 0 19 0 19 0 19 0 19 0 19 0 19 0 19 0 19 0 19 0 19 0 19 0 19 0 19 0 19 0 19 0 19 0 19 0 19 0 19 0 19 0 19 0 19 0 19 0 19 0 19 0 19 0 19 0 19 0 19 0 19 0 19 0 19 0 19 0 19 0 19 0 19 0 19 0 19 0 19 0 19 0 19 0 19 0 19 0 19 0 19 0 19 0 19 0 19 0 19 0 19 0 19 0 19 0 19 0 19 0 19 0 19 0 19 0 19 0 19 0 19 0 19 0 19 0 19 0 19 0 19 0 19 0 19 0 19 0 19 0 19 0 19 0 19 0 19 0 19 0 19 0 19 0 19 0 19 0 19 0 19 0 19 0 19 0 19 0 19 0 19 0 19 0 19 0 19 0 19 0 19 0 19 0 19 0 19 0 19 0 19 0 19 0 19 0 19 0 19 0 19 0 19 0 19 0 19 0 19 0 19 0 19 0 19 0 19 0 19 0 19 0 19 0 19 0 19 0 19 0 19 0 19 0 19 0 19 0 19 0 19 0 19 0 19 0 19 0 19 0 19 0 19 0 19 0 19 0 19 0 19 0 19 0 19 0 19 0 19 0 19 0 19 0 19 0 19 0 19 0 19 0 19 0 19 0 19 0 19 0 19 0 19 0 19 0 19 0 19 0 19 0 19 0 19 0 19 0 19 0 19 0 19 0 19 0 19 0 19 0 19 0 19 0 19 0 19 0 19 0 19 0 19 0 19 0 19 0 19 0 19 0 19 0 19 0 19 0 19 0 19 0 19 0 19 0 19 0 19 0 19 0 19 0 19 0 19 0 19 0 19 0 19 0 19 0 19 0 19 0 19 0 19 0 19 0 19 0 19 0 19 0 19 0 19 0 19 0 19 0 17 0 17 0 17 0 17 0 17 0 17 0 17 0 17 0 17 0 17 0 17 0 17 0 17 0 17 0 17 0 17 0 17 0 17 0 17 0 17 0 17 0 17 0 17 0 17 0 17 0 17 0 17 0 17 0 17 0 17 0 17 0 17 0 17 0 17 0 17 0 17 0 17 0 17 0 17 0 17 0 17 0 17 0 17 0 17 0 17 0 17 0 17 0 17 0 17 0 17 0 17 0 17 0 17 0 17 0 17 0 17 0 17 0 17 0 17 0 17 0 17 0 17 0 17 0 17 0 17 0 17 0 17 0 17 0 17 0 17 0 17 0 17 0 17 0 17 0 17 0 17 0 17 0 17 0 17 0 17 0 17 0 17 0 17 0 17 0 17 0 17 0 17 0 17 0 17 0 17 0 17 0 17 0 17 0 17 0 17 0 17 0 17 0 17 0 17 0 17 0 17 0 17 0 17 0 17 0 17 0 17 0 17 0 17 0 17 0 17 0 17 0 17 0 17 0 17 0 17 0 17 0 17 0 17 0 17 0 17 0 17 0 17 0 17 0 17 0 17 0 17 0 17 0 17 0 17 0 17 0 17 0 17 0 17 0 17 0 17 0 17 0 17 0 17 0 17 0 17 0 17 0 17 0 17 0 17 0 17 0 17 0 17 0 17 0 17 0 17 0 17 0 17 0 17 0 17 0 17 0 17 0 17 0 17 0 17 0 17 0 17 0 17 0 17 0 17 0 17 0 17 0 17 0 17 0 17 0 17 0 17 0 17 0 17 0 17 0 17 0 17 0 17 0 17 0 17 0 17 0 17 0 17 0 17 0 17 0 17 0 17 0 17 0 17 0 17 0 17 0 17 0 21 733 17 734 17 0 17 0 17 0 17 0 17 0 17 0 17 0 17 0 17 0 17 0 17 0 17 0 17 0 17 0 17 0 17 0 17 0 17 0 17 0 17 0 17 0 17 0 17 0 17 0 17 0 17 0 17 0 17 0 17 0 17 0 17 0 17 0 17 0 17 0 17 0 17 0 17 0 17 0 17 0 17 0 17 0 17 0 17 0 17 0 17 0 17 0 17 0 17 0 17 0 17 0 17 0 17 0 17 0 17 0 17 0 17 0 17 0 17 0 17 0 17 0 17 0 17 0 17 0 17 0 17 0 17 0 17 0 17 0 17 0 17 0 17 0 17 0 17 0 17 0 17 0 17 0 17 0 17 0 17 0 17 0 17 0 17 0 16 735 17 736 16 737 17 738 17 0 16 739 17 740 17 0 17 0 17 0 17 0 17 0 17 0 17 0 17 0 17 0 17 0 17 0 17 0 17 0 17 0 17 0 17 0 17 0 17 0 17 0 17 0 17 0 17 0 17 0 17 0 17 0 17 0 16 741 17 742 16 743 17 744 17 0 17 0 17 0 17 0 17 0 17 0 17 0 16 745 17 746 34 0 34 0 34 0 34 0 34 0 34 0 34 0 34 0 34 0 34 0 34 0 34 0 34 0 34 0 34 0 34 0 34 0 34 0 34 0 34 0 0 0 0 0 0 0 0 0 0 0 0 0 0 0 0 0 0 0 0 0 0 0 0 0 0 0 0 0 0 0 0 0 0 0 0 0 0 0 0 0 0 0 0 0 0 0 0 0 0 0 0 0 0 0 0 0 0 0 0 0 0 0 0 0 0 0 0 0 0 0 0 0 0 0 0 0 0 0 0 0 0 0 0 0 0 0 0 0 0 0 0 0 0 0 0 0 0 0 0 0 0 0 0 0 0 0 0 0 0 0 36 0 36 0 36 0 36 0 36 0 36 0 36 0 36 0 36 0 36 0 36 0 36 0 36 0 36 0 36 0 36 0 36 0 36 0 36 0 36 0 18 0 18 0 18 0 18 0 18 0 18 0 18 0 18 0 18 0 18 0 18 0 18 0 18 0 18 0 18 0 18 0 18 0 18 0 18 0 18 0 18 0 18 0 18 0 18 0 18 0 18 0 18 0 18 0 18 0 18 0 18 0 18 0 18 0 18 0 18 0 18 0 18 0 18 0 18 0 18 0 18 0 18 0 18 0 18 0 18 0 18 0 18 0 18 0 18 0 18 0 18 0 18 0 18 0 18 0 18 0 8 0 8 747 18 748 8 0 8 749 18 750 8 0 8 0 8 0 4 0 4 0 4 0 8 0 8 0 8 0 8 0 8 0 8 0 8 751 18 752 8 753 18 754 8 0 8 0 8 755 18 756 18 0 18 0 18 0 18 0 18 0 8 757 18 758 18 0 8 0 8 0 8 0 18 0 18 0 18 0 18 0 18 0 18 0 18 0 18 0 18 0 18 0 18 0 18 0 18 0 18 0 18 0 18 0 18 0 18 0 18 0 18 0 18 0 18 0 18 0 18 0 18 0 18 0 18 0 18 0 18 0 18 0 18 0 18 0 18 0 18 0 18 0 18 0 18 0 18 0 18 0 18 0 18 0 18 0 18 0 18 0 18 0 18 0 18 0 18 0 18 0 18 0 18 0 18 0 18 0 18 0 18 0 18 0 18 0 18 0 18 0 18 0 18 0 18 0 18 0 18 0 18 0 18 0 18 0 18 0 36 0 36 759 18 760 36 0 36 761 18 762 36 0 36 0 36 0 36 0 36 0 36 0 36 0 36 0 36 0 36 0 36 0 36 763 33 764 36 765 33 766 36 0 36 767 33 768 36 0 36 0 36 0 36 0 36 0 36 0 36 769 18 770 36 771 18 772 18 0 18 0 18 0 18 0 18 0 18 0 18 0 18 0 18 0 18 0 18 0 18 0 18 0 18 0 18 0 18 0 18 0 18 0 8 773 18 774 8 0 8 0 4 775 8 776 4 777 8 778 4 0 4 779 8 780 4 781 8 782 8 0 8 0 18 0 8 783 18 784 18 0 18 0 18 0 18 0 18 0 18 0 18 0 18 0 18 0 18 0 18 0 18 0 18 0 18 0 18 0 18 0 18 0 18 0 36 785 18 786 36 787 18 788 36 0 36 0 36 0 36 0 36 0 36 0 18 0 18 0 18 0 0 0 0 0 0 0 0 0 0 0 0 0 13 789 0 790 13 791 0 792 13 0 13 0 13 0 13 0 14 0 14 0 14 0 13 0 13 0 0 0 0 0 0 0 0 0 0 0 0 0 0 0 0 0 0 0 0 0 0 0 0 0 0 0 0 0 0 0 0 0 0 0 0 0 0 0 0 0 0 0 0 0 0 0 0 0 0 0 0 0 0 0 0 0 0 0 0 0 0 0 0 0 0 0 0 0 0 0 0 0 0 0 0 0 0 0 0 0 0 0 0 0 0 0 0 0 0 0 0 0 0 0 0 0 0 0 0 0 0 0 0 0 0 0 0 0 0 0 0 0 0 0 0 0 0 0 0 0 0 0 0 0 0 0 0 0 0 0 0 0 0 0 34 0 34 793 0 794 34 795 0 796 34 0 34 0 34 0 34 0 34 0 34 0 34 0 34 0 34 0 34 0 34 0 34 0 34 797 33 798 34 799 33 800 34 0 34 801 33 802 34 0 34 0 34 0 34 0 34 0 34 0 34 803 0 804 34 805 0 806 0 0 0 0 0 0 0 0 0 0 0 0 0 0 0 0 0 0 0 0 0 0 0 0 0 0 0 0 0 0 0 0 0 0 0 0 13 807 0 808 13 809 0 810 13 0 13 811 0 812 13 0 13 0 13 0 14 0 14 0 14 0 13 0 13 0 0 0 13 813 0 814 0 0 13 0 13 0 14 0 13 815 0 816 0 0 0 0 0 0 0 0 0 0 0 0 0 0 0 0 0 0 0 0 0 0 0 0 0 0 0 0 0 0 0 0 0 0 0 0 0 0 34 817 0 818 34 819 0 820 34 0 34 0 34 0 34 0 34 0 34 0 0 0 0 0 33 0 33 0 33 0 33 0 33 0 33 0 33 0 33 0 33 0 33 0 33 0 33 0 33 0 33 0 33 0 33 0 33 0 33 0 33 0 33 0 33 0 31 821 33 822 31 823 33 824 33 0 33 0 33 0 33 0 31 825 33 826 33 0 33 0 33 0 33 0 31 827 33 828 33 0 31 829 33 830 33 0 33 0 33 0 33 0 33 0 31 831 33 832 33 0 31 833 33 834 33 0 33 0 33 0 33 0 33 0 33 0 33 0 33 0 36 835 33 836 36 837 33 838 33 0 33 0 33 0 33 0 33 0 33 0 33 0 33 0 33 0 33 0 33 0 33 0 33 0 33 0 33 0 33 0 33 0 33 0 33 0 33 0 33 0 33 0 33 0 33 0 33 0 33 0 33 0 33 0 33 0 33 0 33 0 33 0 33 0 33 0 33 0 36 839 33 840 36 841 33 842 36 843 33 844 33 0 33 0 31 845 33 846 31 847 33 848 33 0 33 0 33 0 33 0 33 0 33 0 31 849 33 850 33 0 33 0 33 0 33 0 33 0 33 0 36 851 33 852 33 0 36 853 33 854 33 0 33 0 33 0 33 0 33 0 33 0 31 855 33 856 4 0 4 0 4 0 4 0 4 0 4 0 4 0 4 0 4 0 4 0 4 0 4 0 4 0 4 0 4 0 4 0 4 0 4 0 4 0 4 0 4 0 4 0 4 0 4 0 4 0 4 0 4 0 4 0 4 0 4 0 4 0 4 0 4 0 4 0 4 0 4 0 4 0 14 0 15 857 14 858 15 859 14 860 14 0 14 0 15 861 14 862 15 863 14 864 14 0 15 865 14 866 14 0 14 0 15 867 14 868 15 869 14 870 14 0 23 0 23 871 15 872 23 873 15 874 23 0 23 0 23 875 15 876 23 0 26 877 23 878 26 879 23 880 23 0 23 881 15 882 23 883 15 884 23 0 23 885 15 886 23 0 26 887 23 888 26 889 23 890 26 0 26 891 23 892 26 0 26 893 23 894 26 0 35 895 26 896 35 897 26 898 26 0 26 0 26 899 23 900 26 0 26 0 35 901 26 902 35 903 26 904 35 0 35 905 26 906 35 907 26 908 35 0 35 0 35 0 32 909 35 910 32 911 35 912 35 0 35 913 26 914 35 0 35 0 32 915 35 916 32 917 35 918 32 0 32 919 35 920 32 0 32 921 35 922 32 0 32 0 32 923 27 924 32 925 27 926 32 0 32 927 35 928 32 0 32 0 32 929 27 930 32 931 27 932 27 0 32 933 27 934 32 935 27 936 27 0 27 0 27 0 27 0 32 937 27 938 27 0 27 0 27 0 27 0 27 0 27 0 27 0 27 0 27 0 27 0 27 0 27 0 27 0 27 0 27 0 27 0 27 0 27 0 4 0 4 0 4 0 4 0 4 0 4 0 4 0 4 0 4 0 4 0 4 0 4 0 4 939 8 940 4 941 8 942 4 0 4 943 8 944 4 0 32 0 32 0 32 0 32 0 32 0 23 0 23 0 23 0 23 0 23 0 33 0 33 0 33 0 33 0 33 0 33 0 33 0 33 0 33 0 33 0 33 0 33 0 33 0 33 0 33 0 19 0 19 0 19 0 21 945 19 946 19 0 19 0 19 0 19 0 19 0 19 0 19 0 19 0 19 0 19 0 19 0 19 0 19 0 19 0 33 0 19 0 19 0 19 0 33 0 33 0 21 947 19 948 33 0 33 0 33 0 19 949 33 950 19 951 33 952 19 953 33 954 19 955 33 956 19 0 19 957 33 958 19 0 19 0 19 959 33 960 19 0 19 0 19 0 19 0 19 0 19 0 21 961 19 962 19 0 19 0 19 0 19 0 19 0 19 0 19 0 19 0 19 0 19 0 19 0 19 0 19 0 19 0 33 0 19 0 19 0 19 0 33 0 33 0 21 963 19 964 33 0 33 0 19 965 33 966 19 967 33 968 33 0 19 969 33 970 19 971 33 972 19 0 19 973 33 974 19 0 19 0 19 975 33 976 19 977 33 978 33 0 19 979 33 980 19 0 19 0 17 0 21 981 17 982 17 0 17 0 17 0 17 0 21 983 17 984 17 0 19 0 21 985 19 986 21 987 19 988 19 0 21 989 19 990 19 0 21 991 19 992 17 0 21 993 17 994 21 995 17 996 17 0 21 997 17 998 17 0 17 0 17 0 17 0 17 0 16 999 17 1000 17 0 17 0 17 0 17 0 16 1001 17 1002 16 0 16 1003 17 1004 16 1005 17 1006 17 0 17 0 17 0 17 0 17 0 17 0 17 0 17 0 17 0 17 0 17 0 16 1007 17 1008 17 0 17 0 16 1009 17 1010 16 1011 17 1012 16 0 16 1013 17 1014 16 1015 17 1016 21 1017 17 1018 21 1019 17 1020 17 0 17 0 17 0 17 0 19 0 21 1021 19 1022 19 0 17 0 21 1023 17 1024 21 1025 17 1026 17 0 17 0 21 1027 17 1028 17 0 17 0 17 0 17 0 17 0 17 0 17 0 17 0 16 1029 17 1030 16 1031 17 1032 16 1033 17 1034 17 0 17 0 17 0 17 0 17 0 17 0 17 0 17 0 16 1035 17 1036 17 0 17 0 16 1037 17 1038 17 0 16 1039 17 1040 16 1041 17 1042 19 0 19 0 19 0 19 0 19 1043 33 1044 19 1045 33 1046 19 0 19 0 19 0 33 0 19 1047 33 1048 19 1049 33 1050 33 0 19 1051 33 1052 29 1053 6 1054 29 1055 6 1056 29 1057 6 1058 29 1059 6 1060 29 1061 6 1062 29 1063 6 1064 29 1065 6 1066 29 1067 6 1068 29 1069 6 1070 11 1071 29 1072 29 1073 6 1074 11 1075 29 1076 11 1077 29 1078 11 1079 29 1080 11 1081 29 1082 11 1083 10 1084 11 1085 29 1086 11 1087 29 1088 11 1089 29 1090 11 1091 29 1092 11 1093 29 1094 11 1095 29 1096 11 1097 29 1098 11 1099 29 1100 11 1101 29 1102 29 1103 6 1104 29 1105 6 1106 29 1107 6 1108 29 1109 6 1110 29 1111 6 1112 29 1113 6 1114 29 0 29 1115 6 1116 11 1117 29 1118 10 1119 6 1120 11 1121 29 1122 29 1123 6 1124 29 1125 6 1126 29 1127 6 1128 29 1129 6 1130 29 1131 6 1132 29 1133 6 1134 29 1135 6 1136 29 1137 6 1138 29 1139 6 1140 6 0 6 0 29 1141 6 1142 10 1143 6 1144 10 1145 6 1146 29 1147 6 1148 11 1149 29 1150 10 1151 6 1152 29 1153 6 1154 29 1155 6 1156 29 1157 6 1158 29 1159 6 1160 29 1161 6 1162 29 1163 6 1164 6 0 29 1165 6 1166 29 1167 6 1168 29 1169 6 1170 29 1171 6 1172 29 1173 6 1174 29 1175 6 1176 29 1177 6 1178 29 1179 6 1180 29 1181 6 1182 29 1183 6 1184 29 1185 6 1186 29 1187 6 1188 29 1189 6 1190 29 1191 6 1192 29 1193 6 1194 29 1195 6 1196 29 1197 6 1198 33 1199 6 1200 33 1201 6 1202 33 1203 6 1204 33 1205 6 1206 33 1207 10 1208 6 1209 10 1210 6 1211 10 1212 6 1213 10 1214 6 1215 10 1216 6 1217 10 1218 6 1219 10 1220 6 1221 10 1222 6 1223 10 1224 6 1225 6 0 33 1226 6 1227 33 1228 6 1229 33 1230 6 1231 33 1232 6 1233 33 1234 6 1235 33 1236 6 1237 33 1238 6 1239 33 1240 6 1241 33 1242 10 1243 11 1244 29 1245 11 1246 29 1247 29 1248 6 1249 11 1250 29 1251 11 1252 29 1253 11 1254 29 1255 11 1256 29 1257 11 1258 29 1259 11 1260 29 1261 11 1262 29 1263 10 1264 6 1265 29 1266 6 1267 29 1268 6 1269 29 1270 6 1271 29 1272 6 1273 29 1274 6 1275 29 1276 6 1277 29 1278 6 1279 29 1280 6 1281 29 1282 6 1283 29 1284 6 1285 29 1286 6 1287 29 0 29 1288 6 1289 29 1290 6 1291 29 1292 6 1293 29 1294 6 1295 11 1296 29 1297 10 1298 6 1299 29 1300 6 1301 29 1302 6 1303 29 1304 6 1305 6 0 10 1306 6 1307 29 1308 6 1309 10 1310 6 1311 11 1312 29 1313 10 1314 6 1315 29 1316 6 1317 29 1318 6 1319 29 1320 6 1321 29 1322 6 1323 29 1324 6 1325 29 1326 6 1327 29 1328 6 1329 29 1330 6 1331 29 1332 6 1333 29 1334 6 1335 29 1336 6 1337 29 1338 6 1339 29 1340 6 1341 29 1342 6 1343 29 1344 6 1345 29 1346 6 1347 29 1348 6 1349 29 1350 6 1351 29 1352 6 1353 29 1354 6 1355 33 1356 6 1357 33 1358 6 1359 33 1360 6 1361 33 1362 6 1363 33 1364 6 1365 10 1366 6 1367 10 1368 6 1369 10 1370 6 1371 33 1372 6 1373 33 1374 6 1375 10 1376 6 1377 10 1378 6 1379 10 1380 6 1381 33 1382 6 1383 33 1384 6 1385 33 1386 6 1387 33 1388 6 1389 33 1390 6 1391 33 1392 6 1393 33 1394 6 1395 33 1396 6 1397 11 1398 10 1399 11 1400 10 1401 11 1402 10 1403 11 1404 10 1405 11 1406 10 1407 11 1408 10 1409 11 1410 10 1411 11 1412 10 1413 11 1414 10 1415 11 1416 10 1417 11 1418 10 1419 11 1420 10 1421 11 1422 10 1423 11 1424 10 1425 11 1426 10 1427 11 0 11 1428 10 1429 11 1430 29 1431 10 1432 6 1433 11 1434 10 1435 11 1436 10 1437 11 1438 10 1439 11 1440 10 1441 11 1442 10 1443 11 1444 10 1445 11 1446 10 1447 11 1448 10 1449 11 1450 10 1451 10 0 10 0 11 1452 10 1453 10 1454 6 1455 10 1456 6 1457 11 1458 10 1459 11 1460 29 1461 10 1462 6 1463 11 1464 10 1465 11 1466 10 1467 11 1468 10 1469 11 1470 10 1471 11 1472 10 1473 10 0 11 1474 10 1475 11 1476 10 1477 11 1478 10 1479 11 1480 10 1481 11 1482 10 1483 11 1484 10 1485 11 1486 10 1487 11 1488 10 1489 11 1490 10 1491 11 1492 10 1493 11 1494 10 1495 11 1496 10 1497 11 1498 10 1499 11 1500 10 1501 11 1502 10 1503 11 1504 10 1505 11 1506 10 1507 11 1508 10 1509 33 1510 10 1511 33 1512 10 1513 33 1514 10 1515 33 1516 10 1517 33 1518 10 1519 10 1520 6 1521 10 1522 6 1523 10 1524 6 1525 10 1526 6 1527 10 1528 6 1529 10 1530 6 1531 10 1532 6 1533 10 1534 6 1535 10 0 33 1536 10 1537 33 1538 10 1539 33 1540 10 1541 33 1542 10 1543 33 1544 10 1545 33 1546 10 1547 33 1548 10 1549 33 1550 10 1551 33 1552 10 1553 11 1554 29 1555 11 1556 29 1557 11 1558 29 1559 11 1560 10 1561 11 1562 29 1563 11 1564 29 1565 11 1566 29 1567 11 1568 29 1569 11 1570 29 1571 11 1572 29 1573 10 1574 6 1575 11 1576 10 1577 11 1578 10 1579 11 1580 10 1581 11 1582 10 1583 11 1584 10 1585 11 1586 10 1587 11 1588 10 1589 11 1590 10 1591 11 1592 10 1593 11 1594 10 1595 11 1596 10 1597 11 0 11 1598 10 1599 11 1600 10 1601 11 1602 10 1603 11 1604 10 1605 11 1606 10 1607 11 1608 10 1609 11 1610 29 1611 10 1612 6 1613 11 1614 10 1615 10 0 10 1616 6 1617 11 1618 10 1619 10 1620 6 1621 11 1622 29 1623 10 1624 6 1625 11 1626 10 1627 11 1628 10 1629 11 1630 10 1631 11 1632 10 1633 11 1634 10 1635 11 1636 10 1637 11 1638 10 1639 11 1640 10 1641 11 1642 10 1643 11 1644 10 1645 11 1646 10 1647 11 1648 10 1649 11 1650 10 1651 11 1652 10 1653 11 1654 10 1655 11 1656 10 1657 11 1658 10 1659 11 1660 10 1661 11 1662 10 1663 11 1664 10 1665 33 1666 10 1667 33 1668 10 1669 33 1670 10 1671 33 1672 10 1673 33 1674 10 1675 10 1676 6 1677 10 1678 6 1679 10 1680 6 1681 33 1682 10 1683 10 1684 6 1685 33 1686 10 1687 10 1688 6 1689 10 1690 6 1691 33 1692 10 1693 33 1694 10 1695 33 1696 10 1697 33 1698 10 1699 33 1700 10 1701 33 1702 10 1703 33 1704 10 1705 33 1706 10 1707 34 1708 0 1709 34 1710 0 1711 13 1712 0 1713 34 1714 0 1715 34 1716 0 1717 34 1718 0 1719 34 1720 0 1721 34 1722 0 1723 34 1724 0 1725 34 1726 0 1727 34 1728 0 1729 13 1730 0 1731 13 1732 0 1733 13 1734 0 1735 13 1736 0 1737 13 1738 0 1739 13 1740 0 1741 13 1742 0 1743 13 1744 0 1745 1 1746 13 1747 37 1748 1 1749 37 1750 1 1751 13 1752 0 1753 13 1754 0 1755 13 1756 0 1757 13 1758 0 1759 1 1760 13 1761 37 1762 1 1763 37 1764 1 1765 37 1766 1 1767 1 1768 13 1769 13 1770 0 1771 13 1772 0 1773 13 1774 0 1775 13 1776 0 1777 13 1778 0 1779 13 1780 0 1781 13 1782 0 1783 13 1784 0 1785 13 1786 0 1787 13 1788 0 1789 13 1790 0 1791 13 1792 0 1793 37 1794 1 1795 37 1796 1 1797 1 1798 13 1799 37 0 37 1800 1 1801 1 1802 13 1803 37 1804 1 1805 1 1806 13 1807 37 1808 1 1809 1 1810 13 1811 37 1812 1 1813 1 1814 13 1815 1 1816 13 1817 37 1818 1 1819 37 1820 1 1821 1 1822 13 1823 37 1824 1 1825 37 1826 1 1827 37 1828 1 1829 1 1830 13 1831 13 1832 0 1833 37 0 36 1834 18 1835 36 1836 18 1837 36 1838 18 1839 8 1840 18 1841 36 1842 18 1843 36 1844 18 1845 36 1846 18 1847 36 1848 18 1849 36 1850 18 1851 36 1852 18 1853 36 1854 18 1855 36 1856 18 1857 8 1858 18 1859 8 1860 18 1861 8 1862 18 1863 8 1864 18 1865 8 1866 18 1867 8 1868 18 1869 8 1870 18 1871 8 1872 18 1873 8 1874 18 1875 8 1876 18 1877 8 1878 18 1879 8 1880 18 1881 8 1882 18 1883 22 1884 3 1885 22 1886 3 1887 22 1888 3 1889 22 1890 3 1891 8 1892 18 1893 8 1894 18 1895 8 1896 18 1897 8 1898 18 1899 22 1900 3 1901 22 1902 3 1903 8 1904 22 1905 3 1906 22 1907 3 1908 22 1909 3 1910 22 1911 3 1912 8 1913 18 1914 8 1915 18 1916 8 1917 18 1918 8 1919 18 1920 8 1921 18 1922 8 1923 18 1924 8 1925 18 1926 8 1927 18 1928 8 1929 18 1930 8 1931 18 1932 8 1933 18 1934 8 1935 18 1936 22 1937 3 1938 22 1939 3 1940 8 1941 22 1942 3 1943 22 1944 3 1945 22 1946 3 1947 22 1948 3 1949 22 1950 3 1951 3 1952 8 1953 22 1954 3 1955 22 1956 3 1957 8 1958 22 1959 3 1960 22 1961 3 1962 22 1963 3 1964 22 1965 3 1966 3 1967 8 1968 22 1969 3 1970 3 1971 8 1972 22 1973 3 1974 22 1975 3 1976 8 1977 22 1978 3 1979 3 1980 8 1981 22 1982 3 1983 8 1984 18 1985 31 1986 33 1987 31 1988 33 1989 31 1990 33 1991 31 1992 33 1993 31 1994 33 1995 31 1996 33 1997 31 1998 33 1999 31 2000 33 2001 31 2002 33 2003 31 2004 24 2005 31 2006 24 2007 31 2008 24 2009 31 2010 24 2011 31 2012 24 2013 31 2014 24 2015 31 2016 24 2017 31 2018 24 2019 31 2020 24 2021 31 2022 24 2023 31 2024 24 2025 31 2026 24 2027 31 2028 33 2029 31 2030 33 2031 31 2032 33 2033 31 2034 33 2035 31 2036 33 2037 31 2038 33 2039 31 2040 33 2041 31 2042 33 2043 31 2044 33 2045 31 2046 33 2047 31 2048 33 2049 34 2050 33 2051 34 2052 33 2053 34 2054 33 2055 34 2056 33 2057 34 2058 33 2059 31 2060 33 2061 34 2062 33 2063 34 2064 33 2065 9 2066 5 2067 9 2068 5 2069 9 2070 5 2071 9 2072 5 2073 9 2074 5 2075 9 2076 5 2077 9 2078 5 2079 9 2080 5 2081 9 2082 5 2083 9 2084 5 2085 9 2086 5 2087 9 2088 5 2089 9 2090 5 2091 9 0 9 0 5 2092 25 2093 5 2094 25 2095 5 2096 25 2097 5 2098 25 2099 5 2100 25 2101 5 2102 25 2103 5 2104 25 2105 5 2106 25 2107 5 2108 25 2109 5 2110 25 2111 5 2112 25 2113 5 2114 25 2115 5 2116 25 2117 5 2118 25 2119 5 2120 25 2121 5 2122 25 2123 5 2124 25 2125 5 2126 25 2127 5 2128 25 2129 5 2130 25 2131 5 2132 25 2133 5 2134 25 2135 5 2136 25 2137 5 2138 25 2139 5 2140 25 2141 5 2142 25 2143 5 2144 25 2145 5 2146 25 2147 5 2148 25 2149 5 2150 25 2151 5 2152 25 2153 5 2154 25 2155 5 2156 25 2157 9 2158 5 2159 9 2160 5 2161 9 2162 5 2163 9 2164 5 2165 9 2166 5 2167 9 2168 5 2169 9 0 9 0 9 2170 5 2171 9 2172 5 2173 24 2174 25 2175 24 2176 25 2177 24 2178 25 2179 24 2180 25 2181 24 2182 25 2183 24 2184 25 2185 31 2186 24 2187 31 2188 24 2189 31 2190 24 2191 31 2192 24 2193 31 2194 24 2195 19 2196 33 2197 19 0 19 2198 33 2199 19 2200 33 2201 19 2202 33 2203 19 2204 33 2205 19 2206 33 2207 19 2208 33 2209 19 2210 33 2211 19 2212 33 2213 19 2214 33 2215 19 2216 33 2217 33 0 12 2218 31 2219 31 2220 24 2221 31 0 12 2222 31 2223 12 2224 31 2225 12 2226 31 2227 12 2228 31 2229 12 2230 31 2231 12 2232 31 2233 12 2234 31 2235 12 2236 31 2237 12 2238 31 2239 12 2240 31 2241 12 2242 31 2243 31 2244 33 2245 31 2246 33 2247 31 2248 33 2249 31 2250 33 2251 31 2252 33 2253 31 2254 33 2255 31 2256 33 2257 31 2258 33 2259 31 2260 33 2261 31 2262 33 2263 31 2264 33 2265 31 2266 33 2267 31 2268 33 2269 31 2270 33 2271 31 2272 33 2273 31 2274 33 2275 31 2276 33 2277 31 2278 33 2279 31 2280 33 2281 31 2282 33 2283 31 2284 33 2285 31 2286 33 2287 31 2288 33 2289 31 2290 33 2291 31 2292 33 2293 31 2294 33 2295 31 2296 33 2297 31 2298 33 2299 31 0 31 2300 33 2301 31 2302 33 2303 31 2304 33 2305 31 2306 33 2307 31 2308 33 2309 31 2310 33 2311 31 2312 33 2313 31 2314 33 2315 31 2316 33 2317 31 2318 33 2319 36 2320 33 2321 36 2322 33 2323 36 2324 33 2325 36 2326 33 2327 36 2328 33 2329 31 2330 33 2331 36 2332 33 2333 36 2334 33 2335 20 2336 30 2337 20 2338 30 2339 20 2340 30 2341 20 2342 30 2343 20 2344 30 2345 20 2346 30 2347 20 2348 30 2349 20 2350 30 2351 20 2352 30 2353 20 2354 30 2355 20 2356 30 2357 20 2358 30 2359 30 2360 28 2361 30 2362 28 2363 30 2364 28 2365 30 2366 28 2367 30 2368 28 2369 30 2370 28 2371 30 2372 28 2373 30 2374 28 2375 30 2376 28 2377 30 2378 28 2379 30 2380 28 2381 30 2382 28 2383 30 2384 28 2385 30 2386 28 2387 30 2388 28 2389 30 2390 28 2391 30 2392 28 2393 30 2394 28 2395 30 2396 28 2397 30 2398 28 2399 30 2400 28 2401 30 2402 28 2403 30 2404 28 2405 30 2406 28 2407 30 2408 28 2409 30 2410 28 2411 30 2412 28 2413 30 2414 28 2415 30 2416 28 2417 30 2418 28 2419 30 2420 28 2421 30 2422 28 2423 30 2424 28 2425 30 2426 28 2427 30 2428 28 2429 30 2430 28 2431 30 2432 28 2433 20 2434 30 2435 20 2436 30 2437 20 2438 30 2439 20 2440 30 2441 20 2442 30 2443 20 2444 30 2445 20 0 20 0 20 2446 30 2447 20 2448 30 2449 30 2450 28 2451 30 2452 28 2453 30 2454 28 2455 30 2456 28 2457 30 2458 28 2459 30 2460 28 2461 30 2462 28 2463 28 2464 12 2465 28 2466 12 2467 28 2468 12 2469 28 2470 12 2471 28 2472 12 2473 28 2474 12 2475 12 2476 31 2477 31 0 12 2478 31 2479 12 2480 31 2481 12 2482 31 2483 12 2484 31 2485 19 2486 33 2487 19 2488 33 2489 19 2490 33 2491 19 2492 33 2493 19 2494 33 2495 19 2496 33 2497 19 2498 33 2499 31 2500 33 2501 31 2502 33 2503 31 2504 33 2505 31 2506 33 2507 31 2508 33 2509 31 2510 33 2511 31 2512 33 2513 31 2514 33 2515 31 2516 33 2517 31 2518 33 2519 31 2520 33 2521 31 2522 33 2523 19 2524 33 2525 19 2526 33 2527 19 2528 33 2529 19 2530 33 2531 19 2532 33 2533 19 2534 33 2535 17 0 16 2536 17 2537 15 2538 14 2539 15 2540 14 2541 15 2542 14 2543 15 2544 14 2545 15 2546 14 2547 15 2548 14 2549 15 2550 14 2551 15 2552 14 2553 15 2554 14 2555 15 2556 14 2557 34 2558 33 2559 34 2560 33 2561 34 2562 33 2563 34 2564 33 2565 34 2566 33 2567 34 2568 33 2569 34 2570 33 2571 34 2572 33 2573 34 2574 33 2575 34 2576 33 2577 34 2578 0 2579 34 2580 0 2581 34 2582 0 2583 34 2584 0 2585 34 2586 0 2587 34 2588 0 2589 34 2590 0 2591 34 2592 0 2593 34 2594 0 2595 34 2596 0 2597 13 2598 0 2599 13 2600 0 2601 13 2602 0 2603 13 2604 0 2605 13 2606 0 2607 36 2608 33 2609 36 2610 33 2611 36 2612 33 2613 36 2614 33 2615 36 2616 33 2617 36 2618 33 2619 36 2620 33 2621 36 2622 33 2623 36 2624 33 2625 36 2626 33 2627 36 2628 18 2629 36 2630 18 2631 36 2632 18 2633 36 2634 18 2635 36 2636 18 2637 36 2638 18 2639 36 2640 18 2641 36 2642 18 2643 36 2644 18 2645 36 2646 18 2647 8 2648 18 2649 26 2650 23 2651 26 2652 23 2653 26 2654 23 2655 26 2656 23 2657 26 2658 23 2659 35 2660 26 2661 35 2662 26 2663 35 2664 26 2665 35 2666 26 2667 35 2668 26 2669 36 2670 18 2671 36 2672 18 2673 36 2674 18 2675 36 2676 18 2677 36 2678 18 2679 36 2680 18 2681 36 2682 18 2683 36 2684 18 2685 36 2686 18 2687 36 2688 18 2689 36 2690 18 2691 36 2692 18 2693 36 2694 18 2695 36 2696 33 2697 36 2698 33 2699 36 2700 33 2701 36 2702 33 2703 36 2704 33 2705 36 2706 33 2707 36 2708 33 2709 36 2710 33 2711 36 2712 33 2713 36 2714 33 2715 36 2716 33 2717 36 2718 33 2719 36 2720 33 2721 36 2722 33 2723 36 2724 33 2725 36 2726 33 2727 36 2728 33 2729 36 2730 33 2731 36 2732 33 2733 36 2734 33 2735 36 2736 33 2737 36 2738 33 2739 36 2740 33 2741 36 2742 33 2743 36 2744 33 2745 36 2746 33 2747 36 2748 33 2749 36 2750 33 2751 36 2752 33 2753 36 2754 33 2755 36 2756 33 2757 36 2758 33 2759 36 2760 33 2761 36 2762 33 2763 36 2764 33 2765 36 2766 33 2767 36 2768 33 2769 36 2770 33 2771 36 2772 33 2773 36 2774 33 2775 36 2776 33 2777 36 2778 33 2779 36 2780 33 2781 36 2782 33 2783 36 2784 33 2785 36 2786 33 2787 36 2788 33 2789 36 2790 33 2791 36 2792 33 2793 36 2794 33 2795 36 2796 33 2797 36 2798 33 2799 36 2800 33 2801 36 2802 33 2803 36 2804 18 2805 36 2806 18 2807 4 0 4 0 4 0 36 2808 18 2809 36 2810 18 2811 36 2812 33 2813 36 2814 33 2815 36 2816 33 2817 36 2818 33 2819 36 2820 33 2821 36 2822 33 2823 34 2824 0 2825 34 2826 0 2827 34 2828 0 2829 34 2830 0 2831 34 2832 0 2833 34 2834 0 2835 34 2836 0 2837 34 2838 0 2839 34 2840 0 2841 34 2842 0 2843 34 2844 0 2845 34 2846 0 2847 34 2848 0 2849 34 2850 33 2851 34 2852 33 2853 34 2854 33 2855 34 2856 33 2857 34 2858 33 2859 34 2860 33 2861 34 2862 33 2863 34 2864 33 2865 34 2866 33 2867 34 2868 33 2869 34 2870 33 2871 34 2872 33 2873 34 2874 33 2875 34 2876 33 2877 34 2878 33 2879 34 2880 33 2881 34 2882 33 2883 34 2884 33 2885 34 2886 33 2887 34 2888 33 2889 34 2890 33 2891 34 2892 33 2893 34 2894 33 2895 34 2896 33 2897 34 2898 33 2899 34 2900 33 2901 34 2902 33 2903 34 2904 33 2905 34 2906 33 2907 34 2908 33 2909 34 2910 33 2911 34 2912 33 2913 34 2914 33 2915 34 2916 33 2917 34 2918 33 2919 34 2920 33 2921 34 2922 33 2923 34 2924 33 2925 34 2926 33 2927 34 2928 33 2929 34 2930 33 2931 34 2932 33 2933 34 2934 33 2935 34 2936 33 2937 34 2938 33 2939 34 2940 33 2941 34 2942 33 2943 34 2944 33 2945 34 2946 33 2947 34 2948 33 2949 34 2950 33 2951 34 2952 33 2953 34 2954 33 2955 34 2956 33 2957 34 2958 0 2959 34 2960 0 2961 34 2962 0 2963 34 2964 0 2965 34 2966 33 2967 34 2968 33 2969 34 2970 33 2971 34 2972 33 2973 34 2974 33 2975 34 2976 33 2977 31 2978 33 2979 31 2980 33 2981 31 2982 33 2983 31 2984 33 2985 31 2986 33 2987 31 2988 33 2989 31 2990 33 2991 31 2992 33 2993 31 2994 33 2995 31 2996 33 2997 31 2998 33 2999 31 3000 33 3001 31 3002 33 3003 31 3004 33 3005 31 3006 33 3007 31 3008 33 3009 31 3010 33 3011 31 3012 33 3013 31 3014 33 3015 31 3016 33 3017 31 3018 33 3019 31 3020 33 3021 31 3022 33 3023 31 3024 33 3025 31 3026 33 3027 31 3028 33 3029 31 3030 33 3031 31 3032 33 3033 31 3034 33 3035 31 3036 33 3037 31 3038 33 3039 31 3040 33 3041 31 3042 33 3043 31 3044 33 3045 31 3046 33 3047 31 3048 33 3049 31 3050 33 3051 31 3052 33 3053 31 3054 33 3055 31 3056 33 3057 31 3058 33 3059 31 3060 33 3061 31 3062 33 3063 31 3064 33 3065 31 3066 33 3067 31 3068 33 3069 31 3070 33 3071 31 3072 33 3073 31 3074 33 3075 31 3076 33 3077 31 3078 33 3079 31 3080 33 3081 31 3082 33 3083 31 3084 33 3085 31 3086 33 3087 31 3088 33 3089 31 3090 33 3091 31 3092 33 3093 31 3094 33 3095 31 3096 33 3097 31 3098 33 3099 31 3100 33 3101 31 3102 33 3103 31 3104 33 3105 31 3106 33 3107 31 3108 33 3109 31 3110 33 3111 31 3112 33 3113 31 3114 33 3115 31 3116 33 3117 31 3118 33 3119 31 3120 33 3121 31 3122 33 3123 31 3124 33 3125 31 3126 33 3127 31 3128 33 3129 31 3130 33 3131 31 3132 33 3133 31 3134 33 3135 31 3136 33 3137 31 3138 33 3139 31 3140 33 3141 31 3142 33 3143 31 3144 33 3145 33 0 31 3146 33 3147 33 0 31 3148 33 3149 31 3150 33 3151 31 3152 33 3153 31 3154 33 3155 31 3156 33 3157 31 3158 33 3159 31 3160 33 3161 31 3162 33 3163 31 3164 33 3165 31 3166 33 3167 31 3168 33 3169 31 3170 33 3171 31 3172 33 3173 31 3174 33 3175 31 3176 33 3177 31 3178 33 3179 31 3180 33 3181 31 3182 33 3183 31 3184 33 3185 31 3186 33 3187 31 3188 33 3189 31 3190 33 3191 31 3192 33 3193 31 3194 33 3195 36 3196 33 3197 36 3198 33 3199 31 3200 33 3201 31 3202 33 3203 31 3204 33 3205 31 3206 33 3207 31 3208 33 3209 31 3210 33 3211 31 3212 33 3213 31 3214 33 3215 31 3216 33 3217 31 3218 33 3219 31 3220 33 3221 31 3222 33 3223 31 3224 33 3225 31 3226 33 3227 31 3228 33 3229 31 3230 33 3231 31 3232 33 3233 31 3234 33 3235 31 3236 33 3237 31 3238 33 3239 31 3240 33 3241 31 3242 33 3243 31 3244 33 3245 31 3246 33 3247 31 3248 33 3249 31 3250 33 3251 31 3252 33 3253 31 3254 33 3255 31 3256 33 3257 31 3258 33 3259 33 0 23 3260 15 3261 23 3262 15 3263 23 3264 15 3265 23 3266 15 3267 23 3268 15 3269 23 3270 15 3271 23 3272 15 3273 23 3274 15 3275 4 3276 8 3277 4 3278 8 3279 4 3280 8 3281 23 3282 15 3283 23 3284 15 3285 23 3286 15 3287 23 3288 15 3289 23 3290 15 3291 26 3292 23 3293 26 3294 23 3295 26 3296 23 3297 26 3298 23 3299 26 3300 23 3301 32 3302 27 3303 32 3304 27 3305 32 3306 27 3307 32 3308 27 3309 32 3310 27 3311 23 3312 15 3313 23 3314 15 3315 23 3316 15 3317 23 3318 15 3319 23 3320 15 3321 32 3322 35 3323 32 3324 35 3325 32 3326 35 3327 32 3328 35 3329 32 3330 35 3331 35 3332 26 3333 35 3334 26 3335 35 3336 26 3337 35 3338 26 3339 35 3340 26 3341 32 3342 27 3343 32 3344 27 3345 32 3346 27 3347 32 3348 27 3349 32 3350 27 3351 35 3352 26 3353 35 3354 26 3355 35 3356 26 3357 35 3358 26 3359 35 3360 26 3361 23 3362 15 3363 23 3364 15 3365 23 3366 15 3367 23 3368 15 3369 23 3370 15 3371 23 3372 15 3373 23 3374 15 3375 23 3376 15 3377 23 3378 15 3379 23 3380 15 3381 23 3382 15 3383 23 3384 15 3385 23 3386 15 3387 23 3388 15 3389 23 3390 15 3391 26 3392 23 3393 26 3394 23 3395 26 3396 23 3397 26 3398 23 3399 26 3400 23 3401 26 3402 23 3403 26 3404 23 3405 26 3406 23 3407 26 3408 23 3409 26 3410 23 3411 32 3412 35 3413 32 3414 35 3415 32 3416 35 3417 32 3418 35 3419 32 3420 35 3421 32 3422 35 3423 32 3424 35 3425 32 3426 35 3427 32 3428 35 3429 32 3430 35 3431 35 3432 26 3433 35 3434 26 3435 35 3436 26 3437 35 3438 26 3439 35 3440 26 3441 35 3442 26 3443 35 3444 26 3445 35 3446 26 3447 35 3448 26 3449 35 3450 26 3451 32 3452 27 3453 32 3454 27 3455 32 3456 27 3457 32 3458 27 3459 32 3460 27 3461 32 3462 27 3463 32 3464 27 3465 32 3466 27 3467 32 3468 27 3469 32 3470 27 3471 31 3472 33 3473 31 3474 33 3475 31 3476 33 3477 31 3478 33 3479 31 3480 33 3481 31 3482 33 3483 31 3484 33 3485 31 3486 33 3487 31 3488 33 3489 31 3490 33 3491 31 3492 33 3493 31 3494 33 3495 31 3496 33 3497 31 3498 33 3499 31 3500 33 3501 31 3502 33 3503 31 3504 33 3505 31 3506 33 3507 31 3508 33 3509 31 3510 33 3511 31 3512 33 3513 31 3514 33 3515 31 3516 33 3517 31 3518 33 3519 31 3520 33 3521 31 3522 33 3523 31 3524 33 3525 31 3526 33 3527 31 3528 33 3529 31 3530 33 3531 31 3532 33 3533 31 3534 33 3535 31 3536 33 3537 31 3538 33 3539 31 3540 33 3541 31 3542 33 3543 31 3544 33 3545 31 3546 33 3547 31 3548 33 3549 31 3550 33 3551 31 3552 33 3553 31 3554 33 3555 31 3556 33 3557 31 3558 33 3559 31 3560 33 3561 31 3562 33 3563 31 3564 33 3565 31 3566 33 3567 31 3568 33 3569 31 3570 33 3571 31 3572 33 3573 31 3574 33 3575 31 3576 33 3577 31 3578 33 3579 31 3580 33 3581 31 3582 33 3583 31 3584 33 3585 31 3586 33 3587 31 3588 33 3589 31 3590 33 3591 31 3592 33 3593 31 3594 33 3595 31 3596 33 3597 31 3598 33 3599 31 3600 33 3601 31 3602 33 3603 31 3604 33 3605 31 3606 33 3607 31 3608 33 3609 31 3610 33 3611 31 3612 33 3613 31 3614 33 3615 31 3616 33 3617 31 3618 33 3619 31 3620 33 3621 31 3622 33 3623 31 3624 33 3625 31 3626 33 3627 31 3628 33 3629 31 3630 33 3631 31 3632 33 3633 31 3634 33 3635 31 3636 33 3637 31 3638 33 3639 31 3640 33 3641 31 3642 33 3643 19 3644 33 3645 19 3646 33 3647 19 3648 33 3649 19 3650 33 3651 19 3652 33 3653 33 0 19 3654 33 3655 19 0 19 3656 33 3657 19 3658 33 3659 19 3660 33 3661 19 3662 33 3663 19 3664 33 3665 19 3666 33 3667 19 3668 33 3669 19 3670 33 3671 19 0 19 0 19 3672 33 3673 21 3674 19 3675 21 3676 19 3677 21 3678 17 3679 21 3680 17 3681 21 3682 17 3683 21 3684 17 3685 21 3686 17 3687 21 3688 17 3689 21 3690 17 3691 21 3692 17 3693 21 3694 17 3695 21 3696 17 3697 21 3698 17 3699 21 3700 17 3701 21 3702 17 3703 21 3704 17 3705 21 3706 19 3707 21 3708 17 3709 21 3710 19 3711 19 0 21 3712 19 3713 19 3714 33 3715 21 3716 19 3717 21 3718 19 3719 21 3720 19 3721 21 3722 17 3723 21 3724 17 3725 21 3726 17 3727 21 3728 17 3729 21 3730 17 3731 21 3732 17 3733 21 3734 17 3735 21 3736 17 3737 21 3738 17 3739 21 3740 17 3741 21 3742 17 3743 21 3744 17 3745 21 3746 19 3747 21 3748 17 3749 21 3750 17 3751 21 3752 17 3753 21 3754 17 3755 21 3756 19 3757 19 3758 33 3759 19 3760 33 3761 19 3762 33 3763 19 3764 33 3765 19 3766 33 3767 19 3768 33 3769 16 3770 17 3771 16 3772 17 3773 16 3774 17 3775 16 3776 17 3777 16 3778 17 3779 16 3780 17 3781 16 3782 17 3783 16 3784 17 3785 16 3786 17 3787 16 3788 17 3789 16 3790 17 3791 16 0 16 3792 17 3793 16 3794 17 3795 16 3796 17 3797 16 3798 17 3799 16 3800 17 3801 16 3802 17 3803 16 3804 17 3805 16 3806 17 3807 16 3808 17 3809 16 3810 17 3811 16 3812 17 3813 16 0 16 3814 17 3815 21 3816 19 3817 21 3818 19 3819 21 3820 17 3821 21 3822 17 3823 21 3824 17 3825 21 3826 17 3827 21 3828 17 3829 21 3830 17 3831 21 3832 17 3833 21 3834 17 3835 21 3836 17 3837 21 3838 19 3839 21 3840 17 3841 21 3842 17 3843 21 3844 19 3845 21 3846 19 3847 19 0 21 3848 17 3849 21 3850 17 3851 21 3852 17 3853 21 3854 17 3855 21 3856 17 3857 21 3858 17 3859 21 3860 17 3861 21 3862 17 3863 21 3864 17 3865 21 3866 17 3867 21 3868 19 3869 21 3870 19 3871 21 3872 17 3873 21 3874 17 3875 21 3876 17 3877 21 3878 17 3879 21 3880 19 3881 19 3882 33 3883 19 3884 33 3885 19 3886 33 3887 19 3888 33 3889 19 3890 33 3891 21 3892 19 3893 19 3894 33 3895 21 3896 19 3897 19 3898 33 3899 16 3900 17 3901 16 3902 17 3903 16 3904 17 3905 16 3906 17 3907 16 3908 17 3909 16 3910 17 3911 16 3912 17 3913 16 3914 17 3915 16 3916 17 3917 16 3918 17 3919 16 3920 17 3921 16 3922 17 3923 16 3924 17 3925 16 3926 17 3927 16 3928 17 3929 16 3930 17 3931 19 3932 33 3933 19 3934 33 3935 19 3936 33 3937 19 0 19 3938 33 3939 19 3940 33 3941 19 3942 33 3943 19 3944 33 3945 19 3946 33 3947 19 3948 33 3949 19 3950 33 3951 19 3952 33 3953 19 3954 33 3955 19 3956 33 3957 19 3958 33 3959 19 3960 33 3961 19 3962 33 3963 19 3964 33 3965 19 3966 33 3967 19 3968 33 3969 19 3970 33 3971 19 3972 33 3973 19 3974 33 3975 19 0 19 3976 33 3977 19 3978 33 3979 19 3980 33 3981 19 3982 33 3983 19 3984 33 3985 19 3986 33 3987 19 0 19 3988 33 3989 19 3990 33 3991 19 3992 33 3993 19 3994 33 3995 19 3996 33 3997 19 3998 33 3999 19 4000 33 4001 19 4002 33 4003 19 4004 33 4005 19 4006 33 4007 19 4008 33 4009 19 4010 33 4011 19 4012 33 4013 19 4014 33 4015 22 4016 3 4017 8 4018 22 4019 3 4020 8 4021 22 4022 3 4023 8 4024 22 4025 3 4026 8 4027 22 4028 3 4029 8 4030 11 4031 29 4032 10 4033 6 4034 11 4035 29 4036 11 4037 29 4038 10 4039 6 4040</v>
        </vertex_weights>
      </skin>
      <extra>
        <technique profile="FCOLLADA">
          <user_properties>SkinController</user_properties>
        </technique>
      </extra>
    </controller>
  </library_controllers>
  <library_visual_scenes>
    <visual_scene id="VisualSceneNode" name="rdmscene">
      <node id="VisualSceneNode1" name="chr057" sid="chr057" type="JOINT">
        <matrix>1 0 0 0 0 1 0 0 0 0 1 0 0 0 0 1</matrix>
        <node id="VisualSceneNode2" name="GRP_joint" sid="GRP_joint" type="JOINT">
          <matrix>0.21654 0 0 0 0 0.21654 0 0 0 0 0.21654 0 0 0 0 1</matrix>
          <node id="VisualSceneNode3" name="J_root" sid="J_root" type="JOINT">
            <matrix>1 0 0 0 0 1 0 0 0 0 1 0 0 0 0 1</matrix>
            <node id="VisualSceneNode4" name="J_center" sid="J_center" type="JOINT">
              <matrix>1 0 0 0 0 1 0 4.83018 0 0 1 0 0 0 0 1</matrix>
              <node id="VisualSceneNode5" name="J_joint11" sid="J_joint11" type="JOINT">
                <matrix>1 0 0 0 0 1 0 0.5975 0 0 1 -0.015234 0 0 0 1</matrix>
                <node id="VisualSceneNode6" name="J_joint22" sid="J_joint22" type="JOINT">
                  <matrix>1 0 0 0.525747 0 1 0 0.65603 0 0 1 0.015731 0 0 0 1</matrix>
                  <node id="VisualSceneNode7" name="J_joint23" sid="J_joint23" type="JOINT">
                    <matrix>1 0 0 1.01384 0 1 0 -0.00115 0 0 1 -0.031645 0 0 0 1</matrix>
                    <node id="VisualSceneNode8" name="J_joint24" sid="J_joint24" type="JOINT">
                      <matrix>1 0 0 0.925888 0 1 0 0.000617 0 0 1 0.031334 0 0 0 1</matrix>
                      <node id="VisualSceneNode9" name="J_joint25" sid="J_joint25" type="JOINT">
                        <matrix>1 0 0 0.58407 0 1 0 0 0 0 1 0 0 0 0 1</matrix>
                        <node id="VisualSceneNode10" name="J_joint26" sid="J_joint26" type="JOINT">
                          <matrix>1 0 0 0.150285 0 1 0 -0.211172 0 0 1 0 0 0 0 1</matrix>
                        </node>
                      </node>
                      <node id="VisualSceneNode11" name="J_joint27" sid="J_joint27" type="JOINT">
                        <matrix>1 0 0 0.453133 0 1 0 -0.069555 0 0 1 0.113582 0 0 0 1</matrix>
                        <node id="VisualSceneNode12" name="J_joint28" sid="J_joint28" type="JOINT">
                          <matrix>1 0 0 0.001736 0 1 0 0.002297 0 0 1 0.665012 0 0 0 1</matrix>
                          <node id="VisualSceneNode13" name="J_joint29" sid="J_joint29" type="JOINT">
                            <matrix>1 0 0 0 0 1 0 0 0 0 1 0.778748 0 0 0 1</matrix>
                            <node id="VisualSceneNode14" name="J_joint30" sid="J_joint30" type="JOINT">
                              <matrix>1 0 0 0 0 1 0 0 0 0 1 0.778751 0 0 0 1</matrix>
                              <node id="VisualSceneNode15" name="J_joint31" sid="J_joint31" type="JOINT">
                                <matrix>1 0 0 0 0 1 0 0 0 0 1 0.778752 0 0 0 1</matrix>
                                <node id="VisualSceneNode16" name="J_joint32" sid="J_joint32" type="JOINT">
                                  <matrix>1 0 0 0 0 1 0 0 0 0 1 0.778747 0 0 0 1</matrix>
                                  <node id="VisualSceneNode17" name="J_joint33" sid="J_joint33" type="JOINT">
                                    <matrix>1 0 0 0 0 1 0 0.000001 0 0 1 0.778781 0 0 0 1</matrix>
                                  </node>
                                </node>
                              </node>
                            </node>
                          </node>
                        </node>
                      </node>
                    </node>
                  </node>
                </node>
                <node id="VisualSceneNode18" name="J_joint38" sid="J_joint38" type="JOINT">
                  <matrix>1 0 0 -0.525747 0 1 0 0.65603 0 0 1 0.015731 0 0 0 1</matrix>
                  <node id="VisualSceneNode19" name="J_joint39" sid="J_joint39" type="JOINT">
                    <matrix>1 0 0 -1.01384 0 1 0 -0.00115 0 0 1 -0.031645 0 0 0 1</matrix>
                    <node id="VisualSceneNode20" name="J_joint40" sid="J_joint40" type="JOINT">
                      <matrix>1 0 0 -0.925888 0 1 0 0.000617 0 0 1 0.031334 0 0 0 1</matrix>
                      <node id="VisualSceneNode21" name="J_joint41" sid="J_joint41" type="JOINT">
                        <matrix>1 0 0 -0.58407 0 1 0 0 0 0 1 0 0 0 0 1</matrix>
                        <node id="VisualSceneNode22" name="J_joint42" sid="J_joint42" type="JOINT">
                          <matrix>1 0 0 -0.142906 0 1 0 -0.22413 0 0 1 0 0 0 0 1</matrix>
                        </node>
                      </node>
                      <node id="VisualSceneNode23" name="J_joint43" sid="J_joint43" type="JOINT">
                        <matrix>1 0 0 -0.45487 0 1 0 -0.067258 0 0 1 0.097158 0 0 0 1</matrix>
                      </node>
                    </node>
                  </node>
                </node>
                <node id="VisualSceneNode24" name="J_joint35" sid="J_joint35" type="JOINT">
                  <matrix>1 0 0 0.38938 0 1 0 0.812389 0 0 1 -0.466686 0 0 0 1</matrix>
                  <node id="VisualSceneNode25" name="J_joint36" sid="J_joint36" type="JOINT">
                    <matrix>1 0 0 0.685967 0 1 0 -2.31964 0 0 1 -0.11993 0 0 0 1</matrix>
                  </node>
                </node>
                <node id="VisualSceneNode26" name="J_joint45" sid="J_joint45" type="JOINT">
                  <matrix>1 0 0 -0.38938 0 1 0 0.812385 0 0 1 -0.466686 0 0 0 1</matrix>
                  <node id="VisualSceneNode27" name="J_joint46" sid="J_joint46" type="JOINT">
                    <matrix>1 0 0 -0.685967 0 1 0 -2.31963 0 0 1 -0.119931 0 0 0 1</matrix>
                  </node>
                </node>
                <node id="VisualSceneNode28" name="J_joint12" sid="J_joint12" type="JOINT">
                  <matrix>1 0 0 0 0 1 0 1.09778 0 0 1 0.015731 0 0 0 1</matrix>
                  <node id="VisualSceneNode29" name="J_joint13" sid="J_joint13" type="JOINT">
                    <matrix>1 0 0 0 0 1 0 0.05711 0 0 1 -0.363298 0 0 0 1</matrix>
                    <node id="VisualSceneNode30" name="J_joint14" sid="J_joint14" type="JOINT">
                      <matrix>1 0 0 0 0 1 0 -0.492087 0 0 1 -0.554792 0 0 0 1</matrix>
                      <node id="VisualSceneNode31" name="J_joint15" sid="J_joint15" type="JOINT">
                        <matrix>1 0 0 0 0 1 0 -1.49629 0 0 1 -0.099492 0 0 0 1</matrix>
                      </node>
                    </node>
                  </node>
                </node>
              </node>
              <node id="VisualSceneNode32" name="J_joint17" sid="J_joint17" type="JOINT">
                <matrix>1 0 0 0.292424 0 1 0 -0.450237 0 0 1 0 0 0 0 1</matrix>
                <node id="VisualSceneNode33" name="J_joint18" sid="J_joint18" type="JOINT">
                  <matrix>1 0 0 0 0 1 0 -1.71218 0 0 1 0.053363 0 0 0 1</matrix>
                  <node id="VisualSceneNode34" name="J_joint19" sid="J_joint19" type="JOINT">
                    <matrix>1 0 0 0 0 1 0 -1.70455 0 0 1 -0.048541 0 0 0 1</matrix>
                    <node id="VisualSceneNode35" name="J_joint20" sid="J_joint20" type="JOINT">
                      <matrix>1 0 0 0 0 1 0 -0.683001 0 0 1 0.331763 0 0 0 1</matrix>
                    </node>
                  </node>
                </node>
              </node>
              <node id="VisualSceneNode36" name="CharacterCenterTarget" sid="CharacterCenterTarget" type="JOINT">
                <matrix>13.6186 0 0 0 0 13.6186 0 -0.463745 0 0 13.6186 0.161279 0 0 0 1</matrix>
              </node>
              <node id="VisualSceneNode37" name="J_joint48" sid="J_joint48" type="JOINT">
                <matrix>1 0 0 -0.292424 0 1 0 -0.450243 0 0 1 0 0 0 0 1</matrix>
                <node id="VisualSceneNode38" name="J_joint49" sid="J_joint49" type="JOINT">
                  <matrix>1 0 0 0 0 1 0 -1.71216 0 0 1 0.053363 0 0 0 1</matrix>
                  <node id="VisualSceneNode39" name="J_joint50" sid="J_joint50" type="JOINT">
                    <matrix>1 0 0 0 0 1 0 -1.70456 0 0 1 -0.048541 0 0 0 1</matrix>
                    <node id="VisualSceneNode40" name="J_joint51" sid="J_joint51" type="JOINT">
                      <matrix>1 0 0 0 0 1 0 -0.683 0 0 1 0.331762 0 0 0 1</matrix>
                    </node>
                  </node>
                </node>
              </node>
            </node>
          </node>
        </node>
      </node>
      <node id="VisualSceneNode41" name="chr057" type="NODE">
        <matrix>1 0 0 0 0 1 0 0 0 0 1 0 0 0 0 1</matrix>
        <instance_controller url="#Controller">
          <skeleton>#VisualSceneNode1</skeleton>
          <bind_material>
            <technique_common>
              <instance_material symbol="VisualMaterial0" target="#VisualMaterial"/>
            </technique_common>
          </bind_material>
        </instance_controller>
      </node>
    </visual_scene>
  </library_visual_scenes>
  <scene>
    <instance_visual_scene url="#VisualSceneNode"/>
  </scene>
</COLLADA>
